Código (SKU),Data da Posição de Estoque,Quantidade em Estoque,Valor ao Custo (R$),Valor a Preço de Venda (R$),Localização / CD
SKU_1061_EGR,2025-10-01,60,6939.2,24594.0,principal
SKU_1062_OLI,2025-10-01,166,9467.22,33183.4,principal
SKU_1062_MID,2025-10-01,130,7414.09,25987.0,principal
SKU_1063_SNO,2025-10-01,111,6506.08,20523.9,principal
SKU_1063_SAP,2025-10-01,60,3516.8,11094.0,principal
SKU_1064_PRI,2025-10-01,100,6768.04,18990.0,principal
SKU_1064_BIR,2025-10-01,140,9475.25,26586.0,principal
SKU_1065_CLE,2025-10-01,141,29934.45,90930.9,principal
SKU_1065_COB,2025-10-01,126,26749.94,81257.4,principal
SKU_1066_IVO,2025-10-01,173,10301.61,31122.7,principal
SKU_1066_WHI,2025-10-01,80,4763.75,14392.0,principal
SKU_1067_EME,2025-10-01,79,6654.82,20927.1,principal
SKU_1067_WHI,2025-10-01,74,6233.63,19602.6,principal
SKU_1068_COR,2025-10-01,75,19733.39,59617.5,principal
SKU_1068_BAL,2025-10-01,0,0.0,0.0,principal
SKU_1069_OLI,2025-10-01,0,0.0,0.0,principal
SKU_1069_CRE,2025-10-01,88,15434.93,46631.2,principal
SKU_1070_LIG,2025-10-01,0,0.0,0.0,principal
SKU_1070_MID,2025-10-01,153,17466.77,52769.7,principal
SKU_1071_BAB,2025-10-01,176,15637.79,47502.4,principal
SKU_1071_SKY,2025-10-01,146,12972.26,39405.4,principal
SKU_1072_PAS,2025-10-01,152,23138.49,69904.8,principal
SKU_1072_CER,2025-10-01,133,20246.18,61166.7,principal
SKU_1073_FRE,2025-10-01,91,9635.71,29110.9,principal
SKU_1073_BLU,2025-10-01,116,12282.88,37108.4,principal
SKU_1074_JAD,2025-10-01,137,9241.07,28071.3,principal
SKU_1074_PRI,2025-10-01,174,11736.84,35652.6,principal
SKU_1075_NAV,2025-10-01,101,9311.01,29279.9,principal
SKU_1075_LIG,2025-10-01,166,15303.24,48123.4,principal
SKU_1076_BLU,2025-10-01,0,0.0,0.0,principal
SKU_1076_POW,2025-10-01,140,9904.31,30086.0,principal
SKU_1077_NAV,2025-10-01,65,4752.03,14943.5,principal
SKU_1077_MAR,2025-10-01,84,6141.09,19311.6,principal
SKU_1078_GAR,2025-10-01,0,0.0,0.0,principal
SKU_1078_BLU,2025-10-01,161,15866.26,49893.9,principal
SKU_1079_BAB,2025-10-01,103,9321.2,28314.7,principal
SKU_1079_JAD,2025-10-01,153,13846.05,42059.7,principal
SKU_1080_TEA,2025-10-01,109,16460.98,51764.1,principal
SKU_1080_MAR,2025-10-01,72,10873.31,34192.8,principal
SKU_1081_EGR,2025-10-01,58,5096.24,16234.2,principal
SKU_1081_PAS,2025-10-01,125,10983.28,34987.5,principal
SKU_1082_PIN,2025-10-01,156,10068.58,32744.4,principal
SKU_1082_LIG,2025-10-01,172,11101.25,36102.8,principal
SKU_1083_OFF,2025-10-01,56,7579.52,25754.4,principal
SKU_1083_BAB,2025-10-01,133,18001.36,61166.7,principal
SKU_1084_DUS,2025-10-01,63,20392.93,62363.7,principal
SKU_1084_PAS,2025-10-01,81,26219.48,80181.9,principal
SKU_1085_COB,2025-10-01,114,18618.18,56988.6,principal
SKU_1085_CRE,2025-10-01,84,13718.66,41991.6,principal
SKU_1086_PRI,2025-10-01,177,15620.38,39807.3,principal
SKU_1086_CRE,2025-10-01,72,6354.05,16192.8,principal
SKU_1087_BIR,2025-10-01,84,12158.91,31491.6,principal
SKU_1087_SNO,2025-10-01,142,20554.34,53235.8,principal
SKU_1088_CER,2025-10-01,130,30594.86,92937.0,principal
SKU_1088_HON,2025-10-01,141,33183.66,100800.9,principal
SKU_1089_GAR,2025-10-01,180,17545.68,60282.0,principal
SKU_1089_EGR,2025-10-01,120,11697.12,40188.0,principal
SKU_1090_PAL,2025-10-01,175,7580.7,23607.5,principal
SKU_1090_WHI,2025-10-01,88,3812.01,11871.2,principal
SKU_1091_OFF,2025-10-01,65,5471.23,20468.5,principal
SKU_1091_MOS,2025-10-01,126,10605.77,39677.4,principal
SKU_1092_TUR,2025-10-01,142,15318.58,46845.8,principal
SKU_1092_MIN,2025-10-01,186,20065.18,61361.4,principal
SKU_1093_GAR,2025-10-01,0,0.0,0.0,principal
SKU_1093_TEA,2025-10-01,83,34459.14,96686.7,principal
SKU_1094_FOR,2025-10-01,80,7143.97,18792.0,principal
SKU_1094_DEE,2025-10-01,179,15984.63,42047.1,principal
SKU_1095_COB,2025-10-01,139,18527.74,56281.1,principal
SKU_1095_MAG,2025-10-01,0,0.0,0.0,principal
SKU_1096_HOT,2025-10-01,139,12807.89,38906.1,principal
SKU_1096_CLE,2025-10-01,53,4883.58,14834.7,principal
SKU_1097_AQU,2025-10-01,0,0.0,0.0,principal
SKU_1097_PAL,2025-10-01,126,8962.62,27077.4,principal
SKU_1098_HON,2025-10-01,0,0.0,0.0,principal
SKU_1098_HUN,2025-10-01,161,18380.07,55528.9,principal
SKU_1099_SAL,2025-10-01,61,4564.04,15243.9,principal
SKU_1099_PRI,2025-10-01,84,6284.91,20991.6,principal
SKU_1100_PEA,2025-10-01,78,3940.29,14422.2,principal
SKU_1100_COB,2025-10-01,0,0.0,0.0,principal
SKU_1101_CLE,2025-10-01,0,0.0,0.0,principal
SKU_1101_DEE,2025-10-01,120,13308.33,49788.0,principal
SKU_1102_FLA,2025-10-01,189,54443.4,183311.1,principal
SKU_1102_OFF,2025-10-01,136,39176.2,131906.4,principal
SKU_1103_EGR,2025-10-01,73,3607.22,9482.7,principal
SKU_1103_LIG,2025-10-01,51,2520.11,6624.9,principal
SKU_1104_POW,2025-10-01,73,4346.92,13132.7,principal
SKU_1104_MEX,2025-10-01,118,7026.53,21228.2,principal
SKU_1105_ARM,2025-10-01,0,0.0,0.0,principal
SKU_1105_SER,2025-10-01,172,11601.93,35242.8,principal
SKU_1106_MYS,2025-10-01,118,29264.97,92028.2,principal
SKU_1106_SNO,2025-10-01,78,19344.64,60832.2,principal
SKU_1107_BAL,2025-10-01,148,48473.12,147245.2,principal
SKU_1107_PAS,2025-10-01,52,17031.1,51734.8,principal
SKU_1108_PRI,2025-10-01,115,9512.44,28738.5,principal
SKU_1108_SNO,2025-10-01,97,8023.54,24240.3,principal
SKU_1109_SAG,2025-10-01,0,0.0,0.0,principal
SKU_1109_CER,2025-10-01,187,11790.36,42991.3,principal
SKU_1110_FLA,2025-10-01,157,9913.86,36094.3,principal
SKU_1110_HUN,2025-10-01,0,0.0,0.0,principal
SKU_1111_CRE,2025-10-01,46,2580.89,9655.4,principal
SKU_1111_BLU,2025-10-01,83,4656.82,17421.7,principal
SKU_1112_MIN,2025-10-01,110,8980.98,30239.0,principal
SKU_1112_EGR,2025-10-01,89,7266.43,24466.1,principal
SKU_1113_VAN,2025-10-01,0,0.0,0.0,principal
SKU_1113_OLI,2025-10-01,0,0.0,0.0,principal
SKU_1114_GAR,2025-10-01,91,12045.39,36390.9,principal
SKU_1114_PRI,2025-10-01,131,17340.06,52386.9,principal
SKU_1115_LIM,2025-10-01,135,9602.81,29011.5,principal
SKU_1115_TEA,2025-10-01,0,0.0,0.0,principal
SKU_1116_MOS,2025-10-01,92,7265.71,22070.8,principal
SKU_1116_SNO,2025-10-01,106,8371.36,25429.4,principal
SKU_1117_MOS,2025-10-01,113,8224.92,24848.7,principal
SKU_1117_MIN,2025-10-01,159,11573.12,34964.1,principal
SKU_1118_FUC,2025-10-01,111,10834.92,32733.9,principal
SKU_1118_DUS,2025-10-01,76,7418.5,22412.4,principal
SKU_1119_PAS,2025-10-01,63,2901.47,8813.7,principal
SKU_1119_LIG,2025-10-01,0,0.0,0.0,principal
SKU_1120_AQU,2025-10-01,76,5797.9,18232.4,principal
SKU_1120_SAL,2025-10-01,141,10756.64,33825.9,principal
SKU_1121_MYS,2025-10-01,126,10365.65,31487.4,principal
SKU_1121_MIN,2025-10-01,158,12998.2,39484.2,principal
SKU_1122_ROY,2025-10-01,93,13079.7,39515.7,principal
SKU_1122_PIS,2025-10-01,178,25034.26,75632.2,principal
SKU_1123_BAB,2025-10-01,72,10245.38,30952.8,principal
SKU_1123_SER,2025-10-01,0,0.0,0.0,principal
SKU_1124_BLU,2025-10-01,172,21510.85,65342.8,principal
SKU_1124_FOR,2025-10-01,137,17133.64,52046.3,principal
SKU_1125_MIN,2025-10-01,151,7948.5,24144.9,principal
SKU_1125_SAP,2025-10-01,86,4526.96,13751.4,principal
SKU_1126_WHI,2025-10-01,145,32871.78,99310.5,principal
SKU_1126_WHI,2025-10-01,145,32871.78,99310.5,principal
SKU_1127_SAL,2025-10-01,158,10397.52,31584.2,principal
SKU_1127_BLU,2025-10-01,68,4474.88,13593.2,principal
SKU_1128_PRI,2025-10-01,141,19026.41,57795.9,principal
SKU_1128_TEA,2025-10-01,0,0.0,0.0,principal
SKU_1129_VAN,2025-10-01,123,15670.43,47342.7,principal
SKU_1129_SAG,2025-10-01,78,9937.35,30022.2,principal
SKU_1130_CRE,2025-10-01,50,3701.48,12495.0,principal
SKU_1130_MEX,2025-10-01,123,9105.63,30737.7,principal
SKU_1131_CLO,2025-10-01,147,39847.97,130080.3,principal
SKU_1131_JAD,2025-10-01,63,17077.7,55748.7,principal
SKU_1132_NAV,2025-10-01,0,0.0,0.0,principal
SKU_1132_CLE,2025-10-01,181,9316.63,31656.9,principal
SKU_1133_MOS,2025-10-01,78,21078.74,70972.2,principal
SKU_1133_PEA,2025-10-01,158,42697.97,143764.2,principal
SKU_1134_DUS,2025-10-01,68,6001.05,15293.2,principal
SKU_1134_PIN,2025-10-01,163,14384.87,36658.7,principal
SKU_1135_ROS,2025-10-01,118,8070.11,21228.2,principal
SKU_1135_MAR,2025-10-01,82,5608.04,14751.8,principal
SKU_1136_SNO,2025-10-01,113,9296.18,28238.7,principal
SKU_1136_FUC,2025-10-01,60,4936.02,14994.0,principal
SKU_1137_DEE,2025-10-01,71,9141.83,28747.9,principal
SKU_1137_PAL,2025-10-01,149,19184.97,60330.1,principal
SKU_1138_PEA,2025-10-01,155,11085.32,34859.5,principal
SKU_1138_HON,2025-10-01,124,8868.26,27887.6,principal
SKU_1139_PRI,2025-10-01,111,10651.22,32178.9,principal
SKU_1139_EGR,2025-10-01,140,13433.97,40586.0,principal
SKU_1140_SNO,2025-10-01,149,8905.58,29785.1,principal
SKU_1140_ROS,2025-10-01,0,0.0,0.0,principal
SKU_1141_SKY,2025-10-01,73,8060.79,26637.7,principal
SKU_1141_CLE,2025-10-01,183,20207.18,66776.7,principal
SKU_1142_MIN,2025-10-01,86,7813.55,29231.4,principal
SKU_1142_PAS,2025-10-01,77,6995.86,26172.3,principal
SKU_1143_IVO,2025-10-01,131,8348.93,25531.9,principal
SKU_1143_SNO,2025-10-01,58,3696.47,11304.2,principal
SKU_1144_SEA,2025-10-01,147,18447.61,48495.3,principal
SKU_1144_BUB,2025-10-01,178,22337.92,58722.2,principal
SKU_1145_MOS,2025-10-01,115,17125.44,51738.5,principal
SKU_1145_LIG,2025-10-01,0,0.0,0.0,principal
SKU_1146_FRE,2025-10-01,61,9436.16,28663.9,principal
SKU_1146_CER,2025-10-01,134,20728.6,62966.6,principal
SKU_1147_COR,2025-10-01,182,21078.68,63681.8,principal
SKU_1147_MEX,2025-10-01,0,0.0,0.0,principal
SKU_1148_TEA,2025-10-01,88,12667.77,38271.2,principal
SKU_1148_SPA,2025-10-01,160,23032.3,69584.0,principal
SKU_1149_IVO,2025-10-01,108,5491.61,17269.2,principal
SKU_1149_OLI,2025-10-01,127,6457.72,20307.3,principal
SKU_1150_SAG,2025-10-01,135,26870.12,85711.5,principal
SKU_1150_VAN,2025-10-01,171,34035.48,108567.9,principal
SKU_1151_CRE,2025-10-01,128,31653.16,103667.2,principal
SKU_1151_JAD,2025-10-01,131,32395.03,106096.9,principal
SKU_1152_CLO,2025-10-01,176,47745.77,178622.4,principal
SKU_1152_WHI,2025-10-01,108,29298.54,109609.2,principal
SKU_1153_PEA,2025-10-01,167,18594.67,62608.3,principal
SKU_1153_MOS,2025-10-01,68,7571.48,25493.2,principal
SKU_1154_VAN,2025-10-01,93,19520.21,49745.7,principal
SKU_1154_PEA,2025-10-01,116,24347.79,62048.4,principal
SKU_1155_ARM,2025-10-01,146,43009.55,113135.4,principal
SKU_1155_BAB,2025-10-01,99,29164.01,76715.1,principal
SKU_1156_FLA,2025-10-01,162,14676.91,46153.8,principal
SKU_1156_EGR,2025-10-01,91,8244.44,25925.9,principal
SKU_1157_DEE,2025-10-01,128,8001.93,24307.2,principal
SKU_1157_PAS,2025-10-01,106,6626.6,20129.4,principal
SKU_1158_AQU,2025-10-01,168,36857.22,115903.2,principal
SKU_1158_MYS,2025-10-01,96,21061.27,66230.4,principal
SKU_1159_PAS,2025-10-01,95,5656.96,17090.5,principal
SKU_1159_PRI,2025-10-01,103,6133.33,18529.7,principal
SKU_1160_DUS,2025-10-01,157,10648.04,32169.3,principal
SKU_1160_LIM,2025-10-01,57,3865.85,11679.3,principal
SKU_1161_MEX,2025-10-01,87,12235.85,36966.3,principal
SKU_1161_DUS,2025-10-01,0,0.0,0.0,principal
SKU_1162_HOT,2025-10-01,169,40838.55,128423.1,principal
SKU_1162_BUB,2025-10-01,163,39388.66,123863.7,principal
SKU_1163_HUN,2025-10-01,140,11517.39,34986.0,principal
SKU_1163_SPA,2025-10-01,141,11599.66,35235.9,principal
SKU_1164_BRI,2025-10-01,166,10552.32,33183.4,principal
SKU_1164_MIN,2025-10-01,81,5149.02,16191.9,principal
SKU_1165_HUN,2025-10-01,0,0.0,0.0,principal
SKU_1165_MAR,2025-10-01,169,18266.91,57443.1,principal
SKU_1166_PIS,2025-10-01,85,16350.45,51416.5,principal
SKU_1166_FRE,2025-10-01,145,27891.94,87710.5,principal
SKU_1167_WHI,2025-10-01,105,24872.21,78214.5,principal
SKU_1167_JAD,2025-10-01,85,20134.65,63316.5,principal
SKU_1168_GAR,2025-10-01,140,35213.77,106386.0,principal
SKU_1168_BLU,2025-10-01,0,0.0,0.0,principal
SKU_1169_BUB,2025-10-01,124,7882.46,24787.6,principal
SKU_1169_MEX,2025-10-01,132,8391.0,26386.8,principal
SKU_1170_GAR,2025-10-01,110,32406.12,98439.0,principal
SKU_1170_OFF,2025-10-01,65,19149.07,58168.5,principal
SKU_1171_MIN,2025-10-01,68,3849.39,12573.2,principal
SKU_1171_EME,2025-10-01,128,7245.92,23667.2,principal
SKU_1172_ARM,2025-10-01,51,5632.31,18354.9,principal
SKU_1172_PIN,2025-10-01,53,5853.19,19074.7,principal
SKU_1173_GAR,2025-10-01,57,4946.98,16809.3,principal
SKU_1173_AQU,2025-10-01,61,5294.13,17988.9,principal
SKU_1174_PEA,2025-10-01,92,6121.52,19310.8,principal
SKU_1174_BLU,2025-10-01,79,5256.53,16582.1,principal
SKU_1175_FUC,2025-10-01,58,5114.23,15654.2,principal
SKU_1175_CLE,2025-10-01,77,6789.58,20782.3,principal
SKU_1176_GAR,2025-10-01,183,22617.33,59456.7,principal
SKU_1176_NAV,2025-10-01,165,20392.67,53608.5,principal
SKU_1177_MIN,2025-10-01,157,12399.09,37664.3,principal
SKU_1177_PEA,2025-10-01,97,7660.58,23270.3,principal
SKU_1178_RAS,2025-10-01,159,16174.78,50864.1,principal
SKU_1178_MID,2025-10-01,118,12003.93,37748.2,principal
SKU_1179_TUR,2025-10-01,123,13294.85,41807.7,principal
SKU_1179_VAN,2025-10-01,157,16969.85,53364.3,principal
SKU_1180_ROY,2025-10-01,147,22440.86,77895.3,principal
SKU_1180_AQU,2025-10-01,92,14044.62,48750.8,principal
SKU_1181_AQU,2025-10-01,169,15170.5,48993.1,principal
SKU_1181_SER,2025-10-01,116,10412.89,33628.4,principal
SKU_1182_BIR,2025-10-01,106,26870.94,89029.4,principal
SKU_1182_PIN,2025-10-01,112,28391.94,94068.8,principal
SKU_1183_POW,2025-10-01,107,23194.14,69539.3,principal
SKU_1183_MOS,2025-10-01,162,35116.36,105283.8,principal
SKU_1184_HOT,2025-10-01,128,15249.11,43507.2,principal
SKU_1184_BAB,2025-10-01,0,0.0,0.0,principal
SKU_1185_BAL,2025-10-01,76,28479.29,75232.4,principal
SKU_1185_MAG,2025-10-01,122,45716.75,120767.8,principal
SKU_1186_FLA,2025-10-01,0,0.0,0.0,principal
SKU_1186_MEX,2025-10-01,151,23606.9,71709.9,principal
SKU_1187_JAD,2025-10-01,79,8103.58,24482.1,principal
SKU_1187_OLI,2025-10-01,108,11078.31,33469.2,principal
SKU_1188_TEA,2025-10-01,57,4526.19,13674.3,principal
SKU_1188_BAB,2025-10-01,63,5002.63,15113.7,principal
SKU_1189_FUC,2025-10-01,0,0.0,0.0,principal
SKU_1189_ROY,2025-10-01,176,13684.33,41342.4,principal
SKU_1190_TEA,2025-10-01,87,14669.37,50451.3,principal
SKU_1190_MAG,2025-10-01,120,20233.62,69588.0,principal
SKU_1191_MIN,2025-10-01,52,2993.03,9614.8,principal
SKU_1191_MYS,2025-10-01,118,6791.87,21818.2,principal
SKU_1192_MAR,2025-10-01,79,5087.08,18557.1,principal
SKU_1192_RAS,2025-10-01,0,0.0,0.0,principal
SKU_1193_CLE,2025-10-01,108,15185.9,48049.2,principal
SKU_1193_ROS,2025-10-01,66,9280.27,29363.4,principal
SKU_1194_FLA,2025-10-01,105,8097.66,23089.5,principal
SKU_1194_SAG,2025-10-01,90,6940.85,19791.0,principal
SKU_1195_HUN,2025-10-01,114,18264.54,53568.6,principal
SKU_1195_SAL,2025-10-01,0,0.0,0.0,principal
SKU_1196_PEA,2025-10-01,0,0.0,0.0,principal
SKU_1196_RAS,2025-10-01,0,0.0,0.0,principal
SKU_1197_ROS,2025-10-01,95,24859.7,75515.5,principal
SKU_1197_COR,2025-10-01,57,14915.82,45309.3,principal
SKU_1198_SEA,2025-10-01,126,13418.77,42197.4,principal
SKU_1198_SAL,2025-10-01,64,6815.88,21433.6,principal
SKU_1199_PAL,2025-10-01,133,7652.83,27916.7,principal
SKU_1199_TEA,2025-10-01,114,6559.57,23928.6,principal
SKU_1200_MID,2025-10-01,176,9375.52,31662.4,principal
SKU_1200_PAS,2025-10-01,134,7138.18,24106.6,principal
SKU_1201_BIR,2025-10-01,0,0.0,0.0,principal
SKU_1201_SAG,2025-10-01,153,23631.83,74189.7,principal
SKU_1202_LIG,2025-10-01,160,47448.82,130384.0,principal
SKU_1202_CLE,2025-10-01,152,45076.38,123864.8,principal
SKU_1203_OFF,2025-10-01,0,0.0,0.0,principal
SKU_1203_FLA,2025-10-01,101,27889.34,76749.9,principal
SKU_1204_AQU,2025-10-01,44,5939.67,15395.6,principal
SKU_1204_MIN,2025-10-01,138,18628.96,48286.2,principal
SKU_1205_RAS,2025-10-01,109,28679.2,86644.1,principal
SKU_1205_COR,2025-10-01,82,21575.18,65181.8,principal
SKU_1206_HUN,2025-10-01,133,18265.14,55181.7,principal
SKU_1206_BLA,2025-10-01,53,7278.59,21989.7,principal
SKU_1207_POW,2025-10-01,113,37939.87,115248.7,principal
SKU_1207_BLA,2025-10-01,67,22495.32,68333.3,principal
SKU_1208_PAS,2025-10-01,84,20587.27,54171.6,principal
SKU_1208_MOS,2025-10-01,84,20587.27,54171.6,principal
SKU_1209_BLA,2025-10-01,117,12628.14,32748.3,principal
SKU_1209_DUS,2025-10-01,94,10145.68,26310.6,principal
SKU_1210_SHO,2025-10-01,112,8977.25,22948.8,principal
SKU_1210_WHI,2025-10-01,146,11702.49,29915.4,principal
SKU_1211_GAR,2025-10-01,169,17797.57,54063.1,principal
SKU_1211_CRE,2025-10-01,179,18850.68,57262.1,principal
SKU_1212_COB,2025-10-01,179,12517.15,39362.1,principal
SKU_1212_SNO,2025-10-01,97,6783.04,21330.3,principal
SKU_1213_MAG,2025-10-01,95,27361.62,83115.5,principal
SKU_1213_POW,2025-10-01,81,23329.38,70866.9,principal
SKU_1214_BLA,2025-10-01,113,10624.55,33888.7,principal
SKU_1214_RAS,2025-10-01,119,11188.68,35688.1,principal
SKU_1215_MAG,2025-10-01,130,8971.46,28587.0,principal
SKU_1215_BRI,2025-10-01,63,4347.71,13853.7,principal
SKU_1216_WHI,2025-10-01,170,25896.83,96883.0,principal
SKU_1216_CRE,2025-10-01,171,26049.16,97452.9,principal
SKU_1217_ROS,2025-10-01,106,27550.28,86909.4,principal
SKU_1217_RAS,2025-10-01,95,24691.29,77890.5,principal
SKU_1218_BLU,2025-10-01,103,26469.22,67454.7,principal
SKU_1218_SNO,2025-10-01,50,12849.14,32745.0,principal
SKU_1219_MAR,2025-10-01,129,19366.15,50942.1,principal
SKU_1219_LIM,2025-10-01,0,0.0,0.0,principal
SKU_1220_TUR,2025-10-01,87,8780.21,26526.3,principal
SKU_1220_HOT,2025-10-01,56,5651.63,17074.4,principal
SKU_1221_SAG,2025-10-01,121,28277.48,88922.9,principal
SKU_1221_PAL,2025-10-01,0,0.0,0.0,principal
SKU_1222_PAS,2025-10-01,101,28092.25,85334.9,principal
SKU_1222_HON,2025-10-01,115,31986.22,97163.5,principal
SKU_1223_TEA,2025-10-01,176,8395.39,25502.4,principal
SKU_1223_BLA,2025-10-01,87,4149.99,12606.3,principal
SKU_1224_OLI,2025-10-01,0,0.0,0.0,principal
SKU_1224_ARM,2025-10-01,61,8276.01,25308.9,principal
SKU_1225_POW,2025-10-01,112,7291.4,24068.8,principal
SKU_1225_IVO,2025-10-01,171,11132.41,36747.9,principal
SKU_1226_PAL,2025-10-01,166,22964.77,80493.4,principal
SKU_1226_LIG,2025-10-01,135,18676.17,65461.5,principal
SKU_1227_CLO,2025-10-01,117,13896.13,46788.3,principal
SKU_1227_PAS,2025-10-01,137,16271.53,54786.3,principal
SKU_1228_WHI,2025-10-01,173,19679.92,50152.7,principal
SKU_1228_SPA,2025-10-01,83,9441.81,24061.7,principal
SKU_1229_SAL,2025-10-01,79,22363.25,67932.1,principal
SKU_1229_CLO,2025-10-01,143,40480.31,122965.7,principal
SKU_1230_ROS,2025-10-01,118,15534.36,47188.2,principal
SKU_1230_NAV,2025-10-01,134,17640.71,53586.6,principal
SKU_1231_LIG,2025-10-01,134,21285.48,64306.6,principal
SKU_1231_BIR,2025-10-01,0,0.0,0.0,principal
SKU_1232_AQU,2025-10-01,54,6343.48,19164.6,principal
SKU_1232_FOR,2025-10-01,0,0.0,0.0,principal
SKU_1233_JAD,2025-10-01,93,7344.68,22310.7,principal
SKU_1233_SEA,2025-10-01,140,11056.51,33586.0,principal
SKU_1234_MOS,2025-10-01,62,4120.94,12703.8,principal
SKU_1234_SAL,2025-10-01,0,0.0,0.0,principal
SKU_1235_HUN,2025-10-01,0,0.0,0.0,principal
SKU_1235_COR,2025-10-01,143,19383.94,67195.7,principal
SKU_1236_DEE,2025-10-01,100,17666.9,56990.0,principal
SKU_1236_LIM,2025-10-01,185,32683.76,105431.5,principal
SKU_1237_BAB,2025-10-01,100,28527.15,99990.0,principal
SKU_1237_GAR,2025-10-01,171,48781.42,170982.9,principal
SKU_1238_SAP,2025-10-01,134,19535.63,61626.6,principal
SKU_1238_TUR,2025-10-01,0,0.0,0.0,principal
SKU_1239_BAB,2025-10-01,56,6601.61,17354.4,principal
SKU_1239_MID,2025-10-01,58,6837.39,17974.2,principal
SKU_1240_PAL,2025-10-01,192,63200.08,191980.8,principal
SKU_1240_MOS,2025-10-01,0,0.0,0.0,principal
SKU_1241_BAL,2025-10-01,66,7819.62,23753.4,principal
SKU_1241_FLA,2025-10-01,69,8175.06,24833.1,principal
SKU_1242_AQU,2025-10-01,167,16723.08,52588.3,principal
SKU_1242_SKY,2025-10-01,167,16723.08,52588.3,principal
SKU_1243_SNO,2025-10-01,87,7052.39,21306.3,principal
SKU_1243_PIN,2025-10-01,178,14429.02,43592.2,principal
SKU_1244_COB,2025-10-01,178,16409.5,51602.2,principal
SKU_1244_GAR,2025-10-01,85,7836.0,24641.5,principal
SKU_1245_COB,2025-10-01,87,5383.61,18261.3,principal
SKU_1245_SNO,2025-10-01,0,0.0,0.0,principal
SKU_1246_PAL,2025-10-01,116,9550.3,34208.4,principal
SKU_1246_COR,2025-10-01,78,6421.75,23002.2,principal
SKU_1247_SAP,2025-10-01,56,2874.23,10074.4,principal
SKU_1247_SKY,2025-10-01,124,6364.36,22307.6,principal
SKU_1248_AQU,2025-10-01,58,3222.32,9854.2,principal
SKU_1248_SAG,2025-10-01,86,4777.93,14611.4,principal
SKU_1249_WHI,2025-10-01,97,9958.99,26180.3,principal
SKU_1249_ARM,2025-10-01,154,15811.17,41564.6,principal
SKU_1250_AQU,2025-10-01,83,7101.4,21571.7,principal
SKU_1250_BAB,2025-10-01,105,8983.7,27289.5,principal
SKU_1251_SHO,2025-10-01,67,20289.68,61633.3,principal
SKU_1251_COB,2025-10-01,0,0.0,0.0,principal
SKU_1252_NAV,2025-10-01,108,7723.97,24289.2,principal
SKU_1252_FLA,2025-10-01,74,5292.35,16642.6,principal
SKU_1253_SEA,2025-10-01,181,21444.71,65141.9,principal
SKU_1253_FRE,2025-10-01,114,13506.62,41028.6,principal
SKU_1254_SEA,2025-10-01,0,0.0,0.0,principal
SKU_1254_BAB,2025-10-01,45,2828.56,8545.5,principal
SKU_1255_VAN,2025-10-01,42,6261.4,20155.8,principal
SKU_1255_SHO,2025-10-01,178,26536.41,85422.2,principal
SKU_1256_SEA,2025-10-01,157,31051.08,102034.3,principal
SKU_1256_MID,2025-10-01,176,34808.85,114382.4,principal
SKU_1257_SPA,2025-10-01,86,5027.39,17621.4,principal
SKU_1257_EME,2025-10-01,85,4968.93,17416.5,principal
SKU_1258_AQU,2025-10-01,93,7316.8,24635.7,principal
SKU_1258_LIG,2025-10-01,0,0.0,0.0,principal
SKU_1259_ARM,2025-10-01,75,9620.13,26992.5,principal
SKU_1259_POW,2025-10-01,0,0.0,0.0,principal
SKU_1260_WHI,2025-10-01,154,17326.06,52344.6,principal
SKU_1260_ROY,2025-10-01,174,19576.2,59142.6,principal
SKU_1261_PAS,2025-10-01,283,46106.67,140056.7,principal
SKU_1261_PAS,2025-10-01,283,46106.67,140056.7,principal
SKU_1262_BLU,2025-10-01,165,15013.66,45358.5,principal
SKU_1262_OFF,2025-10-01,0,0.0,0.0,principal
SKU_1263_COB,2025-10-01,0,0.0,0.0,principal
SKU_1263_SKY,2025-10-01,145,8826.02,26810.5,principal
SKU_1264_EGR,2025-10-01,190,37152.26,116831.0,principal
SKU_1264_BRI,2025-10-01,128,25028.89,78707.2,principal
SKU_1265_CRE,2025-10-01,113,8224.92,24848.7,principal
SKU_1265_JAD,2025-10-01,113,8224.92,24848.7,principal
SKU_1266_MEX,2025-10-01,109,10761.25,32689.1,principal
SKU_1266_SPA,2025-10-01,177,17474.69,53082.3,principal
SKU_1267_SKY,2025-10-01,137,15186.71,45881.3,principal
SKU_1267_SAP,2025-10-01,0,0.0,0.0,principal
SKU_1268_MYS,2025-10-01,85,9052.35,28466.5,principal
SKU_1268_MAR,2025-10-01,105,11182.31,35164.5,principal
SKU_1269_BAB,2025-10-01,111,37999.19,115428.9,principal
SKU_1269_CER,2025-10-01,58,19855.43,60314.2,principal
SKU_1270_CRE,2025-10-01,187,11690.32,35511.3,principal
SKU_1270_TUR,2025-10-01,129,8064.45,24497.1,principal
SKU_1271_OLI,2025-10-01,89,26073.0,79201.1,principal
SKU_1271_FLA,2025-10-01,50,14647.75,44495.0,principal
SKU_1272_PAS,2025-10-01,0,0.0,0.0,principal
SKU_1272_TEA,2025-10-01,109,13706.41,41409.1,principal
SKU_1273_PAS,2025-10-01,130,31620.97,99437.0,principal
SKU_1273_EGR,2025-10-01,0,0.0,0.0,principal
SKU_1274_MEX,2025-10-01,120,10108.58,31788.0,principal
SKU_1274_BAL,2025-10-01,177,14910.16,46887.3,principal
SKU_1275_MIN,2025-10-01,161,9799.92,29768.9,principal
SKU_1275_BIR,2025-10-01,113,6878.21,20893.7,principal
SKU_1276_WHI,2025-10-01,0,0.0,0.0,principal
SKU_1276_LIG,2025-10-01,184,9271.2,32181.6,principal
SKU_1277_MYS,2025-10-01,121,8662.94,32052.9,principal
SKU_1277_BAB,2025-10-01,230,16466.74,60927.0,principal
SKU_1278_BAB,2025-10-01,93,27326.23,95780.7,principal
SKU_1278_MOS,2025-10-01,215,63173.55,221428.5,principal
SKU_1279_FUC,2025-10-01,247,33371.01,112360.3,principal
SKU_1279_IVO,2025-10-01,183,24724.27,83246.7,principal
SKU_1280_LIM,2025-10-01,234,41690.46,116976.6,principal
SKU_1280_PRI,2025-10-01,0,0.0,0.0,principal
SKU_1281_PIS,2025-10-01,93,18734.55,49280.7,principal
SKU_1281_CER,2025-10-01,0,0.0,0.0,principal
SKU_1282_PIN,2025-10-01,174,12376.95,37392.6,principal
SKU_1282_BAL,2025-10-01,91,6473.0,19555.9,principal
SKU_1283_SNO,2025-10-01,280,16908.7,53172.0,principal
SKU_1283_BAB,2025-10-01,177,10688.71,33612.3,principal
SKU_1284_COR,2025-10-01,0,0.0,0.0,principal
SKU_1284_HOT,2025-10-01,212,49544.2,150498.8,principal
SKU_1285_WHI,2025-10-01,158,46017.01,139024.2,principal
SKU_1285_CLO,2025-10-01,251,73102.97,220854.9,principal
SKU_1286_MAR,2025-10-01,79,5820.38,19347.1,principal
SKU_1286_HOT,2025-10-01,187,13777.36,45796.3,principal
SKU_1287_NAV,2025-10-01,136,15231.77,51666.4,principal
SKU_1287_CER,2025-10-01,112,12543.81,42548.8,principal
SKU_1288_SAG,2025-10-01,73,5153.99,17512.7,principal
SKU_1288_BAB,2025-10-01,265,18709.68,63573.5,principal
SKU_1289_AQU,2025-10-01,463,155927.89,476843.7,principal
SKU_1289_AQU,2025-10-01,463,155927.89,476843.7,principal
SKU_1290_BIR,2025-10-01,240,46095.35,121176.0,principal
SKU_1290_PIN,2025-10-01,0,0.0,0.0,principal
SKU_1291_SAL,2025-10-01,68,5370.31,16313.2,principal
SKU_1291_SPA,2025-10-01,136,10740.61,32626.4,principal
SKU_1292_TEA,2025-10-01,238,24413.3,73756.2,principal
SKU_1292_FLA,2025-10-01,190,19489.61,58881.0,principal
SKU_1293_TEA,2025-10-01,202,20275.36,61589.8,principal
SKU_1293_OFF,2025-10-01,87,8732.46,26526.3,principal
SKU_1294_SEA,2025-10-01,67,4433.18,13393.3,principal
SKU_1294_COR,2025-10-01,0,0.0,0.0,principal
SKU_1295_PIS,2025-10-01,257,43562.81,132329.3,principal
SKU_1295_FLA,2025-10-01,0,0.0,0.0,principal
SKU_1296_DEE,2025-10-01,223,40460.92,144927.7,principal
SKU_1296_PEA,2025-10-01,0,0.0,0.0,principal
SKU_1297_WHI,2025-10-01,0,0.0,0.0,principal
SKU_1297_MIN,2025-10-01,227,14724.65,52187.3,principal
SKU_1298_OFF,2025-10-01,0,0.0,0.0,principal
SKU_1298_IVO,2025-10-01,0,0.0,0.0,principal
SKU_1299_BRI,2025-10-01,0,0.0,0.0,principal
SKU_1299_HOT,2025-10-01,90,5877.93,19791.0,principal
SKU_1300_BIR,2025-10-01,0,0.0,0.0,principal
SKU_1300_TEA,2025-10-01,172,70489.79,197782.8,principal
SKU_1301_AQU,2025-10-01,224,40181.36,122057.6,principal
SKU_1301_GAR,2025-10-01,265,47535.99,144398.5,principal
SKU_1302_EME,2025-10-01,133,18384.73,55846.7,principal
SKU_1302_DUS,2025-10-01,181,25019.83,76001.9,principal
SKU_1303_BIR,2025-10-01,136,7423.14,22426.4,principal
SKU_1303_SAP,2025-10-01,170,9278.92,28033.0,principal
SKU_1304_TUR,2025-10-01,236,37141.26,116796.4,principal
SKU_1304_GAR,2025-10-01,253,39816.68,125209.7,principal
SKU_1305_MAR,2025-10-01,158,18199.56,55284.2,principal
SKU_1305_OFF,2025-10-01,120,13822.45,41988.0,principal
SKU_1306_FRE,2025-10-01,130,35548.27,111787.0,principal
SKU_1306_SPA,2025-10-01,85,23243.1,73091.5,principal
SKU_1307_MAG,2025-10-01,187,13611.15,41121.3,principal
SKU_1307_FOR,2025-10-01,282,20525.91,62011.8,principal
SKU_1308_PAS,2025-10-01,161,22376.89,67603.9,principal
SKU_1308_CER,2025-10-01,230,31966.99,96577.0,principal
SKU_1309_OLI,2025-10-01,0,0.0,0.0,principal
SKU_1309_LIG,2025-10-01,209,25106.14,76264.1,principal
SKU_1310_MOS,2025-10-01,137,10878.75,32866.3,principal
SKU_1310_EGR,2025-10-01,229,18184.18,54937.1,principal
SKU_1311_BAB,2025-10-01,231,66912.17,203256.9,principal
SKU_1311_NAV,2025-10-01,268,77629.71,235813.2,principal
SKU_1312_HOT,2025-10-01,251,20761.94,62724.9,principal
SKU_1312_NAV,2025-10-01,0,0.0,0.0,principal
SKU_1313_SPA,2025-10-01,131,40317.75,122471.9,principal
SKU_1313_SHO,2025-10-01,0,0.0,0.0,principal
SKU_1314_BLU,2025-10-01,130,12406.56,37687.0,principal
SKU_1314_SNO,2025-10-01,0,0.0,0.0,principal
SKU_1315_WHI,2025-10-01,214,24430.65,73808.6,principal
SKU_1315_BLA,2025-10-01,170,19407.52,58633.0,principal
SKU_1316_DEN,2025-10-01,80,13560.41,41192.0,principal
SKU_1316_AQU,2025-10-01,85,14407.93,43766.5,principal
SKU_1317_BLU,2025-10-01,0,0.0,0.0,principal
SKU_1317_ROS,2025-10-01,231,15107.02,49641.9,principal
SKU_1318_PAS,2025-10-01,262,19936.6,62853.8,principal
SKU_1318_MYS,2025-10-01,0,0.0,0.0,principal
SKU_1319_MAR,2025-10-01,100,5417.85,18990.0,principal
SKU_1319_ROS,2025-10-01,264,14303.12,50133.6,principal
SKU_1320_PIS,2025-10-01,0,0.0,0.0,principal
SKU_1320_FOR,2025-10-01,184,8191.74,27581.6,principal
SKU_1321_FLA,2025-10-01,169,9112.32,25333.1,principal
SKU_1321_SER,2025-10-01,216,11646.51,32378.4,principal
SKU_1322_MOS,2025-10-01,0,0.0,0.0,principal
SKU_1322_IVO,2025-10-01,165,20706.5,54433.5,principal
SKU_1323_AQU,2025-10-01,179,20035.54,51892.1,principal
SKU_1323_FRE,2025-10-01,148,16565.7,42905.2,principal
SKU_1324_MID,2025-10-01,157,17143.91,51794.3,principal
SKU_1324_SNO,2025-10-01,280,30575.13,92372.0,principal
SKU_1325_LIG,2025-10-01,262,24409.74,78573.8,principal
SKU_1325_PEA,2025-10-01,105,9782.53,31489.5,principal
SKU_1326_PAS,2025-10-01,165,24297.26,83308.5,principal
SKU_1326_BAB,2025-10-01,239,35194.21,120671.1,principal
SKU_1327_GAR,2025-10-01,241,17870.02,62635.9,principal
SKU_1327_HON,2025-10-01,210,15571.39,54579.0,principal
SKU_1328_EGR,2025-10-01,195,15341.68,51655.5,principal
SKU_1328_LIG,2025-10-01,0,0.0,0.0,principal
SKU_1329_NAV,2025-10-01,92,9013.64,25290.8,principal
SKU_1329_MIN,2025-10-01,128,12540.72,35187.2,principal
SKU_1330_PRI,2025-10-01,174,17848.38,53922.6,principal
SKU_1330_LIM,2025-10-01,276,28311.22,85532.4,principal
SKU_1331_ARM,2025-10-01,210,18691.72,58779.0,principal
SKU_1331_AQU,2025-10-01,235,20916.93,65776.5,principal
SKU_1332_MOS,2025-10-01,156,8514.78,25724.4,principal
SKU_1332_MOS,2025-10-01,156,8514.78,25724.4,principal
SKU_1333_PIS,2025-10-01,217,13639.95,41208.3,principal
SKU_1333_MOS,2025-10-01,147,9239.96,27915.3,principal
SKU_1334_TEA,2025-10-01,81,12330.38,37251.9,principal
SKU_1334_ROY,2025-10-01,0,0.0,0.0,principal
SKU_1335_CRE,2025-10-01,115,13080.39,43688.5,principal
SKU_1335_BRI,2025-10-01,0,0.0,0.0,principal
SKU_1336_LIM,2025-10-01,161,15391.0,56333.9,principal
SKU_1336_PIN,2025-10-01,204,19501.64,71379.6,principal
SKU_1337_DUS,2025-10-01,98,5332.77,18120.2,principal
SKU_1337_MAG,2025-10-01,239,13005.44,44191.1,principal
SKU_1338_OLI,2025-10-01,104,6968.24,21309.6,principal
SKU_1338_PAS,2025-10-01,174,11658.4,35652.6,principal
SKU_1339_JAD,2025-10-01,178,19659.81,55162.2,principal
SKU_1339_EME,2025-10-01,203,22421.02,62909.7,principal
SKU_1340_SNO,2025-10-01,0,0.0,0.0,principal
SKU_1340_POW,2025-10-01,253,95355.97,289659.7,principal
SKU_1341_HOT,2025-10-01,225,12871.84,40477.5,principal
SKU_1341_PEA,2025-10-01,97,5549.2,17450.3,principal
SKU_1342_CRE,2025-10-01,197,21919.84,68930.3,principal
SKU_1342_BAB,2025-10-01,86,9569.07,30091.4,principal
SKU_1343_NAV,2025-10-01,92,9589.33,28970.8,principal
SKU_1343_IVO,2025-10-01,200,20846.38,62980.0,principal
SKU_1344_PAS,2025-10-01,206,20628.47,64869.4,principal
SKU_1344_MID,2025-10-01,132,13218.24,41566.8,principal
SKU_1345_ARM,2025-10-01,128,42121.26,153587.2,principal
SKU_1345_FOR,2025-10-01,132,43437.55,158386.8,principal
SKU_1346_HON,2025-10-01,208,16152.97,55099.2,principal
SKU_1346_PEA,2025-10-01,93,7222.24,24635.7,principal
SKU_1347_DUS,2025-10-01,0,0.0,0.0,principal
SKU_1347_LIM,2025-10-01,150,11623.54,43485.0,principal
SKU_1348_NAV,2025-10-01,240,51004.15,155976.0,principal
SKU_1348_PIS,2025-10-01,0,0.0,0.0,principal
SKU_1349_HON,2025-10-01,213,17543.69,44708.7,principal
SKU_1349_SEA,2025-10-01,84,6918.64,17631.6,principal
SKU_1350_SNO,2025-10-01,96,9052.98,27350.4,principal
SKU_1350_BAB,2025-10-01,211,19897.7,60113.9,principal
SKU_1351_SAG,2025-10-01,208,47498.24,143499.2,principal
SKU_1351_HON,2025-10-01,255,58231.01,175924.5,principal
SKU_1352_CER,2025-10-01,233,21586.73,65216.7,principal
SKU_1352_HUN,2025-10-01,155,14360.27,43384.5,principal
SKU_1353_MAG,2025-10-01,241,15148.51,45765.9,principal
SKU_1353_MAR,2025-10-01,286,17977.07,54311.4,principal
SKU_1354_AQU,2025-10-01,273,83122.24,252497.7,principal
SKU_1354_CLE,2025-10-01,161,49020.81,148908.9,principal
SKU_1355_PAS,2025-10-01,252,14509.42,44074.8,principal
SKU_1355_DEE,2025-10-01,130,7485.02,22737.0,principal
SKU_1356_BLU,2025-10-01,139,9833.57,29871.1,principal
SKU_1356_DEN,2025-10-01,0,0.0,0.0,principal
SKU_1357_BRI,2025-10-01,117,25749.58,77793.3,principal
SKU_1357_BLU,2025-10-01,264,58101.62,175533.6,principal
SKU_1358_DUS,2025-10-01,114,7502.01,22788.6,principal
SKU_1358_MAR,2025-10-01,150,9871.06,29985.0,principal
SKU_1359_BLU,2025-10-01,114,15403.47,48438.6,principal
SKU_1359_NAV,2025-10-01,117,15808.83,49713.3,principal
SKU_1360_WHI,2025-10-01,259,27424.71,82854.1,principal
SKU_1360_FRE,2025-10-01,0,0.0,0.0,principal
SKU_1361_MEX,2025-10-01,256,15459.38,48614.4,principal
SKU_1361_BLU,2025-10-01,109,6582.31,20699.1,principal
SKU_1362_POW,2025-10-01,256,77736.5,244454.4,principal
SKU_1362_SEA,2025-10-01,137,41601.17,130821.3,principal
SKU_1363_RAS,2025-10-01,134,40477.14,127286.6,principal
SKU_1363_HUN,2025-10-01,236,71288.1,224176.4,principal
SKU_1364_OFF,2025-10-01,196,28664.65,90140.4,principal
SKU_1364_TEA,2025-10-01,0,0.0,0.0,principal
SKU_1365_BUB,2025-10-01,0,0.0,0.0,principal
SKU_1365_NAV,2025-10-01,0,0.0,0.0,principal
SKU_1366_TEA,2025-10-01,209,28094.89,91939.1,principal
SKU_1366_PAL,2025-10-01,191,25675.23,84020.9,principal
SKU_1367_VAN,2025-10-01,100,5510.94,17990.0,principal
SKU_1367_BLA,2025-10-01,208,11462.76,37419.2,principal
SKU_1368_SNO,2025-10-01,165,35065.8,122908.5,principal
SKU_1368_TUR,2025-10-01,147,31240.44,109500.3,principal
SKU_1369_SNO,2025-10-01,118,5981.22,18868.2,principal
SKU_1369_RAS,2025-10-01,198,10036.28,31660.2,principal
SKU_1370_PRI,2025-10-01,0,0.0,0.0,principal
SKU_1370_MYS,2025-10-01,254,17930.56,45694.6,principal
SKU_1371_WHI,2025-10-01,198,18016.4,54430.2,principal
SKU_1371_HOT,2025-10-01,0,0.0,0.0,principal
SKU_1372_SEA,2025-10-01,113,12713.28,38408.7,principal
SKU_1372_DEN,2025-10-01,155,17438.57,52684.5,principal
SKU_1373_SKY,2025-10-01,91,5688.87,17280.9,principal
SKU_1373_CRE,2025-10-01,192,12002.9,36460.8,principal
SKU_1374_SAL,2025-10-01,0,0.0,0.0,principal
SKU_1374_BLU,2025-10-01,0,0.0,0.0,principal
SKU_1375_COR,2025-10-01,209,18325.52,55364.1,principal
SKU_1375_CLE,2025-10-01,213,18676.24,56423.7,principal
SKU_1376_SNO,2025-10-01,154,12290.61,43874.6,principal
SKU_1376_BIR,2025-10-01,155,12370.42,44159.5,principal
SKU_1377_PRI,2025-10-01,0,0.0,0.0,principal
SKU_1377_CLO,2025-10-01,201,15808.22,52239.9,principal
SKU_1378_SPA,2025-10-01,80,4676.64,16392.0,principal
SKU_1378_MOS,2025-10-01,223,13036.13,45692.7,principal
SKU_1379_SNO,2025-10-01,183,28129.53,88736.7,principal
SKU_1379_WHI,2025-10-01,258,39658.03,125104.2,principal
SKU_1380_TUR,2025-10-01,0,0.0,0.0,principal
SKU_1380_MIN,2025-10-01,231,20839.15,53106.9,principal
SKU_1381_WHI,2025-10-01,153,13921.76,42059.7,principal
SKU_1381_PAS,2025-10-01,115,10464.07,31613.5,principal
SKU_1382_ARM,2025-10-01,217,13104.24,41208.3,principal
SKU_1382_HOT,2025-10-01,126,7608.91,23927.4,principal
SKU_1383_CLE,2025-10-01,186,11075.72,33461.4,principal
SKU_1383_TUR,2025-10-01,249,14827.18,44795.1,principal
SKU_1384_CRE,2025-10-01,175,29951.44,90982.5,principal
SKU_1384_SKY,2025-10-01,270,46210.79,140373.0,principal
SKU_1385_PRI,2025-10-01,258,24756.88,74794.2,principal
SKU_1385_NAV,2025-10-01,68,6525.07,19713.2,principal
SKU_1386_SER,2025-10-01,99,6669.64,21275.1,principal
SKU_1386_COB,2025-10-01,256,17246.73,55014.4,principal
SKU_1387_BRI,2025-10-01,115,5260.41,18388.5,principal
SKU_1387_BAB,2025-10-01,267,12213.29,42693.3,principal
SKU_1388_BRI,2025-10-01,250,25052.69,93725.0,principal
SKU_1388_VAN,2025-10-01,265,26555.85,99348.5,principal
SKU_1389_SHO,2025-10-01,26,1080.31,3637.4,principal
SKU_1389_BAB,2025-10-01,24,997.21,3357.6,principal
SKU_1390_SAP,2025-10-01,21,1894.47,4827.9,principal
SKU_1390_PAS,2025-10-01,0,0.0,0.0,principal
SKU_1391_LIG,2025-10-01,18,1697.43,5128.2,principal
SKU_1391_SEA,2025-10-01,39,3677.77,11111.1,principal
SKU_1392_LIM,2025-10-01,67,6540.0,19758.3,principal
SKU_1392_BLU,2025-10-01,52,5075.82,15334.8,principal
SKU_1393_COB,2025-10-01,46,4533.22,14255.4,principal
SKU_1393_SKY,2025-10-01,48,4730.31,14875.2,principal
SKU_1394_FOR,2025-10-01,70,10459.97,32893.0,principal
SKU_1394_EME,2025-10-01,46,6873.7,21615.4,principal
SKU_1395_BLA,2025-10-01,26,2396.89,7537.4,principal
SKU_1395_TUR,2025-10-01,47,4332.85,13625.3,principal
SKU_1396_FUC,2025-10-01,29,1287.86,3912.1,principal
SKU_1396_PAS,2025-10-01,42,1865.18,5665.8,principal
SKU_1397_SNO,2025-10-01,58,4485.09,13624.2,principal
SKU_1397_BUB,2025-10-01,45,3479.81,10570.5,principal
SKU_1398_AQU,2025-10-01,53,11775.39,35769.7,principal
SKU_1398_SPA,2025-10-01,62,13774.98,41843.8,principal
SKU_1399_PAL,2025-10-01,46,3948.1,12415.4,principal
SKU_1399_CRE,2025-10-01,0,0.0,0.0,principal
SKU_1400_FOR,2025-10-01,32,2211.17,6716.8,principal
SKU_1400_PAL,2025-10-01,54,3731.35,11334.6,principal
SKU_1401_GAR,2025-10-01,52,4129.16,12474.8,principal
SKU_1401_BLU,2025-10-01,34,2699.83,8156.6,principal
SKU_1402_WHI,2025-10-01,23,1718.06,5402.7,principal
SKU_1402_VAN,2025-10-01,36,2689.14,8456.4,principal
SKU_1403_AQU,2025-10-01,0,0.0,0.0,principal
SKU_1403_DUS,2025-10-01,26,3294.44,10007.4,principal
SKU_1404_SAP,2025-10-01,44,14853.82,44875.6,principal
SKU_1404_ARM,2025-10-01,34,11477.95,34676.6,principal
SKU_1405_FLA,2025-10-01,52,3698.86,11174.8,principal
SKU_1405_CLO,2025-10-01,28,1991.69,6017.2,principal
SKU_1406_PRI,2025-10-01,0,0.0,0.0,principal
SKU_1406_SHO,2025-10-01,53,6104.92,18544.7,principal
SKU_1407_OFF,2025-10-01,33,2034.2,7091.7,principal
SKU_1407_EME,2025-10-01,57,3513.62,12249.3,principal
SKU_1408_PAS,2025-10-01,57,16597.34,52434.3,principal
SKU_1408_FUC,2025-10-01,58,16888.53,53354.2,principal
SKU_1409_PEA,2025-10-01,149,9204.26,31275.1,principal
SKU_1409_PEA,2025-10-01,149,9204.26,31275.1,principal
SKU_1410_ROS,2025-10-01,47,15911.86,53575.3,principal
SKU_1410_JAD,2025-10-01,38,12864.91,43316.2,principal
SKU_1411_BLU,2025-10-01,73,5724.85,16417.7,principal
SKU_1411_RAS,2025-10-01,25,1960.57,5622.5,principal
SKU_1412_SHO,2025-10-01,65,20731.25,58168.5,principal
SKU_1412_BAB,2025-10-01,26,8292.5,23267.4,principal
SKU_1413_SAG,2025-10-01,68,4161.73,12573.2,principal
SKU_1413_JAD,2025-10-01,55,3366.1,10169.5,principal
SKU_1414_DUS,2025-10-01,59,6377.2,20054.1,principal
SKU_1414_CLO,2025-10-01,57,6161.03,19374.3,principal
SKU_1415_BAB,2025-10-01,48,5417.19,17035.2,principal
SKU_1415_MID,2025-10-01,43,4852.9,15260.7,principal
SKU_1416_CLE,2025-10-01,46,3959.06,12875.4,principal
SKU_1416_AQU,2025-10-01,56,4819.72,15674.4,principal
SKU_1417_SNO,2025-10-01,37,3307.94,10356.3,principal
SKU_1417_BIR,2025-10-01,43,3844.37,12035.7,principal
SKU_1418_CLE,2025-10-01,47,11985.4,39710.3,principal
SKU_1418_MOS,2025-10-01,18,4590.15,15208.2,principal
SKU_1419_FLA,2025-10-01,59,4917.75,14744.1,principal
SKU_1419_WHI,2025-10-01,27,2250.49,6747.3,principal
SKU_1420_EGR,2025-10-01,49,15928.25,48505.1,principal
SKU_1420_LIM,2025-10-01,51,16578.38,50484.9,principal
SKU_1421_LIG,2025-10-01,33,2871.95,7586.7,principal
SKU_1421_SER,2025-10-01,0,0.0,0.0,principal
SKU_1422_PIN,2025-10-01,73,8757.21,22987.7,principal
SKU_1422_MIN,2025-10-01,57,6837.82,17949.3,principal
SKU_1423_JAD,2025-10-01,72,28440.51,86392.8,principal
SKU_1423_SAG,2025-10-01,67,26465.47,80393.3,principal
SKU_1424_VAN,2025-10-01,64,20961.35,63673.6,principal
SKU_1424_BAB,2025-10-01,48,15721.01,47755.2,principal
SKU_1425_WHI,2025-10-01,0,0.0,0.0,principal
SKU_1425_LIG,2025-10-01,44,2936.92,9235.6,principal
SKU_1426_NAV,2025-10-01,43,1624.11,5585.7,principal
SKU_1426_SEA,2025-10-01,25,944.25,3247.5,principal
SKU_1427_AQU,2025-10-01,56,3484.75,11194.4,principal
SKU_1427_BLA,2025-10-01,0,0.0,0.0,principal
SKU_1428_COB,2025-10-01,0,0.0,0.0,principal
SKU_1428_SKY,2025-10-01,41,5506.17,20085.9,principal
SKU_1429_SPA,2025-10-01,67,4021.19,12723.3,principal
SKU_1429_MAG,2025-10-01,41,2460.73,7785.9,principal
SKU_1430_PEA,2025-10-01,72,4542.64,12952.8,principal
SKU_1430_JAD,2025-10-01,69,4353.37,12413.1,principal
SKU_1431_TEA,2025-10-01,30,3783.59,11097.0,principal
SKU_1431_CRE,2025-10-01,60,7567.18,22194.0,principal
SKU_1432_WHI,2025-10-01,31,8655.6,22316.9,principal
SKU_1432_BRI,2025-10-01,0,0.0,0.0,principal
SKU_1433_OLI,2025-10-01,32,3317.28,10076.8,principal
SKU_1433_SAP,2025-10-01,29,3006.29,9132.1,principal
SKU_1434_ARM,2025-10-01,69,4605.63,14483.1,principal
SKU_1434_MIN,2025-10-01,37,2469.68,7766.3,principal
SKU_1435_SKY,2025-10-01,64,19507.78,64633.6,principal
SKU_1435_OLI,2025-10-01,17,5181.75,17168.3,principal
SKU_1436_BLU,2025-10-01,17,1408.98,4758.3,principal
SKU_1436_PAS,2025-10-01,0,0.0,0.0,principal
SKU_1437_ROY,2025-10-01,0,0.0,0.0,principal
SKU_1437_AQU,2025-10-01,49,2573.77,8080.1,principal
SKU_1438_MOS,2025-10-01,56,4307.44,11474.4,principal
SKU_1438_DEE,2025-10-01,64,4922.79,13113.6,principal
SKU_1439_CER,2025-10-01,42,2570.48,7765.8,principal
SKU_1439_SHO,2025-10-01,52,3182.5,9614.8,principal
SKU_1440_PIS,2025-10-01,25,11573.13,29997.5,principal
SKU_1440_BLU,2025-10-01,38,17591.15,45596.2,principal
SKU_1441_COB,2025-10-01,58,25975.24,66984.2,principal
SKU_1441_IVO,2025-10-01,42,18809.66,48505.8,principal
SKU_1442_OFF,2025-10-01,17,1631.27,4928.3,principal
SKU_1442_EME,2025-10-01,44,4222.1,12755.6,principal
SKU_1443_BLU,2025-10-01,59,5270.88,15924.1,principal
SKU_1443_PRI,2025-10-01,0,0.0,0.0,principal
SKU_1444_HUN,2025-10-01,0,0.0,0.0,principal
SKU_1444_OLI,2025-10-01,0,0.0,0.0,principal
SKU_1445_TEA,2025-10-01,68,10748.24,27873.2,principal
SKU_1445_PRI,2025-10-01,54,8535.37,22134.6,principal
SKU_1446_SHO,2025-10-01,38,4012.08,10256.2,principal
SKU_1446_GAR,2025-10-01,54,5701.38,14574.6,principal
SKU_1447_BLU,2025-10-01,67,5291.33,16073.3,principal
SKU_1447_OLI,2025-10-01,50,3948.75,11995.0,principal
SKU_1448_SKY,2025-10-01,45,2665.04,8095.5,principal
SKU_1448_SEA,2025-10-01,42,2487.37,7555.8,principal
SKU_1449_BLA,2025-10-01,25,2688.55,8122.5,principal
SKU_1449_NAV,2025-10-01,40,4301.68,12996.0,principal
SKU_1450_MAG,2025-10-01,46,6097.89,18855.4,principal
SKU_1450_JAD,2025-10-01,0,0.0,0.0,principal
SKU_1451_WHI,2025-10-01,28,2219.88,6857.2,principal
SKU_1451_BIR,2025-10-01,39,3091.98,9551.1,principal
SKU_1452_SKY,2025-10-01,55,2130.25,7969.5,principal
SKU_1452_DEE,2025-10-01,24,929.56,3477.6,principal
SKU_1453_SAP,2025-10-01,0,0.0,0.0,principal
SKU_1453_PRI,2025-10-01,26,1936.05,6107.4,principal
SKU_1454_BRI,2025-10-01,26,1482.57,3897.4,principal
SKU_1454_BUB,2025-10-01,42,2394.92,6295.8,principal
SKU_1455_TEA,2025-10-01,42,4655.78,14065.8,principal
SKU_1455_ROY,2025-10-01,20,2217.04,6698.0,principal
SKU_1456_EME,2025-10-01,73,7608.93,22987.7,principal
SKU_1456_DEN,2025-10-01,48,5003.13,15115.2,principal
SKU_1457_SNO,2025-10-01,56,2963.91,8954.4,principal
SKU_1457_MAG,2025-10-01,35,1852.44,5596.5,principal
SKU_1458_PEA,2025-10-01,63,7296.46,22043.7,principal
SKU_1458_MIN,2025-10-01,48,5559.21,16795.2,principal
SKU_1459_OFF,2025-10-01,45,3109.46,9445.5,principal
SKU_1459_CRE,2025-10-01,37,2556.67,7766.3,principal
SKU_1460_FUC,2025-10-01,43,2384.06,7520.7,principal
SKU_1460_OLI,2025-10-01,64,3548.37,11193.6,principal
SKU_1461_NAV,2025-10-01,34,11762.01,36376.6,principal
SKU_1461_PRI,2025-10-01,23,7956.65,24607.7,principal
SKU_1462_MID,2025-10-01,68,6632.57,24813.2,principal
SKU_1462_OFF,2025-10-01,43,4194.12,15690.7,principal
SKU_1463_LIG,2025-10-01,61,5184.23,15853.9,principal
SKU_1463_DUS,2025-10-01,15,1274.81,3898.5,principal
SKU_1464_MOS,2025-10-01,30,2623.62,6897.0,principal
SKU_1464_BIR,2025-10-01,41,3585.61,9425.9,principal
SKU_1465_CLE,2025-10-01,47,5626.48,14800.3,principal
SKU_1465_OFF,2025-10-01,47,5626.48,14800.3,principal
SKU_1466_PRI,2025-10-01,20,1777.02,5398.0,principal
SKU_1466_SAP,2025-10-01,55,4886.81,14844.5,principal
SKU_1467_OLI,2025-10-01,74,4821.71,15162.6,principal
SKU_1467_FUC,2025-10-01,53,3453.38,10859.7,principal
SKU_1468_BAB,2025-10-01,0,0.0,0.0,principal
SKU_1468_MYS,2025-10-01,21,3683.33,11127.9,principal
SKU_1469_ARM,2025-10-01,49,4595.13,14450.1,principal
SKU_1469_SAL,2025-10-01,47,4407.58,13860.3,principal
SKU_1470_WHI,2025-10-01,0,0.0,0.0,principal
SKU_1470_MAR,2025-10-01,17,5072.85,15638.3,principal
SKU_1471_ROS,2025-10-01,60,3322.7,12294.0,principal
SKU_1471_LIG,2025-10-01,0,0.0,0.0,principal
SKU_1472_EME,2025-10-01,45,6660.83,21145.5,principal
SKU_1472_MYS,2025-10-01,51,7548.94,23964.9,principal
SKU_1473_BLU,2025-10-01,32,1538.79,5756.8,principal
SKU_1473_BAB,2025-10-01,60,2885.24,10794.0,principal
SKU_1474_BRI,2025-10-01,0,0.0,0.0,principal
SKU_1474_DEN,2025-10-01,37,12823.73,39216.3,principal
SKU_1475_VAN,2025-10-01,54,5133.35,13494.6,principal
SKU_1475_MIN,2025-10-01,33,3137.04,8246.7,principal
SKU_1476_WHI,2025-10-01,58,5248.83,15944.2,principal
SKU_1476_CLO,2025-10-01,22,1990.94,6047.8,principal
SKU_1477_CLE,2025-10-01,30,2233.26,6747.0,principal
SKU_1477_EME,2025-10-01,45,3349.89,10120.5,principal
SKU_1478_TEA,2025-10-01,39,2502.28,7601.1,principal
SKU_1478_COB,2025-10-01,58,3721.34,11304.2,principal
SKU_1479_MIN,2025-10-01,42,7714.22,23305.8,principal
SKU_1479_FUC,2025-10-01,25,4591.8,13872.5,principal
SKU_1480_SNO,2025-10-01,30,3673.11,11097.0,principal
SKU_1480_MEX,2025-10-01,25,3060.92,9247.5,principal
SKU_1481_BLA,2025-10-01,42,10344.54,34015.8,principal
SKU_1481_TEA,2025-10-01,25,6157.47,20247.5,principal
SKU_1482_MOS,2025-10-01,50,6210.36,22245.0,principal
SKU_1482_SHO,2025-10-01,31,3850.42,13791.9,principal
SKU_1483_WHI,2025-10-01,30,2868.54,9747.0,principal
SKU_1483_POW,2025-10-01,36,3442.25,11696.4,principal
SKU_1484_MOS,2025-10-01,24,3278.17,11037.6,principal
SKU_1484_EGR,2025-10-01,61,8332.01,28053.9,principal
SKU_1485_PAS,2025-10-01,66,17219.85,43883.4,principal
SKU_1485_CER,2025-10-01,29,7566.3,19282.1,principal
SKU_1486_OLI,2025-10-01,0,0.0,0.0,principal
SKU_1486_PAL,2025-10-01,65,6237.2,18843.5,principal
SKU_1487_BRI,2025-10-01,0,0.0,0.0,principal
SKU_1487_CLE,2025-10-01,29,3088.45,9712.1,principal
SKU_1488_IVO,2025-10-01,18,1945.59,6118.2,principal
SKU_1488_PEA,2025-10-01,0,0.0,0.0,principal
SKU_1489_TEA,2025-10-01,64,7793.35,23673.6,principal
SKU_1489_IVO,2025-10-01,55,6697.41,20344.5,principal
SKU_1490_EME,2025-10-01,52,5420.06,16374.8,principal
SKU_1490_VAN,2025-10-01,59,6149.68,18579.1,principal
SKU_1491_GAR,2025-10-01,33,1382.92,4451.7,principal
SKU_1491_CER,2025-10-01,61,2556.31,8228.9,principal
SKU_1492_SKY,2025-10-01,54,6355.18,20244.6,principal
SKU_1492_BIR,2025-10-01,22,2589.15,8247.8,principal
SKU_1493_PEA,2025-10-01,23,2028.19,7587.7,principal
SKU_1493_CLO,2025-10-01,77,6790.03,25402.3,principal
SKU_1494_EGR,2025-10-01,70,24073.93,75943.0,principal
SKU_1494_HOT,2025-10-01,18,6190.44,19528.2,principal
SKU_1495_FUC,2025-10-01,0,0.0,0.0,principal
SKU_1495_BLA,2025-10-01,24,2821.83,7917.6,principal
SKU_1496_PAS,2025-10-01,50,18680.45,56745.0,principal
SKU_1496_PEA,2025-10-01,0,0.0,0.0,principal
SKU_1497_FUC,2025-10-01,32,1428.86,4316.8,principal
SKU_1497_VAN,2025-10-01,36,1607.47,4856.4,principal
SKU_1498_OLI,2025-10-01,71,7987.99,24132.9,principal
SKU_1498_LIG,2025-10-01,0,0.0,0.0,principal
SKU_1499_HOT,2025-10-01,28,2314.15,7277.2,principal
SKU_1499_RAS,2025-10-01,50,4132.41,12995.0,principal
SKU_1500_MOS,2025-10-01,55,4705.75,14294.5,principal
SKU_1500_PAS,2025-10-01,60,5133.54,15594.0,principal
SKU_1501_OLI,2025-10-01,34,1912.05,5776.6,principal
SKU_1501_SAL,2025-10-01,21,1180.97,3567.9,principal
SKU_1502_PEA,2025-10-01,22,1520.18,4617.8,principal
SKU_1502_VAN,2025-10-01,46,3178.56,9655.4,principal
SKU_1503_VAN,2025-10-01,30,2270.49,6897.0,principal
SKU_1503_CER,2025-10-01,44,3330.06,10115.6,principal
SKU_1504_EME,2025-10-01,17,1912.62,5778.3,principal
SKU_1504_NAV,2025-10-01,35,3937.74,11896.5,principal
SKU_1505_BLU,2025-10-01,68,5287.13,15973.2,principal
SKU_1505_SNO,2025-10-01,27,2099.3,6342.3,principal
SKU_1506_PAL,2025-10-01,47,3436.09,10805.3,principal
SKU_1506_BRI,2025-10-01,0,0.0,0.0,principal
SKU_1507_PAS,2025-10-01,57,3394.17,10254.3,principal
SKU_1507_FLA,2025-10-01,0,0.0,0.0,principal
SKU_1508_LIM,2025-10-01,69,4767.84,14483.1,principal
SKU_1508_DEE,2025-10-01,33,2280.27,6926.7,principal
SKU_1509_HOT,2025-10-01,37,3917.82,11836.3,principal
SKU_1509_MAG,2025-10-01,0,0.0,0.0,principal
SKU_1510_SNO,2025-10-01,44,11681.92,36735.6,principal
SKU_1510_ROS,2025-10-01,33,8761.44,27551.7,principal
SKU_1511_CLE,2025-10-01,28,8324.35,26177.2,principal
SKU_1511_SKY,2025-10-01,69,20513.58,64508.1,principal
SKU_1512_TEA,2025-10-01,43,3067.45,9670.7,principal
SKU_1512_MYS,2025-10-01,59,4208.83,13269.1,principal
SKU_1513_PAS,2025-10-01,44,2555.57,9455.6,principal
SKU_1513_RAS,2025-10-01,44,2555.57,9455.6,principal
SKU_1514_PEA,2025-10-01,52,12700.46,43154.8,principal
SKU_1514_SPA,2025-10-01,40,9769.58,33196.0,principal
SKU_1515_SEA,2025-10-01,38,2421.83,7406.2,principal
SKU_1515_AQU,2025-10-01,27,1720.77,5262.3,principal
SKU_1516_CRE,2025-10-01,29,3859.96,10147.1,principal
SKU_1516_EME,2025-10-01,26,3460.65,9097.4,principal
SKU_1517_FOR,2025-10-01,32,14596.93,38396.8,principal
SKU_1517_ROS,2025-10-01,44,20070.78,52795.6,principal
SKU_1518_CLE,2025-10-01,66,4930.08,15503.4,principal
SKU_1518_LIM,2025-10-01,54,4033.7,12684.6,principal
SKU_1519_BLU,2025-10-01,49,9815.1,30865.1,principal
SKU_1519_TEA,2025-10-01,59,11818.18,37164.1,principal
SKU_1520_GAR,2025-10-01,63,4664.34,14168.7,principal
SKU_1520_ROY,2025-10-01,48,3553.78,10795.2,principal
SKU_1521_MOS,2025-10-01,24,1449.32,4557.6,principal
SKU_1521_FRE,2025-10-01,0,0.0,0.0,principal
SKU_1522_MOS,2025-10-01,54,2211.77,8094.6,principal
SKU_1522_BIR,2025-10-01,62,2539.44,9293.8,principal
SKU_1523_HOT,2025-10-01,40,4142.05,14996.0,principal
SKU_1523_CRE,2025-10-01,54,5591.76,20244.6,principal
SKU_1524_BLU,2025-10-01,0,0.0,0.0,principal
SKU_1524_DEN,2025-10-01,21,2286.09,7767.9,principal
SKU_1525_MYS,2025-10-01,35,3216.44,10146.5,principal
SKU_1525_OLI,2025-10-01,0,0.0,0.0,principal
SKU_1526_FOR,2025-10-01,26,1574.36,4417.4,principal
SKU_1527_FUC,2025-10-01,50,14976.95,45495.0,principal
SKU_1527_TEA,2025-10-01,59,17672.81,53684.1,principal
SKU_1528_PAS,2025-10-01,63,4481.31,13538.7,principal
SKU_1528_DEN,2025-10-01,76,5406.02,16332.4,principal
SKU_1529_HUN,2025-10-01,55,4434.16,13469.5,principal
SKU_1529_MIN,2025-10-01,62,4998.51,15183.8,principal
SKU_1530_HON,2025-10-01,37,1582.23,4806.3,principal
SKU_1530_PEA,2025-10-01,42,1796.05,5455.8,principal
SKU_1531_TEA,2025-10-01,50,9100.84,27495.0,principal
SKU_1531_SNO,2025-10-01,59,10739.0,32444.1,principal
SKU_1532_BRI,2025-10-01,49,13404.86,48015.1,principal
SKU_1532_EME,2025-10-01,45,12310.58,44095.5,principal
SKU_1533_CER,2025-10-01,63,3128.56,10388.7,principal
SKU_1533_DUS,2025-10-01,76,3774.13,12532.4,principal
SKU_1534_MYS,2025-10-01,61,3588.66,12193.9,principal
SKU_1534_HUN,2025-10-01,20,1176.61,3998.0,principal
SKU_1535_NAV,2025-10-01,32,3092.91,9756.8,principal
SKU_1535_MOS,2025-10-01,49,4736.01,14940.1,principal
SKU_1536_MOS,2025-10-01,47,5777.35,16210.3,principal
SKU_1536_FRE,2025-10-01,33,4056.44,11381.7,principal
SKU_1537_SAP,2025-10-01,59,4977.94,15039.1,principal
SKU_1537_BLA,2025-10-01,23,1940.55,5862.7,principal
SKU_1538_MAG,2025-10-01,51,3543.32,10704.9,principal
SKU_1538_PAS,2025-10-01,0,0.0,0.0,principal
SKU_1539_BLA,2025-10-01,19,2114.1,6648.1,principal
SKU_1539_PEA,2025-10-01,50,5563.41,17495.0,principal
SKU_1540_BAL,2025-10-01,0,0.0,0.0,principal
SKU_1540_MAG,2025-10-01,33,1782.93,5606.7,principal
SKU_1541_AQU,2025-10-01,0,0.0,0.0,principal
SKU_1541_POW,2025-10-01,63,13520.95,42518.7,principal
SKU_1542_DEE,2025-10-01,43,6651.72,20205.7,principal
SKU_1542_PEA,2025-10-01,70,10828.38,32893.0,principal
SKU_1543_BAB,2025-10-01,70,16358.87,51443.0,principal
SKU_1543_FLA,2025-10-01,47,10983.82,34540.3,principal
SKU_1544_OLI,2025-10-01,56,3559.82,11194.4,principal
SKU_1544_PEA,2025-10-01,39,2479.16,7796.1,principal
SKU_1545_TEA,2025-10-01,49,4049.76,12735.1,principal
SKU_1545_HOT,2025-10-01,71,5868.02,18452.9,principal
SKU_1546_PAS,2025-10-01,37,2057.87,6471.3,principal
SKU_1546_IVO,2025-10-01,25,1390.45,4372.5,principal
SKU_1547_IVO,2025-10-01,43,4695.47,14185.7,principal
SKU_1547_FUC,2025-10-01,21,2293.13,6927.9,principal
SKU_1548_HOT,2025-10-01,52,8173.98,24694.8,principal
SKU_1548_CLO,2025-10-01,59,9274.32,28019.1,principal
SKU_1549_BAL,2025-10-01,55,3233.9,10169.5,principal
SKU_1549_PAS,2025-10-01,21,1234.76,3882.9,principal
SKU_1550_PAL,2025-10-01,47,2551.4,7750.3,principal
SKU_1550_IVO,2025-10-01,35,1899.98,5771.5,principal
SKU_1551_DUS,2025-10-01,44,3202.62,9675.6,principal
SKU_1551_ROS,2025-10-01,54,3930.49,11874.6,principal
SKU_1552_CLE,2025-10-01,18,3910.3,11878.2,principal
SKU_1552_SAP,2025-10-01,0,0.0,0.0,principal
SKU_1553_DEN,2025-10-01,43,3440.78,10960.7,principal
SKU_1553_HOT,2025-10-01,43,3440.78,10960.7,principal
SKU_1554_PIS,2025-10-01,60,17888.66,62094.0,principal
SKU_1554_SKY,2025-10-01,46,13714.64,47605.4,principal
SKU_1555_FUC,2025-10-01,29,1571.18,5507.1,principal
SKU_1555_RAS,2025-10-01,21,1137.75,3987.9,principal
SKU_1556_SAL,2025-10-01,20,1217.11,4098.0,principal
SKU_1556_HUN,2025-10-01,68,4138.16,13933.2,principal
SKU_1557_TUR,2025-10-01,60,4314.24,11994.0,principal
SKU_1557_SAG,2025-10-01,43,3091.87,8595.7,principal
SKU_1558_CLE,2025-10-01,27,3388.34,8907.3,principal
SKU_1558_MEX,2025-10-01,0,0.0,0.0,principal
SKU_1559_BLU,2025-10-01,37,17141.41,44396.3,principal
SKU_1559_SKY,2025-10-01,0,0.0,0.0,principal
SKU_1560_PAL,2025-10-01,0,0.0,0.0,principal
SKU_1560_CRE,2025-10-01,22,1628.82,4947.8,principal
SKU_1561_LIM,2025-10-01,46,5157.93,16095.4,principal
SKU_1561_VAN,2025-10-01,44,4933.67,15395.6,principal
SKU_1562_CLO,2025-10-01,41,3955.27,12705.9,principal
SKU_1562_BLU,2025-10-01,0,0.0,0.0,principal
SKU_1563_WHI,2025-10-01,23,921.57,3447.7,principal
SKU_1563_MEX,2025-10-01,23,921.57,3447.7,principal
SKU_1564_BLA,2025-10-01,56,10471.9,33034.4,principal
SKU_1564_NAV,2025-10-01,18,3365.97,10618.2,principal
SKU_1565_LIG,2025-10-01,32,4519.19,11516.8,principal
SKU_1565_BAB,2025-10-01,48,6778.79,17275.2,principal
SKU_1566_PEA,2025-10-01,56,22031.94,57954.4,principal
SKU_1566_POW,2025-10-01,67,26359.65,69338.3,principal
SKU_1567_PRI,2025-10-01,68,15443.83,46913.2,principal
SKU_1567_POW,2025-10-01,78,17714.98,53812.2,principal
SKU_1568_FRE,2025-10-01,64,4780.68,15033.6,principal
SKU_1568_PIN,2025-10-01,50,3734.91,11745.0,principal
SKU_1569_WHI,2025-10-01,55,3846.05,12094.5,principal
SKU_1569_PAS,2025-10-01,18,1258.71,3958.2,principal
SKU_1570_MEX,2025-10-01,41,9320.87,29310.9,principal
SKU_1570_HON,2025-10-01,0,0.0,0.0,principal
SKU_1571_WHI,2025-10-01,36,2611.16,8996.4,principal
SKU_1571_BIR,2025-10-01,50,3626.61,12495.0,principal
SKU_1572_BAL,2025-10-01,27,1101.49,3777.3,principal
SKU_1572_MAR,2025-10-01,0,0.0,0.0,principal
SKU_1573_MIN,2025-10-01,70,21113.96,71743.0,principal
SKU_1573_SAG,2025-10-01,0,0.0,0.0,principal
SKU_1574_GAR,2025-10-01,46,8264.14,27825.4,principal
SKU_1574_COB,2025-10-01,66,11857.25,39923.4,principal
SKU_1575_JAD,2025-10-01,27,8883.21,23352.3,principal
SKU_1575_AQU,2025-10-01,40,13160.32,34596.0,principal
SKU_1576_AQU,2025-10-01,65,5240.37,15918.5,principal
SKU_1576_BLU,2025-10-01,21,1693.04,5142.9,principal
SKU_1577_FLA,2025-10-01,0,0.0,0.0,principal
SKU_1577_HUN,2025-10-01,34,1728.84,5436.6,principal
SKU_1578_PAS,2025-10-01,67,2754.84,8368.3,principal
SKU_1578_TEA,2025-10-01,0,0.0,0.0,principal
SKU_1579_DEN,2025-10-01,63,4768.03,14483.7,principal
SKU_1579_SAG,2025-10-01,62,4692.35,14253.8,principal
SKU_1580_WHI,2025-10-01,38,2294.75,7216.2,principal
SKU_1580_MOS,2025-10-01,50,3019.41,9495.0,principal
SKU_1581_BIR,2025-10-01,70,16411.93,59843.0,principal
SKU_1581_COB,2025-10-01,59,13832.91,50439.1,principal
SKU_1582_WHI,2025-10-01,63,4246.06,14483.7,principal
SKU_1582_PAS,2025-10-01,30,2021.94,6897.0,principal
SKU_1583_WHI,2025-10-01,63,4292.49,16058.7,principal
SKU_1583_BLU,2025-10-01,47,3202.33,11980.3,principal
SKU_1584_AQU,2025-10-01,0,0.0,0.0,principal
SKU_1584_FLA,2025-10-01,27,1632.48,4992.3,principal
SKU_1585_COR,2025-10-01,30,3765.86,9597.0,principal
SKU_1585_BLA,2025-10-01,18,2259.52,5758.2,principal
SKU_1586_JAD,2025-10-01,39,4520.52,11891.1,principal
SKU_1586_EGR,2025-10-01,53,6143.27,16159.7,principal
SKU_1587_DEE,2025-10-01,0,0.0,0.0,principal
SKU_1587_LIG,2025-10-01,50,3655.41,11495.0,principal
SKU_1588_PAS,2025-10-01,39,6075.74,19106.1,principal
SKU_1588_CRE,2025-10-01,48,7477.83,23515.2,principal
SKU_1589_TUR,2025-10-01,36,8101.69,24476.4,principal
SKU_1589_CER,2025-10-01,24,5401.13,16317.6,principal
SKU_1590_MYS,2025-10-01,59,3688.39,11204.1,principal
SKU_1590_HOT,2025-10-01,42,2625.63,7975.8,principal
SKU_1591_HON,2025-10-01,0,0.0,0.0,principal
SKU_1591_MYS,2025-10-01,50,14149.41,44495.0,principal
SKU_1592_CER,2025-10-01,30,2002.45,6297.0,principal
SKU_1592_SAG,2025-10-01,50,3337.41,10495.0,principal
SKU_1593_LIG,2025-10-01,68,3261.41,9853.2,principal
SKU_1593_FUC,2025-10-01,44,2110.32,6375.6,principal
SKU_1594_BAL,2025-10-01,40,6582.68,19996.0,principal
SKU_1594_WHI,2025-10-01,31,5101.58,15496.9,principal
SKU_1595_FLA,2025-10-01,75,7445.02,22492.5,principal
SKU_1595_MYS,2025-10-01,18,1786.8,5398.2,principal
SKU_1596_BIR,2025-10-01,29,2624.42,7972.1,principal
SKU_1596_CER,2025-10-01,31,2805.41,8521.9,principal
SKU_1597_SHO,2025-10-01,43,7245.85,22785.7,principal
SKU_1597_FLA,2025-10-01,57,9604.97,30204.3,principal
SKU_1598_NAV,2025-10-01,53,8256.77,25964.7,principal
SKU_1598_DUS,2025-10-01,21,3271.55,10287.9,principal
SKU_1599_WHI,2025-10-01,30,4640.73,14097.0,principal
SKU_1599_CER,2025-10-01,28,4331.35,13157.2,principal
SKU_1600_LIG,2025-10-01,32,4160.03,12636.8,principal
SKU_1600_SHO,2025-10-01,0,0.0,0.0,principal
SKU_1601_EME,2025-10-01,68,16541.13,49973.2,principal
SKU_1601_AQU,2025-10-01,21,5108.29,15432.9,principal
SKU_1602_AQU,2025-10-01,40,2724.19,9196.0,principal
SKU_1602_PAS,2025-10-01,21,1430.2,4827.9,principal
SKU_1603_BUB,2025-10-01,19,3937.81,14153.1,principal
SKU_1603_PEA,2025-10-01,0,0.0,0.0,principal
SKU_1604_CLE,2025-10-01,70,11318.28,42343.0,principal
SKU_1604_SNO,2025-10-01,31,5012.38,18751.9,principal
SKU_1605_VAN,2025-10-01,0,0.0,0.0,principal
SKU_1605_COR,2025-10-01,30,1959.31,6597.0,principal
SKU_1606_COB,2025-10-01,33,12759.73,35801.7,principal
SKU_1606_SEA,2025-10-01,23,8893.14,24952.7,principal
SKU_1607_GAR,2025-10-01,38,3772.14,11396.2,principal
SKU_1607_MAR,2025-10-01,20,1985.34,5998.0,principal
SKU_1608_WHI,2025-10-01,0,0.0,0.0,principal
SKU_1608_MID,2025-10-01,50,5018.65,15245.0,principal
SKU_1609_LIM,2025-10-01,0,0.0,0.0,principal
SKU_1609_SAP,2025-10-01,20,1716.56,5398.0,principal
SKU_1610_PRI,2025-10-01,48,2921.72,8875.2,principal
SKU_1610_MEX,2025-10-01,47,2860.85,8690.3,principal
SKU_1611_MID,2025-10-01,35,2533.69,7696.5,principal
SKU_1611_BRI,2025-10-01,18,1303.04,3958.2,principal
SKU_1612_PAL,2025-10-01,65,6613.74,21443.5,principal
SKU_1612_SNO,2025-10-01,32,3256.0,10556.8,principal
SKU_1613_BIR,2025-10-01,58,3122.7,11014.2,principal
SKU_1613_AQU,2025-10-01,65,3499.58,12343.5,principal
SKU_1614_VAN,2025-10-01,45,5711.85,20020.5,principal
SKU_1614_IVO,2025-10-01,49,6219.57,21800.1,principal
SKU_1615_MOS,2025-10-01,29,4273.83,13482.1,principal
SKU_1615_SHO,2025-10-01,19,2800.09,8833.1,principal
SKU_1616_SER,2025-10-01,0,0.0,0.0,principal
SKU_1616_COR,2025-10-01,70,27291.04,71743.0,principal
SKU_1617_DEN,2025-10-01,0,0.0,0.0,principal
SKU_1617_MIN,2025-10-01,48,3009.04,7915.2,principal
SKU_1618_SAL,2025-10-01,41,2441.42,7375.9,principal
SKU_1618_SAP,2025-10-01,57,3394.17,10254.3,principal
SKU_1619_IVO,2025-10-01,69,4540.69,13793.1,principal
SKU_1619_PAS,2025-10-01,25,1645.18,4997.5,principal
SKU_1620_SAG,2025-10-01,34,2981.18,9006.6,principal
SKU_1620_BLU,2025-10-01,0,0.0,0.0,principal
SKU_1621_PAS,2025-10-01,78,6064.65,18322.2,principal
SKU_1621_FUC,2025-10-01,0,0.0,0.0,principal
SKU_1622_VAN,2025-10-01,29,2378.72,7827.1,principal
SKU_1622_CLO,2025-10-01,27,2214.67,7287.3,principal
SKU_1623_EGR,2025-10-01,0,0.0,0.0,principal
SKU_1623_SER,2025-10-01,29,7590.05,26532.1,principal
SKU_1624_PRI,2025-10-01,59,3644.64,12384.1,principal
SKU_1624_ARM,2025-10-01,66,4077.06,13853.4,principal
SKU_1625_GAR,2025-10-01,26,1688.79,5327.4,principal
SKU_1625_DUS,2025-10-01,55,3572.43,11269.5,principal
SKU_1626_BAB,2025-10-01,57,11706.54,30774.3,principal
SKU_1626_DEN,2025-10-01,34,6982.85,18356.6,principal
SKU_1627_BAB,2025-10-01,59,6442.62,19464.1,principal
SKU_1627_MOS,2025-10-01,45,4913.86,14845.5,principal
SKU_1628_PEA,2025-10-01,0,0.0,0.0,principal
SKU_1628_POW,2025-10-01,64,11585.73,35193.6,principal
SKU_1629_CLO,2025-10-01,37,2999.15,9431.3,principal
SKU_1629_ARM,2025-10-01,37,2999.15,9431.3,principal
SKU_1630_LIM,2025-10-01,0,0.0,0.0,principal
SKU_1630_SNO,2025-10-01,23,2549.59,7702.7,principal
SKU_1631_BAL,2025-10-01,37,2116.7,6656.3,principal
SKU_1631_SNO,2025-10-01,18,1029.75,3238.2,principal
SKU_1632_SAP,2025-10-01,71,4345.33,13127.9,principal
SKU_1632_SPA,2025-10-01,32,1958.46,5916.8,principal
SKU_1633_SER,2025-10-01,24,1792.76,5637.6,principal
SKU_1633_DEN,2025-10-01,53,3959.0,12449.7,principal
SKU_1634_NAV,2025-10-01,0,0.0,0.0,principal
SKU_1634_SAP,2025-10-01,0,0.0,0.0,principal
SKU_1635_TEA,2025-10-01,33,6347.82,19961.7,principal
SKU_1635_SAG,2025-10-01,58,11156.78,35084.2,principal
SKU_1636_LIG,2025-10-01,37,5358.16,16276.3,principal
SKU_1636_SHO,2025-10-01,45,6516.68,19795.5,principal
SKU_1637_BLU,2025-10-01,27,7898.26,24837.3,principal
SKU_1637_WHI,2025-10-01,16,4680.45,14718.4,principal
SKU_1638_PEA,2025-10-01,38,13774.55,43316.2,principal
SKU_1638_SAP,2025-10-01,19,6887.28,21658.1,principal
SKU_1639_FRE,2025-10-01,20,1207.76,3798.0,principal
SKU_1639_WHI,2025-10-01,46,2777.86,8735.4,principal
SKU_1640_IVO,2025-10-01,0,0.0,0.0,principal
SKU_1640_TEA,2025-10-01,31,2244.12,6816.9,principal
SKU_1641_MEX,2025-10-01,57,5889.14,18519.3,principal
SKU_1641_SER,2025-10-01,0,0.0,0.0,principal
SKU_1642_OFF,2025-10-01,55,4094.3,12369.5,principal
SKU_1642_SAL,2025-10-01,55,4094.3,12369.5,principal
SKU_1643_PAS,2025-10-01,51,3511.61,11469.9,principal
SKU_1643_EGR,2025-10-01,0,0.0,0.0,principal
SKU_1644_BAB,2025-10-01,65,5978.05,20793.5,principal
SKU_1644_PEA,2025-10-01,54,4966.38,17274.6,principal
SKU_1645_MYS,2025-10-01,45,5134.12,17995.5,principal
SKU_1645_MIN,2025-10-01,50,5704.57,19995.0,principal
SKU_1646_BLU,2025-10-01,26,1688.79,5327.4,principal
SKU_1646_CLE,2025-10-01,27,1753.74,5532.3,principal
SKU_1647_BLA,2025-10-01,48,5330.18,16315.2,principal
SKU_1647_ARM,2025-10-01,40,4441.81,13596.0,principal
SKU_1648_RAS,2025-10-01,26,6485.55,18197.4,principal
SKU_1648_FLA,2025-10-01,0,0.0,0.0,principal
SKU_1649_FLA,2025-10-01,65,5026.39,15268.5,principal
SKU_1649_GAR,2025-10-01,65,5026.39,15268.5,principal
SKU_1650_OLI,2025-10-01,44,14060.56,44215.6,principal
SKU_1650_EGR,2025-10-01,26,8308.51,26127.4,principal
SKU_1651_PAS,2025-10-01,0,0.0,0.0,principal
SKU_1651_SAL,2025-10-01,0,0.0,0.0,principal
SKU_1652_TEA,2025-10-01,61,4124.64,13413.9,principal
SKU_1652_MOS,2025-10-01,22,1487.58,4837.8,principal
SKU_1653_ROS,2025-10-01,69,7932.03,24833.1,principal
SKU_1653_BAB,2025-10-01,41,4713.24,14755.9,principal
SKU_1654_CRE,2025-10-01,28,2538.87,8677.2,principal
SKU_1654_NAV,2025-10-01,42,3808.31,13015.8,principal
SKU_1655_SNO,2025-10-01,55,11468.71,35469.5,principal
SKU_1655_TEA,2025-10-01,17,3544.87,10963.3,principal
SKU_1656_FUC,2025-10-01,0,0.0,0.0,principal
SKU_1656_SNO,2025-10-01,57,4840.94,13389.3,principal
SKU_1657_SPA,2025-10-01,49,3734.68,10530.1,principal
SKU_1657_EME,2025-10-01,22,1676.8,4727.8,principal
SKU_1658_BAB,2025-10-01,24,8044.79,21117.6,principal
SKU_1658_MYS,2025-10-01,27,9050.39,23757.3,principal
SKU_1659_MOS,2025-10-01,69,23407.69,70718.1,principal
SKU_1659_SNO,2025-10-01,64,21711.48,65593.6,principal
SKU_1660_NAV,2025-10-01,53,5494.25,16689.7,principal
SKU_1660_MAG,2025-10-01,57,5908.91,17949.3,principal
SKU_1661_WHI,2025-10-01,28,9174.39,27717.2,principal
SKU_1661_CER,2025-10-01,40,13106.28,39596.0,principal
SKU_1662_PIS,2025-10-01,49,3039.84,9795.1,principal
SKU_1662_LIG,2025-10-01,49,3039.84,9795.1,principal
SKU_1663_SNO,2025-10-01,34,8678.62,27026.6,principal
SKU_1663_FLA,2025-10-01,48,12252.17,38155.2,principal
SKU_1664_PIN,2025-10-01,74,7368.24,24412.6,principal
SKU_1664_MIN,2025-10-01,18,1792.27,5938.2,principal
SKU_1665_SAG,2025-10-01,0,0.0,0.0,principal
SKU_1665_RAS,2025-10-01,70,5179.83,17493.0,principal
SKU_1666_FUC,2025-10-01,63,17673.45,50393.7,principal
SKU_1666_PAS,2025-10-01,50,14026.55,39995.0,principal
SKU_1667_LIG,2025-10-01,26,1986.04,5457.4,principal
SKU_1667_MID,2025-10-01,64,4888.7,13433.6,principal
SKU_1668_DEN,2025-10-01,61,6385.52,16463.9,principal
SKU_1668_VAN,2025-10-01,0,0.0,0.0,principal
SKU_1669_COR,2025-10-01,23,1773.81,4597.7,principal
SKU_1669_TEA,2025-10-01,56,4318.83,11194.4,principal
SKU_1670_SAP,2025-10-01,74,3549.18,10722.6,principal
SKU_1670_PEA,2025-10-01,0,0.0,0.0,principal
SKU_1671_SEA,2025-10-01,33,3485.04,11546.7,principal
SKU_1671_MIN,2025-10-01,65,6864.47,22743.5,principal
SKU_1672_TEA,2025-10-01,30,2796.09,8847.0,principal
SKU_1672_FOR,2025-10-01,24,2236.87,7077.6,principal
SKU_1673_PEA,2025-10-01,60,8361.53,24594.0,principal
SKU_1673_FUC,2025-10-01,60,8361.53,24594.0,principal
SKU_1674_PAS,2025-10-01,46,3848.56,10575.4,principal
SKU_1674_WHI,2025-10-01,36,3011.91,8276.4,principal
SKU_1675_CRE,2025-10-01,26,6582.73,19887.4,principal
SKU_1675_DEN,2025-10-01,26,6582.73,19887.4,principal
SKU_1676_PIN,2025-10-01,24,1342.35,4077.6,principal
SKU_1676_NAV,2025-10-01,39,2181.31,6626.1,principal
SKU_1677_POW,2025-10-01,35,7734.89,19946.5,principal
SKU_1677_VAN,2025-10-01,56,12375.82,31914.4,principal
SKU_1678_LIG,2025-10-01,50,13185.97,35745.0,principal
SKU_1678_MAG,2025-10-01,56,14768.29,40034.4,principal
SKU_1679_SHO,2025-10-01,56,19290.29,51514.4,principal
SKU_1679_GAR,2025-10-01,0,0.0,0.0,principal
SKU_1680_NAV,2025-10-01,269,29819.16,90088.1,principal
SKU_1680_SEA,2025-10-01,325,36026.87,108842.5,principal
SKU_1681_OFF,2025-10-01,289,22348.1,67886.1,principal
SKU_1681_PIS,2025-10-01,264,20414.88,62013.6,principal
SKU_1682_OLI,2025-10-01,296,27199.33,69530.4,principal
SKU_1682_BIR,2025-10-01,256,23523.74,60134.4,principal
SKU_1683_PAL,2025-10-01,277,34608.32,87227.3,principal
SKU_1683_SHO,2025-10-01,300,37481.93,94470.0,principal
SKU_1684_HON,2025-10-01,259,15851.29,47889.1,principal
SKU_1684_SHO,2025-10-01,250,15300.48,46225.0,principal
SKU_1685_COB,2025-10-01,256,56340.97,170214.4,principal
SKU_1685_BIR,2025-10-01,68,14965.57,45213.2,principal
SKU_1686_MOS,2025-10-01,260,17517.23,55874.0,principal
SKU_1686_SKY,2025-10-01,239,16102.37,51361.1,principal
SKU_1687_FOR,2025-10-01,89,25134.99,80091.1,principal
SKU_1687_WHI,2025-10-01,333,94044.4,299666.7,principal
SKU_1688_WHI,2025-10-01,315,39853.66,135418.5,principal
SKU_1688_LIG,2025-10-01,357,45167.49,153474.3,principal
SKU_1689_MAG,2025-10-01,258,81404.75,248944.2,principal
SKU_1689_IVO,2025-10-01,271,85506.54,261487.9,principal
SKU_1690_MAG,2025-10-01,236,45411.2,127416.4,principal
SKU_1690_MYS,2025-10-01,218,41947.64,117698.2,principal
SKU_1691_HUN,2025-10-01,219,22342.18,67868.1,principal
SKU_1691_ROS,2025-10-01,274,27953.23,84912.6,principal
SKU_1692_OLI,2025-10-01,317,23073.45,69708.3,principal
SKU_1692_BLU,2025-10-01,287,20889.84,63111.3,principal
SKU_1693_MEX,2025-10-01,350,23737.67,71715.0,principal
SKU_1693_FLA,2025-10-01,248,16819.83,50815.2,principal
SKU_1694_PIS,2025-10-01,255,23624.96,71374.5,principal
SKU_1694_SER,2025-10-01,301,27886.72,84249.9,principal
SKU_1695_CRE,2025-10-01,280,18689.5,58772.0,principal
SKU_1695_LIM,2025-10-01,211,14083.87,44288.9,principal
SKU_1696_SER,2025-10-01,283,23525.87,79211.7,principal
SKU_1696_SHO,2025-10-01,314,26102.91,87888.6,principal
SKU_1697_PIS,2025-10-01,277,18452.77,60912.3,principal
SKU_1697_MIN,2025-10-01,320,21317.28,70368.0,principal
SKU_1698_PRI,2025-10-01,0,0.0,0.0,principal
SKU_1698_SNO,2025-10-01,120,14829.19,50388.0,principal
SKU_1699_CLO,2025-10-01,310,33441.96,102269.0,principal
SKU_1699_COB,2025-10-01,299,32255.31,98640.1,principal
SKU_1700_HUN,2025-10-01,288,79096.54,201571.2,principal
SKU_1700_PIS,2025-10-01,261,71681.24,182673.9,principal
SKU_1701_SPA,2025-10-01,268,34629.99,91093.2,principal
SKU_1701_BLU,2025-10-01,268,34629.99,91093.2,principal
SKU_1702_LIG,2025-10-01,339,69558.36,210146.1,principal
SKU_1702_COR,2025-10-01,334,68532.42,207046.6,principal
SKU_1703_PAS,2025-10-01,242,20770.42,65315.8,principal
SKU_1703_BLU,2025-10-01,334,28666.62,90146.6,principal
SKU_1704_BAB,2025-10-01,249,26518.05,83390.1,principal
SKU_1704_PEA,2025-10-01,276,29393.5,92432.4,principal
SKU_1705_SER,2025-10-01,264,35818.7,108213.6,principal
SKU_1705_JAD,2025-10-01,294,39889.01,120510.6,principal
SKU_1706_BLA,2025-10-01,313,18773.42,57873.7,principal
SKU_1706_JAD,2025-10-01,274,16434.24,50662.6,principal
SKU_1707_ARM,2025-10-01,308,23299.76,86209.2,principal
SKU_1707_SAP,2025-10-01,131,9909.96,36666.9,principal
SKU_1708_FLA,2025-10-01,273,14610.55,46382.7,principal
SKU_1708_FRE,2025-10-01,274,14664.07,46552.6,principal
SKU_1709_CRE,2025-10-01,306,18902.71,64229.4,principal
SKU_1709_MAR,2025-10-01,333,20570.6,69896.7,principal
SKU_1710_OLI,2025-10-01,287,69035.07,232441.3,principal
SKU_1710_MEX,2025-10-01,258,62059.4,208954.2,principal
SKU_1711_VAN,2025-10-01,272,102941.11,270612.8,principal
SKU_1711_ARM,2025-10-01,263,99534.97,261658.7,principal
SKU_1712_NAV,2025-10-01,324,19293.2,58287.6,principal
SKU_1712_MOS,2025-10-01,310,18459.54,55769.0,principal
SKU_1713_SAL,2025-10-01,310,51807.79,156519.0,principal
SKU_1713_SNO,2025-10-01,330,55150.23,166617.0,principal
SKU_1714_DEE,2025-10-01,250,24239.55,76225.0,principal
SKU_1714_MID,2025-10-01,308,29863.13,93909.2,principal
SKU_1715_HON,2025-10-01,269,18810.69,59153.1,principal
SKU_1715_JAD,2025-10-01,0,0.0,0.0,principal
SKU_1716_AQU,2025-10-01,0,0.0,0.0,principal
SKU_1716_SAL,2025-10-01,237,12865.56,39081.3,principal
SKU_1717_MIN,2025-10-01,273,20917.57,70952.7,principal
SKU_1717_CRE,2025-10-01,219,16780.03,56918.1,principal
SKU_1718_DUS,2025-10-01,258,28437.48,95434.2,principal
SKU_1718_SEA,2025-10-01,0,0.0,0.0,principal
SKU_1719_OFF,2025-10-01,327,29844.46,104607.3,principal
SKU_1719_WHI,2025-10-01,276,25189.82,88292.4,principal
SKU_1720_PAL,2025-10-01,305,20372.57,68594.5,principal
SKU_1720_PAS,2025-10-01,291,19437.43,65445.9,principal
SKU_1721_COR,2025-10-01,247,39453.3,103715.3,principal
SKU_1721_FRE,2025-10-01,332,53030.35,139406.8,principal
SKU_1722_AQU,2025-10-01,341,36671.79,110790.9,principal
SKU_1722_PAS,2025-10-01,259,27853.35,84149.1,principal
SKU_1723_MOS,2025-10-01,217,31237.56,94373.3,principal
SKU_1723_COB,2025-10-01,247,35556.12,107420.3,principal
SKU_1724_PIN,2025-10-01,260,92179.93,289874.0,principal
SKU_1724_PEA,2025-10-01,306,108488.69,341159.4,principal
SKU_1725_BAB,2025-10-01,0,0.0,0.0,principal
SKU_1725_OFF,2025-10-01,239,18612.89,58531.1,principal
SKU_1726_PAS,2025-10-01,347,49108.51,149175.3,principal
SKU_1726_BUB,2025-10-01,266,37645.14,114353.4,principal
SKU_1727_LIG,2025-10-01,249,11615.39,38570.1,principal
SKU_1727_WHI,2025-10-01,251,11708.68,38879.9,principal
SKU_1728_MID,2025-10-01,261,27029.74,86103.9,principal
SKU_1728_EGR,2025-10-01,35,3624.68,11546.5,principal
SKU_1729_FUC,2025-10-01,222,11427.02,38827.8,principal
SKU_1729_CLE,2025-10-01,309,15905.18,54044.1,principal
SKU_1730_OFF,2025-10-01,304,28883.13,97249.6,principal
SKU_1730_MIN,2025-10-01,325,30878.35,103967.5,principal
SKU_1731_MIN,2025-10-01,0,0.0,0.0,principal
SKU_1731_ARM,2025-10-01,242,83762.48,220195.8,principal
SKU_1732_OFF,2025-10-01,101,37069.53,112604.9,principal
SKU_1732_WHI,2025-10-01,262,96160.57,292103.8,principal
SKU_1733_NAV,2025-10-01,326,37756.31,114067.4,principal
SKU_1733_SAG,2025-10-01,252,29185.86,88174.8,principal
SKU_1734_FRE,2025-10-01,326,36273.43,114067.4,principal
SKU_1734_BRI,2025-10-01,303,33714.26,106019.7,principal
SKU_1735_MOS,2025-10-01,356,31630.98,96084.4,principal
SKU_1735_COR,2025-10-01,316,28076.94,85288.4,principal
SKU_1736_PAS,2025-10-01,277,29627.11,89997.3,principal
SKU_1736_JAD,2025-10-01,256,27381.01,83174.4,principal
SKU_1737_SAG,2025-10-01,0,0.0,0.0,principal
SKU_1737_DEE,2025-10-01,302,76960.74,232509.8,principal
SKU_1738_BLU,2025-10-01,260,16773.09,50674.0,principal
SKU_1738_ROY,2025-10-01,259,16708.58,50479.1,principal
SKU_1739_AQU,2025-10-01,293,24586.53,74685.7,principal
SKU_1739_MOS,2025-10-01,241,20223.05,61430.9,principal
SKU_1740_FRE,2025-10-01,264,18676.7,56733.6,principal
SKU_1740_OLI,2025-10-01,317,22426.19,68123.3,principal
SKU_1741_PEA,2025-10-01,286,22586.87,68611.4,principal
SKU_1741_PIN,2025-10-01,258,20375.57,61894.2,principal
SKU_1742_DEN,2025-10-01,268,23055.21,69653.2,principal
SKU_1742_EME,2025-10-01,83,7140.23,21571.7,principal
SKU_1743_DEE,2025-10-01,324,45323.78,142527.6,principal
SKU_1743_CLO,2025-10-01,31,4336.53,13636.9,principal
SKU_1744_LIG,2025-10-01,337,29388.11,89271.3,principal
SKU_1744_EME,2025-10-01,237,20667.6,62781.3,principal
SKU_1745_PEA,2025-10-01,320,43180.51,131168.0,principal
SKU_1745_FOR,2025-10-01,292,39402.21,119690.8,principal
SKU_1746_EME,2025-10-01,322,19069.83,57927.8,principal
SKU_1746_NAV,2025-10-01,322,19069.83,57927.8,principal
SKU_1747_FUC,2025-10-01,263,14627.59,45998.7,principal
SKU_1747_TEA,2025-10-01,0,0.0,0.0,principal
SKU_1748_BAB,2025-10-01,237,22584.0,73446.3,principal
SKU_1748_COB,2025-10-01,0,0.0,0.0,principal
SKU_1749_SNO,2025-10-01,203,20489.94,71029.7,principal
SKU_1749_BIR,2025-10-01,310,31290.05,108469.0,principal
SKU_1750_MIN,2025-10-01,219,21653.47,81008.1,principal
SKU_1750_SNO,2025-10-01,277,27388.17,102462.3,principal
SKU_1751_BLU,2025-10-01,279,27336.5,92042.1,principal
SKU_1751_MIN,2025-10-01,258,25278.92,85114.2,principal
SKU_1752_SNO,2025-10-01,280,42900.58,120372.0,principal
SKU_1752_SPA,2025-10-01,284,43513.45,122091.6,principal
SKU_1753_WHI,2025-10-01,224,67264.6,176937.6,principal
SKU_1753_PAL,2025-10-01,306,91888.25,241709.4,principal
SKU_1754_IVO,2025-10-01,0,0.0,0.0,principal
SKU_1754_SER,2025-10-01,268,30151.85,91093.2,principal
SKU_1755_BIR,2025-10-01,222,24475.3,74347.8,principal
SKU_1755_AQU,2025-10-01,302,33295.22,101139.8,principal
SKU_1756_FLA,2025-10-01,240,13729.97,43176.0,principal
SKU_1756_BUB,2025-10-01,47,2688.79,8455.3,principal
SKU_1757_PIN,2025-10-01,297,25018.75,78675.3,principal
SKU_1757_TUR,2025-10-01,239,20132.93,63311.1,principal
SKU_1758_CLO,2025-10-01,296,14550.14,53250.4,principal
SKU_1758_HON,2025-10-01,273,13419.55,49112.7,principal
SKU_1759_CLE,2025-10-01,269,22079.33,72603.1,principal
SKU_1759_COB,2025-10-01,289,23720.91,78001.1,principal
SKU_1760_PAS,2025-10-01,239,17577.39,59726.1,principal
SKU_1760_OFF,2025-10-01,294,21622.4,73470.6,principal
SKU_1761_MOS,2025-10-01,322,112781.56,355777.8,principal
SKU_1761_SAP,2025-10-01,248,86862.82,274015.2,principal
SKU_1762_DEN,2025-10-01,0,0.0,0.0,principal
SKU_1762_BRI,2025-10-01,282,25618.67,71881.8,principal
SKU_1763_MAR,2025-10-01,0,0.0,0.0,principal
SKU_1763_HOT,2025-10-01,230,22831.39,68977.0,principal
SKU_1764_FUC,2025-10-01,295,22812.08,69295.5,principal
SKU_1764_MAR,2025-10-01,283,21884.13,66476.7,principal
SKU_1765_MYS,2025-10-01,242,20000.86,62895.8,principal
SKU_1765_PAS,2025-10-01,226,18678.49,58737.4,principal
SKU_1766_CLE,2025-10-01,250,31394.55,98725.0,principal
SKU_1766_MYS,2025-10-01,316,39682.71,124788.4,principal
SKU_1767_PRI,2025-10-01,262,17071.45,53683.8,principal
SKU_1767_FUC,2025-10-01,47,3062.44,9630.3,principal
SKU_1768_PEA,2025-10-01,104,19365.6,64989.6,principal
SKU_1768_MIN,2025-10-01,283,52696.78,176846.7,principal
SKU_1769_WHI,2025-10-01,357,32726.38,115989.3,principal
SKU_1769_EME,2025-10-01,30,2750.12,9747.0,principal
SKU_1770_JAD,2025-10-01,288,18638.37,63331.2,principal
SKU_1770_DEE,2025-10-01,294,19026.67,64650.6,principal
SKU_1771_PIN,2025-10-01,298,25813.45,78940.2,principal
SKU_1771_EME,2025-10-01,264,22868.29,69933.6,principal
SKU_1772_BLU,2025-10-01,258,42004.14,107044.2,principal
SKU_1772_SNO,2025-10-01,61,9931.21,25308.9,principal
SKU_1773_OLI,2025-10-01,313,33477.57,101693.7,principal
SKU_1773_FRE,2025-10-01,278,29734.07,90322.2,principal
SKU_1774_COB,2025-10-01,0,0.0,0.0,principal
SKU_1774_MOS,2025-10-01,238,15507.65,48766.2,principal
SKU_1775_PAS,2025-10-01,240,22114.34,67176.0,principal
SKU_1775_PAL,2025-10-01,271,24970.77,75852.9,principal
SKU_1776_BIR,2025-10-01,0,0.0,0.0,principal
SKU_1776_PAS,2025-10-01,76,8298.96,25072.4,principal
SKU_1777_TUR,2025-10-01,65,4958.73,15593.5,principal
SKU_1777_FRE,2025-10-01,308,23496.77,73889.2,principal
SKU_1778_TEA,2025-10-01,0,0.0,0.0,principal
SKU_1778_MIN,2025-10-01,318,29988.0,90598.2,principal
SKU_1779_LIG,2025-10-01,281,19879.37,60386.9,principal
SKU_1779_MIN,2025-10-01,305,21577.25,65544.5,principal
SKU_1780_AQU,2025-10-01,307,34031.53,102814.3,principal
SKU_1780_LIG,2025-10-01,324,35916.02,108507.6,principal
SKU_1781_CLE,2025-10-01,248,10244.43,32215.2,principal
SKU_1781_AQU,2025-10-01,302,12475.08,39229.8,principal
SKU_1782_NAV,2025-10-01,15,1240.75,3748.5,principal
SKU_1782_HUN,2025-10-01,248,20513.79,61975.2,principal
SKU_1783_EGR,2025-10-01,0,0.0,0.0,principal
SKU_1783_BAB,2025-10-01,323,123246.53,387567.7,principal
SKU_1784_EGR,2025-10-01,321,32927.18,99477.9,principal
SKU_1784_BLA,2025-10-01,319,32722.03,98858.1,principal
SKU_1785_HUN,2025-10-01,327,25466.17,80082.3,principal
SKU_1785_PAS,2025-10-01,273,21260.75,66857.7,principal
SKU_1786_TEA,2025-10-01,25,1480.58,4497.5,principal
SKU_1786_POW,2025-10-01,274,16227.12,49292.6,principal
SKU_1787_BAB,2025-10-01,506,46647.23,146689.4,principal
SKU_1787_BAB,2025-10-01,506,46647.23,146689.4,principal
SKU_1788_EME,2025-10-01,253,20927.38,63224.7,principal
SKU_1788_MYS,2025-10-01,306,25311.37,76469.4,principal
SKU_1789_SNO,2025-10-01,282,23162.34,76111.8,principal
SKU_1789_EME,2025-10-01,291,23901.57,78540.9,principal
SKU_1790_EGR,2025-10-01,0,0.0,0.0,principal
SKU_1790_ROY,2025-10-01,235,17595.53,61076.5,principal
SKU_1791_ARM,2025-10-01,300,21242.33,79470.0,principal
SKU_1791_IVO,2025-10-01,301,21313.14,79734.9,principal
SKU_1792_MIN,2025-10-01,298,38933.79,131090.2,principal
SKU_1792_AQU,2025-10-01,265,34622.33,116573.5,principal
SKU_1793_WHI,2025-10-01,262,17349.15,49753.8,principal
SKU_1793_MIN,2025-10-01,0,0.0,0.0,principal
SKU_1794_FLA,2025-10-01,254,20280.87,53314.6,principal
SKU_1794_LIG,2025-10-01,268,21398.72,56253.2,principal
SKU_1795_RAS,2025-10-01,246,24286.86,73775.4,principal
SKU_1795_HUN,2025-10-01,260,25669.04,77974.0,principal
SKU_1796_OLI,2025-10-01,0,0.0,0.0,principal
SKU_1796_SHO,2025-10-01,311,51692.27,157023.9,principal
SKU_1797_GAR,2025-10-01,6,663.44,2279.4,principal
SKU_1797_BLU,2025-10-01,0,0.0,0.0,principal
SKU_1798_OFF,2025-10-01,243,31763.1,102035.7,principal
SKU_1798_MOS,2025-10-01,310,40520.83,130169.0,principal
SKU_1799_DEN,2025-10-01,299,23750.04,80700.1,principal
SKU_1799_POW,2025-10-01,325,25815.26,87717.5,principal
SKU_1800_SKY,2025-10-01,298,24772.83,83410.2,principal
SKU_1800_MOS,2025-10-01,249,20699.44,69695.1,principal
SKU_1801_MOS,2025-10-01,271,39867.02,101597.9,principal
SKU_1801_FLA,2025-10-01,312,45898.56,116968.8,principal
SKU_1802_OLI,2025-10-01,142,35011.79,105775.8,principal
SKU_1802_DEN,2025-10-01,23,5670.92,17132.7,principal
SKU_1803_DUS,2025-10-01,222,14689.05,44377.8,principal
SKU_1803_SER,2025-10-01,137,9064.87,27386.3,principal
SKU_1804_SPA,2025-10-01,144,21564.44,65505.6,principal
SKU_1804_SEA,2025-10-01,88,13178.27,40031.2,principal
SKU_1805_BLU,2025-10-01,81,15547.7,46971.9,principal
SKU_1805_WHI,2025-10-01,94,18043.01,54510.6,principal
SKU_1806_ROS,2025-10-01,275,17644.3,53597.5,principal
SKU_1806_EME,2025-10-01,219,14051.28,42683.1,principal
SKU_1807_IVO,2025-10-01,103,14028.35,46854.7,principal
SKU_1807_BLU,2025-10-01,147,20021.05,66870.3,principal
SKU_1808_SNO,2025-10-01,134,37508.58,128626.6,principal
SKU_1808_PAS,2025-10-01,107,29950.88,102709.3,principal
SKU_1809_PRI,2025-10-01,237,16221.1,56856.3,principal
SKU_1809_SHO,2025-10-01,153,10471.85,36704.7,principal
SKU_1810_OFF,2025-10-01,90,4561.95,14391.0,principal
SKU_1810_COB,2025-10-01,221,11202.11,35337.9,principal
SKU_1811_BLU,2025-10-01,238,64430.59,164196.2,principal
SKU_1811_PIN,2025-10-01,263,71198.51,181443.7,principal
SKU_1812_BRI,2025-10-01,128,32111.05,84467.2,principal
SKU_1812_HOT,2025-10-01,138,34619.73,91066.2,principal
SKU_1813_BLU,2025-10-01,95,8015.33,24215.5,principal
SKU_1813_RAS,2025-10-01,101,8521.56,25744.9,principal
SKU_1814_PRI,2025-10-01,256,32016.15,97254.4,principal
SKU_1814_PAS,2025-10-01,94,11755.93,35710.6,principal
SKU_1815_WHI,2025-10-01,126,18346.47,55427.4,principal
SKU_1815_LIM,2025-10-01,100,14560.69,43990.0,principal
SKU_1816_MOS,2025-10-01,98,7739.56,23510.2,principal
SKU_1816_WHI,2025-10-01,151,11925.24,36224.9,principal
SKU_1817_BUB,2025-10-01,210,12664.58,46179.0,principal
SKU_1817_PRI,2025-10-01,105,6332.29,23089.5,principal
SKU_1818_BRI,2025-10-01,108,6078.13,22129.2,principal
SKU_1818_EGR,2025-10-01,98,5515.34,20080.2,principal
SKU_1819_AQU,2025-10-01,100,9219.18,34490.0,principal
SKU_1819_DEE,2025-10-01,99,9126.99,34145.1,principal
SKU_1820_PEA,2025-10-01,34,2927.41,9856.6,principal
SKU_1820_SPA,2025-10-01,138,11881.84,40006.2,principal
SKU_1821_BUB,2025-10-01,84,7930.47,22251.6,principal
SKU_1821_NAV,2025-10-01,91,8591.34,24105.9,principal
SKU_1822_ARM,2025-10-01,98,10052.54,30370.2,principal
SKU_1822_SEA,2025-10-01,280,28721.53,86772.0,principal
SKU_1823_MIN,2025-10-01,48,3096.57,9355.2,principal
SKU_1823_COR,2025-10-01,133,8580.08,25921.7,principal
SKU_1824_COR,2025-10-01,140,16587.07,50386.0,principal
SKU_1824_BLU,2025-10-01,257,30449.12,92494.3,principal
SKU_1825_MIN,2025-10-01,195,11227.53,34105.5,principal
SKU_1825_MIN,2025-10-01,195,11227.53,34105.5,principal
SKU_1826_SAP,2025-10-01,87,13963.67,42186.3,principal
SKU_1826_IVO,2025-10-01,99,15889.69,48005.1,principal
SKU_1827_PRI,2025-10-01,259,16052.35,50479.1,principal
SKU_1827_BUB,2025-10-01,230,14254.99,44827.0,principal
SKU_1828_FLA,2025-10-01,152,12321.41,37224.8,principal
SKU_1828_CER,2025-10-01,147,11916.1,36000.3,principal
SKU_1829_MOS,2025-10-01,109,9376.93,28329.1,principal
SKU_1829_HUN,2025-10-01,96,8258.58,24950.4,principal
SKU_1830_IVO,2025-10-01,163,14022.38,42363.7,principal
SKU_1830_NAV,2025-10-01,207,17807.57,53799.3,principal
SKU_1831_MID,2025-10-01,150,16537.36,50235.0,principal
SKU_1831_HOT,2025-10-01,124,13670.89,41527.6,principal
SKU_1832_COR,2025-10-01,96,9002.71,28310.4,principal
SKU_1832_MIN,2025-10-01,104,9752.93,30669.6,principal
SKU_1833_NAV,2025-10-01,154,11258.66,35404.6,principal
SKU_1833_LIG,2025-10-01,139,10162.04,31956.1,principal
SKU_1834_SAL,2025-10-01,95,12574.86,37990.5,principal
SKU_1834_MAG,2025-10-01,215,28458.88,85978.5,principal
SKU_1835_BIR,2025-10-01,93,5691.78,17195.7,principal
SKU_1835_BAB,2025-10-01,270,16524.51,49923.0,principal
SKU_1836_CRE,2025-10-01,67,15231.66,47898.3,principal
SKU_1836_MID,2025-10-01,211,47968.36,150843.9,principal
SKU_1837_SAP,2025-10-01,296,24351.06,73970.4,principal
SKU_1837_EGR,2025-10-01,95,7815.37,23740.5,principal
SKU_1838_DEN,2025-10-01,93,8813.24,29750.7,principal
SKU_1838_BAL,2025-10-01,154,14593.97,49264.6,principal
SKU_1839_DUS,2025-10-01,233,20405.01,68711.7,principal
SKU_1839_BAB,2025-10-01,95,8319.64,28015.5,principal
SKU_1840_FOR,2025-10-01,12,735.73,2578.8,principal
SKU_1840_LIM,2025-10-01,149,9135.33,32020.1,principal
SKU_1841_WHI,2025-10-01,89,4217.02,12896.1,principal
SKU_1841_LIM,2025-10-01,258,12224.63,37384.2,principal
SKU_1842_SAG,2025-10-01,159,30311.5,85049.1,principal
SKU_1842_POW,2025-10-01,252,48040.87,134794.8,principal
SKU_1843_BIR,2025-10-01,141,14229.99,42990.9,principal
SKU_1843_NAV,2025-10-01,224,22606.51,68297.6,principal
SKU_1844_BAL,2025-10-01,100,8271.69,24990.0,principal
SKU_1844_MOS,2025-10-01,136,11249.5,33986.4,principal
SKU_1845_BAL,2025-10-01,81,21982.34,66411.9,principal
SKU_1845_TUR,2025-10-01,110,29852.56,90189.0,principal
SKU_1846_PAS,2025-10-01,241,26815.64,84325.9,principal
SKU_1846_SEA,2025-10-01,154,17135.3,53884.6,principal
SKU_1847_PAS,2025-10-01,147,13061.11,39675.3,principal
SKU_1847_MYS,2025-10-01,273,24256.34,73682.7,principal
SKU_1848_BAL,2025-10-01,133,8744.6,29246.7,principal
SKU_1848_ARM,2025-10-01,294,19330.17,64650.6,principal
SKU_1849_BAB,2025-10-01,261,26877.69,86103.9,principal
SKU_1849_GAR,2025-10-01,146,15035.03,48165.4,principal
SKU_1850_DEE,2025-10-01,235,14170.99,48151.5,principal
SKU_1850_PRI,2025-10-01,291,17547.9,59625.9,principal
SKU_1851_DEE,2025-10-01,97,6816.41,20845.3,principal
SKU_1851_BLU,2025-10-01,85,5973.15,18266.5,principal
SKU_1852_BLA,2025-10-01,262,49822.43,130973.8,principal
SKU_1852_FOR,2025-10-01,157,29855.43,78484.3,principal
SKU_1853_ROS,2025-10-01,96,28595.22,86390.4,principal
SKU_1853_BLU,2025-10-01,122,36339.76,109787.8,principal
SKU_1854_NAV,2025-10-01,157,9608.7,29029.3,principal
SKU_1854_MID,2025-10-01,250,15300.48,46225.0,principal
SKU_1855_FLA,2025-10-01,242,21155.2,66525.8,principal
SKU_1855_AQU,2025-10-01,136,11888.88,37386.4,principal
SKU_1856_FLA,2025-10-01,147,15722.69,47760.3,principal
SKU_1856_PAS,2025-10-01,245,26204.48,79600.5,principal
SKU_1857_PAS,2025-10-01,95,7502.63,22790.5,principal
SKU_1857_IVO,2025-10-01,99,7818.53,23750.1,principal
SKU_1858_OLI,2025-10-01,150,38434.81,134985.0,principal
SKU_1858_IVO,2025-10-01,19,4868.41,17098.1,principal
SKU_1859_LIG,2025-10-01,96,12601.27,41270.4,principal
SKU_1859_PEA,2025-10-01,221,29009.18,95007.9,principal
SKU_1860_BLA,2025-10-01,96,8208.89,30710.4,principal
SKU_1860_SPA,2025-10-01,238,20351.21,76136.2,principal
SKU_1861_DEE,2025-10-01,103,5962.19,20074.7,principal
SKU_1861_SAP,2025-10-01,269,15571.15,52428.1,principal
SKU_1862_PAS,2025-10-01,42,3366.48,9445.8,principal
SKU_1862_PIN,2025-10-01,251,20118.74,56449.9,principal
SKU_1863_MOS,2025-10-01,165,13921.36,42058.5,principal
SKU_1863_POW,2025-10-01,233,19658.65,59391.7,principal
SKU_1864_VAN,2025-10-01,238,12858.71,40436.2,principal
SKU_1864_BRI,2025-10-01,138,7455.89,23446.2,principal
SKU_1865_POW,2025-10-01,144,11443.42,35985.6,principal
SKU_1865_CRE,2025-10-01,24,1907.24,5997.6,principal
SKU_1866_ROS,2025-10-01,138,14840.78,44836.2,principal
SKU_1866_DUS,2025-10-01,156,16776.54,50684.4,principal
SKU_1867_TEA,2025-10-01,145,9542.03,28985.5,principal
SKU_1867_LIG,2025-10-01,126,8291.69,25187.4,principal
SKU_1868_ARM,2025-10-01,213,55690.32,168248.7,principal
SKU_1868_SEA,2025-10-01,158,41310.19,124804.2,principal
SKU_1869_CRE,2025-10-01,114,17759.85,55848.6,principal
SKU_1869_AQU,2025-10-01,95,14799.88,46540.5,principal
SKU_1870_SAG,2025-10-01,130,9892.6,29887.0,principal
SKU_1870_AQU,2025-10-01,43,3272.17,9885.7,principal
SKU_1871_WHI,2025-10-01,122,8072.36,24387.8,principal
SKU_1871_SNO,2025-10-01,135,8932.53,26986.5,principal
SKU_1872_FRE,2025-10-01,158,44709.56,135074.2,principal
SKU_1872_SAP,2025-10-01,152,43011.73,129944.8,principal
SKU_1873_BAB,2025-10-01,164,24422.37,73783.6,principal
SKU_1873_BLA,2025-10-01,164,24422.37,73783.6,principal
SKU_1874_JAD,2025-10-01,105,7642.62,23089.5,principal
SKU_1874_GAR,2025-10-01,154,11209.18,33864.6,principal
SKU_1875_BAB,2025-10-01,99,5700.13,17315.1,principal
SKU_1875_BIR,2025-10-01,77,4433.44,13467.3,principal
SKU_1876_AQU,2025-10-01,139,9197.2,27786.1,principal
SKU_1876_CLO,2025-10-01,104,6881.36,20789.6,principal
SKU_1877_SAP,2025-10-01,84,15356.73,48291.6,principal
SKU_1877_TEA,2025-10-01,246,44973.28,141425.4,principal
SKU_1878_SEA,2025-10-01,138,19984.48,60706.2,principal
SKU_1878_ROS,2025-10-01,220,31859.32,96778.0,principal
SKU_1879_COR,2025-10-01,33,2886.12,10061.7,principal
SKU_1879_WHI,2025-10-01,137,11981.79,41771.3,principal
SKU_1880_DUS,2025-10-01,166,43292.29,141083.4,principal
SKU_1880_TUR,2025-10-01,154,40162.72,130884.6,principal
SKU_1881_CLO,2025-10-01,15,1048.05,3673.5,principal
SKU_1881_SNO,2025-10-01,100,6987.0,24490.0,principal
SKU_1882_TUR,2025-10-01,261,20474.75,62613.9,principal
SKU_1882_SPA,2025-10-01,89,6981.81,21351.1,principal
SKU_1883_ARM,2025-10-01,269,19764.73,60498.1,principal
SKU_1883_BLU,2025-10-01,46,3379.84,10345.4,principal
SKU_1884_NAV,2025-10-01,156,18897.9,53024.4,principal
SKU_1884_FOR,2025-10-01,156,18897.9,53024.4,principal
SKU_1885_BLA,2025-10-01,80,14561.35,43992.0,principal
SKU_1885_MAG,2025-10-01,114,20749.93,62688.6,principal
SKU_1886_BAL,2025-10-01,107,6971.93,21924.3,principal
SKU_1886_CLO,2025-10-01,87,5668.76,17826.3,principal
SKU_1887_PAS,2025-10-01,99,6514.9,19790.1,principal
SKU_1887_CLE,2025-10-01,29,1908.41,5797.1,principal
SKU_1888_SEA,2025-10-01,118,7253.14,23588.2,principal
SKU_1888_NAV,2025-10-01,92,5654.99,18390.8,principal
SKU_1889_MAR,2025-10-01,101,7908.36,27259.9,principal
SKU_1889_BIR,2025-10-01,287,22472.27,77461.3,principal
SKU_1890_TEA,2025-10-01,46,3538.97,11725.4,principal
SKU_1890_ROY,2025-10-01,87,6693.27,22176.3,principal
SKU_1891_MAR,2025-10-01,148,15787.14,48825.2,principal
SKU_1891_BUB,2025-10-01,226,24107.39,74557.4,principal
SKU_1892_AQU,2025-10-01,230,21895.59,66677.0,principal
SKU_1892_ROS,2025-10-01,247,23513.96,71605.3,principal
SKU_1893_BIR,2025-10-01,97,23859.21,61100.3,principal
SKU_1893_TEA,2025-10-01,96,23613.24,60470.4,principal
SKU_1894_IVO,2025-10-01,274,24796.2,75322.6,principal
SKU_1894_AQU,2025-10-01,92,8325.73,25290.8,principal
SKU_1895_PAS,2025-10-01,264,17031.14,51453.6,principal
SKU_1895_BRI,2025-10-01,86,5548.02,16761.4,principal
SKU_1896_ARM,2025-10-01,282,94266.09,284791.8,principal
SKU_1896_PAS,2025-10-01,96,32090.58,96950.4,principal
SKU_1897_JAD,2025-10-01,260,19421.53,61074.0,principal
SKU_1897_SHO,2025-10-01,106,7918.01,24899.4,principal
SKU_1898_EME,2025-10-01,89,12548.2,43156.1,principal
SKU_1898_WHI,2025-10-01,86,12125.22,41701.4,principal
SKU_1899_SAG,2025-10-01,20,1400.2,4498.0,principal
SKU_1899_SAP,2025-10-01,153,10711.53,34409.7,principal
SKU_1900_HON,2025-10-01,78,9697.11,33142.2,principal
SKU_1900_FRE,2025-10-01,235,29215.65,99851.5,principal
SKU_1901_LIM,2025-10-01,132,9799.67,31006.8,principal
SKU_1901_MIN,2025-10-01,255,18931.18,59899.5,principal
SKU_1902_BLU,2025-10-01,81,22854.27,67221.9,principal
SKU_1902_HOT,2025-10-01,153,43169.18,126974.7,principal
SKU_1903_PAS,2025-10-01,261,31334.59,86103.9,principal
SKU_1903_DUS,2025-10-01,149,17888.33,49155.1,principal
SKU_1904_SNO,2025-10-01,249,67399.67,185480.1,principal
SKU_1904_CLE,2025-10-01,116,31399.04,86408.4,principal
SKU_1905_WHI,2025-10-01,245,29186.09,88175.5,principal
SKU_1905_PRI,2025-10-01,161,19179.43,57943.9,principal
SKU_1906_SHO,2025-10-01,93,9077.91,27425.7,principal
SKU_1906_NAV,2025-10-01,237,23134.02,69891.3,principal
SKU_1907_BLA,2025-10-01,101,8123.76,27764.9,principal
SKU_1907_TEA,2025-10-01,94,7560.73,25840.6,principal
SKU_1908_BLA,2025-10-01,31,2890.59,9761.9,principal
SKU_1908_MID,2025-10-01,90,8392.03,28341.0,principal
SKU_1909_SPA,2025-10-01,86,13154.4,38691.4,principal
SKU_1909_PEA,2025-10-01,226,34568.54,101677.4,principal
SKU_1910_MID,2025-10-01,99,25312.61,74240.1,principal
SKU_1910_MYS,2025-10-01,29,7414.8,21747.1,principal
SKU_1911_RAS,2025-10-01,101,8418.23,21704.9,principal
SKU_1911_LIG,2025-10-01,94,7834.79,20200.6,principal
SKU_1912_PAS,2025-10-01,150,19006.36,57735.0,principal
SKU_1912_MEX,2025-10-01,125,15838.63,48112.5,principal
SKU_1913_PIS,2025-10-01,268,18977.15,52233.2,principal
SKU_1913_MYS,2025-10-01,244,17277.7,47555.6,principal
SKU_1914_SNO,2025-10-01,270,19910.1,53973.0,principal
SKU_1914_BIR,2025-10-01,220,16223.04,43978.0,principal
SKU_1915_SPA,2025-10-01,138,60197.4,160756.2,principal
SKU_1915_DUS,2025-10-01,223,97275.52,259772.7,principal
SKU_1916_TUR,2025-10-01,136,11474.58,34666.4,principal
SKU_1916_HOT,2025-10-01,248,20924.23,63215.2,principal
SKU_1917_IVO,2025-10-01,95,11788.73,35615.5,principal
SKU_1917_LIG,2025-10-01,267,33132.54,100098.3,principal
SKU_1918_SKY,2025-10-01,237,15681.56,47376.3,principal
SKU_1918_WHI,2025-10-01,47,3109.84,9395.3,principal
SKU_1919_COB,2025-10-01,93,20929.36,63230.7,principal
SKU_1919_PEA,2025-10-01,252,56711.82,171334.8,principal
SKU_1920_NAV,2025-10-01,265,22236.97,67548.5,principal
SKU_1920_GAR,2025-10-01,90,7552.18,22941.0,principal
SKU_1921_PIN,2025-10-01,144,11443.42,35985.6,principal
SKU_1921_VAN,2025-10-01,222,17641.94,55477.8,principal
SKU_1922_TEA,2025-10-01,229,46742.35,159132.1,principal
SKU_1922_BLU,2025-10-01,154,31433.72,107014.6,principal
SKU_1923_TUR,2025-10-01,259,14461.6,49184.1,principal
SKU_1923_PEA,2025-10-01,160,8933.81,30384.0,principal
SKU_1924_BIR,2025-10-01,253,48017.9,163159.7,principal
SKU_1924_TEA,2025-10-01,152,28848.7,98024.8,principal
SKU_1925_PIN,2025-10-01,215,24869.76,78453.5,principal
SKU_1925_PRI,2025-10-01,277,32041.5,101077.3,principal
SKU_1926_SHO,2025-10-01,170,17453.89,45883.0,principal
SKU_1926_IVO,2025-10-01,241,24743.46,65045.9,principal
SKU_1927_CER,2025-10-01,93,10602.93,27890.7,principal
SKU_1927_FUC,2025-10-01,98,11172.98,29390.2,principal
SKU_1928_COR,2025-10-01,145,15031.44,45660.5,principal
SKU_1928_BLU,2025-10-01,230,23842.97,72427.0,principal
SKU_1929_COB,2025-10-01,162,15727.13,47773.8,principal
SKU_1929_PEA,2025-10-01,106,10290.59,31259.4,principal
SKU_1930_GAR,2025-10-01,19,4150.11,12538.1,principal
SKU_1930_SHO,2025-10-01,277,60504.25,182792.3,principal
SKU_1931_MID,2025-10-01,102,25012.55,75979.8,principal
SKU_1931_COR,2025-10-01,86,21089.01,64061.4,principal
SKU_1932_NAV,2025-10-01,146,8451.25,28455.4,principal
SKU_1932_COB,2025-10-01,246,14239.78,47945.4,principal
SKU_1933_GAR,2025-10-01,218,15852.78,49028.2,principal
SKU_1933_SNO,2025-10-01,255,18543.39,57349.5,principal
SKU_1934_HON,2025-10-01,164,11393.29,42623.6,principal
SKU_1934_COB,2025-10-01,257,17854.12,66794.3,principal
SKU_1935_DEN,2025-10-01,107,6102.03,19249.3,principal
SKU_1935_HOT,2025-10-01,109,6216.08,19609.1,principal
SKU_1936_HON,2025-10-01,158,8053.7,20524.2,principal
SKU_1936_WHI,2025-10-01,101,5148.25,13119.9,principal
SKU_1937_BUB,2025-10-01,84,5836.06,17631.6,principal
SKU_1937_MIN,2025-10-01,240,16674.46,50376.0,principal
SKU_1938_CRE,2025-10-01,251,74764.59,225874.9,principal
SKU_1938_PAS,2025-10-01,23,6850.94,20697.7,principal
SKU_1939_ROS,2025-10-01,148,7525.53,23665.2,principal
SKU_1939_LIG,2025-10-01,155,7881.47,24784.5,principal
SKU_1940_HUN,2025-10-01,264,94287.36,286413.6,principal
SKU_1940_BIR,2025-10-01,235,83930.03,254951.5,principal
SKU_1941_MIN,2025-10-01,319,110255.04,334918.1,principal
SKU_1941_MIN,2025-10-01,319,110255.04,334918.1,principal
SKU_1942_MYS,2025-10-01,229,88019.61,271342.1,principal
SKU_1942_SAL,2025-10-01,275,105700.4,325847.5,principal
SKU_1943_FUC,2025-10-01,167,13484.04,46743.3,principal
SKU_1943_AQU,2025-10-01,171,13807.01,47862.9,principal
SKU_1944_FUC,2025-10-01,151,19142.01,60384.9,principal
SKU_1944_PIS,2025-10-01,254,32199.15,101574.6,principal
SKU_1945_BAB,2025-10-01,242,15305.31,52005.8,principal
SKU_1945_BRI,2025-10-01,105,6640.73,22564.5,principal
SKU_1946_PEA,2025-10-01,230,29521.26,93127.0,principal
SKU_1946_BUB,2025-10-01,148,18996.29,59925.2,principal
SKU_1947_SKY,2025-10-01,96,16064.44,42230.4,principal
SKU_1947_CLE,2025-10-01,274,45850.6,120532.6,principal
SKU_1948_WHI,2025-10-01,92,6054.25,18390.8,principal
SKU_1948_PAL,2025-10-01,135,8883.96,26986.5,principal
SKU_1949_VAN,2025-10-01,143,7762.77,23580.7,principal
SKU_1949_SKY,2025-10-01,90,4885.66,14841.0,principal
SKU_1950_BLU,2025-10-01,268,35359.44,111193.2,principal
SKU_1950_FLA,2025-10-01,83,10950.87,34436.7,principal
SKU_1951_COR,2025-10-01,84,7048.7,21411.6,principal
SKU_1951_GAR,2025-10-01,145,12167.4,36960.5,principal
SKU_1952_TUR,2025-10-01,89,6003.32,18236.1,principal
SKU_1952_PIS,2025-10-01,163,10994.85,33398.7,principal
SKU_1953_IVO,2025-10-01,56,3633.38,13154.4,principal
SKU_1953_LIM,2025-10-01,137,8888.8,32181.3,principal
SKU_1954_WHI,2025-10-01,91,5691.69,19100.9,principal
SKU_1954_ROY,2025-10-01,130,8130.98,27287.0,principal
SKU_1955_FRE,2025-10-01,163,43565.54,162983.7,principal
SKU_1955_SAL,2025-10-01,136,36349.16,135986.4,principal
SKU_1956_CLO,2025-10-01,224,13964.23,47017.6,principal
SKU_1956_PEA,2025-10-01,167,10410.83,35053.3,principal
SKU_1957_PEA,2025-10-01,92,6226.59,17470.8,principal
SKU_1957_CRE,2025-10-01,146,9881.33,27725.4,principal
SKU_1958_PAS,2025-10-01,98,5997.79,18120.2,principal
SKU_1958_BLU,2025-10-01,243,14872.06,44930.7,principal
SKU_1959_TUR,2025-10-01,254,59763.2,187934.6,principal
SKU_1959_WHI,2025-10-01,42,9882.1,31075.8,principal
SKU_1960_NAV,2025-10-01,130,7485.02,22737.0,principal
SKU_1960_BAL,2025-10-01,162,9327.49,28333.8,principal
SKU_1961_LIG,2025-10-01,157,21561.11,65139.3,principal
SKU_1961_SHO,2025-10-01,221,30350.35,91692.9,principal
SKU_1962_FRE,2025-10-01,148,10470.27,31805.2,principal
SKU_1962_LIG,2025-10-01,243,17191.05,52220.7,principal
SKU_1963_SER,2025-10-01,157,30782.37,109099.3,principal
SKU_1963_IVO,2025-10-01,283,55486.69,196656.7,principal
SKU_1964_SAL,2025-10-01,232,20820.6,68416.8,principal
SKU_1964_BRI,2025-10-01,131,11756.46,38631.9,principal
SKU_1965_GAR,2025-10-01,146,9784.48,34295.4,principal
SKU_1965_DEN,2025-10-01,114,7639.93,26778.6,principal
SKU_1966_FOR,2025-10-01,100,20044.53,67490.0,principal
SKU_1966_CER,2025-10-01,156,31269.47,105284.4,principal
SKU_1967_PAL,2025-10-01,129,9865.76,25142.1,principal
SKU_1967_BAB,2025-10-01,144,11012.94,28065.6,principal
SKU_1968_JAD,2025-10-01,265,15341.35,46348.5,principal
SKU_1968_PAS,2025-10-01,100,5789.19,17490.0,principal
SKU_1969_SER,2025-10-01,241,32698.13,98785.9,principal
SKU_1969_SNO,2025-10-01,159,21572.63,65174.1,principal
SKU_1970_PEA,2025-10-01,132,32317.32,101626.8,principal
SKU_1970_TUR,2025-10-01,89,21789.71,68521.1,principal
SKU_1971_RAS,2025-10-01,98,26773.9,81330.2,principal
SKU_1971_PIN,2025-10-01,32,8742.5,26556.8,principal
SKU_1972_PAS,2025-10-01,224,25572.27,77257.6,principal
SKU_1972_AQU,2025-10-01,19,2169.08,6553.1,principal
SKU_1973_SKY,2025-10-01,163,16581.7,52143.7,principal
SKU_1973_MYS,2025-10-01,113,11495.29,36148.7,principal
SKU_1974_JAD,2025-10-01,261,16591.3,52173.9,principal
SKU_1974_MIN,2025-10-01,228,14493.55,45577.2,principal
SKU_1975_MYS,2025-10-01,267,37774.68,118788.3,principal
SKU_1975_PAS,2025-10-01,11,1556.26,4893.9,principal
SKU_1976_SKY,2025-10-01,19,3376.97,10258.1,principal
SKU_1976_JAD,2025-10-01,23,4087.91,12417.7,principal
SKU_1977_NAV,2025-10-01,107,7611.11,22994.3,principal
SKU_1977_TEA,2025-10-01,153,10883.18,32879.7,principal
SKU_1978_BAL,2025-10-01,222,18363.15,55477.8,principal
SKU_1978_ROS,2025-10-01,95,7858.11,23740.5,principal
SKU_1979_MAR,2025-10-01,125,8063.99,24362.5,principal
SKU_1979_DEN,2025-10-01,88,5677.05,17151.2,principal
SKU_1980_DEN,2025-10-01,257,13105.22,39809.3,principal
SKU_1980_DEE,2025-10-01,225,11473.44,34852.5,principal
SKU_1981_FOR,2025-10-01,87,14245.22,44796.3,principal
SKU_1981_SEA,2025-10-01,95,15555.13,48915.5,principal
SKU_1982_PIS,2025-10-01,98,7255.63,22040.2,principal
SKU_1982_VAN,2025-10-01,257,19027.53,57799.3,principal
SKU_1983_GAR,2025-10-01,86,6150.57,19341.4,principal
SKU_1983_SAP,2025-10-01,243,17378.92,54650.7,principal
SKU_1984_PIN,2025-10-01,45,4280.64,13495.5,principal
SKU_1984_PAS,2025-10-01,212,20166.56,63578.8,principal
SKU_1985_WHI,2025-10-01,89,10523.7,36481.1,principal
SKU_1985_PAS,2025-10-01,91,10760.19,37300.9,principal
SKU_1986_BUB,2025-10-01,285,17605.47,59821.5,principal
SKU_1986_TEA,2025-10-01,228,14084.37,47857.2,principal
SKU_1987_MYS,2025-10-01,231,82006.92,258696.9,principal
SKU_1987_CLO,2025-10-01,179,63546.49,200462.1,principal
SKU_1988_WHI,2025-10-01,180,29093.75,76482.0,principal
SKU_1988_WHI,2025-10-01,180,29093.75,76482.0,principal
SKU_1989_HOT,2025-10-01,108,12440.2,37789.2,principal
SKU_1989_MAG,2025-10-01,256,29487.89,89574.4,principal
SKU_1990_LIM,2025-10-01,209,12445.3,37599.1,principal
SKU_1990_IVO,2025-10-01,118,7026.53,21228.2,principal
SKU_1991_GAR,2025-10-01,242,23079.1,72575.8,principal
SKU_1991_PIN,2025-10-01,103,9822.92,30889.7,principal
SKU_1992_BAL,2025-10-01,250,76119.27,231225.0,principal
SKU_1992_DEE,2025-10-01,159,48411.86,147059.1,principal
SKU_1993_SAP,2025-10-01,227,14790.91,46512.3,principal
SKU_1993_MEX,2025-10-01,138,8991.83,28276.2,principal
SKU_1994_COB,2025-10-01,75,5531.06,20242.5,principal
SKU_1994_LIM,2025-10-01,182,13422.04,49121.8,principal
SKU_1995_WHI,2025-10-01,252,18001.73,59194.8,principal
SKU_1995_EME,2025-10-01,139,9929.53,32651.1,principal
SKU_1996_SHO,2025-10-01,89,5826.1,21796.1,principal
SKU_1996_BLA,2025-10-01,113,7397.18,27673.7,principal
SKU_1997_MID,2025-10-01,75,4514.87,14242.5,principal
SKU_1997_SPA,2025-10-01,212,12762.04,40258.8,principal
SKU_1998_COR,2025-10-01,153,20655.61,54299.7,principal
SKU_1998_SAL,2025-10-01,241,32535.95,85530.9,principal
SKU_1999_COB,2025-10-01,258,20059.99,60604.2,principal
SKU_1999_SKY,2025-10-01,159,12362.55,37349.1,principal
SKU_2000_SHO,2025-10-01,265,18747.45,56948.5,principal
SKU_2000_SAG,2025-10-01,72,5093.65,15472.8,principal
SKU_2001_DEN,2025-10-01,263,32190.73,101228.7,principal
SKU_2001_MAR,2025-10-01,219,26805.21,84293.1,principal
SKU_2002_WHI,2025-10-01,246,16593.46,50405.4,principal
SKU_2002_VAN,2025-10-01,99,6677.85,20285.1,principal
SKU_2003_BAL,2025-10-01,144,11434.59,34545.6,principal
SKU_2003_FOR,2025-10-01,250,19851.72,59975.0,principal
SKU_2004_MIN,2025-10-01,102,6404.33,22939.8,principal
SKU_2004_AQU,2025-10-01,126,7911.24,28337.4,principal
SKU_2005_FUC,2025-10-01,98,4974.36,17630.2,principal
SKU_2005_TEA,2025-10-01,156,7918.37,28064.4,principal
SKU_2006_PRI,2025-10-01,158,38217.0,142974.2,principal
SKU_2006_DEN,2025-10-01,98,23704.22,88680.2,principal
SKU_2007_LIG,2025-10-01,238,14836.99,49956.2,principal
SKU_2007_SAG,2025-10-01,9,561.06,1889.1,principal
SKU_2008_HOT,2025-10-01,216,18852.99,52898.4,principal
SKU_2008_SAL,2025-10-01,104,9077.37,25469.6,principal
SKU_2009_WHI,2025-10-01,85,8075.17,21241.5,principal
SKU_2009_DUS,2025-10-01,232,22040.46,57976.8,principal
SKU_2010_SPA,2025-10-01,255,77644.16,234574.5,principal
SKU_2010_BIR,2025-10-01,84,25576.9,77271.6,principal
SKU_2011_TUR,2025-10-01,101,8475.22,25744.9,principal
SKU_2011_PIN,2025-10-01,92,7720.0,23450.8,principal
SKU_2012_ROY,2025-10-01,151,39369.96,123804.9,principal
SKU_2012_SKY,2025-10-01,243,63356.95,199235.7,principal
SKU_2013_TEA,2025-10-01,222,13586.82,41047.8,principal
SKU_2013_MYS,2025-10-01,147,8996.68,27180.3,principal
SKU_2014_BLA,2025-10-01,255,26854.33,81574.5,principal
SKU_2014_BRI,2025-10-01,54,5686.8,17274.6,principal
SKU_2015_OLI,2025-10-01,36,3604.98,11336.4,principal
SKU_2015_HUN,2025-10-01,231,23131.92,72741.9,principal
SKU_2016_SAP,2025-10-01,148,10957.49,33285.2,principal
SKU_2016_PEA,2025-10-01,89,6589.3,20016.1,principal
SKU_2017_SHO,2025-10-01,147,13786.99,41880.3,principal
SKU_2017_FRE,2025-10-01,242,22696.96,68945.8,principal
SKU_2018_OFF,2025-10-01,84,13270.58,40311.6,principal
SKU_2018_BAB,2025-10-01,147,23223.51,70545.3,principal
SKU_2019_SAG,2025-10-01,240,43684.06,131976.0,principal
SKU_2019_TUR,2025-10-01,29,5278.49,15947.1,principal
SKU_2020_FOR,2025-10-01,108,8067.41,25369.2,principal
SKU_2020_BAB,2025-10-01,246,18375.76,57785.4,principal
SKU_2021_NAV,2025-10-01,75,4714.27,14242.5,principal
SKU_2021_SAL,2025-10-01,279,17537.08,52982.1,principal
SKU_2022_SHO,2025-10-01,89,7921.73,24911.1,principal
SKU_2022_ROY,2025-10-01,56,4984.46,15674.4,principal
SKU_2023_MID,2025-10-01,240,12702.46,38376.0,principal
SKU_2023_SPA,2025-10-01,46,2434.64,7355.4,principal
SKU_2024_MIN,2025-10-01,162,19828.51,62353.8,principal
SKU_2024_LIG,2025-10-01,161,19706.11,61968.9,principal
SKU_2025_BAB,2025-10-01,105,7346.13,24139.5,principal
SKU_2025_SAP,2025-10-01,258,18050.5,59314.2,principal
SKU_2026_HON,2025-10-01,82,25968.08,84451.8,principal
SKU_2026_ROY,2025-10-01,219,69353.79,225548.1,principal
SKU_2027_CLE,2025-10-01,106,10581.61,37089.4,principal
SKU_2027_MAR,2025-10-01,165,16471.37,57733.5,principal
SKU_2028_PIS,2025-10-01,258,18765.71,63184.2,principal
SKU_2028_PAL,2025-10-01,208,15128.94,50939.2,principal
SKU_2029_BAB,2025-10-01,91,31583.78,87805.9,principal
SKU_2029_PRI,2025-10-01,129,44772.61,124472.1,principal
SKU_2030_SER,2025-10-01,177,23222.39,61047.3,principal
SKU_2030_BRI,2025-10-01,261,34243.19,90018.9,principal
SKU_2031_SNO,2025-10-01,225,30396.69,78727.5,principal
SKU_2031_NAV,2025-10-01,85,11483.19,29741.5,principal
SKU_2032_LIM,2025-10-01,147,12335.22,37470.3,principal
SKU_2032_WHI,2025-10-01,252,21146.1,64234.8,principal
SKU_2033_PRI,2025-10-01,249,24728.33,77165.1,principal
SKU_2033_RAS,2025-10-01,223,22146.25,69107.7,principal
SKU_2034_DUS,2025-10-01,153,8347.26,25994.7,principal
SKU_2034_PAS,2025-10-01,129,7037.89,21917.1,principal
SKU_2035_LIG,2025-10-01,102,6751.18,22939.8,principal
SKU_2035_AQU,2025-10-01,234,15488.01,52626.6,principal
SKU_2036_SPA,2025-10-01,230,18042.88,55177.0,principal
SKU_2036_MAR,2025-10-01,98,7687.84,23510.2,principal
SKU_2037_SNO,2025-10-01,119,30744.17,86263.1,principal
SKU_2037_SEA,2025-10-01,250,64588.59,181225.0,principal
SKU_2038_OFF,2025-10-01,71,26671.28,80577.9,principal
SKU_2038_COB,2025-10-01,246,92410.37,279185.4,principal
SKU_2039_OLI,2025-10-01,88,29853.29,90191.2,principal
SKU_2039_EME,2025-10-01,151,51225.53,154759.9,principal
SKU_2040_BIR,2025-10-01,169,16496.41,49838.1,principal
SKU_2040_MIN,2025-10-01,104,10151.64,30669.6,principal
SKU_2041_POW,2025-10-01,14,1013.48,3078.6,principal
SKU_2041_MOS,2025-10-01,137,9917.58,30126.3,principal
SKU_2042_WHI,2025-10-01,99,25065.01,75725.1,principal
SKU_2042_SER,2025-10-01,241,61016.84,184340.9,principal
SKU_2043_ROS,2025-10-01,11,1152.37,3848.9,principal
SKU_2043_WHI,2025-10-01,152,15923.59,53184.8,principal
SKU_2044_PAS,2025-10-01,94,6850.05,23490.6,principal
SKU_2044_COB,2025-10-01,131,9546.35,32736.9,principal
SKU_2045_AQU,2025-10-01,146,8374.42,28455.4,principal
SKU_2045_MID,2025-10-01,91,5219.68,17735.9,principal
SKU_2046_BLA,2025-10-01,91,13916.2,46855.9,principal
SKU_2046_MAR,2025-10-01,148,22632.94,76205.2,principal
SKU_2047_HUN,2025-10-01,237,101415.13,266601.3,principal
SKU_2047_FUC,2025-10-01,128,54772.73,143987.2,principal
SKU_2048_MAR,2025-10-01,131,16598.89,50421.9,principal
SKU_2048_FOR,2025-10-01,94,11910.65,36180.6,principal
SKU_2049_TEA,2025-10-01,14,956.73,3008.6,principal
SKU_2049_PAS,2025-10-01,98,6697.14,21060.2,principal
SKU_2050_MOS,2025-10-01,289,43515.28,131466.1,principal
SKU_2050_BLU,2025-10-01,113,17014.62,51403.7,principal
SKU_2051_FOR,2025-10-01,86,21796.79,66211.4,principal
SKU_2051_MEX,2025-10-01,137,34722.8,105476.3,principal
SKU_2052_NAV,2025-10-01,242,23079.1,72575.8,principal
SKU_2052_FLA,2025-10-01,147,14019.13,44085.3,principal
SKU_2053_DEN,2025-10-01,268,28314.99,93773.2,principal
SKU_2053_EGR,2025-10-01,152,16059.25,53184.8,principal
SKU_2054_ROY,2025-10-01,101,12519.73,41399.9,principal
SKU_2054_SAL,2025-10-01,268,33220.66,109853.2,principal
SKU_2055_RAS,2025-10-01,271,33314.37,124632.9,principal
SKU_2056_DEN,2025-10-01,93,31472.34,96245.7,principal
SKU_2056_SKY,2025-10-01,259,87648.79,268039.1,principal
SKU_2057_SNO,2025-10-01,279,100283.75,263627.1,principal
SKU_2057_VAN,2025-10-01,49,17612.56,46300.1,principal
SKU_2058_BUB,2025-10-01,265,18311.26,55623.5,principal
SKU_2058_MOS,2025-10-01,228,15754.59,47857.2,principal
SKU_2059_WHI,2025-10-01,142,28895.32,90865.8,principal
SKU_2059_SNO,2025-10-01,38,7732.55,24316.2,principal
SKU_2060_MEX,2025-10-01,253,75216.44,236529.7,principal
SKU_2060_VAN,2025-10-01,242,71946.16,226245.8,principal
SKU_2061_POW,2025-10-01,148,10226.66,31065.2,principal
SKU_2061_BRI,2025-10-01,241,16652.88,50585.9,principal
SKU_2062_BAB,2025-10-01,225,10362.39,31477.5,principal
SKU_2062_DUS,2025-10-01,131,6033.22,18326.9,principal
SKU_2063_POW,2025-10-01,111,8079.35,24408.9,principal
SKU_2063_SHO,2025-10-01,145,10554.1,31885.5,principal
SKU_2064_PIS,2025-10-01,239,31463.65,95576.1,principal
SKU_2064_SAP,2025-10-01,219,28830.71,87578.1,principal
SKU_2065_OFF,2025-10-01,104,6843.94,20789.6,principal
SKU_2065_DUS,2025-10-01,237,15596.28,47376.3,principal
SKU_2066_TEA,2025-10-01,132,20749.33,62686.8,principal
SKU_2066_BLA,2025-10-01,163,25622.28,77408.7,principal
SKU_2067_MIN,2025-10-01,227,25257.88,79427.3,principal
SKU_2067_DUS,2025-10-01,167,18581.79,58433.3,principal
SKU_2068_IVO,2025-10-01,124,16528.34,50207.6,principal
SKU_2068_HON,2025-10-01,92,12262.96,37250.8,principal
SKU_2069_TEA,2025-10-01,224,15663.92,49257.6,principal
SKU_2069_BUB,2025-10-01,165,11538.15,36283.5,principal
SKU_2070_COR,2025-10-01,258,18252.23,55444.2,principal
SKU_2070_SPA,2025-10-01,105,7428.23,22564.5,principal
SKU_2071_PAS,2025-10-01,140,11978.27,36386.0,principal
SKU_2071_PEA,2025-10-01,89,7614.76,23131.1,principal
SKU_2072_BAB,2025-10-01,271,24210.3,73142.9,principal
SKU_2072_MIN,2025-10-01,99,8844.35,26720.1,principal
SKU_2073_HUN,2025-10-01,249,23763.33,72185.1,principal
SKU_2073_PAL,2025-10-01,135,12883.74,39136.5,principal
SKU_2074_PAS,2025-10-01,108,7940.38,28609.2,principal
SKU_2074_ARM,2025-10-01,144,10587.18,38145.6,principal
SKU_2075_COB,2025-10-01,204,14533.38,48939.6,principal
SKU_2075_COR,2025-10-01,150,10686.31,35985.0,principal
SKU_2076_MIN,2025-10-01,146,18533.35,69335.4,principal
SKU_2076_SAG,2025-10-01,161,20437.46,76458.9,principal
SKU_2077_MOS,2025-10-01,263,17621.6,53888.7,principal
SKU_2077_PIS,2025-10-01,206,13802.47,42209.4,principal
SKU_2078_ARM,2025-10-01,84,7665.67,20151.6,principal
SKU_2078_CLE,2025-10-01,247,22540.72,59255.3,principal
SKU_2079_TUR,2025-10-01,164,57762.62,175463.6,principal
SKU_2079_WHI,2025-10-01,242,85235.08,258915.8,principal
SKU_2080_FLA,2025-10-01,225,17769.39,53977.5,principal
SKU_2080_VAN,2025-10-01,126,9950.86,30227.4,principal
SKU_2081_PAL,2025-10-01,100,12398.82,38990.0,principal
SKU_2081_HUN,2025-10-01,237,29385.2,92406.3,principal
SKU_2082_PAS,2025-10-01,276,46582.42,140732.4,principal
SKU_2082_HON,2025-10-01,250,42194.23,127475.0,principal
SKU_2083_GAR,2025-10-01,261,20182.89,61308.9,principal
SKU_2083_VAN,2025-10-01,83,6418.31,19496.7,principal
SKU_2084_MAR,2025-10-01,255,20047.56,64999.5,principal
SKU_2084_GAR,2025-10-01,177,13915.37,45117.3,principal
SKU_2085_ARM,2025-10-01,148,21015.84,67325.2,principal
SKU_2085_OLI,2025-10-01,250,35499.74,113725.0,principal
SKU_2086_SHO,2025-10-01,92,7989.81,29890.8,principal
SKU_2086_MAG,2025-10-01,252,21885.13,81874.8,principal
SKU_2087_DEN,2025-10-01,101,8253.45,25239.9,principal
SKU_2087_CER,2025-10-01,88,7191.12,21991.2,principal
SKU_2088_VAN,2025-10-01,272,113287.99,297812.8,principal
SKU_2088_DUS,2025-10-01,261,108706.49,285768.9,principal
SKU_2089_EGR,2025-10-01,91,14906.88,45035.9,principal
SKU_2089_CLO,2025-10-01,293,47996.89,145005.7,principal
SKU_2090_LIG,2025-10-01,246,21569.75,65165.4,principal
SKU_2090_BUB,2025-10-01,93,8154.42,24635.7,principal
SKU_2091_BIR,2025-10-01,18,1429.32,4318.2,principal
SKU_2091_AQU,2025-10-01,118,9370.01,28308.2,principal
SKU_2092_EGR,2025-10-01,137,11976.29,37661.3,principal
SKU_2092_FUC,2025-10-01,92,8042.47,25290.8,principal
SKU_2093_SKY,2025-10-01,101,7477.75,22714.9,principal
SKU_2093_MYS,2025-10-01,272,20138.09,61172.8,principal
SKU_2094_MYS,2025-10-01,230,12924.29,42527.0,principal
SKU_2094_OLI,2025-10-01,153,8597.46,28289.7,principal
SKU_2095_CLO,2025-10-01,97,7105.22,23270.3,principal
SKU_2095_SEA,2025-10-01,23,1684.74,5517.7,principal
SKU_2096_TEA,2025-10-01,100,7648.86,25990.0,principal
SKU_2096_SNO,2025-10-01,118,9025.65,30668.2,principal
SKU_2097_SPA,2025-10-01,33,1959.22,6596.7,principal
SKU_2097_ROS,2025-10-01,245,14545.72,48975.5,principal
SKU_2098_EME,2025-10-01,151,17473.53,44529.9,principal
SKU_2098_SPA,2025-10-01,97,11224.72,28605.3,principal
SKU_2099_DEE,2025-10-01,39,3484.14,10526.1,principal
SKU_2099_LIG,2025-10-01,58,5181.54,15654.2,principal
SKU_2100_BLU,2025-10-01,122,40760.82,123817.8,principal
SKU_2100_MAG,2025-10-01,227,75841.85,230382.3,principal
SKU_2101_PAS,2025-10-01,251,20346.54,61469.9,principal
SKU_2101_BUB,2025-10-01,272,22048.84,66612.8,principal
SKU_2102_WHI,2025-10-01,44,10422.64,32775.6,principal
SKU_2102_CLO,2025-10-01,140,33162.95,104286.0,principal
SKU_2103_RAS,2025-10-01,214,31977.63,100558.6,principal
SKU_2103_FUC,2025-10-01,89,13299.11,41821.1,principal
SKU_2104_LIG,2025-10-01,147,10513.18,33060.3,principal
SKU_2104_PEA,2025-10-01,104,7437.89,23389.6,principal
SKU_2105_RAS,2025-10-01,281,30372.78,95511.9,principal
SKU_2105_LIG,2025-10-01,162,17510.29,55063.8,principal
SKU_2106_HON,2025-10-01,80,6186.33,18792.0,principal
SKU_2106_FUC,2025-10-01,79,6109.0,18557.1,principal
SKU_2107_SNO,2025-10-01,30,4219.26,12747.0,principal
SKU_2107_WHI,2025-10-01,203,28550.31,86254.7,principal
SKU_2108_BLU,2025-10-01,139,13256.18,41686.1,principal
SKU_2108_MAR,2025-10-01,260,24795.73,77974.0,principal
SKU_2109_TEA,2025-10-01,157,15971.33,50224.3,principal
SKU_2109_WHI,2025-10-01,104,10579.73,33269.6,principal
SKU_2110_SPA,2025-10-01,97,6783.04,21330.3,principal
SKU_2110_TEA,2025-10-01,146,10209.52,32105.4,principal
SKU_2111_SNO,2025-10-01,22,1643.36,5167.8,principal
SKU_2111_ARM,2025-10-01,263,19645.63,61778.7,principal
SKU_2112_MID,2025-10-01,145,15442.24,48560.5,principal
SKU_2112_TEA,2025-10-01,124,13205.78,41527.6,principal
SKU_2113_DUS,2025-10-01,88,4803.21,14511.2,principal
SKU_2113_NAV,2025-10-01,224,12226.35,36937.6,principal
SKU_2114_DUS,2025-10-01,124,15374.54,48347.6,principal
SKU_2114_BIR,2025-10-01,168,20830.02,65503.2,principal
SKU_2115_CER,2025-10-01,310,37682.92,119319.0,principal
SKU_2115_PEA,2025-10-01,256,31118.8,98534.4,principal
SKU_2116_SNO,2025-10-01,85,10221.42,32291.5,principal
SKU_2116_BLA,2025-10-01,244,29341.49,92695.6,principal
SKU_2117_RAS,2025-10-01,152,31280.73,117024.8,principal
SKU_2117_SAL,2025-10-01,239,49184.83,184006.1,principal
SKU_1000_COR,2025-11-01,0,0.0,0.0,principal
SKU_1000_EME,2025-11-01,134,8007.44,27456.6,principal
SKU_1000_ROY,2025-11-01,179,10696.51,36677.1,principal
SKU_1001_AQU,2025-11-01,92,23113.64,86470.8,principal
SKU_1001_SAP,2025-11-01,165,41453.82,155083.5,principal
SKU_1002_COR,2025-11-01,63,4839.17,14798.7,principal
SKU_1002_MYS,2025-11-01,59,4531.93,13859.1,principal
SKU_1003_SNO,2025-11-01,120,17182.41,43788.0,principal
SKU_1003_DUS,2025-11-01,160,22909.88,58384.0,principal
SKU_1004_FOR,2025-11-01,0,0.0,0.0,principal
SKU_1004_MEX,2025-11-01,97,11058.97,29090.3,principal
SKU_1005_OLI,2025-11-01,0,0.0,0.0,principal
SKU_1005_MYS,2025-11-01,0,0.0,0.0,principal
SKU_1006_MOS,2025-11-01,90,5434.94,17091.0,principal
SKU_1006_FOR,2025-11-01,81,4891.44,15381.9,principal
SKU_1007_COB,2025-11-01,148,13879.17,43645.2,principal
SKU_1007_FOR,2025-11-01,130,12191.17,38337.0,principal
SKU_1008_MEX,2025-11-01,146,15701.12,47435.4,principal
SKU_1008_WHI,2025-11-01,123,13227.65,39962.7,principal
SKU_1009_BAB,2025-11-01,169,24035.27,87018.1,principal
SKU_1009_MAG,2025-11-01,0,0.0,0.0,principal
SKU_1010_SNO,2025-11-01,120,13584.31,45588.0,principal
SKU_1010_BRI,2025-11-01,0,0.0,0.0,principal
SKU_1011_CER,2025-11-01,72,5001.93,18712.8,principal
SKU_1011_MIN,2025-11-01,54,3751.45,14034.6,principal
SKU_1012_VAN,2025-11-01,124,35719.48,120267.6,principal
SKU_1012_CLO,2025-11-01,157,45225.47,152274.3,principal
SKU_1013_LIG,2025-11-01,92,6295.92,16550.8,principal
SKU_1013_LIG,2025-11-01,92,6295.92,16550.8,principal
SKU_1014_FLA,2025-11-01,135,17869.53,53986.5,principal
SKU_1014_MIN,2025-11-01,155,20516.87,61984.5,principal
SKU_1015_ROY,2025-11-01,152,47036.69,142104.8,principal
SKU_1015_TUR,2025-11-01,51,15782.05,47679.9,principal
SKU_1016_HON,2025-11-01,55,3912.25,11819.5,principal
SKU_1016_SNO,2025-11-01,0,0.0,0.0,principal
SKU_1017_PAS,2025-11-01,164,7817.58,24583.6,principal
SKU_1017_BAL,2025-11-01,87,4147.13,13041.3,principal
SKU_1018_TEA,2025-11-01,158,6024.26,18944.2,principal
SKU_1018_ARM,2025-11-01,165,6291.15,19783.5,principal
SKU_1019_NAV,2025-11-01,65,5348.93,17218.5,principal
SKU_1019_GAR,2025-11-01,81,6665.59,21456.9,principal
SKU_1020_NAV,2025-11-01,54,3285.01,10794.6,principal
SKU_1020_LIG,2025-11-01,100,6083.36,19990.0,principal
SKU_1021_CRE,2025-11-01,87,6625.38,24786.3,principal
SKU_1021_PAS,2025-11-01,176,13403.06,50142.4,principal
SKU_1022_PAL,2025-11-01,142,14854.24,45425.8,principal
SKU_1022_DEN,2025-11-01,63,6590.26,20153.7,principal
SKU_1023_DEN,2025-11-01,142,15596.25,39745.8,principal
SKU_1023_FOR,2025-11-01,180,19769.9,50382.0,principal
SKU_1024_VAN,2025-11-01,165,13166.27,34633.5,principal
SKU_1024_DEN,2025-11-01,76,6064.46,15952.4,principal
SKU_1025_WHI,2025-11-01,119,18349.59,57703.1,principal
SKU_1025_MIN,2025-11-01,104,16036.61,50429.6,principal
SKU_1026_CLO,2025-11-01,0,0.0,0.0,principal
SKU_1026_SPA,2025-11-01,62,8468.27,25723.8,principal
SKU_1027_MAR,2025-11-01,189,25236.83,79361.1,principal
SKU_1027_BIR,2025-11-01,174,23233.91,73062.6,principal
SKU_1028_BLU,2025-11-01,99,19830.51,62360.1,principal
SKU_1028_AQU,2025-11-01,59,11818.18,37164.1,principal
SKU_1029_BLU,2025-11-01,179,13940.2,43837.1,principal
SKU_1029_BAL,2025-11-01,76,5918.74,18612.4,principal
SKU_1030_CRE,2025-11-01,92,19013.47,59790.8,principal
SKU_1030_DEN,2025-11-01,69,14260.11,44843.1,principal
SKU_1031_COR,2025-11-01,154,24207.55,73134.6,principal
SKU_1031_HON,2025-11-01,0,0.0,0.0,principal
SKU_1032_EME,2025-11-01,153,16780.76,52769.7,principal
SKU_1032_HON,2025-11-01,154,16890.44,53114.6,principal
SKU_1033_NAV,2025-11-01,164,33893.58,106583.6,principal
SKU_1033_LIM,2025-11-01,111,22940.17,72138.9,principal
SKU_1034_PAS,2025-11-01,87,6154.82,18696.3,principal
SKU_1034_PIS,2025-11-01,109,7711.21,23424.1,principal
SKU_1035_SAP,2025-11-01,172,35820.41,112642.8,principal
SKU_1035_FUC,2025-11-01,160,33321.31,104784.0,principal
SKU_1036_BIR,2025-11-01,80,19749.37,59992.0,principal
SKU_1036_MID,2025-11-01,88,21724.3,65991.2,principal
SKU_1037_PRI,2025-11-01,54,3604.4,11334.6,principal
SKU_1037_SPA,2025-11-01,107,7142.06,22459.3,principal
SKU_1038_LIG,2025-11-01,51,4133.97,12999.9,principal
SKU_1038_FLA,2025-11-01,116,9402.75,29568.4,principal
SKU_1039_ARM,2025-11-01,71,3640.3,10997.9,principal
SKU_1039_MIN,2025-11-01,87,4460.66,13476.3,principal
SKU_1040_BLA,2025-11-01,85,9145.21,29741.5,principal
SKU_1040_BAB,2025-11-01,85,9145.21,29741.5,principal
SKU_1041_EME,2025-11-01,106,6936.18,23309.4,principal
SKU_1041_SNO,2025-11-01,66,4318.75,14513.4,principal
SKU_1042_SEA,2025-11-01,124,11491.71,39047.6,principal
SKU_1042_EME,2025-11-01,163,15106.04,51328.7,principal
SKU_1043_SPA,2025-11-01,55,14291.49,48119.5,principal
SKU_1043_CER,2025-11-01,78,20267.93,68242.2,principal
SKU_1044_SER,2025-11-01,186,60841.71,159941.4,principal
SKU_1044_COR,2025-11-01,125,40888.24,107487.5,principal
SKU_1045_FOR,2025-11-01,50,4845.14,12745.0,principal
SKU_1045_BUB,2025-11-01,131,12694.26,33391.9,principal
SKU_1046_SNO,2025-11-01,0,0.0,0.0,principal
SKU_1046_PAS,2025-11-01,74,3916.59,11832.6,principal
SKU_1047_ROY,2025-11-01,168,11672.12,35263.2,principal
SKU_1047_DEE,2025-11-01,62,4307.57,13013.8,principal
SKU_1048_MAR,2025-11-01,146,11530.36,35025.4,principal
SKU_1048_PEA,2025-11-01,0,0.0,0.0,principal
SKU_1049_BAL,2025-11-01,153,38022.5,115499.7,principal
SKU_1049_LIG,2025-11-01,176,43738.3,132862.4,principal
SKU_1050_BUB,2025-11-01,0,0.0,0.0,principal
SKU_1050_PRI,2025-11-01,154,13693.84,46954.6,principal
SKU_1051_CLE,2025-11-01,126,28734.56,94487.4,principal
SKU_1051_LIG,2025-11-01,170,38768.86,127483.0,principal
SKU_1052_PAS,2025-11-01,142,13162.54,46135.8,principal
SKU_1052_FRE,2025-11-01,112,10381.72,36388.8,principal
SKU_1053_SHO,2025-11-01,0,0.0,0.0,principal
SKU_1053_NAV,2025-11-01,59,6171.83,18874.1,principal
SKU_1054_DEE,2025-11-01,105,13281.07,37264.5,principal
SKU_1054_PAS,2025-11-01,72,9107.02,25552.8,principal
SKU_1055_LIG,2025-11-01,188,70622.56,213361.2,principal
SKU_1055_PAL,2025-11-01,0,0.0,0.0,principal
SKU_1056_CRE,2025-11-01,135,10496.51,31711.5,principal
SKU_1056_OLI,2025-11-01,162,12595.81,38053.8,principal
SKU_1057_ROY,2025-11-01,58,3530.41,10724.2,principal
SKU_1057_SNO,2025-11-01,0,0.0,0.0,principal
SKU_1058_MID,2025-11-01,66,4090.56,12863.4,principal
SKU_1058_SHO,2025-11-01,122,7561.34,23777.8,principal
SKU_1059_PEA,2025-11-01,92,8773.87,27590.8,principal
SKU_1059_OFF,2025-11-01,156,14877.44,46784.4,principal
SKU_1060_CRE,2025-11-01,142,48444.87,157605.8,principal
SKU_1060_LIM,2025-11-01,59,20128.5,65484.1,principal
SKU_1061_PAS,2025-11-01,153,17694.95,62714.7,principal
SKU_1061_EGR,2025-11-01,60,6939.2,24594.0,principal
SKU_1062_OLI,2025-11-01,166,9467.22,33183.4,principal
SKU_1062_MID,2025-11-01,130,7414.09,25987.0,principal
SKU_1063_SNO,2025-11-01,111,6506.08,20523.9,principal
SKU_1063_SAP,2025-11-01,60,3516.8,11094.0,principal
SKU_1064_PRI,2025-11-01,100,6768.04,18990.0,principal
SKU_1064_BIR,2025-11-01,140,9475.25,26586.0,principal
SKU_1065_CLE,2025-11-01,141,29934.45,90930.9,principal
SKU_1065_COB,2025-11-01,126,26749.94,81257.4,principal
SKU_1066_IVO,2025-11-01,173,10301.61,31122.7,principal
SKU_1066_WHI,2025-11-01,80,4763.75,14392.0,principal
SKU_1067_EME,2025-11-01,79,6654.82,20927.1,principal
SKU_1067_WHI,2025-11-01,74,6233.63,19602.6,principal
SKU_1068_COR,2025-11-01,75,19733.39,59617.5,principal
SKU_1068_BAL,2025-11-01,0,0.0,0.0,principal
SKU_1069_OLI,2025-11-01,0,0.0,0.0,principal
SKU_1069_CRE,2025-11-01,88,15434.93,46631.2,principal
SKU_1070_LIG,2025-11-01,0,0.0,0.0,principal
SKU_1070_MID,2025-11-01,153,17466.77,52769.7,principal
SKU_1071_BAB,2025-11-01,176,15637.79,47502.4,principal
SKU_1071_SKY,2025-11-01,146,12972.26,39405.4,principal
SKU_1072_PAS,2025-11-01,152,23138.49,69904.8,principal
SKU_1072_CER,2025-11-01,133,20246.18,61166.7,principal
SKU_1073_FRE,2025-11-01,91,9635.71,29110.9,principal
SKU_1073_BLU,2025-11-01,116,12282.88,37108.4,principal
SKU_1074_JAD,2025-11-01,137,9241.07,28071.3,principal
SKU_1074_PRI,2025-11-01,174,11736.84,35652.6,principal
SKU_1075_NAV,2025-11-01,101,9311.01,29279.9,principal
SKU_1075_LIG,2025-11-01,166,15303.24,48123.4,principal
SKU_1076_BLU,2025-11-01,0,0.0,0.0,principal
SKU_1076_POW,2025-11-01,140,9904.31,30086.0,principal
SKU_1077_NAV,2025-11-01,65,4752.03,14943.5,principal
SKU_1077_MAR,2025-11-01,84,6141.09,19311.6,principal
SKU_1078_GAR,2025-11-01,0,0.0,0.0,principal
SKU_1078_BLU,2025-11-01,161,15866.26,49893.9,principal
SKU_1079_BAB,2025-11-01,103,9321.2,28314.7,principal
SKU_1079_JAD,2025-11-01,153,13846.05,42059.7,principal
SKU_1080_TEA,2025-11-01,109,16460.98,51764.1,principal
SKU_1080_MAR,2025-11-01,72,10873.31,34192.8,principal
SKU_1081_EGR,2025-11-01,58,5096.24,16234.2,principal
SKU_1081_PAS,2025-11-01,125,10983.28,34987.5,principal
SKU_1082_PIN,2025-11-01,156,10068.58,32744.4,principal
SKU_1082_LIG,2025-11-01,172,11101.25,36102.8,principal
SKU_1083_OFF,2025-11-01,56,7579.52,25754.4,principal
SKU_1083_BAB,2025-11-01,133,18001.36,61166.7,principal
SKU_1084_DUS,2025-11-01,63,20392.93,62363.7,principal
SKU_1084_PAS,2025-11-01,81,26219.48,80181.9,principal
SKU_1085_COB,2025-11-01,114,18618.18,56988.6,principal
SKU_1085_CRE,2025-11-01,84,13718.66,41991.6,principal
SKU_1086_PRI,2025-11-01,177,15620.38,39807.3,principal
SKU_1086_CRE,2025-11-01,72,6354.05,16192.8,principal
SKU_1087_BIR,2025-11-01,84,12158.91,31491.6,principal
SKU_1087_SNO,2025-11-01,142,20554.34,53235.8,principal
SKU_1088_CER,2025-11-01,130,30594.86,92937.0,principal
SKU_1088_HON,2025-11-01,141,33183.66,100800.9,principal
SKU_1089_GAR,2025-11-01,180,17545.68,60282.0,principal
SKU_1089_EGR,2025-11-01,120,11697.12,40188.0,principal
SKU_1090_PAL,2025-11-01,175,7580.7,23607.5,principal
SKU_1090_WHI,2025-11-01,88,3812.01,11871.2,principal
SKU_1091_OFF,2025-11-01,65,5471.23,20468.5,principal
SKU_1091_MOS,2025-11-01,126,10605.77,39677.4,principal
SKU_1092_TUR,2025-11-01,142,15318.58,46845.8,principal
SKU_1092_MIN,2025-11-01,186,20065.18,61361.4,principal
SKU_1093_GAR,2025-11-01,0,0.0,0.0,principal
SKU_1093_TEA,2025-11-01,83,34459.14,96686.7,principal
SKU_1094_FOR,2025-11-01,80,7143.97,18792.0,principal
SKU_1094_DEE,2025-11-01,179,15984.63,42047.1,principal
SKU_1095_COB,2025-11-01,139,18527.74,56281.1,principal
SKU_1095_MAG,2025-11-01,0,0.0,0.0,principal
SKU_1096_HOT,2025-11-01,139,12807.89,38906.1,principal
SKU_1096_CLE,2025-11-01,53,4883.58,14834.7,principal
SKU_1097_AQU,2025-11-01,0,0.0,0.0,principal
SKU_1097_PAL,2025-11-01,126,8962.62,27077.4,principal
SKU_1098_HON,2025-11-01,0,0.0,0.0,principal
SKU_1098_HUN,2025-11-01,161,18380.07,55528.9,principal
SKU_1099_SAL,2025-11-01,61,4564.04,15243.9,principal
SKU_1099_PRI,2025-11-01,84,6284.91,20991.6,principal
SKU_1100_PEA,2025-11-01,78,3940.29,14422.2,principal
SKU_1100_COB,2025-11-01,0,0.0,0.0,principal
SKU_1101_CLE,2025-11-01,0,0.0,0.0,principal
SKU_1101_DEE,2025-11-01,120,13308.33,49788.0,principal
SKU_1102_FLA,2025-11-01,189,54443.4,183311.1,principal
SKU_1102_OFF,2025-11-01,136,39176.2,131906.4,principal
SKU_1103_EGR,2025-11-01,73,3607.22,9482.7,principal
SKU_1103_LIG,2025-11-01,51,2520.11,6624.9,principal
SKU_1104_POW,2025-11-01,73,4346.92,13132.7,principal
SKU_1104_MEX,2025-11-01,118,7026.53,21228.2,principal
SKU_1105_ARM,2025-11-01,0,0.0,0.0,principal
SKU_1105_SER,2025-11-01,172,11601.93,35242.8,principal
SKU_1106_MYS,2025-11-01,118,29264.97,92028.2,principal
SKU_1106_SNO,2025-11-01,78,19344.64,60832.2,principal
SKU_1107_BAL,2025-11-01,148,48473.12,147245.2,principal
SKU_1107_PAS,2025-11-01,52,17031.1,51734.8,principal
SKU_1108_PRI,2025-11-01,115,9512.44,28738.5,principal
SKU_1108_SNO,2025-11-01,97,8023.54,24240.3,principal
SKU_1109_SAG,2025-11-01,0,0.0,0.0,principal
SKU_1109_CER,2025-11-01,187,11790.36,42991.3,principal
SKU_1110_FLA,2025-11-01,157,9913.86,36094.3,principal
SKU_1110_HUN,2025-11-01,0,0.0,0.0,principal
SKU_1111_CRE,2025-11-01,46,2580.89,9655.4,principal
SKU_1111_BLU,2025-11-01,83,4656.82,17421.7,principal
SKU_1112_MIN,2025-11-01,110,8980.98,30239.0,principal
SKU_1112_EGR,2025-11-01,89,7266.43,24466.1,principal
SKU_1113_VAN,2025-11-01,0,0.0,0.0,principal
SKU_1113_OLI,2025-11-01,0,0.0,0.0,principal
SKU_1114_GAR,2025-11-01,91,12045.39,36390.9,principal
SKU_1114_PRI,2025-11-01,131,17340.06,52386.9,principal
SKU_1115_LIM,2025-11-01,135,9602.81,29011.5,principal
SKU_1115_TEA,2025-11-01,0,0.0,0.0,principal
SKU_1116_MOS,2025-11-01,92,7265.71,22070.8,principal
SKU_1116_SNO,2025-11-01,106,8371.36,25429.4,principal
SKU_1117_MOS,2025-11-01,113,8224.92,24848.7,principal
SKU_1117_MIN,2025-11-01,159,11573.12,34964.1,principal
SKU_1118_FUC,2025-11-01,111,10834.92,32733.9,principal
SKU_1118_DUS,2025-11-01,76,7418.5,22412.4,principal
SKU_1119_PAS,2025-11-01,63,2901.47,8813.7,principal
SKU_1119_LIG,2025-11-01,0,0.0,0.0,principal
SKU_1120_AQU,2025-11-01,76,5797.9,18232.4,principal
SKU_1120_SAL,2025-11-01,141,10756.64,33825.9,principal
SKU_1121_MYS,2025-11-01,126,10365.65,31487.4,principal
SKU_1121_MIN,2025-11-01,158,12998.2,39484.2,principal
SKU_1122_ROY,2025-11-01,93,13079.7,39515.7,principal
SKU_1122_PIS,2025-11-01,178,25034.26,75632.2,principal
SKU_1123_BAB,2025-11-01,72,10245.38,30952.8,principal
SKU_1123_SER,2025-11-01,0,0.0,0.0,principal
SKU_1124_BLU,2025-11-01,172,21510.85,65342.8,principal
SKU_1124_FOR,2025-11-01,137,17133.64,52046.3,principal
SKU_1125_MIN,2025-11-01,151,7948.5,24144.9,principal
SKU_1125_SAP,2025-11-01,86,4526.96,13751.4,principal
SKU_1126_WHI,2025-11-01,145,32871.78,99310.5,principal
SKU_1126_WHI,2025-11-01,145,32871.78,99310.5,principal
SKU_1127_SAL,2025-11-01,158,10397.52,31584.2,principal
SKU_1127_BLU,2025-11-01,68,4474.88,13593.2,principal
SKU_1128_PRI,2025-11-01,141,19026.41,57795.9,principal
SKU_1128_TEA,2025-11-01,0,0.0,0.0,principal
SKU_1129_VAN,2025-11-01,123,15670.43,47342.7,principal
SKU_1129_SAG,2025-11-01,78,9937.35,30022.2,principal
SKU_1130_CRE,2025-11-01,50,3701.48,12495.0,principal
SKU_1130_MEX,2025-11-01,123,9105.63,30737.7,principal
SKU_1131_CLO,2025-11-01,147,39847.97,130080.3,principal
SKU_1131_JAD,2025-11-01,63,17077.7,55748.7,principal
SKU_1132_NAV,2025-11-01,0,0.0,0.0,principal
SKU_1132_CLE,2025-11-01,181,9316.63,31656.9,principal
SKU_1133_MOS,2025-11-01,78,21078.74,70972.2,principal
SKU_1133_PEA,2025-11-01,158,42697.97,143764.2,principal
SKU_1134_DUS,2025-11-01,68,6001.05,15293.2,principal
SKU_1134_PIN,2025-11-01,163,14384.87,36658.7,principal
SKU_1135_ROS,2025-11-01,118,8070.11,21228.2,principal
SKU_1135_MAR,2025-11-01,82,5608.04,14751.8,principal
SKU_1136_SNO,2025-11-01,113,9296.18,28238.7,principal
SKU_1136_FUC,2025-11-01,60,4936.02,14994.0,principal
SKU_1137_DEE,2025-11-01,71,9141.83,28747.9,principal
SKU_1137_PAL,2025-11-01,149,19184.97,60330.1,principal
SKU_1138_PEA,2025-11-01,155,11085.32,34859.5,principal
SKU_1138_HON,2025-11-01,124,8868.26,27887.6,principal
SKU_1139_PRI,2025-11-01,111,10651.22,32178.9,principal
SKU_1139_EGR,2025-11-01,140,13433.97,40586.0,principal
SKU_1140_SNO,2025-11-01,149,8905.58,29785.1,principal
SKU_1140_ROS,2025-11-01,0,0.0,0.0,principal
SKU_1141_SKY,2025-11-01,73,8060.79,26637.7,principal
SKU_1141_CLE,2025-11-01,183,20207.18,66776.7,principal
SKU_1142_MIN,2025-11-01,86,7813.55,29231.4,principal
SKU_1142_PAS,2025-11-01,77,6995.86,26172.3,principal
SKU_1143_IVO,2025-11-01,131,8348.93,25531.9,principal
SKU_1143_SNO,2025-11-01,58,3696.47,11304.2,principal
SKU_1144_SEA,2025-11-01,147,18447.61,48495.3,principal
SKU_1144_BUB,2025-11-01,178,22337.92,58722.2,principal
SKU_1145_MOS,2025-11-01,115,17125.44,51738.5,principal
SKU_1145_LIG,2025-11-01,0,0.0,0.0,principal
SKU_1146_FRE,2025-11-01,61,9436.16,28663.9,principal
SKU_1146_CER,2025-11-01,134,20728.6,62966.6,principal
SKU_1147_COR,2025-11-01,182,21078.68,63681.8,principal
SKU_1147_MEX,2025-11-01,0,0.0,0.0,principal
SKU_1148_TEA,2025-11-01,88,12667.77,38271.2,principal
SKU_1148_SPA,2025-11-01,160,23032.3,69584.0,principal
SKU_1149_IVO,2025-11-01,108,5491.61,17269.2,principal
SKU_1149_OLI,2025-11-01,127,6457.72,20307.3,principal
SKU_1150_SAG,2025-11-01,135,26870.12,85711.5,principal
SKU_1150_VAN,2025-11-01,171,34035.48,108567.9,principal
SKU_1151_CRE,2025-11-01,128,31653.16,103667.2,principal
SKU_1151_JAD,2025-11-01,131,32395.03,106096.9,principal
SKU_1152_CLO,2025-11-01,176,47745.77,178622.4,principal
SKU_1152_WHI,2025-11-01,108,29298.54,109609.2,principal
SKU_1153_PEA,2025-11-01,167,18594.67,62608.3,principal
SKU_1153_MOS,2025-11-01,68,7571.48,25493.2,principal
SKU_1154_VAN,2025-11-01,93,19520.21,49745.7,principal
SKU_1154_PEA,2025-11-01,116,24347.79,62048.4,principal
SKU_1155_ARM,2025-11-01,146,43009.55,113135.4,principal
SKU_1155_BAB,2025-11-01,99,29164.01,76715.1,principal
SKU_1156_FLA,2025-11-01,162,14676.91,46153.8,principal
SKU_1156_EGR,2025-11-01,91,8244.44,25925.9,principal
SKU_1157_DEE,2025-11-01,128,8001.93,24307.2,principal
SKU_1157_PAS,2025-11-01,106,6626.6,20129.4,principal
SKU_1158_AQU,2025-11-01,168,36857.22,115903.2,principal
SKU_1158_MYS,2025-11-01,96,21061.27,66230.4,principal
SKU_1159_PAS,2025-11-01,95,5656.96,17090.5,principal
SKU_1159_PRI,2025-11-01,103,6133.33,18529.7,principal
SKU_1160_DUS,2025-11-01,157,10648.04,32169.3,principal
SKU_1160_LIM,2025-11-01,57,3865.85,11679.3,principal
SKU_1161_MEX,2025-11-01,87,12235.85,36966.3,principal
SKU_1161_DUS,2025-11-01,0,0.0,0.0,principal
SKU_1162_HOT,2025-11-01,169,40838.55,128423.1,principal
SKU_1162_BUB,2025-11-01,163,39388.66,123863.7,principal
SKU_1163_HUN,2025-11-01,140,11517.39,34986.0,principal
SKU_1163_SPA,2025-11-01,141,11599.66,35235.9,principal
SKU_1164_BRI,2025-11-01,166,10552.32,33183.4,principal
SKU_1164_MIN,2025-11-01,81,5149.02,16191.9,principal
SKU_1165_HUN,2025-11-01,0,0.0,0.0,principal
SKU_1165_MAR,2025-11-01,169,18266.91,57443.1,principal
SKU_1166_PIS,2025-11-01,85,16350.45,51416.5,principal
SKU_1166_FRE,2025-11-01,145,27891.94,87710.5,principal
SKU_1167_WHI,2025-11-01,105,24872.21,78214.5,principal
SKU_1167_JAD,2025-11-01,85,20134.65,63316.5,principal
SKU_1168_GAR,2025-11-01,140,35213.77,106386.0,principal
SKU_1168_BLU,2025-11-01,0,0.0,0.0,principal
SKU_1169_BUB,2025-11-01,124,7882.46,24787.6,principal
SKU_1169_MEX,2025-11-01,132,8391.0,26386.8,principal
SKU_1170_GAR,2025-11-01,110,32406.12,98439.0,principal
SKU_1170_OFF,2025-11-01,65,19149.07,58168.5,principal
SKU_1171_MIN,2025-11-01,68,3849.39,12573.2,principal
SKU_1171_EME,2025-11-01,128,7245.92,23667.2,principal
SKU_1172_ARM,2025-11-01,51,5632.31,18354.9,principal
SKU_1172_PIN,2025-11-01,53,5853.19,19074.7,principal
SKU_1173_GAR,2025-11-01,57,4946.98,16809.3,principal
SKU_1173_AQU,2025-11-01,61,5294.13,17988.9,principal
SKU_1174_PEA,2025-11-01,92,6121.52,19310.8,principal
SKU_1174_BLU,2025-11-01,79,5256.53,16582.1,principal
SKU_1175_FUC,2025-11-01,58,5114.23,15654.2,principal
SKU_1175_CLE,2025-11-01,77,6789.58,20782.3,principal
SKU_1176_GAR,2025-11-01,183,22617.33,59456.7,principal
SKU_1176_NAV,2025-11-01,165,20392.67,53608.5,principal
SKU_1177_MIN,2025-11-01,157,12399.09,37664.3,principal
SKU_1177_PEA,2025-11-01,97,7660.58,23270.3,principal
SKU_1178_RAS,2025-11-01,159,16174.78,50864.1,principal
SKU_1178_MID,2025-11-01,118,12003.93,37748.2,principal
SKU_1179_TUR,2025-11-01,123,13294.85,41807.7,principal
SKU_1179_VAN,2025-11-01,157,16969.85,53364.3,principal
SKU_1180_ROY,2025-11-01,147,22440.86,77895.3,principal
SKU_1180_AQU,2025-11-01,92,14044.62,48750.8,principal
SKU_1181_AQU,2025-11-01,169,15170.5,48993.1,principal
SKU_1181_SER,2025-11-01,116,10412.89,33628.4,principal
SKU_1182_BIR,2025-11-01,106,26870.94,89029.4,principal
SKU_1182_PIN,2025-11-01,112,28391.94,94068.8,principal
SKU_1183_POW,2025-11-01,107,23194.14,69539.3,principal
SKU_1183_MOS,2025-11-01,162,35116.36,105283.8,principal
SKU_1184_HOT,2025-11-01,128,15249.11,43507.2,principal
SKU_1184_BAB,2025-11-01,0,0.0,0.0,principal
SKU_1185_BAL,2025-11-01,76,28479.29,75232.4,principal
SKU_1185_MAG,2025-11-01,122,45716.75,120767.8,principal
SKU_1186_FLA,2025-11-01,0,0.0,0.0,principal
SKU_1186_MEX,2025-11-01,151,23606.9,71709.9,principal
SKU_1187_JAD,2025-11-01,79,8103.58,24482.1,principal
SKU_1187_OLI,2025-11-01,108,11078.31,33469.2,principal
SKU_1188_TEA,2025-11-01,57,4526.19,13674.3,principal
SKU_1188_BAB,2025-11-01,63,5002.63,15113.7,principal
SKU_1189_FUC,2025-11-01,0,0.0,0.0,principal
SKU_1189_ROY,2025-11-01,176,13684.33,41342.4,principal
SKU_1190_TEA,2025-11-01,87,14669.37,50451.3,principal
SKU_1190_MAG,2025-11-01,120,20233.62,69588.0,principal
SKU_1191_MIN,2025-11-01,52,2993.03,9614.8,principal
SKU_1191_MYS,2025-11-01,118,6791.87,21818.2,principal
SKU_1192_MAR,2025-11-01,79,5087.08,18557.1,principal
SKU_1192_RAS,2025-11-01,0,0.0,0.0,principal
SKU_1193_CLE,2025-11-01,108,15185.9,48049.2,principal
SKU_1193_ROS,2025-11-01,66,9280.27,29363.4,principal
SKU_1194_FLA,2025-11-01,105,8097.66,23089.5,principal
SKU_1194_SAG,2025-11-01,90,6940.85,19791.0,principal
SKU_1195_HUN,2025-11-01,114,18264.54,53568.6,principal
SKU_1195_SAL,2025-11-01,0,0.0,0.0,principal
SKU_1196_PEA,2025-11-01,0,0.0,0.0,principal
SKU_1196_RAS,2025-11-01,0,0.0,0.0,principal
SKU_1197_ROS,2025-11-01,95,24859.7,75515.5,principal
SKU_1197_COR,2025-11-01,57,14915.82,45309.3,principal
SKU_1198_SEA,2025-11-01,126,13418.77,42197.4,principal
SKU_1198_SAL,2025-11-01,64,6815.88,21433.6,principal
SKU_1199_PAL,2025-11-01,133,7652.83,27916.7,principal
SKU_1199_TEA,2025-11-01,114,6559.57,23928.6,principal
SKU_1200_MID,2025-11-01,176,9375.52,31662.4,principal
SKU_1200_PAS,2025-11-01,134,7138.18,24106.6,principal
SKU_1201_BIR,2025-11-01,0,0.0,0.0,principal
SKU_1201_SAG,2025-11-01,153,23631.83,74189.7,principal
SKU_1202_LIG,2025-11-01,160,47448.82,130384.0,principal
SKU_1202_CLE,2025-11-01,152,45076.38,123864.8,principal
SKU_1203_OFF,2025-11-01,0,0.0,0.0,principal
SKU_1203_FLA,2025-11-01,101,27889.34,76749.9,principal
SKU_1204_AQU,2025-11-01,44,5939.67,15395.6,principal
SKU_1204_MIN,2025-11-01,138,18628.96,48286.2,principal
SKU_1205_RAS,2025-11-01,109,28679.2,86644.1,principal
SKU_1205_COR,2025-11-01,82,21575.18,65181.8,principal
SKU_1206_HUN,2025-11-01,133,18265.14,55181.7,principal
SKU_1206_BLA,2025-11-01,53,7278.59,21989.7,principal
SKU_1207_POW,2025-11-01,113,37939.87,115248.7,principal
SKU_1207_BLA,2025-11-01,67,22495.32,68333.3,principal
SKU_1208_PAS,2025-11-01,84,20587.27,54171.6,principal
SKU_1208_MOS,2025-11-01,84,20587.27,54171.6,principal
SKU_1209_BLA,2025-11-01,117,12628.14,32748.3,principal
SKU_1209_DUS,2025-11-01,94,10145.68,26310.6,principal
SKU_1210_SHO,2025-11-01,112,8977.25,22948.8,principal
SKU_1210_WHI,2025-11-01,146,11702.49,29915.4,principal
SKU_1211_GAR,2025-11-01,169,17797.57,54063.1,principal
SKU_1211_CRE,2025-11-01,179,18850.68,57262.1,principal
SKU_1212_COB,2025-11-01,179,12517.15,39362.1,principal
SKU_1212_SNO,2025-11-01,97,6783.04,21330.3,principal
SKU_1213_MAG,2025-11-01,95,27361.62,83115.5,principal
SKU_1213_POW,2025-11-01,81,23329.38,70866.9,principal
SKU_1214_BLA,2025-11-01,113,10624.55,33888.7,principal
SKU_1214_RAS,2025-11-01,119,11188.68,35688.1,principal
SKU_1215_MAG,2025-11-01,130,8971.46,28587.0,principal
SKU_1215_BRI,2025-11-01,63,4347.71,13853.7,principal
SKU_1216_WHI,2025-11-01,170,25896.83,96883.0,principal
SKU_1216_CRE,2025-11-01,171,26049.16,97452.9,principal
SKU_1217_ROS,2025-11-01,106,27550.28,86909.4,principal
SKU_1217_RAS,2025-11-01,95,24691.29,77890.5,principal
SKU_1218_BLU,2025-11-01,103,26469.22,67454.7,principal
SKU_1218_SNO,2025-11-01,50,12849.14,32745.0,principal
SKU_1219_MAR,2025-11-01,129,19366.15,50942.1,principal
SKU_1219_LIM,2025-11-01,0,0.0,0.0,principal
SKU_1220_TUR,2025-11-01,87,8780.21,26526.3,principal
SKU_1220_HOT,2025-11-01,56,5651.63,17074.4,principal
SKU_1221_SAG,2025-11-01,121,28277.48,88922.9,principal
SKU_1221_PAL,2025-11-01,0,0.0,0.0,principal
SKU_1222_PAS,2025-11-01,101,28092.25,85334.9,principal
SKU_1222_HON,2025-11-01,115,31986.22,97163.5,principal
SKU_1223_TEA,2025-11-01,176,8395.39,25502.4,principal
SKU_1223_BLA,2025-11-01,87,4149.99,12606.3,principal
SKU_1224_OLI,2025-11-01,0,0.0,0.0,principal
SKU_1224_ARM,2025-11-01,61,8276.01,25308.9,principal
SKU_1225_POW,2025-11-01,112,7291.4,24068.8,principal
SKU_1225_IVO,2025-11-01,171,11132.41,36747.9,principal
SKU_1226_PAL,2025-11-01,166,22964.77,80493.4,principal
SKU_1226_LIG,2025-11-01,135,18676.17,65461.5,principal
SKU_1227_CLO,2025-11-01,117,13896.13,46788.3,principal
SKU_1227_PAS,2025-11-01,137,16271.53,54786.3,principal
SKU_1228_WHI,2025-11-01,173,19679.92,50152.7,principal
SKU_1228_SPA,2025-11-01,83,9441.81,24061.7,principal
SKU_1229_SAL,2025-11-01,79,22363.25,67932.1,principal
SKU_1229_CLO,2025-11-01,143,40480.31,122965.7,principal
SKU_1230_ROS,2025-11-01,118,15534.36,47188.2,principal
SKU_1230_NAV,2025-11-01,134,17640.71,53586.6,principal
SKU_1231_LIG,2025-11-01,134,21285.48,64306.6,principal
SKU_1231_BIR,2025-11-01,0,0.0,0.0,principal
SKU_1232_AQU,2025-11-01,54,6343.48,19164.6,principal
SKU_1232_FOR,2025-11-01,0,0.0,0.0,principal
SKU_1233_JAD,2025-11-01,93,7344.68,22310.7,principal
SKU_1233_SEA,2025-11-01,140,11056.51,33586.0,principal
SKU_1234_MOS,2025-11-01,62,4120.94,12703.8,principal
SKU_1234_SAL,2025-11-01,0,0.0,0.0,principal
SKU_1235_HUN,2025-11-01,0,0.0,0.0,principal
SKU_1235_COR,2025-11-01,143,19383.94,67195.7,principal
SKU_1236_DEE,2025-11-01,100,17666.9,56990.0,principal
SKU_1236_LIM,2025-11-01,185,32683.76,105431.5,principal
SKU_1237_BAB,2025-11-01,100,28527.15,99990.0,principal
SKU_1237_GAR,2025-11-01,171,48781.42,170982.9,principal
SKU_1238_SAP,2025-11-01,134,19535.63,61626.6,principal
SKU_1238_TUR,2025-11-01,0,0.0,0.0,principal
SKU_1239_BAB,2025-11-01,56,6601.61,17354.4,principal
SKU_1239_MID,2025-11-01,58,6837.39,17974.2,principal
SKU_1240_PAL,2025-11-01,192,63200.08,191980.8,principal
SKU_1240_MOS,2025-11-01,0,0.0,0.0,principal
SKU_1241_BAL,2025-11-01,66,7819.62,23753.4,principal
SKU_1241_FLA,2025-11-01,69,8175.06,24833.1,principal
SKU_1242_AQU,2025-11-01,167,16723.08,52588.3,principal
SKU_1242_SKY,2025-11-01,167,16723.08,52588.3,principal
SKU_1243_SNO,2025-11-01,87,7052.39,21306.3,principal
SKU_1243_PIN,2025-11-01,178,14429.02,43592.2,principal
SKU_1244_COB,2025-11-01,178,16409.5,51602.2,principal
SKU_1244_GAR,2025-11-01,85,7836.0,24641.5,principal
SKU_1245_COB,2025-11-01,87,5383.61,18261.3,principal
SKU_1245_SNO,2025-11-01,0,0.0,0.0,principal
SKU_1246_PAL,2025-11-01,116,9550.3,34208.4,principal
SKU_1246_COR,2025-11-01,78,6421.75,23002.2,principal
SKU_1247_SAP,2025-11-01,56,2874.23,10074.4,principal
SKU_1247_SKY,2025-11-01,124,6364.36,22307.6,principal
SKU_1248_AQU,2025-11-01,58,3222.32,9854.2,principal
SKU_1248_SAG,2025-11-01,86,4777.93,14611.4,principal
SKU_1249_WHI,2025-11-01,97,9958.99,26180.3,principal
SKU_1249_ARM,2025-11-01,154,15811.17,41564.6,principal
SKU_1250_AQU,2025-11-01,83,7101.4,21571.7,principal
SKU_1250_BAB,2025-11-01,105,8983.7,27289.5,principal
SKU_1251_SHO,2025-11-01,67,20289.68,61633.3,principal
SKU_1251_COB,2025-11-01,0,0.0,0.0,principal
SKU_1252_NAV,2025-11-01,108,7723.97,24289.2,principal
SKU_1252_FLA,2025-11-01,74,5292.35,16642.6,principal
SKU_1253_SEA,2025-11-01,181,21444.71,65141.9,principal
SKU_1253_FRE,2025-11-01,114,13506.62,41028.6,principal
SKU_1254_SEA,2025-11-01,0,0.0,0.0,principal
SKU_1254_BAB,2025-11-01,45,2828.56,8545.5,principal
SKU_1255_VAN,2025-11-01,42,6261.4,20155.8,principal
SKU_1255_SHO,2025-11-01,178,26536.41,85422.2,principal
SKU_1256_SEA,2025-11-01,157,31051.08,102034.3,principal
SKU_1256_MID,2025-11-01,176,34808.85,114382.4,principal
SKU_1257_SPA,2025-11-01,86,5027.39,17621.4,principal
SKU_1257_EME,2025-11-01,85,4968.93,17416.5,principal
SKU_1258_AQU,2025-11-01,93,7316.8,24635.7,principal
SKU_1258_LIG,2025-11-01,0,0.0,0.0,principal
SKU_1259_ARM,2025-11-01,75,9620.13,26992.5,principal
SKU_1259_POW,2025-11-01,0,0.0,0.0,principal
SKU_1260_WHI,2025-11-01,154,17326.06,52344.6,principal
SKU_1260_ROY,2025-11-01,174,19576.2,59142.6,principal
SKU_1261_PAS,2025-11-01,283,46106.67,140056.7,principal
SKU_1261_PAS,2025-11-01,283,46106.67,140056.7,principal
SKU_1262_BLU,2025-11-01,165,15013.66,45358.5,principal
SKU_1262_OFF,2025-11-01,0,0.0,0.0,principal
SKU_1263_COB,2025-11-01,0,0.0,0.0,principal
SKU_1263_SKY,2025-11-01,145,8826.02,26810.5,principal
SKU_1264_EGR,2025-11-01,190,37152.26,116831.0,principal
SKU_1264_BRI,2025-11-01,128,25028.89,78707.2,principal
SKU_1265_CRE,2025-11-01,113,8224.92,24848.7,principal
SKU_1265_JAD,2025-11-01,113,8224.92,24848.7,principal
SKU_1266_MEX,2025-11-01,109,10761.25,32689.1,principal
SKU_1266_SPA,2025-11-01,177,17474.69,53082.3,principal
SKU_1267_SKY,2025-11-01,137,15186.71,45881.3,principal
SKU_1267_SAP,2025-11-01,0,0.0,0.0,principal
SKU_1268_MYS,2025-11-01,85,9052.35,28466.5,principal
SKU_1268_MAR,2025-11-01,105,11182.31,35164.5,principal
SKU_1269_BAB,2025-11-01,111,37999.19,115428.9,principal
SKU_1269_CER,2025-11-01,58,19855.43,60314.2,principal
SKU_1270_CRE,2025-11-01,187,11690.32,35511.3,principal
SKU_1270_TUR,2025-11-01,129,8064.45,24497.1,principal
SKU_1271_OLI,2025-11-01,89,26073.0,79201.1,principal
SKU_1271_FLA,2025-11-01,50,14647.75,44495.0,principal
SKU_1272_PAS,2025-11-01,0,0.0,0.0,principal
SKU_1272_TEA,2025-11-01,109,13706.41,41409.1,principal
SKU_1273_PAS,2025-11-01,130,31620.97,99437.0,principal
SKU_1273_EGR,2025-11-01,0,0.0,0.0,principal
SKU_1274_MEX,2025-11-01,120,10108.58,31788.0,principal
SKU_1274_BAL,2025-11-01,177,14910.16,46887.3,principal
SKU_1275_MIN,2025-11-01,161,9799.92,29768.9,principal
SKU_1275_BIR,2025-11-01,113,6878.21,20893.7,principal
SKU_1276_WHI,2025-11-01,0,0.0,0.0,principal
SKU_1276_LIG,2025-11-01,184,9271.2,32181.6,principal
SKU_1277_MYS,2025-11-01,121,8662.94,32052.9,principal
SKU_1277_BAB,2025-11-01,230,16466.74,60927.0,principal
SKU_1278_BAB,2025-11-01,93,27326.23,95780.7,principal
SKU_1278_MOS,2025-11-01,215,63173.55,221428.5,principal
SKU_1279_FUC,2025-11-01,247,33371.01,112360.3,principal
SKU_1279_IVO,2025-11-01,183,24724.27,83246.7,principal
SKU_1280_LIM,2025-11-01,234,41690.46,116976.6,principal
SKU_1280_PRI,2025-11-01,0,0.0,0.0,principal
SKU_1281_PIS,2025-11-01,93,18734.55,49280.7,principal
SKU_1281_CER,2025-11-01,0,0.0,0.0,principal
SKU_1282_PIN,2025-11-01,174,12376.95,37392.6,principal
SKU_1282_BAL,2025-11-01,91,6473.0,19555.9,principal
SKU_1283_SNO,2025-11-01,280,16908.7,53172.0,principal
SKU_1283_BAB,2025-11-01,177,10688.71,33612.3,principal
SKU_1284_COR,2025-11-01,0,0.0,0.0,principal
SKU_1284_HOT,2025-11-01,212,49544.2,150498.8,principal
SKU_1285_WHI,2025-11-01,158,46017.01,139024.2,principal
SKU_1285_CLO,2025-11-01,251,73102.97,220854.9,principal
SKU_1286_MAR,2025-11-01,79,5820.38,19347.1,principal
SKU_1286_HOT,2025-11-01,187,13777.36,45796.3,principal
SKU_1287_NAV,2025-11-01,136,15231.77,51666.4,principal
SKU_1287_CER,2025-11-01,112,12543.81,42548.8,principal
SKU_1288_SAG,2025-11-01,73,5153.99,17512.7,principal
SKU_1288_BAB,2025-11-01,265,18709.68,63573.5,principal
SKU_1289_AQU,2025-11-01,463,155927.89,476843.7,principal
SKU_1289_AQU,2025-11-01,463,155927.89,476843.7,principal
SKU_1290_BIR,2025-11-01,240,46095.35,121176.0,principal
SKU_1290_PIN,2025-11-01,0,0.0,0.0,principal
SKU_1291_SAL,2025-11-01,68,5370.31,16313.2,principal
SKU_1291_SPA,2025-11-01,136,10740.61,32626.4,principal
SKU_1292_TEA,2025-11-01,238,24413.3,73756.2,principal
SKU_1292_FLA,2025-11-01,190,19489.61,58881.0,principal
SKU_1293_TEA,2025-11-01,202,20275.36,61589.8,principal
SKU_1293_OFF,2025-11-01,87,8732.46,26526.3,principal
SKU_1294_SEA,2025-11-01,67,4433.18,13393.3,principal
SKU_1294_COR,2025-11-01,0,0.0,0.0,principal
SKU_1295_PIS,2025-11-01,257,43562.81,132329.3,principal
SKU_1295_FLA,2025-11-01,0,0.0,0.0,principal
SKU_1296_DEE,2025-11-01,223,40460.92,144927.7,principal
SKU_1296_PEA,2025-11-01,0,0.0,0.0,principal
SKU_1297_WHI,2025-11-01,0,0.0,0.0,principal
SKU_1297_MIN,2025-11-01,227,14724.65,52187.3,principal
SKU_1298_OFF,2025-11-01,0,0.0,0.0,principal
SKU_1298_IVO,2025-11-01,0,0.0,0.0,principal
SKU_1299_BRI,2025-11-01,0,0.0,0.0,principal
SKU_1299_HOT,2025-11-01,90,5877.93,19791.0,principal
SKU_1300_BIR,2025-11-01,0,0.0,0.0,principal
SKU_1300_TEA,2025-11-01,172,70489.79,197782.8,principal
SKU_1301_AQU,2025-11-01,224,40181.36,122057.6,principal
SKU_1301_GAR,2025-11-01,265,47535.99,144398.5,principal
SKU_1302_EME,2025-11-01,133,18384.73,55846.7,principal
SKU_1302_DUS,2025-11-01,181,25019.83,76001.9,principal
SKU_1303_BIR,2025-11-01,136,7423.14,22426.4,principal
SKU_1303_SAP,2025-11-01,170,9278.92,28033.0,principal
SKU_1304_TUR,2025-11-01,236,37141.26,116796.4,principal
SKU_1304_GAR,2025-11-01,253,39816.68,125209.7,principal
SKU_1305_MAR,2025-11-01,158,18199.56,55284.2,principal
SKU_1305_OFF,2025-11-01,120,13822.45,41988.0,principal
SKU_1306_FRE,2025-11-01,130,35548.27,111787.0,principal
SKU_1306_SPA,2025-11-01,85,23243.1,73091.5,principal
SKU_1307_MAG,2025-11-01,187,13611.15,41121.3,principal
SKU_1307_FOR,2025-11-01,282,20525.91,62011.8,principal
SKU_1308_PAS,2025-11-01,161,22376.89,67603.9,principal
SKU_1308_CER,2025-11-01,230,31966.99,96577.0,principal
SKU_1309_OLI,2025-11-01,0,0.0,0.0,principal
SKU_1309_LIG,2025-11-01,209,25106.14,76264.1,principal
SKU_1310_MOS,2025-11-01,137,10878.75,32866.3,principal
SKU_1310_EGR,2025-11-01,229,18184.18,54937.1,principal
SKU_1311_BAB,2025-11-01,231,66912.17,203256.9,principal
SKU_1311_NAV,2025-11-01,268,77629.71,235813.2,principal
SKU_1312_HOT,2025-11-01,251,20761.94,62724.9,principal
SKU_1312_NAV,2025-11-01,0,0.0,0.0,principal
SKU_1313_SPA,2025-11-01,131,40317.75,122471.9,principal
SKU_1313_SHO,2025-11-01,0,0.0,0.0,principal
SKU_1314_BLU,2025-11-01,130,12406.56,37687.0,principal
SKU_1314_SNO,2025-11-01,0,0.0,0.0,principal
SKU_1315_WHI,2025-11-01,214,24430.65,73808.6,principal
SKU_1315_BLA,2025-11-01,170,19407.52,58633.0,principal
SKU_1316_DEN,2025-11-01,80,13560.41,41192.0,principal
SKU_1316_AQU,2025-11-01,85,14407.93,43766.5,principal
SKU_1317_BLU,2025-11-01,0,0.0,0.0,principal
SKU_1317_ROS,2025-11-01,231,15107.02,49641.9,principal
SKU_1318_PAS,2025-11-01,262,19936.6,62853.8,principal
SKU_1318_MYS,2025-11-01,0,0.0,0.0,principal
SKU_1319_MAR,2025-11-01,100,5417.85,18990.0,principal
SKU_1319_ROS,2025-11-01,264,14303.12,50133.6,principal
SKU_1320_PIS,2025-11-01,0,0.0,0.0,principal
SKU_1320_FOR,2025-11-01,184,8191.74,27581.6,principal
SKU_1321_FLA,2025-11-01,169,9112.32,25333.1,principal
SKU_1321_SER,2025-11-01,216,11646.51,32378.4,principal
SKU_1322_MOS,2025-11-01,0,0.0,0.0,principal
SKU_1322_IVO,2025-11-01,165,20706.5,54433.5,principal
SKU_1323_AQU,2025-11-01,179,20035.54,51892.1,principal
SKU_1323_FRE,2025-11-01,148,16565.7,42905.2,principal
SKU_1324_MID,2025-11-01,157,17143.91,51794.3,principal
SKU_1324_SNO,2025-11-01,280,30575.13,92372.0,principal
SKU_1325_LIG,2025-11-01,262,24409.74,78573.8,principal
SKU_1325_PEA,2025-11-01,105,9782.53,31489.5,principal
SKU_1326_PAS,2025-11-01,165,24297.26,83308.5,principal
SKU_1326_BAB,2025-11-01,239,35194.21,120671.1,principal
SKU_1327_GAR,2025-11-01,241,17870.02,62635.9,principal
SKU_1327_HON,2025-11-01,210,15571.39,54579.0,principal
SKU_1328_EGR,2025-11-01,195,15341.68,51655.5,principal
SKU_1328_LIG,2025-11-01,0,0.0,0.0,principal
SKU_1329_NAV,2025-11-01,92,9013.64,25290.8,principal
SKU_1329_MIN,2025-11-01,128,12540.72,35187.2,principal
SKU_1330_PRI,2025-11-01,174,17848.38,53922.6,principal
SKU_1330_LIM,2025-11-01,276,28311.22,85532.4,principal
SKU_1331_ARM,2025-11-01,210,18691.72,58779.0,principal
SKU_1331_AQU,2025-11-01,235,20916.93,65776.5,principal
SKU_1332_MOS,2025-11-01,156,8514.78,25724.4,principal
SKU_1332_MOS,2025-11-01,156,8514.78,25724.4,principal
SKU_1333_PIS,2025-11-01,217,13639.95,41208.3,principal
SKU_1333_MOS,2025-11-01,147,9239.96,27915.3,principal
SKU_1334_TEA,2025-11-01,81,12330.38,37251.9,principal
SKU_1334_ROY,2025-11-01,0,0.0,0.0,principal
SKU_1335_CRE,2025-11-01,115,13080.39,43688.5,principal
SKU_1335_BRI,2025-11-01,0,0.0,0.0,principal
SKU_1336_LIM,2025-11-01,161,15391.0,56333.9,principal
SKU_1336_PIN,2025-11-01,204,19501.64,71379.6,principal
SKU_1337_DUS,2025-11-01,98,5332.77,18120.2,principal
SKU_1337_MAG,2025-11-01,239,13005.44,44191.1,principal
SKU_1338_OLI,2025-11-01,104,6968.24,21309.6,principal
SKU_1338_PAS,2025-11-01,174,11658.4,35652.6,principal
SKU_1339_JAD,2025-11-01,178,19659.81,55162.2,principal
SKU_1339_EME,2025-11-01,203,22421.02,62909.7,principal
SKU_1340_SNO,2025-11-01,0,0.0,0.0,principal
SKU_1340_POW,2025-11-01,253,95355.97,289659.7,principal
SKU_1341_HOT,2025-11-01,225,12871.84,40477.5,principal
SKU_1341_PEA,2025-11-01,97,5549.2,17450.3,principal
SKU_1342_CRE,2025-11-01,197,21919.84,68930.3,principal
SKU_1342_BAB,2025-11-01,86,9569.07,30091.4,principal
SKU_1343_NAV,2025-11-01,92,9589.33,28970.8,principal
SKU_1343_IVO,2025-11-01,200,20846.38,62980.0,principal
SKU_1344_PAS,2025-11-01,206,20628.47,64869.4,principal
SKU_1344_MID,2025-11-01,132,13218.24,41566.8,principal
SKU_1345_ARM,2025-11-01,128,42121.26,153587.2,principal
SKU_1345_FOR,2025-11-01,132,43437.55,158386.8,principal
SKU_1346_HON,2025-11-01,208,16152.97,55099.2,principal
SKU_1346_PEA,2025-11-01,93,7222.24,24635.7,principal
SKU_1347_DUS,2025-11-01,0,0.0,0.0,principal
SKU_1347_LIM,2025-11-01,150,11623.54,43485.0,principal
SKU_1348_NAV,2025-11-01,240,51004.15,155976.0,principal
SKU_1348_PIS,2025-11-01,0,0.0,0.0,principal
SKU_1349_HON,2025-11-01,213,17543.69,44708.7,principal
SKU_1349_SEA,2025-11-01,84,6918.64,17631.6,principal
SKU_1350_SNO,2025-11-01,96,9052.98,27350.4,principal
SKU_1350_BAB,2025-11-01,211,19897.7,60113.9,principal
SKU_1351_SAG,2025-11-01,208,47498.24,143499.2,principal
SKU_1351_HON,2025-11-01,255,58231.01,175924.5,principal
SKU_1352_CER,2025-11-01,233,21586.73,65216.7,principal
SKU_1352_HUN,2025-11-01,155,14360.27,43384.5,principal
SKU_1353_MAG,2025-11-01,241,15148.51,45765.9,principal
SKU_1353_MAR,2025-11-01,286,17977.07,54311.4,principal
SKU_1354_AQU,2025-11-01,273,83122.24,252497.7,principal
SKU_1354_CLE,2025-11-01,161,49020.81,148908.9,principal
SKU_1355_PAS,2025-11-01,252,14509.42,44074.8,principal
SKU_1355_DEE,2025-11-01,130,7485.02,22737.0,principal
SKU_1356_BLU,2025-11-01,139,9833.57,29871.1,principal
SKU_1356_DEN,2025-11-01,0,0.0,0.0,principal
SKU_1357_BRI,2025-11-01,117,25749.58,77793.3,principal
SKU_1357_BLU,2025-11-01,264,58101.62,175533.6,principal
SKU_1358_DUS,2025-11-01,114,7502.01,22788.6,principal
SKU_1358_MAR,2025-11-01,150,9871.06,29985.0,principal
SKU_1359_BLU,2025-11-01,114,15403.47,48438.6,principal
SKU_1359_NAV,2025-11-01,117,15808.83,49713.3,principal
SKU_1360_WHI,2025-11-01,259,27424.71,82854.1,principal
SKU_1360_FRE,2025-11-01,0,0.0,0.0,principal
SKU_1361_MEX,2025-11-01,256,15459.38,48614.4,principal
SKU_1361_BLU,2025-11-01,109,6582.31,20699.1,principal
SKU_1362_POW,2025-11-01,256,77736.5,244454.4,principal
SKU_1362_SEA,2025-11-01,137,41601.17,130821.3,principal
SKU_1363_RAS,2025-11-01,134,40477.14,127286.6,principal
SKU_1363_HUN,2025-11-01,236,71288.1,224176.4,principal
SKU_1364_OFF,2025-11-01,196,28664.65,90140.4,principal
SKU_1364_TEA,2025-11-01,0,0.0,0.0,principal
SKU_1365_BUB,2025-11-01,0,0.0,0.0,principal
SKU_1365_NAV,2025-11-01,0,0.0,0.0,principal
SKU_1366_TEA,2025-11-01,209,28094.89,91939.1,principal
SKU_1366_PAL,2025-11-01,191,25675.23,84020.9,principal
SKU_1367_VAN,2025-11-01,100,5510.94,17990.0,principal
SKU_1367_BLA,2025-11-01,208,11462.76,37419.2,principal
SKU_1368_SNO,2025-11-01,165,35065.8,122908.5,principal
SKU_1368_TUR,2025-11-01,147,31240.44,109500.3,principal
SKU_1369_SNO,2025-11-01,118,5981.22,18868.2,principal
SKU_1369_RAS,2025-11-01,198,10036.28,31660.2,principal
SKU_1370_PRI,2025-11-01,0,0.0,0.0,principal
SKU_1370_MYS,2025-11-01,254,17930.56,45694.6,principal
SKU_1371_WHI,2025-11-01,198,18016.4,54430.2,principal
SKU_1371_HOT,2025-11-01,0,0.0,0.0,principal
SKU_1372_SEA,2025-11-01,113,12713.28,38408.7,principal
SKU_1372_DEN,2025-11-01,155,17438.57,52684.5,principal
SKU_1373_SKY,2025-11-01,91,5688.87,17280.9,principal
SKU_1373_CRE,2025-11-01,192,12002.9,36460.8,principal
SKU_1374_SAL,2025-11-01,0,0.0,0.0,principal
SKU_1374_BLU,2025-11-01,0,0.0,0.0,principal
SKU_1375_COR,2025-11-01,209,18325.52,55364.1,principal
SKU_1375_CLE,2025-11-01,213,18676.24,56423.7,principal
SKU_1376_SNO,2025-11-01,154,12290.61,43874.6,principal
SKU_1376_BIR,2025-11-01,155,12370.42,44159.5,principal
SKU_1377_PRI,2025-11-01,0,0.0,0.0,principal
SKU_1377_CLO,2025-11-01,201,15808.22,52239.9,principal
SKU_1378_SPA,2025-11-01,80,4676.64,16392.0,principal
SKU_1378_MOS,2025-11-01,223,13036.13,45692.7,principal
SKU_1379_SNO,2025-11-01,183,28129.53,88736.7,principal
SKU_1379_WHI,2025-11-01,258,39658.03,125104.2,principal
SKU_1380_TUR,2025-11-01,0,0.0,0.0,principal
SKU_1380_MIN,2025-11-01,231,20839.15,53106.9,principal
SKU_1381_WHI,2025-11-01,153,13921.76,42059.7,principal
SKU_1381_PAS,2025-11-01,115,10464.07,31613.5,principal
SKU_1382_ARM,2025-11-01,217,13104.24,41208.3,principal
SKU_1382_HOT,2025-11-01,126,7608.91,23927.4,principal
SKU_1383_CLE,2025-11-01,186,11075.72,33461.4,principal
SKU_1383_TUR,2025-11-01,249,14827.18,44795.1,principal
SKU_1384_CRE,2025-11-01,175,29951.44,90982.5,principal
SKU_1384_SKY,2025-11-01,270,46210.79,140373.0,principal
SKU_1385_PRI,2025-11-01,258,24756.88,74794.2,principal
SKU_1385_NAV,2025-11-01,68,6525.07,19713.2,principal
SKU_1386_SER,2025-11-01,99,6669.64,21275.1,principal
SKU_1386_COB,2025-11-01,256,17246.73,55014.4,principal
SKU_1387_BRI,2025-11-01,115,5260.41,18388.5,principal
SKU_1387_BAB,2025-11-01,267,12213.29,42693.3,principal
SKU_1388_BRI,2025-11-01,250,25052.69,93725.0,principal
SKU_1388_VAN,2025-11-01,265,26555.85,99348.5,principal
SKU_1389_SHO,2025-11-01,26,1080.31,3637.4,principal
SKU_1389_BAB,2025-11-01,24,997.21,3357.6,principal
SKU_1390_SAP,2025-11-01,21,1894.47,4827.9,principal
SKU_1390_PAS,2025-11-01,0,0.0,0.0,principal
SKU_1391_LIG,2025-11-01,18,1697.43,5128.2,principal
SKU_1391_SEA,2025-11-01,39,3677.77,11111.1,principal
SKU_1392_LIM,2025-11-01,67,6540.0,19758.3,principal
SKU_1392_BLU,2025-11-01,52,5075.82,15334.8,principal
SKU_1393_COB,2025-11-01,46,4533.22,14255.4,principal
SKU_1393_SKY,2025-11-01,48,4730.31,14875.2,principal
SKU_1394_FOR,2025-11-01,70,10459.97,32893.0,principal
SKU_1394_EME,2025-11-01,46,6873.7,21615.4,principal
SKU_1395_BLA,2025-11-01,26,2396.89,7537.4,principal
SKU_1395_TUR,2025-11-01,47,4332.85,13625.3,principal
SKU_1396_FUC,2025-11-01,29,1287.86,3912.1,principal
SKU_1396_PAS,2025-11-01,42,1865.18,5665.8,principal
SKU_1397_SNO,2025-11-01,58,4485.09,13624.2,principal
SKU_1397_BUB,2025-11-01,45,3479.81,10570.5,principal
SKU_1398_AQU,2025-11-01,53,11775.39,35769.7,principal
SKU_1398_SPA,2025-11-01,62,13774.98,41843.8,principal
SKU_1399_PAL,2025-11-01,46,3948.1,12415.4,principal
SKU_1399_CRE,2025-11-01,0,0.0,0.0,principal
SKU_1400_FOR,2025-11-01,32,2211.17,6716.8,principal
SKU_1400_PAL,2025-11-01,54,3731.35,11334.6,principal
SKU_1401_GAR,2025-11-01,52,4129.16,12474.8,principal
SKU_1401_BLU,2025-11-01,34,2699.83,8156.6,principal
SKU_1402_WHI,2025-11-01,23,1718.06,5402.7,principal
SKU_1402_VAN,2025-11-01,36,2689.14,8456.4,principal
SKU_1403_AQU,2025-11-01,0,0.0,0.0,principal
SKU_1403_DUS,2025-11-01,26,3294.44,10007.4,principal
SKU_1404_SAP,2025-11-01,44,14853.82,44875.6,principal
SKU_1404_ARM,2025-11-01,34,11477.95,34676.6,principal
SKU_1405_FLA,2025-11-01,52,3698.86,11174.8,principal
SKU_1405_CLO,2025-11-01,28,1991.69,6017.2,principal
SKU_1406_PRI,2025-11-01,0,0.0,0.0,principal
SKU_1406_SHO,2025-11-01,53,6104.92,18544.7,principal
SKU_1407_OFF,2025-11-01,33,2034.2,7091.7,principal
SKU_1407_EME,2025-11-01,57,3513.62,12249.3,principal
SKU_1408_PAS,2025-11-01,57,16597.34,52434.3,principal
SKU_1408_FUC,2025-11-01,58,16888.53,53354.2,principal
SKU_1409_PEA,2025-11-01,149,9204.26,31275.1,principal
SKU_1409_PEA,2025-11-01,149,9204.26,31275.1,principal
SKU_1410_ROS,2025-11-01,47,15911.86,53575.3,principal
SKU_1410_JAD,2025-11-01,38,12864.91,43316.2,principal
SKU_1411_BLU,2025-11-01,73,5724.85,16417.7,principal
SKU_1411_RAS,2025-11-01,25,1960.57,5622.5,principal
SKU_1412_SHO,2025-11-01,65,20731.25,58168.5,principal
SKU_1412_BAB,2025-11-01,26,8292.5,23267.4,principal
SKU_1413_SAG,2025-11-01,68,4161.73,12573.2,principal
SKU_1413_JAD,2025-11-01,55,3366.1,10169.5,principal
SKU_1414_DUS,2025-11-01,59,6377.2,20054.1,principal
SKU_1414_CLO,2025-11-01,57,6161.03,19374.3,principal
SKU_1415_BAB,2025-11-01,48,5417.19,17035.2,principal
SKU_1415_MID,2025-11-01,43,4852.9,15260.7,principal
SKU_1416_CLE,2025-11-01,46,3959.06,12875.4,principal
SKU_1416_AQU,2025-11-01,56,4819.72,15674.4,principal
SKU_1417_SNO,2025-11-01,37,3307.94,10356.3,principal
SKU_1417_BIR,2025-11-01,43,3844.37,12035.7,principal
SKU_1418_CLE,2025-11-01,47,11985.4,39710.3,principal
SKU_1418_MOS,2025-11-01,18,4590.15,15208.2,principal
SKU_1419_FLA,2025-11-01,59,4917.75,14744.1,principal
SKU_1419_WHI,2025-11-01,27,2250.49,6747.3,principal
SKU_1420_EGR,2025-11-01,49,15928.25,48505.1,principal
SKU_1420_LIM,2025-11-01,51,16578.38,50484.9,principal
SKU_1421_LIG,2025-11-01,33,2871.95,7586.7,principal
SKU_1421_SER,2025-11-01,0,0.0,0.0,principal
SKU_1422_PIN,2025-11-01,73,8757.21,22987.7,principal
SKU_1422_MIN,2025-11-01,57,6837.82,17949.3,principal
SKU_1423_JAD,2025-11-01,72,28440.51,86392.8,principal
SKU_1423_SAG,2025-11-01,67,26465.47,80393.3,principal
SKU_1424_VAN,2025-11-01,64,20961.35,63673.6,principal
SKU_1424_BAB,2025-11-01,48,15721.01,47755.2,principal
SKU_1425_WHI,2025-11-01,0,0.0,0.0,principal
SKU_1425_LIG,2025-11-01,44,2936.92,9235.6,principal
SKU_1426_NAV,2025-11-01,43,1624.11,5585.7,principal
SKU_1426_SEA,2025-11-01,25,944.25,3247.5,principal
SKU_1427_AQU,2025-11-01,56,3484.75,11194.4,principal
SKU_1427_BLA,2025-11-01,0,0.0,0.0,principal
SKU_1428_COB,2025-11-01,0,0.0,0.0,principal
SKU_1428_SKY,2025-11-01,41,5506.17,20085.9,principal
SKU_1429_SPA,2025-11-01,67,4021.19,12723.3,principal
SKU_1429_MAG,2025-11-01,41,2460.73,7785.9,principal
SKU_1430_PEA,2025-11-01,72,4542.64,12952.8,principal
SKU_1430_JAD,2025-11-01,69,4353.37,12413.1,principal
SKU_1431_TEA,2025-11-01,30,3783.59,11097.0,principal
SKU_1431_CRE,2025-11-01,60,7567.18,22194.0,principal
SKU_1432_WHI,2025-11-01,31,8655.6,22316.9,principal
SKU_1432_BRI,2025-11-01,0,0.0,0.0,principal
SKU_1433_OLI,2025-11-01,32,3317.28,10076.8,principal
SKU_1433_SAP,2025-11-01,29,3006.29,9132.1,principal
SKU_1434_ARM,2025-11-01,69,4605.63,14483.1,principal
SKU_1434_MIN,2025-11-01,37,2469.68,7766.3,principal
SKU_1435_SKY,2025-11-01,64,19507.78,64633.6,principal
SKU_1435_OLI,2025-11-01,17,5181.75,17168.3,principal
SKU_1436_BLU,2025-11-01,17,1408.98,4758.3,principal
SKU_1436_PAS,2025-11-01,0,0.0,0.0,principal
SKU_1437_ROY,2025-11-01,0,0.0,0.0,principal
SKU_1437_AQU,2025-11-01,49,2573.77,8080.1,principal
SKU_1438_MOS,2025-11-01,56,4307.44,11474.4,principal
SKU_1438_DEE,2025-11-01,64,4922.79,13113.6,principal
SKU_1439_CER,2025-11-01,42,2570.48,7765.8,principal
SKU_1439_SHO,2025-11-01,52,3182.5,9614.8,principal
SKU_1440_PIS,2025-11-01,25,11573.13,29997.5,principal
SKU_1440_BLU,2025-11-01,38,17591.15,45596.2,principal
SKU_1441_COB,2025-11-01,58,25975.24,66984.2,principal
SKU_1441_IVO,2025-11-01,42,18809.66,48505.8,principal
SKU_1442_OFF,2025-11-01,17,1631.27,4928.3,principal
SKU_1442_EME,2025-11-01,44,4222.1,12755.6,principal
SKU_1443_BLU,2025-11-01,59,5270.88,15924.1,principal
SKU_1443_PRI,2025-11-01,0,0.0,0.0,principal
SKU_1444_HUN,2025-11-01,0,0.0,0.0,principal
SKU_1444_OLI,2025-11-01,0,0.0,0.0,principal
SKU_1445_TEA,2025-11-01,68,10748.24,27873.2,principal
SKU_1445_PRI,2025-11-01,54,8535.37,22134.6,principal
SKU_1446_SHO,2025-11-01,38,4012.08,10256.2,principal
SKU_1446_GAR,2025-11-01,54,5701.38,14574.6,principal
SKU_1447_BLU,2025-11-01,67,5291.33,16073.3,principal
SKU_1447_OLI,2025-11-01,50,3948.75,11995.0,principal
SKU_1448_SKY,2025-11-01,45,2665.04,8095.5,principal
SKU_1448_SEA,2025-11-01,42,2487.37,7555.8,principal
SKU_1449_BLA,2025-11-01,25,2688.55,8122.5,principal
SKU_1449_NAV,2025-11-01,40,4301.68,12996.0,principal
SKU_1450_MAG,2025-11-01,46,6097.89,18855.4,principal
SKU_1450_JAD,2025-11-01,0,0.0,0.0,principal
SKU_1451_WHI,2025-11-01,28,2219.88,6857.2,principal
SKU_1451_BIR,2025-11-01,39,3091.98,9551.1,principal
SKU_1452_SKY,2025-11-01,55,2130.25,7969.5,principal
SKU_1452_DEE,2025-11-01,24,929.56,3477.6,principal
SKU_1453_SAP,2025-11-01,0,0.0,0.0,principal
SKU_1453_PRI,2025-11-01,26,1936.05,6107.4,principal
SKU_1454_BRI,2025-11-01,26,1482.57,3897.4,principal
SKU_1454_BUB,2025-11-01,42,2394.92,6295.8,principal
SKU_1455_TEA,2025-11-01,42,4655.78,14065.8,principal
SKU_1455_ROY,2025-11-01,20,2217.04,6698.0,principal
SKU_1456_EME,2025-11-01,73,7608.93,22987.7,principal
SKU_1456_DEN,2025-11-01,48,5003.13,15115.2,principal
SKU_1457_SNO,2025-11-01,56,2963.91,8954.4,principal
SKU_1457_MAG,2025-11-01,35,1852.44,5596.5,principal
SKU_1458_PEA,2025-11-01,63,7296.46,22043.7,principal
SKU_1458_MIN,2025-11-01,48,5559.21,16795.2,principal
SKU_1459_OFF,2025-11-01,45,3109.46,9445.5,principal
SKU_1459_CRE,2025-11-01,37,2556.67,7766.3,principal
SKU_1460_FUC,2025-11-01,43,2384.06,7520.7,principal
SKU_1460_OLI,2025-11-01,64,3548.37,11193.6,principal
SKU_1461_NAV,2025-11-01,34,11762.01,36376.6,principal
SKU_1461_PRI,2025-11-01,23,7956.65,24607.7,principal
SKU_1462_MID,2025-11-01,68,6632.57,24813.2,principal
SKU_1462_OFF,2025-11-01,43,4194.12,15690.7,principal
SKU_1463_LIG,2025-11-01,61,5184.23,15853.9,principal
SKU_1463_DUS,2025-11-01,15,1274.81,3898.5,principal
SKU_1464_MOS,2025-11-01,30,2623.62,6897.0,principal
SKU_1464_BIR,2025-11-01,41,3585.61,9425.9,principal
SKU_1465_CLE,2025-11-01,47,5626.48,14800.3,principal
SKU_1465_OFF,2025-11-01,47,5626.48,14800.3,principal
SKU_1466_PRI,2025-11-01,20,1777.02,5398.0,principal
SKU_1466_SAP,2025-11-01,55,4886.81,14844.5,principal
SKU_1467_OLI,2025-11-01,74,4821.71,15162.6,principal
SKU_1467_FUC,2025-11-01,53,3453.38,10859.7,principal
SKU_1468_BAB,2025-11-01,0,0.0,0.0,principal
SKU_1468_MYS,2025-11-01,21,3683.33,11127.9,principal
SKU_1469_ARM,2025-11-01,49,4595.13,14450.1,principal
SKU_1469_SAL,2025-11-01,47,4407.58,13860.3,principal
SKU_1470_WHI,2025-11-01,0,0.0,0.0,principal
SKU_1470_MAR,2025-11-01,17,5072.85,15638.3,principal
SKU_1471_ROS,2025-11-01,60,3322.7,12294.0,principal
SKU_1471_LIG,2025-11-01,0,0.0,0.0,principal
SKU_1472_EME,2025-11-01,45,6660.83,21145.5,principal
SKU_1472_MYS,2025-11-01,51,7548.94,23964.9,principal
SKU_1473_BLU,2025-11-01,32,1538.79,5756.8,principal
SKU_1473_BAB,2025-11-01,60,2885.24,10794.0,principal
SKU_1474_BRI,2025-11-01,0,0.0,0.0,principal
SKU_1474_DEN,2025-11-01,37,12823.73,39216.3,principal
SKU_1475_VAN,2025-11-01,54,5133.35,13494.6,principal
SKU_1475_MIN,2025-11-01,33,3137.04,8246.7,principal
SKU_1476_WHI,2025-11-01,58,5248.83,15944.2,principal
SKU_1476_CLO,2025-11-01,22,1990.94,6047.8,principal
SKU_1477_CLE,2025-11-01,30,2233.26,6747.0,principal
SKU_1477_EME,2025-11-01,45,3349.89,10120.5,principal
SKU_1478_TEA,2025-11-01,39,2502.28,7601.1,principal
SKU_1478_COB,2025-11-01,58,3721.34,11304.2,principal
SKU_1479_MIN,2025-11-01,42,7714.22,23305.8,principal
SKU_1479_FUC,2025-11-01,25,4591.8,13872.5,principal
SKU_1480_SNO,2025-11-01,30,3673.11,11097.0,principal
SKU_1480_MEX,2025-11-01,25,3060.92,9247.5,principal
SKU_1481_BLA,2025-11-01,42,10344.54,34015.8,principal
SKU_1481_TEA,2025-11-01,25,6157.47,20247.5,principal
SKU_1482_MOS,2025-11-01,50,6210.36,22245.0,principal
SKU_1482_SHO,2025-11-01,31,3850.42,13791.9,principal
SKU_1483_WHI,2025-11-01,30,2868.54,9747.0,principal
SKU_1483_POW,2025-11-01,36,3442.25,11696.4,principal
SKU_1484_MOS,2025-11-01,24,3278.17,11037.6,principal
SKU_1484_EGR,2025-11-01,61,8332.01,28053.9,principal
SKU_1485_PAS,2025-11-01,66,17219.85,43883.4,principal
SKU_1485_CER,2025-11-01,29,7566.3,19282.1,principal
SKU_1486_OLI,2025-11-01,0,0.0,0.0,principal
SKU_1486_PAL,2025-11-01,65,6237.2,18843.5,principal
SKU_1487_BRI,2025-11-01,0,0.0,0.0,principal
SKU_1487_CLE,2025-11-01,29,3088.45,9712.1,principal
SKU_1488_IVO,2025-11-01,18,1945.59,6118.2,principal
SKU_1488_PEA,2025-11-01,0,0.0,0.0,principal
SKU_1489_TEA,2025-11-01,64,7793.35,23673.6,principal
SKU_1489_IVO,2025-11-01,55,6697.41,20344.5,principal
SKU_1490_EME,2025-11-01,52,5420.06,16374.8,principal
SKU_1490_VAN,2025-11-01,59,6149.68,18579.1,principal
SKU_1491_GAR,2025-11-01,33,1382.92,4451.7,principal
SKU_1491_CER,2025-11-01,61,2556.31,8228.9,principal
SKU_1492_SKY,2025-11-01,54,6355.18,20244.6,principal
SKU_1492_BIR,2025-11-01,22,2589.15,8247.8,principal
SKU_1493_PEA,2025-11-01,23,2028.19,7587.7,principal
SKU_1493_CLO,2025-11-01,77,6790.03,25402.3,principal
SKU_1494_EGR,2025-11-01,70,24073.93,75943.0,principal
SKU_1494_HOT,2025-11-01,18,6190.44,19528.2,principal
SKU_1495_FUC,2025-11-01,0,0.0,0.0,principal
SKU_1495_BLA,2025-11-01,24,2821.83,7917.6,principal
SKU_1496_PAS,2025-11-01,50,18680.45,56745.0,principal
SKU_1496_PEA,2025-11-01,0,0.0,0.0,principal
SKU_1497_FUC,2025-11-01,32,1428.86,4316.8,principal
SKU_1497_VAN,2025-11-01,36,1607.47,4856.4,principal
SKU_1498_OLI,2025-11-01,71,7987.99,24132.9,principal
SKU_1498_LIG,2025-11-01,0,0.0,0.0,principal
SKU_1499_HOT,2025-11-01,28,2314.15,7277.2,principal
SKU_1499_RAS,2025-11-01,50,4132.41,12995.0,principal
SKU_1500_MOS,2025-11-01,55,4705.75,14294.5,principal
SKU_1500_PAS,2025-11-01,60,5133.54,15594.0,principal
SKU_1501_OLI,2025-11-01,34,1912.05,5776.6,principal
SKU_1501_SAL,2025-11-01,21,1180.97,3567.9,principal
SKU_1502_PEA,2025-11-01,22,1520.18,4617.8,principal
SKU_1502_VAN,2025-11-01,46,3178.56,9655.4,principal
SKU_1503_VAN,2025-11-01,30,2270.49,6897.0,principal
SKU_1503_CER,2025-11-01,44,3330.06,10115.6,principal
SKU_1504_EME,2025-11-01,17,1912.62,5778.3,principal
SKU_1504_NAV,2025-11-01,35,3937.74,11896.5,principal
SKU_1505_BLU,2025-11-01,68,5287.13,15973.2,principal
SKU_1505_SNO,2025-11-01,27,2099.3,6342.3,principal
SKU_1506_PAL,2025-11-01,47,3436.09,10805.3,principal
SKU_1506_BRI,2025-11-01,0,0.0,0.0,principal
SKU_1507_PAS,2025-11-01,57,3394.17,10254.3,principal
SKU_1507_FLA,2025-11-01,0,0.0,0.0,principal
SKU_1508_LIM,2025-11-01,69,4767.84,14483.1,principal
SKU_1508_DEE,2025-11-01,33,2280.27,6926.7,principal
SKU_1509_HOT,2025-11-01,37,3917.82,11836.3,principal
SKU_1509_MAG,2025-11-01,0,0.0,0.0,principal
SKU_1510_SNO,2025-11-01,44,11681.92,36735.6,principal
SKU_1510_ROS,2025-11-01,33,8761.44,27551.7,principal
SKU_1511_CLE,2025-11-01,28,8324.35,26177.2,principal
SKU_1511_SKY,2025-11-01,69,20513.58,64508.1,principal
SKU_1512_TEA,2025-11-01,43,3067.45,9670.7,principal
SKU_1512_MYS,2025-11-01,59,4208.83,13269.1,principal
SKU_1513_PAS,2025-11-01,44,2555.57,9455.6,principal
SKU_1513_RAS,2025-11-01,44,2555.57,9455.6,principal
SKU_1514_PEA,2025-11-01,52,12700.46,43154.8,principal
SKU_1514_SPA,2025-11-01,40,9769.58,33196.0,principal
SKU_1515_SEA,2025-11-01,38,2421.83,7406.2,principal
SKU_1515_AQU,2025-11-01,27,1720.77,5262.3,principal
SKU_1516_CRE,2025-11-01,29,3859.96,10147.1,principal
SKU_1516_EME,2025-11-01,26,3460.65,9097.4,principal
SKU_1517_FOR,2025-11-01,32,14596.93,38396.8,principal
SKU_1517_ROS,2025-11-01,44,20070.78,52795.6,principal
SKU_1518_CLE,2025-11-01,66,4930.08,15503.4,principal
SKU_1518_LIM,2025-11-01,54,4033.7,12684.6,principal
SKU_1519_BLU,2025-11-01,49,9815.1,30865.1,principal
SKU_1519_TEA,2025-11-01,59,11818.18,37164.1,principal
SKU_1520_GAR,2025-11-01,63,4664.34,14168.7,principal
SKU_1520_ROY,2025-11-01,48,3553.78,10795.2,principal
SKU_1521_MOS,2025-11-01,24,1449.32,4557.6,principal
SKU_1521_FRE,2025-11-01,0,0.0,0.0,principal
SKU_1522_MOS,2025-11-01,54,2211.77,8094.6,principal
SKU_1522_BIR,2025-11-01,62,2539.44,9293.8,principal
SKU_1523_HOT,2025-11-01,40,4142.05,14996.0,principal
SKU_1523_CRE,2025-11-01,54,5591.76,20244.6,principal
SKU_1524_BLU,2025-11-01,0,0.0,0.0,principal
SKU_1524_DEN,2025-11-01,21,2286.09,7767.9,principal
SKU_1525_MYS,2025-11-01,35,3216.44,10146.5,principal
SKU_1525_OLI,2025-11-01,0,0.0,0.0,principal
SKU_1526_FOR,2025-11-01,26,1574.36,4417.4,principal
SKU_1527_FUC,2025-11-01,50,14976.95,45495.0,principal
SKU_1527_TEA,2025-11-01,59,17672.81,53684.1,principal
SKU_1528_PAS,2025-11-01,63,4481.31,13538.7,principal
SKU_1528_DEN,2025-11-01,76,5406.02,16332.4,principal
SKU_1529_HUN,2025-11-01,55,4434.16,13469.5,principal
SKU_1529_MIN,2025-11-01,62,4998.51,15183.8,principal
SKU_1530_HON,2025-11-01,37,1582.23,4806.3,principal
SKU_1530_PEA,2025-11-01,42,1796.05,5455.8,principal
SKU_1531_TEA,2025-11-01,50,9100.84,27495.0,principal
SKU_1531_SNO,2025-11-01,59,10739.0,32444.1,principal
SKU_1532_BRI,2025-11-01,49,13404.86,48015.1,principal
SKU_1532_EME,2025-11-01,45,12310.58,44095.5,principal
SKU_1533_CER,2025-11-01,63,3128.56,10388.7,principal
SKU_1533_DUS,2025-11-01,76,3774.13,12532.4,principal
SKU_1534_MYS,2025-11-01,61,3588.66,12193.9,principal
SKU_1534_HUN,2025-11-01,20,1176.61,3998.0,principal
SKU_1535_NAV,2025-11-01,32,3092.91,9756.8,principal
SKU_1535_MOS,2025-11-01,49,4736.01,14940.1,principal
SKU_1536_MOS,2025-11-01,47,5777.35,16210.3,principal
SKU_1536_FRE,2025-11-01,33,4056.44,11381.7,principal
SKU_1537_SAP,2025-11-01,59,4977.94,15039.1,principal
SKU_1537_BLA,2025-11-01,23,1940.55,5862.7,principal
SKU_1538_MAG,2025-11-01,51,3543.32,10704.9,principal
SKU_1538_PAS,2025-11-01,0,0.0,0.0,principal
SKU_1539_BLA,2025-11-01,19,2114.1,6648.1,principal
SKU_1539_PEA,2025-11-01,50,5563.41,17495.0,principal
SKU_1540_BAL,2025-11-01,0,0.0,0.0,principal
SKU_1540_MAG,2025-11-01,33,1782.93,5606.7,principal
SKU_1541_AQU,2025-11-01,0,0.0,0.0,principal
SKU_1541_POW,2025-11-01,63,13520.95,42518.7,principal
SKU_1542_DEE,2025-11-01,43,6651.72,20205.7,principal
SKU_1542_PEA,2025-11-01,70,10828.38,32893.0,principal
SKU_1543_BAB,2025-11-01,70,16358.87,51443.0,principal
SKU_1543_FLA,2025-11-01,47,10983.82,34540.3,principal
SKU_1544_OLI,2025-11-01,56,3559.82,11194.4,principal
SKU_1544_PEA,2025-11-01,39,2479.16,7796.1,principal
SKU_1545_TEA,2025-11-01,49,4049.76,12735.1,principal
SKU_1545_HOT,2025-11-01,71,5868.02,18452.9,principal
SKU_1546_PAS,2025-11-01,37,2057.87,6471.3,principal
SKU_1546_IVO,2025-11-01,25,1390.45,4372.5,principal
SKU_1547_IVO,2025-11-01,43,4695.47,14185.7,principal
SKU_1547_FUC,2025-11-01,21,2293.13,6927.9,principal
SKU_1548_HOT,2025-11-01,52,8173.98,24694.8,principal
SKU_1548_CLO,2025-11-01,59,9274.32,28019.1,principal
SKU_1549_BAL,2025-11-01,55,3233.9,10169.5,principal
SKU_1549_PAS,2025-11-01,21,1234.76,3882.9,principal
SKU_1550_PAL,2025-11-01,47,2551.4,7750.3,principal
SKU_1550_IVO,2025-11-01,35,1899.98,5771.5,principal
SKU_1551_DUS,2025-11-01,44,3202.62,9675.6,principal
SKU_1551_ROS,2025-11-01,54,3930.49,11874.6,principal
SKU_1552_CLE,2025-11-01,18,3910.3,11878.2,principal
SKU_1552_SAP,2025-11-01,0,0.0,0.0,principal
SKU_1553_DEN,2025-11-01,43,3440.78,10960.7,principal
SKU_1553_HOT,2025-11-01,43,3440.78,10960.7,principal
SKU_1554_PIS,2025-11-01,60,17888.66,62094.0,principal
SKU_1554_SKY,2025-11-01,46,13714.64,47605.4,principal
SKU_1555_FUC,2025-11-01,29,1571.18,5507.1,principal
SKU_1555_RAS,2025-11-01,21,1137.75,3987.9,principal
SKU_1556_SAL,2025-11-01,20,1217.11,4098.0,principal
SKU_1556_HUN,2025-11-01,68,4138.16,13933.2,principal
SKU_1557_TUR,2025-11-01,60,4314.24,11994.0,principal
SKU_1557_SAG,2025-11-01,43,3091.87,8595.7,principal
SKU_1558_CLE,2025-11-01,27,3388.34,8907.3,principal
SKU_1558_MEX,2025-11-01,0,0.0,0.0,principal
SKU_1559_BLU,2025-11-01,37,17141.41,44396.3,principal
SKU_1559_SKY,2025-11-01,0,0.0,0.0,principal
SKU_1560_PAL,2025-11-01,0,0.0,0.0,principal
SKU_1560_CRE,2025-11-01,22,1628.82,4947.8,principal
SKU_1561_LIM,2025-11-01,46,5157.93,16095.4,principal
SKU_1561_VAN,2025-11-01,44,4933.67,15395.6,principal
SKU_1562_CLO,2025-11-01,41,3955.27,12705.9,principal
SKU_1562_BLU,2025-11-01,0,0.0,0.0,principal
SKU_1563_WHI,2025-11-01,23,921.57,3447.7,principal
SKU_1563_MEX,2025-11-01,23,921.57,3447.7,principal
SKU_1564_BLA,2025-11-01,56,10471.9,33034.4,principal
SKU_1564_NAV,2025-11-01,18,3365.97,10618.2,principal
SKU_1565_LIG,2025-11-01,32,4519.19,11516.8,principal
SKU_1565_BAB,2025-11-01,48,6778.79,17275.2,principal
SKU_1566_PEA,2025-11-01,56,22031.94,57954.4,principal
SKU_1566_POW,2025-11-01,67,26359.65,69338.3,principal
SKU_1567_PRI,2025-11-01,68,15443.83,46913.2,principal
SKU_1567_POW,2025-11-01,78,17714.98,53812.2,principal
SKU_1568_FRE,2025-11-01,64,4780.68,15033.6,principal
SKU_1568_PIN,2025-11-01,50,3734.91,11745.0,principal
SKU_1569_WHI,2025-11-01,55,3846.05,12094.5,principal
SKU_1569_PAS,2025-11-01,18,1258.71,3958.2,principal
SKU_1570_MEX,2025-11-01,41,9320.87,29310.9,principal
SKU_1570_HON,2025-11-01,0,0.0,0.0,principal
SKU_1571_WHI,2025-11-01,36,2611.16,8996.4,principal
SKU_1571_BIR,2025-11-01,50,3626.61,12495.0,principal
SKU_1572_BAL,2025-11-01,27,1101.49,3777.3,principal
SKU_1572_MAR,2025-11-01,0,0.0,0.0,principal
SKU_1573_MIN,2025-11-01,70,21113.96,71743.0,principal
SKU_1573_SAG,2025-11-01,0,0.0,0.0,principal
SKU_1574_GAR,2025-11-01,46,8264.14,27825.4,principal
SKU_1574_COB,2025-11-01,66,11857.25,39923.4,principal
SKU_1575_JAD,2025-11-01,27,8883.21,23352.3,principal
SKU_1575_AQU,2025-11-01,40,13160.32,34596.0,principal
SKU_1576_AQU,2025-11-01,65,5240.37,15918.5,principal
SKU_1576_BLU,2025-11-01,21,1693.04,5142.9,principal
SKU_1577_FLA,2025-11-01,0,0.0,0.0,principal
SKU_1577_HUN,2025-11-01,34,1728.84,5436.6,principal
SKU_1578_PAS,2025-11-01,67,2754.84,8368.3,principal
SKU_1578_TEA,2025-11-01,0,0.0,0.0,principal
SKU_1579_DEN,2025-11-01,63,4768.03,14483.7,principal
SKU_1579_SAG,2025-11-01,62,4692.35,14253.8,principal
SKU_1580_WHI,2025-11-01,38,2294.75,7216.2,principal
SKU_1580_MOS,2025-11-01,50,3019.41,9495.0,principal
SKU_1581_BIR,2025-11-01,70,16411.93,59843.0,principal
SKU_1581_COB,2025-11-01,59,13832.91,50439.1,principal
SKU_1582_WHI,2025-11-01,63,4246.06,14483.7,principal
SKU_1582_PAS,2025-11-01,30,2021.94,6897.0,principal
SKU_1583_WHI,2025-11-01,63,4292.49,16058.7,principal
SKU_1583_BLU,2025-11-01,47,3202.33,11980.3,principal
SKU_1584_AQU,2025-11-01,0,0.0,0.0,principal
SKU_1584_FLA,2025-11-01,27,1632.48,4992.3,principal
SKU_1585_COR,2025-11-01,30,3765.86,9597.0,principal
SKU_1585_BLA,2025-11-01,18,2259.52,5758.2,principal
SKU_1586_JAD,2025-11-01,39,4520.52,11891.1,principal
SKU_1586_EGR,2025-11-01,53,6143.27,16159.7,principal
SKU_1587_DEE,2025-11-01,0,0.0,0.0,principal
SKU_1587_LIG,2025-11-01,50,3655.41,11495.0,principal
SKU_1588_PAS,2025-11-01,39,6075.74,19106.1,principal
SKU_1588_CRE,2025-11-01,48,7477.83,23515.2,principal
SKU_1589_TUR,2025-11-01,36,8101.69,24476.4,principal
SKU_1589_CER,2025-11-01,24,5401.13,16317.6,principal
SKU_1590_MYS,2025-11-01,59,3688.39,11204.1,principal
SKU_1590_HOT,2025-11-01,42,2625.63,7975.8,principal
SKU_1591_HON,2025-11-01,0,0.0,0.0,principal
SKU_1591_MYS,2025-11-01,50,14149.41,44495.0,principal
SKU_1592_CER,2025-11-01,30,2002.45,6297.0,principal
SKU_1592_SAG,2025-11-01,50,3337.41,10495.0,principal
SKU_1593_LIG,2025-11-01,68,3261.41,9853.2,principal
SKU_1593_FUC,2025-11-01,44,2110.32,6375.6,principal
SKU_1594_BAL,2025-11-01,40,6582.68,19996.0,principal
SKU_1594_WHI,2025-11-01,31,5101.58,15496.9,principal
SKU_1595_FLA,2025-11-01,75,7445.02,22492.5,principal
SKU_1595_MYS,2025-11-01,18,1786.8,5398.2,principal
SKU_1596_BIR,2025-11-01,29,2624.42,7972.1,principal
SKU_1596_CER,2025-11-01,31,2805.41,8521.9,principal
SKU_1597_SHO,2025-11-01,43,7245.85,22785.7,principal
SKU_1597_FLA,2025-11-01,57,9604.97,30204.3,principal
SKU_1598_NAV,2025-11-01,53,8256.77,25964.7,principal
SKU_1598_DUS,2025-11-01,21,3271.55,10287.9,principal
SKU_1599_WHI,2025-11-01,30,4640.73,14097.0,principal
SKU_1599_CER,2025-11-01,28,4331.35,13157.2,principal
SKU_1600_LIG,2025-11-01,32,4160.03,12636.8,principal
SKU_1600_SHO,2025-11-01,0,0.0,0.0,principal
SKU_1601_EME,2025-11-01,68,16541.13,49973.2,principal
SKU_1601_AQU,2025-11-01,21,5108.29,15432.9,principal
SKU_1602_AQU,2025-11-01,40,2724.19,9196.0,principal
SKU_1602_PAS,2025-11-01,21,1430.2,4827.9,principal
SKU_1603_BUB,2025-11-01,19,3937.81,14153.1,principal
SKU_1603_PEA,2025-11-01,0,0.0,0.0,principal
SKU_1604_CLE,2025-11-01,70,11318.28,42343.0,principal
SKU_1604_SNO,2025-11-01,31,5012.38,18751.9,principal
SKU_1605_VAN,2025-11-01,0,0.0,0.0,principal
SKU_1605_COR,2025-11-01,30,1959.31,6597.0,principal
SKU_1606_COB,2025-11-01,33,12759.73,35801.7,principal
SKU_1606_SEA,2025-11-01,23,8893.14,24952.7,principal
SKU_1607_GAR,2025-11-01,38,3772.14,11396.2,principal
SKU_1607_MAR,2025-11-01,20,1985.34,5998.0,principal
SKU_1608_WHI,2025-11-01,0,0.0,0.0,principal
SKU_1608_MID,2025-11-01,50,5018.65,15245.0,principal
SKU_1609_LIM,2025-11-01,0,0.0,0.0,principal
SKU_1609_SAP,2025-11-01,20,1716.56,5398.0,principal
SKU_1610_PRI,2025-11-01,48,2921.72,8875.2,principal
SKU_1610_MEX,2025-11-01,47,2860.85,8690.3,principal
SKU_1611_MID,2025-11-01,35,2533.69,7696.5,principal
SKU_1611_BRI,2025-11-01,18,1303.04,3958.2,principal
SKU_1612_PAL,2025-11-01,65,6613.74,21443.5,principal
SKU_1612_SNO,2025-11-01,32,3256.0,10556.8,principal
SKU_1613_BIR,2025-11-01,58,3122.7,11014.2,principal
SKU_1613_AQU,2025-11-01,65,3499.58,12343.5,principal
SKU_1614_VAN,2025-11-01,45,5711.85,20020.5,principal
SKU_1614_IVO,2025-11-01,49,6219.57,21800.1,principal
SKU_1615_MOS,2025-11-01,29,4273.83,13482.1,principal
SKU_1615_SHO,2025-11-01,19,2800.09,8833.1,principal
SKU_1616_SER,2025-11-01,0,0.0,0.0,principal
SKU_1616_COR,2025-11-01,70,27291.04,71743.0,principal
SKU_1617_DEN,2025-11-01,0,0.0,0.0,principal
SKU_1617_MIN,2025-11-01,48,3009.04,7915.2,principal
SKU_1618_SAL,2025-11-01,41,2441.42,7375.9,principal
SKU_1618_SAP,2025-11-01,57,3394.17,10254.3,principal
SKU_1619_IVO,2025-11-01,69,4540.69,13793.1,principal
SKU_1619_PAS,2025-11-01,25,1645.18,4997.5,principal
SKU_1620_SAG,2025-11-01,34,2981.18,9006.6,principal
SKU_1620_BLU,2025-11-01,0,0.0,0.0,principal
SKU_1621_PAS,2025-11-01,78,6064.65,18322.2,principal
SKU_1621_FUC,2025-11-01,0,0.0,0.0,principal
SKU_1622_VAN,2025-11-01,29,2378.72,7827.1,principal
SKU_1622_CLO,2025-11-01,27,2214.67,7287.3,principal
SKU_1623_EGR,2025-11-01,0,0.0,0.0,principal
SKU_1623_SER,2025-11-01,29,7590.05,26532.1,principal
SKU_1624_PRI,2025-11-01,59,3644.64,12384.1,principal
SKU_1624_ARM,2025-11-01,66,4077.06,13853.4,principal
SKU_1625_GAR,2025-11-01,26,1688.79,5327.4,principal
SKU_1625_DUS,2025-11-01,55,3572.43,11269.5,principal
SKU_1626_BAB,2025-11-01,57,11706.54,30774.3,principal
SKU_1626_DEN,2025-11-01,34,6982.85,18356.6,principal
SKU_1627_BAB,2025-11-01,59,6442.62,19464.1,principal
SKU_1627_MOS,2025-11-01,45,4913.86,14845.5,principal
SKU_1628_PEA,2025-11-01,0,0.0,0.0,principal
SKU_1628_POW,2025-11-01,64,11585.73,35193.6,principal
SKU_1629_CLO,2025-11-01,37,2999.15,9431.3,principal
SKU_1629_ARM,2025-11-01,37,2999.15,9431.3,principal
SKU_1630_LIM,2025-11-01,0,0.0,0.0,principal
SKU_1630_SNO,2025-11-01,23,2549.59,7702.7,principal
SKU_1631_BAL,2025-11-01,37,2116.7,6656.3,principal
SKU_1631_SNO,2025-11-01,18,1029.75,3238.2,principal
SKU_1632_SAP,2025-11-01,71,4345.33,13127.9,principal
SKU_1632_SPA,2025-11-01,32,1958.46,5916.8,principal
SKU_1633_SER,2025-11-01,24,1792.76,5637.6,principal
SKU_1633_DEN,2025-11-01,53,3959.0,12449.7,principal
SKU_1634_NAV,2025-11-01,0,0.0,0.0,principal
SKU_1634_SAP,2025-11-01,0,0.0,0.0,principal
SKU_1635_TEA,2025-11-01,33,6347.82,19961.7,principal
SKU_1635_SAG,2025-11-01,58,11156.78,35084.2,principal
SKU_1636_LIG,2025-11-01,37,5358.16,16276.3,principal
SKU_1636_SHO,2025-11-01,45,6516.68,19795.5,principal
SKU_1637_BLU,2025-11-01,27,7898.26,24837.3,principal
SKU_1637_WHI,2025-11-01,16,4680.45,14718.4,principal
SKU_1638_PEA,2025-11-01,38,13774.55,43316.2,principal
SKU_1638_SAP,2025-11-01,19,6887.28,21658.1,principal
SKU_1639_FRE,2025-11-01,20,1207.76,3798.0,principal
SKU_1639_WHI,2025-11-01,46,2777.86,8735.4,principal
SKU_1640_IVO,2025-11-01,0,0.0,0.0,principal
SKU_1640_TEA,2025-11-01,31,2244.12,6816.9,principal
SKU_1641_MEX,2025-11-01,57,5889.14,18519.3,principal
SKU_1641_SER,2025-11-01,0,0.0,0.0,principal
SKU_1642_OFF,2025-11-01,55,4094.3,12369.5,principal
SKU_1642_SAL,2025-11-01,55,4094.3,12369.5,principal
SKU_1643_PAS,2025-11-01,51,3511.61,11469.9,principal
SKU_1643_EGR,2025-11-01,0,0.0,0.0,principal
SKU_1644_BAB,2025-11-01,65,5978.05,20793.5,principal
SKU_1644_PEA,2025-11-01,54,4966.38,17274.6,principal
SKU_1645_MYS,2025-11-01,45,5134.12,17995.5,principal
SKU_1645_MIN,2025-11-01,50,5704.57,19995.0,principal
SKU_1646_BLU,2025-11-01,26,1688.79,5327.4,principal
SKU_1646_CLE,2025-11-01,27,1753.74,5532.3,principal
SKU_1647_BLA,2025-11-01,48,5330.18,16315.2,principal
SKU_1647_ARM,2025-11-01,40,4441.81,13596.0,principal
SKU_1648_RAS,2025-11-01,26,6485.55,18197.4,principal
SKU_1648_FLA,2025-11-01,0,0.0,0.0,principal
SKU_1649_FLA,2025-11-01,65,5026.39,15268.5,principal
SKU_1649_GAR,2025-11-01,65,5026.39,15268.5,principal
SKU_1650_OLI,2025-11-01,44,14060.56,44215.6,principal
SKU_1650_EGR,2025-11-01,26,8308.51,26127.4,principal
SKU_1651_PAS,2025-11-01,0,0.0,0.0,principal
SKU_1651_SAL,2025-11-01,0,0.0,0.0,principal
SKU_1652_TEA,2025-11-01,61,4124.64,13413.9,principal
SKU_1652_MOS,2025-11-01,22,1487.58,4837.8,principal
SKU_1653_ROS,2025-11-01,69,7932.03,24833.1,principal
SKU_1653_BAB,2025-11-01,41,4713.24,14755.9,principal
SKU_1654_CRE,2025-11-01,28,2538.87,8677.2,principal
SKU_1654_NAV,2025-11-01,42,3808.31,13015.8,principal
SKU_1655_SNO,2025-11-01,55,11468.71,35469.5,principal
SKU_1655_TEA,2025-11-01,17,3544.87,10963.3,principal
SKU_1656_FUC,2025-11-01,0,0.0,0.0,principal
SKU_1656_SNO,2025-11-01,57,4840.94,13389.3,principal
SKU_1657_SPA,2025-11-01,49,3734.68,10530.1,principal
SKU_1657_EME,2025-11-01,22,1676.8,4727.8,principal
SKU_1658_BAB,2025-11-01,24,8044.79,21117.6,principal
SKU_1658_MYS,2025-11-01,27,9050.39,23757.3,principal
SKU_1659_MOS,2025-11-01,69,23407.69,70718.1,principal
SKU_1659_SNO,2025-11-01,64,21711.48,65593.6,principal
SKU_1660_NAV,2025-11-01,53,5494.25,16689.7,principal
SKU_1660_MAG,2025-11-01,57,5908.91,17949.3,principal
SKU_1661_WHI,2025-11-01,28,9174.39,27717.2,principal
SKU_1661_CER,2025-11-01,40,13106.28,39596.0,principal
SKU_1662_PIS,2025-11-01,49,3039.84,9795.1,principal
SKU_1662_LIG,2025-11-01,49,3039.84,9795.1,principal
SKU_1663_SNO,2025-11-01,34,8678.62,27026.6,principal
SKU_1663_FLA,2025-11-01,48,12252.17,38155.2,principal
SKU_1664_PIN,2025-11-01,74,7368.24,24412.6,principal
SKU_1664_MIN,2025-11-01,18,1792.27,5938.2,principal
SKU_1665_SAG,2025-11-01,0,0.0,0.0,principal
SKU_1665_RAS,2025-11-01,70,5179.83,17493.0,principal
SKU_1666_FUC,2025-11-01,63,17673.45,50393.7,principal
SKU_1666_PAS,2025-11-01,50,14026.55,39995.0,principal
SKU_1667_LIG,2025-11-01,26,1986.04,5457.4,principal
SKU_1667_MID,2025-11-01,64,4888.7,13433.6,principal
SKU_1668_DEN,2025-11-01,61,6385.52,16463.9,principal
SKU_1668_VAN,2025-11-01,0,0.0,0.0,principal
SKU_1669_COR,2025-11-01,23,1773.81,4597.7,principal
SKU_1669_TEA,2025-11-01,56,4318.83,11194.4,principal
SKU_1670_SAP,2025-11-01,74,3549.18,10722.6,principal
SKU_1670_PEA,2025-11-01,0,0.0,0.0,principal
SKU_1671_SEA,2025-11-01,33,3485.04,11546.7,principal
SKU_1671_MIN,2025-11-01,65,6864.47,22743.5,principal
SKU_1672_TEA,2025-11-01,30,2796.09,8847.0,principal
SKU_1672_FOR,2025-11-01,24,2236.87,7077.6,principal
SKU_1673_PEA,2025-11-01,60,8361.53,24594.0,principal
SKU_1673_FUC,2025-11-01,60,8361.53,24594.0,principal
SKU_1674_PAS,2025-11-01,46,3848.56,10575.4,principal
SKU_1674_WHI,2025-11-01,36,3011.91,8276.4,principal
SKU_1675_CRE,2025-11-01,26,6582.73,19887.4,principal
SKU_1675_DEN,2025-11-01,26,6582.73,19887.4,principal
SKU_1676_PIN,2025-11-01,24,1342.35,4077.6,principal
SKU_1676_NAV,2025-11-01,39,2181.31,6626.1,principal
SKU_1677_POW,2025-11-01,35,7734.89,19946.5,principal
SKU_1677_VAN,2025-11-01,56,12375.82,31914.4,principal
SKU_1678_LIG,2025-11-01,50,13185.97,35745.0,principal
SKU_1678_MAG,2025-11-01,56,14768.29,40034.4,principal
SKU_1679_SHO,2025-11-01,56,19290.29,51514.4,principal
SKU_1679_GAR,2025-11-01,0,0.0,0.0,principal
SKU_1680_NAV,2025-11-01,239,26493.6,80041.1,principal
SKU_1680_SEA,2025-11-01,288,31925.35,96451.2,principal
SKU_1681_OFF,2025-11-01,266,20569.54,62483.4,principal
SKU_1681_PIS,2025-11-01,223,17244.38,52382.7,principal
SKU_1682_OLI,2025-11-01,274,25177.76,64362.6,principal
SKU_1682_BIR,2025-11-01,224,20583.28,52617.6,principal
SKU_1683_PAL,2025-11-01,240,29985.55,75576.0,principal
SKU_1683_SHO,2025-11-01,271,33858.68,85337.9,principal
SKU_1684_HON,2025-11-01,236,14443.65,43636.4,principal
SKU_1684_SHO,2025-11-01,221,13525.62,40862.9,principal
SKU_1685_COB,2025-11-01,220,48418.02,146278.0,principal
SKU_1685_BIR,2025-11-01,39,8583.19,25931.1,principal
SKU_1686_MOS,2025-11-01,230,15496.01,49427.0,principal
SKU_1686_SKY,2025-11-01,213,14350.65,45773.7,principal
SKU_1687_FOR,2025-11-01,66,18639.43,59393.4,principal
SKU_1687_WHI,2025-11-01,307,86701.59,276269.3,principal
SKU_1688_WHI,2025-11-01,286,36184.6,122951.4,principal
SKU_1688_LIG,2025-11-01,325,41118.86,139717.5,principal
SKU_1689_MAG,2025-11-01,234,73832.22,225786.6,principal
SKU_1689_IVO,2025-11-01,248,78249.53,239295.2,principal
SKU_1690_MAG,2025-11-01,207,39831.01,111759.3,principal
SKU_1690_MYS,2025-11-01,203,39061.33,109599.7,principal
SKU_1691_HUN,2025-11-01,185,18873.53,57331.5,principal
SKU_1691_ROS,2025-11-01,243,24790.64,75305.7,principal
SKU_1692_OLI,2025-11-01,287,20889.84,63111.3,principal
SKU_1692_BLU,2025-11-01,252,18342.3,55414.8,principal
SKU_1693_MEX,2025-11-01,323,21906.47,66182.7,principal
SKU_1693_FLA,2025-11-01,212,14378.24,43438.8,principal
SKU_1694_PIS,2025-11-01,230,21308.79,64377.0,principal
SKU_1694_SER,2025-11-01,276,25570.54,77252.4,principal
SKU_1695_CRE,2025-11-01,252,16820.55,52894.8,principal
SKU_1695_LIM,2025-11-01,183,12214.92,38411.7,principal
SKU_1696_SER,2025-11-01,264,21946.4,73893.6,principal
SKU_1696_SHO,2025-11-01,283,23525.87,79211.7,principal
SKU_1697_PIS,2025-11-01,242,16121.19,53215.8,principal
SKU_1697_MIN,2025-11-01,289,19252.17,63551.1,principal
SKU_1698_PRI,2025-11-01,0,0.0,0.0,principal
SKU_1698_SNO,2025-11-01,89,10998.31,37371.1,principal
SKU_1699_CLO,2025-11-01,282,30421.4,93031.8,principal
SKU_1699_COB,2025-11-01,269,29018.99,88743.1,principal
SKU_1700_HUN,2025-11-01,256,70308.03,179174.4,principal
SKU_1700_PIS,2025-11-01,233,63991.3,163076.7,principal
SKU_1701_SPA,2025-11-01,241,31141.15,81915.9,principal
SKU_1701_BLU,2025-11-01,243,31399.58,82595.7,principal
SKU_1702_LIG,2025-11-01,303,62171.63,187829.7,principal
SKU_1702_COR,2025-11-01,318,65249.43,197128.2,principal
SKU_1703_PAS,2025-11-01,213,18281.41,57488.7,principal
SKU_1703_BLU,2025-11-01,302,25920.12,81509.8,principal
SKU_1704_BAB,2025-11-01,218,23216.61,73008.2,principal
SKU_1704_PEA,2025-11-01,249,26518.05,83390.1,principal
SKU_1705_SER,2025-11-01,240,32562.46,98376.0,principal
SKU_1705_JAD,2025-11-01,269,36497.09,110263.1,principal
SKU_1706_BLA,2025-11-01,278,16674.16,51402.2,principal
SKU_1706_JAD,2025-11-01,252,15114.71,46594.8,principal
SKU_1707_ARM,2025-11-01,278,21030.3,77812.2,principal
SKU_1707_SAP,2025-11-01,93,7035.32,26030.7,principal
SKU_1708_FLA,2025-11-01,241,12897.96,40945.9,principal
SKU_1708_FRE,2025-11-01,233,12469.81,39586.7,principal
SKU_1709_CRE,2025-11-01,274,16925.96,57512.6,principal
SKU_1709_MAR,2025-11-01,299,18470.3,62760.1,principal
SKU_1710_OLI,2025-11-01,257,61818.86,208144.3,principal
SKU_1710_MEX,2025-11-01,230,55324.27,186277.0,principal
SKU_1711_VAN,2025-11-01,239,90451.93,237781.1,principal
SKU_1711_ARM,2025-11-01,239,90451.93,237781.1,principal
SKU_1712_NAV,2025-11-01,295,17566.34,53070.5,principal
SKU_1712_MOS,2025-11-01,270,16077.66,48573.0,principal
SKU_1713_SAL,2025-11-01,292,48799.59,147430.8,principal
SKU_1713_SNO,2025-11-01,303,50637.94,152984.7,principal
SKU_1714_DEE,2025-11-01,218,21136.89,66468.2,principal
SKU_1714_MID,2025-11-01,276,26760.46,84152.4,principal
SKU_1715_HON,2025-11-01,243,16992.55,53435.7,principal
SKU_1715_JAD,2025-11-01,0,0.0,0.0,principal
SKU_1716_AQU,2025-11-01,0,0.0,0.0,principal
SKU_1716_SAL,2025-11-01,210,11399.87,34629.0,principal
SKU_1717_MIN,2025-11-01,252,19308.52,65494.8,principal
SKU_1717_CRE,2025-11-01,187,14328.15,48601.3,principal
SKU_1718_DUS,2025-11-01,232,25571.69,85816.8,principal
SKU_1718_SEA,2025-11-01,0,0.0,0.0,principal
SKU_1719_OFF,2025-11-01,296,27015.17,94690.4,principal
SKU_1719_WHI,2025-11-01,248,22634.33,79335.2,principal
SKU_1720_PAL,2025-11-01,282,18836.27,63421.8,principal
SKU_1720_PAS,2025-11-01,263,17567.16,59148.7,principal
SKU_1721_COR,2025-11-01,215,34341.94,90278.5,principal
SKU_1721_FRE,2025-11-01,311,49676.02,130588.9,principal
SKU_1722_AQU,2025-11-01,312,33553.07,101368.8,principal
SKU_1722_PAS,2025-11-01,229,24627.1,74402.1,principal
SKU_1723_MOS,2025-11-01,193,27782.72,83935.7,principal
SKU_1723_COB,2025-11-01,215,30949.66,93503.5,principal
SKU_1724_PIN,2025-11-01,232,82252.86,258656.8,principal
SKU_1724_PEA,2025-11-01,283,100334.31,315516.7,principal
SKU_1725_BAB,2025-11-01,0,0.0,0.0,principal
SKU_1725_OFF,2025-11-01,214,16665.93,52408.6,principal
SKU_1726_PAS,2025-11-01,318,45004.34,136708.2,principal
SKU_1726_BUB,2025-11-01,241,34107.06,103605.9,principal
SKU_1727_LIG,2025-11-01,223,10402.53,34542.7,principal
SKU_1727_WHI,2025-11-01,226,10542.48,35007.4,principal
SKU_1728_MID,2025-11-01,234,24233.56,77196.6,principal
SKU_1728_EGR,2025-11-01,10,1035.62,3299.0,principal
SKU_1729_FUC,2025-11-01,198,10191.67,34630.2,principal
SKU_1729_CLE,2025-11-01,282,14515.41,49321.8,principal
SKU_1730_OFF,2025-11-01,282,26792.9,90211.8,principal
SKU_1730_MIN,2025-11-01,299,28408.08,95650.1,principal
SKU_1731_MIN,2025-11-01,0,0.0,0.0,principal
SKU_1731_ARM,2025-11-01,215,74417.08,195628.5,principal
SKU_1732_OFF,2025-11-01,71,26058.78,79157.9,principal
SKU_1732_WHI,2025-11-01,238,87351.97,265346.2,principal
SKU_1733_NAV,2025-11-01,301,34860.89,105319.9,principal
SKU_1733_SAG,2025-11-01,223,25827.17,78027.7,principal
SKU_1734_FRE,2025-11-01,293,32601.58,102520.7,principal
SKU_1734_BRI,2025-11-01,274,30487.49,95872.6,principal
SKU_1735_MOS,2025-11-01,318,28254.64,85828.2,principal
SKU_1735_COR,2025-11-01,286,25411.41,77191.4,principal
SKU_1736_PAS,2025-11-01,244,26097.53,79275.6,principal
SKU_1736_JAD,2025-11-01,234,25027.96,76026.6,principal
SKU_1737_SAG,2025-11-01,0,0.0,0.0,principal
SKU_1737_DEE,2025-11-01,279,71099.5,214802.1,principal
SKU_1738_BLU,2025-11-01,233,15031.27,45411.7,principal
SKU_1738_ROY,2025-11-01,229,14773.23,44632.1,principal
SKU_1739_AQU,2025-11-01,265,22236.97,67548.5,principal
SKU_1739_MOS,2025-11-01,208,17453.92,53019.2,principal
SKU_1740_FRE,2025-11-01,234,16554.35,50286.6,principal
SKU_1740_OLI,2025-11-01,274,19384.15,58882.6,principal
SKU_1741_PEA,2025-11-01,247,19506.84,59255.3,principal
SKU_1741_PIN,2025-11-01,227,17927.34,54457.3,principal
SKU_1742_DEN,2025-11-01,242,20818.51,62895.8,principal
SKU_1742_EME,2025-11-01,50,4301.35,12995.0,principal
SKU_1743_DEE,2025-11-01,300,41966.46,131970.0,principal
SKU_1743_CLO,2025-11-01,5,699.44,2199.5,principal
SKU_1744_LIG,2025-11-01,307,26771.96,81324.3,principal
SKU_1744_EME,2025-11-01,208,18138.66,55099.2,principal
SKU_1745_PEA,2025-11-01,281,37917.88,115181.9,principal
SKU_1745_FOR,2025-11-01,270,36433.55,110673.0,principal
SKU_1746_EME,2025-11-01,289,17115.47,51991.1,principal
SKU_1746_NAV,2025-11-01,283,16760.13,50911.7,principal
SKU_1747_FUC,2025-11-01,215,11957.91,37603.5,principal
SKU_1747_TEA,2025-11-01,0,0.0,0.0,principal
SKU_1748_BAB,2025-11-01,207,19725.27,64149.3,principal
SKU_1748_COB,2025-11-01,0,0.0,0.0,principal
SKU_1749_SNO,2025-11-01,173,17461.87,60532.7,principal
SKU_1749_BIR,2025-11-01,280,28261.98,97972.0,principal
SKU_1750_MIN,2025-11-01,195,19280.48,72130.5,principal
SKU_1750_SNO,2025-11-01,248,24520.82,91735.2,principal
SKU_1751_BLU,2025-11-01,249,24397.09,82145.1,principal
SKU_1751_MIN,2025-11-01,216,21163.74,71258.4,principal
SKU_1752_SNO,2025-11-01,249,38150.87,107045.1,principal
SKU_1752_SPA,2025-11-01,252,38610.52,108334.8,principal
SKU_1753_WHI,2025-11-01,196,58856.52,154820.4,principal
SKU_1753_PAL,2025-11-01,286,85882.48,225911.4,principal
SKU_1754_IVO,2025-11-01,0,0.0,0.0,principal
SKU_1754_SER,2025-11-01,232,26101.6,78856.8,principal
SKU_1755_BIR,2025-11-01,206,22711.31,68989.4,principal
SKU_1755_AQU,2025-11-01,275,30318.5,92097.5,principal
SKU_1756_FLA,2025-11-01,214,12242.55,38498.6,principal
SKU_1756_BUB,2025-11-01,11,629.29,1978.9,principal
SKU_1757_PIN,2025-11-01,269,22660.08,71258.1,principal
SKU_1757_TUR,2025-11-01,216,18195.45,57218.4,principal
SKU_1758_CLO,2025-11-01,272,13370.4,48932.8,principal
SKU_1758_HON,2025-11-01,247,12141.5,44435.3,principal
SKU_1759_CLE,2025-11-01,244,20027.35,65855.6,principal
SKU_1759_COB,2025-11-01,262,21504.77,70713.8,principal
SKU_1760_PAS,2025-11-01,215,15812.3,53728.5,principal
SKU_1760_OFF,2025-11-01,266,19563.12,66473.4,principal
SKU_1761_MOS,2025-11-01,297,104025.23,328155.3,principal
SKU_1761_SAP,2025-11-01,223,78106.49,246392.7,principal
SKU_1762_DEN,2025-11-01,0,0.0,0.0,principal
SKU_1762_BRI,2025-11-01,261,23710.9,66528.9,principal
SKU_1763_MAR,2025-11-01,0,0.0,0.0,principal
SKU_1763_HOT,2025-11-01,202,20051.91,60579.8,principal
SKU_1764_FUC,2025-11-01,275,21265.5,64597.5,principal
SKU_1764_MAR,2025-11-01,255,19718.92,59899.5,principal
SKU_1765_MYS,2025-11-01,209,17273.47,54319.1,principal
SKU_1765_PAS,2025-11-01,202,16694.94,52499.8,principal
SKU_1766_CLE,2025-11-01,219,27501.63,86483.1,principal
SKU_1766_MYS,2025-11-01,290,36417.68,114521.0,principal
SKU_1767_PRI,2025-11-01,235,15312.18,48151.5,principal
SKU_1767_FUC,2025-11-01,17,1107.69,3483.3,principal
SKU_1768_PEA,2025-11-01,55,10241.42,34369.5,principal
SKU_1768_MIN,2025-11-01,249,46365.72,155600.1,principal
SKU_1769_WHI,2025-11-01,327,29976.26,106242.3,principal
SKU_1769_EME,2025-11-01,3,275.01,974.7,principal
SKU_1770_JAD,2025-11-01,250,16179.14,54975.0,principal
SKU_1770_DEE,2025-11-01,265,17149.89,58273.5,principal
SKU_1771_PIN,2025-11-01,269,23301.4,71258.1,principal
SKU_1771_EME,2025-11-01,236,20442.86,62516.4,principal
SKU_1772_BLU,2025-11-01,233,37933.98,96671.7,principal
SKU_1772_SNO,2025-11-01,38,6186.66,15766.2,principal
SKU_1773_OLI,2025-11-01,279,29841.03,90647.1,principal
SKU_1773_FRE,2025-11-01,256,27381.01,83174.4,principal
SKU_1774_COB,2025-11-01,0,0.0,0.0,principal
SKU_1774_MOS,2025-11-01,205,13357.43,42004.5,principal
SKU_1775_PAS,2025-11-01,214,19718.62,59898.6,principal
SKU_1775_PAL,2025-11-01,236,21745.77,66056.4,principal
SKU_1776_BIR,2025-11-01,0,0.0,0.0,principal
SKU_1776_PAS,2025-11-01,44,4804.66,14515.6,principal
SKU_1777_TUR,2025-11-01,32,2441.22,7676.8,principal
SKU_1777_FRE,2025-11-01,271,20674.1,65012.9,principal
SKU_1778_TEA,2025-11-01,0,0.0,0.0,principal
SKU_1778_MIN,2025-11-01,291,27441.85,82905.9,principal
SKU_1779_LIG,2025-11-01,247,17474.03,53080.3,principal
SKU_1779_MIN,2025-11-01,277,19596.39,59527.3,principal
SKU_1780_AQU,2025-11-01,271,30040.86,90757.9,principal
SKU_1780_LIG,2025-11-01,306,33920.68,102479.4,principal
SKU_1781_CLE,2025-11-01,219,9046.5,28448.1,principal
SKU_1781_AQU,2025-11-01,277,11442.37,35982.3,principal
SKU_1782_NAV,2025-11-01,0,0.0,0.0,principal
SKU_1782_HUN,2025-11-01,216,17866.85,53978.4,principal
SKU_1783_EGR,2025-11-01,0,0.0,0.0,principal
SKU_1783_BAB,2025-11-01,303,115615.16,363569.7,principal
SKU_1784_EGR,2025-11-01,301,30875.65,93279.9,principal
SKU_1784_BLA,2025-11-01,294,30157.61,91110.6,principal
SKU_1785_HUN,2025-11-01,301,23441.34,73714.9,principal
SKU_1785_PAS,2025-11-01,249,19391.67,60980.1,principal
SKU_1786_TEA,2025-11-01,1,59.22,179.9,principal
SKU_1786_POW,2025-11-01,240,14213.54,43176.0,principal
SKU_1787_BAB,2025-11-01,451,41576.88,130744.9,principal
SKU_1787_BAB,2025-11-01,451,41576.88,130744.9,principal
SKU_1788_EME,2025-11-01,220,18197.72,54978.0,principal
SKU_1788_MYS,2025-11-01,287,23739.75,71721.3,principal
SKU_1789_SNO,2025-11-01,255,20944.67,68824.5,principal
SKU_1789_EME,2025-11-01,267,21930.3,72063.3,principal
SKU_1790_EGR,2025-11-01,0,0.0,0.0,principal
SKU_1790_ROY,2025-11-01,209,15648.79,54319.1,principal
SKU_1791_ARM,2025-11-01,279,19755.37,73907.1,principal
SKU_1791_IVO,2025-11-01,271,19188.91,71787.9,principal
SKU_1792_MIN,2025-11-01,265,34622.33,116573.5,principal
SKU_1792_AQU,2025-11-01,239,31225.42,105136.1,principal
SKU_1793_WHI,2025-11-01,222,14700.42,42157.8,principal
SKU_1793_MIN,2025-11-01,0,0.0,0.0,principal
SKU_1794_FLA,2025-11-01,216,17246.73,45338.4,principal
SKU_1794_LIG,2025-11-01,234,18683.95,49116.6,principal
SKU_1795_RAS,2025-11-01,215,21226.32,64478.5,principal
SKU_1795_HUN,2025-11-01,231,22805.96,69276.9,principal
SKU_1796_OLI,2025-11-01,0,0.0,0.0,principal
SKU_1796_SHO,2025-11-01,280,46539.66,141372.0,principal
SKU_1797_GAR,2025-11-01,0,0.0,0.0,principal
SKU_1797_BLU,2025-11-01,0,0.0,0.0,principal
SKU_1798_OFF,2025-11-01,212,27711.02,89018.8,principal
SKU_1798_MOS,2025-11-01,284,37122.31,119251.6,principal
SKU_1799_DEN,2025-11-01,277,22002.54,74762.3,principal
SKU_1799_POW,2025-11-01,295,23432.31,79620.5,principal
SKU_1800_SKY,2025-11-01,272,22611.44,76132.8,principal
SKU_1800_MOS,2025-11-01,220,18288.67,61578.0,principal
SKU_1801_MOS,2025-11-01,243,35747.91,91100.7,principal
SKU_1801_FLA,2025-11-01,288,42367.9,107971.2,principal
SKU_1802_OLI,2025-11-01,103,25395.88,76724.7,principal
SKU_1802_DEN,2025-11-01,0,0.0,0.0,principal
SKU_1803_DUS,2025-11-01,198,13101.05,39580.2,principal
SKU_1803_SER,2025-11-01,102,6749.02,20389.8,principal
SKU_1804_SPA,2025-11-01,106,15873.83,48219.4,principal
SKU_1804_SEA,2025-11-01,55,8236.42,25019.5,principal
SKU_1805_BLU,2025-11-01,45,8637.61,26095.5,principal
SKU_1805_WHI,2025-11-01,57,10940.97,33054.3,principal
SKU_1806_ROS,2025-11-01,238,15270.34,46386.2,principal
SKU_1806_EME,2025-11-01,191,12254.77,37225.9,principal
SKU_1807_IVO,2025-11-01,78,10623.41,35482.2,principal
SKU_1807_BLU,2025-11-01,112,15254.13,50948.8,principal
SKU_1808_SNO,2025-11-01,100,27991.48,95990.0,principal
SKU_1808_PAS,2025-11-01,61,17074.8,58553.9,principal
SKU_1809_PRI,2025-11-01,208,14236.24,49899.2,principal
SKU_1809_SHO,2025-11-01,116,7939.44,27828.4,principal
SKU_1810_OFF,2025-11-01,58,2939.92,9274.2,principal
SKU_1810_COB,2025-11-01,186,9428.02,29741.4,principal
SKU_1811_BLU,2025-11-01,208,56309.09,143499.2,principal
SKU_1811_PIN,2025-11-01,220,59557.69,151778.0,principal
SKU_1812_BRI,2025-11-01,95,23832.42,62690.5,principal
SKU_1812_HOT,2025-11-01,98,24585.02,64670.2,principal
SKU_1813_BLU,2025-11-01,62,5231.06,15803.8,principal
SKU_1813_RAS,2025-11-01,64,5399.8,16313.6,principal
SKU_1814_PRI,2025-11-01,221,27638.94,83957.9,principal
SKU_1814_PAS,2025-11-01,58,7253.66,22034.2,principal
SKU_1815_WHI,2025-11-01,99,14415.08,43550.1,principal
SKU_1815_LIM,2025-11-01,65,9464.45,28593.5,principal
SKU_1816_MOS,2025-11-01,64,5054.41,15353.6,principal
SKU_1816_WHI,2025-11-01,105,8292.38,25189.5,principal
SKU_1817_BUB,2025-11-01,180,10855.36,39582.0,principal
SKU_1817_PRI,2025-11-01,74,4462.76,16272.6,principal
SKU_1818_BRI,2025-11-01,74,4164.64,15162.6,principal
SKU_1818_EGR,2025-11-01,62,3489.3,12703.8,principal
SKU_1819_AQU,2025-11-01,70,6453.42,24143.0,principal
SKU_1819_DEE,2025-11-01,69,6361.23,23798.1,principal
SKU_1820_PEA,2025-11-01,7,602.7,2029.3,principal
SKU_1820_SPA,2025-11-01,93,8007.33,26960.7,principal
SKU_1821_BUB,2025-11-01,57,5381.39,15099.3,principal
SKU_1821_NAV,2025-11-01,57,5381.39,15099.3,principal
SKU_1822_ARM,2025-11-01,69,7077.81,21383.1,principal
SKU_1822_SEA,2025-11-01,237,24310.73,73446.3,principal
SKU_1823_MIN,2025-11-01,16,1032.19,3118.4,principal
SKU_1823_COR,2025-11-01,94,6064.12,18320.6,principal
SKU_1824_COR,2025-11-01,113,13388.14,40668.7,principal
SKU_1824_BLU,2025-11-01,230,27250.19,82777.0,principal
SKU_1825_MIN,2025-11-01,127,7312.29,22212.3,principal
SKU_1825_MIN,2025-11-01,127,7312.29,22212.3,principal
SKU_1826_SAP,2025-11-01,58,9309.11,28124.2,principal
SKU_1826_IVO,2025-11-01,69,11074.63,33458.1,principal
SKU_1827_PRI,2025-11-01,215,13325.31,41903.5,principal
SKU_1827_BUB,2025-11-01,195,12085.75,38005.5,principal
SKU_1828_FLA,2025-11-01,121,9808.49,29632.9,principal
SKU_1828_CER,2025-11-01,117,9484.24,28653.3,principal
SKU_1829_MOS,2025-11-01,79,6796.13,20532.1,principal
SKU_1829_HUN,2025-11-01,63,5419.69,16373.7,principal
SKU_1830_IVO,2025-11-01,126,10839.39,32747.4,principal
SKU_1830_NAV,2025-11-01,186,16001.0,48341.4,principal
SKU_1831_MID,2025-11-01,117,12899.14,39183.3,principal
SKU_1831_HOT,2025-11-01,92,10142.92,30810.8,principal
SKU_1832_COR,2025-11-01,56,5251.58,16514.4,principal
SKU_1832_MIN,2025-11-01,67,6283.14,19758.3,principal
SKU_1833_NAV,2025-11-01,118,8626.77,27128.2,principal
SKU_1833_LIG,2025-11-01,107,7822.58,24599.3,principal
SKU_1834_SAL,2025-11-01,64,8471.48,25593.6,principal
SKU_1834_MAG,2025-11-01,175,23164.21,69982.5,principal
SKU_1835_BIR,2025-11-01,63,3855.72,11648.7,principal
SKU_1835_BAB,2025-11-01,240,14688.46,44376.0,principal
SKU_1836_CRE,2025-11-01,46,10457.56,32885.4,principal
SKU_1836_MID,2025-11-01,178,40466.2,127252.2,principal
SKU_1837_SAP,2025-11-01,265,21800.78,66223.5,principal
SKU_1837_EGR,2025-11-01,66,5429.63,16493.4,principal
SKU_1838_DEN,2025-11-01,58,5496.43,18554.2,principal
SKU_1838_BAL,2025-11-01,113,10708.56,36148.7,principal
SKU_1839_DUS,2025-11-01,192,16814.43,56620.8,principal
SKU_1839_BAB,2025-11-01,50,4378.76,14745.0,principal
SKU_1840_FOR,2025-11-01,0,0.0,0.0,principal
SKU_1840_LIM,2025-11-01,112,6866.83,24068.8,principal
SKU_1841_WHI,2025-11-01,64,3032.47,9273.6,principal
SKU_1841_LIM,2025-11-01,219,10376.72,31733.1,principal
SKU_1842_SAG,2025-11-01,118,22495.33,63118.2,principal
SKU_1842_POW,2025-11-01,221,42131.08,118212.9,principal
SKU_1843_BIR,2025-11-01,111,11202.33,33843.9,principal
SKU_1843_NAV,2025-11-01,190,19175.16,57931.0,principal
SKU_1844_BAL,2025-11-01,68,5624.75,16993.2,principal
SKU_1844_MOS,2025-11-01,107,8850.71,26739.3,principal
SKU_1845_BAL,2025-11-01,59,16011.83,48374.1,principal
SKU_1845_TUR,2025-11-01,81,21982.34,66411.9,principal
SKU_1846_PAS,2025-11-01,213,23700.13,74528.7,principal
SKU_1846_SEA,2025-11-01,113,12573.31,39538.7,principal
SKU_1847_PAS,2025-11-01,105,9329.36,28339.5,principal
SKU_1847_MYS,2025-11-01,229,20346.9,61807.1,principal
SKU_1848_BAL,2025-11-01,101,6640.64,22209.9,principal
SKU_1848_ARM,2025-11-01,265,17423.45,58273.5,principal
SKU_1849_BAB,2025-11-01,222,22861.49,73237.8,principal
SKU_1849_GAR,2025-11-01,109,11224.78,35959.1,principal
SKU_1850_DEE,2025-11-01,197,11879.51,40365.3,principal
SKU_1850_PRI,2025-11-01,260,15678.54,53274.0,principal
SKU_1851_DEE,2025-11-01,66,4637.97,14183.4,principal
SKU_1851_BLU,2025-11-01,60,4216.34,12894.0,principal
SKU_1852_BLA,2025-11-01,221,42025.79,110477.9,principal
SKU_1852_FOR,2025-11-01,127,24150.57,63487.3,principal
SKU_1853_ROS,2025-11-01,60,17872.01,53994.0,principal
SKU_1853_BLU,2025-11-01,104,30978.16,93589.6,principal
SKU_1854_NAV,2025-11-01,120,7344.23,22188.0,principal
SKU_1854_MID,2025-11-01,227,13892.83,41972.3,principal
SKU_1855_FLA,2025-11-01,208,18182.99,57179.2,principal
SKU_1855_AQU,2025-11-01,101,8829.24,27764.9,principal
SKU_1856_FLA,2025-11-01,117,12513.98,38013.3,principal
SKU_1856_PAS,2025-11-01,213,22781.86,69203.7,principal
SKU_1857_PAS,2025-11-01,60,4738.5,14394.0,principal
SKU_1857_IVO,2025-11-01,71,5607.23,17032.9,principal
SKU_1858_OLI,2025-11-01,111,28441.76,99888.9,principal
SKU_1858_IVO,2025-11-01,0,0.0,0.0,principal
SKU_1859_LIG,2025-11-01,67,8794.64,28803.3,principal
SKU_1859_PEA,2025-11-01,189,24808.76,81251.1,principal
SKU_1860_BLA,2025-11-01,66,5643.61,21113.4,principal
SKU_1860_SPA,2025-11-01,204,17443.89,65259.6,principal
SKU_1861_DEE,2025-11-01,70,4051.97,13643.0,principal
SKU_1861_SAP,2025-11-01,241,13950.36,46970.9,principal
SKU_1862_PAS,2025-11-01,9,721.39,2024.1,principal
SKU_1862_PIN,2025-11-01,218,17473.65,49028.2,principal
SKU_1863_MOS,2025-11-01,129,10883.98,32882.1,principal
SKU_1863_POW,2025-11-01,208,17549.36,53019.2,principal
SKU_1864_VAN,2025-11-01,203,10967.72,34489.7,principal
SKU_1864_BRI,2025-11-01,112,6051.16,19028.8,principal
SKU_1865_POW,2025-11-01,111,8820.97,27738.9,principal
SKU_1865_CRE,2025-11-01,2,158.94,499.8,principal
SKU_1866_ROS,2025-11-01,106,11399.44,34439.4,principal
SKU_1866_DUS,2025-11-01,114,12259.78,37038.6,principal
SKU_1867_TEA,2025-11-01,107,7041.36,21389.3,principal
SKU_1867_LIG,2025-11-01,98,6449.09,19590.2,principal
SKU_1868_ARM,2025-11-01,184,48108.07,145341.6,principal
SKU_1868_SEA,2025-11-01,122,31897.74,96367.8,principal
SKU_1869_CRE,2025-11-01,68,10593.6,33313.2,principal
SKU_1869_AQU,2025-11-01,61,9503.08,29883.9,principal
SKU_1870_SAG,2025-11-01,107,8142.37,24599.3,principal
SKU_1870_AQU,2025-11-01,17,1293.65,3908.3,principal
SKU_1871_WHI,2025-11-01,93,6153.52,18590.7,principal
SKU_1871_SNO,2025-11-01,106,7013.69,21189.4,principal
SKU_1872_FRE,2025-11-01,116,32824.74,99168.4,principal
SKU_1872_SAP,2025-11-01,120,33956.63,102588.0,principal
SKU_1873_BAB,2025-11-01,128,19061.36,57587.2,principal
SKU_1873_BLA,2025-11-01,131,19508.11,58936.9,principal
SKU_1874_JAD,2025-11-01,75,5459.02,16492.5,principal
SKU_1874_GAR,2025-11-01,126,9171.15,27707.4,principal
SKU_1875_BAB,2025-11-01,69,3972.82,12068.1,principal
SKU_1875_BIR,2025-11-01,43,2475.81,7520.7,principal
SKU_1876_AQU,2025-11-01,114,7543.03,22788.6,principal
SKU_1876_CLO,2025-11-01,68,4499.35,13593.2,principal
SKU_1877_SAP,2025-11-01,52,9506.55,29894.8,principal
SKU_1877_TEA,2025-11-01,213,38940.28,122453.7,principal
SKU_1878_SEA,2025-11-01,114,16508.92,50148.6,principal
SKU_1878_ROS,2025-11-01,185,26790.79,81381.5,principal
SKU_1879_COR,2025-11-01,0,0.0,0.0,principal
SKU_1879_WHI,2025-11-01,100,8745.83,30490.0,principal
SKU_1880_DUS,2025-11-01,131,34164.4,111336.9,principal
SKU_1880_TUR,2025-11-01,127,33121.21,107937.3,principal
SKU_1881_CLO,2025-11-01,0,0.0,0.0,principal
SKU_1881_SNO,2025-11-01,69,4821.03,16898.1,principal
SKU_1882_TUR,2025-11-01,227,17807.54,54457.3,principal
SKU_1882_SPA,2025-11-01,52,4079.26,12474.8,principal
SKU_1883_ARM,2025-11-01,229,16825.74,51502.1,principal
SKU_1883_BLU,2025-11-01,16,1175.6,3598.4,principal
SKU_1884_NAV,2025-11-01,125,15142.55,42487.5,principal
SKU_1884_FOR,2025-11-01,130,15748.25,44187.0,principal
SKU_1885_BLA,2025-11-01,54,9828.91,29694.6,principal
SKU_1885_MAG,2025-11-01,79,14379.34,43442.1,principal
SKU_1886_BAL,2025-11-01,63,4104.97,12908.7,principal
SKU_1886_CLO,2025-11-01,49,3192.75,10040.1,principal
SKU_1887_PAS,2025-11-01,64,4211.65,12793.6,principal
SKU_1887_CLE,2025-11-01,0,0.0,0.0,principal
SKU_1888_SEA,2025-11-01,91,5593.52,18190.9,principal
SKU_1888_NAV,2025-11-01,55,3380.7,10994.5,principal
SKU_1889_MAR,2025-11-01,78,6107.45,21052.2,principal
SKU_1889_BIR,2025-11-01,247,19340.24,66665.3,principal
SKU_1890_TEA,2025-11-01,11,846.28,2803.9,principal
SKU_1890_ROY,2025-11-01,54,4154.45,13764.6,principal
SKU_1891_MAR,2025-11-01,110,11733.69,36289.0,principal
SKU_1891_BUB,2025-11-01,193,20587.28,63670.7,principal
SKU_1892_AQU,2025-11-01,195,18563.66,56530.5,principal
SKU_1892_ROS,2025-11-01,211,20086.83,61168.9,principal
SKU_1893_BIR,2025-11-01,65,15988.13,40943.5,principal
SKU_1893_TEA,2025-11-01,62,15250.22,39053.8,principal
SKU_1894_IVO,2025-11-01,248,22443.28,68175.2,principal
SKU_1894_AQU,2025-11-01,63,5701.32,17318.7,principal
SKU_1895_PAS,2025-11-01,231,14902.25,45021.9,principal
SKU_1895_BRI,2025-11-01,63,4064.25,12278.7,principal
SKU_1896_ARM,2025-11-01,253,84572.06,255504.7,principal
SKU_1896_PAS,2025-11-01,67,22396.55,67663.3,principal
SKU_1897_JAD,2025-11-01,227,16956.49,53322.3,principal
SKU_1897_SHO,2025-11-01,75,5602.36,17617.5,principal
SKU_1898_EME,2025-11-01,52,7331.53,25214.8,principal
SKU_1898_WHI,2025-11-01,57,8036.49,27639.3,principal
SKU_1899_SAG,2025-11-01,0,0.0,0.0,principal
SKU_1899_SAP,2025-11-01,119,8331.19,26763.1,principal
SKU_1900_HON,2025-11-01,55,6837.71,23369.5,principal
SKU_1900_FRE,2025-11-01,198,24615.74,84130.2,principal
SKU_1901_LIM,2025-11-01,110,8166.39,25839.0,principal
SKU_1901_MIN,2025-11-01,222,16481.26,52147.8,principal
SKU_1902_BLU,2025-11-01,43,12132.51,35685.7,principal
SKU_1902_HOT,2025-11-01,115,32447.42,95438.5,principal
SKU_1903_PAS,2025-11-01,223,26772.46,73567.7,principal
SKU_1903_DUS,2025-11-01,118,14166.59,38928.2,principal
SKU_1904_SNO,2025-11-01,217,58737.86,161643.3,principal
SKU_1904_CLE,2025-11-01,82,22195.87,61081.8,principal
SKU_1905_WHI,2025-11-01,209,24897.52,75219.1,principal
SKU_1905_PRI,2025-11-01,126,15009.99,45347.4,principal
SKU_1906_SHO,2025-11-01,49,4782.98,14450.1,principal
SKU_1906_NAV,2025-11-01,205,20010.44,60454.5,principal
SKU_1907_BLA,2025-11-01,72,5791.2,19792.8,principal
SKU_1907_TEA,2025-11-01,53,4262.96,14569.7,principal
SKU_1908_BLA,2025-11-01,6,559.47,1889.4,principal
SKU_1908_MID,2025-11-01,58,5408.19,18264.2,principal
SKU_1909_SPA,2025-11-01,55,8412.7,24744.5,principal
SKU_1909_PEA,2025-11-01,196,29979.79,88180.4,principal
SKU_1910_MID,2025-11-01,63,16108.02,47243.7,principal
SKU_1910_MYS,2025-11-01,0,0.0,0.0,principal
SKU_1911_RAS,2025-11-01,66,5501.02,14183.4,principal
SKU_1911_LIG,2025-11-01,64,5334.33,13753.6,principal
SKU_1912_PAS,2025-11-01,122,15458.51,46957.8,principal
SKU_1912_MEX,2025-11-01,98,12417.49,37720.2,principal
SKU_1913_PIS,2025-11-01,229,16215.55,44632.1,principal
SKU_1913_MYS,2025-11-01,206,14586.91,40149.4,principal
SKU_1914_SNO,2025-11-01,234,17255.42,46776.6,principal
SKU_1914_BIR,2025-11-01,180,13273.4,35982.0,principal
SKU_1915_SPA,2025-11-01,114,49728.29,132798.6,principal
SKU_1915_DUS,2025-11-01,194,84625.34,225990.6,principal
SKU_1916_TUR,2025-11-01,106,8943.42,27019.4,principal
SKU_1916_HOT,2025-11-01,218,18393.07,55568.2,principal
SKU_1917_IVO,2025-11-01,59,7321.42,22119.1,principal
SKU_1917_LIG,2025-11-01,224,27796.59,83977.6,principal
SKU_1918_SKY,2025-11-01,203,13431.88,40579.7,principal
SKU_1918_WHI,2025-11-01,19,1257.17,3798.1,principal
SKU_1919_COB,2025-11-01,65,14628.05,44193.5,principal
SKU_1919_PEA,2025-11-01,218,49060.22,148218.2,principal
SKU_1920_NAV,2025-11-01,226,18964.36,57607.4,principal
SKU_1920_GAR,2025-11-01,59,4950.87,15039.1,principal
SKU_1921_PIN,2025-11-01,112,8900.44,27988.8,principal
SKU_1921_VAN,2025-11-01,194,15416.83,48480.6,principal
SKU_1922_TEA,2025-11-01,195,39802.44,135505.5,principal
SKU_1922_BLU,2025-11-01,125,25514.38,86862.5,principal
SKU_1923_TUR,2025-11-01,222,12395.66,42157.8,principal
SKU_1923_PEA,2025-11-01,128,7147.05,24307.2,principal
SKU_1924_BIR,2025-11-01,226,42893.46,145747.4,principal
SKU_1924_TEA,2025-11-01,119,22585.49,76743.1,principal
SKU_1925_PIN,2025-11-01,191,22093.6,69695.9,principal
SKU_1925_PRI,2025-11-01,241,27877.27,87940.9,principal
SKU_1926_SHO,2025-11-01,140,14373.79,37786.0,principal
SKU_1926_IVO,2025-11-01,206,21150.01,55599.4,principal
SKU_1927_CER,2025-11-01,62,7068.62,18593.8,principal
SKU_1927_FUC,2025-11-01,66,7524.66,19793.4,principal
SKU_1928_COR,2025-11-01,109,11299.49,34324.1,principal
SKU_1928_BLU,2025-11-01,204,21147.68,64239.6,principal
SKU_1929_COB,2025-11-01,130,12620.54,38337.0,principal
SKU_1929_PEA,2025-11-01,72,6989.84,21232.8,principal
SKU_1930_GAR,2025-11-01,0,0.0,0.0,principal
SKU_1930_SHO,2025-11-01,240,52422.46,158376.0,principal
SKU_1931_MID,2025-11-01,66,16184.59,49163.4,principal
SKU_1931_COR,2025-11-01,55,13487.16,40969.5,principal
SKU_1932_NAV,2025-11-01,112,6483.15,21828.8,principal
SKU_1932_COB,2025-11-01,212,12271.68,41318.8,principal
SKU_1933_GAR,2025-11-01,192,13962.08,43180.8,principal
SKU_1933_SNO,2025-11-01,225,16361.81,50602.5,principal
SKU_1934_HON,2025-11-01,132,9170.21,34306.8,principal
SKU_1934_COB,2025-11-01,212,14727.91,55098.8,principal
SKU_1935_DEN,2025-11-01,72,4106.04,12952.8,principal
SKU_1935_HOT,2025-11-01,72,4106.04,12952.8,principal
SKU_1936_HON,2025-11-01,127,6473.54,16497.3,principal
SKU_1936_WHI,2025-11-01,69,3517.12,8963.1,principal
SKU_1937_BUB,2025-11-01,45,3126.46,9445.5,principal
SKU_1937_MIN,2025-11-01,196,13617.47,41140.4,principal
SKU_1938_CRE,2025-11-01,205,61062.71,184479.5,principal
SKU_1938_PAS,2025-11-01,0,0.0,0.0,principal
SKU_1939_ROS,2025-11-01,115,5847.54,18388.5,principal
SKU_1939_LIG,2025-11-01,120,6101.78,19188.0,principal
SKU_1940_HUN,2025-11-01,231,82501.44,250611.9,principal
SKU_1940_BIR,2025-11-01,202,72144.11,219149.8,principal
SKU_1941_MIN,2025-11-01,252,87098.02,264574.8,principal
SKU_1941_MIN,2025-11-01,252,87098.02,264574.8,principal
SKU_1942_MYS,2025-11-01,199,76488.65,235795.1,principal
SKU_1942_SAL,2025-11-01,242,93016.35,286745.8,principal
SKU_1943_FUC,2025-11-01,127,10254.33,35547.3,principal
SKU_1943_AQU,2025-11-01,127,10254.33,35547.3,principal
SKU_1944_FUC,2025-11-01,123,15592.5,49187.7,principal
SKU_1944_PIS,2025-11-01,220,27889.03,87978.0,principal
SKU_1945_BAB,2025-11-01,204,12901.99,43839.6,principal
SKU_1945_BRI,2025-11-01,69,4363.91,14828.1,principal
SKU_1946_PEA,2025-11-01,197,25285.6,79765.3,principal
SKU_1946_BUB,2025-11-01,118,15145.69,47778.2,principal
SKU_1947_SKY,2025-11-01,69,11546.32,30353.1,principal
SKU_1947_CLE,2025-11-01,238,39826.43,104696.2,principal
SKU_1948_WHI,2025-11-01,58,3816.81,11594.2,principal
SKU_1948_PAL,2025-11-01,103,6778.13,20589.7,principal
SKU_1949_VAN,2025-11-01,107,5808.5,17644.3,principal
SKU_1949_SKY,2025-11-01,61,3311.39,10058.9,principal
SKU_1950_BLU,2025-11-01,237,31269.35,98331.3,principal
SKU_1950_FLA,2025-11-01,56,7388.54,23234.4,principal
SKU_1951_COR,2025-11-01,47,3943.91,11980.3,principal
SKU_1951_GAR,2025-11-01,117,9817.83,29823.3,principal
SKU_1952_TUR,2025-11-01,54,3642.47,11064.6,principal
SKU_1952_PIS,2025-11-01,127,8566.54,26022.3,principal
SKU_1953_IVO,2025-11-01,24,1557.16,5637.6,principal
SKU_1953_LIM,2025-11-01,98,6358.41,23020.2,principal
SKU_1954_WHI,2025-11-01,55,3440.03,11544.5,principal
SKU_1954_ROY,2025-11-01,102,6379.69,21409.8,principal
SKU_1955_FRE,2025-11-01,135,36081.89,134986.5,principal
SKU_1955_SAL,2025-11-01,105,28063.69,104989.5,principal
SKU_1956_CLO,2025-11-01,191,11907.0,40090.9,principal
SKU_1956_PEA,2025-11-01,139,8665.3,29176.1,principal
SKU_1957_PEA,2025-11-01,62,4196.18,11773.8,principal
SKU_1957_CRE,2025-11-01,112,7580.2,21268.8,principal
SKU_1958_PAS,2025-11-01,55,3366.1,10169.5,principal
SKU_1958_BLU,2025-11-01,209,12791.2,38644.1,principal
SKU_1959_TUR,2025-11-01,217,51057.54,160558.3,principal
SKU_1959_WHI,2025-11-01,10,2352.88,7399.0,principal
SKU_1960_NAV,2025-11-01,99,5700.13,17315.1,principal
SKU_1960_BAL,2025-11-01,128,7369.87,22387.2,principal
SKU_1961_LIG,2025-11-01,120,16479.83,49788.0,principal
SKU_1961_SHO,2025-11-01,184,25269.07,76341.6,principal
SKU_1962_FRE,2025-11-01,115,8135.68,24713.5,principal
SKU_1962_LIG,2025-11-01,225,15917.64,48352.5,principal
SKU_1963_SER,2025-11-01,119,23331.86,82693.1,principal
SKU_1963_IVO,2025-11-01,244,47840.11,169555.6,principal
SKU_1964_SAL,2025-11-01,206,18487.26,60749.4,principal
SKU_1964_BRI,2025-11-01,99,8884.65,29195.1,principal
SKU_1965_GAR,2025-11-01,121,8109.05,28422.9,principal
SKU_1965_DEN,2025-11-01,78,5227.32,18322.2,principal
SKU_1966_FOR,2025-11-01,67,13429.84,45218.3,principal
SKU_1966_CER,2025-11-01,124,24855.22,83687.6,principal
SKU_1967_PAL,2025-11-01,88,6730.13,17151.2,principal
SKU_1967_BAB,2025-11-01,119,9100.97,23193.1,principal
SKU_1968_JAD,2025-11-01,227,13141.46,39702.3,principal
SKU_1968_PAS,2025-11-01,66,3820.87,11543.4,principal
SKU_1969_SER,2025-11-01,207,28085.12,84849.3,principal
SKU_1969_SNO,2025-11-01,124,16823.94,50827.6,principal
SKU_1970_PEA,2025-11-01,91,22279.37,70060.9,principal
SKU_1970_TUR,2025-11-01,62,15179.35,47733.8,principal
SKU_1971_RAS,2025-11-01,59,16118.98,48964.1,principal
SKU_1971_PIN,2025-11-01,1,273.2,829.9,principal
SKU_1972_PAS,2025-11-01,189,21576.6,65186.1,principal
SKU_1972_AQU,2025-11-01,0,0.0,0.0,principal
SKU_1973_SKY,2025-11-01,132,13428.12,42226.8,principal
SKU_1973_MYS,2025-11-01,75,7629.61,23992.5,principal
SKU_1974_JAD,2025-11-01,217,13794.3,43378.3,principal
SKU_1974_MIN,2025-11-01,199,12650.07,39780.1,principal
SKU_1975_MYS,2025-11-01,235,33247.38,104551.5,principal
SKU_1975_PAS,2025-11-01,0,0.0,0.0,principal
SKU_1976_SKY,2025-11-01,0,0.0,0.0,principal
SKU_1976_JAD,2025-11-01,0,0.0,0.0,principal
SKU_1977_NAV,2025-11-01,69,4908.1,14828.1,principal
SKU_1977_TEA,2025-11-01,116,8251.3,24928.4,principal
SKU_1978_BAL,2025-11-01,187,15468.06,46731.3,principal
SKU_1978_ROS,2025-11-01,60,4963.01,14994.0,principal
SKU_1979_MAR,2025-11-01,91,5870.58,17735.9,principal
SKU_1979_DEN,2025-11-01,61,3935.23,11888.9,principal
SKU_1980_DEN,2025-11-01,219,11167.48,33923.1,principal
SKU_1980_DEE,2025-11-01,198,10096.63,30670.2,principal
SKU_1981_FOR,2025-11-01,59,9660.55,30379.1,principal
SKU_1981_SEA,2025-11-01,63,10315.51,32438.7,principal
SKU_1982_PIS,2025-11-01,60,4442.22,13494.0,principal
SKU_1982_VAN,2025-11-01,224,16584.31,50377.6,principal
SKU_1983_GAR,2025-11-01,62,4434.13,13943.8,principal
SKU_1983_SAP,2025-11-01,201,14375.16,45204.9,principal
SKU_1984_PIN,2025-11-01,7,665.88,2099.3,principal
SKU_1984_PAS,2025-11-01,185,17598.18,55481.5,principal
SKU_1985_WHI,2025-11-01,68,8040.58,27873.2,principal
SKU_1985_PAS,2025-11-01,60,7094.63,24594.0,principal
SKU_1986_BUB,2025-11-01,245,15134.52,51425.5,principal
SKU_1986_TEA,2025-11-01,201,12416.49,42189.9,principal
SKU_1987_MYS,2025-11-01,206,73131.71,230699.4,principal
SKU_1987_CLO,2025-11-01,140,49701.16,156786.0,principal
SKU_1988_WHI,2025-11-01,125,20203.99,53112.5,principal
SKU_1988_WHI,2025-11-01,125,20203.99,53112.5,principal
SKU_1989_HOT,2025-11-01,75,8639.03,26242.5,principal
SKU_1989_MAG,2025-11-01,221,25456.34,77327.9,principal
SKU_1990_LIM,2025-11-01,187,11135.27,33641.3,principal
SKU_1990_IVO,2025-11-01,92,5478.31,16550.8,principal
SKU_1991_GAR,2025-11-01,210,20027.32,62979.0,principal
SKU_1991_PIN,2025-11-01,80,7629.46,23992.0,principal
SKU_1992_BAL,2025-11-01,212,64549.14,196078.8,principal
SKU_1992_DEE,2025-11-01,128,38973.07,118387.2,principal
SKU_1993_SAP,2025-11-01,193,12575.53,39545.7,principal
SKU_1993_MEX,2025-11-01,89,5799.08,18236.1,principal
SKU_1994_COB,2025-11-01,46,3392.38,12415.4,principal
SKU_1994_LIM,2025-11-01,139,10250.9,37516.1,principal
SKU_1995_WHI,2025-11-01,218,15572.93,51208.2,principal
SKU_1995_EME,2025-11-01,104,7429.29,24429.6,principal
SKU_1996_SHO,2025-11-01,54,3534.94,13224.6,principal
SKU_1996_BLA,2025-11-01,74,4844.17,18122.6,principal
SKU_1997_MID,2025-11-01,34,2046.74,6456.6,principal
SKU_1997_SPA,2025-11-01,185,11136.69,35131.5,principal
SKU_1998_COR,2025-11-01,133,17955.53,47201.7,principal
SKU_1998_SAL,2025-11-01,209,28215.83,74174.1,principal
SKU_1999_COB,2025-11-01,223,17338.67,52382.7,principal
SKU_1999_SKY,2025-11-01,134,10418.75,31476.6,principal
SKU_2000_SHO,2025-11-01,233,16483.6,50071.7,principal
SKU_2000_SAG,2025-11-01,41,2900.55,8810.9,principal
SKU_2001_DEN,2025-11-01,215,26315.61,82753.5,principal
SKU_2001_MAR,2025-11-01,187,22888.46,71976.3,principal
SKU_2002_WHI,2025-11-01,220,14839.68,45078.0,principal
SKU_2002_VAN,2025-11-01,67,4519.36,13728.3,principal
SKU_2003_BAL,2025-11-01,101,8020.1,24229.9,principal
SKU_2003_FOR,2025-11-01,217,17231.3,52058.3,principal
SKU_2004_MIN,2025-11-01,76,4771.86,17092.4,principal
SKU_2004_AQU,2025-11-01,83,5211.37,18666.7,principal
SKU_2005_FUC,2025-11-01,53,2690.22,9534.7,principal
SKU_2005_TEA,2025-11-01,125,6344.85,22487.5,principal
SKU_2006_PRI,2025-11-01,123,29751.21,111302.7,principal
SKU_2006_DEN,2025-11-01,64,15480.31,57913.6,principal
SKU_2007_LIG,2025-11-01,204,12717.42,42819.6,principal
SKU_2007_SAG,2025-11-01,0,0.0,0.0,principal
SKU_2008_HOT,2025-11-01,179,15623.54,43837.1,principal
SKU_2008_SAL,2025-11-01,72,6284.33,17632.8,principal
SKU_2009_WHI,2025-11-01,51,4845.1,12744.9,principal
SKU_2009_DUS,2025-11-01,205,19475.41,51229.5,principal
SKU_2010_SPA,2025-11-01,217,66073.66,199618.3,principal
SKU_2010_BIR,2025-11-01,57,17355.75,52434.3,principal
SKU_2011_TUR,2025-11-01,73,6125.65,18607.7,principal
SKU_2011_PIN,2025-11-01,64,5370.44,16313.6,principal
SKU_2012_ROY,2025-11-01,111,28940.83,91008.9,principal
SKU_2012_SKY,2025-11-01,214,55795.83,175458.6,principal
SKU_2013_TEA,2025-11-01,191,11689.56,35315.9,principal
SKU_2013_MYS,2025-11-01,111,6793.41,20523.9,principal
SKU_2014_BLA,2025-11-01,219,23063.13,70058.1,principal
SKU_2014_BRI,2025-11-01,19,2000.91,6078.1,principal
SKU_2015_OLI,2025-11-01,9,901.24,2834.1,principal
SKU_2015_HUN,2025-11-01,206,20628.47,64869.4,principal
SKU_2016_SAP,2025-11-01,119,8810.41,26763.1,principal
SKU_2016_PEA,2025-11-01,48,3553.78,10795.2,principal
SKU_2017_SHO,2025-11-01,116,10879.53,33048.4,principal
SKU_2017_FRE,2025-11-01,206,19320.55,58689.4,principal
SKU_2018_OFF,2025-11-01,54,8531.09,25914.6,principal
SKU_2018_BAB,2025-11-01,108,17062.17,51829.2,principal
SKU_2019_SAG,2025-11-01,210,38223.55,115479.0,principal
SKU_2019_TUR,2025-11-01,0,0.0,0.0,principal
SKU_2020_FOR,2025-11-01,68,5079.48,15973.2,principal
SKU_2020_BAB,2025-11-01,206,15387.83,48389.4,principal
SKU_2021_NAV,2025-11-01,42,2639.99,7975.8,principal
SKU_2021_SAL,2025-11-01,244,15337.08,46335.6,principal
SKU_2022_SHO,2025-11-01,56,4984.46,15674.4,principal
SKU_2022_ROY,2025-11-01,14,1246.11,3918.6,principal
SKU_2023_MID,2025-11-01,217,11485.14,34698.3,principal
SKU_2023_SPA,2025-11-01,16,846.83,2558.4,principal
SKU_2024_MIN,2025-11-01,133,16278.96,51191.7,principal
SKU_2024_LIG,2025-11-01,125,15299.77,48112.5,principal
SKU_2025_BAB,2025-11-01,74,5177.27,17012.6,principal
SKU_2025_SAP,2025-11-01,221,15461.86,50807.9,principal
SKU_2026_HON,2025-11-01,50,15834.2,51495.0,principal
SKU_2026_ROY,2025-11-01,184,58269.85,189501.6,principal
SKU_2027_CLE,2025-11-01,70,6987.85,24493.0,principal
SKU_2027_MAR,2025-11-01,131,13077.27,45836.9,principal
SKU_2028_PIS,2025-11-01,225,16365.44,55102.5,principal
SKU_2028_PAL,2025-11-01,181,13165.09,44326.9,principal
SKU_2029_BAB,2025-11-01,47,16312.5,45350.3,principal
SKU_2029_PRI,2025-11-01,104,36095.75,100349.6,principal
SKU_2030_SER,2025-11-01,135,17711.99,46561.5,principal
SKU_2030_BRI,2025-11-01,229,30044.79,78982.1,principal
SKU_2031_SNO,2025-11-01,196,26478.89,68580.4,principal
SKU_2031_NAV,2025-11-01,51,6889.92,17844.9,principal
SKU_2032_LIM,2025-11-01,116,9733.92,29568.4,principal
SKU_2032_WHI,2025-11-01,221,18544.79,56332.9,principal
SKU_2033_PRI,2025-11-01,216,21451.08,66938.4,principal
SKU_2033_RAS,2025-11-01,198,19663.49,61360.2,principal
SKU_2034_DUS,2025-11-01,110,6001.3,18689.0,principal
SKU_2034_PAS,2025-11-01,89,4855.6,15121.1,principal
SKU_2035_LIG,2025-11-01,72,4765.54,16192.8,principal
SKU_2035_AQU,2025-11-01,210,13899.49,47229.0,principal
SKU_2036_SPA,2025-11-01,193,15140.33,46300.7,principal
SKU_2036_MAR,2025-11-01,65,5099.07,15593.5,principal
SKU_2037_SNO,2025-11-01,79,20409.99,57267.1,principal
SKU_2037_SEA,2025-11-01,223,57613.02,161652.7,principal
SKU_2038_OFF,2025-11-01,50,18782.6,56745.0,principal
SKU_2038_COB,2025-11-01,213,80013.85,241733.7,principal
SKU_2039_OLI,2025-11-01,58,19676.03,59444.2,principal
SKU_2039_EME,2025-11-01,130,44101.45,133237.0,principal
SKU_2040_BIR,2025-11-01,125,12201.49,36862.5,principal
SKU_2040_MIN,2025-11-01,68,6637.61,20053.2,principal
SKU_2041_POW,2025-11-01,0,0.0,0.0,principal
SKU_2041_MOS,2025-11-01,96,6949.54,21110.4,principal
SKU_2042_WHI,2025-11-01,63,15950.46,48188.7,principal
SKU_2042_SER,2025-11-01,213,53927.74,162923.7,principal
SKU_2043_ROS,2025-11-01,0,0.0,0.0,principal
SKU_2043_WHI,2025-11-01,114,11942.69,39888.6,principal
SKU_2044_PAS,2025-11-01,52,3789.39,12994.8,principal
SKU_2044_COB,2025-11-01,102,7433.04,25489.8,principal
SKU_2045_AQU,2025-11-01,106,6080.06,20659.4,principal
SKU_2045_MID,2025-11-01,59,3384.19,11499.1,principal
SKU_2046_BLA,2025-11-01,63,9634.29,32438.7,principal
SKU_2046_MAR,2025-11-01,108,16515.93,55609.2,principal
SKU_2047_HUN,2025-11-01,212,90717.34,238478.8,principal
SKU_2047_FUC,2025-11-01,104,44502.84,116989.6,principal
SKU_2048_MAR,2025-11-01,98,12417.49,37720.2,principal
SKU_2048_FOR,2025-11-01,64,8109.38,24633.6,principal
SKU_2049_TEA,2025-11-01,0,0.0,0.0,principal
SKU_2049_PAS,2025-11-01,64,4373.64,13753.6,principal
SKU_2050_MOS,2025-11-01,245,36890.12,111450.5,principal
SKU_2050_BLU,2025-11-01,79,11895.18,35937.1,principal
SKU_2051_FOR,2025-11-01,67,16981.22,51583.3,principal
SKU_2051_MEX,2025-11-01,110,27879.62,84689.0,principal
SKU_2052_NAV,2025-11-01,213,20313.43,63878.7,principal
SKU_2052_FLA,2025-11-01,112,10681.24,33588.8,principal
SKU_2053_DEN,2025-11-01,226,23877.56,79077.4,principal
SKU_2053_EGR,2025-11-01,121,12784.01,42337.9,principal
SKU_2054_ROY,2025-11-01,70,8677.04,28693.0,principal
SKU_2054_SAL,2025-11-01,228,28262.35,93457.2,principal
SKU_2055_RAS,2025-11-01,238,29257.64,109456.2,principal
SKU_2056_DEN,2025-11-01,63,21319.97,65198.7,principal
SKU_2056_SKY,2025-11-01,226,76481.18,233887.4,principal
SKU_2057_SNO,2025-11-01,244,87703.35,230555.6,principal
SKU_2057_VAN,2025-11-01,17,6110.48,16063.3,principal
SKU_2058_BUB,2025-11-01,227,15685.49,47647.3,principal
SKU_2058_MOS,2025-11-01,189,13059.73,39671.1,principal
SKU_2059_WHI,2025-11-01,108,21976.73,69109.2,principal
SKU_2059_SNO,2025-11-01,11,2238.37,7038.9,principal
SKU_2060_MEX,2025-11-01,216,64216.41,201938.4,principal
SKU_2060_VAN,2025-11-01,203,60351.53,189784.7,principal
SKU_2061_POW,2025-11-01,124,8568.29,26027.6,principal
SKU_2061_BRI,2025-11-01,209,14441.71,43869.1,principal
SKU_2062_BAB,2025-11-01,193,8888.63,27000.7,principal
SKU_2062_DUS,2025-11-01,93,4283.12,13010.7,principal
SKU_2063_POW,2025-11-01,74,5386.23,16272.6,principal
SKU_2063_SHO,2025-11-01,112,8152.13,24628.8,principal
SKU_2064_PIS,2025-11-01,214,28172.48,85578.6,principal
SKU_2064_SAP,2025-11-01,187,24618.0,74781.3,principal
SKU_2065_OFF,2025-11-01,69,4540.69,13793.1,principal
SKU_2065_DUS,2025-11-01,208,13687.87,41579.2,principal
SKU_2066_TEA,2025-11-01,102,16033.57,48439.8,principal
SKU_2066_BLA,2025-11-01,128,20120.56,60787.2,principal
SKU_2067_MIN,2025-11-01,196,21808.57,68580.4,principal
SKU_2067_DUS,2025-11-01,136,15132.48,47586.4,principal
SKU_2068_IVO,2025-11-01,86,11463.2,34821.4,principal
SKU_2068_HON,2025-11-01,54,7197.83,21864.6,principal
SKU_2069_TEA,2025-11-01,200,13985.64,43980.0,principal
SKU_2069_BUB,2025-11-01,124,8671.1,27267.6,principal
SKU_2070_COR,2025-11-01,226,15988.39,48567.4,principal
SKU_2070_SPA,2025-11-01,64,4527.69,13753.6,principal
SKU_2071_PAS,2025-11-01,113,9668.18,29368.7,principal
SKU_2071_PEA,2025-11-01,62,5304.66,16113.8,principal
SKU_2072_BAB,2025-11-01,233,20815.5,62886.7,principal
SKU_2072_MIN,2025-11-01,54,4824.19,14574.6,principal
SKU_2073_HUN,2025-11-01,209,19945.93,60589.1,principal
SKU_2073_PAL,2025-11-01,96,9161.77,27830.4,principal
SKU_2074_PAS,2025-11-01,70,5146.54,18543.0,principal
SKU_2074_ARM,2025-11-01,118,8675.6,31258.2,principal
SKU_2075_COB,2025-11-01,171,12182.39,41022.9,principal
SKU_2075_COR,2025-11-01,110,7836.63,26389.0,principal
SKU_2076_MIN,2025-11-01,116,14725.13,55088.4,principal
SKU_2076_SAG,2025-11-01,130,16502.3,61737.0,principal
SKU_2077_MOS,2025-11-01,240,16080.55,49176.0,principal
SKU_2077_PIS,2025-11-01,174,11658.4,35652.6,principal
SKU_2078_ARM,2025-11-01,48,4380.38,11515.2,principal
SKU_2078_CLE,2025-11-01,225,20533.04,53977.5,principal
SKU_2079_TUR,2025-11-01,124,43674.17,132667.6,principal
SKU_2079_WHI,2025-11-01,203,71498.85,217189.7,principal
SKU_2080_FLA,2025-11-01,199,15716.04,47740.1,principal
SKU_2080_VAN,2025-11-01,86,6791.86,20631.4,principal
SKU_2081_PAL,2025-11-01,61,7563.28,23783.9,principal
SKU_2081_HUN,2025-11-01,211,26161.51,82268.9,principal
SKU_2082_PAS,2025-11-01,236,39831.35,120336.4,principal
SKU_2082_HON,2025-11-01,219,36962.14,111668.1,principal
SKU_2083_GAR,2025-11-01,231,17863.02,54261.9,principal
SKU_2083_VAN,2025-11-01,45,3479.81,10570.5,principal
SKU_2084_MAR,2025-11-01,217,17060.08,55313.3,principal
SKU_2084_GAR,2025-11-01,147,11556.83,37470.3,principal
SKU_2085_ARM,2025-11-01,107,15193.89,48674.3,principal
SKU_2085_OLI,2025-11-01,217,30813.77,98713.3,principal
SKU_2086_SHO,2025-11-01,61,5297.59,19818.9,principal
SKU_2086_MAG,2025-11-01,220,19106.07,71478.0,principal
SKU_2087_DEN,2025-11-01,76,6210.51,18992.4,principal
SKU_2087_CER,2025-11-01,50,4085.86,12495.0,principal
SKU_2088_VAN,2025-11-01,231,96211.49,252921.9,principal
SKU_2088_DUS,2025-11-01,227,94545.49,248542.3,principal
SKU_2089_EGR,2025-11-01,50,8190.6,24745.0,principal
SKU_2089_CLO,2025-11-01,261,42754.91,129168.9,principal
SKU_2090_LIG,2025-11-01,212,18588.56,56158.8,principal
SKU_2090_BUB,2025-11-01,64,5611.64,16953.6,principal
SKU_2091_BIR,2025-11-01,0,0.0,0.0,principal
SKU_2091_AQU,2025-11-01,93,7384.84,22310.7,principal
SKU_2092_EGR,2025-11-01,114,9965.67,31338.6,principal
SKU_2092_FUC,2025-11-01,61,5332.51,16768.9,principal
SKU_2093_SKY,2025-11-01,72,5330.67,16192.8,principal
SKU_2093_MYS,2025-11-01,240,17768.9,53976.0,principal
SKU_2094_MYS,2025-11-01,206,11575.67,38089.4,principal
SKU_2094_OLI,2025-11-01,119,6686.92,22003.1,principal
SKU_2095_CLO,2025-11-01,53,3882.24,12714.7,principal
SKU_2095_SEA,2025-11-01,0,0.0,0.0,principal
SKU_2096_TEA,2025-11-01,67,5124.73,17413.3,principal
SKU_2096_SNO,2025-11-01,88,6730.99,22871.2,principal
SKU_2097_SPA,2025-11-01,0,0.0,0.0,principal
SKU_2097_ROS,2025-11-01,225,13358.32,44977.5,principal
SKU_2098_EME,2025-11-01,116,13423.38,34208.4,principal
SKU_2098_SPA,2025-11-01,70,8100.31,20643.0,principal
SKU_2099_DEE,2025-11-01,11,982.71,2968.9,principal
SKU_2099_LIG,2025-11-01,26,2322.76,7017.4,principal
SKU_2100_BLU,2025-11-01,86,28733.04,87281.4,principal
SKU_2100_MAG,2025-11-01,205,68491.54,208054.5,principal
SKU_2101_PAS,2025-11-01,215,17428.31,52653.5,principal
SKU_2101_BUB,2025-11-01,237,19211.67,58041.3,principal
SKU_2102_WHI,2025-11-01,20,4737.56,14898.0,principal
SKU_2102_CLO,2025-11-01,113,26767.24,84173.7,principal
SKU_2103_RAS,2025-11-01,183,27345.36,85991.7,principal
SKU_2103_FUC,2025-11-01,59,8816.26,27724.1,principal
SKU_2104_LIG,2025-11-01,122,8725.22,27437.8,principal
SKU_2104_PEA,2025-11-01,81,5792.97,18216.9,principal
SKU_2105_RAS,2025-11-01,248,26805.87,84295.2,principal
SKU_2105_LIG,2025-11-01,130,14051.47,44187.0,principal
SKU_2106_HON,2025-11-01,46,3557.14,10805.4,principal
SKU_2106_FUC,2025-11-01,55,4253.1,12919.5,principal
SKU_2107_SNO,2025-11-01,1,140.64,424.9,principal
SKU_2107_WHI,2025-11-01,169,23768.48,71808.1,principal
SKU_2108_BLU,2025-11-01,109,10395.13,32689.1,principal
SKU_2108_MAR,2025-11-01,227,21648.58,68077.3,principal
SKU_2109_TEA,2025-11-01,130,13224.67,41587.0,principal
SKU_2109_WHI,2025-11-01,66,6714.06,21113.4,principal
SKU_2110_SPA,2025-11-01,59,4125.76,12974.1,principal
SKU_2110_TEA,2025-11-01,115,8041.74,25288.5,principal
SKU_2111_SNO,2025-11-01,0,0.0,0.0,principal
SKU_2111_ARM,2025-11-01,219,16358.91,51443.1,principal
SKU_2112_MID,2025-11-01,107,11395.31,35834.3,principal
SKU_2112_TEA,2025-11-01,87,9265.34,29136.3,principal
SKU_2113_DUS,2025-11-01,63,3438.66,10388.7,principal
SKU_2113_NAV,2025-11-01,191,10425.14,31495.9,principal
SKU_2114_DUS,2025-11-01,97,12026.86,37820.3,principal
SKU_2114_BIR,2025-11-01,132,16366.44,51466.8,principal
SKU_2115_CER,2025-11-01,277,33671.51,106617.3,principal
SKU_2115_PEA,2025-11-01,222,26985.83,85447.8,principal
SKU_2116_SNO,2025-11-01,52,6253.11,19754.8,principal
SKU_2116_BLA,2025-11-01,210,25252.93,79779.0,principal
SKU_2117_RAS,2025-11-01,114,23460.55,87768.6,principal
SKU_2117_SAL,2025-11-01,202,41570.44,155519.8,principal
SKU_1000_COR,2025-12-01,0,0.0,0.0,principal
SKU_1000_EME,2025-12-01,134,8007.44,27456.6,principal
SKU_1000_ROY,2025-12-01,179,10696.51,36677.1,principal
SKU_1001_AQU,2025-12-01,92,23113.64,86470.8,principal
SKU_1001_SAP,2025-12-01,165,41453.82,155083.5,principal
SKU_1002_COR,2025-12-01,63,4839.17,14798.7,principal
SKU_1002_MYS,2025-12-01,59,4531.93,13859.1,principal
SKU_1003_SNO,2025-12-01,120,17182.41,43788.0,principal
SKU_1003_DUS,2025-12-01,160,22909.88,58384.0,principal
SKU_1004_FOR,2025-12-01,0,0.0,0.0,principal
SKU_1004_MEX,2025-12-01,97,11058.97,29090.3,principal
SKU_1005_OLI,2025-12-01,0,0.0,0.0,principal
SKU_1005_MYS,2025-12-01,0,0.0,0.0,principal
SKU_1006_MOS,2025-12-01,90,5434.94,17091.0,principal
SKU_1006_FOR,2025-12-01,81,4891.44,15381.9,principal
SKU_1007_COB,2025-12-01,148,13879.17,43645.2,principal
SKU_1007_FOR,2025-12-01,130,12191.17,38337.0,principal
SKU_1008_MEX,2025-12-01,146,15701.12,47435.4,principal
SKU_1008_WHI,2025-12-01,123,13227.65,39962.7,principal
SKU_1009_BAB,2025-12-01,169,24035.27,87018.1,principal
SKU_1009_MAG,2025-12-01,0,0.0,0.0,principal
SKU_1010_SNO,2025-12-01,120,13584.31,45588.0,principal
SKU_1010_BRI,2025-12-01,0,0.0,0.0,principal
SKU_1011_CER,2025-12-01,72,5001.93,18712.8,principal
SKU_1011_MIN,2025-12-01,54,3751.45,14034.6,principal
SKU_1012_VAN,2025-12-01,124,35719.48,120267.6,principal
SKU_1012_CLO,2025-12-01,157,45225.47,152274.3,principal
SKU_1013_LIG,2025-12-01,92,6295.92,16550.8,principal
SKU_1013_LIG,2025-12-01,92,6295.92,16550.8,principal
SKU_1014_FLA,2025-12-01,135,17869.53,53986.5,principal
SKU_1014_MIN,2025-12-01,155,20516.87,61984.5,principal
SKU_1015_ROY,2025-12-01,152,47036.69,142104.8,principal
SKU_1015_TUR,2025-12-01,51,15782.05,47679.9,principal
SKU_1016_HON,2025-12-01,55,3912.25,11819.5,principal
SKU_1016_SNO,2025-12-01,0,0.0,0.0,principal
SKU_1017_PAS,2025-12-01,164,7817.58,24583.6,principal
SKU_1017_BAL,2025-12-01,87,4147.13,13041.3,principal
SKU_1018_TEA,2025-12-01,158,6024.26,18944.2,principal
SKU_1018_ARM,2025-12-01,165,6291.15,19783.5,principal
SKU_1019_NAV,2025-12-01,65,5348.93,17218.5,principal
SKU_1019_GAR,2025-12-01,81,6665.59,21456.9,principal
SKU_1020_NAV,2025-12-01,54,3285.01,10794.6,principal
SKU_1020_LIG,2025-12-01,100,6083.36,19990.0,principal
SKU_1021_CRE,2025-12-01,87,6625.38,24786.3,principal
SKU_1021_PAS,2025-12-01,176,13403.06,50142.4,principal
SKU_1022_PAL,2025-12-01,142,14854.24,45425.8,principal
SKU_1022_DEN,2025-12-01,63,6590.26,20153.7,principal
SKU_1023_DEN,2025-12-01,142,15596.25,39745.8,principal
SKU_1023_FOR,2025-12-01,180,19769.9,50382.0,principal
SKU_1024_VAN,2025-12-01,165,13166.27,34633.5,principal
SKU_1024_DEN,2025-12-01,76,6064.46,15952.4,principal
SKU_1025_WHI,2025-12-01,119,18349.59,57703.1,principal
SKU_1025_MIN,2025-12-01,104,16036.61,50429.6,principal
SKU_1026_CLO,2025-12-01,0,0.0,0.0,principal
SKU_1026_SPA,2025-12-01,62,8468.27,25723.8,principal
SKU_1027_MAR,2025-12-01,189,25236.83,79361.1,principal
SKU_1027_BIR,2025-12-01,174,23233.91,73062.6,principal
SKU_1028_BLU,2025-12-01,99,19830.51,62360.1,principal
SKU_1028_AQU,2025-12-01,59,11818.18,37164.1,principal
SKU_1029_BLU,2025-12-01,179,13940.2,43837.1,principal
SKU_1029_BAL,2025-12-01,76,5918.74,18612.4,principal
SKU_1030_CRE,2025-12-01,92,19013.47,59790.8,principal
SKU_1030_DEN,2025-12-01,69,14260.11,44843.1,principal
SKU_1031_COR,2025-12-01,154,24207.55,73134.6,principal
SKU_1031_HON,2025-12-01,0,0.0,0.0,principal
SKU_1032_EME,2025-12-01,153,16780.76,52769.7,principal
SKU_1032_HON,2025-12-01,154,16890.44,53114.6,principal
SKU_1033_NAV,2025-12-01,164,33893.58,106583.6,principal
SKU_1033_LIM,2025-12-01,111,22940.17,72138.9,principal
SKU_1034_PAS,2025-12-01,87,6154.82,18696.3,principal
SKU_1034_PIS,2025-12-01,109,7711.21,23424.1,principal
SKU_1035_SAP,2025-12-01,172,35820.41,112642.8,principal
SKU_1035_FUC,2025-12-01,160,33321.31,104784.0,principal
SKU_1036_BIR,2025-12-01,80,19749.37,59992.0,principal
SKU_1036_MID,2025-12-01,88,21724.3,65991.2,principal
SKU_1037_PRI,2025-12-01,54,3604.4,11334.6,principal
SKU_1037_SPA,2025-12-01,107,7142.06,22459.3,principal
SKU_1038_LIG,2025-12-01,51,4133.97,12999.9,principal
SKU_1038_FLA,2025-12-01,116,9402.75,29568.4,principal
SKU_1039_ARM,2025-12-01,71,3640.3,10997.9,principal
SKU_1039_MIN,2025-12-01,87,4460.66,13476.3,principal
SKU_1040_BLA,2025-12-01,85,9145.21,29741.5,principal
SKU_1040_BAB,2025-12-01,85,9145.21,29741.5,principal
SKU_1041_EME,2025-12-01,106,6936.18,23309.4,principal
SKU_1041_SNO,2025-12-01,66,4318.75,14513.4,principal
SKU_1042_SEA,2025-12-01,124,11491.71,39047.6,principal
SKU_1042_EME,2025-12-01,163,15106.04,51328.7,principal
SKU_1043_SPA,2025-12-01,55,14291.49,48119.5,principal
SKU_1043_CER,2025-12-01,78,20267.93,68242.2,principal
SKU_1044_SER,2025-12-01,186,60841.71,159941.4,principal
SKU_1044_COR,2025-12-01,125,40888.24,107487.5,principal
SKU_1045_FOR,2025-12-01,50,4845.14,12745.0,principal
SKU_1045_BUB,2025-12-01,131,12694.26,33391.9,principal
SKU_1046_SNO,2025-12-01,0,0.0,0.0,principal
SKU_1046_PAS,2025-12-01,74,3916.59,11832.6,principal
SKU_1047_ROY,2025-12-01,168,11672.12,35263.2,principal
SKU_1047_DEE,2025-12-01,62,4307.57,13013.8,principal
SKU_1048_MAR,2025-12-01,146,11530.36,35025.4,principal
SKU_1048_PEA,2025-12-01,0,0.0,0.0,principal
SKU_1049_BAL,2025-12-01,153,38022.5,115499.7,principal
SKU_1049_LIG,2025-12-01,176,43738.3,132862.4,principal
SKU_1050_BUB,2025-12-01,0,0.0,0.0,principal
SKU_1050_PRI,2025-12-01,154,13693.84,46954.6,principal
SKU_1051_CLE,2025-12-01,126,28734.56,94487.4,principal
SKU_1051_LIG,2025-12-01,170,38768.86,127483.0,principal
SKU_1052_PAS,2025-12-01,142,13162.54,46135.8,principal
SKU_1052_FRE,2025-12-01,112,10381.72,36388.8,principal
SKU_1053_SHO,2025-12-01,0,0.0,0.0,principal
SKU_1053_NAV,2025-12-01,59,6171.83,18874.1,principal
SKU_1054_DEE,2025-12-01,105,13281.07,37264.5,principal
SKU_1054_PAS,2025-12-01,72,9107.02,25552.8,principal
SKU_1055_LIG,2025-12-01,188,70622.56,213361.2,principal
SKU_1055_PAL,2025-12-01,0,0.0,0.0,principal
SKU_1056_CRE,2025-12-01,135,10496.51,31711.5,principal
SKU_1056_OLI,2025-12-01,162,12595.81,38053.8,principal
SKU_1057_ROY,2025-12-01,58,3530.41,10724.2,principal
SKU_1057_SNO,2025-12-01,0,0.0,0.0,principal
SKU_1058_MID,2025-12-01,66,4090.56,12863.4,principal
SKU_1058_SHO,2025-12-01,122,7561.34,23777.8,principal
SKU_1059_PEA,2025-12-01,92,8773.87,27590.8,principal
SKU_1059_OFF,2025-12-01,156,14877.44,46784.4,principal
SKU_1060_CRE,2025-12-01,142,48444.87,157605.8,principal
SKU_1060_LIM,2025-12-01,59,20128.5,65484.1,principal
SKU_1061_PAS,2025-12-01,153,17694.95,62714.7,principal
SKU_1061_EGR,2025-12-01,60,6939.2,24594.0,principal
SKU_1062_OLI,2025-12-01,166,9467.22,33183.4,principal
SKU_1062_MID,2025-12-01,130,7414.09,25987.0,principal
SKU_1063_SNO,2025-12-01,111,6506.08,20523.9,principal
SKU_1063_SAP,2025-12-01,60,3516.8,11094.0,principal
SKU_1064_PRI,2025-12-01,100,6768.04,18990.0,principal
SKU_1064_BIR,2025-12-01,140,9475.25,26586.0,principal
SKU_1065_CLE,2025-12-01,141,29934.45,90930.9,principal
SKU_1065_COB,2025-12-01,126,26749.94,81257.4,principal
SKU_1066_IVO,2025-12-01,173,10301.61,31122.7,principal
SKU_1066_WHI,2025-12-01,80,4763.75,14392.0,principal
SKU_1067_EME,2025-12-01,79,6654.82,20927.1,principal
SKU_1067_WHI,2025-12-01,74,6233.63,19602.6,principal
SKU_1068_COR,2025-12-01,75,19733.39,59617.5,principal
SKU_1068_BAL,2025-12-01,0,0.0,0.0,principal
SKU_1069_OLI,2025-12-01,0,0.0,0.0,principal
SKU_1069_CRE,2025-12-01,88,15434.93,46631.2,principal
SKU_1070_LIG,2025-12-01,0,0.0,0.0,principal
SKU_1070_MID,2025-12-01,153,17466.77,52769.7,principal
SKU_1071_BAB,2025-12-01,176,15637.79,47502.4,principal
SKU_1071_SKY,2025-12-01,146,12972.26,39405.4,principal
SKU_1072_PAS,2025-12-01,152,23138.49,69904.8,principal
SKU_1072_CER,2025-12-01,133,20246.18,61166.7,principal
SKU_1073_FRE,2025-12-01,91,9635.71,29110.9,principal
SKU_1073_BLU,2025-12-01,116,12282.88,37108.4,principal
SKU_1074_JAD,2025-12-01,137,9241.07,28071.3,principal
SKU_1074_PRI,2025-12-01,174,11736.84,35652.6,principal
SKU_1075_NAV,2025-12-01,101,9311.01,29279.9,principal
SKU_1075_LIG,2025-12-01,166,15303.24,48123.4,principal
SKU_1076_BLU,2025-12-01,0,0.0,0.0,principal
SKU_1076_POW,2025-12-01,140,9904.31,30086.0,principal
SKU_1077_NAV,2025-12-01,65,4752.03,14943.5,principal
SKU_1077_MAR,2025-12-01,84,6141.09,19311.6,principal
SKU_1078_GAR,2025-12-01,0,0.0,0.0,principal
SKU_1078_BLU,2025-12-01,161,15866.26,49893.9,principal
SKU_1079_BAB,2025-12-01,103,9321.2,28314.7,principal
SKU_1079_JAD,2025-12-01,153,13846.05,42059.7,principal
SKU_1080_TEA,2025-12-01,109,16460.98,51764.1,principal
SKU_1080_MAR,2025-12-01,72,10873.31,34192.8,principal
SKU_1081_EGR,2025-12-01,58,5096.24,16234.2,principal
SKU_1081_PAS,2025-12-01,125,10983.28,34987.5,principal
SKU_1082_PIN,2025-12-01,156,10068.58,32744.4,principal
SKU_1082_LIG,2025-12-01,172,11101.25,36102.8,principal
SKU_1083_OFF,2025-12-01,56,7579.52,25754.4,principal
SKU_1083_BAB,2025-12-01,133,18001.36,61166.7,principal
SKU_1084_DUS,2025-12-01,63,20392.93,62363.7,principal
SKU_1084_PAS,2025-12-01,81,26219.48,80181.9,principal
SKU_1085_COB,2025-12-01,114,18618.18,56988.6,principal
SKU_1085_CRE,2025-12-01,84,13718.66,41991.6,principal
SKU_1086_PRI,2025-12-01,177,15620.38,39807.3,principal
SKU_1086_CRE,2025-12-01,72,6354.05,16192.8,principal
SKU_1087_BIR,2025-12-01,84,12158.91,31491.6,principal
SKU_1087_SNO,2025-12-01,142,20554.34,53235.8,principal
SKU_1088_CER,2025-12-01,130,30594.86,92937.0,principal
SKU_1088_HON,2025-12-01,141,33183.66,100800.9,principal
SKU_1089_GAR,2025-12-01,180,17545.68,60282.0,principal
SKU_1089_EGR,2025-12-01,120,11697.12,40188.0,principal
SKU_1090_PAL,2025-12-01,175,7580.7,23607.5,principal
SKU_1090_WHI,2025-12-01,88,3812.01,11871.2,principal
SKU_1091_OFF,2025-12-01,65,5471.23,20468.5,principal
SKU_1091_MOS,2025-12-01,126,10605.77,39677.4,principal
SKU_1092_TUR,2025-12-01,142,15318.58,46845.8,principal
SKU_1092_MIN,2025-12-01,186,20065.18,61361.4,principal
SKU_1093_GAR,2025-12-01,0,0.0,0.0,principal
SKU_1093_TEA,2025-12-01,83,34459.14,96686.7,principal
SKU_1094_FOR,2025-12-01,80,7143.97,18792.0,principal
SKU_1094_DEE,2025-12-01,179,15984.63,42047.1,principal
SKU_1095_COB,2025-12-01,139,18527.74,56281.1,principal
SKU_1095_MAG,2025-12-01,0,0.0,0.0,principal
SKU_1096_HOT,2025-12-01,139,12807.89,38906.1,principal
SKU_1096_CLE,2025-12-01,53,4883.58,14834.7,principal
SKU_1097_AQU,2025-12-01,0,0.0,0.0,principal
SKU_1097_PAL,2025-12-01,126,8962.62,27077.4,principal
SKU_1098_HON,2025-12-01,0,0.0,0.0,principal
SKU_1098_HUN,2025-12-01,161,18380.07,55528.9,principal
SKU_1099_SAL,2025-12-01,61,4564.04,15243.9,principal
SKU_1099_PRI,2025-12-01,84,6284.91,20991.6,principal
SKU_1100_PEA,2025-12-01,78,3940.29,14422.2,principal
SKU_1100_COB,2025-12-01,0,0.0,0.0,principal
SKU_1101_CLE,2025-12-01,0,0.0,0.0,principal
SKU_1101_DEE,2025-12-01,120,13308.33,49788.0,principal
SKU_1102_FLA,2025-12-01,189,54443.4,183311.1,principal
SKU_1102_OFF,2025-12-01,136,39176.2,131906.4,principal
SKU_1103_EGR,2025-12-01,73,3607.22,9482.7,principal
SKU_1103_LIG,2025-12-01,51,2520.11,6624.9,principal
SKU_1104_POW,2025-12-01,73,4346.92,13132.7,principal
SKU_1104_MEX,2025-12-01,118,7026.53,21228.2,principal
SKU_1105_ARM,2025-12-01,0,0.0,0.0,principal
SKU_1105_SER,2025-12-01,172,11601.93,35242.8,principal
SKU_1106_MYS,2025-12-01,118,29264.97,92028.2,principal
SKU_1106_SNO,2025-12-01,78,19344.64,60832.2,principal
SKU_1107_BAL,2025-12-01,148,48473.12,147245.2,principal
SKU_1107_PAS,2025-12-01,52,17031.1,51734.8,principal
SKU_1108_PRI,2025-12-01,115,9512.44,28738.5,principal
SKU_1108_SNO,2025-12-01,97,8023.54,24240.3,principal
SKU_1109_SAG,2025-12-01,0,0.0,0.0,principal
SKU_1109_CER,2025-12-01,187,11790.36,42991.3,principal
SKU_1110_FLA,2025-12-01,157,9913.86,36094.3,principal
SKU_1110_HUN,2025-12-01,0,0.0,0.0,principal
SKU_1111_CRE,2025-12-01,46,2580.89,9655.4,principal
SKU_1111_BLU,2025-12-01,83,4656.82,17421.7,principal
SKU_1112_MIN,2025-12-01,110,8980.98,30239.0,principal
SKU_1112_EGR,2025-12-01,89,7266.43,24466.1,principal
SKU_1113_VAN,2025-12-01,0,0.0,0.0,principal
SKU_1113_OLI,2025-12-01,0,0.0,0.0,principal
SKU_1114_GAR,2025-12-01,91,12045.39,36390.9,principal
SKU_1114_PRI,2025-12-01,131,17340.06,52386.9,principal
SKU_1115_LIM,2025-12-01,135,9602.81,29011.5,principal
SKU_1115_TEA,2025-12-01,0,0.0,0.0,principal
SKU_1116_MOS,2025-12-01,92,7265.71,22070.8,principal
SKU_1116_SNO,2025-12-01,106,8371.36,25429.4,principal
SKU_1117_MOS,2025-12-01,113,8224.92,24848.7,principal
SKU_1117_MIN,2025-12-01,159,11573.12,34964.1,principal
SKU_1118_FUC,2025-12-01,111,10834.92,32733.9,principal
SKU_1118_DUS,2025-12-01,76,7418.5,22412.4,principal
SKU_1119_PAS,2025-12-01,63,2901.47,8813.7,principal
SKU_1119_LIG,2025-12-01,0,0.0,0.0,principal
SKU_1120_AQU,2025-12-01,76,5797.9,18232.4,principal
SKU_1120_SAL,2025-12-01,141,10756.64,33825.9,principal
SKU_1121_MYS,2025-12-01,126,10365.65,31487.4,principal
SKU_1121_MIN,2025-12-01,158,12998.2,39484.2,principal
SKU_1122_ROY,2025-12-01,93,13079.7,39515.7,principal
SKU_1122_PIS,2025-12-01,178,25034.26,75632.2,principal
SKU_1123_BAB,2025-12-01,72,10245.38,30952.8,principal
SKU_1123_SER,2025-12-01,0,0.0,0.0,principal
SKU_1124_BLU,2025-12-01,172,21510.85,65342.8,principal
SKU_1124_FOR,2025-12-01,137,17133.64,52046.3,principal
SKU_1125_MIN,2025-12-01,151,7948.5,24144.9,principal
SKU_1125_SAP,2025-12-01,86,4526.96,13751.4,principal
SKU_1126_WHI,2025-12-01,145,32871.78,99310.5,principal
SKU_1126_WHI,2025-12-01,145,32871.78,99310.5,principal
SKU_1127_SAL,2025-12-01,158,10397.52,31584.2,principal
SKU_1127_BLU,2025-12-01,68,4474.88,13593.2,principal
SKU_1128_PRI,2025-12-01,141,19026.41,57795.9,principal
SKU_1128_TEA,2025-12-01,0,0.0,0.0,principal
SKU_1129_VAN,2025-12-01,123,15670.43,47342.7,principal
SKU_1129_SAG,2025-12-01,78,9937.35,30022.2,principal
SKU_1130_CRE,2025-12-01,50,3701.48,12495.0,principal
SKU_1130_MEX,2025-12-01,123,9105.63,30737.7,principal
SKU_1131_CLO,2025-12-01,147,39847.97,130080.3,principal
SKU_1131_JAD,2025-12-01,63,17077.7,55748.7,principal
SKU_1132_NAV,2025-12-01,0,0.0,0.0,principal
SKU_1132_CLE,2025-12-01,181,9316.63,31656.9,principal
SKU_1133_MOS,2025-12-01,78,21078.74,70972.2,principal
SKU_1133_PEA,2025-12-01,158,42697.97,143764.2,principal
SKU_1134_DUS,2025-12-01,68,6001.05,15293.2,principal
SKU_1134_PIN,2025-12-01,163,14384.87,36658.7,principal
SKU_1135_ROS,2025-12-01,118,8070.11,21228.2,principal
SKU_1135_MAR,2025-12-01,82,5608.04,14751.8,principal
SKU_1136_SNO,2025-12-01,113,9296.18,28238.7,principal
SKU_1136_FUC,2025-12-01,60,4936.02,14994.0,principal
SKU_1137_DEE,2025-12-01,71,9141.83,28747.9,principal
SKU_1137_PAL,2025-12-01,149,19184.97,60330.1,principal
SKU_1138_PEA,2025-12-01,155,11085.32,34859.5,principal
SKU_1138_HON,2025-12-01,124,8868.26,27887.6,principal
SKU_1139_PRI,2025-12-01,111,10651.22,32178.9,principal
SKU_1139_EGR,2025-12-01,140,13433.97,40586.0,principal
SKU_1140_SNO,2025-12-01,149,8905.58,29785.1,principal
SKU_1140_ROS,2025-12-01,0,0.0,0.0,principal
SKU_1141_SKY,2025-12-01,73,8060.79,26637.7,principal
SKU_1141_CLE,2025-12-01,183,20207.18,66776.7,principal
SKU_1142_MIN,2025-12-01,86,7813.55,29231.4,principal
SKU_1142_PAS,2025-12-01,77,6995.86,26172.3,principal
SKU_1143_IVO,2025-12-01,131,8348.93,25531.9,principal
SKU_1143_SNO,2025-12-01,58,3696.47,11304.2,principal
SKU_1144_SEA,2025-12-01,147,18447.61,48495.3,principal
SKU_1144_BUB,2025-12-01,178,22337.92,58722.2,principal
SKU_1145_MOS,2025-12-01,115,17125.44,51738.5,principal
SKU_1145_LIG,2025-12-01,0,0.0,0.0,principal
SKU_1146_FRE,2025-12-01,61,9436.16,28663.9,principal
SKU_1146_CER,2025-12-01,134,20728.6,62966.6,principal
SKU_1147_COR,2025-12-01,182,21078.68,63681.8,principal
SKU_1147_MEX,2025-12-01,0,0.0,0.0,principal
SKU_1148_TEA,2025-12-01,88,12667.77,38271.2,principal
SKU_1148_SPA,2025-12-01,160,23032.3,69584.0,principal
SKU_1149_IVO,2025-12-01,108,5491.61,17269.2,principal
SKU_1149_OLI,2025-12-01,127,6457.72,20307.3,principal
SKU_1150_SAG,2025-12-01,135,26870.12,85711.5,principal
SKU_1150_VAN,2025-12-01,171,34035.48,108567.9,principal
SKU_1151_CRE,2025-12-01,128,31653.16,103667.2,principal
SKU_1151_JAD,2025-12-01,131,32395.03,106096.9,principal
SKU_1152_CLO,2025-12-01,176,47745.77,178622.4,principal
SKU_1152_WHI,2025-12-01,108,29298.54,109609.2,principal
SKU_1153_PEA,2025-12-01,167,18594.67,62608.3,principal
SKU_1153_MOS,2025-12-01,68,7571.48,25493.2,principal
SKU_1154_VAN,2025-12-01,93,19520.21,49745.7,principal
SKU_1154_PEA,2025-12-01,116,24347.79,62048.4,principal
SKU_1155_ARM,2025-12-01,146,43009.55,113135.4,principal
SKU_1155_BAB,2025-12-01,99,29164.01,76715.1,principal
SKU_1156_FLA,2025-12-01,162,14676.91,46153.8,principal
SKU_1156_EGR,2025-12-01,91,8244.44,25925.9,principal
SKU_1157_DEE,2025-12-01,128,8001.93,24307.2,principal
SKU_1157_PAS,2025-12-01,106,6626.6,20129.4,principal
SKU_1158_AQU,2025-12-01,168,36857.22,115903.2,principal
SKU_1158_MYS,2025-12-01,96,21061.27,66230.4,principal
SKU_1159_PAS,2025-12-01,95,5656.96,17090.5,principal
SKU_1159_PRI,2025-12-01,103,6133.33,18529.7,principal
SKU_1160_DUS,2025-12-01,157,10648.04,32169.3,principal
SKU_1160_LIM,2025-12-01,57,3865.85,11679.3,principal
SKU_1161_MEX,2025-12-01,87,12235.85,36966.3,principal
SKU_1161_DUS,2025-12-01,0,0.0,0.0,principal
SKU_1162_HOT,2025-12-01,169,40838.55,128423.1,principal
SKU_1162_BUB,2025-12-01,163,39388.66,123863.7,principal
SKU_1163_HUN,2025-12-01,140,11517.39,34986.0,principal
SKU_1163_SPA,2025-12-01,141,11599.66,35235.9,principal
SKU_1164_BRI,2025-12-01,166,10552.32,33183.4,principal
SKU_1164_MIN,2025-12-01,81,5149.02,16191.9,principal
SKU_1165_HUN,2025-12-01,0,0.0,0.0,principal
SKU_1165_MAR,2025-12-01,169,18266.91,57443.1,principal
SKU_1166_PIS,2025-12-01,85,16350.45,51416.5,principal
SKU_1166_FRE,2025-12-01,145,27891.94,87710.5,principal
SKU_1167_WHI,2025-12-01,105,24872.21,78214.5,principal
SKU_1167_JAD,2025-12-01,85,20134.65,63316.5,principal
SKU_1168_GAR,2025-12-01,140,35213.77,106386.0,principal
SKU_1168_BLU,2025-12-01,0,0.0,0.0,principal
SKU_1169_BUB,2025-12-01,124,7882.46,24787.6,principal
SKU_1169_MEX,2025-12-01,132,8391.0,26386.8,principal
SKU_1170_GAR,2025-12-01,110,32406.12,98439.0,principal
SKU_1170_OFF,2025-12-01,65,19149.07,58168.5,principal
SKU_1171_MIN,2025-12-01,68,3849.39,12573.2,principal
SKU_1171_EME,2025-12-01,128,7245.92,23667.2,principal
SKU_1172_ARM,2025-12-01,51,5632.31,18354.9,principal
SKU_1172_PIN,2025-12-01,53,5853.19,19074.7,principal
SKU_1173_GAR,2025-12-01,57,4946.98,16809.3,principal
SKU_1173_AQU,2025-12-01,61,5294.13,17988.9,principal
SKU_1174_PEA,2025-12-01,92,6121.52,19310.8,principal
SKU_1174_BLU,2025-12-01,79,5256.53,16582.1,principal
SKU_1175_FUC,2025-12-01,58,5114.23,15654.2,principal
SKU_1175_CLE,2025-12-01,77,6789.58,20782.3,principal
SKU_1176_GAR,2025-12-01,183,22617.33,59456.7,principal
SKU_1176_NAV,2025-12-01,165,20392.67,53608.5,principal
SKU_1177_MIN,2025-12-01,157,12399.09,37664.3,principal
SKU_1177_PEA,2025-12-01,97,7660.58,23270.3,principal
SKU_1178_RAS,2025-12-01,159,16174.78,50864.1,principal
SKU_1178_MID,2025-12-01,118,12003.93,37748.2,principal
SKU_1179_TUR,2025-12-01,123,13294.85,41807.7,principal
SKU_1179_VAN,2025-12-01,157,16969.85,53364.3,principal
SKU_1180_ROY,2025-12-01,147,22440.86,77895.3,principal
SKU_1180_AQU,2025-12-01,92,14044.62,48750.8,principal
SKU_1181_AQU,2025-12-01,169,15170.5,48993.1,principal
SKU_1181_SER,2025-12-01,116,10412.89,33628.4,principal
SKU_1182_BIR,2025-12-01,106,26870.94,89029.4,principal
SKU_1182_PIN,2025-12-01,112,28391.94,94068.8,principal
SKU_1183_POW,2025-12-01,107,23194.14,69539.3,principal
SKU_1183_MOS,2025-12-01,162,35116.36,105283.8,principal
SKU_1184_HOT,2025-12-01,128,15249.11,43507.2,principal
SKU_1184_BAB,2025-12-01,0,0.0,0.0,principal
SKU_1185_BAL,2025-12-01,76,28479.29,75232.4,principal
SKU_1185_MAG,2025-12-01,122,45716.75,120767.8,principal
SKU_1186_FLA,2025-12-01,0,0.0,0.0,principal
SKU_1186_MEX,2025-12-01,151,23606.9,71709.9,principal
SKU_1187_JAD,2025-12-01,79,8103.58,24482.1,principal
SKU_1187_OLI,2025-12-01,108,11078.31,33469.2,principal
SKU_1188_TEA,2025-12-01,57,4526.19,13674.3,principal
SKU_1188_BAB,2025-12-01,63,5002.63,15113.7,principal
SKU_1189_FUC,2025-12-01,0,0.0,0.0,principal
SKU_1189_ROY,2025-12-01,176,13684.33,41342.4,principal
SKU_1190_TEA,2025-12-01,87,14669.37,50451.3,principal
SKU_1190_MAG,2025-12-01,120,20233.62,69588.0,principal
SKU_1191_MIN,2025-12-01,52,2993.03,9614.8,principal
SKU_1191_MYS,2025-12-01,118,6791.87,21818.2,principal
SKU_1192_MAR,2025-12-01,79,5087.08,18557.1,principal
SKU_1192_RAS,2025-12-01,0,0.0,0.0,principal
SKU_1193_CLE,2025-12-01,108,15185.9,48049.2,principal
SKU_1193_ROS,2025-12-01,66,9280.27,29363.4,principal
SKU_1194_FLA,2025-12-01,105,8097.66,23089.5,principal
SKU_1194_SAG,2025-12-01,90,6940.85,19791.0,principal
SKU_1195_HUN,2025-12-01,114,18264.54,53568.6,principal
SKU_1195_SAL,2025-12-01,0,0.0,0.0,principal
SKU_1196_PEA,2025-12-01,0,0.0,0.0,principal
SKU_1196_RAS,2025-12-01,0,0.0,0.0,principal
SKU_1197_ROS,2025-12-01,95,24859.7,75515.5,principal
SKU_1197_COR,2025-12-01,57,14915.82,45309.3,principal
SKU_1198_SEA,2025-12-01,126,13418.77,42197.4,principal
SKU_1198_SAL,2025-12-01,64,6815.88,21433.6,principal
SKU_1199_PAL,2025-12-01,133,7652.83,27916.7,principal
SKU_1199_TEA,2025-12-01,114,6559.57,23928.6,principal
SKU_1200_MID,2025-12-01,176,9375.52,31662.4,principal
SKU_1200_PAS,2025-12-01,134,7138.18,24106.6,principal
SKU_1201_BIR,2025-12-01,0,0.0,0.0,principal
SKU_1201_SAG,2025-12-01,153,23631.83,74189.7,principal
SKU_1202_LIG,2025-12-01,160,47448.82,130384.0,principal
SKU_1202_CLE,2025-12-01,152,45076.38,123864.8,principal
SKU_1203_OFF,2025-12-01,0,0.0,0.0,principal
SKU_1203_FLA,2025-12-01,101,27889.34,76749.9,principal
SKU_1204_AQU,2025-12-01,44,5939.67,15395.6,principal
SKU_1204_MIN,2025-12-01,138,18628.96,48286.2,principal
SKU_1205_RAS,2025-12-01,109,28679.2,86644.1,principal
SKU_1205_COR,2025-12-01,82,21575.18,65181.8,principal
SKU_1206_HUN,2025-12-01,133,18265.14,55181.7,principal
SKU_1206_BLA,2025-12-01,53,7278.59,21989.7,principal
SKU_1207_POW,2025-12-01,113,37939.87,115248.7,principal
SKU_1207_BLA,2025-12-01,67,22495.32,68333.3,principal
SKU_1208_PAS,2025-12-01,84,20587.27,54171.6,principal
SKU_1208_MOS,2025-12-01,84,20587.27,54171.6,principal
SKU_1209_BLA,2025-12-01,117,12628.14,32748.3,principal
SKU_1209_DUS,2025-12-01,94,10145.68,26310.6,principal
SKU_1210_SHO,2025-12-01,112,8977.25,22948.8,principal
SKU_1210_WHI,2025-12-01,146,11702.49,29915.4,principal
SKU_1211_GAR,2025-12-01,169,17797.57,54063.1,principal
SKU_1211_CRE,2025-12-01,179,18850.68,57262.1,principal
SKU_1212_COB,2025-12-01,179,12517.15,39362.1,principal
SKU_1212_SNO,2025-12-01,97,6783.04,21330.3,principal
SKU_1213_MAG,2025-12-01,95,27361.62,83115.5,principal
SKU_1213_POW,2025-12-01,81,23329.38,70866.9,principal
SKU_1214_BLA,2025-12-01,113,10624.55,33888.7,principal
SKU_1214_RAS,2025-12-01,119,11188.68,35688.1,principal
SKU_1215_MAG,2025-12-01,130,8971.46,28587.0,principal
SKU_1215_BRI,2025-12-01,63,4347.71,13853.7,principal
SKU_1216_WHI,2025-12-01,170,25896.83,96883.0,principal
SKU_1216_CRE,2025-12-01,171,26049.16,97452.9,principal
SKU_1217_ROS,2025-12-01,106,27550.28,86909.4,principal
SKU_1217_RAS,2025-12-01,95,24691.29,77890.5,principal
SKU_1218_BLU,2025-12-01,103,26469.22,67454.7,principal
SKU_1218_SNO,2025-12-01,50,12849.14,32745.0,principal
SKU_1219_MAR,2025-12-01,129,19366.15,50942.1,principal
SKU_1219_LIM,2025-12-01,0,0.0,0.0,principal
SKU_1220_TUR,2025-12-01,87,8780.21,26526.3,principal
SKU_1220_HOT,2025-12-01,56,5651.63,17074.4,principal
SKU_1221_SAG,2025-12-01,121,28277.48,88922.9,principal
SKU_1221_PAL,2025-12-01,0,0.0,0.0,principal
SKU_1222_PAS,2025-12-01,101,28092.25,85334.9,principal
SKU_1222_HON,2025-12-01,115,31986.22,97163.5,principal
SKU_1223_TEA,2025-12-01,176,8395.39,25502.4,principal
SKU_1223_BLA,2025-12-01,87,4149.99,12606.3,principal
SKU_1224_OLI,2025-12-01,0,0.0,0.0,principal
SKU_1224_ARM,2025-12-01,61,8276.01,25308.9,principal
SKU_1225_POW,2025-12-01,112,7291.4,24068.8,principal
SKU_1225_IVO,2025-12-01,171,11132.41,36747.9,principal
SKU_1226_PAL,2025-12-01,166,22964.77,80493.4,principal
SKU_1226_LIG,2025-12-01,135,18676.17,65461.5,principal
SKU_1227_CLO,2025-12-01,117,13896.13,46788.3,principal
SKU_1227_PAS,2025-12-01,137,16271.53,54786.3,principal
SKU_1228_WHI,2025-12-01,173,19679.92,50152.7,principal
SKU_1228_SPA,2025-12-01,83,9441.81,24061.7,principal
SKU_1229_SAL,2025-12-01,79,22363.25,67932.1,principal
SKU_1229_CLO,2025-12-01,143,40480.31,122965.7,principal
SKU_1230_ROS,2025-12-01,118,15534.36,47188.2,principal
SKU_1230_NAV,2025-12-01,134,17640.71,53586.6,principal
SKU_1231_LIG,2025-12-01,134,21285.48,64306.6,principal
SKU_1231_BIR,2025-12-01,0,0.0,0.0,principal
SKU_1232_AQU,2025-12-01,54,6343.48,19164.6,principal
SKU_1232_FOR,2025-12-01,0,0.0,0.0,principal
SKU_1233_JAD,2025-12-01,93,7344.68,22310.7,principal
SKU_1233_SEA,2025-12-01,140,11056.51,33586.0,principal
SKU_1234_MOS,2025-12-01,62,4120.94,12703.8,principal
SKU_1234_SAL,2025-12-01,0,0.0,0.0,principal
SKU_1235_HUN,2025-12-01,0,0.0,0.0,principal
SKU_1235_COR,2025-12-01,143,19383.94,67195.7,principal
SKU_1236_DEE,2025-12-01,100,17666.9,56990.0,principal
SKU_1236_LIM,2025-12-01,185,32683.76,105431.5,principal
SKU_1237_BAB,2025-12-01,100,28527.15,99990.0,principal
SKU_1237_GAR,2025-12-01,171,48781.42,170982.9,principal
SKU_1238_SAP,2025-12-01,134,19535.63,61626.6,principal
SKU_1238_TUR,2025-12-01,0,0.0,0.0,principal
SKU_1239_BAB,2025-12-01,56,6601.61,17354.4,principal
SKU_1239_MID,2025-12-01,58,6837.39,17974.2,principal
SKU_1240_PAL,2025-12-01,192,63200.08,191980.8,principal
SKU_1240_MOS,2025-12-01,0,0.0,0.0,principal
SKU_1241_BAL,2025-12-01,66,7819.62,23753.4,principal
SKU_1241_FLA,2025-12-01,69,8175.06,24833.1,principal
SKU_1242_AQU,2025-12-01,167,16723.08,52588.3,principal
SKU_1242_SKY,2025-12-01,167,16723.08,52588.3,principal
SKU_1243_SNO,2025-12-01,87,7052.39,21306.3,principal
SKU_1243_PIN,2025-12-01,178,14429.02,43592.2,principal
SKU_1244_COB,2025-12-01,178,16409.5,51602.2,principal
SKU_1244_GAR,2025-12-01,85,7836.0,24641.5,principal
SKU_1245_COB,2025-12-01,87,5383.61,18261.3,principal
SKU_1245_SNO,2025-12-01,0,0.0,0.0,principal
SKU_1246_PAL,2025-12-01,116,9550.3,34208.4,principal
SKU_1246_COR,2025-12-01,78,6421.75,23002.2,principal
SKU_1247_SAP,2025-12-01,56,2874.23,10074.4,principal
SKU_1247_SKY,2025-12-01,124,6364.36,22307.6,principal
SKU_1248_AQU,2025-12-01,58,3222.32,9854.2,principal
SKU_1248_SAG,2025-12-01,86,4777.93,14611.4,principal
SKU_1249_WHI,2025-12-01,97,9958.99,26180.3,principal
SKU_1249_ARM,2025-12-01,154,15811.17,41564.6,principal
SKU_1250_AQU,2025-12-01,83,7101.4,21571.7,principal
SKU_1250_BAB,2025-12-01,105,8983.7,27289.5,principal
SKU_1251_SHO,2025-12-01,67,20289.68,61633.3,principal
SKU_1251_COB,2025-12-01,0,0.0,0.0,principal
SKU_1252_NAV,2025-12-01,108,7723.97,24289.2,principal
SKU_1252_FLA,2025-12-01,74,5292.35,16642.6,principal
SKU_1253_SEA,2025-12-01,181,21444.71,65141.9,principal
SKU_1253_FRE,2025-12-01,114,13506.62,41028.6,principal
SKU_1254_SEA,2025-12-01,0,0.0,0.0,principal
SKU_1254_BAB,2025-12-01,45,2828.56,8545.5,principal
SKU_1255_VAN,2025-12-01,42,6261.4,20155.8,principal
SKU_1255_SHO,2025-12-01,178,26536.41,85422.2,principal
SKU_1256_SEA,2025-12-01,157,31051.08,102034.3,principal
SKU_1256_MID,2025-12-01,176,34808.85,114382.4,principal
SKU_1257_SPA,2025-12-01,86,5027.39,17621.4,principal
SKU_1257_EME,2025-12-01,85,4968.93,17416.5,principal
SKU_1258_AQU,2025-12-01,93,7316.8,24635.7,principal
SKU_1258_LIG,2025-12-01,0,0.0,0.0,principal
SKU_1259_ARM,2025-12-01,75,9620.13,26992.5,principal
SKU_1259_POW,2025-12-01,0,0.0,0.0,principal
SKU_1260_WHI,2025-12-01,154,17326.06,52344.6,principal
SKU_1260_ROY,2025-12-01,174,19576.2,59142.6,principal
SKU_1261_PAS,2025-12-01,283,46106.67,140056.7,principal
SKU_1261_PAS,2025-12-01,283,46106.67,140056.7,principal
SKU_1262_BLU,2025-12-01,165,15013.66,45358.5,principal
SKU_1262_OFF,2025-12-01,0,0.0,0.0,principal
SKU_1263_COB,2025-12-01,0,0.0,0.0,principal
SKU_1263_SKY,2025-12-01,145,8826.02,26810.5,principal
SKU_1264_EGR,2025-12-01,190,37152.26,116831.0,principal
SKU_1264_BRI,2025-12-01,128,25028.89,78707.2,principal
SKU_1265_CRE,2025-12-01,113,8224.92,24848.7,principal
SKU_1265_JAD,2025-12-01,113,8224.92,24848.7,principal
SKU_1266_MEX,2025-12-01,109,10761.25,32689.1,principal
SKU_1266_SPA,2025-12-01,177,17474.69,53082.3,principal
SKU_1267_SKY,2025-12-01,137,15186.71,45881.3,principal
SKU_1267_SAP,2025-12-01,0,0.0,0.0,principal
SKU_1268_MYS,2025-12-01,85,9052.35,28466.5,principal
SKU_1268_MAR,2025-12-01,105,11182.31,35164.5,principal
SKU_1269_BAB,2025-12-01,111,37999.19,115428.9,principal
SKU_1269_CER,2025-12-01,58,19855.43,60314.2,principal
SKU_1270_CRE,2025-12-01,187,11690.32,35511.3,principal
SKU_1270_TUR,2025-12-01,129,8064.45,24497.1,principal
SKU_1271_OLI,2025-12-01,89,26073.0,79201.1,principal
SKU_1271_FLA,2025-12-01,50,14647.75,44495.0,principal
SKU_1272_PAS,2025-12-01,0,0.0,0.0,principal
SKU_1272_TEA,2025-12-01,109,13706.41,41409.1,principal
SKU_1273_PAS,2025-12-01,130,31620.97,99437.0,principal
SKU_1273_EGR,2025-12-01,0,0.0,0.0,principal
SKU_1274_MEX,2025-12-01,120,10108.58,31788.0,principal
SKU_1274_BAL,2025-12-01,177,14910.16,46887.3,principal
SKU_1275_MIN,2025-12-01,161,9799.92,29768.9,principal
SKU_1275_BIR,2025-12-01,113,6878.21,20893.7,principal
SKU_1276_WHI,2025-12-01,0,0.0,0.0,principal
SKU_1276_LIG,2025-12-01,184,9271.2,32181.6,principal
SKU_1277_MYS,2025-12-01,121,8662.94,32052.9,principal
SKU_1277_BAB,2025-12-01,230,16466.74,60927.0,principal
SKU_1278_BAB,2025-12-01,93,27326.23,95780.7,principal
SKU_1278_MOS,2025-12-01,215,63173.55,221428.5,principal
SKU_1279_FUC,2025-12-01,247,33371.01,112360.3,principal
SKU_1279_IVO,2025-12-01,183,24724.27,83246.7,principal
SKU_1280_LIM,2025-12-01,234,41690.46,116976.6,principal
SKU_1280_PRI,2025-12-01,0,0.0,0.0,principal
SKU_1281_PIS,2025-12-01,93,18734.55,49280.7,principal
SKU_1281_CER,2025-12-01,0,0.0,0.0,principal
SKU_1282_PIN,2025-12-01,174,12376.95,37392.6,principal
SKU_1282_BAL,2025-12-01,91,6473.0,19555.9,principal
SKU_1283_SNO,2025-12-01,280,16908.7,53172.0,principal
SKU_1283_BAB,2025-12-01,177,10688.71,33612.3,principal
SKU_1284_COR,2025-12-01,0,0.0,0.0,principal
SKU_1284_HOT,2025-12-01,212,49544.2,150498.8,principal
SKU_1285_WHI,2025-12-01,158,46017.01,139024.2,principal
SKU_1285_CLO,2025-12-01,251,73102.97,220854.9,principal
SKU_1286_MAR,2025-12-01,79,5820.38,19347.1,principal
SKU_1286_HOT,2025-12-01,187,13777.36,45796.3,principal
SKU_1287_NAV,2025-12-01,136,15231.77,51666.4,principal
SKU_1287_CER,2025-12-01,112,12543.81,42548.8,principal
SKU_1288_SAG,2025-12-01,73,5153.99,17512.7,principal
SKU_1288_BAB,2025-12-01,265,18709.68,63573.5,principal
SKU_1289_AQU,2025-12-01,463,155927.89,476843.7,principal
SKU_1289_AQU,2025-12-01,463,155927.89,476843.7,principal
SKU_1290_BIR,2025-12-01,240,46095.35,121176.0,principal
SKU_1290_PIN,2025-12-01,0,0.0,0.0,principal
SKU_1291_SAL,2025-12-01,68,5370.31,16313.2,principal
SKU_1291_SPA,2025-12-01,136,10740.61,32626.4,principal
SKU_1292_TEA,2025-12-01,238,24413.3,73756.2,principal
SKU_1292_FLA,2025-12-01,190,19489.61,58881.0,principal
SKU_1293_TEA,2025-12-01,202,20275.36,61589.8,principal
SKU_1293_OFF,2025-12-01,87,8732.46,26526.3,principal
SKU_1294_SEA,2025-12-01,67,4433.18,13393.3,principal
SKU_1294_COR,2025-12-01,0,0.0,0.0,principal
SKU_1295_PIS,2025-12-01,257,43562.81,132329.3,principal
SKU_1295_FLA,2025-12-01,0,0.0,0.0,principal
SKU_1296_DEE,2025-12-01,223,40460.92,144927.7,principal
SKU_1296_PEA,2025-12-01,0,0.0,0.0,principal
SKU_1297_WHI,2025-12-01,0,0.0,0.0,principal
SKU_1297_MIN,2025-12-01,227,14724.65,52187.3,principal
SKU_1298_OFF,2025-12-01,0,0.0,0.0,principal
SKU_1298_IVO,2025-12-01,0,0.0,0.0,principal
SKU_1299_BRI,2025-12-01,0,0.0,0.0,principal
SKU_1299_HOT,2025-12-01,90,5877.93,19791.0,principal
SKU_1300_BIR,2025-12-01,0,0.0,0.0,principal
SKU_1300_TEA,2025-12-01,172,70489.79,197782.8,principal
SKU_1301_AQU,2025-12-01,224,40181.36,122057.6,principal
SKU_1301_GAR,2025-12-01,265,47535.99,144398.5,principal
SKU_1302_EME,2025-12-01,133,18384.73,55846.7,principal
SKU_1302_DUS,2025-12-01,181,25019.83,76001.9,principal
SKU_1303_BIR,2025-12-01,136,7423.14,22426.4,principal
SKU_1303_SAP,2025-12-01,170,9278.92,28033.0,principal
SKU_1304_TUR,2025-12-01,236,37141.26,116796.4,principal
SKU_1304_GAR,2025-12-01,253,39816.68,125209.7,principal
SKU_1305_MAR,2025-12-01,158,18199.56,55284.2,principal
SKU_1305_OFF,2025-12-01,120,13822.45,41988.0,principal
SKU_1306_FRE,2025-12-01,130,35548.27,111787.0,principal
SKU_1306_SPA,2025-12-01,85,23243.1,73091.5,principal
SKU_1307_MAG,2025-12-01,187,13611.15,41121.3,principal
SKU_1307_FOR,2025-12-01,282,20525.91,62011.8,principal
SKU_1308_PAS,2025-12-01,161,22376.89,67603.9,principal
SKU_1308_CER,2025-12-01,230,31966.99,96577.0,principal
SKU_1309_OLI,2025-12-01,0,0.0,0.0,principal
SKU_1309_LIG,2025-12-01,209,25106.14,76264.1,principal
SKU_1310_MOS,2025-12-01,137,10878.75,32866.3,principal
SKU_1310_EGR,2025-12-01,229,18184.18,54937.1,principal
SKU_1311_BAB,2025-12-01,231,66912.17,203256.9,principal
SKU_1311_NAV,2025-12-01,268,77629.71,235813.2,principal
SKU_1312_HOT,2025-12-01,251,20761.94,62724.9,principal
SKU_1312_NAV,2025-12-01,0,0.0,0.0,principal
SKU_1313_SPA,2025-12-01,131,40317.75,122471.9,principal
SKU_1313_SHO,2025-12-01,0,0.0,0.0,principal
SKU_1314_BLU,2025-12-01,130,12406.56,37687.0,principal
SKU_1314_SNO,2025-12-01,0,0.0,0.0,principal
SKU_1315_WHI,2025-12-01,214,24430.65,73808.6,principal
SKU_1315_BLA,2025-12-01,170,19407.52,58633.0,principal
SKU_1316_DEN,2025-12-01,80,13560.41,41192.0,principal
SKU_1316_AQU,2025-12-01,85,14407.93,43766.5,principal
SKU_1317_BLU,2025-12-01,0,0.0,0.0,principal
SKU_1317_ROS,2025-12-01,231,15107.02,49641.9,principal
SKU_1318_PAS,2025-12-01,262,19936.6,62853.8,principal
SKU_1318_MYS,2025-12-01,0,0.0,0.0,principal
SKU_1319_MAR,2025-12-01,100,5417.85,18990.0,principal
SKU_1319_ROS,2025-12-01,264,14303.12,50133.6,principal
SKU_1320_PIS,2025-12-01,0,0.0,0.0,principal
SKU_1320_FOR,2025-12-01,184,8191.74,27581.6,principal
SKU_1321_FLA,2025-12-01,169,9112.32,25333.1,principal
SKU_1321_SER,2025-12-01,216,11646.51,32378.4,principal
SKU_1322_MOS,2025-12-01,0,0.0,0.0,principal
SKU_1322_IVO,2025-12-01,165,20706.5,54433.5,principal
SKU_1323_AQU,2025-12-01,179,20035.54,51892.1,principal
SKU_1323_FRE,2025-12-01,148,16565.7,42905.2,principal
SKU_1324_MID,2025-12-01,157,17143.91,51794.3,principal
SKU_1324_SNO,2025-12-01,280,30575.13,92372.0,principal
SKU_1325_LIG,2025-12-01,262,24409.74,78573.8,principal
SKU_1325_PEA,2025-12-01,105,9782.53,31489.5,principal
SKU_1326_PAS,2025-12-01,165,24297.26,83308.5,principal
SKU_1326_BAB,2025-12-01,239,35194.21,120671.1,principal
SKU_1327_GAR,2025-12-01,241,17870.02,62635.9,principal
SKU_1327_HON,2025-12-01,210,15571.39,54579.0,principal
SKU_1328_EGR,2025-12-01,195,15341.68,51655.5,principal
SKU_1328_LIG,2025-12-01,0,0.0,0.0,principal
SKU_1329_NAV,2025-12-01,92,9013.64,25290.8,principal
SKU_1329_MIN,2025-12-01,128,12540.72,35187.2,principal
SKU_1330_PRI,2025-12-01,174,17848.38,53922.6,principal
SKU_1330_LIM,2025-12-01,276,28311.22,85532.4,principal
SKU_1331_ARM,2025-12-01,210,18691.72,58779.0,principal
SKU_1331_AQU,2025-12-01,235,20916.93,65776.5,principal
SKU_1332_MOS,2025-12-01,156,8514.78,25724.4,principal
SKU_1332_MOS,2025-12-01,156,8514.78,25724.4,principal
SKU_1333_PIS,2025-12-01,217,13639.95,41208.3,principal
SKU_1333_MOS,2025-12-01,147,9239.96,27915.3,principal
SKU_1334_TEA,2025-12-01,81,12330.38,37251.9,principal
SKU_1334_ROY,2025-12-01,0,0.0,0.0,principal
SKU_1335_CRE,2025-12-01,115,13080.39,43688.5,principal
SKU_1335_BRI,2025-12-01,0,0.0,0.0,principal
SKU_1336_LIM,2025-12-01,161,15391.0,56333.9,principal
SKU_1336_PIN,2025-12-01,204,19501.64,71379.6,principal
SKU_1337_DUS,2025-12-01,98,5332.77,18120.2,principal
SKU_1337_MAG,2025-12-01,239,13005.44,44191.1,principal
SKU_1338_OLI,2025-12-01,104,6968.24,21309.6,principal
SKU_1338_PAS,2025-12-01,174,11658.4,35652.6,principal
SKU_1339_JAD,2025-12-01,178,19659.81,55162.2,principal
SKU_1339_EME,2025-12-01,203,22421.02,62909.7,principal
SKU_1340_SNO,2025-12-01,0,0.0,0.0,principal
SKU_1340_POW,2025-12-01,253,95355.97,289659.7,principal
SKU_1341_HOT,2025-12-01,225,12871.84,40477.5,principal
SKU_1341_PEA,2025-12-01,97,5549.2,17450.3,principal
SKU_1342_CRE,2025-12-01,197,21919.84,68930.3,principal
SKU_1342_BAB,2025-12-01,86,9569.07,30091.4,principal
SKU_1343_NAV,2025-12-01,92,9589.33,28970.8,principal
SKU_1343_IVO,2025-12-01,200,20846.38,62980.0,principal
SKU_1344_PAS,2025-12-01,206,20628.47,64869.4,principal
SKU_1344_MID,2025-12-01,132,13218.24,41566.8,principal
SKU_1345_ARM,2025-12-01,128,42121.26,153587.2,principal
SKU_1345_FOR,2025-12-01,132,43437.55,158386.8,principal
SKU_1346_HON,2025-12-01,208,16152.97,55099.2,principal
SKU_1346_PEA,2025-12-01,93,7222.24,24635.7,principal
SKU_1347_DUS,2025-12-01,0,0.0,0.0,principal
SKU_1347_LIM,2025-12-01,150,11623.54,43485.0,principal
SKU_1348_NAV,2025-12-01,240,51004.15,155976.0,principal
SKU_1348_PIS,2025-12-01,0,0.0,0.0,principal
SKU_1349_HON,2025-12-01,213,17543.69,44708.7,principal
SKU_1349_SEA,2025-12-01,84,6918.64,17631.6,principal
SKU_1350_SNO,2025-12-01,96,9052.98,27350.4,principal
SKU_1350_BAB,2025-12-01,211,19897.7,60113.9,principal
SKU_1351_SAG,2025-12-01,208,47498.24,143499.2,principal
SKU_1351_HON,2025-12-01,255,58231.01,175924.5,principal
SKU_1352_CER,2025-12-01,233,21586.73,65216.7,principal
SKU_1352_HUN,2025-12-01,155,14360.27,43384.5,principal
SKU_1353_MAG,2025-12-01,241,15148.51,45765.9,principal
SKU_1353_MAR,2025-12-01,286,17977.07,54311.4,principal
SKU_1354_AQU,2025-12-01,273,83122.24,252497.7,principal
SKU_1354_CLE,2025-12-01,161,49020.81,148908.9,principal
SKU_1355_PAS,2025-12-01,252,14509.42,44074.8,principal
SKU_1355_DEE,2025-12-01,130,7485.02,22737.0,principal
SKU_1356_BLU,2025-12-01,139,9833.57,29871.1,principal
SKU_1356_DEN,2025-12-01,0,0.0,0.0,principal
SKU_1357_BRI,2025-12-01,117,25749.58,77793.3,principal
SKU_1357_BLU,2025-12-01,264,58101.62,175533.6,principal
SKU_1358_DUS,2025-12-01,114,7502.01,22788.6,principal
SKU_1358_MAR,2025-12-01,150,9871.06,29985.0,principal
SKU_1359_BLU,2025-12-01,114,15403.47,48438.6,principal
SKU_1359_NAV,2025-12-01,117,15808.83,49713.3,principal
SKU_1360_WHI,2025-12-01,259,27424.71,82854.1,principal
SKU_1360_FRE,2025-12-01,0,0.0,0.0,principal
SKU_1361_MEX,2025-12-01,256,15459.38,48614.4,principal
SKU_1361_BLU,2025-12-01,109,6582.31,20699.1,principal
SKU_1362_POW,2025-12-01,256,77736.5,244454.4,principal
SKU_1362_SEA,2025-12-01,137,41601.17,130821.3,principal
SKU_1363_RAS,2025-12-01,134,40477.14,127286.6,principal
SKU_1363_HUN,2025-12-01,236,71288.1,224176.4,principal
SKU_1364_OFF,2025-12-01,196,28664.65,90140.4,principal
SKU_1364_TEA,2025-12-01,0,0.0,0.0,principal
SKU_1365_BUB,2025-12-01,0,0.0,0.0,principal
SKU_1365_NAV,2025-12-01,0,0.0,0.0,principal
SKU_1366_TEA,2025-12-01,209,28094.89,91939.1,principal
SKU_1366_PAL,2025-12-01,191,25675.23,84020.9,principal
SKU_1367_VAN,2025-12-01,100,5510.94,17990.0,principal
SKU_1367_BLA,2025-12-01,208,11462.76,37419.2,principal
SKU_1368_SNO,2025-12-01,165,35065.8,122908.5,principal
SKU_1368_TUR,2025-12-01,147,31240.44,109500.3,principal
SKU_1369_SNO,2025-12-01,118,5981.22,18868.2,principal
SKU_1369_RAS,2025-12-01,198,10036.28,31660.2,principal
SKU_1370_PRI,2025-12-01,0,0.0,0.0,principal
SKU_1370_MYS,2025-12-01,254,17930.56,45694.6,principal
SKU_1371_WHI,2025-12-01,198,18016.4,54430.2,principal
SKU_1371_HOT,2025-12-01,0,0.0,0.0,principal
SKU_1372_SEA,2025-12-01,113,12713.28,38408.7,principal
SKU_1372_DEN,2025-12-01,155,17438.57,52684.5,principal
SKU_1373_SKY,2025-12-01,91,5688.87,17280.9,principal
SKU_1373_CRE,2025-12-01,192,12002.9,36460.8,principal
SKU_1374_SAL,2025-12-01,0,0.0,0.0,principal
SKU_1374_BLU,2025-12-01,0,0.0,0.0,principal
SKU_1375_COR,2025-12-01,209,18325.52,55364.1,principal
SKU_1375_CLE,2025-12-01,213,18676.24,56423.7,principal
SKU_1376_SNO,2025-12-01,154,12290.61,43874.6,principal
SKU_1376_BIR,2025-12-01,155,12370.42,44159.5,principal
SKU_1377_PRI,2025-12-01,0,0.0,0.0,principal
SKU_1377_CLO,2025-12-01,201,15808.22,52239.9,principal
SKU_1378_SPA,2025-12-01,80,4676.64,16392.0,principal
SKU_1378_MOS,2025-12-01,223,13036.13,45692.7,principal
SKU_1379_SNO,2025-12-01,183,28129.53,88736.7,principal
SKU_1379_WHI,2025-12-01,258,39658.03,125104.2,principal
SKU_1380_TUR,2025-12-01,0,0.0,0.0,principal
SKU_1380_MIN,2025-12-01,231,20839.15,53106.9,principal
SKU_1381_WHI,2025-12-01,153,13921.76,42059.7,principal
SKU_1381_PAS,2025-12-01,115,10464.07,31613.5,principal
SKU_1382_ARM,2025-12-01,217,13104.24,41208.3,principal
SKU_1382_HOT,2025-12-01,126,7608.91,23927.4,principal
SKU_1383_CLE,2025-12-01,186,11075.72,33461.4,principal
SKU_1383_TUR,2025-12-01,249,14827.18,44795.1,principal
SKU_1384_CRE,2025-12-01,175,29951.44,90982.5,principal
SKU_1384_SKY,2025-12-01,270,46210.79,140373.0,principal
SKU_1385_PRI,2025-12-01,258,24756.88,74794.2,principal
SKU_1385_NAV,2025-12-01,68,6525.07,19713.2,principal
SKU_1386_SER,2025-12-01,99,6669.64,21275.1,principal
SKU_1386_COB,2025-12-01,256,17246.73,55014.4,principal
SKU_1387_BRI,2025-12-01,115,5260.41,18388.5,principal
SKU_1387_BAB,2025-12-01,267,12213.29,42693.3,principal
SKU_1388_BRI,2025-12-01,250,25052.69,93725.0,principal
SKU_1388_VAN,2025-12-01,265,26555.85,99348.5,principal
SKU_1389_SHO,2025-12-01,26,1080.31,3637.4,principal
SKU_1389_BAB,2025-12-01,24,997.21,3357.6,principal
SKU_1390_SAP,2025-12-01,21,1894.47,4827.9,principal
SKU_1390_PAS,2025-12-01,0,0.0,0.0,principal
SKU_1391_LIG,2025-12-01,18,1697.43,5128.2,principal
SKU_1391_SEA,2025-12-01,39,3677.77,11111.1,principal
SKU_1392_LIM,2025-12-01,67,6540.0,19758.3,principal
SKU_1392_BLU,2025-12-01,52,5075.82,15334.8,principal
SKU_1393_COB,2025-12-01,46,4533.22,14255.4,principal
SKU_1393_SKY,2025-12-01,48,4730.31,14875.2,principal
SKU_1394_FOR,2025-12-01,70,10459.97,32893.0,principal
SKU_1394_EME,2025-12-01,46,6873.7,21615.4,principal
SKU_1395_BLA,2025-12-01,26,2396.89,7537.4,principal
SKU_1395_TUR,2025-12-01,47,4332.85,13625.3,principal
SKU_1396_FUC,2025-12-01,29,1287.86,3912.1,principal
SKU_1396_PAS,2025-12-01,42,1865.18,5665.8,principal
SKU_1397_SNO,2025-12-01,58,4485.09,13624.2,principal
SKU_1397_BUB,2025-12-01,45,3479.81,10570.5,principal
SKU_1398_AQU,2025-12-01,53,11775.39,35769.7,principal
SKU_1398_SPA,2025-12-01,62,13774.98,41843.8,principal
SKU_1399_PAL,2025-12-01,46,3948.1,12415.4,principal
SKU_1399_CRE,2025-12-01,0,0.0,0.0,principal
SKU_1400_FOR,2025-12-01,32,2211.17,6716.8,principal
SKU_1400_PAL,2025-12-01,54,3731.35,11334.6,principal
SKU_1401_GAR,2025-12-01,52,4129.16,12474.8,principal
SKU_1401_BLU,2025-12-01,34,2699.83,8156.6,principal
SKU_1402_WHI,2025-12-01,23,1718.06,5402.7,principal
SKU_1402_VAN,2025-12-01,36,2689.14,8456.4,principal
SKU_1403_AQU,2025-12-01,0,0.0,0.0,principal
SKU_1403_DUS,2025-12-01,26,3294.44,10007.4,principal
SKU_1404_SAP,2025-12-01,44,14853.82,44875.6,principal
SKU_1404_ARM,2025-12-01,34,11477.95,34676.6,principal
SKU_1405_FLA,2025-12-01,52,3698.86,11174.8,principal
SKU_1405_CLO,2025-12-01,28,1991.69,6017.2,principal
SKU_1406_PRI,2025-12-01,0,0.0,0.0,principal
SKU_1406_SHO,2025-12-01,53,6104.92,18544.7,principal
SKU_1407_OFF,2025-12-01,33,2034.2,7091.7,principal
SKU_1407_EME,2025-12-01,57,3513.62,12249.3,principal
SKU_1408_PAS,2025-12-01,57,16597.34,52434.3,principal
SKU_1408_FUC,2025-12-01,58,16888.53,53354.2,principal
SKU_1409_PEA,2025-12-01,149,9204.26,31275.1,principal
SKU_1409_PEA,2025-12-01,149,9204.26,31275.1,principal
SKU_1410_ROS,2025-12-01,47,15911.86,53575.3,principal
SKU_1410_JAD,2025-12-01,38,12864.91,43316.2,principal
SKU_1411_BLU,2025-12-01,73,5724.85,16417.7,principal
SKU_1411_RAS,2025-12-01,25,1960.57,5622.5,principal
SKU_1412_SHO,2025-12-01,65,20731.25,58168.5,principal
SKU_1412_BAB,2025-12-01,26,8292.5,23267.4,principal
SKU_1413_SAG,2025-12-01,68,4161.73,12573.2,principal
SKU_1413_JAD,2025-12-01,55,3366.1,10169.5,principal
SKU_1414_DUS,2025-12-01,59,6377.2,20054.1,principal
SKU_1414_CLO,2025-12-01,57,6161.03,19374.3,principal
SKU_1415_BAB,2025-12-01,48,5417.19,17035.2,principal
SKU_1415_MID,2025-12-01,43,4852.9,15260.7,principal
SKU_1416_CLE,2025-12-01,46,3959.06,12875.4,principal
SKU_1416_AQU,2025-12-01,56,4819.72,15674.4,principal
SKU_1417_SNO,2025-12-01,37,3307.94,10356.3,principal
SKU_1417_BIR,2025-12-01,43,3844.37,12035.7,principal
SKU_1418_CLE,2025-12-01,47,11985.4,39710.3,principal
SKU_1418_MOS,2025-12-01,18,4590.15,15208.2,principal
SKU_1419_FLA,2025-12-01,59,4917.75,14744.1,principal
SKU_1419_WHI,2025-12-01,27,2250.49,6747.3,principal
SKU_1420_EGR,2025-12-01,49,15928.25,48505.1,principal
SKU_1420_LIM,2025-12-01,51,16578.38,50484.9,principal
SKU_1421_LIG,2025-12-01,33,2871.95,7586.7,principal
SKU_1421_SER,2025-12-01,0,0.0,0.0,principal
SKU_1422_PIN,2025-12-01,73,8757.21,22987.7,principal
SKU_1422_MIN,2025-12-01,57,6837.82,17949.3,principal
SKU_1423_JAD,2025-12-01,72,28440.51,86392.8,principal
SKU_1423_SAG,2025-12-01,67,26465.47,80393.3,principal
SKU_1424_VAN,2025-12-01,64,20961.35,63673.6,principal
SKU_1424_BAB,2025-12-01,48,15721.01,47755.2,principal
SKU_1425_WHI,2025-12-01,0,0.0,0.0,principal
SKU_1425_LIG,2025-12-01,44,2936.92,9235.6,principal
SKU_1426_NAV,2025-12-01,43,1624.11,5585.7,principal
SKU_1426_SEA,2025-12-01,25,944.25,3247.5,principal
SKU_1427_AQU,2025-12-01,56,3484.75,11194.4,principal
SKU_1427_BLA,2025-12-01,0,0.0,0.0,principal
SKU_1428_COB,2025-12-01,0,0.0,0.0,principal
SKU_1428_SKY,2025-12-01,41,5506.17,20085.9,principal
SKU_1429_SPA,2025-12-01,67,4021.19,12723.3,principal
SKU_1429_MAG,2025-12-01,41,2460.73,7785.9,principal
SKU_1430_PEA,2025-12-01,72,4542.64,12952.8,principal
SKU_1430_JAD,2025-12-01,69,4353.37,12413.1,principal
SKU_1431_TEA,2025-12-01,30,3783.59,11097.0,principal
SKU_1431_CRE,2025-12-01,60,7567.18,22194.0,principal
SKU_1432_WHI,2025-12-01,31,8655.6,22316.9,principal
SKU_1432_BRI,2025-12-01,0,0.0,0.0,principal
SKU_1433_OLI,2025-12-01,32,3317.28,10076.8,principal
SKU_1433_SAP,2025-12-01,29,3006.29,9132.1,principal
SKU_1434_ARM,2025-12-01,69,4605.63,14483.1,principal
SKU_1434_MIN,2025-12-01,37,2469.68,7766.3,principal
SKU_1435_SKY,2025-12-01,64,19507.78,64633.6,principal
SKU_1435_OLI,2025-12-01,17,5181.75,17168.3,principal
SKU_1436_BLU,2025-12-01,17,1408.98,4758.3,principal
SKU_1436_PAS,2025-12-01,0,0.0,0.0,principal
SKU_1437_ROY,2025-12-01,0,0.0,0.0,principal
SKU_1437_AQU,2025-12-01,49,2573.77,8080.1,principal
SKU_1438_MOS,2025-12-01,56,4307.44,11474.4,principal
SKU_1438_DEE,2025-12-01,64,4922.79,13113.6,principal
SKU_1439_CER,2025-12-01,42,2570.48,7765.8,principal
SKU_1439_SHO,2025-12-01,52,3182.5,9614.8,principal
SKU_1440_PIS,2025-12-01,25,11573.13,29997.5,principal
SKU_1440_BLU,2025-12-01,38,17591.15,45596.2,principal
SKU_1441_COB,2025-12-01,58,25975.24,66984.2,principal
SKU_1441_IVO,2025-12-01,42,18809.66,48505.8,principal
SKU_1442_OFF,2025-12-01,17,1631.27,4928.3,principal
SKU_1442_EME,2025-12-01,44,4222.1,12755.6,principal
SKU_1443_BLU,2025-12-01,59,5270.88,15924.1,principal
SKU_1443_PRI,2025-12-01,0,0.0,0.0,principal
SKU_1444_HUN,2025-12-01,0,0.0,0.0,principal
SKU_1444_OLI,2025-12-01,0,0.0,0.0,principal
SKU_1445_TEA,2025-12-01,68,10748.24,27873.2,principal
SKU_1445_PRI,2025-12-01,54,8535.37,22134.6,principal
SKU_1446_SHO,2025-12-01,38,4012.08,10256.2,principal
SKU_1446_GAR,2025-12-01,54,5701.38,14574.6,principal
SKU_1447_BLU,2025-12-01,67,5291.33,16073.3,principal
SKU_1447_OLI,2025-12-01,50,3948.75,11995.0,principal
SKU_1448_SKY,2025-12-01,45,2665.04,8095.5,principal
SKU_1448_SEA,2025-12-01,42,2487.37,7555.8,principal
SKU_1449_BLA,2025-12-01,25,2688.55,8122.5,principal
SKU_1449_NAV,2025-12-01,40,4301.68,12996.0,principal
SKU_1450_MAG,2025-12-01,46,6097.89,18855.4,principal
SKU_1450_JAD,2025-12-01,0,0.0,0.0,principal
SKU_1451_WHI,2025-12-01,28,2219.88,6857.2,principal
SKU_1451_BIR,2025-12-01,39,3091.98,9551.1,principal
SKU_1452_SKY,2025-12-01,55,2130.25,7969.5,principal
SKU_1452_DEE,2025-12-01,24,929.56,3477.6,principal
SKU_1453_SAP,2025-12-01,0,0.0,0.0,principal
SKU_1453_PRI,2025-12-01,26,1936.05,6107.4,principal
SKU_1454_BRI,2025-12-01,26,1482.57,3897.4,principal
SKU_1454_BUB,2025-12-01,42,2394.92,6295.8,principal
SKU_1455_TEA,2025-12-01,42,4655.78,14065.8,principal
SKU_1455_ROY,2025-12-01,20,2217.04,6698.0,principal
SKU_1456_EME,2025-12-01,73,7608.93,22987.7,principal
SKU_1456_DEN,2025-12-01,48,5003.13,15115.2,principal
SKU_1457_SNO,2025-12-01,56,2963.91,8954.4,principal
SKU_1457_MAG,2025-12-01,35,1852.44,5596.5,principal
SKU_1458_PEA,2025-12-01,63,7296.46,22043.7,principal
SKU_1458_MIN,2025-12-01,48,5559.21,16795.2,principal
SKU_1459_OFF,2025-12-01,45,3109.46,9445.5,principal
SKU_1459_CRE,2025-12-01,37,2556.67,7766.3,principal
SKU_1460_FUC,2025-12-01,43,2384.06,7520.7,principal
SKU_1460_OLI,2025-12-01,64,3548.37,11193.6,principal
SKU_1461_NAV,2025-12-01,34,11762.01,36376.6,principal
SKU_1461_PRI,2025-12-01,23,7956.65,24607.7,principal
SKU_1462_MID,2025-12-01,68,6632.57,24813.2,principal
SKU_1462_OFF,2025-12-01,43,4194.12,15690.7,principal
SKU_1463_LIG,2025-12-01,61,5184.23,15853.9,principal
SKU_1463_DUS,2025-12-01,15,1274.81,3898.5,principal
SKU_1464_MOS,2025-12-01,30,2623.62,6897.0,principal
SKU_1464_BIR,2025-12-01,41,3585.61,9425.9,principal
SKU_1465_CLE,2025-12-01,47,5626.48,14800.3,principal
SKU_1465_OFF,2025-12-01,47,5626.48,14800.3,principal
SKU_1466_PRI,2025-12-01,20,1777.02,5398.0,principal
SKU_1466_SAP,2025-12-01,55,4886.81,14844.5,principal
SKU_1467_OLI,2025-12-01,74,4821.71,15162.6,principal
SKU_1467_FUC,2025-12-01,53,3453.38,10859.7,principal
SKU_1468_BAB,2025-12-01,0,0.0,0.0,principal
SKU_1468_MYS,2025-12-01,21,3683.33,11127.9,principal
SKU_1469_ARM,2025-12-01,49,4595.13,14450.1,principal
SKU_1469_SAL,2025-12-01,47,4407.58,13860.3,principal
SKU_1470_WHI,2025-12-01,0,0.0,0.0,principal
SKU_1470_MAR,2025-12-01,17,5072.85,15638.3,principal
SKU_1471_ROS,2025-12-01,60,3322.7,12294.0,principal
SKU_1471_LIG,2025-12-01,0,0.0,0.0,principal
SKU_1472_EME,2025-12-01,45,6660.83,21145.5,principal
SKU_1472_MYS,2025-12-01,51,7548.94,23964.9,principal
SKU_1473_BLU,2025-12-01,32,1538.79,5756.8,principal
SKU_1473_BAB,2025-12-01,60,2885.24,10794.0,principal
SKU_1474_BRI,2025-12-01,0,0.0,0.0,principal
SKU_1474_DEN,2025-12-01,37,12823.73,39216.3,principal
SKU_1475_VAN,2025-12-01,54,5133.35,13494.6,principal
SKU_1475_MIN,2025-12-01,33,3137.04,8246.7,principal
SKU_1476_WHI,2025-12-01,58,5248.83,15944.2,principal
SKU_1476_CLO,2025-12-01,22,1990.94,6047.8,principal
SKU_1477_CLE,2025-12-01,30,2233.26,6747.0,principal
SKU_1477_EME,2025-12-01,45,3349.89,10120.5,principal
SKU_1478_TEA,2025-12-01,39,2502.28,7601.1,principal
SKU_1478_COB,2025-12-01,58,3721.34,11304.2,principal
SKU_1479_MIN,2025-12-01,42,7714.22,23305.8,principal
SKU_1479_FUC,2025-12-01,25,4591.8,13872.5,principal
SKU_1480_SNO,2025-12-01,30,3673.11,11097.0,principal
SKU_1480_MEX,2025-12-01,25,3060.92,9247.5,principal
SKU_1481_BLA,2025-12-01,42,10344.54,34015.8,principal
SKU_1481_TEA,2025-12-01,25,6157.47,20247.5,principal
SKU_1482_MOS,2025-12-01,50,6210.36,22245.0,principal
SKU_1482_SHO,2025-12-01,31,3850.42,13791.9,principal
SKU_1483_WHI,2025-12-01,30,2868.54,9747.0,principal
SKU_1483_POW,2025-12-01,36,3442.25,11696.4,principal
SKU_1484_MOS,2025-12-01,24,3278.17,11037.6,principal
SKU_1484_EGR,2025-12-01,61,8332.01,28053.9,principal
SKU_1485_PAS,2025-12-01,66,17219.85,43883.4,principal
SKU_1485_CER,2025-12-01,29,7566.3,19282.1,principal
SKU_1486_OLI,2025-12-01,0,0.0,0.0,principal
SKU_1486_PAL,2025-12-01,65,6237.2,18843.5,principal
SKU_1487_BRI,2025-12-01,0,0.0,0.0,principal
SKU_1487_CLE,2025-12-01,29,3088.45,9712.1,principal
SKU_1488_IVO,2025-12-01,18,1945.59,6118.2,principal
SKU_1488_PEA,2025-12-01,0,0.0,0.0,principal
SKU_1489_TEA,2025-12-01,64,7793.35,23673.6,principal
SKU_1489_IVO,2025-12-01,55,6697.41,20344.5,principal
SKU_1490_EME,2025-12-01,52,5420.06,16374.8,principal
SKU_1490_VAN,2025-12-01,59,6149.68,18579.1,principal
SKU_1491_GAR,2025-12-01,33,1382.92,4451.7,principal
SKU_1491_CER,2025-12-01,61,2556.31,8228.9,principal
SKU_1492_SKY,2025-12-01,54,6355.18,20244.6,principal
SKU_1492_BIR,2025-12-01,22,2589.15,8247.8,principal
SKU_1493_PEA,2025-12-01,23,2028.19,7587.7,principal
SKU_1493_CLO,2025-12-01,77,6790.03,25402.3,principal
SKU_1494_EGR,2025-12-01,70,24073.93,75943.0,principal
SKU_1494_HOT,2025-12-01,18,6190.44,19528.2,principal
SKU_1495_FUC,2025-12-01,0,0.0,0.0,principal
SKU_1495_BLA,2025-12-01,24,2821.83,7917.6,principal
SKU_1496_PAS,2025-12-01,50,18680.45,56745.0,principal
SKU_1496_PEA,2025-12-01,0,0.0,0.0,principal
SKU_1497_FUC,2025-12-01,32,1428.86,4316.8,principal
SKU_1497_VAN,2025-12-01,36,1607.47,4856.4,principal
SKU_1498_OLI,2025-12-01,71,7987.99,24132.9,principal
SKU_1498_LIG,2025-12-01,0,0.0,0.0,principal
SKU_1499_HOT,2025-12-01,28,2314.15,7277.2,principal
SKU_1499_RAS,2025-12-01,50,4132.41,12995.0,principal
SKU_1500_MOS,2025-12-01,55,4705.75,14294.5,principal
SKU_1500_PAS,2025-12-01,60,5133.54,15594.0,principal
SKU_1501_OLI,2025-12-01,34,1912.05,5776.6,principal
SKU_1501_SAL,2025-12-01,21,1180.97,3567.9,principal
SKU_1502_PEA,2025-12-01,22,1520.18,4617.8,principal
SKU_1502_VAN,2025-12-01,46,3178.56,9655.4,principal
SKU_1503_VAN,2025-12-01,30,2270.49,6897.0,principal
SKU_1503_CER,2025-12-01,44,3330.06,10115.6,principal
SKU_1504_EME,2025-12-01,17,1912.62,5778.3,principal
SKU_1504_NAV,2025-12-01,35,3937.74,11896.5,principal
SKU_1505_BLU,2025-12-01,68,5287.13,15973.2,principal
SKU_1505_SNO,2025-12-01,27,2099.3,6342.3,principal
SKU_1506_PAL,2025-12-01,47,3436.09,10805.3,principal
SKU_1506_BRI,2025-12-01,0,0.0,0.0,principal
SKU_1507_PAS,2025-12-01,57,3394.17,10254.3,principal
SKU_1507_FLA,2025-12-01,0,0.0,0.0,principal
SKU_1508_LIM,2025-12-01,69,4767.84,14483.1,principal
SKU_1508_DEE,2025-12-01,33,2280.27,6926.7,principal
SKU_1509_HOT,2025-12-01,37,3917.82,11836.3,principal
SKU_1509_MAG,2025-12-01,0,0.0,0.0,principal
SKU_1510_SNO,2025-12-01,44,11681.92,36735.6,principal
SKU_1510_ROS,2025-12-01,33,8761.44,27551.7,principal
SKU_1511_CLE,2025-12-01,28,8324.35,26177.2,principal
SKU_1511_SKY,2025-12-01,69,20513.58,64508.1,principal
SKU_1512_TEA,2025-12-01,43,3067.45,9670.7,principal
SKU_1512_MYS,2025-12-01,59,4208.83,13269.1,principal
SKU_1513_PAS,2025-12-01,44,2555.57,9455.6,principal
SKU_1513_RAS,2025-12-01,44,2555.57,9455.6,principal
SKU_1514_PEA,2025-12-01,52,12700.46,43154.8,principal
SKU_1514_SPA,2025-12-01,40,9769.58,33196.0,principal
SKU_1515_SEA,2025-12-01,38,2421.83,7406.2,principal
SKU_1515_AQU,2025-12-01,27,1720.77,5262.3,principal
SKU_1516_CRE,2025-12-01,29,3859.96,10147.1,principal
SKU_1516_EME,2025-12-01,26,3460.65,9097.4,principal
SKU_1517_FOR,2025-12-01,32,14596.93,38396.8,principal
SKU_1517_ROS,2025-12-01,44,20070.78,52795.6,principal
SKU_1518_CLE,2025-12-01,66,4930.08,15503.4,principal
SKU_1518_LIM,2025-12-01,54,4033.7,12684.6,principal
SKU_1519_BLU,2025-12-01,49,9815.1,30865.1,principal
SKU_1519_TEA,2025-12-01,59,11818.18,37164.1,principal
SKU_1520_GAR,2025-12-01,63,4664.34,14168.7,principal
SKU_1520_ROY,2025-12-01,48,3553.78,10795.2,principal
SKU_1521_MOS,2025-12-01,24,1449.32,4557.6,principal
SKU_1521_FRE,2025-12-01,0,0.0,0.0,principal
SKU_1522_MOS,2025-12-01,54,2211.77,8094.6,principal
SKU_1522_BIR,2025-12-01,62,2539.44,9293.8,principal
SKU_1523_HOT,2025-12-01,40,4142.05,14996.0,principal
SKU_1523_CRE,2025-12-01,54,5591.76,20244.6,principal
SKU_1524_BLU,2025-12-01,0,0.0,0.0,principal
SKU_1524_DEN,2025-12-01,21,2286.09,7767.9,principal
SKU_1525_MYS,2025-12-01,35,3216.44,10146.5,principal
SKU_1525_OLI,2025-12-01,0,0.0,0.0,principal
SKU_1526_FOR,2025-12-01,26,1574.36,4417.4,principal
SKU_1527_FUC,2025-12-01,50,14976.95,45495.0,principal
SKU_1527_TEA,2025-12-01,59,17672.81,53684.1,principal
SKU_1528_PAS,2025-12-01,63,4481.31,13538.7,principal
SKU_1528_DEN,2025-12-01,76,5406.02,16332.4,principal
SKU_1529_HUN,2025-12-01,55,4434.16,13469.5,principal
SKU_1529_MIN,2025-12-01,62,4998.51,15183.8,principal
SKU_1530_HON,2025-12-01,37,1582.23,4806.3,principal
SKU_1530_PEA,2025-12-01,42,1796.05,5455.8,principal
SKU_1531_TEA,2025-12-01,50,9100.84,27495.0,principal
SKU_1531_SNO,2025-12-01,59,10739.0,32444.1,principal
SKU_1532_BRI,2025-12-01,49,13404.86,48015.1,principal
SKU_1532_EME,2025-12-01,45,12310.58,44095.5,principal
SKU_1533_CER,2025-12-01,63,3128.56,10388.7,principal
SKU_1533_DUS,2025-12-01,76,3774.13,12532.4,principal
SKU_1534_MYS,2025-12-01,61,3588.66,12193.9,principal
SKU_1534_HUN,2025-12-01,20,1176.61,3998.0,principal
SKU_1535_NAV,2025-12-01,32,3092.91,9756.8,principal
SKU_1535_MOS,2025-12-01,49,4736.01,14940.1,principal
SKU_1536_MOS,2025-12-01,47,5777.35,16210.3,principal
SKU_1536_FRE,2025-12-01,33,4056.44,11381.7,principal
SKU_1537_SAP,2025-12-01,59,4977.94,15039.1,principal
SKU_1537_BLA,2025-12-01,23,1940.55,5862.7,principal
SKU_1538_MAG,2025-12-01,51,3543.32,10704.9,principal
SKU_1538_PAS,2025-12-01,0,0.0,0.0,principal
SKU_1539_BLA,2025-12-01,19,2114.1,6648.1,principal
SKU_1539_PEA,2025-12-01,50,5563.41,17495.0,principal
SKU_1540_BAL,2025-12-01,0,0.0,0.0,principal
SKU_1540_MAG,2025-12-01,33,1782.93,5606.7,principal
SKU_1541_AQU,2025-12-01,0,0.0,0.0,principal
SKU_1541_POW,2025-12-01,63,13520.95,42518.7,principal
SKU_1542_DEE,2025-12-01,43,6651.72,20205.7,principal
SKU_1542_PEA,2025-12-01,70,10828.38,32893.0,principal
SKU_1543_BAB,2025-12-01,70,16358.87,51443.0,principal
SKU_1543_FLA,2025-12-01,47,10983.82,34540.3,principal
SKU_1544_OLI,2025-12-01,56,3559.82,11194.4,principal
SKU_1544_PEA,2025-12-01,39,2479.16,7796.1,principal
SKU_1545_TEA,2025-12-01,49,4049.76,12735.1,principal
SKU_1545_HOT,2025-12-01,71,5868.02,18452.9,principal
SKU_1546_PAS,2025-12-01,37,2057.87,6471.3,principal
SKU_1546_IVO,2025-12-01,25,1390.45,4372.5,principal
SKU_1547_IVO,2025-12-01,43,4695.47,14185.7,principal
SKU_1547_FUC,2025-12-01,21,2293.13,6927.9,principal
SKU_1548_HOT,2025-12-01,52,8173.98,24694.8,principal
SKU_1548_CLO,2025-12-01,59,9274.32,28019.1,principal
SKU_1549_BAL,2025-12-01,55,3233.9,10169.5,principal
SKU_1549_PAS,2025-12-01,21,1234.76,3882.9,principal
SKU_1550_PAL,2025-12-01,47,2551.4,7750.3,principal
SKU_1550_IVO,2025-12-01,35,1899.98,5771.5,principal
SKU_1551_DUS,2025-12-01,44,3202.62,9675.6,principal
SKU_1551_ROS,2025-12-01,54,3930.49,11874.6,principal
SKU_1552_CLE,2025-12-01,18,3910.3,11878.2,principal
SKU_1552_SAP,2025-12-01,0,0.0,0.0,principal
SKU_1553_DEN,2025-12-01,43,3440.78,10960.7,principal
SKU_1553_HOT,2025-12-01,43,3440.78,10960.7,principal
SKU_1554_PIS,2025-12-01,60,17888.66,62094.0,principal
SKU_1554_SKY,2025-12-01,46,13714.64,47605.4,principal
SKU_1555_FUC,2025-12-01,29,1571.18,5507.1,principal
SKU_1555_RAS,2025-12-01,21,1137.75,3987.9,principal
SKU_1556_SAL,2025-12-01,20,1217.11,4098.0,principal
SKU_1556_HUN,2025-12-01,68,4138.16,13933.2,principal
SKU_1557_TUR,2025-12-01,60,4314.24,11994.0,principal
SKU_1557_SAG,2025-12-01,43,3091.87,8595.7,principal
SKU_1558_CLE,2025-12-01,27,3388.34,8907.3,principal
SKU_1558_MEX,2025-12-01,0,0.0,0.0,principal
SKU_1559_BLU,2025-12-01,37,17141.41,44396.3,principal
SKU_1559_SKY,2025-12-01,0,0.0,0.0,principal
SKU_1560_PAL,2025-12-01,0,0.0,0.0,principal
SKU_1560_CRE,2025-12-01,22,1628.82,4947.8,principal
SKU_1561_LIM,2025-12-01,46,5157.93,16095.4,principal
SKU_1561_VAN,2025-12-01,44,4933.67,15395.6,principal
SKU_1562_CLO,2025-12-01,41,3955.27,12705.9,principal
SKU_1562_BLU,2025-12-01,0,0.0,0.0,principal
SKU_1563_WHI,2025-12-01,23,921.57,3447.7,principal
SKU_1563_MEX,2025-12-01,23,921.57,3447.7,principal
SKU_1564_BLA,2025-12-01,56,10471.9,33034.4,principal
SKU_1564_NAV,2025-12-01,18,3365.97,10618.2,principal
SKU_1565_LIG,2025-12-01,32,4519.19,11516.8,principal
SKU_1565_BAB,2025-12-01,48,6778.79,17275.2,principal
SKU_1566_PEA,2025-12-01,56,22031.94,57954.4,principal
SKU_1566_POW,2025-12-01,67,26359.65,69338.3,principal
SKU_1567_PRI,2025-12-01,68,15443.83,46913.2,principal
SKU_1567_POW,2025-12-01,78,17714.98,53812.2,principal
SKU_1568_FRE,2025-12-01,64,4780.68,15033.6,principal
SKU_1568_PIN,2025-12-01,50,3734.91,11745.0,principal
SKU_1569_WHI,2025-12-01,55,3846.05,12094.5,principal
SKU_1569_PAS,2025-12-01,18,1258.71,3958.2,principal
SKU_1570_MEX,2025-12-01,41,9320.87,29310.9,principal
SKU_1570_HON,2025-12-01,0,0.0,0.0,principal
SKU_1571_WHI,2025-12-01,36,2611.16,8996.4,principal
SKU_1571_BIR,2025-12-01,50,3626.61,12495.0,principal
SKU_1572_BAL,2025-12-01,27,1101.49,3777.3,principal
SKU_1572_MAR,2025-12-01,0,0.0,0.0,principal
SKU_1573_MIN,2025-12-01,70,21113.96,71743.0,principal
SKU_1573_SAG,2025-12-01,0,0.0,0.0,principal
SKU_1574_GAR,2025-12-01,46,8264.14,27825.4,principal
SKU_1574_COB,2025-12-01,66,11857.25,39923.4,principal
SKU_1575_JAD,2025-12-01,27,8883.21,23352.3,principal
SKU_1575_AQU,2025-12-01,40,13160.32,34596.0,principal
SKU_1576_AQU,2025-12-01,65,5240.37,15918.5,principal
SKU_1576_BLU,2025-12-01,21,1693.04,5142.9,principal
SKU_1577_FLA,2025-12-01,0,0.0,0.0,principal
SKU_1577_HUN,2025-12-01,34,1728.84,5436.6,principal
SKU_1578_PAS,2025-12-01,67,2754.84,8368.3,principal
SKU_1578_TEA,2025-12-01,0,0.0,0.0,principal
SKU_1579_DEN,2025-12-01,63,4768.03,14483.7,principal
SKU_1579_SAG,2025-12-01,62,4692.35,14253.8,principal
SKU_1580_WHI,2025-12-01,38,2294.75,7216.2,principal
SKU_1580_MOS,2025-12-01,50,3019.41,9495.0,principal
SKU_1581_BIR,2025-12-01,70,16411.93,59843.0,principal
SKU_1581_COB,2025-12-01,59,13832.91,50439.1,principal
SKU_1582_WHI,2025-12-01,63,4246.06,14483.7,principal
SKU_1582_PAS,2025-12-01,30,2021.94,6897.0,principal
SKU_1583_WHI,2025-12-01,63,4292.49,16058.7,principal
SKU_1583_BLU,2025-12-01,47,3202.33,11980.3,principal
SKU_1584_AQU,2025-12-01,0,0.0,0.0,principal
SKU_1584_FLA,2025-12-01,27,1632.48,4992.3,principal
SKU_1585_COR,2025-12-01,30,3765.86,9597.0,principal
SKU_1585_BLA,2025-12-01,18,2259.52,5758.2,principal
SKU_1586_JAD,2025-12-01,39,4520.52,11891.1,principal
SKU_1586_EGR,2025-12-01,53,6143.27,16159.7,principal
SKU_1587_DEE,2025-12-01,0,0.0,0.0,principal
SKU_1587_LIG,2025-12-01,50,3655.41,11495.0,principal
SKU_1588_PAS,2025-12-01,39,6075.74,19106.1,principal
SKU_1588_CRE,2025-12-01,48,7477.83,23515.2,principal
SKU_1589_TUR,2025-12-01,36,8101.69,24476.4,principal
SKU_1589_CER,2025-12-01,24,5401.13,16317.6,principal
SKU_1590_MYS,2025-12-01,59,3688.39,11204.1,principal
SKU_1590_HOT,2025-12-01,42,2625.63,7975.8,principal
SKU_1591_HON,2025-12-01,0,0.0,0.0,principal
SKU_1591_MYS,2025-12-01,50,14149.41,44495.0,principal
SKU_1592_CER,2025-12-01,30,2002.45,6297.0,principal
SKU_1592_SAG,2025-12-01,50,3337.41,10495.0,principal
SKU_1593_LIG,2025-12-01,68,3261.41,9853.2,principal
SKU_1593_FUC,2025-12-01,44,2110.32,6375.6,principal
SKU_1594_BAL,2025-12-01,40,6582.68,19996.0,principal
SKU_1594_WHI,2025-12-01,31,5101.58,15496.9,principal
SKU_1595_FLA,2025-12-01,75,7445.02,22492.5,principal
SKU_1595_MYS,2025-12-01,18,1786.8,5398.2,principal
SKU_1596_BIR,2025-12-01,29,2624.42,7972.1,principal
SKU_1596_CER,2025-12-01,31,2805.41,8521.9,principal
SKU_1597_SHO,2025-12-01,43,7245.85,22785.7,principal
SKU_1597_FLA,2025-12-01,57,9604.97,30204.3,principal
SKU_1598_NAV,2025-12-01,53,8256.77,25964.7,principal
SKU_1598_DUS,2025-12-01,21,3271.55,10287.9,principal
SKU_1599_WHI,2025-12-01,30,4640.73,14097.0,principal
SKU_1599_CER,2025-12-01,28,4331.35,13157.2,principal
SKU_1600_LIG,2025-12-01,32,4160.03,12636.8,principal
SKU_1600_SHO,2025-12-01,0,0.0,0.0,principal
SKU_1601_EME,2025-12-01,68,16541.13,49973.2,principal
SKU_1601_AQU,2025-12-01,21,5108.29,15432.9,principal
SKU_1602_AQU,2025-12-01,40,2724.19,9196.0,principal
SKU_1602_PAS,2025-12-01,21,1430.2,4827.9,principal
SKU_1603_BUB,2025-12-01,19,3937.81,14153.1,principal
SKU_1603_PEA,2025-12-01,0,0.0,0.0,principal
SKU_1604_CLE,2025-12-01,70,11318.28,42343.0,principal
SKU_1604_SNO,2025-12-01,31,5012.38,18751.9,principal
SKU_1605_VAN,2025-12-01,0,0.0,0.0,principal
SKU_1605_COR,2025-12-01,30,1959.31,6597.0,principal
SKU_1606_COB,2025-12-01,33,12759.73,35801.7,principal
SKU_1606_SEA,2025-12-01,23,8893.14,24952.7,principal
SKU_1607_GAR,2025-12-01,38,3772.14,11396.2,principal
SKU_1607_MAR,2025-12-01,20,1985.34,5998.0,principal
SKU_1608_WHI,2025-12-01,0,0.0,0.0,principal
SKU_1608_MID,2025-12-01,50,5018.65,15245.0,principal
SKU_1609_LIM,2025-12-01,0,0.0,0.0,principal
SKU_1609_SAP,2025-12-01,20,1716.56,5398.0,principal
SKU_1610_PRI,2025-12-01,48,2921.72,8875.2,principal
SKU_1610_MEX,2025-12-01,47,2860.85,8690.3,principal
SKU_1611_MID,2025-12-01,35,2533.69,7696.5,principal
SKU_1611_BRI,2025-12-01,18,1303.04,3958.2,principal
SKU_1612_PAL,2025-12-01,65,6613.74,21443.5,principal
SKU_1612_SNO,2025-12-01,32,3256.0,10556.8,principal
SKU_1613_BIR,2025-12-01,58,3122.7,11014.2,principal
SKU_1613_AQU,2025-12-01,65,3499.58,12343.5,principal
SKU_1614_VAN,2025-12-01,45,5711.85,20020.5,principal
SKU_1614_IVO,2025-12-01,49,6219.57,21800.1,principal
SKU_1615_MOS,2025-12-01,29,4273.83,13482.1,principal
SKU_1615_SHO,2025-12-01,19,2800.09,8833.1,principal
SKU_1616_SER,2025-12-01,0,0.0,0.0,principal
SKU_1616_COR,2025-12-01,70,27291.04,71743.0,principal
SKU_1617_DEN,2025-12-01,0,0.0,0.0,principal
SKU_1617_MIN,2025-12-01,48,3009.04,7915.2,principal
SKU_1618_SAL,2025-12-01,41,2441.42,7375.9,principal
SKU_1618_SAP,2025-12-01,57,3394.17,10254.3,principal
SKU_1619_IVO,2025-12-01,69,4540.69,13793.1,principal
SKU_1619_PAS,2025-12-01,25,1645.18,4997.5,principal
SKU_1620_SAG,2025-12-01,34,2981.18,9006.6,principal
SKU_1620_BLU,2025-12-01,0,0.0,0.0,principal
SKU_1621_PAS,2025-12-01,78,6064.65,18322.2,principal
SKU_1621_FUC,2025-12-01,0,0.0,0.0,principal
SKU_1622_VAN,2025-12-01,29,2378.72,7827.1,principal
SKU_1622_CLO,2025-12-01,27,2214.67,7287.3,principal
SKU_1623_EGR,2025-12-01,0,0.0,0.0,principal
SKU_1623_SER,2025-12-01,29,7590.05,26532.1,principal
SKU_1624_PRI,2025-12-01,59,3644.64,12384.1,principal
SKU_1624_ARM,2025-12-01,66,4077.06,13853.4,principal
SKU_1625_GAR,2025-12-01,26,1688.79,5327.4,principal
SKU_1625_DUS,2025-12-01,55,3572.43,11269.5,principal
SKU_1626_BAB,2025-12-01,57,11706.54,30774.3,principal
SKU_1626_DEN,2025-12-01,34,6982.85,18356.6,principal
SKU_1627_BAB,2025-12-01,59,6442.62,19464.1,principal
SKU_1627_MOS,2025-12-01,45,4913.86,14845.5,principal
SKU_1628_PEA,2025-12-01,0,0.0,0.0,principal
SKU_1628_POW,2025-12-01,64,11585.73,35193.6,principal
SKU_1629_CLO,2025-12-01,37,2999.15,9431.3,principal
SKU_1629_ARM,2025-12-01,37,2999.15,9431.3,principal
SKU_1630_LIM,2025-12-01,0,0.0,0.0,principal
SKU_1630_SNO,2025-12-01,23,2549.59,7702.7,principal
SKU_1631_BAL,2025-12-01,37,2116.7,6656.3,principal
SKU_1631_SNO,2025-12-01,18,1029.75,3238.2,principal
SKU_1632_SAP,2025-12-01,71,4345.33,13127.9,principal
SKU_1632_SPA,2025-12-01,32,1958.46,5916.8,principal
SKU_1633_SER,2025-12-01,24,1792.76,5637.6,principal
SKU_1633_DEN,2025-12-01,53,3959.0,12449.7,principal
SKU_1634_NAV,2025-12-01,0,0.0,0.0,principal
SKU_1634_SAP,2025-12-01,0,0.0,0.0,principal
SKU_1635_TEA,2025-12-01,33,6347.82,19961.7,principal
SKU_1635_SAG,2025-12-01,58,11156.78,35084.2,principal
SKU_1636_LIG,2025-12-01,37,5358.16,16276.3,principal
SKU_1636_SHO,2025-12-01,45,6516.68,19795.5,principal
SKU_1637_BLU,2025-12-01,27,7898.26,24837.3,principal
SKU_1637_WHI,2025-12-01,16,4680.45,14718.4,principal
SKU_1638_PEA,2025-12-01,38,13774.55,43316.2,principal
SKU_1638_SAP,2025-12-01,19,6887.28,21658.1,principal
SKU_1639_FRE,2025-12-01,20,1207.76,3798.0,principal
SKU_1639_WHI,2025-12-01,46,2777.86,8735.4,principal
SKU_1640_IVO,2025-12-01,0,0.0,0.0,principal
SKU_1640_TEA,2025-12-01,31,2244.12,6816.9,principal
SKU_1641_MEX,2025-12-01,57,5889.14,18519.3,principal
SKU_1641_SER,2025-12-01,0,0.0,0.0,principal
SKU_1642_OFF,2025-12-01,55,4094.3,12369.5,principal
SKU_1642_SAL,2025-12-01,55,4094.3,12369.5,principal
SKU_1643_PAS,2025-12-01,51,3511.61,11469.9,principal
SKU_1643_EGR,2025-12-01,0,0.0,0.0,principal
SKU_1644_BAB,2025-12-01,65,5978.05,20793.5,principal
SKU_1644_PEA,2025-12-01,54,4966.38,17274.6,principal
SKU_1645_MYS,2025-12-01,45,5134.12,17995.5,principal
SKU_1645_MIN,2025-12-01,50,5704.57,19995.0,principal
SKU_1646_BLU,2025-12-01,26,1688.79,5327.4,principal
SKU_1646_CLE,2025-12-01,27,1753.74,5532.3,principal
SKU_1647_BLA,2025-12-01,48,5330.18,16315.2,principal
SKU_1647_ARM,2025-12-01,40,4441.81,13596.0,principal
SKU_1648_RAS,2025-12-01,26,6485.55,18197.4,principal
SKU_1648_FLA,2025-12-01,0,0.0,0.0,principal
SKU_1649_FLA,2025-12-01,65,5026.39,15268.5,principal
SKU_1649_GAR,2025-12-01,65,5026.39,15268.5,principal
SKU_1650_OLI,2025-12-01,44,14060.56,44215.6,principal
SKU_1650_EGR,2025-12-01,26,8308.51,26127.4,principal
SKU_1651_PAS,2025-12-01,0,0.0,0.0,principal
SKU_1651_SAL,2025-12-01,0,0.0,0.0,principal
SKU_1652_TEA,2025-12-01,61,4124.64,13413.9,principal
SKU_1652_MOS,2025-12-01,22,1487.58,4837.8,principal
SKU_1653_ROS,2025-12-01,69,7932.03,24833.1,principal
SKU_1653_BAB,2025-12-01,41,4713.24,14755.9,principal
SKU_1654_CRE,2025-12-01,28,2538.87,8677.2,principal
SKU_1654_NAV,2025-12-01,42,3808.31,13015.8,principal
SKU_1655_SNO,2025-12-01,55,11468.71,35469.5,principal
SKU_1655_TEA,2025-12-01,17,3544.87,10963.3,principal
SKU_1656_FUC,2025-12-01,0,0.0,0.0,principal
SKU_1656_SNO,2025-12-01,57,4840.94,13389.3,principal
SKU_1657_SPA,2025-12-01,49,3734.68,10530.1,principal
SKU_1657_EME,2025-12-01,22,1676.8,4727.8,principal
SKU_1658_BAB,2025-12-01,24,8044.79,21117.6,principal
SKU_1658_MYS,2025-12-01,27,9050.39,23757.3,principal
SKU_1659_MOS,2025-12-01,69,23407.69,70718.1,principal
SKU_1659_SNO,2025-12-01,64,21711.48,65593.6,principal
SKU_1660_NAV,2025-12-01,53,5494.25,16689.7,principal
SKU_1660_MAG,2025-12-01,57,5908.91,17949.3,principal
SKU_1661_WHI,2025-12-01,28,9174.39,27717.2,principal
SKU_1661_CER,2025-12-01,40,13106.28,39596.0,principal
SKU_1662_PIS,2025-12-01,49,3039.84,9795.1,principal
SKU_1662_LIG,2025-12-01,49,3039.84,9795.1,principal
SKU_1663_SNO,2025-12-01,34,8678.62,27026.6,principal
SKU_1663_FLA,2025-12-01,48,12252.17,38155.2,principal
SKU_1664_PIN,2025-12-01,74,7368.24,24412.6,principal
SKU_1664_MIN,2025-12-01,18,1792.27,5938.2,principal
SKU_1665_SAG,2025-12-01,0,0.0,0.0,principal
SKU_1665_RAS,2025-12-01,70,5179.83,17493.0,principal
SKU_1666_FUC,2025-12-01,63,17673.45,50393.7,principal
SKU_1666_PAS,2025-12-01,50,14026.55,39995.0,principal
SKU_1667_LIG,2025-12-01,26,1986.04,5457.4,principal
SKU_1667_MID,2025-12-01,64,4888.7,13433.6,principal
SKU_1668_DEN,2025-12-01,61,6385.52,16463.9,principal
SKU_1668_VAN,2025-12-01,0,0.0,0.0,principal
SKU_1669_COR,2025-12-01,23,1773.81,4597.7,principal
SKU_1669_TEA,2025-12-01,56,4318.83,11194.4,principal
SKU_1670_SAP,2025-12-01,74,3549.18,10722.6,principal
SKU_1670_PEA,2025-12-01,0,0.0,0.0,principal
SKU_1671_SEA,2025-12-01,33,3485.04,11546.7,principal
SKU_1671_MIN,2025-12-01,65,6864.47,22743.5,principal
SKU_1672_TEA,2025-12-01,30,2796.09,8847.0,principal
SKU_1672_FOR,2025-12-01,24,2236.87,7077.6,principal
SKU_1673_PEA,2025-12-01,60,8361.53,24594.0,principal
SKU_1673_FUC,2025-12-01,60,8361.53,24594.0,principal
SKU_1674_PAS,2025-12-01,46,3848.56,10575.4,principal
SKU_1674_WHI,2025-12-01,36,3011.91,8276.4,principal
SKU_1675_CRE,2025-12-01,26,6582.73,19887.4,principal
SKU_1675_DEN,2025-12-01,26,6582.73,19887.4,principal
SKU_1676_PIN,2025-12-01,24,1342.35,4077.6,principal
SKU_1676_NAV,2025-12-01,39,2181.31,6626.1,principal
SKU_1677_POW,2025-12-01,35,7734.89,19946.5,principal
SKU_1677_VAN,2025-12-01,56,12375.82,31914.4,principal
SKU_1678_LIG,2025-12-01,50,13185.97,35745.0,principal
SKU_1678_MAG,2025-12-01,56,14768.29,40034.4,principal
SKU_1679_SHO,2025-12-01,56,19290.29,51514.4,principal
SKU_1679_GAR,2025-12-01,0,0.0,0.0,principal
SKU_1680_NAV,2025-12-01,179,19842.49,59947.1,principal
SKU_1680_SEA,2025-12-01,240,26604.46,80376.0,principal
SKU_1681_OFF,2025-12-01,215,16625.75,50503.5,principal
SKU_1681_PIS,2025-12-01,182,14073.89,42751.8,principal
SKU_1682_OLI,2025-12-01,229,21042.72,53792.1,principal
SKU_1682_BIR,2025-12-01,172,15805.01,40402.8,principal
SKU_1683_PAL,2025-12-01,197,24613.14,62035.3,principal
SKU_1683_SHO,2025-12-01,229,28611.21,72112.1,principal
SKU_1684_HON,2025-12-01,198,12117.98,36610.2,principal
SKU_1684_SHO,2025-12-01,169,10343.12,31248.1,principal
SKU_1685_COB,2025-12-01,184,40495.07,122341.6,principal
SKU_1685_BIR,2025-12-01,0,0.0,0.0,principal
SKU_1686_MOS,2025-12-01,191,12868.42,41045.9,principal
SKU_1686_SKY,2025-12-01,158,10645.08,33954.2,principal
SKU_1687_FOR,2025-12-01,7,1976.91,6299.3,principal
SKU_1687_WHI,2025-12-01,268,75687.39,241173.2,principal
SKU_1688_WHI,2025-12-01,237,29985.14,101886.3,principal
SKU_1688_LIG,2025-12-01,284,35931.56,122091.6,principal
SKU_1689_MAG,2025-12-01,184,58056.1,177541.6,principal
SKU_1689_IVO,2025-12-01,212,66890.73,204558.8,principal
SKU_1690_MAG,2025-12-01,150,28863.05,80985.0,principal
SKU_1690_MYS,2025-12-01,167,32134.2,90163.3,principal
SKU_1691_HUN,2025-12-01,136,13874.59,42146.4,principal
SKU_1691_ROS,2025-12-01,195,19893.72,60430.5,principal
SKU_1692_OLI,2025-12-01,242,17614.43,53215.8,principal
SKU_1692_BLU,2025-12-01,211,15358.04,46398.9,principal
SKU_1693_MEX,2025-12-01,282,19125.78,57781.8,principal
SKU_1693_FLA,2025-12-01,165,11190.61,33808.5,principal
SKU_1694_PIS,2025-12-01,175,16213.21,48982.5,principal
SKU_1694_SER,2025-12-01,226,20938.2,63257.4,principal
SKU_1695_CRE,2025-12-01,202,13483.14,42399.8,principal
SKU_1695_LIM,2025-12-01,144,9611.74,30225.6,principal
SKU_1696_SER,2025-12-01,206,17124.84,57659.4,principal
SKU_1696_SHO,2025-12-01,249,20699.44,69695.1,principal
SKU_1697_PIS,2025-12-01,192,12790.37,42220.8,principal
SKU_1697_MIN,2025-12-01,247,16454.28,54315.3,principal
SKU_1698_PRI,2025-12-01,0,0.0,0.0,principal
SKU_1698_SNO,2025-12-01,41,5066.64,17215.9,principal
SKU_1699_CLO,2025-12-01,228,24596.02,75217.2,principal
SKU_1699_COB,2025-12-01,235,25351.17,77526.5,principal
SKU_1700_HUN,2025-12-01,219,60146.33,153278.1,principal
SKU_1700_PIS,2025-12-01,193,53005.67,135080.7,principal
SKU_1701_SPA,2025-12-01,201,25972.49,68319.9,principal
SKU_1701_BLU,2025-12-01,193,24938.76,65600.7,principal
SKU_1702_LIG,2025-12-01,260,53348.59,161174.0,principal
SKU_1702_COR,2025-12-01,275,56426.4,170472.5,principal
SKU_1703_PAS,2025-12-01,173,14848.28,46692.7,principal
SKU_1703_BLU,2025-12-01,263,22572.82,70983.7,principal
SKU_1704_BAB,2025-12-01,176,18743.68,58942.4,principal
SKU_1704_PEA,2025-12-01,214,22790.61,71668.6,principal
SKU_1705_SER,2025-12-01,207,28085.12,84849.3,principal
SKU_1705_JAD,2025-12-01,230,31205.69,94277.0,principal
SKU_1706_BLA,2025-12-01,229,13735.19,42342.1,principal
SKU_1706_JAD,2025-12-01,208,12475.63,38459.2,principal
SKU_1707_ARM,2025-12-01,232,17550.47,64936.8,principal
SKU_1707_SAP,2025-12-01,44,3328.54,12315.6,principal
SKU_1708_FLA,2025-12-01,196,10489.63,33300.4,principal
SKU_1708_FRE,2025-12-01,190,10168.52,32281.0,principal
SKU_1709_CRE,2025-12-01,230,14207.92,48277.0,principal
SKU_1709_MAR,2025-12-01,248,15319.85,52055.2,principal
SKU_1710_OLI,2025-12-01,212,50994.54,171698.8,principal
SKU_1710_MEX,2025-12-01,194,46664.82,157120.6,principal
SKU_1711_VAN,2025-12-01,200,75691.99,198980.0,principal
SKU_1711_ARM,2025-12-01,204,77205.83,202959.6,principal
SKU_1712_NAV,2025-12-01,255,15184.46,45874.5,principal
SKU_1712_MOS,2025-12-01,240,14291.26,43176.0,principal
SKU_1713_SAL,2025-12-01,234,39106.52,118146.6,principal
SKU_1713_SNO,2025-12-01,255,42616.08,128749.5,principal
SKU_1714_DEE,2025-12-01,185,17937.27,56406.5,principal
SKU_1714_MID,2025-12-01,224,21718.64,68297.6,principal
SKU_1715_HON,2025-12-01,199,13915.71,43760.1,principal
SKU_1715_JAD,2025-12-01,0,0.0,0.0,principal
SKU_1716_AQU,2025-12-01,0,0.0,0.0,principal
SKU_1716_SAL,2025-12-01,161,8739.9,26548.9,principal
SKU_1717_MIN,2025-12-01,194,14864.5,50420.6,principal
SKU_1717_CRE,2025-12-01,145,11110.06,37685.5,principal
SKU_1718_DUS,2025-12-01,190,20942.33,70281.0,principal
SKU_1718_SEA,2025-12-01,0,0.0,0.0,principal
SKU_1719_OFF,2025-12-01,254,23181.94,81254.6,principal
SKU_1719_WHI,2025-12-01,208,18983.63,66539.2,principal
SKU_1720_PAL,2025-12-01,242,16164.46,54425.8,principal
SKU_1720_PAS,2025-12-01,220,14694.97,49478.0,principal
SKU_1721_COR,2025-12-01,177,28272.2,74322.3,principal
SKU_1721_FRE,2025-12-01,263,42008.98,110433.7,principal
SKU_1722_AQU,2025-12-01,269,28928.77,87398.1,principal
SKU_1722_PAS,2025-12-01,184,19787.71,59781.6,principal
SKU_1723_MOS,2025-12-01,148,21304.88,64365.2,principal
SKU_1723_COB,2025-12-01,175,25191.58,76107.5,principal
SKU_1724_PIN,2025-12-01,195,69134.95,217405.5,principal
SKU_1724_PEA,2025-12-01,247,87570.94,275380.3,principal
SKU_1725_BAB,2025-12-01,0,0.0,0.0,principal
SKU_1725_OFF,2025-12-01,179,13940.2,43837.1,principal
SKU_1726_PAS,2025-12-01,273,38635.8,117362.7,principal
SKU_1726_BUB,2025-12-01,186,26323.29,79961.4,principal
SKU_1727_LIG,2025-12-01,174,8116.78,26952.6,principal
SKU_1727_WHI,2025-12-01,175,8163.42,27107.5,principal
SKU_1728_MID,2025-12-01,199,20608.88,65650.1,principal
SKU_1728_EGR,2025-12-01,0,0.0,0.0,principal
SKU_1729_FUC,2025-12-01,142,7309.18,24835.8,principal
SKU_1729_CLE,2025-12-01,239,12302.06,41801.1,principal
SKU_1730_OFF,2025-12-01,240,22802.47,76776.0,principal
SKU_1730_MIN,2025-12-01,256,24322.64,81894.4,principal
SKU_1731_MIN,2025-12-01,0,0.0,0.0,principal
SKU_1731_ARM,2025-12-01,167,57803.04,151953.3,principal
SKU_1732_OFF,2025-12-01,34,12478.85,37906.6,principal
SKU_1732_WHI,2025-12-01,188,69000.72,209601.2,principal
SKU_1733_NAV,2025-12-01,260,30112.39,90974.0,principal
SKU_1733_SAG,2025-12-01,188,21773.58,65781.2,principal
SKU_1734_FRE,2025-12-01,251,27928.32,87824.9,principal
SKU_1734_BRI,2025-12-01,236,26259.3,82576.4,principal
SKU_1735_MOS,2025-12-01,277,24611.75,74762.3,principal
SKU_1735_COR,2025-12-01,234,20791.15,63156.6,principal
SKU_1736_PAS,2025-12-01,197,21070.54,64005.3,principal
SKU_1736_JAD,2025-12-01,180,19252.27,58482.0,principal
SKU_1737_SAG,2025-12-01,0,0.0,0.0,principal
SKU_1737_DEE,2025-12-01,237,60396.35,182466.3,principal
SKU_1738_BLU,2025-12-01,192,12386.28,37420.8,principal
SKU_1738_ROY,2025-12-01,200,12902.38,38980.0,principal
SKU_1739_AQU,2025-12-01,229,19216.1,58372.1,principal
SKU_1739_MOS,2025-12-01,169,14181.31,43078.1,principal
SKU_1740_FRE,2025-12-01,193,13653.8,41475.7,principal
SKU_1740_OLI,2025-12-01,238,16837.33,51146.2,principal
SKU_1741_PEA,2025-12-01,199,15716.04,47740.1,principal
SKU_1741_PIN,2025-12-01,184,14531.41,44141.6,principal
SKU_1742_DEN,2025-12-01,200,17205.38,51980.0,principal
SKU_1742_EME,2025-12-01,10,860.27,2599.0,principal
SKU_1743_DEE,2025-12-01,262,36650.71,115253.8,principal
SKU_1743_CLO,2025-12-01,0,0.0,0.0,principal
SKU_1744_LIG,2025-12-01,258,22498.91,68344.2,principal
SKU_1744_EME,2025-12-01,170,14824.86,45033.0,principal
SKU_1745_PEA,2025-12-01,241,32520.32,98785.9,principal
SKU_1745_FOR,2025-12-01,220,29686.6,90178.0,principal
SKU_1746_EME,2025-12-01,251,14864.99,45154.9,principal
SKU_1746_NAV,2025-12-01,230,13621.31,41377.0,principal
SKU_1747_FUC,2025-12-01,178,9900.04,31132.2,principal
SKU_1747_TEA,2025-12-01,0,0.0,0.0,principal
SKU_1748_BAB,2025-12-01,159,15151.29,49274.1,principal
SKU_1748_COB,2025-12-01,0,0.0,0.0,principal
SKU_1749_SNO,2025-12-01,133,13424.44,46536.7,principal
SKU_1749_BIR,2025-12-01,228,23013.33,79777.2,principal
SKU_1750_MIN,2025-12-01,162,16017.63,59923.8,principal
SKU_1750_SNO,2025-12-01,210,20763.6,77679.0,principal
SKU_1751_BLU,2025-12-01,206,20183.94,67959.4,principal
SKU_1751_MIN,2025-12-01,169,16558.67,55753.1,principal
SKU_1752_SNO,2025-12-01,208,31869.0,89419.2,principal
SKU_1752_SPA,2025-12-01,211,32328.65,90708.9,principal
SKU_1753_WHI,2025-12-01,152,45643.83,120064.8,principal
SKU_1753_PAL,2025-12-01,242,72669.79,191155.8,principal
SKU_1754_IVO,2025-12-01,0,0.0,0.0,principal
SKU_1754_SER,2025-12-01,198,22276.37,67300.2,principal
SKU_1755_BIR,2025-12-01,166,18301.35,55593.4,principal
SKU_1755_AQU,2025-12-01,240,26459.78,80376.0,principal
SKU_1756_FLA,2025-12-01,170,9725.39,30583.0,principal
SKU_1756_BUB,2025-12-01,0,0.0,0.0,principal
SKU_1757_PIN,2025-12-01,226,19037.83,59867.4,principal
SKU_1757_TUR,2025-12-01,176,14825.92,46622.4,principal
SKU_1758_CLO,2025-12-01,224,11010.92,40297.6,principal
SKU_1758_HON,2025-12-01,204,10027.8,36699.6,principal
SKU_1759_CLE,2025-12-01,209,17154.57,56409.1,principal
SKU_1759_COB,2025-12-01,218,17893.29,58838.2,principal
SKU_1760_PAS,2025-12-01,160,11767.29,39984.0,principal
SKU_1760_OFF,2025-12-01,224,16474.21,55977.6,principal
SKU_1761_MOS,2025-12-01,256,89664.84,282854.4,principal
SKU_1761_SAP,2025-12-01,183,64096.35,202196.7,principal
SKU_1762_DEN,2025-12-01,0,0.0,0.0,principal
SKU_1762_BRI,2025-12-01,215,19531.97,54803.5,principal
SKU_1763_MAR,2025-12-01,0,0.0,0.0,principal
SKU_1763_HOT,2025-12-01,159,15783.44,47684.1,principal
SKU_1764_FUC,2025-12-01,234,18095.0,54966.6,principal
SKU_1764_MAR,2025-12-01,214,16548.42,50268.6,principal
SKU_1765_MYS,2025-12-01,172,14215.49,44702.8,principal
SKU_1765_PAS,2025-12-01,155,12810.47,40284.5,principal
SKU_1766_CLE,2025-12-01,181,22729.65,71476.9,principal
SKU_1766_MYS,2025-12-01,257,32273.6,101489.3,principal
SKU_1767_PRI,2025-12-01,186,12119.43,38111.4,principal
SKU_1767_FUC,2025-12-01,0,0.0,0.0,principal
SKU_1768_PEA,2025-12-01,9,1675.87,5624.1,principal
SKU_1768_MIN,2025-12-01,203,37800.16,126854.7,principal
SKU_1769_WHI,2025-12-01,283,25942.76,91946.7,principal
SKU_1769_EME,2025-12-01,0,0.0,0.0,principal
SKU_1770_JAD,2025-12-01,208,13461.05,45739.2,principal
SKU_1770_DEE,2025-12-01,221,14302.36,48597.9,principal
SKU_1771_PIN,2025-12-01,228,19749.88,60397.2,principal
SKU_1771_EME,2025-12-01,193,16718.1,51125.7,principal
SKU_1772_BLU,2025-12-01,199,32398.55,82565.1,principal
SKU_1772_SNO,2025-12-01,0,0.0,0.0,principal
SKU_1773_OLI,2025-12-01,222,23744.47,72127.8,principal
SKU_1773_FRE,2025-12-01,211,22567.94,68553.9,principal
SKU_1774_COB,2025-12-01,0,0.0,0.0,principal
SKU_1774_MOS,2025-12-01,157,10229.84,32169.3,principal
SKU_1775_PAS,2025-12-01,172,15848.61,48142.8,principal
SKU_1775_PAL,2025-12-01,189,17415.04,52901.1,principal
SKU_1776_BIR,2025-12-01,0,0.0,0.0,principal
SKU_1776_PAS,2025-12-01,0,0.0,0.0,principal
SKU_1777_TUR,2025-12-01,0,0.0,0.0,principal
SKU_1777_FRE,2025-12-01,224,17088.56,53737.6,principal
SKU_1778_TEA,2025-12-01,0,0.0,0.0,principal
SKU_1778_MIN,2025-12-01,252,23764.08,71794.8,principal
SKU_1779_LIG,2025-12-01,215,15210.19,46203.5,principal
SKU_1779_MIN,2025-12-01,238,16837.33,51146.2,principal
SKU_1780_AQU,2025-12-01,227,25163.38,76022.3,principal
SKU_1780_LIG,2025-12-01,263,29154.05,88078.7,principal
SKU_1781_CLE,2025-12-01,166,6857.16,21563.4,principal
SKU_1781_AQU,2025-12-01,235,9707.43,30526.5,principal
SKU_1782_NAV,2025-12-01,0,0.0,0.0,principal
SKU_1782_HUN,2025-12-01,168,13896.44,41983.2,principal
SKU_1783_EGR,2025-12-01,0,0.0,0.0,principal
SKU_1783_BAB,2025-12-01,253,96536.75,303574.7,principal
SKU_1784_EGR,2025-12-01,255,26157.11,79024.5,principal
SKU_1784_BLA,2025-12-01,246,25233.92,76235.4,principal
SKU_1785_HUN,2025-12-01,247,19235.92,60490.3,principal
SKU_1785_PAS,2025-12-01,204,15887.15,49959.6,principal
SKU_1786_TEA,2025-12-01,0,0.0,0.0,principal
SKU_1786_POW,2025-12-01,190,11252.39,34181.0,principal
SKU_1787_BAB,2025-12-01,356,32819.0,103204.4,principal
SKU_1787_BAB,2025-12-01,356,32819.0,103204.4,principal
SKU_1788_EME,2025-12-01,169,13979.16,42233.1,principal
SKU_1788_MYS,2025-12-01,242,20017.49,60475.8,principal
SKU_1789_SNO,2025-12-01,220,18069.91,59378.0,principal
SKU_1789_EME,2025-12-01,218,17905.64,58838.2,principal
SKU_1790_EGR,2025-12-01,0,0.0,0.0,principal
SKU_1790_ROY,2025-12-01,164,12279.43,42623.6,principal
SKU_1791_ARM,2025-12-01,240,16993.86,63576.0,principal
SKU_1791_IVO,2025-12-01,234,16569.02,61986.6,principal
SKU_1792_MIN,2025-12-01,230,30049.57,101177.0,principal
SKU_1792_AQU,2025-12-01,193,25215.51,84900.7,principal
SKU_1793_WHI,2025-12-01,171,11323.3,32472.9,principal
SKU_1793_MIN,2025-12-01,0,0.0,0.0,principal
SKU_1794_FLA,2025-12-01,169,13493.97,35473.1,principal
SKU_1794_LIG,2025-12-01,178,14212.58,37362.2,principal
SKU_1795_RAS,2025-12-01,164,16191.24,49183.6,principal
SKU_1795_HUN,2025-12-01,195,19251.78,58480.5,principal
SKU_1796_OLI,2025-12-01,0,0.0,0.0,principal
SKU_1796_SHO,2025-12-01,243,40389.78,122690.7,principal
SKU_1797_GAR,2025-12-01,0,0.0,0.0,principal
SKU_1797_BLU,2025-12-01,0,0.0,0.0,principal
SKU_1798_OFF,2025-12-01,171,22351.81,71802.9,principal
SKU_1798_MOS,2025-12-01,244,31893.81,102455.6,principal
SKU_1799_DEN,2025-12-01,237,18825.28,63966.3,principal
SKU_1799_POW,2025-12-01,256,20334.48,69094.4,principal
SKU_1800_SKY,2025-12-01,226,18787.45,63257.4,principal
SKU_1800_MOS,2025-12-01,171,14215.28,47862.9,principal
SKU_1801_MOS,2025-12-01,209,30746.15,78354.1,principal
SKU_1801_FLA,2025-12-01,256,37660.35,95974.4,principal
SKU_1802_OLI,2025-12-01,160,39449.9,119184.0,principal
SKU_1802_DEN,2025-12-01,13,3205.3,9683.7,principal
SKU_1803_DUS,2025-12-01,148,9792.7,29585.2,principal
SKU_1803_SER,2025-12-01,157,10388.2,31384.3,principal
SKU_1804_SPA,2025-12-01,148,22163.46,67325.2,principal
SKU_1804_SEA,2025-12-01,94,14076.79,42760.6,principal
SKU_1805_BLU,2025-12-01,73,14012.12,42332.7,principal
SKU_1805_WHI,2025-12-01,80,15355.75,46392.0,principal
SKU_1806_ROS,2025-12-01,193,12383.09,37615.7,principal
SKU_1806_EME,2025-12-01,147,9431.68,28650.3,principal
SKU_1807_IVO,2025-12-01,99,13483.56,45035.1,principal
SKU_1807_BLU,2025-12-01,166,22608.8,75513.4,principal
SKU_1808_SNO,2025-12-01,145,40587.65,139185.5,principal
SKU_1808_PAS,2025-12-01,86,24072.67,82551.4,principal
SKU_1809_PRI,2025-12-01,164,11224.73,39343.6,principal
SKU_1809_SHO,2025-12-01,168,11498.5,40303.2,principal
SKU_1810_OFF,2025-12-01,85,4308.51,13591.5,principal
SKU_1810_COB,2025-12-01,144,7299.12,23025.6,principal
SKU_1811_BLU,2025-12-01,153,41419.66,105554.7,principal
SKU_1811_PIN,2025-12-01,151,40878.23,104174.9,principal
SKU_1812_BRI,2025-12-01,128,32111.05,84467.2,principal
SKU_1812_HOT,2025-12-01,134,33616.26,88426.6,principal
SKU_1813_BLU,2025-12-01,82,6918.5,20901.8,principal
SKU_1813_RAS,2025-12-01,81,6834.12,20646.9,principal
SKU_1814_PRI,2025-12-01,155,19384.78,58884.5,principal
SKU_1814_PAS,2025-12-01,81,10130.11,30771.9,principal
SKU_1815_WHI,2025-12-01,162,23588.32,71263.8,principal
SKU_1815_LIM,2025-12-01,107,15579.94,47069.3,principal
SKU_1816_MOS,2025-12-01,81,6396.98,19431.9,principal
SKU_1816_WHI,2025-12-01,169,13346.79,40543.1,principal
SKU_1817_BUB,2025-12-01,123,7417.83,27047.7,principal
SKU_1817_PRI,2025-12-01,112,6754.44,24628.8,principal
SKU_1818_BRI,2025-12-01,102,5740.46,20899.8,principal
SKU_1818_EGR,2025-12-01,94,5290.22,19260.6,principal
SKU_1819_AQU,2025-12-01,98,9034.79,33800.2,principal
SKU_1819_DEE,2025-12-01,93,8573.83,32075.7,principal
SKU_1820_PEA,2025-12-01,25,2152.51,7247.5,principal
SKU_1820_SPA,2025-12-01,52,4477.22,15074.8,principal
SKU_1821_BUB,2025-12-01,70,6608.73,18543.0,principal
SKU_1821_NAV,2025-12-01,81,7647.24,21456.9,principal
SKU_1822_ARM,2025-12-01,92,9437.07,28510.8,principal
SKU_1822_SEA,2025-12-01,187,19181.88,57951.3,principal
SKU_1823_MIN,2025-12-01,67,4322.3,13058.3,principal
SKU_1823_COR,2025-12-01,132,8515.57,25726.8,principal
SKU_1824_COR,2025-12-01,169,20022.96,60823.1,principal
SKU_1824_BLU,2025-12-01,185,21918.63,66581.5,principal
SKU_1825_MIN,2025-12-01,158,9097.18,27634.2,principal
SKU_1825_MIN,2025-12-01,158,9097.18,27634.2,principal
SKU_1826_SAP,2025-12-01,75,12037.64,36367.5,principal
SKU_1826_IVO,2025-12-01,96,15408.18,46550.4,principal
SKU_1827_PRI,2025-12-01,172,10660.25,33522.8,principal
SKU_1827_BUB,2025-12-01,145,8986.84,28260.5,principal
SKU_1828_FLA,2025-12-01,181,14672.2,44326.9,principal
SKU_1828_CER,2025-12-01,164,13294.15,40163.6,principal
SKU_1829_MOS,2025-12-01,110,9462.96,28589.0,principal
SKU_1829_HUN,2025-12-01,88,7570.37,22871.2,principal
SKU_1830_IVO,2025-12-01,161,13850.33,41843.9,principal
SKU_1830_NAV,2025-12-01,143,12301.85,37165.7,principal
SKU_1831_MID,2025-12-01,161,17750.1,53918.9,principal
SKU_1831_HOT,2025-12-01,144,15875.87,48225.6,principal
SKU_1832_COR,2025-12-01,86,8064.93,25361.4,principal
SKU_1832_MIN,2025-12-01,93,8721.37,27425.7,principal
SKU_1833_NAV,2025-12-01,166,12135.96,38163.4,principal
SKU_1833_LIG,2025-12-01,148,10820.01,34025.2,principal
SKU_1834_SAL,2025-12-01,91,12045.39,36390.9,principal
SKU_1834_MAG,2025-12-01,130,17207.7,51987.0,principal
SKU_1835_BIR,2025-12-01,88,5385.77,16271.2,principal
SKU_1835_BAB,2025-12-01,196,11995.57,36240.4,principal
SKU_1836_CRE,2025-12-01,62,14094.97,44323.8,principal
SKU_1836_MID,2025-12-01,140,31827.35,100086.0,principal
SKU_1837_SAP,2025-12-01,184,15137.14,45981.6,principal
SKU_1837_EGR,2025-12-01,11,904.94,2748.9,principal
SKU_1838_DEN,2025-12-01,87,8244.65,27831.3,principal
SKU_1838_BAL,2025-12-01,166,15731.17,53103.4,principal
SKU_1839_DUS,2025-12-01,145,12698.4,42760.5,principal
SKU_1839_BAB,2025-12-01,75,6568.14,22117.5,principal
SKU_1840_FOR,2025-12-01,0,0.0,0.0,principal
SKU_1840_LIM,2025-12-01,168,10300.24,36103.2,principal
SKU_1841_WHI,2025-12-01,14,663.35,2028.6,principal
SKU_1841_LIM,2025-12-01,173,8197.14,25067.7,principal
SKU_1842_SAG,2025-12-01,179,34124.27,95747.1,principal
SKU_1842_POW,2025-12-01,169,32217.88,90398.1,principal
SKU_1843_BIR,2025-12-01,157,15844.74,47869.3,principal
SKU_1843_NAV,2025-12-01,143,14431.83,43600.7,principal
SKU_1844_BAL,2025-12-01,93,7692.67,23240.7,principal
SKU_1844_MOS,2025-12-01,146,12076.67,36485.4,principal
SKU_1845_BAL,2025-12-01,1,271.39,819.9,principal
SKU_1845_TUR,2025-12-01,120,32566.43,98388.0,principal
SKU_1846_PAS,2025-12-01,165,18359.25,57733.5,principal
SKU_1846_SEA,2025-12-01,170,18915.59,59483.0,principal
SKU_1847_PAS,2025-12-01,142,12616.85,38325.8,principal
SKU_1847_MYS,2025-12-01,168,14926.98,45343.2,principal
SKU_1848_BAL,2025-12-01,155,10191.07,34084.5,principal
SKU_1848_ARM,2025-12-01,211,13873.01,46398.9,principal
SKU_1849_BAB,2025-12-01,172,17712.5,56742.8,principal
SKU_1849_GAR,2025-12-01,163,16785.69,53773.7,principal
SKU_1850_DEE,2025-12-01,145,8743.8,29710.5,principal
SKU_1850_PRI,2025-12-01,203,12241.32,41594.7,principal
SKU_1851_DEE,2025-12-01,89,6254.23,19126.1,principal
SKU_1851_BLU,2025-12-01,90,6324.51,19341.0,principal
SKU_1852_BLA,2025-12-01,168,31947.21,83983.2,principal
SKU_1852_FOR,2025-12-01,164,31186.56,81983.6,principal
SKU_1853_ROS,2025-12-01,79,23531.49,71092.1,principal
SKU_1853_BLU,2025-12-01,47,13999.74,42295.3,principal
SKU_1854_NAV,2025-12-01,173,10587.93,31987.7,principal
SKU_1854_MID,2025-12-01,176,10771.53,32542.4,principal
SKU_1855_FLA,2025-12-01,161,14074.33,44258.9,principal
SKU_1855_AQU,2025-12-01,151,13200.15,41509.9,principal
SKU_1856_FLA,2025-12-01,167,17861.83,54258.3,principal
SKU_1856_PAS,2025-12-01,159,17006.18,51659.1,principal
SKU_1857_PAS,2025-12-01,89,7028.78,21351.1,principal
SKU_1857_IVO,2025-12-01,92,7265.71,22070.8,principal
SKU_1858_OLI,2025-12-01,149,38178.57,134085.1,principal
SKU_1858_IVO,2025-12-01,19,4868.41,17098.1,principal
SKU_1859_LIG,2025-12-01,98,12863.8,42130.2,principal
SKU_1859_PEA,2025-12-01,145,19033.17,62335.5,principal
SKU_1860_BLA,2025-12-01,83,7097.27,26551.7,principal
SKU_1860_SPA,2025-12-01,151,12911.9,48304.9,principal
SKU_1861_DEE,2025-12-01,95,5499.1,18515.5,principal
SKU_1861_SAP,2025-12-01,192,11113.98,37420.8,principal
SKU_1862_PAS,2025-12-01,58,4648.95,13044.2,principal
SKU_1862_PIN,2025-12-01,168,13465.93,37783.2,principal
SKU_1863_MOS,2025-12-01,187,15777.55,47666.3,principal
SKU_1863_POW,2025-12-01,163,13752.62,41548.7,principal
SKU_1864_VAN,2025-12-01,150,8104.23,25485.0,principal
SKU_1864_BRI,2025-12-01,156,8428.4,26504.4,principal
SKU_1865_POW,2025-12-01,175,13906.93,43732.5,principal
SKU_1865_CRE,2025-12-01,19,1509.9,4748.1,principal
SKU_1866_ROS,2025-12-01,157,16884.08,51009.3,principal
SKU_1866_DUS,2025-12-01,169,18174.58,54908.1,principal
SKU_1867_TEA,2025-12-01,146,9607.83,29185.4,principal
SKU_1867_LIG,2025-12-01,144,9476.22,28785.6,principal
SKU_1868_ARM,2025-12-01,132,34512.31,104266.8,principal
SKU_1868_SEA,2025-12-01,164,42878.93,129543.6,principal
SKU_1869_CRE,2025-12-01,100,15578.82,48990.0,principal
SKU_1869_AQU,2025-12-01,76,11839.9,37232.4,principal
SKU_1870_SAG,2025-12-01,149,11338.44,34255.1,principal
SKU_1870_AQU,2025-12-01,52,3957.04,11954.8,principal
SKU_1871_WHI,2025-12-01,110,7278.36,21989.0,principal
SKU_1871_SNO,2025-12-01,61,4036.18,12193.9,principal
SKU_1872_FRE,2025-12-01,159,44992.53,135929.1,principal
SKU_1872_SAP,2025-12-01,180,50934.94,153882.0,principal
SKU_1873_BAB,2025-12-01,182,27102.88,81881.8,principal
SKU_1873_BLA,2025-12-01,189,28145.29,85031.1,principal
SKU_1874_JAD,2025-12-01,20,1455.74,4398.0,principal
SKU_1874_GAR,2025-12-01,166,12082.63,36503.4,principal
SKU_1875_BAB,2025-12-01,83,4778.9,14516.7,principal
SKU_1875_BIR,2025-12-01,81,4663.74,14166.9,principal
SKU_1876_AQU,2025-12-01,64,4234.68,12793.6,principal
SKU_1876_CLO,2025-12-01,98,6484.36,19590.2,principal
SKU_1877_SAP,2025-12-01,69,12614.46,39668.1,principal
SKU_1877_TEA,2025-12-01,154,28154.0,88534.6,principal
SKU_1878_SEA,2025-12-01,67,9702.61,29473.3,principal
SKU_1878_ROS,2025-12-01,137,19839.67,60266.3,principal
SKU_1879_COR,2025-12-01,27,2361.37,8232.3,principal
SKU_1879_WHI,2025-12-01,152,13293.66,46344.8,principal
SKU_1880_DUS,2025-12-01,184,47986.63,156381.6,principal
SKU_1880_TUR,2025-12-01,194,50594.6,164880.6,principal
SKU_1881_CLO,2025-12-01,13,908.31,3183.7,principal
SKU_1881_SNO,2025-12-01,81,5659.47,19836.9,principal
SKU_1882_TUR,2025-12-01,181,14198.96,43421.9,principal
SKU_1882_SPA,2025-12-01,84,6589.57,20151.6,principal
SKU_1883_ARM,2025-12-01,174,12784.62,39132.6,principal
SKU_1883_BLU,2025-12-01,0,0.0,0.0,principal
SKU_1884_NAV,2025-12-01,161,19503.6,54723.9,principal
SKU_1884_FOR,2025-12-01,177,21441.84,60162.3,principal
SKU_1885_BLA,2025-12-01,77,14015.3,42342.3,principal
SKU_1885_MAG,2025-12-01,110,20021.86,60489.0,principal
SKU_1886_BAL,2025-12-01,93,6059.71,19055.7,principal
SKU_1886_CLO,2025-12-01,5,325.79,1024.5,principal
SKU_1887_PAS,2025-12-01,94,6185.87,18790.6,principal
SKU_1887_CLE,2025-12-01,12,789.68,2398.8,principal
SKU_1888_SEA,2025-12-01,138,8482.48,27586.2,principal
SKU_1888_NAV,2025-12-01,80,4917.38,15992.0,principal
SKU_1889_MAR,2025-12-01,99,7751.76,26720.1,principal
SKU_1889_BIR,2025-12-01,187,14642.21,50471.3,principal
SKU_1890_TEA,2025-12-01,67,5154.59,17078.3,principal
SKU_1890_ROY,2025-12-01,79,6077.8,20137.1,principal
SKU_1891_MAR,2025-12-01,163,17387.19,53773.7,principal
SKU_1891_BUB,2025-12-01,139,14827.11,45856.1,principal
SKU_1892_AQU,2025-12-01,144,13708.55,41745.6,principal
SKU_1892_ROS,2025-12-01,158,15041.32,45804.2,principal
SKU_1893_BIR,2025-12-01,91,22383.38,57320.9,principal
SKU_1893_TEA,2025-12-01,77,18939.78,48502.3,principal
SKU_1894_IVO,2025-12-01,190,17194.45,52231.0,principal
SKU_1894_AQU,2025-12-01,71,6425.29,19517.9,principal
SKU_1895_PAS,2025-12-01,179,11547.63,34887.1,principal
SKU_1895_BRI,2025-12-01,86,5548.02,16761.4,principal
SKU_1896_ARM,2025-12-01,202,67523.93,203999.8,principal
SKU_1896_PAS,2025-12-01,96,32090.58,96950.4,principal
SKU_1897_JAD,2025-12-01,170,12698.69,39933.0,principal
SKU_1897_SHO,2025-12-01,88,6573.44,20671.2,principal
SKU_1898_EME,2025-12-01,87,12266.22,42186.3,principal
SKU_1898_WHI,2025-12-01,79,11138.29,38307.1,principal
SKU_1899_SAG,2025-12-01,0,0.0,0.0,principal
SKU_1899_SAP,2025-12-01,169,11831.69,38008.1,principal
SKU_1900_HON,2025-12-01,81,10070.08,34416.9,principal
SKU_1900_FRE,2025-12-01,141,17529.39,59910.9,principal
SKU_1901_LIM,2025-12-01,148,10987.51,34765.2,principal
SKU_1901_MIN,2025-12-01,169,12546.54,39698.1,principal
SKU_1902_BLU,2025-12-01,60,16929.09,49794.0,principal
SKU_1902_HOT,2025-12-01,172,48530.05,142742.8,principal
SKU_1903_PAS,2025-12-01,173,20769.67,57072.7,principal
SKU_1903_DUS,2025-12-01,165,19809.22,54433.5,principal
SKU_1904_SNO,2025-12-01,168,45474.47,125143.2,principal
SKU_1904_CLE,2025-12-01,21,5684.31,15642.9,principal
SKU_1905_WHI,2025-12-01,162,19298.56,58303.8,principal
SKU_1905_PRI,2025-12-01,182,21681.1,65501.8,principal
SKU_1906_SHO,2025-12-01,84,8199.4,24771.6,principal
SKU_1906_NAV,2025-12-01,165,16105.96,48658.5,principal
SKU_1907_BLA,2025-12-01,21,1689.1,5772.9,principal
SKU_1907_TEA,2025-12-01,79,6354.23,21717.1,principal
SKU_1908_BLA,2025-12-01,51,4755.48,16059.9,principal
SKU_1908_MID,2025-12-01,75,6993.35,23617.5,principal
SKU_1909_SPA,2025-12-01,84,12848.48,37791.6,principal
SKU_1909_PEA,2025-12-01,142,21720.05,63885.8,principal
SKU_1910_MID,2025-12-01,93,23778.51,69740.7,principal
SKU_1910_MYS,2025-12-01,19,4857.98,14248.1,principal
SKU_1911_RAS,2025-12-01,93,7751.44,19985.7,principal
SKU_1911_LIG,2025-12-01,89,7418.05,19126.1,principal
SKU_1912_PAS,2025-12-01,182,23061.05,70051.8,principal
SKU_1912_MEX,2025-12-01,149,18879.65,57350.1,principal
SKU_1913_PIS,2025-12-01,187,13241.52,36446.3,principal
SKU_1913_MYS,2025-12-01,156,11046.4,30404.4,principal
SKU_1914_SNO,2025-12-01,180,13273.4,35982.0,principal
SKU_1914_BIR,2025-12-01,137,10102.53,27386.3,principal
SKU_1915_SPA,2025-12-01,164,71538.94,191043.6,principal
SKU_1915_DUS,2025-12-01,146,63687.11,170075.4,principal
SKU_1916_TUR,2025-12-01,165,13921.36,42058.5,principal
SKU_1916_HOT,2025-12-01,172,14511.97,43842.8,principal
SKU_1917_IVO,2025-12-01,78,9679.17,29242.2,principal
SKU_1917_LIG,2025-12-01,165,20475.16,61858.5,principal
SKU_1918_SKY,2025-12-01,162,10719.04,32383.8,principal
SKU_1918_WHI,2025-12-01,75,4962.52,14992.5,principal
SKU_1919_COB,2025-12-01,96,21604.5,65270.4,principal
SKU_1919_PEA,2025-12-01,169,38032.93,114903.1,principal
SKU_1920_NAV,2025-12-01,173,14516.96,44097.7,principal
SKU_1920_GAR,2025-12-01,8,671.3,2039.2,principal
SKU_1921_PIN,2025-12-01,162,12873.85,40483.8,principal
SKU_1921_VAN,2025-12-01,151,11999.7,37734.9,principal
SKU_1922_TEA,2025-12-01,144,29392.57,100065.6,principal
SKU_1922_BLU,2025-12-01,168,34291.33,116743.2,principal
SKU_1923_TUR,2025-12-01,166,9268.83,31523.4,principal
SKU_1923_PEA,2025-12-01,195,10888.08,37030.5,principal
SKU_1924_BIR,2025-12-01,171,32454.79,110277.9,principal
SKU_1924_TEA,2025-12-01,173,32834.37,111567.7,principal
SKU_1925_PIN,2025-12-01,141,16309.94,51450.9,principal
SKU_1925_PRI,2025-12-01,206,23828.7,75169.4,principal
SKU_1926_SHO,2025-12-01,85,8726.95,22941.5,principal
SKU_1926_IVO,2025-12-01,150,15400.49,40485.0,principal
SKU_1927_CER,2025-12-01,90,10260.9,26991.0,principal
SKU_1927_FUC,2025-12-01,83,9462.83,24891.7,principal
SKU_1928_COR,2025-12-01,168,17415.73,52903.2,principal
SKU_1928_BLU,2025-12-01,165,17104.74,51958.5,principal
SKU_1929_COB,2025-12-01,181,17571.68,53376.9,principal
SKU_1929_PEA,2025-12-01,89,8640.22,26246.1,principal
SKU_1930_GAR,2025-12-01,19,4150.11,12538.1,principal
SKU_1930_SHO,2025-12-01,198,43248.53,130660.2,principal
SKU_1931_MID,2025-12-01,16,3923.54,11918.4,principal
SKU_1931_COR,2025-12-01,14,3433.1,10428.6,principal
SKU_1932_NAV,2025-12-01,171,9898.39,33327.9,principal
SKU_1932_COB,2025-12-01,164,9493.19,31963.6,principal
SKU_1933_GAR,2025-12-01,143,10398.84,32160.7,principal
SKU_1933_SNO,2025-12-01,172,12507.7,38682.8,principal
SKU_1934_HON,2025-12-01,189,13130.07,49121.1,principal
SKU_1934_COB,2025-12-01,163,11323.82,42363.7,principal
SKU_1935_DEN,2025-12-01,88,5018.49,15831.2,principal
SKU_1935_HOT,2025-12-01,86,4904.43,15471.4,principal
SKU_1936_HON,2025-12-01,179,9124.12,23252.1,principal
SKU_1936_WHI,2025-12-01,18,917.51,2338.2,principal
SKU_1937_BUB,2025-12-01,78,5419.2,16372.2,principal
SKU_1937_MIN,2025-12-01,151,10491.01,31694.9,principal
SKU_1938_CRE,2025-12-01,152,45275.77,136784.8,principal
SKU_1938_PAS,2025-12-01,15,4468.0,13498.5,principal
SKU_1939_ROS,2025-12-01,158,8034.02,25264.2,principal
SKU_1939_LIG,2025-12-01,174,8847.59,27822.6,principal
SKU_1940_HUN,2025-12-01,169,60358.19,183348.1,principal
SKU_1940_BIR,2025-12-01,156,55715.26,169244.4,principal
SKU_1941_MIN,2025-12-01,355,122697.61,372714.5,principal
SKU_1941_MIN,2025-12-01,355,122697.61,372714.5,principal
SKU_1942_MYS,2025-12-01,164,63035.87,194323.6,principal
SKU_1942_SAL,2025-12-01,176,67648.26,208542.4,principal
SKU_1943_FUC,2025-12-01,179,14452.95,50102.1,principal
SKU_1943_AQU,2025-12-01,182,14695.18,50941.8,principal
SKU_1944_FUC,2025-12-01,179,22691.53,71582.1,principal
SKU_1944_PIS,2025-12-01,173,21930.92,69182.7,principal
SKU_1945_BAB,2025-12-01,153,9676.5,32879.7,principal
SKU_1945_BRI,2025-12-01,93,5881.79,19985.7,principal
SKU_1946_PEA,2025-12-01,156,20023.11,63164.4,principal
SKU_1946_BUB,2025-12-01,69,8856.38,27938.1,principal
SKU_1947_SKY,2025-12-01,92,15395.09,40470.8,principal
SKU_1947_CLE,2025-12-01,184,30790.18,80941.6,principal
SKU_1948_WHI,2025-12-01,83,5461.99,16591.7,principal
SKU_1948_PAL,2025-12-01,144,9476.22,28785.6,principal
SKU_1949_VAN,2025-12-01,161,8739.9,26548.9,principal
SKU_1949_SKY,2025-12-01,83,4505.66,13686.7,principal
SKU_1950_BLU,2025-12-01,191,25200.2,79245.9,principal
SKU_1950_FLA,2025-12-01,79,10423.12,32777.1,principal
SKU_1951_COR,2025-12-01,66,5538.26,16823.4,principal
SKU_1951_GAR,2025-12-01,157,13174.35,40019.3,principal
SKU_1952_TUR,2025-12-01,81,5463.7,16596.9,principal
SKU_1952_PIS,2025-12-01,185,12478.82,37906.5,principal
SKU_1953_IVO,2025-12-01,67,4347.08,15738.3,principal
SKU_1953_LIM,2025-12-01,137,8888.8,32181.3,principal
SKU_1954_WHI,2025-12-01,85,5316.41,17841.5,principal
SKU_1954_ROY,2025-12-01,153,9569.54,32114.7,principal
SKU_1955_FRE,2025-12-01,187,49980.1,186981.3,principal
SKU_1955_SAL,2025-12-01,153,40892.81,152984.7,principal
SKU_1956_CLO,2025-12-01,140,8727.64,29386.0,principal
SKU_1956_PEA,2025-12-01,193,12031.68,40510.7,principal
SKU_1957_PEA,2025-12-01,87,5888.19,16521.3,principal
SKU_1957_CRE,2025-12-01,169,11437.98,32093.1,principal
SKU_1958_PAS,2025-12-01,80,4896.15,14792.0,principal
SKU_1958_BLU,2025-12-01,154,9425.09,28474.6,principal
SKU_1959_TUR,2025-12-01,165,38822.55,122083.5,principal
SKU_1959_WHI,2025-12-01,72,16940.75,53272.8,principal
SKU_1960_NAV,2025-12-01,144,8291.1,25185.6,principal
SKU_1960_BAL,2025-12-01,186,10709.34,32531.4,principal
SKU_1961_LIG,2025-12-01,180,24719.74,74682.0,principal
SKU_1961_SHO,2025-12-01,130,17853.15,53937.0,principal
SKU_1962_FRE,2025-12-01,166,11743.68,35673.4,principal
SKU_1962_LIG,2025-12-01,174,12309.64,37392.6,principal
SKU_1963_SER,2025-12-01,171,33527.29,118827.9,principal
SKU_1963_IVO,2025-12-01,192,37644.68,133420.8,principal
SKU_1964_SAL,2025-12-01,151,13551.34,44529.9,principal
SKU_1964_BRI,2025-12-01,143,12833.39,42170.7,principal
SKU_1965_GAR,2025-12-01,165,11057.8,38758.5,principal
SKU_1965_DEN,2025-12-01,100,6701.7,23490.0,principal
SKU_1966_FOR,2025-12-01,101,20244.98,68164.9,principal
SKU_1966_CER,2025-12-01,168,33674.81,113383.2,principal
SKU_1967_PAL,2025-12-01,131,10018.72,25531.9,principal
SKU_1967_BAB,2025-12-01,175,13383.78,34107.5,principal
SKU_1968_JAD,2025-12-01,181,10478.43,31656.9,principal
SKU_1968_PAS,2025-12-01,99,5731.3,17315.1,principal
SKU_1969_SER,2025-12-01,151,20487.21,61894.9,principal
SKU_1969_SNO,2025-12-01,177,24014.81,72552.3,principal
SKU_1970_PEA,2025-12-01,136,33296.64,104706.4,principal
SKU_1970_TUR,2025-12-01,90,22034.54,69291.0,principal
SKU_1971_RAS,2025-12-01,90,24588.28,74691.0,principal
SKU_1971_PIN,2025-12-01,50,13660.15,41495.0,principal
SKU_1972_PAS,2025-12-01,139,15868.5,47941.1,principal
SKU_1972_AQU,2025-12-01,26,2968.21,8967.4,principal
SKU_1973_SKY,2025-12-01,190,19328.36,60781.0,principal
SKU_1973_MYS,2025-12-01,102,10376.28,32629.8,principal
SKU_1974_JAD,2025-12-01,160,10170.91,31984.0,principal
SKU_1974_MIN,2025-12-01,151,9598.8,30184.9,principal
SKU_1975_MYS,2025-12-01,182,25749.03,80971.8,principal
SKU_1975_PAS,2025-12-01,5,707.39,2224.5,principal
SKU_1976_SKY,2025-12-01,0,0.0,0.0,principal
SKU_1976_JAD,2025-12-01,7,1244.15,3779.3,principal
SKU_1977_NAV,2025-12-01,110,7824.51,23639.0,principal
SKU_1977_TEA,2025-12-01,156,11096.58,33524.4,principal
SKU_1978_BAL,2025-12-01,144,11911.23,35985.6,principal
SKU_1978_ROS,2025-12-01,20,1654.34,4998.0,principal
SKU_1979_MAR,2025-12-01,154,9934.83,30014.6,principal
SKU_1979_DEN,2025-12-01,84,5419.0,16371.6,principal
SKU_1980_DEN,2025-12-01,176,8974.78,27262.4,principal
SKU_1980_DEE,2025-12-01,142,7241.02,21995.8,principal
SKU_1981_FOR,2025-12-01,81,13262.79,41706.9,principal
SKU_1981_SEA,2025-12-01,21,3438.5,10812.9,principal
SKU_1982_PIS,2025-12-01,81,5997.0,18216.9,principal
SKU_1982_VAN,2025-12-01,168,12438.23,37783.2,principal
SKU_1983_GAR,2025-12-01,28,2002.51,6297.2,principal
SKU_1983_SAP,2025-12-01,154,11013.8,34634.6,principal
SKU_1984_PIN,2025-12-01,61,5802.64,18293.9,principal
SKU_1984_PAS,2025-12-01,150,14268.79,44985.0,principal
SKU_1985_WHI,2025-12-01,91,10760.19,37300.9,principal
SKU_1985_PAS,2025-12-01,93,10996.68,38120.7,principal
SKU_1986_BUB,2025-12-01,186,11489.88,39041.4,principal
SKU_1986_TEA,2025-12-01,155,9574.9,32534.5,principal
SKU_1987_MYS,2025-12-01,158,56091.31,176944.2,principal
SKU_1987_CLO,2025-12-01,195,69226.62,218380.5,principal
SKU_1988_WHI,2025-12-01,174,28123.96,73932.6,principal
SKU_1988_WHI,2025-12-01,174,28123.96,73932.6,principal
SKU_1989_HOT,2025-12-01,98,11288.33,34290.2,principal
SKU_1989_MAG,2025-12-01,172,19812.18,60182.8,principal
SKU_1990_LIM,2025-12-01,145,8634.3,26085.5,principal
SKU_1990_IVO,2025-12-01,109,6490.61,19609.1,principal
SKU_1991_GAR,2025-12-01,153,14591.33,45884.7,principal
SKU_1991_PIN,2025-12-01,36,3433.26,10796.4,principal
SKU_1992_BAL,2025-12-01,171,52065.58,158157.9,principal
SKU_1992_DEE,2025-12-01,73,22226.83,67517.7,principal
SKU_1993_SAP,2025-12-01,144,9382.78,29505.6,principal
SKU_1993_MEX,2025-12-01,143,9317.62,29300.7,principal
SKU_1994_COB,2025-12-01,72,5309.82,19432.8,principal
SKU_1994_LIM,2025-12-01,198,14602.0,53440.2,principal
SKU_1995_WHI,2025-12-01,161,11501.11,37818.9,principal
SKU_1995_EME,2025-12-01,143,10215.27,33590.7,principal
SKU_1996_SHO,2025-12-01,78,5106.02,19102.2,principal
SKU_1996_BLA,2025-12-01,105,6873.49,25714.5,principal
SKU_1997_MID,2025-12-01,65,3912.89,12343.5,principal
SKU_1997_SPA,2025-12-01,128,7705.38,24307.2,principal
SKU_1998_COR,2025-12-01,177,23895.7,62817.3,principal
SKU_1998_SAL,2025-12-01,166,22410.66,58913.4,principal
SKU_1999_COB,2025-12-01,164,12751.31,38523.6,principal
SKU_1999_SKY,2025-12-01,187,14539.61,43926.3,principal
SKU_2000_SHO,2025-12-01,190,13441.57,40831.0,principal
SKU_2000_SAG,2025-12-01,69,4881.41,14828.1,principal
SKU_2001_DEN,2025-12-01,175,21419.68,67357.5,principal
SKU_2001_MAR,2025-12-01,132,16156.56,50806.8,principal
SKU_2002_WHI,2025-12-01,159,10725.04,32579.1,principal
SKU_2002_VAN,2025-12-01,90,6070.78,18441.0,principal
SKU_2003_BAL,2025-12-01,147,11672.81,35265.3,principal
SKU_2003_FOR,2025-12-01,161,12784.51,38623.9,principal
SKU_2004_MIN,2025-12-01,19,1192.96,4273.1,principal
SKU_2004_AQU,2025-12-01,120,7534.51,26988.0,principal
SKU_2005_FUC,2025-12-01,84,4263.74,15111.6,principal
SKU_2005_TEA,2025-12-01,184,9339.62,33101.6,principal
SKU_2006_PRI,2025-12-01,182,44022.12,164691.8,principal
SKU_2006_DEN,2025-12-01,85,20559.78,76916.5,principal
SKU_2007_LIG,2025-12-01,153,9538.07,32114.7,principal
SKU_2007_SAG,2025-12-01,0,0.0,0.0,principal
SKU_2008_HOT,2025-12-01,123,10735.73,30122.7,principal
SKU_2008_SAL,2025-12-01,98,8553.67,24000.2,principal
SKU_2009_WHI,2025-12-01,77,7315.15,19242.3,principal
SKU_2009_DUS,2025-12-01,154,14630.31,38484.6,principal
SKU_2010_SPA,2025-12-01,161,49022.39,148103.9,principal
SKU_2010_BIR,2025-12-01,13,3958.33,11958.7,principal
SKU_2011_TUR,2025-12-01,94,7887.83,23960.6,principal
SKU_2011_PIN,2025-12-01,94,7887.83,23960.6,principal
SKU_2012_ROY,2025-12-01,160,41716.51,131184.0,principal
SKU_2012_SKY,2025-12-01,157,40934.33,128724.3,principal
SKU_2013_TEA,2025-12-01,136,8323.46,25146.4,principal
SKU_2013_MYS,2025-12-01,167,10220.72,30878.3,principal
SKU_2014_BLA,2025-12-01,163,17165.71,52143.7,principal
SKU_2014_BRI,2025-12-01,76,8003.64,24312.4,principal
SKU_2015_OLI,2025-12-01,66,6609.12,20783.4,principal
SKU_2015_HUN,2025-12-01,147,14720.32,46290.3,principal
SKU_2016_SAP,2025-12-01,173,12808.41,38907.7,principal
SKU_2016_PEA,2025-12-01,71,5256.63,15967.9,principal
SKU_2017_SHO,2025-12-01,168,15756.57,47863.2,principal
SKU_2017_FRE,2025-12-01,158,14818.67,45014.2,principal
SKU_2018_OFF,2025-12-01,75,11848.73,35992.5,principal
SKU_2018_BAB,2025-12-01,167,26383.17,80143.3,principal
SKU_2019_SAG,2025-12-01,168,30578.84,92383.2,principal
SKU_2019_TUR,2025-12-01,0,0.0,0.0,principal
SKU_2020_FOR,2025-12-01,89,6648.14,20906.1,principal
SKU_2020_BAB,2025-12-01,157,11727.62,36879.3,principal
SKU_2021_NAV,2025-12-01,69,4337.13,13103.1,principal
SKU_2021_SAL,2025-12-01,173,10874.24,32852.7,principal
SKU_2022_SHO,2025-12-01,2,178.02,559.8,principal
SKU_2022_ROY,2025-12-01,0,0.0,0.0,principal
SKU_2023_MID,2025-12-01,170,8997.57,27183.0,principal
SKU_2023_SPA,2025-12-01,64,3387.32,10233.6,principal
SKU_2024_MIN,2025-12-01,188,23010.86,72361.2,principal
SKU_2024_LIG,2025-12-01,196,23990.05,75440.4,principal
SKU_2025_BAB,2025-12-01,79,5527.09,18162.1,principal
SKU_2025_SAP,2025-12-01,166,11613.89,38163.4,principal
SKU_2026_HON,2025-12-01,75,23751.3,77242.5,principal
SKU_2026_ROY,2025-12-01,139,44019.07,143156.1,principal
SKU_2027_CLE,2025-12-01,101,10082.47,35339.9,principal
SKU_2027_MAR,2025-12-01,78,7786.46,27292.2,principal
SKU_2028_PIS,2025-12-01,172,12510.47,42122.8,principal
SKU_2028_PAL,2025-12-01,131,9528.32,32081.9,principal
SKU_2029_BAB,2025-12-01,77,26724.74,74297.3,principal
SKU_2029_PRI,2025-12-01,135,46855.06,130261.5,principal
SKU_2030_SER,2025-12-01,190,24927.99,65531.0,principal
SKU_2030_BRI,2025-12-01,177,23222.39,61047.3,principal
SKU_2031_SNO,2025-12-01,145,19588.98,50735.5,principal
SKU_2031_NAV,2025-12-01,81,10942.81,28341.9,principal
SKU_2032_LIM,2025-12-01,157,13174.35,40019.3,principal
SKU_2032_WHI,2025-12-01,163,13677.83,41548.7,principal
SKU_2033_PRI,2025-12-01,162,16088.31,50203.8,principal
SKU_2033_RAS,2025-12-01,153,15194.51,47414.7,principal
SKU_2034_DUS,2025-12-01,60,3273.44,10194.0,principal
SKU_2034_PAS,2025-12-01,138,7528.9,23446.2,principal
SKU_2035_LIG,2025-12-01,15,992.82,3373.5,principal
SKU_2035_AQU,2025-12-01,163,10788.66,36658.7,principal
SKU_2036_SPA,2025-12-01,152,11923.99,36464.8,principal
SKU_2036_MAR,2025-12-01,86,6746.47,20631.4,principal
SKU_2037_SNO,2025-12-01,116,29969.11,84088.4,principal
SKU_2037_SEA,2025-12-01,167,43145.18,121058.3,principal
SKU_2038_OFF,2025-12-01,73,27422.59,82847.7,principal
SKU_2038_COB,2025-12-01,161,60479.96,182718.9,principal
SKU_2039_OLI,2025-12-01,86,29174.8,88141.4,principal
SKU_2039_EME,2025-12-01,191,64795.2,195755.9,principal
SKU_2040_BIR,2025-12-01,184,17960.59,54261.6,principal
SKU_2040_MIN,2025-12-01,95,9273.13,28015.5,principal
SKU_2041_POW,2025-12-01,7,506.74,1539.3,principal
SKU_2041_MOS,2025-12-01,143,10351.92,31445.7,principal
SKU_2042_WHI,2025-12-01,85,21520.46,65016.5,principal
SKU_2042_SER,2025-12-01,167,42281.38,127738.3,principal
SKU_2043_ROS,2025-12-01,0,0.0,0.0,principal
SKU_2043_WHI,2025-12-01,176,18437.84,61582.4,principal
SKU_2044_PAS,2025-12-01,86,6267.07,21491.4,principal
SKU_2044_COB,2025-12-01,143,10420.83,35735.7,principal
SKU_2045_AQU,2025-12-01,156,8948.01,30404.4,principal
SKU_2045_MID,2025-12-01,88,5047.6,17151.2,principal
SKU_2046_BLA,2025-12-01,6,917.55,3089.4,principal
SKU_2046_MAR,2025-12-01,170,25997.3,87533.0,principal
SKU_2047_HUN,2025-12-01,156,66754.27,175484.4,principal
SKU_2047_FUC,2025-12-01,161,68893.83,181108.9,principal
SKU_2048_MAR,2025-12-01,135,17105.73,51961.5,principal
SKU_2048_FOR,2025-12-01,90,11403.82,34641.0,principal
SKU_2049_TEA,2025-12-01,15,1025.07,3223.5,principal
SKU_2049_PAS,2025-12-01,7,478.37,1504.3,principal
SKU_2050_MOS,2025-12-01,195,29361.52,88705.5,principal
SKU_2050_BLU,2025-12-01,103,15508.91,46854.7,principal
SKU_2051_FOR,2025-12-01,83,21036.44,63901.7,principal
SKU_2051_MEX,2025-12-01,155,39284.92,119334.5,principal
SKU_2052_NAV,2025-12-01,152,14495.97,45584.8,principal
SKU_2052_FLA,2025-12-01,167,15926.49,50083.3,principal
SKU_2053_DEN,2025-12-01,168,17749.69,58783.2,principal
SKU_2053_EGR,2025-12-01,168,17749.69,58783.2,principal
SKU_2054_ROY,2025-12-01,22,2727.07,9017.8,principal
SKU_2054_SAL,2025-12-01,166,20576.98,68043.4,principal
SKU_2055_RAS,2025-12-01,189,23234.01,86921.1,principal
SKU_2055_SAP,2025-12-01,0,0.0,0.0,principal
SKU_2056_DEN,2025-12-01,7,2368.89,7244.3,principal
SKU_2056_SKY,2025-12-01,174,58883.74,180072.6,principal
SKU_2057_SNO,2025-12-01,192,69012.47,181420.8,principal
SKU_2057_VAN,2025-12-01,51,18331.44,48189.9,principal
SKU_2058_BUB,2025-12-01,177,12230.54,37152.3,principal
SKU_2058_MOS,2025-12-01,133,9190.18,27916.7,principal
SKU_2059_WHI,2025-12-01,155,31540.67,99184.5,principal
SKU_2059_SNO,2025-12-01,54,10988.36,34554.6,principal
SKU_2060_MEX,2025-12-01,174,51729.89,162672.6,principal
SKU_2060_VAN,2025-12-01,150,44594.73,140235.0,principal
SKU_2061_POW,2025-12-01,175,12092.34,36732.5,principal
SKU_2061_BRI,2025-12-01,165,11401.35,34633.5,principal
SKU_2062_BAB,2025-12-01,143,6585.88,20005.7,principal
SKU_2062_DUS,2025-12-01,139,6401.66,19446.1,principal
SKU_2063_POW,2025-12-01,9,655.08,1979.1,principal
SKU_2063_SHO,2025-12-01,162,11791.48,35623.8,principal
SKU_2064_PIS,2025-12-01,155,20405.3,61984.5,principal
SKU_2064_SAP,2025-12-01,142,18693.89,56785.8,principal
SKU_2065_OFF,2025-12-01,23,1513.56,4597.7,principal
SKU_2065_DUS,2025-12-01,160,10529.13,31984.0,principal
SKU_2066_TEA,2025-12-01,139,21849.67,66011.1,principal
SKU_2066_BLA,2025-12-01,195,30652.42,92605.5,principal
SKU_2067_MIN,2025-12-01,150,16690.23,52485.0,principal
SKU_2067_DUS,2025-12-01,177,19694.47,61932.3,principal
SKU_2068_IVO,2025-12-01,126,16794.93,51017.4,principal
SKU_2068_HON,2025-12-01,70,9330.52,28343.0,principal
SKU_2069_TEA,2025-12-01,145,10139.59,31885.5,principal
SKU_2069_BUB,2025-12-01,188,13146.5,41341.2,principal
SKU_2070_COR,2025-12-01,168,11885.17,36103.2,principal
SKU_2070_SPA,2025-12-01,88,6225.57,18911.2,principal
SKU_2071_PAS,2025-12-01,161,13775.01,41843.9,principal
SKU_2071_PEA,2025-12-01,90,7700.32,23391.0,principal
SKU_2072_BAB,2025-12-01,167,14919.26,45073.3,principal
SKU_2072_MIN,2025-12-01,76,6789.6,20512.4,principal
SKU_2073_HUN,2025-12-01,151,14410.7,43774.9,principal
SKU_2073_PAL,2025-12-01,150,14315.26,43485.0,principal
SKU_2074_PAS,2025-12-01,97,7131.64,25695.3,principal
SKU_2074_ARM,2025-12-01,161,11837.05,42648.9,principal
SKU_2075_COB,2025-12-01,126,8976.5,30227.4,principal
SKU_2075_COR,2025-12-01,51,3633.34,12234.9,principal
SKU_2076_MIN,2025-12-01,68,8631.97,32293.2,principal
SKU_2076_SAG,2025-12-01,190,24118.75,90231.0,principal
SKU_2077_MOS,2025-12-01,188,12596.43,38521.2,principal
SKU_2077_PIS,2025-12-01,139,9313.32,28481.1,principal
SKU_2078_ARM,2025-12-01,58,5292.96,13914.2,principal
SKU_2078_CLE,2025-12-01,182,16608.95,43661.8,principal
SKU_2079_TUR,2025-12-01,179,63045.78,191512.1,principal
SKU_2079_WHI,2025-12-01,164,57762.62,175463.6,principal
SKU_2080_FLA,2025-12-01,144,11372.41,34545.6,principal
SKU_2080_VAN,2025-12-01,127,10029.84,30467.3,principal
SKU_2081_PAL,2025-12-01,88,10910.96,34311.2,principal
SKU_2081_HUN,2025-12-01,161,19962.1,62773.9,principal
SKU_2082_PAS,2025-12-01,179,30211.07,91272.1,principal
SKU_2082_HON,2025-12-01,167,28185.74,85153.3,principal
SKU_2083_GAR,2025-12-01,170,13145.94,39933.0,principal
SKU_2083_VAN,2025-12-01,62,4794.4,14563.8,principal
SKU_2084_MAR,2025-12-01,166,13050.57,42313.4,principal
SKU_2084_GAR,2025-12-01,216,16981.46,55058.4,principal
SKU_2085_ARM,2025-12-01,166,23571.82,75513.4,principal
SKU_2085_OLI,2025-12-01,174,24707.82,79152.6,principal
SKU_2086_SHO,2025-12-01,11,955.3,3573.9,principal
SKU_2086_MAG,2025-12-01,175,15198.01,56857.5,principal
SKU_2087_DEN,2025-12-01,101,8253.45,25239.9,principal
SKU_2087_CER,2025-12-01,75,6128.8,18742.5,principal
SKU_2088_VAN,2025-12-01,180,74969.99,197082.0,principal
SKU_2088_DUS,2025-12-01,174,72470.99,190512.6,principal
SKU_2089_EGR,2025-12-01,72,11794.46,35632.8,principal
SKU_2089_CLO,2025-12-01,204,33417.63,100959.6,principal
SKU_2090_LIG,2025-12-01,161,14116.79,42648.9,principal
SKU_2090_BUB,2025-12-01,84,7365.28,22251.6,principal
SKU_2091_BIR,2025-12-01,8,635.26,1919.2,principal
SKU_2091_AQU,2025-12-01,145,11514.0,34785.5,principal
SKU_2092_EGR,2025-12-01,161,14074.33,44258.9,principal
SKU_2092_FUC,2025-12-01,89,7780.22,24466.1,principal
SKU_2093_SKY,2025-12-01,99,7329.67,22265.1,principal
SKU_2093_MYS,2025-12-01,187,13844.93,42056.3,principal
SKU_2094_MYS,2025-12-01,153,8597.46,28289.7,principal
SKU_2094_OLI,2025-12-01,170,9552.74,31433.0,principal
SKU_2095_CLO,2025-12-01,87,6372.73,20871.3,principal
SKU_2095_SEA,2025-12-01,20,1464.99,4798.0,principal
SKU_2096_TEA,2025-12-01,97,7419.39,25210.3,principal
SKU_2096_SNO,2025-12-01,112,8566.72,29108.8,principal
SKU_2097_SPA,2025-12-01,44,2612.29,8795.6,principal
SKU_2097_ROS,2025-12-01,175,10389.8,34982.5,principal
SKU_2098_EME,2025-12-01,171,19787.91,50427.9,principal
SKU_2098_SPA,2025-12-01,105,12150.47,30964.5,principal
SKU_2099_DEE,2025-12-01,70,6253.58,18893.0,principal
SKU_2099_LIG,2025-12-01,91,8129.66,24560.9,principal
SKU_2100_BLU,2025-12-01,124,41429.03,125847.6,principal
SKU_2100_MAG,2025-12-01,160,53456.81,162384.0,principal
SKU_2101_PAS,2025-12-01,179,14510.08,43837.1,principal
SKU_2101_BUB,2025-12-01,186,15077.51,45551.4,principal
SKU_2102_WHI,2025-12-01,67,15870.84,49908.3,principal
SKU_2102_CLO,2025-12-01,171,40506.17,127377.9,principal
SKU_2103_RAS,2025-12-01,147,21965.95,69075.3,principal
SKU_2103_FUC,2025-12-01,86,12850.83,40411.4,principal
SKU_2104_LIG,2025-12-01,179,12801.76,40257.1,principal
SKU_2104_PEA,2025-12-01,100,7151.82,22490.0,principal
SKU_2105_RAS,2025-12-01,195,21077.2,66280.5,principal
SKU_2105_LIG,2025-12-01,202,21833.82,68659.8,principal
SKU_2106_HON,2025-12-01,60,4639.74,14094.0,principal
SKU_2106_FUC,2025-12-01,81,6263.66,19026.9,principal
SKU_2107_SNO,2025-12-01,52,7313.38,22094.8,principal
SKU_2107_WHI,2025-12-01,138,19408.58,58636.2,principal
SKU_2108_BLU,2025-12-01,66,6294.3,19793.4,principal
SKU_2108_MAR,2025-12-01,179,17070.91,53682.1,principal
SKU_2109_TEA,2025-12-01,171,17395.52,54702.9,principal
SKU_2109_WHI,2025-12-01,88,8952.08,28151.2,principal
SKU_2110_SPA,2025-12-01,84,5873.97,18471.6,principal
SKU_2110_TEA,2025-12-01,162,11328.37,35623.8,principal
SKU_2111_SNO,2025-12-01,0,0.0,0.0,principal
SKU_2111_ARM,2025-12-01,166,12399.9,38993.4,principal
SKU_2112_MID,2025-12-01,155,16507.22,51909.5,principal
SKU_2112_TEA,2025-12-01,124,13205.78,41527.6,principal
SKU_2113_DUS,2025-12-01,82,4475.72,13521.8,principal
SKU_2113_NAV,2025-12-01,138,7532.3,22756.2,principal
SKU_2114_DUS,2025-12-01,139,17234.36,54196.1,principal
SKU_2114_BIR,2025-12-01,183,22689.84,71351.7,principal
SKU_2115_CER,2025-12-01,218,26499.6,83908.2,principal
SKU_2115_PEA,2025-12-01,176,21394.17,67742.4,principal
SKU_2116_SNO,2025-12-01,74,8898.65,28112.6,principal
SKU_2116_BLA,2025-12-01,160,19240.32,60784.0,principal
SKU_2117_RAS,2025-12-01,162,33338.67,124723.8,principal
SKU_2117_SAL,2025-12-01,149,30663.35,114715.1,principal
SKU_1000_COR,2026-01-01,0,0.0,0.0,principal
SKU_1000_EME,2026-01-01,134,8007.44,27456.6,principal
SKU_1000_ROY,2026-01-01,179,10696.51,36677.1,principal
SKU_1001_AQU,2026-01-01,92,23113.64,86470.8,principal
SKU_1001_SAP,2026-01-01,165,41453.82,155083.5,principal
SKU_1002_COR,2026-01-01,63,4839.17,14798.7,principal
SKU_1002_MYS,2026-01-01,59,4531.93,13859.1,principal
SKU_1003_SNO,2026-01-01,120,17182.41,43788.0,principal
SKU_1003_DUS,2026-01-01,160,22909.88,58384.0,principal
SKU_1004_FOR,2026-01-01,0,0.0,0.0,principal
SKU_1004_MEX,2026-01-01,97,11058.97,29090.3,principal
SKU_1005_OLI,2026-01-01,0,0.0,0.0,principal
SKU_1005_MYS,2026-01-01,0,0.0,0.0,principal
SKU_1006_MOS,2026-01-01,90,5434.94,17091.0,principal
SKU_1006_FOR,2026-01-01,81,4891.44,15381.9,principal
SKU_1007_COB,2026-01-01,148,13879.17,43645.2,principal
SKU_1007_FOR,2026-01-01,130,12191.17,38337.0,principal
SKU_1008_MEX,2026-01-01,146,15701.12,47435.4,principal
SKU_1008_WHI,2026-01-01,123,13227.65,39962.7,principal
SKU_1009_BAB,2026-01-01,169,24035.27,87018.1,principal
SKU_1009_MAG,2026-01-01,0,0.0,0.0,principal
SKU_1010_SNO,2026-01-01,120,13584.31,45588.0,principal
SKU_1010_BRI,2026-01-01,0,0.0,0.0,principal
SKU_1011_CER,2026-01-01,72,5001.93,18712.8,principal
SKU_1011_MIN,2026-01-01,54,3751.45,14034.6,principal
SKU_1012_VAN,2026-01-01,124,35719.48,120267.6,principal
SKU_1012_CLO,2026-01-01,157,45225.47,152274.3,principal
SKU_1013_LIG,2026-01-01,92,6295.92,16550.8,principal
SKU_1013_LIG,2026-01-01,92,6295.92,16550.8,principal
SKU_1014_FLA,2026-01-01,135,17869.53,53986.5,principal
SKU_1014_MIN,2026-01-01,155,20516.87,61984.5,principal
SKU_1015_ROY,2026-01-01,152,47036.69,142104.8,principal
SKU_1015_TUR,2026-01-01,51,15782.05,47679.9,principal
SKU_1016_HON,2026-01-01,55,3912.25,11819.5,principal
SKU_1016_SNO,2026-01-01,0,0.0,0.0,principal
SKU_1017_PAS,2026-01-01,164,7817.58,24583.6,principal
SKU_1017_BAL,2026-01-01,87,4147.13,13041.3,principal
SKU_1018_TEA,2026-01-01,158,6024.26,18944.2,principal
SKU_1018_ARM,2026-01-01,165,6291.15,19783.5,principal
SKU_1019_NAV,2026-01-01,65,5348.93,17218.5,principal
SKU_1019_GAR,2026-01-01,81,6665.59,21456.9,principal
SKU_1020_NAV,2026-01-01,54,3285.01,10794.6,principal
SKU_1020_LIG,2026-01-01,100,6083.36,19990.0,principal
SKU_1021_CRE,2026-01-01,87,6625.38,24786.3,principal
SKU_1021_PAS,2026-01-01,176,13403.06,50142.4,principal
SKU_1022_PAL,2026-01-01,142,14854.24,45425.8,principal
SKU_1022_DEN,2026-01-01,63,6590.26,20153.7,principal
SKU_1023_DEN,2026-01-01,142,15596.25,39745.8,principal
SKU_1023_FOR,2026-01-01,180,19769.9,50382.0,principal
SKU_1024_VAN,2026-01-01,165,13166.27,34633.5,principal
SKU_1024_DEN,2026-01-01,76,6064.46,15952.4,principal
SKU_1025_WHI,2026-01-01,119,18349.59,57703.1,principal
SKU_1025_MIN,2026-01-01,104,16036.61,50429.6,principal
SKU_1026_CLO,2026-01-01,0,0.0,0.0,principal
SKU_1026_SPA,2026-01-01,62,8468.27,25723.8,principal
SKU_1027_MAR,2026-01-01,189,25236.83,79361.1,principal
SKU_1027_BIR,2026-01-01,174,23233.91,73062.6,principal
SKU_1028_BLU,2026-01-01,99,19830.51,62360.1,principal
SKU_1028_AQU,2026-01-01,59,11818.18,37164.1,principal
SKU_1029_BLU,2026-01-01,179,13940.2,43837.1,principal
SKU_1029_BAL,2026-01-01,76,5918.74,18612.4,principal
SKU_1030_CRE,2026-01-01,92,19013.47,59790.8,principal
SKU_1030_DEN,2026-01-01,69,14260.11,44843.1,principal
SKU_1031_COR,2026-01-01,154,24207.55,73134.6,principal
SKU_1031_HON,2026-01-01,0,0.0,0.0,principal
SKU_1032_EME,2026-01-01,153,16780.76,52769.7,principal
SKU_1032_HON,2026-01-01,154,16890.44,53114.6,principal
SKU_1033_NAV,2026-01-01,164,33893.58,106583.6,principal
SKU_1033_LIM,2026-01-01,111,22940.17,72138.9,principal
SKU_1034_PAS,2026-01-01,87,6154.82,18696.3,principal
SKU_1034_PIS,2026-01-01,109,7711.21,23424.1,principal
SKU_1035_SAP,2026-01-01,172,35820.41,112642.8,principal
SKU_1035_FUC,2026-01-01,160,33321.31,104784.0,principal
SKU_1036_BIR,2026-01-01,80,19749.37,59992.0,principal
SKU_1036_MID,2026-01-01,88,21724.3,65991.2,principal
SKU_1037_PRI,2026-01-01,54,3604.4,11334.6,principal
SKU_1037_SPA,2026-01-01,107,7142.06,22459.3,principal
SKU_1038_LIG,2026-01-01,51,4133.97,12999.9,principal
SKU_1038_FLA,2026-01-01,116,9402.75,29568.4,principal
SKU_1039_ARM,2026-01-01,71,3640.3,10997.9,principal
SKU_1039_MIN,2026-01-01,87,4460.66,13476.3,principal
SKU_1040_BLA,2026-01-01,85,9145.21,29741.5,principal
SKU_1040_BAB,2026-01-01,85,9145.21,29741.5,principal
SKU_1041_EME,2026-01-01,106,6936.18,23309.4,principal
SKU_1041_SNO,2026-01-01,66,4318.75,14513.4,principal
SKU_1042_SEA,2026-01-01,124,11491.71,39047.6,principal
SKU_1042_EME,2026-01-01,163,15106.04,51328.7,principal
SKU_1043_SPA,2026-01-01,55,14291.49,48119.5,principal
SKU_1043_CER,2026-01-01,78,20267.93,68242.2,principal
SKU_1044_SER,2026-01-01,186,60841.71,159941.4,principal
SKU_1044_COR,2026-01-01,125,40888.24,107487.5,principal
SKU_1045_FOR,2026-01-01,50,4845.14,12745.0,principal
SKU_1045_BUB,2026-01-01,131,12694.26,33391.9,principal
SKU_1046_SNO,2026-01-01,0,0.0,0.0,principal
SKU_1046_PAS,2026-01-01,74,3916.59,11832.6,principal
SKU_1047_ROY,2026-01-01,168,11672.12,35263.2,principal
SKU_1047_DEE,2026-01-01,62,4307.57,13013.8,principal
SKU_1048_MAR,2026-01-01,146,11530.36,35025.4,principal
SKU_1048_PEA,2026-01-01,0,0.0,0.0,principal
SKU_1049_BAL,2026-01-01,153,38022.5,115499.7,principal
SKU_1049_LIG,2026-01-01,176,43738.3,132862.4,principal
SKU_1050_BUB,2026-01-01,0,0.0,0.0,principal
SKU_1050_PRI,2026-01-01,154,13693.84,46954.6,principal
SKU_1051_CLE,2026-01-01,126,28734.56,94487.4,principal
SKU_1051_LIG,2026-01-01,170,38768.86,127483.0,principal
SKU_1052_PAS,2026-01-01,142,13162.54,46135.8,principal
SKU_1052_FRE,2026-01-01,112,10381.72,36388.8,principal
SKU_1053_SHO,2026-01-01,0,0.0,0.0,principal
SKU_1053_NAV,2026-01-01,59,6171.83,18874.1,principal
SKU_1054_DEE,2026-01-01,105,13281.07,37264.5,principal
SKU_1054_PAS,2026-01-01,72,9107.02,25552.8,principal
SKU_1055_LIG,2026-01-01,188,70622.56,213361.2,principal
SKU_1055_PAL,2026-01-01,0,0.0,0.0,principal
SKU_1056_CRE,2026-01-01,135,10496.51,31711.5,principal
SKU_1056_OLI,2026-01-01,162,12595.81,38053.8,principal
SKU_1057_ROY,2026-01-01,58,3530.41,10724.2,principal
SKU_1057_SNO,2026-01-01,0,0.0,0.0,principal
SKU_1058_MID,2026-01-01,66,4090.56,12863.4,principal
SKU_1058_SHO,2026-01-01,122,7561.34,23777.8,principal
SKU_1059_PEA,2026-01-01,92,8773.87,27590.8,principal
SKU_1059_OFF,2026-01-01,156,14877.44,46784.4,principal
SKU_1060_CRE,2026-01-01,142,48444.87,157605.8,principal
SKU_1060_LIM,2026-01-01,59,20128.5,65484.1,principal
SKU_1061_PAS,2026-01-01,153,17694.95,62714.7,principal
SKU_1061_EGR,2026-01-01,60,6939.2,24594.0,principal
SKU_1062_OLI,2026-01-01,166,9467.22,33183.4,principal
SKU_1062_MID,2026-01-01,130,7414.09,25987.0,principal
SKU_1063_SNO,2026-01-01,111,6506.08,20523.9,principal
SKU_1063_SAP,2026-01-01,60,3516.8,11094.0,principal
SKU_1064_PRI,2026-01-01,100,6768.04,18990.0,principal
SKU_1064_BIR,2026-01-01,140,9475.25,26586.0,principal
SKU_1065_CLE,2026-01-01,141,29934.45,90930.9,principal
SKU_1065_COB,2026-01-01,126,26749.94,81257.4,principal
SKU_1066_IVO,2026-01-01,173,10301.61,31122.7,principal
SKU_1066_WHI,2026-01-01,80,4763.75,14392.0,principal
SKU_1067_EME,2026-01-01,79,6654.82,20927.1,principal
SKU_1067_WHI,2026-01-01,74,6233.63,19602.6,principal
SKU_1068_COR,2026-01-01,75,19733.39,59617.5,principal
SKU_1068_BAL,2026-01-01,0,0.0,0.0,principal
SKU_1069_OLI,2026-01-01,0,0.0,0.0,principal
SKU_1069_CRE,2026-01-01,88,15434.93,46631.2,principal
SKU_1070_LIG,2026-01-01,0,0.0,0.0,principal
SKU_1070_MID,2026-01-01,153,17466.77,52769.7,principal
SKU_1071_BAB,2026-01-01,176,15637.79,47502.4,principal
SKU_1071_SKY,2026-01-01,146,12972.26,39405.4,principal
SKU_1072_PAS,2026-01-01,152,23138.49,69904.8,principal
SKU_1072_CER,2026-01-01,133,20246.18,61166.7,principal
SKU_1073_FRE,2026-01-01,91,9635.71,29110.9,principal
SKU_1073_BLU,2026-01-01,116,12282.88,37108.4,principal
SKU_1074_JAD,2026-01-01,137,9241.07,28071.3,principal
SKU_1074_PRI,2026-01-01,174,11736.84,35652.6,principal
SKU_1075_NAV,2026-01-01,101,9311.01,29279.9,principal
SKU_1075_LIG,2026-01-01,166,15303.24,48123.4,principal
SKU_1076_BLU,2026-01-01,0,0.0,0.0,principal
SKU_1076_POW,2026-01-01,140,9904.31,30086.0,principal
SKU_1077_NAV,2026-01-01,65,4752.03,14943.5,principal
SKU_1077_MAR,2026-01-01,84,6141.09,19311.6,principal
SKU_1078_GAR,2026-01-01,0,0.0,0.0,principal
SKU_1078_BLU,2026-01-01,161,15866.26,49893.9,principal
SKU_1079_BAB,2026-01-01,103,9321.2,28314.7,principal
SKU_1079_JAD,2026-01-01,153,13846.05,42059.7,principal
SKU_1080_TEA,2026-01-01,109,16460.98,51764.1,principal
SKU_1080_MAR,2026-01-01,72,10873.31,34192.8,principal
SKU_1081_EGR,2026-01-01,58,5096.24,16234.2,principal
SKU_1081_PAS,2026-01-01,125,10983.28,34987.5,principal
SKU_1082_PIN,2026-01-01,156,10068.58,32744.4,principal
SKU_1082_LIG,2026-01-01,172,11101.25,36102.8,principal
SKU_1083_OFF,2026-01-01,56,7579.52,25754.4,principal
SKU_1083_BAB,2026-01-01,133,18001.36,61166.7,principal
SKU_1084_DUS,2026-01-01,63,20392.93,62363.7,principal
SKU_1084_PAS,2026-01-01,81,26219.48,80181.9,principal
SKU_1085_COB,2026-01-01,114,18618.18,56988.6,principal
SKU_1085_CRE,2026-01-01,84,13718.66,41991.6,principal
SKU_1086_PRI,2026-01-01,177,15620.38,39807.3,principal
SKU_1086_CRE,2026-01-01,72,6354.05,16192.8,principal
SKU_1087_BIR,2026-01-01,84,12158.91,31491.6,principal
SKU_1087_SNO,2026-01-01,142,20554.34,53235.8,principal
SKU_1088_CER,2026-01-01,130,30594.86,92937.0,principal
SKU_1088_HON,2026-01-01,141,33183.66,100800.9,principal
SKU_1089_GAR,2026-01-01,180,17545.68,60282.0,principal
SKU_1089_EGR,2026-01-01,120,11697.12,40188.0,principal
SKU_1090_PAL,2026-01-01,175,7580.7,23607.5,principal
SKU_1090_WHI,2026-01-01,88,3812.01,11871.2,principal
SKU_1091_OFF,2026-01-01,65,5471.23,20468.5,principal
SKU_1091_MOS,2026-01-01,126,10605.77,39677.4,principal
SKU_1092_TUR,2026-01-01,142,15318.58,46845.8,principal
SKU_1092_MIN,2026-01-01,186,20065.18,61361.4,principal
SKU_1093_GAR,2026-01-01,0,0.0,0.0,principal
SKU_1093_TEA,2026-01-01,83,34459.14,96686.7,principal
SKU_1094_FOR,2026-01-01,80,7143.97,18792.0,principal
SKU_1094_DEE,2026-01-01,179,15984.63,42047.1,principal
SKU_1095_COB,2026-01-01,139,18527.74,56281.1,principal
SKU_1095_MAG,2026-01-01,0,0.0,0.0,principal
SKU_1096_HOT,2026-01-01,139,12807.89,38906.1,principal
SKU_1096_CLE,2026-01-01,53,4883.58,14834.7,principal
SKU_1097_AQU,2026-01-01,0,0.0,0.0,principal
SKU_1097_PAL,2026-01-01,126,8962.62,27077.4,principal
SKU_1098_HON,2026-01-01,0,0.0,0.0,principal
SKU_1098_HUN,2026-01-01,161,18380.07,55528.9,principal
SKU_1099_SAL,2026-01-01,61,4564.04,15243.9,principal
SKU_1099_PRI,2026-01-01,84,6284.91,20991.6,principal
SKU_1100_PEA,2026-01-01,78,3940.29,14422.2,principal
SKU_1100_COB,2026-01-01,0,0.0,0.0,principal
SKU_1101_CLE,2026-01-01,0,0.0,0.0,principal
SKU_1101_DEE,2026-01-01,120,13308.33,49788.0,principal
SKU_1102_FLA,2026-01-01,189,54443.4,183311.1,principal
SKU_1102_OFF,2026-01-01,136,39176.2,131906.4,principal
SKU_1103_EGR,2026-01-01,73,3607.22,9482.7,principal
SKU_1103_LIG,2026-01-01,51,2520.11,6624.9,principal
SKU_1104_POW,2026-01-01,73,4346.92,13132.7,principal
SKU_1104_MEX,2026-01-01,118,7026.53,21228.2,principal
SKU_1105_ARM,2026-01-01,0,0.0,0.0,principal
SKU_1105_SER,2026-01-01,172,11601.93,35242.8,principal
SKU_1106_MYS,2026-01-01,118,29264.97,92028.2,principal
SKU_1106_SNO,2026-01-01,78,19344.64,60832.2,principal
SKU_1107_BAL,2026-01-01,148,48473.12,147245.2,principal
SKU_1107_PAS,2026-01-01,52,17031.1,51734.8,principal
SKU_1108_PRI,2026-01-01,115,9512.44,28738.5,principal
SKU_1108_SNO,2026-01-01,97,8023.54,24240.3,principal
SKU_1109_SAG,2026-01-01,0,0.0,0.0,principal
SKU_1109_CER,2026-01-01,187,11790.36,42991.3,principal
SKU_1110_FLA,2026-01-01,157,9913.86,36094.3,principal
SKU_1110_HUN,2026-01-01,0,0.0,0.0,principal
SKU_1111_CRE,2026-01-01,46,2580.89,9655.4,principal
SKU_1111_BLU,2026-01-01,83,4656.82,17421.7,principal
SKU_1112_MIN,2026-01-01,110,8980.98,30239.0,principal
SKU_1112_EGR,2026-01-01,89,7266.43,24466.1,principal
SKU_1113_VAN,2026-01-01,0,0.0,0.0,principal
SKU_1113_OLI,2026-01-01,0,0.0,0.0,principal
SKU_1114_GAR,2026-01-01,91,12045.39,36390.9,principal
SKU_1114_PRI,2026-01-01,131,17340.06,52386.9,principal
SKU_1115_LIM,2026-01-01,135,9602.81,29011.5,principal
SKU_1115_TEA,2026-01-01,0,0.0,0.0,principal
SKU_1116_MOS,2026-01-01,92,7265.71,22070.8,principal
SKU_1116_SNO,2026-01-01,106,8371.36,25429.4,principal
SKU_1117_MOS,2026-01-01,113,8224.92,24848.7,principal
SKU_1117_MIN,2026-01-01,159,11573.12,34964.1,principal
SKU_1118_FUC,2026-01-01,111,10834.92,32733.9,principal
SKU_1118_DUS,2026-01-01,76,7418.5,22412.4,principal
SKU_1119_PAS,2026-01-01,63,2901.47,8813.7,principal
SKU_1119_LIG,2026-01-01,0,0.0,0.0,principal
SKU_1120_AQU,2026-01-01,76,5797.9,18232.4,principal
SKU_1120_SAL,2026-01-01,141,10756.64,33825.9,principal
SKU_1121_MYS,2026-01-01,126,10365.65,31487.4,principal
SKU_1121_MIN,2026-01-01,158,12998.2,39484.2,principal
SKU_1122_ROY,2026-01-01,93,13079.7,39515.7,principal
SKU_1122_PIS,2026-01-01,178,25034.26,75632.2,principal
SKU_1123_BAB,2026-01-01,72,10245.38,30952.8,principal
SKU_1123_SER,2026-01-01,0,0.0,0.0,principal
SKU_1124_BLU,2026-01-01,172,21510.85,65342.8,principal
SKU_1124_FOR,2026-01-01,137,17133.64,52046.3,principal
SKU_1125_MIN,2026-01-01,151,7948.5,24144.9,principal
SKU_1125_SAP,2026-01-01,86,4526.96,13751.4,principal
SKU_1126_WHI,2026-01-01,145,32871.78,99310.5,principal
SKU_1126_WHI,2026-01-01,145,32871.78,99310.5,principal
SKU_1127_SAL,2026-01-01,158,10397.52,31584.2,principal
SKU_1127_BLU,2026-01-01,68,4474.88,13593.2,principal
SKU_1128_PRI,2026-01-01,141,19026.41,57795.9,principal
SKU_1128_TEA,2026-01-01,0,0.0,0.0,principal
SKU_1129_VAN,2026-01-01,123,15670.43,47342.7,principal
SKU_1129_SAG,2026-01-01,78,9937.35,30022.2,principal
SKU_1130_CRE,2026-01-01,50,3701.48,12495.0,principal
SKU_1130_MEX,2026-01-01,123,9105.63,30737.7,principal
SKU_1131_CLO,2026-01-01,147,39847.97,130080.3,principal
SKU_1131_JAD,2026-01-01,63,17077.7,55748.7,principal
SKU_1132_NAV,2026-01-01,0,0.0,0.0,principal
SKU_1132_CLE,2026-01-01,181,9316.63,31656.9,principal
SKU_1133_MOS,2026-01-01,78,21078.74,70972.2,principal
SKU_1133_PEA,2026-01-01,158,42697.97,143764.2,principal
SKU_1134_DUS,2026-01-01,68,6001.05,15293.2,principal
SKU_1134_PIN,2026-01-01,163,14384.87,36658.7,principal
SKU_1135_ROS,2026-01-01,118,8070.11,21228.2,principal
SKU_1135_MAR,2026-01-01,82,5608.04,14751.8,principal
SKU_1136_SNO,2026-01-01,113,9296.18,28238.7,principal
SKU_1136_FUC,2026-01-01,60,4936.02,14994.0,principal
SKU_1137_DEE,2026-01-01,71,9141.83,28747.9,principal
SKU_1137_PAL,2026-01-01,149,19184.97,60330.1,principal
SKU_1138_PEA,2026-01-01,155,11085.32,34859.5,principal
SKU_1138_HON,2026-01-01,124,8868.26,27887.6,principal
SKU_1139_PRI,2026-01-01,111,10651.22,32178.9,principal
SKU_1139_EGR,2026-01-01,140,13433.97,40586.0,principal
SKU_1140_SNO,2026-01-01,149,8905.58,29785.1,principal
SKU_1140_ROS,2026-01-01,0,0.0,0.0,principal
SKU_1141_SKY,2026-01-01,73,8060.79,26637.7,principal
SKU_1141_CLE,2026-01-01,183,20207.18,66776.7,principal
SKU_1142_MIN,2026-01-01,86,7813.55,29231.4,principal
SKU_1142_PAS,2026-01-01,77,6995.86,26172.3,principal
SKU_1143_IVO,2026-01-01,131,8348.93,25531.9,principal
SKU_1143_SNO,2026-01-01,58,3696.47,11304.2,principal
SKU_1144_SEA,2026-01-01,147,18447.61,48495.3,principal
SKU_1144_BUB,2026-01-01,178,22337.92,58722.2,principal
SKU_1145_MOS,2026-01-01,115,17125.44,51738.5,principal
SKU_1145_LIG,2026-01-01,0,0.0,0.0,principal
SKU_1146_FRE,2026-01-01,61,9436.16,28663.9,principal
SKU_1146_CER,2026-01-01,134,20728.6,62966.6,principal
SKU_1147_COR,2026-01-01,182,21078.68,63681.8,principal
SKU_1147_MEX,2026-01-01,0,0.0,0.0,principal
SKU_1148_TEA,2026-01-01,88,12667.77,38271.2,principal
SKU_1148_SPA,2026-01-01,160,23032.3,69584.0,principal
SKU_1149_IVO,2026-01-01,108,5491.61,17269.2,principal
SKU_1149_OLI,2026-01-01,127,6457.72,20307.3,principal
SKU_1150_SAG,2026-01-01,135,26870.12,85711.5,principal
SKU_1150_VAN,2026-01-01,171,34035.48,108567.9,principal
SKU_1151_CRE,2026-01-01,128,31653.16,103667.2,principal
SKU_1151_JAD,2026-01-01,131,32395.03,106096.9,principal
SKU_1152_CLO,2026-01-01,176,47745.77,178622.4,principal
SKU_1152_WHI,2026-01-01,108,29298.54,109609.2,principal
SKU_1153_PEA,2026-01-01,167,18594.67,62608.3,principal
SKU_1153_MOS,2026-01-01,68,7571.48,25493.2,principal
SKU_1154_VAN,2026-01-01,93,19520.21,49745.7,principal
SKU_1154_PEA,2026-01-01,116,24347.79,62048.4,principal
SKU_1155_ARM,2026-01-01,146,43009.55,113135.4,principal
SKU_1155_BAB,2026-01-01,99,29164.01,76715.1,principal
SKU_1156_FLA,2026-01-01,162,14676.91,46153.8,principal
SKU_1156_EGR,2026-01-01,91,8244.44,25925.9,principal
SKU_1157_DEE,2026-01-01,128,8001.93,24307.2,principal
SKU_1157_PAS,2026-01-01,106,6626.6,20129.4,principal
SKU_1158_AQU,2026-01-01,168,36857.22,115903.2,principal
SKU_1158_MYS,2026-01-01,96,21061.27,66230.4,principal
SKU_1159_PAS,2026-01-01,95,5656.96,17090.5,principal
SKU_1159_PRI,2026-01-01,103,6133.33,18529.7,principal
SKU_1160_DUS,2026-01-01,157,10648.04,32169.3,principal
SKU_1160_LIM,2026-01-01,57,3865.85,11679.3,principal
SKU_1161_MEX,2026-01-01,87,12235.85,36966.3,principal
SKU_1161_DUS,2026-01-01,0,0.0,0.0,principal
SKU_1162_HOT,2026-01-01,169,40838.55,128423.1,principal
SKU_1162_BUB,2026-01-01,163,39388.66,123863.7,principal
SKU_1163_HUN,2026-01-01,140,11517.39,34986.0,principal
SKU_1163_SPA,2026-01-01,141,11599.66,35235.9,principal
SKU_1164_BRI,2026-01-01,166,10552.32,33183.4,principal
SKU_1164_MIN,2026-01-01,81,5149.02,16191.9,principal
SKU_1165_HUN,2026-01-01,0,0.0,0.0,principal
SKU_1165_MAR,2026-01-01,169,18266.91,57443.1,principal
SKU_1166_PIS,2026-01-01,85,16350.45,51416.5,principal
SKU_1166_FRE,2026-01-01,145,27891.94,87710.5,principal
SKU_1167_WHI,2026-01-01,105,24872.21,78214.5,principal
SKU_1167_JAD,2026-01-01,85,20134.65,63316.5,principal
SKU_1168_GAR,2026-01-01,140,35213.77,106386.0,principal
SKU_1168_BLU,2026-01-01,0,0.0,0.0,principal
SKU_1169_BUB,2026-01-01,124,7882.46,24787.6,principal
SKU_1169_MEX,2026-01-01,132,8391.0,26386.8,principal
SKU_1170_GAR,2026-01-01,110,32406.12,98439.0,principal
SKU_1170_OFF,2026-01-01,65,19149.07,58168.5,principal
SKU_1171_MIN,2026-01-01,68,3849.39,12573.2,principal
SKU_1171_EME,2026-01-01,128,7245.92,23667.2,principal
SKU_1172_ARM,2026-01-01,51,5632.31,18354.9,principal
SKU_1172_PIN,2026-01-01,53,5853.19,19074.7,principal
SKU_1173_GAR,2026-01-01,57,4946.98,16809.3,principal
SKU_1173_AQU,2026-01-01,61,5294.13,17988.9,principal
SKU_1174_PEA,2026-01-01,92,6121.52,19310.8,principal
SKU_1174_BLU,2026-01-01,79,5256.53,16582.1,principal
SKU_1175_FUC,2026-01-01,58,5114.23,15654.2,principal
SKU_1175_CLE,2026-01-01,77,6789.58,20782.3,principal
SKU_1176_GAR,2026-01-01,183,22617.33,59456.7,principal
SKU_1176_NAV,2026-01-01,165,20392.67,53608.5,principal
SKU_1177_MIN,2026-01-01,157,12399.09,37664.3,principal
SKU_1177_PEA,2026-01-01,97,7660.58,23270.3,principal
SKU_1178_RAS,2026-01-01,159,16174.78,50864.1,principal
SKU_1178_MID,2026-01-01,118,12003.93,37748.2,principal
SKU_1179_TUR,2026-01-01,123,13294.85,41807.7,principal
SKU_1179_VAN,2026-01-01,157,16969.85,53364.3,principal
SKU_1180_ROY,2026-01-01,147,22440.86,77895.3,principal
SKU_1180_AQU,2026-01-01,92,14044.62,48750.8,principal
SKU_1181_AQU,2026-01-01,169,15170.5,48993.1,principal
SKU_1181_SER,2026-01-01,116,10412.89,33628.4,principal
SKU_1182_BIR,2026-01-01,106,26870.94,89029.4,principal
SKU_1182_PIN,2026-01-01,112,28391.94,94068.8,principal
SKU_1183_POW,2026-01-01,107,23194.14,69539.3,principal
SKU_1183_MOS,2026-01-01,162,35116.36,105283.8,principal
SKU_1184_HOT,2026-01-01,128,15249.11,43507.2,principal
SKU_1184_BAB,2026-01-01,0,0.0,0.0,principal
SKU_1185_BAL,2026-01-01,76,28479.29,75232.4,principal
SKU_1185_MAG,2026-01-01,122,45716.75,120767.8,principal
SKU_1186_FLA,2026-01-01,0,0.0,0.0,principal
SKU_1186_MEX,2026-01-01,151,23606.9,71709.9,principal
SKU_1187_JAD,2026-01-01,79,8103.58,24482.1,principal
SKU_1187_OLI,2026-01-01,108,11078.31,33469.2,principal
SKU_1188_TEA,2026-01-01,57,4526.19,13674.3,principal
SKU_1188_BAB,2026-01-01,63,5002.63,15113.7,principal
SKU_1189_FUC,2026-01-01,0,0.0,0.0,principal
SKU_1189_ROY,2026-01-01,176,13684.33,41342.4,principal
SKU_1190_TEA,2026-01-01,87,14669.37,50451.3,principal
SKU_1190_MAG,2026-01-01,120,20233.62,69588.0,principal
SKU_1191_MIN,2026-01-01,52,2993.03,9614.8,principal
SKU_1191_MYS,2026-01-01,118,6791.87,21818.2,principal
SKU_1192_MAR,2026-01-01,79,5087.08,18557.1,principal
SKU_1192_RAS,2026-01-01,0,0.0,0.0,principal
SKU_1193_CLE,2026-01-01,108,15185.9,48049.2,principal
SKU_1193_ROS,2026-01-01,66,9280.27,29363.4,principal
SKU_1194_FLA,2026-01-01,105,8097.66,23089.5,principal
SKU_1194_SAG,2026-01-01,90,6940.85,19791.0,principal
SKU_1195_HUN,2026-01-01,114,18264.54,53568.6,principal
SKU_1195_SAL,2026-01-01,0,0.0,0.0,principal
SKU_1196_PEA,2026-01-01,0,0.0,0.0,principal
SKU_1196_RAS,2026-01-01,0,0.0,0.0,principal
SKU_1197_ROS,2026-01-01,95,24859.7,75515.5,principal
SKU_1197_COR,2026-01-01,57,14915.82,45309.3,principal
SKU_1198_SEA,2026-01-01,126,13418.77,42197.4,principal
SKU_1198_SAL,2026-01-01,64,6815.88,21433.6,principal
SKU_1199_PAL,2026-01-01,133,7652.83,27916.7,principal
SKU_1199_TEA,2026-01-01,114,6559.57,23928.6,principal
SKU_1200_MID,2026-01-01,176,9375.52,31662.4,principal
SKU_1200_PAS,2026-01-01,134,7138.18,24106.6,principal
SKU_1201_BIR,2026-01-01,0,0.0,0.0,principal
SKU_1201_SAG,2026-01-01,153,23631.83,74189.7,principal
SKU_1202_LIG,2026-01-01,160,47448.82,130384.0,principal
SKU_1202_CLE,2026-01-01,152,45076.38,123864.8,principal
SKU_1203_OFF,2026-01-01,0,0.0,0.0,principal
SKU_1203_FLA,2026-01-01,101,27889.34,76749.9,principal
SKU_1204_AQU,2026-01-01,44,5939.67,15395.6,principal
SKU_1204_MIN,2026-01-01,138,18628.96,48286.2,principal
SKU_1205_RAS,2026-01-01,109,28679.2,86644.1,principal
SKU_1205_COR,2026-01-01,82,21575.18,65181.8,principal
SKU_1206_HUN,2026-01-01,133,18265.14,55181.7,principal
SKU_1206_BLA,2026-01-01,53,7278.59,21989.7,principal
SKU_1207_POW,2026-01-01,113,37939.87,115248.7,principal
SKU_1207_BLA,2026-01-01,67,22495.32,68333.3,principal
SKU_1208_PAS,2026-01-01,84,20587.27,54171.6,principal
SKU_1208_MOS,2026-01-01,84,20587.27,54171.6,principal
SKU_1209_BLA,2026-01-01,117,12628.14,32748.3,principal
SKU_1209_DUS,2026-01-01,94,10145.68,26310.6,principal
SKU_1210_SHO,2026-01-01,112,8977.25,22948.8,principal
SKU_1210_WHI,2026-01-01,146,11702.49,29915.4,principal
SKU_1211_GAR,2026-01-01,169,17797.57,54063.1,principal
SKU_1211_CRE,2026-01-01,179,18850.68,57262.1,principal
SKU_1212_COB,2026-01-01,179,12517.15,39362.1,principal
SKU_1212_SNO,2026-01-01,97,6783.04,21330.3,principal
SKU_1213_MAG,2026-01-01,95,27361.62,83115.5,principal
SKU_1213_POW,2026-01-01,81,23329.38,70866.9,principal
SKU_1214_BLA,2026-01-01,113,10624.55,33888.7,principal
SKU_1214_RAS,2026-01-01,119,11188.68,35688.1,principal
SKU_1215_MAG,2026-01-01,130,8971.46,28587.0,principal
SKU_1215_BRI,2026-01-01,63,4347.71,13853.7,principal
SKU_1216_WHI,2026-01-01,170,25896.83,96883.0,principal
SKU_1216_CRE,2026-01-01,171,26049.16,97452.9,principal
SKU_1217_ROS,2026-01-01,106,27550.28,86909.4,principal
SKU_1217_RAS,2026-01-01,95,24691.29,77890.5,principal
SKU_1218_BLU,2026-01-01,103,26469.22,67454.7,principal
SKU_1218_SNO,2026-01-01,50,12849.14,32745.0,principal
SKU_1219_MAR,2026-01-01,129,19366.15,50942.1,principal
SKU_1219_LIM,2026-01-01,0,0.0,0.0,principal
SKU_1220_TUR,2026-01-01,87,8780.21,26526.3,principal
SKU_1220_HOT,2026-01-01,56,5651.63,17074.4,principal
SKU_1221_SAG,2026-01-01,121,28277.48,88922.9,principal
SKU_1221_PAL,2026-01-01,0,0.0,0.0,principal
SKU_1222_PAS,2026-01-01,101,28092.25,85334.9,principal
SKU_1222_HON,2026-01-01,115,31986.22,97163.5,principal
SKU_1223_TEA,2026-01-01,176,8395.39,25502.4,principal
SKU_1223_BLA,2026-01-01,87,4149.99,12606.3,principal
SKU_1224_OLI,2026-01-01,0,0.0,0.0,principal
SKU_1224_ARM,2026-01-01,61,8276.01,25308.9,principal
SKU_1225_POW,2026-01-01,112,7291.4,24068.8,principal
SKU_1225_IVO,2026-01-01,171,11132.41,36747.9,principal
SKU_1226_PAL,2026-01-01,166,22964.77,80493.4,principal
SKU_1226_LIG,2026-01-01,135,18676.17,65461.5,principal
SKU_1227_CLO,2026-01-01,117,13896.13,46788.3,principal
SKU_1227_PAS,2026-01-01,137,16271.53,54786.3,principal
SKU_1228_WHI,2026-01-01,173,19679.92,50152.7,principal
SKU_1228_SPA,2026-01-01,83,9441.81,24061.7,principal
SKU_1229_SAL,2026-01-01,79,22363.25,67932.1,principal
SKU_1229_CLO,2026-01-01,143,40480.31,122965.7,principal
SKU_1230_ROS,2026-01-01,118,15534.36,47188.2,principal
SKU_1230_NAV,2026-01-01,134,17640.71,53586.6,principal
SKU_1231_LIG,2026-01-01,134,21285.48,64306.6,principal
SKU_1231_BIR,2026-01-01,0,0.0,0.0,principal
SKU_1232_AQU,2026-01-01,54,6343.48,19164.6,principal
SKU_1232_FOR,2026-01-01,0,0.0,0.0,principal
SKU_1233_JAD,2026-01-01,93,7344.68,22310.7,principal
SKU_1233_SEA,2026-01-01,140,11056.51,33586.0,principal
SKU_1234_MOS,2026-01-01,62,4120.94,12703.8,principal
SKU_1234_SAL,2026-01-01,0,0.0,0.0,principal
SKU_1235_HUN,2026-01-01,0,0.0,0.0,principal
SKU_1235_COR,2026-01-01,143,19383.94,67195.7,principal
SKU_1236_DEE,2026-01-01,100,17666.9,56990.0,principal
SKU_1236_LIM,2026-01-01,185,32683.76,105431.5,principal
SKU_1237_BAB,2026-01-01,100,28527.15,99990.0,principal
SKU_1237_GAR,2026-01-01,171,48781.42,170982.9,principal
SKU_1238_SAP,2026-01-01,134,19535.63,61626.6,principal
SKU_1238_TUR,2026-01-01,0,0.0,0.0,principal
SKU_1239_BAB,2026-01-01,56,6601.61,17354.4,principal
SKU_1239_MID,2026-01-01,58,6837.39,17974.2,principal
SKU_1240_PAL,2026-01-01,192,63200.08,191980.8,principal
SKU_1240_MOS,2026-01-01,0,0.0,0.0,principal
SKU_1241_BAL,2026-01-01,66,7819.62,23753.4,principal
SKU_1241_FLA,2026-01-01,69,8175.06,24833.1,principal
SKU_1242_AQU,2026-01-01,167,16723.08,52588.3,principal
SKU_1242_SKY,2026-01-01,167,16723.08,52588.3,principal
SKU_1243_SNO,2026-01-01,87,7052.39,21306.3,principal
SKU_1243_PIN,2026-01-01,178,14429.02,43592.2,principal
SKU_1244_COB,2026-01-01,178,16409.5,51602.2,principal
SKU_1244_GAR,2026-01-01,85,7836.0,24641.5,principal
SKU_1245_COB,2026-01-01,87,5383.61,18261.3,principal
SKU_1245_SNO,2026-01-01,0,0.0,0.0,principal
SKU_1246_PAL,2026-01-01,116,9550.3,34208.4,principal
SKU_1246_COR,2026-01-01,78,6421.75,23002.2,principal
SKU_1247_SAP,2026-01-01,56,2874.23,10074.4,principal
SKU_1247_SKY,2026-01-01,124,6364.36,22307.6,principal
SKU_1248_AQU,2026-01-01,58,3222.32,9854.2,principal
SKU_1248_SAG,2026-01-01,86,4777.93,14611.4,principal
SKU_1249_WHI,2026-01-01,97,9958.99,26180.3,principal
SKU_1249_ARM,2026-01-01,154,15811.17,41564.6,principal
SKU_1250_AQU,2026-01-01,83,7101.4,21571.7,principal
SKU_1250_BAB,2026-01-01,105,8983.7,27289.5,principal
SKU_1251_SHO,2026-01-01,67,20289.68,61633.3,principal
SKU_1251_COB,2026-01-01,0,0.0,0.0,principal
SKU_1252_NAV,2026-01-01,108,7723.97,24289.2,principal
SKU_1252_FLA,2026-01-01,74,5292.35,16642.6,principal
SKU_1253_SEA,2026-01-01,181,21444.71,65141.9,principal
SKU_1253_FRE,2026-01-01,114,13506.62,41028.6,principal
SKU_1254_SEA,2026-01-01,0,0.0,0.0,principal
SKU_1254_BAB,2026-01-01,45,2828.56,8545.5,principal
SKU_1255_VAN,2026-01-01,42,6261.4,20155.8,principal
SKU_1255_SHO,2026-01-01,178,26536.41,85422.2,principal
SKU_1256_SEA,2026-01-01,157,31051.08,102034.3,principal
SKU_1256_MID,2026-01-01,176,34808.85,114382.4,principal
SKU_1257_SPA,2026-01-01,86,5027.39,17621.4,principal
SKU_1257_EME,2026-01-01,85,4968.93,17416.5,principal
SKU_1258_AQU,2026-01-01,93,7316.8,24635.7,principal
SKU_1258_LIG,2026-01-01,0,0.0,0.0,principal
SKU_1259_ARM,2026-01-01,75,9620.13,26992.5,principal
SKU_1259_POW,2026-01-01,0,0.0,0.0,principal
SKU_1260_WHI,2026-01-01,154,17326.06,52344.6,principal
SKU_1260_ROY,2026-01-01,174,19576.2,59142.6,principal
SKU_1261_PAS,2026-01-01,283,46106.67,140056.7,principal
SKU_1261_PAS,2026-01-01,283,46106.67,140056.7,principal
SKU_1262_BLU,2026-01-01,165,15013.66,45358.5,principal
SKU_1262_OFF,2026-01-01,0,0.0,0.0,principal
SKU_1263_COB,2026-01-01,0,0.0,0.0,principal
SKU_1263_SKY,2026-01-01,145,8826.02,26810.5,principal
SKU_1264_EGR,2026-01-01,190,37152.26,116831.0,principal
SKU_1264_BRI,2026-01-01,128,25028.89,78707.2,principal
SKU_1265_CRE,2026-01-01,113,8224.92,24848.7,principal
SKU_1265_JAD,2026-01-01,113,8224.92,24848.7,principal
SKU_1266_MEX,2026-01-01,109,10761.25,32689.1,principal
SKU_1266_SPA,2026-01-01,177,17474.69,53082.3,principal
SKU_1267_SKY,2026-01-01,137,15186.71,45881.3,principal
SKU_1267_SAP,2026-01-01,0,0.0,0.0,principal
SKU_1268_MYS,2026-01-01,85,9052.35,28466.5,principal
SKU_1268_MAR,2026-01-01,105,11182.31,35164.5,principal
SKU_1269_BAB,2026-01-01,111,37999.19,115428.9,principal
SKU_1269_CER,2026-01-01,58,19855.43,60314.2,principal
SKU_1270_CRE,2026-01-01,187,11690.32,35511.3,principal
SKU_1270_TUR,2026-01-01,129,8064.45,24497.1,principal
SKU_1271_OLI,2026-01-01,89,26073.0,79201.1,principal
SKU_1271_FLA,2026-01-01,50,14647.75,44495.0,principal
SKU_1272_PAS,2026-01-01,0,0.0,0.0,principal
SKU_1272_TEA,2026-01-01,109,13706.41,41409.1,principal
SKU_1273_PAS,2026-01-01,130,31620.97,99437.0,principal
SKU_1273_EGR,2026-01-01,0,0.0,0.0,principal
SKU_1274_MEX,2026-01-01,120,10108.58,31788.0,principal
SKU_1274_BAL,2026-01-01,177,14910.16,46887.3,principal
SKU_1275_MIN,2026-01-01,161,9799.92,29768.9,principal
SKU_1275_BIR,2026-01-01,113,6878.21,20893.7,principal
SKU_1276_WHI,2026-01-01,0,0.0,0.0,principal
SKU_1276_LIG,2026-01-01,184,9271.2,32181.6,principal
SKU_1277_MYS,2026-01-01,121,8662.94,32052.9,principal
SKU_1277_BAB,2026-01-01,230,16466.74,60927.0,principal
SKU_1278_BAB,2026-01-01,93,27326.23,95780.7,principal
SKU_1278_MOS,2026-01-01,215,63173.55,221428.5,principal
SKU_1279_FUC,2026-01-01,247,33371.01,112360.3,principal
SKU_1279_IVO,2026-01-01,183,24724.27,83246.7,principal
SKU_1280_LIM,2026-01-01,234,41690.46,116976.6,principal
SKU_1280_PRI,2026-01-01,0,0.0,0.0,principal
SKU_1281_PIS,2026-01-01,93,18734.55,49280.7,principal
SKU_1281_CER,2026-01-01,0,0.0,0.0,principal
SKU_1282_PIN,2026-01-01,174,12376.95,37392.6,principal
SKU_1282_BAL,2026-01-01,91,6473.0,19555.9,principal
SKU_1283_SNO,2026-01-01,280,16908.7,53172.0,principal
SKU_1283_BAB,2026-01-01,177,10688.71,33612.3,principal
SKU_1284_COR,2026-01-01,0,0.0,0.0,principal
SKU_1284_HOT,2026-01-01,212,49544.2,150498.8,principal
SKU_1285_WHI,2026-01-01,158,46017.01,139024.2,principal
SKU_1285_CLO,2026-01-01,251,73102.97,220854.9,principal
SKU_1286_MAR,2026-01-01,79,5820.38,19347.1,principal
SKU_1286_HOT,2026-01-01,187,13777.36,45796.3,principal
SKU_1287_NAV,2026-01-01,136,15231.77,51666.4,principal
SKU_1287_CER,2026-01-01,112,12543.81,42548.8,principal
SKU_1288_SAG,2026-01-01,73,5153.99,17512.7,principal
SKU_1288_BAB,2026-01-01,265,18709.68,63573.5,principal
SKU_1289_AQU,2026-01-01,463,155927.89,476843.7,principal
SKU_1289_AQU,2026-01-01,463,155927.89,476843.7,principal
SKU_1290_BIR,2026-01-01,240,46095.35,121176.0,principal
SKU_1290_PIN,2026-01-01,0,0.0,0.0,principal
SKU_1291_SAL,2026-01-01,68,5370.31,16313.2,principal
SKU_1291_SPA,2026-01-01,136,10740.61,32626.4,principal
SKU_1292_TEA,2026-01-01,238,24413.3,73756.2,principal
SKU_1292_FLA,2026-01-01,190,19489.61,58881.0,principal
SKU_1293_TEA,2026-01-01,202,20275.36,61589.8,principal
SKU_1293_OFF,2026-01-01,87,8732.46,26526.3,principal
SKU_1294_SEA,2026-01-01,67,4433.18,13393.3,principal
SKU_1294_COR,2026-01-01,0,0.0,0.0,principal
SKU_1295_PIS,2026-01-01,257,43562.81,132329.3,principal
SKU_1295_FLA,2026-01-01,0,0.0,0.0,principal
SKU_1296_DEE,2026-01-01,223,40460.92,144927.7,principal
SKU_1296_PEA,2026-01-01,0,0.0,0.0,principal
SKU_1297_WHI,2026-01-01,0,0.0,0.0,principal
SKU_1297_MIN,2026-01-01,227,14724.65,52187.3,principal
SKU_1298_OFF,2026-01-01,0,0.0,0.0,principal
SKU_1298_IVO,2026-01-01,0,0.0,0.0,principal
SKU_1299_BRI,2026-01-01,0,0.0,0.0,principal
SKU_1299_HOT,2026-01-01,90,5877.93,19791.0,principal
SKU_1300_BIR,2026-01-01,0,0.0,0.0,principal
SKU_1300_TEA,2026-01-01,172,70489.79,197782.8,principal
SKU_1301_AQU,2026-01-01,224,40181.36,122057.6,principal
SKU_1301_GAR,2026-01-01,265,47535.99,144398.5,principal
SKU_1302_EME,2026-01-01,133,18384.73,55846.7,principal
SKU_1302_DUS,2026-01-01,181,25019.83,76001.9,principal
SKU_1303_BIR,2026-01-01,136,7423.14,22426.4,principal
SKU_1303_SAP,2026-01-01,170,9278.92,28033.0,principal
SKU_1304_TUR,2026-01-01,236,37141.26,116796.4,principal
SKU_1304_GAR,2026-01-01,253,39816.68,125209.7,principal
SKU_1305_MAR,2026-01-01,158,18199.56,55284.2,principal
SKU_1305_OFF,2026-01-01,120,13822.45,41988.0,principal
SKU_1306_FRE,2026-01-01,130,35548.27,111787.0,principal
SKU_1306_SPA,2026-01-01,85,23243.1,73091.5,principal
SKU_1307_MAG,2026-01-01,187,13611.15,41121.3,principal
SKU_1307_FOR,2026-01-01,282,20525.91,62011.8,principal
SKU_1308_PAS,2026-01-01,161,22376.89,67603.9,principal
SKU_1308_CER,2026-01-01,230,31966.99,96577.0,principal
SKU_1309_OLI,2026-01-01,0,0.0,0.0,principal
SKU_1309_LIG,2026-01-01,209,25106.14,76264.1,principal
SKU_1310_MOS,2026-01-01,137,10878.75,32866.3,principal
SKU_1310_EGR,2026-01-01,229,18184.18,54937.1,principal
SKU_1311_BAB,2026-01-01,231,66912.17,203256.9,principal
SKU_1311_NAV,2026-01-01,268,77629.71,235813.2,principal
SKU_1312_HOT,2026-01-01,251,20761.94,62724.9,principal
SKU_1312_NAV,2026-01-01,0,0.0,0.0,principal
SKU_1313_SPA,2026-01-01,131,40317.75,122471.9,principal
SKU_1313_SHO,2026-01-01,0,0.0,0.0,principal
SKU_1314_BLU,2026-01-01,130,12406.56,37687.0,principal
SKU_1314_SNO,2026-01-01,0,0.0,0.0,principal
SKU_1315_WHI,2026-01-01,214,24430.65,73808.6,principal
SKU_1315_BLA,2026-01-01,170,19407.52,58633.0,principal
SKU_1316_DEN,2026-01-01,80,13560.41,41192.0,principal
SKU_1316_AQU,2026-01-01,85,14407.93,43766.5,principal
SKU_1317_BLU,2026-01-01,0,0.0,0.0,principal
SKU_1317_ROS,2026-01-01,231,15107.02,49641.9,principal
SKU_1318_PAS,2026-01-01,262,19936.6,62853.8,principal
SKU_1318_MYS,2026-01-01,0,0.0,0.0,principal
SKU_1319_MAR,2026-01-01,100,5417.85,18990.0,principal
SKU_1319_ROS,2026-01-01,264,14303.12,50133.6,principal
SKU_1320_PIS,2026-01-01,0,0.0,0.0,principal
SKU_1320_FOR,2026-01-01,184,8191.74,27581.6,principal
SKU_1321_FLA,2026-01-01,169,9112.32,25333.1,principal
SKU_1321_SER,2026-01-01,216,11646.51,32378.4,principal
SKU_1322_MOS,2026-01-01,0,0.0,0.0,principal
SKU_1322_IVO,2026-01-01,165,20706.5,54433.5,principal
SKU_1323_AQU,2026-01-01,179,20035.54,51892.1,principal
SKU_1323_FRE,2026-01-01,148,16565.7,42905.2,principal
SKU_1324_MID,2026-01-01,157,17143.91,51794.3,principal
SKU_1324_SNO,2026-01-01,280,30575.13,92372.0,principal
SKU_1325_LIG,2026-01-01,262,24409.74,78573.8,principal
SKU_1325_PEA,2026-01-01,105,9782.53,31489.5,principal
SKU_1326_PAS,2026-01-01,165,24297.26,83308.5,principal
SKU_1326_BAB,2026-01-01,239,35194.21,120671.1,principal
SKU_1327_GAR,2026-01-01,241,17870.02,62635.9,principal
SKU_1327_HON,2026-01-01,210,15571.39,54579.0,principal
SKU_1328_EGR,2026-01-01,195,15341.68,51655.5,principal
SKU_1328_LIG,2026-01-01,0,0.0,0.0,principal
SKU_1329_NAV,2026-01-01,92,9013.64,25290.8,principal
SKU_1329_MIN,2026-01-01,128,12540.72,35187.2,principal
SKU_1330_PRI,2026-01-01,174,17848.38,53922.6,principal
SKU_1330_LIM,2026-01-01,276,28311.22,85532.4,principal
SKU_1331_ARM,2026-01-01,210,18691.72,58779.0,principal
SKU_1331_AQU,2026-01-01,235,20916.93,65776.5,principal
SKU_1332_MOS,2026-01-01,156,8514.78,25724.4,principal
SKU_1332_MOS,2026-01-01,156,8514.78,25724.4,principal
SKU_1333_PIS,2026-01-01,217,13639.95,41208.3,principal
SKU_1333_MOS,2026-01-01,147,9239.96,27915.3,principal
SKU_1334_TEA,2026-01-01,81,12330.38,37251.9,principal
SKU_1334_ROY,2026-01-01,0,0.0,0.0,principal
SKU_1335_CRE,2026-01-01,115,13080.39,43688.5,principal
SKU_1335_BRI,2026-01-01,0,0.0,0.0,principal
SKU_1336_LIM,2026-01-01,161,15391.0,56333.9,principal
SKU_1336_PIN,2026-01-01,204,19501.64,71379.6,principal
SKU_1337_DUS,2026-01-01,98,5332.77,18120.2,principal
SKU_1337_MAG,2026-01-01,239,13005.44,44191.1,principal
SKU_1338_OLI,2026-01-01,104,6968.24,21309.6,principal
SKU_1338_PAS,2026-01-01,174,11658.4,35652.6,principal
SKU_1339_JAD,2026-01-01,178,19659.81,55162.2,principal
SKU_1339_EME,2026-01-01,203,22421.02,62909.7,principal
SKU_1340_SNO,2026-01-01,0,0.0,0.0,principal
SKU_1340_POW,2026-01-01,253,95355.97,289659.7,principal
SKU_1341_HOT,2026-01-01,225,12871.84,40477.5,principal
SKU_1341_PEA,2026-01-01,97,5549.2,17450.3,principal
SKU_1342_CRE,2026-01-01,197,21919.84,68930.3,principal
SKU_1342_BAB,2026-01-01,86,9569.07,30091.4,principal
SKU_1343_NAV,2026-01-01,92,9589.33,28970.8,principal
SKU_1343_IVO,2026-01-01,200,20846.38,62980.0,principal
SKU_1344_PAS,2026-01-01,206,20628.47,64869.4,principal
SKU_1344_MID,2026-01-01,132,13218.24,41566.8,principal
SKU_1345_ARM,2026-01-01,128,42121.26,153587.2,principal
SKU_1345_FOR,2026-01-01,132,43437.55,158386.8,principal
SKU_1346_HON,2026-01-01,208,16152.97,55099.2,principal
SKU_1346_PEA,2026-01-01,93,7222.24,24635.7,principal
SKU_1347_DUS,2026-01-01,0,0.0,0.0,principal
SKU_1347_LIM,2026-01-01,150,11623.54,43485.0,principal
SKU_1348_NAV,2026-01-01,240,51004.15,155976.0,principal
SKU_1348_PIS,2026-01-01,0,0.0,0.0,principal
SKU_1349_HON,2026-01-01,213,17543.69,44708.7,principal
SKU_1349_SEA,2026-01-01,84,6918.64,17631.6,principal
SKU_1350_SNO,2026-01-01,96,9052.98,27350.4,principal
SKU_1350_BAB,2026-01-01,211,19897.7,60113.9,principal
SKU_1351_SAG,2026-01-01,208,47498.24,143499.2,principal
SKU_1351_HON,2026-01-01,255,58231.01,175924.5,principal
SKU_1352_CER,2026-01-01,233,21586.73,65216.7,principal
SKU_1352_HUN,2026-01-01,155,14360.27,43384.5,principal
SKU_1353_MAG,2026-01-01,241,15148.51,45765.9,principal
SKU_1353_MAR,2026-01-01,286,17977.07,54311.4,principal
SKU_1354_AQU,2026-01-01,273,83122.24,252497.7,principal
SKU_1354_CLE,2026-01-01,161,49020.81,148908.9,principal
SKU_1355_PAS,2026-01-01,252,14509.42,44074.8,principal
SKU_1355_DEE,2026-01-01,130,7485.02,22737.0,principal
SKU_1356_BLU,2026-01-01,139,9833.57,29871.1,principal
SKU_1356_DEN,2026-01-01,0,0.0,0.0,principal
SKU_1357_BRI,2026-01-01,117,25749.58,77793.3,principal
SKU_1357_BLU,2026-01-01,264,58101.62,175533.6,principal
SKU_1358_DUS,2026-01-01,114,7502.01,22788.6,principal
SKU_1358_MAR,2026-01-01,150,9871.06,29985.0,principal
SKU_1359_BLU,2026-01-01,114,15403.47,48438.6,principal
SKU_1359_NAV,2026-01-01,117,15808.83,49713.3,principal
SKU_1360_WHI,2026-01-01,259,27424.71,82854.1,principal
SKU_1360_FRE,2026-01-01,0,0.0,0.0,principal
SKU_1361_MEX,2026-01-01,256,15459.38,48614.4,principal
SKU_1361_BLU,2026-01-01,109,6582.31,20699.1,principal
SKU_1362_POW,2026-01-01,256,77736.5,244454.4,principal
SKU_1362_SEA,2026-01-01,137,41601.17,130821.3,principal
SKU_1363_RAS,2026-01-01,134,40477.14,127286.6,principal
SKU_1363_HUN,2026-01-01,236,71288.1,224176.4,principal
SKU_1364_OFF,2026-01-01,196,28664.65,90140.4,principal
SKU_1364_TEA,2026-01-01,0,0.0,0.0,principal
SKU_1365_BUB,2026-01-01,0,0.0,0.0,principal
SKU_1365_NAV,2026-01-01,0,0.0,0.0,principal
SKU_1366_TEA,2026-01-01,209,28094.89,91939.1,principal
SKU_1366_PAL,2026-01-01,191,25675.23,84020.9,principal
SKU_1367_VAN,2026-01-01,100,5510.94,17990.0,principal
SKU_1367_BLA,2026-01-01,208,11462.76,37419.2,principal
SKU_1368_SNO,2026-01-01,165,35065.8,122908.5,principal
SKU_1368_TUR,2026-01-01,147,31240.44,109500.3,principal
SKU_1369_SNO,2026-01-01,118,5981.22,18868.2,principal
SKU_1369_RAS,2026-01-01,198,10036.28,31660.2,principal
SKU_1370_PRI,2026-01-01,0,0.0,0.0,principal
SKU_1370_MYS,2026-01-01,254,17930.56,45694.6,principal
SKU_1371_WHI,2026-01-01,198,18016.4,54430.2,principal
SKU_1371_HOT,2026-01-01,0,0.0,0.0,principal
SKU_1372_SEA,2026-01-01,113,12713.28,38408.7,principal
SKU_1372_DEN,2026-01-01,155,17438.57,52684.5,principal
SKU_1373_SKY,2026-01-01,91,5688.87,17280.9,principal
SKU_1373_CRE,2026-01-01,192,12002.9,36460.8,principal
SKU_1374_SAL,2026-01-01,0,0.0,0.0,principal
SKU_1374_BLU,2026-01-01,0,0.0,0.0,principal
SKU_1375_COR,2026-01-01,209,18325.52,55364.1,principal
SKU_1375_CLE,2026-01-01,213,18676.24,56423.7,principal
SKU_1376_SNO,2026-01-01,154,12290.61,43874.6,principal
SKU_1376_BIR,2026-01-01,155,12370.42,44159.5,principal
SKU_1377_PRI,2026-01-01,0,0.0,0.0,principal
SKU_1377_CLO,2026-01-01,201,15808.22,52239.9,principal
SKU_1378_SPA,2026-01-01,80,4676.64,16392.0,principal
SKU_1378_MOS,2026-01-01,223,13036.13,45692.7,principal
SKU_1379_SNO,2026-01-01,183,28129.53,88736.7,principal
SKU_1379_WHI,2026-01-01,258,39658.03,125104.2,principal
SKU_1380_TUR,2026-01-01,0,0.0,0.0,principal
SKU_1380_MIN,2026-01-01,231,20839.15,53106.9,principal
SKU_1381_WHI,2026-01-01,153,13921.76,42059.7,principal
SKU_1381_PAS,2026-01-01,115,10464.07,31613.5,principal
SKU_1382_ARM,2026-01-01,217,13104.24,41208.3,principal
SKU_1382_HOT,2026-01-01,126,7608.91,23927.4,principal
SKU_1383_CLE,2026-01-01,186,11075.72,33461.4,principal
SKU_1383_TUR,2026-01-01,249,14827.18,44795.1,principal
SKU_1384_CRE,2026-01-01,175,29951.44,90982.5,principal
SKU_1384_SKY,2026-01-01,270,46210.79,140373.0,principal
SKU_1385_PRI,2026-01-01,258,24756.88,74794.2,principal
SKU_1385_NAV,2026-01-01,68,6525.07,19713.2,principal
SKU_1386_SER,2026-01-01,99,6669.64,21275.1,principal
SKU_1386_COB,2026-01-01,256,17246.73,55014.4,principal
SKU_1387_BRI,2026-01-01,115,5260.41,18388.5,principal
SKU_1387_BAB,2026-01-01,267,12213.29,42693.3,principal
SKU_1388_BRI,2026-01-01,250,25052.69,93725.0,principal
SKU_1388_VAN,2026-01-01,265,26555.85,99348.5,principal
SKU_1389_SHO,2026-01-01,26,1080.31,3637.4,principal
SKU_1389_BAB,2026-01-01,24,997.21,3357.6,principal
SKU_1390_SAP,2026-01-01,21,1894.47,4827.9,principal
SKU_1390_PAS,2026-01-01,0,0.0,0.0,principal
SKU_1391_LIG,2026-01-01,18,1697.43,5128.2,principal
SKU_1391_SEA,2026-01-01,39,3677.77,11111.1,principal
SKU_1392_LIM,2026-01-01,67,6540.0,19758.3,principal
SKU_1392_BLU,2026-01-01,52,5075.82,15334.8,principal
SKU_1393_COB,2026-01-01,46,4533.22,14255.4,principal
SKU_1393_SKY,2026-01-01,48,4730.31,14875.2,principal
SKU_1394_FOR,2026-01-01,70,10459.97,32893.0,principal
SKU_1394_EME,2026-01-01,46,6873.7,21615.4,principal
SKU_1395_BLA,2026-01-01,26,2396.89,7537.4,principal
SKU_1395_TUR,2026-01-01,47,4332.85,13625.3,principal
SKU_1396_FUC,2026-01-01,29,1287.86,3912.1,principal
SKU_1396_PAS,2026-01-01,42,1865.18,5665.8,principal
SKU_1397_SNO,2026-01-01,58,4485.09,13624.2,principal
SKU_1397_BUB,2026-01-01,45,3479.81,10570.5,principal
SKU_1398_AQU,2026-01-01,53,11775.39,35769.7,principal
SKU_1398_SPA,2026-01-01,62,13774.98,41843.8,principal
SKU_1399_PAL,2026-01-01,46,3948.1,12415.4,principal
SKU_1399_CRE,2026-01-01,0,0.0,0.0,principal
SKU_1400_FOR,2026-01-01,32,2211.17,6716.8,principal
SKU_1400_PAL,2026-01-01,54,3731.35,11334.6,principal
SKU_1401_GAR,2026-01-01,52,4129.16,12474.8,principal
SKU_1401_BLU,2026-01-01,34,2699.83,8156.6,principal
SKU_1402_WHI,2026-01-01,23,1718.06,5402.7,principal
SKU_1402_VAN,2026-01-01,36,2689.14,8456.4,principal
SKU_1403_AQU,2026-01-01,0,0.0,0.0,principal
SKU_1403_DUS,2026-01-01,26,3294.44,10007.4,principal
SKU_1404_SAP,2026-01-01,44,14853.82,44875.6,principal
SKU_1404_ARM,2026-01-01,34,11477.95,34676.6,principal
SKU_1405_FLA,2026-01-01,52,3698.86,11174.8,principal
SKU_1405_CLO,2026-01-01,28,1991.69,6017.2,principal
SKU_1406_PRI,2026-01-01,0,0.0,0.0,principal
SKU_1406_SHO,2026-01-01,53,6104.92,18544.7,principal
SKU_1407_OFF,2026-01-01,33,2034.2,7091.7,principal
SKU_1407_EME,2026-01-01,57,3513.62,12249.3,principal
SKU_1408_PAS,2026-01-01,57,16597.34,52434.3,principal
SKU_1408_FUC,2026-01-01,58,16888.53,53354.2,principal
SKU_1409_PEA,2026-01-01,149,9204.26,31275.1,principal
SKU_1409_PEA,2026-01-01,149,9204.26,31275.1,principal
SKU_1410_ROS,2026-01-01,47,15911.86,53575.3,principal
SKU_1410_JAD,2026-01-01,38,12864.91,43316.2,principal
SKU_1411_BLU,2026-01-01,73,5724.85,16417.7,principal
SKU_1411_RAS,2026-01-01,25,1960.57,5622.5,principal
SKU_1412_SHO,2026-01-01,65,20731.25,58168.5,principal
SKU_1412_BAB,2026-01-01,26,8292.5,23267.4,principal
SKU_1413_SAG,2026-01-01,68,4161.73,12573.2,principal
SKU_1413_JAD,2026-01-01,55,3366.1,10169.5,principal
SKU_1414_DUS,2026-01-01,59,6377.2,20054.1,principal
SKU_1414_CLO,2026-01-01,57,6161.03,19374.3,principal
SKU_1415_BAB,2026-01-01,48,5417.19,17035.2,principal
SKU_1415_MID,2026-01-01,43,4852.9,15260.7,principal
SKU_1416_CLE,2026-01-01,46,3959.06,12875.4,principal
SKU_1416_AQU,2026-01-01,56,4819.72,15674.4,principal
SKU_1417_SNO,2026-01-01,37,3307.94,10356.3,principal
SKU_1417_BIR,2026-01-01,43,3844.37,12035.7,principal
SKU_1418_CLE,2026-01-01,47,11985.4,39710.3,principal
SKU_1418_MOS,2026-01-01,18,4590.15,15208.2,principal
SKU_1419_FLA,2026-01-01,59,4917.75,14744.1,principal
SKU_1419_WHI,2026-01-01,27,2250.49,6747.3,principal
SKU_1420_EGR,2026-01-01,49,15928.25,48505.1,principal
SKU_1420_LIM,2026-01-01,51,16578.38,50484.9,principal
SKU_1421_LIG,2026-01-01,33,2871.95,7586.7,principal
SKU_1421_SER,2026-01-01,0,0.0,0.0,principal
SKU_1422_PIN,2026-01-01,73,8757.21,22987.7,principal
SKU_1422_MIN,2026-01-01,57,6837.82,17949.3,principal
SKU_1423_JAD,2026-01-01,72,28440.51,86392.8,principal
SKU_1423_SAG,2026-01-01,67,26465.47,80393.3,principal
SKU_1424_VAN,2026-01-01,64,20961.35,63673.6,principal
SKU_1424_BAB,2026-01-01,48,15721.01,47755.2,principal
SKU_1425_WHI,2026-01-01,0,0.0,0.0,principal
SKU_1425_LIG,2026-01-01,44,2936.92,9235.6,principal
SKU_1426_NAV,2026-01-01,43,1624.11,5585.7,principal
SKU_1426_SEA,2026-01-01,25,944.25,3247.5,principal
SKU_1427_AQU,2026-01-01,56,3484.75,11194.4,principal
SKU_1427_BLA,2026-01-01,0,0.0,0.0,principal
SKU_1428_COB,2026-01-01,0,0.0,0.0,principal
SKU_1428_SKY,2026-01-01,41,5506.17,20085.9,principal
SKU_1429_SPA,2026-01-01,67,4021.19,12723.3,principal
SKU_1429_MAG,2026-01-01,41,2460.73,7785.9,principal
SKU_1430_PEA,2026-01-01,72,4542.64,12952.8,principal
SKU_1430_JAD,2026-01-01,69,4353.37,12413.1,principal
SKU_1431_TEA,2026-01-01,30,3783.59,11097.0,principal
SKU_1431_CRE,2026-01-01,60,7567.18,22194.0,principal
SKU_1432_WHI,2026-01-01,31,8655.6,22316.9,principal
SKU_1432_BRI,2026-01-01,0,0.0,0.0,principal
SKU_1433_OLI,2026-01-01,32,3317.28,10076.8,principal
SKU_1433_SAP,2026-01-01,29,3006.29,9132.1,principal
SKU_1434_ARM,2026-01-01,69,4605.63,14483.1,principal
SKU_1434_MIN,2026-01-01,37,2469.68,7766.3,principal
SKU_1435_SKY,2026-01-01,64,19507.78,64633.6,principal
SKU_1435_OLI,2026-01-01,17,5181.75,17168.3,principal
SKU_1436_BLU,2026-01-01,17,1408.98,4758.3,principal
SKU_1436_PAS,2026-01-01,0,0.0,0.0,principal
SKU_1437_ROY,2026-01-01,0,0.0,0.0,principal
SKU_1437_AQU,2026-01-01,49,2573.77,8080.1,principal
SKU_1438_MOS,2026-01-01,56,4307.44,11474.4,principal
SKU_1438_DEE,2026-01-01,64,4922.79,13113.6,principal
SKU_1439_CER,2026-01-01,42,2570.48,7765.8,principal
SKU_1439_SHO,2026-01-01,52,3182.5,9614.8,principal
SKU_1440_PIS,2026-01-01,25,11573.13,29997.5,principal
SKU_1440_BLU,2026-01-01,38,17591.15,45596.2,principal
SKU_1441_COB,2026-01-01,58,25975.24,66984.2,principal
SKU_1441_IVO,2026-01-01,42,18809.66,48505.8,principal
SKU_1442_OFF,2026-01-01,17,1631.27,4928.3,principal
SKU_1442_EME,2026-01-01,44,4222.1,12755.6,principal
SKU_1443_BLU,2026-01-01,59,5270.88,15924.1,principal
SKU_1443_PRI,2026-01-01,0,0.0,0.0,principal
SKU_1444_HUN,2026-01-01,0,0.0,0.0,principal
SKU_1444_OLI,2026-01-01,0,0.0,0.0,principal
SKU_1445_TEA,2026-01-01,68,10748.24,27873.2,principal
SKU_1445_PRI,2026-01-01,54,8535.37,22134.6,principal
SKU_1446_SHO,2026-01-01,38,4012.08,10256.2,principal
SKU_1446_GAR,2026-01-01,54,5701.38,14574.6,principal
SKU_1447_BLU,2026-01-01,67,5291.33,16073.3,principal
SKU_1447_OLI,2026-01-01,50,3948.75,11995.0,principal
SKU_1448_SKY,2026-01-01,45,2665.04,8095.5,principal
SKU_1448_SEA,2026-01-01,42,2487.37,7555.8,principal
SKU_1449_BLA,2026-01-01,25,2688.55,8122.5,principal
SKU_1449_NAV,2026-01-01,40,4301.68,12996.0,principal
SKU_1450_MAG,2026-01-01,46,6097.89,18855.4,principal
SKU_1450_JAD,2026-01-01,0,0.0,0.0,principal
SKU_1451_WHI,2026-01-01,28,2219.88,6857.2,principal
SKU_1451_BIR,2026-01-01,39,3091.98,9551.1,principal
SKU_1452_SKY,2026-01-01,55,2130.25,7969.5,principal
SKU_1452_DEE,2026-01-01,24,929.56,3477.6,principal
SKU_1453_SAP,2026-01-01,0,0.0,0.0,principal
SKU_1453_PRI,2026-01-01,26,1936.05,6107.4,principal
SKU_1454_BRI,2026-01-01,26,1482.57,3897.4,principal
SKU_1454_BUB,2026-01-01,42,2394.92,6295.8,principal
SKU_1455_TEA,2026-01-01,42,4655.78,14065.8,principal
SKU_1455_ROY,2026-01-01,20,2217.04,6698.0,principal
SKU_1456_EME,2026-01-01,73,7608.93,22987.7,principal
SKU_1456_DEN,2026-01-01,48,5003.13,15115.2,principal
SKU_1457_SNO,2026-01-01,56,2963.91,8954.4,principal
SKU_1457_MAG,2026-01-01,35,1852.44,5596.5,principal
SKU_1458_PEA,2026-01-01,63,7296.46,22043.7,principal
SKU_1458_MIN,2026-01-01,48,5559.21,16795.2,principal
SKU_1459_OFF,2026-01-01,45,3109.46,9445.5,principal
SKU_1459_CRE,2026-01-01,37,2556.67,7766.3,principal
SKU_1460_FUC,2026-01-01,43,2384.06,7520.7,principal
SKU_1460_OLI,2026-01-01,64,3548.37,11193.6,principal
SKU_1461_NAV,2026-01-01,34,11762.01,36376.6,principal
SKU_1461_PRI,2026-01-01,23,7956.65,24607.7,principal
SKU_1462_MID,2026-01-01,68,6632.57,24813.2,principal
SKU_1462_OFF,2026-01-01,43,4194.12,15690.7,principal
SKU_1463_LIG,2026-01-01,61,5184.23,15853.9,principal
SKU_1463_DUS,2026-01-01,15,1274.81,3898.5,principal
SKU_1464_MOS,2026-01-01,30,2623.62,6897.0,principal
SKU_1464_BIR,2026-01-01,41,3585.61,9425.9,principal
SKU_1465_CLE,2026-01-01,47,5626.48,14800.3,principal
SKU_1465_OFF,2026-01-01,47,5626.48,14800.3,principal
SKU_1466_PRI,2026-01-01,20,1777.02,5398.0,principal
SKU_1466_SAP,2026-01-01,55,4886.81,14844.5,principal
SKU_1467_OLI,2026-01-01,74,4821.71,15162.6,principal
SKU_1467_FUC,2026-01-01,53,3453.38,10859.7,principal
SKU_1468_BAB,2026-01-01,0,0.0,0.0,principal
SKU_1468_MYS,2026-01-01,21,3683.33,11127.9,principal
SKU_1469_ARM,2026-01-01,49,4595.13,14450.1,principal
SKU_1469_SAL,2026-01-01,47,4407.58,13860.3,principal
SKU_1470_WHI,2026-01-01,0,0.0,0.0,principal
SKU_1470_MAR,2026-01-01,17,5072.85,15638.3,principal
SKU_1471_ROS,2026-01-01,60,3322.7,12294.0,principal
SKU_1471_LIG,2026-01-01,0,0.0,0.0,principal
SKU_1472_EME,2026-01-01,45,6660.83,21145.5,principal
SKU_1472_MYS,2026-01-01,51,7548.94,23964.9,principal
SKU_1473_BLU,2026-01-01,32,1538.79,5756.8,principal
SKU_1473_BAB,2026-01-01,60,2885.24,10794.0,principal
SKU_1474_BRI,2026-01-01,0,0.0,0.0,principal
SKU_1474_DEN,2026-01-01,37,12823.73,39216.3,principal
SKU_1475_VAN,2026-01-01,54,5133.35,13494.6,principal
SKU_1475_MIN,2026-01-01,33,3137.04,8246.7,principal
SKU_1476_WHI,2026-01-01,58,5248.83,15944.2,principal
SKU_1476_CLO,2026-01-01,22,1990.94,6047.8,principal
SKU_1477_CLE,2026-01-01,30,2233.26,6747.0,principal
SKU_1477_EME,2026-01-01,45,3349.89,10120.5,principal
SKU_1478_TEA,2026-01-01,39,2502.28,7601.1,principal
SKU_1478_COB,2026-01-01,58,3721.34,11304.2,principal
SKU_1479_MIN,2026-01-01,42,7714.22,23305.8,principal
SKU_1479_FUC,2026-01-01,25,4591.8,13872.5,principal
SKU_1480_SNO,2026-01-01,30,3673.11,11097.0,principal
SKU_1480_MEX,2026-01-01,25,3060.92,9247.5,principal
SKU_1481_BLA,2026-01-01,42,10344.54,34015.8,principal
SKU_1481_TEA,2026-01-01,25,6157.47,20247.5,principal
SKU_1482_MOS,2026-01-01,50,6210.36,22245.0,principal
SKU_1482_SHO,2026-01-01,31,3850.42,13791.9,principal
SKU_1483_WHI,2026-01-01,30,2868.54,9747.0,principal
SKU_1483_POW,2026-01-01,36,3442.25,11696.4,principal
SKU_1484_MOS,2026-01-01,24,3278.17,11037.6,principal
SKU_1484_EGR,2026-01-01,61,8332.01,28053.9,principal
SKU_1485_PAS,2026-01-01,66,17219.85,43883.4,principal
SKU_1485_CER,2026-01-01,29,7566.3,19282.1,principal
SKU_1486_OLI,2026-01-01,0,0.0,0.0,principal
SKU_1486_PAL,2026-01-01,65,6237.2,18843.5,principal
SKU_1487_BRI,2026-01-01,0,0.0,0.0,principal
SKU_1487_CLE,2026-01-01,29,3088.45,9712.1,principal
SKU_1488_IVO,2026-01-01,18,1945.59,6118.2,principal
SKU_1488_PEA,2026-01-01,0,0.0,0.0,principal
SKU_1489_TEA,2026-01-01,64,7793.35,23673.6,principal
SKU_1489_IVO,2026-01-01,55,6697.41,20344.5,principal
SKU_1490_EME,2026-01-01,52,5420.06,16374.8,principal
SKU_1490_VAN,2026-01-01,59,6149.68,18579.1,principal
SKU_1491_GAR,2026-01-01,33,1382.92,4451.7,principal
SKU_1491_CER,2026-01-01,61,2556.31,8228.9,principal
SKU_1492_SKY,2026-01-01,54,6355.18,20244.6,principal
SKU_1492_BIR,2026-01-01,22,2589.15,8247.8,principal
SKU_1493_PEA,2026-01-01,23,2028.19,7587.7,principal
SKU_1493_CLO,2026-01-01,77,6790.03,25402.3,principal
SKU_1494_EGR,2026-01-01,70,24073.93,75943.0,principal
SKU_1494_HOT,2026-01-01,18,6190.44,19528.2,principal
SKU_1495_FUC,2026-01-01,0,0.0,0.0,principal
SKU_1495_BLA,2026-01-01,24,2821.83,7917.6,principal
SKU_1496_PAS,2026-01-01,50,18680.45,56745.0,principal
SKU_1496_PEA,2026-01-01,0,0.0,0.0,principal
SKU_1497_FUC,2026-01-01,32,1428.86,4316.8,principal
SKU_1497_VAN,2026-01-01,36,1607.47,4856.4,principal
SKU_1498_OLI,2026-01-01,71,7987.99,24132.9,principal
SKU_1498_LIG,2026-01-01,0,0.0,0.0,principal
SKU_1499_HOT,2026-01-01,28,2314.15,7277.2,principal
SKU_1499_RAS,2026-01-01,50,4132.41,12995.0,principal
SKU_1500_MOS,2026-01-01,55,4705.75,14294.5,principal
SKU_1500_PAS,2026-01-01,60,5133.54,15594.0,principal
SKU_1501_OLI,2026-01-01,34,1912.05,5776.6,principal
SKU_1501_SAL,2026-01-01,21,1180.97,3567.9,principal
SKU_1502_PEA,2026-01-01,22,1520.18,4617.8,principal
SKU_1502_VAN,2026-01-01,46,3178.56,9655.4,principal
SKU_1503_VAN,2026-01-01,30,2270.49,6897.0,principal
SKU_1503_CER,2026-01-01,44,3330.06,10115.6,principal
SKU_1504_EME,2026-01-01,17,1912.62,5778.3,principal
SKU_1504_NAV,2026-01-01,35,3937.74,11896.5,principal
SKU_1505_BLU,2026-01-01,68,5287.13,15973.2,principal
SKU_1505_SNO,2026-01-01,27,2099.3,6342.3,principal
SKU_1506_PAL,2026-01-01,47,3436.09,10805.3,principal
SKU_1506_BRI,2026-01-01,0,0.0,0.0,principal
SKU_1507_PAS,2026-01-01,57,3394.17,10254.3,principal
SKU_1507_FLA,2026-01-01,0,0.0,0.0,principal
SKU_1508_LIM,2026-01-01,69,4767.84,14483.1,principal
SKU_1508_DEE,2026-01-01,33,2280.27,6926.7,principal
SKU_1509_HOT,2026-01-01,37,3917.82,11836.3,principal
SKU_1509_MAG,2026-01-01,0,0.0,0.0,principal
SKU_1510_SNO,2026-01-01,44,11681.92,36735.6,principal
SKU_1510_ROS,2026-01-01,33,8761.44,27551.7,principal
SKU_1511_CLE,2026-01-01,28,8324.35,26177.2,principal
SKU_1511_SKY,2026-01-01,69,20513.58,64508.1,principal
SKU_1512_TEA,2026-01-01,43,3067.45,9670.7,principal
SKU_1512_MYS,2026-01-01,59,4208.83,13269.1,principal
SKU_1513_PAS,2026-01-01,44,2555.57,9455.6,principal
SKU_1513_RAS,2026-01-01,44,2555.57,9455.6,principal
SKU_1514_PEA,2026-01-01,52,12700.46,43154.8,principal
SKU_1514_SPA,2026-01-01,40,9769.58,33196.0,principal
SKU_1515_SEA,2026-01-01,38,2421.83,7406.2,principal
SKU_1515_AQU,2026-01-01,27,1720.77,5262.3,principal
SKU_1516_CRE,2026-01-01,29,3859.96,10147.1,principal
SKU_1516_EME,2026-01-01,26,3460.65,9097.4,principal
SKU_1517_FOR,2026-01-01,32,14596.93,38396.8,principal
SKU_1517_ROS,2026-01-01,44,20070.78,52795.6,principal
SKU_1518_CLE,2026-01-01,66,4930.08,15503.4,principal
SKU_1518_LIM,2026-01-01,54,4033.7,12684.6,principal
SKU_1519_BLU,2026-01-01,49,9815.1,30865.1,principal
SKU_1519_TEA,2026-01-01,59,11818.18,37164.1,principal
SKU_1520_GAR,2026-01-01,63,4664.34,14168.7,principal
SKU_1520_ROY,2026-01-01,48,3553.78,10795.2,principal
SKU_1521_MOS,2026-01-01,24,1449.32,4557.6,principal
SKU_1521_FRE,2026-01-01,0,0.0,0.0,principal
SKU_1522_MOS,2026-01-01,54,2211.77,8094.6,principal
SKU_1522_BIR,2026-01-01,62,2539.44,9293.8,principal
SKU_1523_HOT,2026-01-01,40,4142.05,14996.0,principal
SKU_1523_CRE,2026-01-01,54,5591.76,20244.6,principal
SKU_1524_BLU,2026-01-01,0,0.0,0.0,principal
SKU_1524_DEN,2026-01-01,21,2286.09,7767.9,principal
SKU_1525_MYS,2026-01-01,35,3216.44,10146.5,principal
SKU_1525_OLI,2026-01-01,0,0.0,0.0,principal
SKU_1526_FOR,2026-01-01,26,1574.36,4417.4,principal
SKU_1527_FUC,2026-01-01,50,14976.95,45495.0,principal
SKU_1527_TEA,2026-01-01,59,17672.81,53684.1,principal
SKU_1528_PAS,2026-01-01,63,4481.31,13538.7,principal
SKU_1528_DEN,2026-01-01,76,5406.02,16332.4,principal
SKU_1529_HUN,2026-01-01,55,4434.16,13469.5,principal
SKU_1529_MIN,2026-01-01,62,4998.51,15183.8,principal
SKU_1530_HON,2026-01-01,37,1582.23,4806.3,principal
SKU_1530_PEA,2026-01-01,42,1796.05,5455.8,principal
SKU_1531_TEA,2026-01-01,50,9100.84,27495.0,principal
SKU_1531_SNO,2026-01-01,59,10739.0,32444.1,principal
SKU_1532_BRI,2026-01-01,49,13404.86,48015.1,principal
SKU_1532_EME,2026-01-01,45,12310.58,44095.5,principal
SKU_1533_CER,2026-01-01,63,3128.56,10388.7,principal
SKU_1533_DUS,2026-01-01,76,3774.13,12532.4,principal
SKU_1534_MYS,2026-01-01,61,3588.66,12193.9,principal
SKU_1534_HUN,2026-01-01,20,1176.61,3998.0,principal
SKU_1535_NAV,2026-01-01,32,3092.91,9756.8,principal
SKU_1535_MOS,2026-01-01,49,4736.01,14940.1,principal
SKU_1536_MOS,2026-01-01,47,5777.35,16210.3,principal
SKU_1536_FRE,2026-01-01,33,4056.44,11381.7,principal
SKU_1537_SAP,2026-01-01,59,4977.94,15039.1,principal
SKU_1537_BLA,2026-01-01,23,1940.55,5862.7,principal
SKU_1538_MAG,2026-01-01,51,3543.32,10704.9,principal
SKU_1538_PAS,2026-01-01,0,0.0,0.0,principal
SKU_1539_BLA,2026-01-01,19,2114.1,6648.1,principal
SKU_1539_PEA,2026-01-01,50,5563.41,17495.0,principal
SKU_1540_BAL,2026-01-01,0,0.0,0.0,principal
SKU_1540_MAG,2026-01-01,33,1782.93,5606.7,principal
SKU_1541_AQU,2026-01-01,0,0.0,0.0,principal
SKU_1541_POW,2026-01-01,63,13520.95,42518.7,principal
SKU_1542_DEE,2026-01-01,43,6651.72,20205.7,principal
SKU_1542_PEA,2026-01-01,70,10828.38,32893.0,principal
SKU_1543_BAB,2026-01-01,70,16358.87,51443.0,principal
SKU_1543_FLA,2026-01-01,47,10983.82,34540.3,principal
SKU_1544_OLI,2026-01-01,56,3559.82,11194.4,principal
SKU_1544_PEA,2026-01-01,39,2479.16,7796.1,principal
SKU_1545_TEA,2026-01-01,49,4049.76,12735.1,principal
SKU_1545_HOT,2026-01-01,71,5868.02,18452.9,principal
SKU_1546_PAS,2026-01-01,37,2057.87,6471.3,principal
SKU_1546_IVO,2026-01-01,25,1390.45,4372.5,principal
SKU_1547_IVO,2026-01-01,43,4695.47,14185.7,principal
SKU_1547_FUC,2026-01-01,21,2293.13,6927.9,principal
SKU_1548_HOT,2026-01-01,52,8173.98,24694.8,principal
SKU_1548_CLO,2026-01-01,59,9274.32,28019.1,principal
SKU_1549_BAL,2026-01-01,55,3233.9,10169.5,principal
SKU_1549_PAS,2026-01-01,21,1234.76,3882.9,principal
SKU_1550_PAL,2026-01-01,47,2551.4,7750.3,principal
SKU_1550_IVO,2026-01-01,35,1899.98,5771.5,principal
SKU_1551_DUS,2026-01-01,44,3202.62,9675.6,principal
SKU_1551_ROS,2026-01-01,54,3930.49,11874.6,principal
SKU_1552_CLE,2026-01-01,18,3910.3,11878.2,principal
SKU_1552_SAP,2026-01-01,0,0.0,0.0,principal
SKU_1553_DEN,2026-01-01,43,3440.78,10960.7,principal
SKU_1553_HOT,2026-01-01,43,3440.78,10960.7,principal
SKU_1554_PIS,2026-01-01,60,17888.66,62094.0,principal
SKU_1554_SKY,2026-01-01,46,13714.64,47605.4,principal
SKU_1555_FUC,2026-01-01,29,1571.18,5507.1,principal
SKU_1555_RAS,2026-01-01,21,1137.75,3987.9,principal
SKU_1556_SAL,2026-01-01,20,1217.11,4098.0,principal
SKU_1556_HUN,2026-01-01,68,4138.16,13933.2,principal
SKU_1557_TUR,2026-01-01,60,4314.24,11994.0,principal
SKU_1557_SAG,2026-01-01,43,3091.87,8595.7,principal
SKU_1558_CLE,2026-01-01,27,3388.34,8907.3,principal
SKU_1558_MEX,2026-01-01,0,0.0,0.0,principal
SKU_1559_BLU,2026-01-01,37,17141.41,44396.3,principal
SKU_1559_SKY,2026-01-01,0,0.0,0.0,principal
SKU_1560_PAL,2026-01-01,0,0.0,0.0,principal
SKU_1560_CRE,2026-01-01,22,1628.82,4947.8,principal
SKU_1561_LIM,2026-01-01,46,5157.93,16095.4,principal
SKU_1561_VAN,2026-01-01,44,4933.67,15395.6,principal
SKU_1562_CLO,2026-01-01,41,3955.27,12705.9,principal
SKU_1562_BLU,2026-01-01,0,0.0,0.0,principal
SKU_1563_WHI,2026-01-01,23,921.57,3447.7,principal
SKU_1563_MEX,2026-01-01,23,921.57,3447.7,principal
SKU_1564_BLA,2026-01-01,56,10471.9,33034.4,principal
SKU_1564_NAV,2026-01-01,18,3365.97,10618.2,principal
SKU_1565_LIG,2026-01-01,32,4519.19,11516.8,principal
SKU_1565_BAB,2026-01-01,48,6778.79,17275.2,principal
SKU_1566_PEA,2026-01-01,56,22031.94,57954.4,principal
SKU_1566_POW,2026-01-01,67,26359.65,69338.3,principal
SKU_1567_PRI,2026-01-01,68,15443.83,46913.2,principal
SKU_1567_POW,2026-01-01,78,17714.98,53812.2,principal
SKU_1568_FRE,2026-01-01,64,4780.68,15033.6,principal
SKU_1568_PIN,2026-01-01,50,3734.91,11745.0,principal
SKU_1569_WHI,2026-01-01,55,3846.05,12094.5,principal
SKU_1569_PAS,2026-01-01,18,1258.71,3958.2,principal
SKU_1570_MEX,2026-01-01,41,9320.87,29310.9,principal
SKU_1570_HON,2026-01-01,0,0.0,0.0,principal
SKU_1571_WHI,2026-01-01,36,2611.16,8996.4,principal
SKU_1571_BIR,2026-01-01,50,3626.61,12495.0,principal
SKU_1572_BAL,2026-01-01,27,1101.49,3777.3,principal
SKU_1572_MAR,2026-01-01,0,0.0,0.0,principal
SKU_1573_MIN,2026-01-01,70,21113.96,71743.0,principal
SKU_1573_SAG,2026-01-01,0,0.0,0.0,principal
SKU_1574_GAR,2026-01-01,46,8264.14,27825.4,principal
SKU_1574_COB,2026-01-01,66,11857.25,39923.4,principal
SKU_1575_JAD,2026-01-01,27,8883.21,23352.3,principal
SKU_1575_AQU,2026-01-01,40,13160.32,34596.0,principal
SKU_1576_AQU,2026-01-01,65,5240.37,15918.5,principal
SKU_1576_BLU,2026-01-01,21,1693.04,5142.9,principal
SKU_1577_FLA,2026-01-01,0,0.0,0.0,principal
SKU_1577_HUN,2026-01-01,34,1728.84,5436.6,principal
SKU_1578_PAS,2026-01-01,67,2754.84,8368.3,principal
SKU_1578_TEA,2026-01-01,0,0.0,0.0,principal
SKU_1579_DEN,2026-01-01,63,4768.03,14483.7,principal
SKU_1579_SAG,2026-01-01,62,4692.35,14253.8,principal
SKU_1580_WHI,2026-01-01,38,2294.75,7216.2,principal
SKU_1580_MOS,2026-01-01,50,3019.41,9495.0,principal
SKU_1581_BIR,2026-01-01,70,16411.93,59843.0,principal
SKU_1581_COB,2026-01-01,59,13832.91,50439.1,principal
SKU_1582_WHI,2026-01-01,63,4246.06,14483.7,principal
SKU_1582_PAS,2026-01-01,30,2021.94,6897.0,principal
SKU_1583_WHI,2026-01-01,63,4292.49,16058.7,principal
SKU_1583_BLU,2026-01-01,47,3202.33,11980.3,principal
SKU_1584_AQU,2026-01-01,0,0.0,0.0,principal
SKU_1584_FLA,2026-01-01,27,1632.48,4992.3,principal
SKU_1585_COR,2026-01-01,30,3765.86,9597.0,principal
SKU_1585_BLA,2026-01-01,18,2259.52,5758.2,principal
SKU_1586_JAD,2026-01-01,39,4520.52,11891.1,principal
SKU_1586_EGR,2026-01-01,53,6143.27,16159.7,principal
SKU_1587_DEE,2026-01-01,0,0.0,0.0,principal
SKU_1587_LIG,2026-01-01,50,3655.41,11495.0,principal
SKU_1588_PAS,2026-01-01,39,6075.74,19106.1,principal
SKU_1588_CRE,2026-01-01,48,7477.83,23515.2,principal
SKU_1589_TUR,2026-01-01,36,8101.69,24476.4,principal
SKU_1589_CER,2026-01-01,24,5401.13,16317.6,principal
SKU_1590_MYS,2026-01-01,59,3688.39,11204.1,principal
SKU_1590_HOT,2026-01-01,42,2625.63,7975.8,principal
SKU_1591_HON,2026-01-01,0,0.0,0.0,principal
SKU_1591_MYS,2026-01-01,50,14149.41,44495.0,principal
SKU_1592_CER,2026-01-01,30,2002.45,6297.0,principal
SKU_1592_SAG,2026-01-01,50,3337.41,10495.0,principal
SKU_1593_LIG,2026-01-01,68,3261.41,9853.2,principal
SKU_1593_FUC,2026-01-01,44,2110.32,6375.6,principal
SKU_1594_BAL,2026-01-01,40,6582.68,19996.0,principal
SKU_1594_WHI,2026-01-01,31,5101.58,15496.9,principal
SKU_1595_FLA,2026-01-01,75,7445.02,22492.5,principal
SKU_1595_MYS,2026-01-01,18,1786.8,5398.2,principal
SKU_1596_BIR,2026-01-01,29,2624.42,7972.1,principal
SKU_1596_CER,2026-01-01,31,2805.41,8521.9,principal
SKU_1597_SHO,2026-01-01,43,7245.85,22785.7,principal
SKU_1597_FLA,2026-01-01,57,9604.97,30204.3,principal
SKU_1598_NAV,2026-01-01,53,8256.77,25964.7,principal
SKU_1598_DUS,2026-01-01,21,3271.55,10287.9,principal
SKU_1599_WHI,2026-01-01,30,4640.73,14097.0,principal
SKU_1599_CER,2026-01-01,28,4331.35,13157.2,principal
SKU_1600_LIG,2026-01-01,32,4160.03,12636.8,principal
SKU_1600_SHO,2026-01-01,0,0.0,0.0,principal
SKU_1601_EME,2026-01-01,68,16541.13,49973.2,principal
SKU_1601_AQU,2026-01-01,21,5108.29,15432.9,principal
SKU_1602_AQU,2026-01-01,40,2724.19,9196.0,principal
SKU_1602_PAS,2026-01-01,21,1430.2,4827.9,principal
SKU_1603_BUB,2026-01-01,19,3937.81,14153.1,principal
SKU_1603_PEA,2026-01-01,0,0.0,0.0,principal
SKU_1604_CLE,2026-01-01,70,11318.28,42343.0,principal
SKU_1604_SNO,2026-01-01,31,5012.38,18751.9,principal
SKU_1605_VAN,2026-01-01,0,0.0,0.0,principal
SKU_1605_COR,2026-01-01,30,1959.31,6597.0,principal
SKU_1606_COB,2026-01-01,33,12759.73,35801.7,principal
SKU_1606_SEA,2026-01-01,23,8893.14,24952.7,principal
SKU_1607_GAR,2026-01-01,38,3772.14,11396.2,principal
SKU_1607_MAR,2026-01-01,20,1985.34,5998.0,principal
SKU_1608_WHI,2026-01-01,0,0.0,0.0,principal
SKU_1608_MID,2026-01-01,50,5018.65,15245.0,principal
SKU_1609_LIM,2026-01-01,0,0.0,0.0,principal
SKU_1609_SAP,2026-01-01,20,1716.56,5398.0,principal
SKU_1610_PRI,2026-01-01,48,2921.72,8875.2,principal
SKU_1610_MEX,2026-01-01,47,2860.85,8690.3,principal
SKU_1611_MID,2026-01-01,35,2533.69,7696.5,principal
SKU_1611_BRI,2026-01-01,18,1303.04,3958.2,principal
SKU_1612_PAL,2026-01-01,65,6613.74,21443.5,principal
SKU_1612_SNO,2026-01-01,32,3256.0,10556.8,principal
SKU_1613_BIR,2026-01-01,58,3122.7,11014.2,principal
SKU_1613_AQU,2026-01-01,65,3499.58,12343.5,principal
SKU_1614_VAN,2026-01-01,45,5711.85,20020.5,principal
SKU_1614_IVO,2026-01-01,49,6219.57,21800.1,principal
SKU_1615_MOS,2026-01-01,29,4273.83,13482.1,principal
SKU_1615_SHO,2026-01-01,19,2800.09,8833.1,principal
SKU_1616_SER,2026-01-01,0,0.0,0.0,principal
SKU_1616_COR,2026-01-01,70,27291.04,71743.0,principal
SKU_1617_DEN,2026-01-01,0,0.0,0.0,principal
SKU_1617_MIN,2026-01-01,48,3009.04,7915.2,principal
SKU_1618_SAL,2026-01-01,41,2441.42,7375.9,principal
SKU_1618_SAP,2026-01-01,57,3394.17,10254.3,principal
SKU_1619_IVO,2026-01-01,69,4540.69,13793.1,principal
SKU_1619_PAS,2026-01-01,25,1645.18,4997.5,principal
SKU_1620_SAG,2026-01-01,34,2981.18,9006.6,principal
SKU_1620_BLU,2026-01-01,0,0.0,0.0,principal
SKU_1621_PAS,2026-01-01,78,6064.65,18322.2,principal
SKU_1621_FUC,2026-01-01,0,0.0,0.0,principal
SKU_1622_VAN,2026-01-01,29,2378.72,7827.1,principal
SKU_1622_CLO,2026-01-01,27,2214.67,7287.3,principal
SKU_1623_EGR,2026-01-01,0,0.0,0.0,principal
SKU_1623_SER,2026-01-01,29,7590.05,26532.1,principal
SKU_1624_PRI,2026-01-01,59,3644.64,12384.1,principal
SKU_1624_ARM,2026-01-01,66,4077.06,13853.4,principal
SKU_1625_GAR,2026-01-01,26,1688.79,5327.4,principal
SKU_1625_DUS,2026-01-01,55,3572.43,11269.5,principal
SKU_1626_BAB,2026-01-01,57,11706.54,30774.3,principal
SKU_1626_DEN,2026-01-01,34,6982.85,18356.6,principal
SKU_1627_BAB,2026-01-01,59,6442.62,19464.1,principal
SKU_1627_MOS,2026-01-01,45,4913.86,14845.5,principal
SKU_1628_PEA,2026-01-01,0,0.0,0.0,principal
SKU_1628_POW,2026-01-01,64,11585.73,35193.6,principal
SKU_1629_CLO,2026-01-01,37,2999.15,9431.3,principal
SKU_1629_ARM,2026-01-01,37,2999.15,9431.3,principal
SKU_1630_LIM,2026-01-01,0,0.0,0.0,principal
SKU_1630_SNO,2026-01-01,23,2549.59,7702.7,principal
SKU_1631_BAL,2026-01-01,37,2116.7,6656.3,principal
SKU_1631_SNO,2026-01-01,18,1029.75,3238.2,principal
SKU_1632_SAP,2026-01-01,71,4345.33,13127.9,principal
SKU_1632_SPA,2026-01-01,32,1958.46,5916.8,principal
SKU_1633_SER,2026-01-01,24,1792.76,5637.6,principal
SKU_1633_DEN,2026-01-01,53,3959.0,12449.7,principal
SKU_1634_NAV,2026-01-01,0,0.0,0.0,principal
SKU_1634_SAP,2026-01-01,0,0.0,0.0,principal
SKU_1635_TEA,2026-01-01,33,6347.82,19961.7,principal
SKU_1635_SAG,2026-01-01,58,11156.78,35084.2,principal
SKU_1636_LIG,2026-01-01,37,5358.16,16276.3,principal
SKU_1636_SHO,2026-01-01,45,6516.68,19795.5,principal
SKU_1637_BLU,2026-01-01,27,7898.26,24837.3,principal
SKU_1637_WHI,2026-01-01,16,4680.45,14718.4,principal
SKU_1638_PEA,2026-01-01,38,13774.55,43316.2,principal
SKU_1638_SAP,2026-01-01,19,6887.28,21658.1,principal
SKU_1639_FRE,2026-01-01,20,1207.76,3798.0,principal
SKU_1639_WHI,2026-01-01,46,2777.86,8735.4,principal
SKU_1640_IVO,2026-01-01,0,0.0,0.0,principal
SKU_1640_TEA,2026-01-01,31,2244.12,6816.9,principal
SKU_1641_MEX,2026-01-01,57,5889.14,18519.3,principal
SKU_1641_SER,2026-01-01,0,0.0,0.0,principal
SKU_1642_OFF,2026-01-01,55,4094.3,12369.5,principal
SKU_1642_SAL,2026-01-01,55,4094.3,12369.5,principal
SKU_1643_PAS,2026-01-01,51,3511.61,11469.9,principal
SKU_1643_EGR,2026-01-01,0,0.0,0.0,principal
SKU_1644_BAB,2026-01-01,65,5978.05,20793.5,principal
SKU_1644_PEA,2026-01-01,54,4966.38,17274.6,principal
SKU_1645_MYS,2026-01-01,45,5134.12,17995.5,principal
SKU_1645_MIN,2026-01-01,50,5704.57,19995.0,principal
SKU_1646_BLU,2026-01-01,26,1688.79,5327.4,principal
SKU_1646_CLE,2026-01-01,27,1753.74,5532.3,principal
SKU_1647_BLA,2026-01-01,48,5330.18,16315.2,principal
SKU_1647_ARM,2026-01-01,40,4441.81,13596.0,principal
SKU_1648_RAS,2026-01-01,26,6485.55,18197.4,principal
SKU_1648_FLA,2026-01-01,0,0.0,0.0,principal
SKU_1649_FLA,2026-01-01,65,5026.39,15268.5,principal
SKU_1649_GAR,2026-01-01,65,5026.39,15268.5,principal
SKU_1650_OLI,2026-01-01,44,14060.56,44215.6,principal
SKU_1650_EGR,2026-01-01,26,8308.51,26127.4,principal
SKU_1651_PAS,2026-01-01,0,0.0,0.0,principal
SKU_1651_SAL,2026-01-01,0,0.0,0.0,principal
SKU_1652_TEA,2026-01-01,61,4124.64,13413.9,principal
SKU_1652_MOS,2026-01-01,22,1487.58,4837.8,principal
SKU_1653_ROS,2026-01-01,69,7932.03,24833.1,principal
SKU_1653_BAB,2026-01-01,41,4713.24,14755.9,principal
SKU_1654_CRE,2026-01-01,28,2538.87,8677.2,principal
SKU_1654_NAV,2026-01-01,42,3808.31,13015.8,principal
SKU_1655_SNO,2026-01-01,55,11468.71,35469.5,principal
SKU_1655_TEA,2026-01-01,17,3544.87,10963.3,principal
SKU_1656_FUC,2026-01-01,0,0.0,0.0,principal
SKU_1656_SNO,2026-01-01,57,4840.94,13389.3,principal
SKU_1657_SPA,2026-01-01,49,3734.68,10530.1,principal
SKU_1657_EME,2026-01-01,22,1676.8,4727.8,principal
SKU_1658_BAB,2026-01-01,24,8044.79,21117.6,principal
SKU_1658_MYS,2026-01-01,27,9050.39,23757.3,principal
SKU_1659_MOS,2026-01-01,69,23407.69,70718.1,principal
SKU_1659_SNO,2026-01-01,64,21711.48,65593.6,principal
SKU_1660_NAV,2026-01-01,53,5494.25,16689.7,principal
SKU_1660_MAG,2026-01-01,57,5908.91,17949.3,principal
SKU_1661_WHI,2026-01-01,28,9174.39,27717.2,principal
SKU_1661_CER,2026-01-01,40,13106.28,39596.0,principal
SKU_1662_PIS,2026-01-01,49,3039.84,9795.1,principal
SKU_1662_LIG,2026-01-01,49,3039.84,9795.1,principal
SKU_1663_SNO,2026-01-01,34,8678.62,27026.6,principal
SKU_1663_FLA,2026-01-01,48,12252.17,38155.2,principal
SKU_1664_PIN,2026-01-01,74,7368.24,24412.6,principal
SKU_1664_MIN,2026-01-01,18,1792.27,5938.2,principal
SKU_1665_SAG,2026-01-01,0,0.0,0.0,principal
SKU_1665_RAS,2026-01-01,70,5179.83,17493.0,principal
SKU_1666_FUC,2026-01-01,63,17673.45,50393.7,principal
SKU_1666_PAS,2026-01-01,50,14026.55,39995.0,principal
SKU_1667_LIG,2026-01-01,26,1986.04,5457.4,principal
SKU_1667_MID,2026-01-01,64,4888.7,13433.6,principal
SKU_1668_DEN,2026-01-01,61,6385.52,16463.9,principal
SKU_1668_VAN,2026-01-01,0,0.0,0.0,principal
SKU_1669_COR,2026-01-01,23,1773.81,4597.7,principal
SKU_1669_TEA,2026-01-01,56,4318.83,11194.4,principal
SKU_1670_SAP,2026-01-01,74,3549.18,10722.6,principal
SKU_1670_PEA,2026-01-01,0,0.0,0.0,principal
SKU_1671_SEA,2026-01-01,33,3485.04,11546.7,principal
SKU_1671_MIN,2026-01-01,65,6864.47,22743.5,principal
SKU_1672_TEA,2026-01-01,30,2796.09,8847.0,principal
SKU_1672_FOR,2026-01-01,24,2236.87,7077.6,principal
SKU_1673_PEA,2026-01-01,60,8361.53,24594.0,principal
SKU_1673_FUC,2026-01-01,60,8361.53,24594.0,principal
SKU_1674_PAS,2026-01-01,46,3848.56,10575.4,principal
SKU_1674_WHI,2026-01-01,36,3011.91,8276.4,principal
SKU_1675_CRE,2026-01-01,26,6582.73,19887.4,principal
SKU_1675_DEN,2026-01-01,26,6582.73,19887.4,principal
SKU_1676_PIN,2026-01-01,24,1342.35,4077.6,principal
SKU_1676_NAV,2026-01-01,39,2181.31,6626.1,principal
SKU_1677_POW,2026-01-01,35,7734.89,19946.5,principal
SKU_1677_VAN,2026-01-01,56,12375.82,31914.4,principal
SKU_1678_LIG,2026-01-01,50,13185.97,35745.0,principal
SKU_1678_MAG,2026-01-01,56,14768.29,40034.4,principal
SKU_1679_SHO,2026-01-01,56,19290.29,51514.4,principal
SKU_1679_GAR,2026-01-01,0,0.0,0.0,principal
SKU_1680_NAV,2026-01-01,129,14299.9,43202.1,principal
SKU_1680_SEA,2026-01-01,188,20840.16,62961.2,principal
SKU_1681_OFF,2026-01-01,171,13223.27,40167.9,principal
SKU_1681_PIS,2026-01-01,136,10516.75,31946.4,principal
SKU_1682_OLI,2026-01-01,183,16815.8,42986.7,principal
SKU_1682_BIR,2026-01-01,131,12037.54,30771.9,principal
SKU_1683_PAL,2026-01-01,155,19365.67,48809.5,principal
SKU_1683_SHO,2026-01-01,181,22614.1,56996.9,principal
SKU_1684_HON,2026-01-01,153,9363.89,28289.7,principal
SKU_1684_SHO,2026-01-01,123,7527.83,22742.7,principal
SKU_1685_COB,2026-01-01,130,28610.65,86437.0,principal
SKU_1685_BIR,2026-01-01,0,0.0,0.0,principal
SKU_1686_MOS,2026-01-01,146,9836.6,31375.4,principal
SKU_1686_SKY,2026-01-01,113,7613.26,24283.7,principal
SKU_1687_FOR,2026-01-01,0,0.0,0.0,principal
SKU_1687_WHI,2026-01-01,223,62978.68,200677.7,principal
SKU_1688_WHI,2026-01-01,195,24671.32,83830.5,principal
SKU_1688_LIG,2026-01-01,229,28972.98,98447.1,principal
SKU_1689_MAG,2026-01-01,146,46066.26,140875.4,principal
SKU_1689_IVO,2026-01-01,152,47959.39,146664.8,principal
SKU_1690_MAG,2026-01-01,102,19626.88,55069.8,principal
SKU_1690_MYS,2026-01-01,114,21935.92,61548.6,principal
SKU_1691_HUN,2026-01-01,109,11120.08,33779.1,principal
SKU_1691_ROS,2026-01-01,156,15914.98,48344.4,principal
SKU_1692_OLI,2026-01-01,183,13320.0,40241.7,principal
SKU_1692_BLU,2026-01-01,179,13028.86,39362.1,principal
SKU_1693_MEX,2026-01-01,230,15599.04,47127.0,principal
SKU_1693_FLA,2026-01-01,127,8613.38,26022.3,principal
SKU_1694_PIS,2026-01-01,124,11488.22,34707.6,principal
SKU_1694_SER,2026-01-01,181,16769.09,50661.9,principal
SKU_1695_CRE,2026-01-01,151,10078.98,31694.9,principal
SKU_1695_LIM,2026-01-01,104,6941.81,21829.6,principal
SKU_1696_SER,2026-01-01,169,14049.02,47303.1,principal
SKU_1696_SHO,2026-01-01,206,17124.84,57659.4,principal
SKU_1697_PIS,2026-01-01,149,9925.86,32765.1,principal
SKU_1697_MIN,2026-01-01,205,13656.38,45079.5,principal
SKU_1698_PRI,2026-01-01,0,0.0,0.0,principal
SKU_1698_SNO,2026-01-01,0,0.0,0.0,principal
SKU_1699_CLO,2026-01-01,188,20280.93,62021.2,principal
SKU_1699_COB,2026-01-01,189,20388.81,62351.1,principal
SKU_1700_HUN,2026-01-01,178,48886.06,124582.2,principal
SKU_1700_PIS,2026-01-01,147,40372.19,102885.3,principal
SKU_1701_SPA,2026-01-01,146,18865.59,49625.4,principal
SKU_1701_BLU,2026-01-01,149,19253.24,50645.1,principal
SKU_1702_LIG,2026-01-01,209,42884.06,129559.1,principal
SKU_1702_COR,2026-01-01,226,46372.24,140097.4,principal
SKU_1703_PAS,2026-01-01,133,11415.15,35896.7,principal
SKU_1703_BLU,2026-01-01,225,19311.34,60727.5,principal
SKU_1704_BAB,2026-01-01,124,13205.78,41527.6,principal
SKU_1704_PEA,2026-01-01,163,17359.21,54588.7,principal
SKU_1705_SER,2026-01-01,165,22386.69,67633.5,principal
SKU_1705_JAD,2026-01-01,178,24150.49,72962.2,principal
SKU_1706_BLA,2026-01-01,180,10796.22,33282.0,principal
SKU_1706_JAD,2026-01-01,176,10556.3,32542.4,principal
SKU_1707_ARM,2026-01-01,188,14221.93,52621.2,principal
SKU_1707_SAP,2026-01-01,0,0.0,0.0,principal
SKU_1708_FLA,2026-01-01,147,7867.22,24975.3,principal
SKU_1708_FRE,2026-01-01,153,8188.33,25994.7,principal
SKU_1709_CRE,2026-01-01,177,10933.92,37152.3,principal
SKU_1709_MAR,2026-01-01,208,12848.9,43659.2,principal
SKU_1710_OLI,2026-01-01,164,39448.61,132823.6,principal
SKU_1710_MEX,2026-01-01,147,35359.42,119055.3,principal
SKU_1711_VAN,2026-01-01,159,60175.13,158189.1,principal
SKU_1711_ARM,2026-01-01,143,54119.77,142270.7,principal
SKU_1712_NAV,2026-01-01,203,12088.02,36519.7,principal
SKU_1712_MOS,2026-01-01,188,11194.82,33821.2,principal
SKU_1713_SAL,2026-01-01,188,31418.92,94921.2,principal
SKU_1713_SNO,2026-01-01,198,33090.14,99970.2,principal
SKU_1714_DEE,2026-01-01,135,13089.36,41161.5,principal
SKU_1714_MID,2026-01-01,165,15998.1,50308.5,principal
SKU_1715_HON,2026-01-01,156,10908.8,34304.4,principal
SKU_1715_JAD,2026-01-01,0,0.0,0.0,principal
SKU_1716_AQU,2026-01-01,0,0.0,0.0,principal
SKU_1716_SAL,2026-01-01,114,6188.5,18798.6,principal
SKU_1717_MIN,2026-01-01,148,11339.93,38465.2,principal
SKU_1717_CRE,2026-01-01,109,8351.7,28329.1,principal
SKU_1718_DUS,2026-01-01,144,15872.08,53265.6,principal
SKU_1718_SEA,2026-01-01,0,0.0,0.0,principal
SKU_1719_OFF,2026-01-01,206,18801.1,65899.4,principal
SKU_1719_WHI,2026-01-01,164,14967.87,52463.6,principal
SKU_1720_PAL,2026-01-01,188,12557.52,42281.2,principal
SKU_1720_PAS,2026-01-01,175,11689.18,39357.5,principal
SKU_1721_COR,2026-01-01,136,21723.27,57106.4,principal
SKU_1721_FRE,2026-01-01,207,33064.1,86919.3,principal
SKU_1722_AQU,2026-01-01,220,23659.22,71478.0,principal
SKU_1722_PAS,2026-01-01,144,15486.03,46785.6,principal
SKU_1723_MOS,2026-01-01,112,16122.61,48708.8,principal
SKU_1723_COB,2026-01-01,138,19865.36,60016.2,principal
SKU_1724_PIN,2026-01-01,157,55662.5,175039.3,principal
SKU_1724_PEA,2026-01-01,197,69844.03,219635.3,principal
SKU_1725_BAB,2026-01-01,0,0.0,0.0,principal
SKU_1725_OFF,2026-01-01,143,11136.58,35020.7,principal
SKU_1726_PAS,2026-01-01,223,31559.65,95867.7,principal
SKU_1726_BUB,2026-01-01,140,19813.23,60186.0,principal
SKU_1727_LIG,2026-01-01,117,5457.83,18123.3,principal
SKU_1727_WHI,2026-01-01,121,5644.42,18742.9,principal
SKU_1728_MID,2026-01-01,150,15534.33,49485.0,principal
SKU_1728_EGR,2026-01-01,0,0.0,0.0,principal
SKU_1729_FUC,2026-01-01,104,5353.2,18189.6,principal
SKU_1729_CLE,2026-01-01,185,9522.52,32356.5,principal
SKU_1730_OFF,2026-01-01,198,18812.04,63340.2,principal
SKU_1730_MIN,2026-01-01,213,20237.19,68138.7,principal
SKU_1731_MIN,2026-01-01,0,0.0,0.0,principal
SKU_1731_ARM,2026-01-01,113,39112.23,102818.7,principal
SKU_1732_OFF,2026-01-01,0,0.0,0.0,principal
SKU_1732_WHI,2026-01-01,150,55053.76,167235.0,principal
SKU_1733_NAV,2026-01-01,215,24900.63,75228.5,principal
SKU_1733_SAG,2026-01-01,129,14940.38,45137.1,principal
SKU_1734_FRE,2026-01-01,210,23366.32,73479.0,principal
SKU_1734_BRI,2026-01-01,190,21140.96,66481.0,principal
SKU_1735_MOS,2026-01-01,230,20435.75,62077.0,principal
SKU_1735_COR,2026-01-01,187,16615.15,50471.3,principal
SKU_1736_PAS,2026-01-01,157,16792.26,51009.3,principal
SKU_1736_JAD,2026-01-01,135,14439.21,43861.5,principal
SKU_1737_SAG,2026-01-01,0,0.0,0.0,principal
SKU_1737_DEE,2026-01-01,198,50457.71,152440.2,principal
SKU_1738_BLU,2026-01-01,149,9612.27,29040.1,principal
SKU_1738_ROY,2026-01-01,163,10515.44,31768.7,principal
SKU_1739_AQU,2026-01-01,200,16782.62,50980.0,principal
SKU_1739_MOS,2026-01-01,127,10656.96,32372.3,principal
SKU_1740_FRE,2026-01-01,136,9621.33,29226.4,principal
SKU_1740_OLI,2026-01-01,191,13512.31,41045.9,principal
SKU_1741_PEA,2026-01-01,149,11767.29,35745.1,principal
SKU_1741_PIN,2026-01-01,130,10266.76,31187.0,principal
SKU_1742_DEN,2026-01-01,166,14280.47,43143.4,principal
SKU_1742_EME,2026-01-01,0,0.0,0.0,principal
SKU_1743_DEE,2026-01-01,216,30215.85,95018.4,principal
SKU_1743_CLO,2026-01-01,0,0.0,0.0,principal
SKU_1744_LIG,2026-01-01,212,18487.48,56158.8,principal
SKU_1744_EME,2026-01-01,137,11947.1,36291.3,principal
SKU_1745_PEA,2026-01-01,195,26313.12,79930.5,principal
SKU_1745_FOR,2026-01-01,178,24019.16,72962.2,principal
SKU_1746_EME,2026-01-01,210,12436.85,37779.0,principal
SKU_1746_NAV,2026-01-01,185,10956.27,33281.5,principal
SKU_1747_FUC,2026-01-01,132,7341.6,23086.8,principal
SKU_1747_TEA,2026-01-01,0,0.0,0.0,principal
SKU_1748_BAB,2026-01-01,112,10672.61,34708.8,principal
SKU_1748_COB,2026-01-01,0,0.0,0.0,principal
SKU_1749_SNO,2026-01-01,101,10194.5,35339.9,principal
SKU_1749_BIR,2026-01-01,200,20187.13,69980.0,principal
SKU_1750_MIN,2026-01-01,129,12754.78,47717.1,principal
SKU_1750_SNO,2026-01-01,155,15325.51,57334.5,principal
SKU_1751_BLU,2026-01-01,169,16558.67,55753.1,principal
SKU_1751_MIN,2026-01-01,128,12541.48,42227.2,principal
SKU_1752_SNO,2026-01-01,163,24974.27,70073.7,principal
SKU_1752_SPA,2026-01-01,168,25740.35,72223.2,principal
SKU_1753_WHI,2026-01-01,113,33932.59,89258.7,principal
SKU_1753_PAL,2026-01-01,199,59757.39,157190.1,principal
SKU_1754_IVO,2026-01-01,0,0.0,0.0,principal
SKU_1754_SER,2026-01-01,159,17888.6,54044.1,principal
SKU_1755_BIR,2026-01-01,123,13560.64,41192.7,principal
SKU_1755_AQU,2026-01-01,195,21498.57,65305.5,principal
SKU_1756_FLA,2026-01-01,121,6922.19,21767.9,principal
SKU_1756_BUB,2026-01-01,0,0.0,0.0,principal
SKU_1757_PIN,2026-01-01,185,15584.07,49006.5,principal
SKU_1757_TUR,2026-01-01,114,9603.15,30198.6,principal
SKU_1758_CLO,2026-01-01,191,9388.77,34360.9,principal
SKU_1758_HON,2026-01-01,163,8012.41,29323.7,principal
SKU_1759_CLE,2026-01-01,152,12476.05,41024.8,principal
SKU_1759_COB,2026-01-01,173,14199.72,46692.7,principal
SKU_1760_PAS,2026-01-01,110,8090.01,27489.0,principal
SKU_1760_OFF,2026-01-01,179,13164.66,44732.1,principal
SKU_1761_MOS,2026-01-01,220,77055.73,243078.0,principal
SKU_1761_SAP,2026-01-01,140,49035.46,154686.0,principal
SKU_1762_DEN,2026-01-01,0,0.0,0.0,principal
SKU_1762_BRI,2026-01-01,164,14898.8,41803.6,principal
SKU_1763_MAR,2026-01-01,0,0.0,0.0,principal
SKU_1763_HOT,2026-01-01,112,11117.89,33588.8,principal
SKU_1764_FUC,2026-01-01,189,14615.2,44396.1,principal
SKU_1764_MAR,2026-01-01,170,13145.94,39933.0,principal
SKU_1765_MYS,2026-01-01,120,9917.78,31188.0,principal
SKU_1765_PAS,2026-01-01,110,9091.3,28589.0,principal
SKU_1766_CLE,2026-01-01,143,17957.68,56470.7,principal
SKU_1766_MYS,2026-01-01,213,26748.16,84113.7,principal
SKU_1767_PRI,2026-01-01,137,8926.67,28071.3,principal
SKU_1767_FUC,2026-01-01,0,0.0,0.0,principal
SKU_1768_PEA,2026-01-01,0,0.0,0.0,principal
SKU_1768_MIN,2026-01-01,146,27186.32,91235.4,principal
SKU_1769_WHI,2026-01-01,234,21450.91,76026.6,principal
SKU_1769_EME,2026-01-01,0,0.0,0.0,principal
SKU_1770_JAD,2026-01-01,158,10225.22,34744.2,principal
SKU_1770_DEE,2026-01-01,163,10548.8,35843.7,principal
SKU_1771_PIN,2026-01-01,172,14899.04,45562.8,principal
SKU_1771_EME,2026-01-01,157,13599.7,41589.3,principal
SKU_1772_BLU,2026-01-01,150,24421.01,62235.0,principal
SKU_1772_SNO,2026-01-01,0,0.0,0.0,principal
SKU_1773_OLI,2026-01-01,178,19038.36,57832.2,principal
SKU_1773_FRE,2026-01-01,159,17006.18,51659.1,principal
SKU_1774_COB,2026-01-01,0,0.0,0.0,principal
SKU_1774_MOS,2026-01-01,105,6841.61,21514.5,principal
SKU_1775_PAS,2026-01-01,129,11886.46,36107.1,principal
SKU_1775_PAL,2026-01-01,137,12623.6,38346.3,principal
SKU_1776_BIR,2026-01-01,0,0.0,0.0,principal
SKU_1776_PAS,2026-01-01,0,0.0,0.0,principal
SKU_1777_TUR,2026-01-01,0,0.0,0.0,principal
SKU_1777_FRE,2026-01-01,184,14037.03,44141.6,principal
SKU_1778_TEA,2026-01-01,0,0.0,0.0,principal
SKU_1778_MIN,2026-01-01,202,19048.98,57549.8,principal
SKU_1779_LIG,2026-01-01,162,11460.7,34813.8,principal
SKU_1779_MIN,2026-01-01,196,13866.04,42120.4,principal
SKU_1780_AQU,2026-01-01,183,20285.9,61286.7,principal
SKU_1780_LIG,2026-01-01,207,22946.34,69324.3,principal
SKU_1781_CLE,2026-01-01,121,4998.29,15717.9,principal
SKU_1781_AQU,2026-01-01,188,7765.94,24421.2,principal
SKU_1782_NAV,2026-01-01,0,0.0,0.0,principal
SKU_1782_HUN,2026-01-01,113,9347.01,28238.7,principal
SKU_1783_EGR,2026-01-01,0,0.0,0.0,principal
SKU_1783_BAB,2026-01-01,215,82037.16,257978.5,principal
SKU_1784_EGR,2026-01-01,210,21541.15,65079.0,principal
SKU_1784_BLA,2026-01-01,205,21028.26,63529.5,principal
SKU_1785_HUN,2026-01-01,206,16042.91,50449.4,principal
SKU_1785_PAS,2026-01-01,167,13005.66,40898.3,principal
SKU_1786_TEA,2026-01-01,0,0.0,0.0,principal
SKU_1786_POW,2026-01-01,143,8468.9,25725.7,principal
SKU_1787_BAB,2026-01-01,268,24706.44,77693.2,principal
SKU_1787_BAB,2026-01-01,268,24706.44,77693.2,principal
SKU_1788_EME,2026-01-01,124,10256.9,30987.6,principal
SKU_1788_MYS,2026-01-01,198,16377.95,49480.2,principal
SKU_1789_SNO,2026-01-01,177,14538.07,47772.3,principal
SKU_1789_EME,2026-01-01,170,13963.11,45883.0,principal
SKU_1790_EGR,2026-01-01,0,0.0,0.0,principal
SKU_1790_ROY,2026-01-01,117,8760.33,30408.3,principal
SKU_1791_ARM,2026-01-01,186,13170.25,49271.4,principal
SKU_1791_IVO,2026-01-01,184,13028.63,48741.6,principal
SKU_1792_MIN,2026-01-01,184,24039.66,80941.6,principal
SKU_1792_AQU,2026-01-01,147,19205.59,64665.3,principal
SKU_1793_WHI,2026-01-01,136,9005.67,25826.4,principal
SKU_1793_MIN,2026-01-01,0,0.0,0.0,principal
SKU_1794_FLA,2026-01-01,112,8942.75,23508.8,principal
SKU_1794_LIG,2026-01-01,137,10938.9,28756.3,principal
SKU_1795_RAS,2026-01-01,116,11452.34,34788.4,principal
SKU_1795_HUN,2026-01-01,147,14512.88,44085.3,principal
SKU_1796_OLI,2026-01-01,0,0.0,0.0,principal
SKU_1796_SHO,2026-01-01,193,32079.12,97445.7,principal
SKU_1797_GAR,2026-01-01,0,0.0,0.0,principal
SKU_1797_BLU,2026-01-01,0,0.0,0.0,principal
SKU_1798_OFF,2026-01-01,119,15554.77,49968.1,principal
SKU_1798_MOS,2026-01-01,204,26665.32,85659.6,principal
SKU_1799_DEN,2026-01-01,184,14615.41,49661.6,principal
SKU_1799_POW,2026-01-01,198,15727.45,53440.2,principal
SKU_1800_SKY,2026-01-01,190,15794.76,53181.0,principal
SKU_1800_MOS,2026-01-01,129,10723.81,36107.1,principal
SKU_1801_MOS,2026-01-01,154,22655.06,57734.6,principal
SKU_1801_FLA,2026-01-01,216,31775.92,80978.4,principal
SKU_1802_OLI,2026-01-01,107,26382.12,79704.3,principal
SKU_1802_DEN,2026-01-01,0,0.0,0.0,principal
SKU_1803_DUS,2026-01-01,102,6749.02,20389.8,principal
SKU_1803_SER,2026-01-01,117,7741.53,23388.3,principal
SKU_1804_SPA,2026-01-01,104,15574.32,47309.6,principal
SKU_1804_SEA,2026-01-01,41,6139.88,18650.9,principal
SKU_1805_BLU,2026-01-01,25,4798.67,14497.5,principal
SKU_1805_WHI,2026-01-01,31,5950.35,17976.9,principal
SKU_1806_ROS,2026-01-01,133,8533.42,25921.7,principal
SKU_1806_EME,2026-01-01,104,6672.75,20269.6,principal
SKU_1807_IVO,2026-01-01,45,6128.89,20470.5,principal
SKU_1807_BLU,2026-01-01,109,14845.54,49584.1,principal
SKU_1808_SNO,2026-01-01,96,26871.82,92150.4,principal
SKU_1808_PAS,2026-01-01,43,12036.34,41275.7,principal
SKU_1809_PRI,2026-01-01,108,7391.89,25909.2,principal
SKU_1809_SHO,2026-01-01,112,7665.67,26868.8,principal
SKU_1810_OFF,2026-01-01,32,1622.03,5116.8,principal
SKU_1810_COB,2026-01-01,96,4866.08,15350.4,principal
SKU_1811_BLU,2026-01-01,111,30049.56,76578.9,principal
SKU_1811_PIN,2026-01-01,96,25988.81,66230.4,principal
SKU_1812_BRI,2026-01-01,80,20069.41,52792.0,principal
SKU_1812_HOT,2026-01-01,86,21574.61,56751.4,principal
SKU_1813_BLU,2026-01-01,29,2446.79,7392.1,principal
SKU_1813_RAS,2026-01-01,24,2024.93,6117.6,principal
SKU_1814_PRI,2026-01-01,102,12756.43,38749.8,principal
SKU_1814_PAS,2026-01-01,25,3126.58,9497.5,principal
SKU_1815_WHI,2026-01-01,113,16453.58,49708.7,principal
SKU_1815_LIM,2026-01-01,40,5824.28,17596.0,principal
SKU_1816_MOS,2026-01-01,30,2369.25,7197.0,principal
SKU_1816_WHI,2026-01-01,117,9240.08,28068.3,principal
SKU_1817_BUB,2026-01-01,75,4523.06,16492.5,principal
SKU_1817_PRI,2026-01-01,47,2834.45,10335.3,principal
SKU_1818_BRI,2026-01-01,35,1969.76,7171.5,principal
SKU_1818_EGR,2026-01-01,38,2138.6,7786.2,principal
SKU_1819_AQU,2026-01-01,40,3687.67,13796.0,principal
SKU_1819_DEE,2026-01-01,32,2950.14,11036.8,principal
SKU_1820_PEA,2026-01-01,0,0.0,0.0,principal
SKU_1820_SPA,2026-01-01,4,344.4,1159.6,principal
SKU_1821_BUB,2026-01-01,23,2171.44,6092.7,principal
SKU_1821_NAV,2026-01-01,30,2832.31,7947.0,principal
SKU_1822_ARM,2026-01-01,40,4103.08,12396.0,principal
SKU_1822_SEA,2026-01-01,136,13950.46,42146.4,principal
SKU_1823_MIN,2026-01-01,2,129.02,389.8,principal
SKU_1823_COR,2026-01-01,92,5935.09,17930.8,principal
SKU_1824_COR,2026-01-01,119,14099.01,42828.1,principal
SKU_1824_BLU,2026-01-01,126,14928.36,45347.4,principal
SKU_1825_MIN,2026-01-01,45,2590.97,7870.5,principal
SKU_1825_MIN,2026-01-01,45,2590.97,7870.5,principal
SKU_1826_SAP,2026-01-01,18,2889.03,8728.2,principal
SKU_1826_IVO,2026-01-01,50,8025.1,24245.0,principal
SKU_1827_PRI,2026-01-01,113,7003.54,22023.7,principal
SKU_1827_BUB,2026-01-01,106,6569.69,20659.4,principal
SKU_1828_FLA,2026-01-01,128,10375.92,31347.2,principal
SKU_1828_CER,2026-01-01,102,8268.31,24979.8,principal
SKU_1829_MOS,2026-01-01,45,3871.21,11695.5,principal
SKU_1829_HUN,2026-01-01,33,2838.89,8576.7,principal
SKU_1830_IVO,2026-01-01,114,9807.07,29628.6,principal
SKU_1830_NAV,2026-01-01,87,7484.34,22611.3,principal
SKU_1831_MID,2026-01-01,114,12568.4,38178.6,principal
SKU_1831_HOT,2026-01-01,96,10583.91,32150.4,principal
SKU_1832_COR,2026-01-01,22,2063.12,6487.8,principal
SKU_1832_MIN,2026-01-01,35,3282.24,10321.5,principal
SKU_1833_NAV,2026-01-01,107,7822.58,24599.3,principal
SKU_1833_LIG,2026-01-01,97,7091.5,22300.3,principal
SKU_1834_SAL,2026-01-01,48,6353.61,19195.2,principal
SKU_1834_MAG,2026-01-01,80,10589.35,31992.0,principal
SKU_1835_BIR,2026-01-01,34,2080.86,6286.6,principal
SKU_1835_BAB,2026-01-01,135,8262.26,24961.5,principal
SKU_1836_CRE,2026-01-01,13,2955.4,9293.7,principal
SKU_1836_MID,2026-01-01,93,21142.45,66485.7,principal
SKU_1837_SAP,2026-01-01,126,10365.65,31487.4,principal
SKU_1837_EGR,2026-01-01,0,0.0,0.0,principal
SKU_1838_DEN,2026-01-01,29,2748.22,9277.1,principal
SKU_1838_BAL,2026-01-01,128,12130.06,40947.2,principal
SKU_1839_DUS,2026-01-01,93,8144.49,27425.7,principal
SKU_1839_BAB,2026-01-01,23,2014.23,6782.7,principal
SKU_1840_FOR,2026-01-01,0,0.0,0.0,principal
SKU_1840_LIM,2026-01-01,110,6744.21,23639.0,principal
SKU_1841_WHI,2026-01-01,0,0.0,0.0,principal
SKU_1841_LIM,2026-01-01,118,5591.11,17098.2,principal
SKU_1842_SAG,2026-01-01,125,23829.8,66862.5,principal
SKU_1842_POW,2026-01-01,122,23257.88,65257.8,principal
SKU_1843_BIR,2026-01-01,106,10697.72,32319.4,principal
SKU_1843_NAV,2026-01-01,92,9284.81,28050.8,principal
SKU_1844_BAL,2026-01-01,37,3060.53,9246.3,principal
SKU_1844_MOS,2026-01-01,94,7775.39,23490.6,principal
SKU_1845_BAL,2026-01-01,0,0.0,0.0,principal
SKU_1845_TUR,2026-01-01,56,15197.67,45914.4,principal
SKU_1846_PAS,2026-01-01,117,13018.38,40938.3,principal
SKU_1846_SEA,2026-01-01,121,13463.45,42337.9,principal
SKU_1847_PAS,2026-01-01,101,8973.96,27259.9,principal
SKU_1847_MYS,2026-01-01,115,10217.87,31038.5,principal
SKU_1848_BAL,2026-01-01,106,6969.38,23309.4,principal
SKU_1848_ARM,2026-01-01,140,9204.84,30786.0,principal
SKU_1849_BAB,2026-01-01,105,10812.87,34639.5,principal
SKU_1849_GAR,2026-01-01,115,11842.66,37938.5,principal
SKU_1850_DEE,2026-01-01,100,6030.21,20490.0,principal
SKU_1850_PRI,2026-01-01,142,8562.89,29095.8,principal
SKU_1851_DEE,2026-01-01,26,1827.08,5587.4,principal
SKU_1851_BLU,2026-01-01,31,2178.44,6661.9,principal
SKU_1852_BLA,2026-01-01,121,23009.6,60487.9,principal
SKU_1852_FOR,2026-01-01,121,23009.6,60487.9,principal
SKU_1853_ROS,2026-01-01,28,8340.27,25197.2,principal
SKU_1853_BLU,2026-01-01,6,1787.2,5399.4,principal
SKU_1854_NAV,2026-01-01,124,7589.04,22927.6,principal
SKU_1854_MID,2026-01-01,127,7772.64,23482.3,principal
SKU_1855_FLA,2026-01-01,115,10053.09,31613.5,principal
SKU_1855_AQU,2026-01-01,103,9004.07,28314.7,principal
SKU_1856_FLA,2026-01-01,109,11658.32,35414.1,principal
SKU_1856_PAS,2026-01-01,115,12300.06,37363.5,principal
SKU_1857_PAS,2026-01-01,43,3395.93,10315.7,principal
SKU_1857_IVO,2026-01-01,42,3316.95,10075.8,principal
SKU_1858_OLI,2026-01-01,101,25879.44,90889.9,principal
SKU_1858_IVO,2026-01-01,0,0.0,0.0,principal
SKU_1859_LIG,2026-01-01,40,5250.53,17196.0,principal
SKU_1859_PEA,2026-01-01,99,12995.06,42560.1,principal
SKU_1860_BLA,2026-01-01,26,2223.24,8317.4,principal
SKU_1860_SPA,2026-01-01,101,8636.44,32309.9,principal
SKU_1861_DEE,2026-01-01,46,2662.72,8965.4,principal
SKU_1861_SAP,2026-01-01,134,7756.63,26116.6,principal
SKU_1862_PAS,2026-01-01,3,240.46,674.7,principal
SKU_1862_PIN,2026-01-01,101,8095.59,22714.9,principal
SKU_1863_MOS,2026-01-01,124,10462.12,31607.6,principal
SKU_1863_POW,2026-01-01,115,9702.77,29313.5,principal
SKU_1864_VAN,2026-01-01,98,5294.76,16650.2,principal
SKU_1864_BRI,2026-01-01,109,5889.07,18519.1,principal
SKU_1865_POW,2026-01-01,115,9138.84,28738.5,principal
SKU_1865_CRE,2026-01-01,0,0.0,0.0,principal
SKU_1866_ROS,2026-01-01,102,10969.27,33139.8,principal
SKU_1866_DUS,2026-01-01,120,12905.03,38988.0,principal
SKU_1867_TEA,2026-01-01,104,6843.94,20789.6,principal
SKU_1867_LIG,2026-01-01,98,6449.09,19590.2,principal
SKU_1868_ARM,2026-01-01,85,22223.84,67141.5,principal
SKU_1868_SEA,2026-01-01,117,30590.46,92418.3,principal
SKU_1869_CRE,2026-01-01,39,6075.74,19106.1,principal
SKU_1869_AQU,2026-01-01,25,3894.7,12247.5,principal
SKU_1870_SAG,2026-01-01,100,7609.69,22990.0,principal
SKU_1870_AQU,2026-01-01,5,380.48,1149.5,principal
SKU_1871_WHI,2026-01-01,45,2977.51,8995.5,principal
SKU_1871_SNO,2026-01-01,6,397.0,1199.4,principal
SKU_1872_FRE,2026-01-01,116,32824.74,99168.4,principal
SKU_1872_SAP,2026-01-01,122,34522.57,104297.8,principal
SKU_1873_BAB,2026-01-01,126,18763.53,56687.4,principal
SKU_1873_BLA,2026-01-01,130,19359.2,58487.0,principal
SKU_1874_JAD,2026-01-01,0,0.0,0.0,principal
SKU_1874_GAR,2026-01-01,122,8880.0,26827.8,principal
SKU_1875_BAB,2026-01-01,28,1612.16,4897.2,principal
SKU_1875_BIR,2026-01-01,30,1727.31,5247.0,principal
SKU_1876_AQU,2026-01-01,23,1521.84,4597.7,principal
SKU_1876_CLO,2026-01-01,43,2845.18,8595.7,principal
SKU_1877_SAP,2026-01-01,20,3656.36,11498.0,principal
SKU_1877_TEA,2026-01-01,96,17550.55,55190.4,principal
SKU_1878_SEA,2026-01-01,15,2172.23,6598.5,principal
SKU_1878_ROS,2026-01-01,79,11440.39,34752.1,principal
SKU_1879_COR,2026-01-01,0,0.0,0.0,principal
SKU_1879_WHI,2026-01-01,100,8745.83,30490.0,principal
SKU_1880_DUS,2026-01-01,129,33642.8,109637.1,principal
SKU_1880_TUR,2026-01-01,135,35207.58,114736.5,principal
SKU_1881_CLO,2026-01-01,0,0.0,0.0,principal
SKU_1881_SNO,2026-01-01,31,2165.97,7591.9,principal
SKU_1882_TUR,2026-01-01,123,9649.02,29507.7,principal
SKU_1882_SPA,2026-01-01,41,3216.34,9835.9,principal
SKU_1883_ARM,2026-01-01,127,9331.3,28562.3,principal
SKU_1883_BLU,2026-01-01,0,0.0,0.0,principal
SKU_1884_NAV,2026-01-01,117,14173.42,39768.3,principal
SKU_1884_FOR,2026-01-01,119,14415.7,40448.1,principal
SKU_1885_BLA,2026-01-01,33,6006.56,18146.7,principal
SKU_1885_MAG,2026-01-01,48,8736.81,26395.2,principal
SKU_1886_BAL,2026-01-01,40,2606.33,8196.0,principal
SKU_1886_CLO,2026-01-01,0,0.0,0.0,principal
SKU_1887_PAS,2026-01-01,37,2434.86,7396.3,principal
SKU_1887_CLE,2026-01-01,0,0.0,0.0,principal
SKU_1888_SEA,2026-01-01,102,6269.66,20389.8,principal
SKU_1888_NAV,2026-01-01,44,2704.56,8795.6,principal
SKU_1889_MAR,2026-01-01,52,4071.63,14034.8,principal
SKU_1889_BIR,2026-01-01,130,10179.08,35087.0,principal
SKU_1890_TEA,2026-01-01,15,1154.01,3823.5,principal
SKU_1890_ROY,2026-01-01,32,2461.89,8156.8,principal
SKU_1891_MAR,2026-01-01,101,10773.66,33319.9,principal
SKU_1891_BUB,2026-01-01,90,9600.29,29691.0,principal
SKU_1892_AQU,2026-01-01,105,9995.81,30439.5,principal
SKU_1892_ROS,2026-01-01,101,9615.02,29279.9,principal
SKU_1893_BIR,2026-01-01,33,8117.05,20786.7,principal
SKU_1893_TEA,2026-01-01,29,7133.17,18267.1,principal
SKU_1894_IVO,2026-01-01,129,11674.12,35462.1,principal
SKU_1894_AQU,2026-01-01,29,2624.42,7972.1,principal
SKU_1895_PAS,2026-01-01,130,8386.55,25337.0,principal
SKU_1895_BRI,2026-01-01,26,1677.31,5067.4,principal
SKU_1896_ARM,2026-01-01,147,49138.7,148455.3,principal
SKU_1896_PAS,2026-01-01,47,15711.01,47465.3,principal
SKU_1897_JAD,2026-01-01,121,9038.48,28422.9,principal
SKU_1897_SHO,2026-01-01,33,2465.04,7751.7,principal
SKU_1898_EME,2026-01-01,38,5357.66,18426.2,principal
SKU_1898_WHI,2026-01-01,27,3806.76,13092.3,principal
SKU_1899_SAG,2026-01-01,0,0.0,0.0,principal
SKU_1899_SAP,2026-01-01,107,7491.07,24064.3,principal
SKU_1900_HON,2026-01-01,32,3978.3,13596.8,principal
SKU_1900_FRE,2026-01-01,88,10940.33,37391.2,principal
SKU_1901_LIM,2026-01-01,94,6978.55,22080.6,principal
SKU_1901_MIN,2026-01-01,103,7646.71,24194.7,principal
SKU_1902_BLU,2026-01-01,5,1410.76,4149.5,principal
SKU_1902_HOT,2026-01-01,120,33858.18,99588.0,principal
SKU_1903_PAS,2026-01-01,108,12966.04,35629.2,principal
SKU_1903_DUS,2026-01-01,113,13566.32,37278.7,principal
SKU_1904_SNO,2026-01-01,114,30857.68,84918.6,principal
SKU_1904_CLE,2026-01-01,0,0.0,0.0,principal
SKU_1905_WHI,2026-01-01,118,14056.97,42468.2,principal
SKU_1905_PRI,2026-01-01,116,13818.72,41748.4,principal
SKU_1906_SHO,2026-01-01,28,2733.13,8257.2,principal
SKU_1906_NAV,2026-01-01,109,10639.7,32144.1,principal
SKU_1907_BLA,2026-01-01,0,0.0,0.0,principal
SKU_1907_TEA,2026-01-01,32,2573.86,8796.8,principal
SKU_1908_BLA,2026-01-01,6,559.47,1889.4,principal
SKU_1908_MID,2026-01-01,29,2704.1,9132.1,principal
SKU_1909_SPA,2026-01-01,33,5047.62,14846.7,principal
SKU_1909_PEA,2026-01-01,86,13154.4,38691.4,principal
SKU_1910_MID,2026-01-01,41,10483.0,30745.9,principal
SKU_1910_MYS,2026-01-01,0,0.0,0.0,principal
SKU_1911_RAS,2026-01-01,34,2833.86,7306.6,principal
SKU_1911_LIG,2026-01-01,38,3167.26,8166.2,principal
SKU_1912_PAS,2026-01-01,122,15458.51,46957.8,principal
SKU_1912_MEX,2026-01-01,96,12164.07,36950.4,principal
SKU_1913_PIS,2026-01-01,132,9346.95,25726.8,principal
SKU_1913_MYS,2026-01-01,105,7435.08,20464.5,principal
SKU_1914_SNO,2026-01-01,126,9291.38,25187.4,principal
SKU_1914_BIR,2026-01-01,79,5825.55,15792.1,principal
SKU_1915_SPA,2026-01-01,112,48855.86,130468.8,principal
SKU_1915_DUS,2026-01-01,103,44929.95,119984.7,principal
SKU_1916_TUR,2026-01-01,107,9027.79,27274.3,principal
SKU_1916_HOT,2026-01-01,113,9534.02,28803.7,principal
SKU_1917_IVO,2026-01-01,38,4715.49,14246.2,principal
SKU_1917_LIG,2026-01-01,102,12657.37,38239.8,principal
SKU_1918_SKY,2026-01-01,115,7609.19,22988.5,principal
SKU_1918_WHI,2026-01-01,7,463.17,1399.3,principal
SKU_1919_COB,2026-01-01,33,7426.55,22436.7,principal
SKU_1919_PEA,2026-01-01,109,24530.11,74109.1,principal
SKU_1920_NAV,2026-01-01,121,10153.48,30842.9,principal
SKU_1920_GAR,2026-01-01,0,0.0,0.0,principal
SKU_1921_PIN,2026-01-01,110,8741.5,27489.0,principal
SKU_1921_VAN,2026-01-01,105,8344.16,26239.5,principal
SKU_1922_TEA,2026-01-01,89,18166.24,61846.1,principal
SKU_1922_BLU,2026-01-01,105,21432.08,72964.5,principal
SKU_1923_TUR,2026-01-01,120,6700.36,22788.0,principal
SKU_1923_PEA,2026-01-01,137,7649.57,26016.3,principal
SKU_1924_BIR,2026-01-01,115,21826.32,74163.5,principal
SKU_1924_TEA,2026-01-01,122,23154.88,78677.8,principal
SKU_1925_PIN,2026-01-01,97,11220.31,35395.3,principal
SKU_1925_PRI,2026-01-01,148,17119.65,54005.2,principal
SKU_1926_SHO,2026-01-01,16,1642.72,4318.4,principal
SKU_1926_IVO,2026-01-01,94,9650.98,25370.6,principal
SKU_1927_CER,2026-01-01,33,3762.33,9896.7,principal
SKU_1927_FUC,2026-01-01,51,5814.51,15294.9,principal
SKU_1928_COR,2026-01-01,120,12439.81,37788.0,principal
SKU_1928_BLU,2026-01-01,116,12025.15,36528.4,principal
SKU_1929_COB,2026-01-01,134,13008.86,39516.6,principal
SKU_1929_PEA,2026-01-01,41,3980.32,12090.9,principal
SKU_1930_GAR,2026-01-01,0,0.0,0.0,principal
SKU_1930_SHO,2026-01-01,142,31016.62,93705.8,principal
SKU_1931_MID,2026-01-01,0,0.0,0.0,principal
SKU_1931_COR,2026-01-01,0,0.0,0.0,principal
SKU_1932_NAV,2026-01-01,115,6656.81,22413.5,principal
SKU_1932_COB,2026-01-01,113,6541.04,22023.7,principal
SKU_1933_GAR,2026-01-01,106,7708.23,23839.4,principal
SKU_1933_SNO,2026-01-01,119,8653.58,26763.1,principal
SKU_1934_HON,2026-01-01,119,8267.08,30928.1,principal
SKU_1934_COB,2026-01-01,104,7225.01,27029.6,principal
SKU_1935_DEN,2026-01-01,35,1995.99,6296.5,principal
SKU_1935_HOT,2026-01-01,36,2053.02,6476.4,principal
SKU_1936_HON,2026-01-01,122,6218.68,15847.8,principal
SKU_1936_WHI,2026-01-01,0,0.0,0.0,principal
SKU_1937_BUB,2026-01-01,33,2292.74,6926.7,principal
SKU_1937_MIN,2026-01-01,108,7503.51,22669.2,principal
SKU_1938_CRE,2026-01-01,106,31573.89,95389.4,principal
SKU_1938_PAS,2026-01-01,0,0.0,0.0,principal
SKU_1939_ROS,2026-01-01,107,5440.76,17109.3,principal
SKU_1939_LIG,2026-01-01,118,6000.09,18868.2,principal
SKU_1940_HUN,2026-01-01,122,43572.19,132357.8,principal
SKU_1940_BIR,2026-01-01,104,37143.5,112829.6,principal
SKU_1941_MIN,2026-01-01,241,83296.13,253025.9,principal
SKU_1941_MIN,2026-01-01,241,83296.13,253025.9,principal
SKU_1942_MYS,2026-01-01,116,44586.35,137448.4,principal
SKU_1942_SAL,2026-01-01,117,44970.72,138633.3,principal
SKU_1943_FUC,2026-01-01,123,9931.36,34427.7,principal
SKU_1943_AQU,2026-01-01,127,10254.33,35547.3,principal
SKU_1944_FUC,2026-01-01,120,15212.2,47988.0,principal
SKU_1944_PIS,2026-01-01,122,15465.73,48787.8,principal
SKU_1945_BAB,2026-01-01,99,6261.26,21275.1,principal
SKU_1945_BRI,2026-01-01,33,2087.09,7091.7,principal
SKU_1946_PEA,2026-01-01,105,13477.1,42514.5,principal
SKU_1946_BUB,2026-01-01,21,2695.42,8502.9,principal
SKU_1947_SKY,2026-01-01,31,5187.48,13636.9,principal
SKU_1947_CLE,2026-01-01,136,22757.96,59826.4,principal
SKU_1948_WHI,2026-01-01,34,2237.44,6796.6,principal
SKU_1948_PAL,2026-01-01,90,5922.64,17991.0,principal
SKU_1949_VAN,2026-01-01,103,5591.36,16984.7,principal
SKU_1949_SKY,2026-01-01,32,1737.12,5276.8,principal
SKU_1950_BLU,2026-01-01,140,18471.35,58086.0,principal
SKU_1950_FLA,2026-01-01,31,4090.08,12861.9,principal
SKU_1951_COR,2026-01-01,16,1342.61,4078.4,principal
SKU_1951_GAR,2026-01-01,96,8055.66,24470.4,principal
SKU_1952_TUR,2026-01-01,22,1483.97,4507.8,principal
SKU_1952_PIS,2026-01-01,129,8701.45,26432.1,principal
SKU_1953_IVO,2026-01-01,23,1492.28,5402.7,principal
SKU_1953_LIM,2026-01-01,85,5514.95,19966.5,principal
SKU_1954_WHI,2026-01-01,26,1626.2,5457.4,principal
SKU_1954_ROY,2026-01-01,93,5816.78,19520.7,principal
SKU_1955_FRE,2026-01-01,118,31538.25,117988.2,principal
SKU_1955_SAL,2026-01-01,95,25390.96,94990.5,principal
SKU_1956_CLO,2026-01-01,103,6421.05,21619.7,principal
SKU_1956_PEA,2026-01-01,130,8104.24,27287.0,principal
SKU_1957_PEA,2026-01-01,16,1082.89,3038.4,principal
SKU_1957_CRE,2026-01-01,121,8189.32,22977.9,principal
SKU_1958_PAS,2026-01-01,23,1407.64,4252.7,principal
SKU_1958_BLU,2026-01-01,99,6058.99,18305.1,principal
SKU_1959_TUR,2026-01-01,105,24705.26,77689.5,principal
SKU_1959_WHI,2026-01-01,19,4470.48,14058.1,principal
SKU_1960_NAV,2026-01-01,97,5584.98,16965.3,principal
SKU_1960_BAL,2026-01-01,130,7485.02,22737.0,principal
SKU_1961_LIG,2026-01-01,128,17578.48,53107.2,principal
SKU_1961_SHO,2026-01-01,84,11535.88,34851.6,principal
SKU_1962_FRE,2026-01-01,120,8489.41,25788.0,principal
SKU_1962_LIG,2026-01-01,122,8630.9,26217.8,principal
SKU_1963_SER,2026-01-01,121,23723.99,84082.9,principal
SKU_1963_IVO,2026-01-01,138,27057.11,95896.2,principal
SKU_1964_SAL,2026-01-01,104,9333.37,30669.6,principal
SKU_1964_BRI,2026-01-01,89,7987.21,26246.1,principal
SKU_1965_GAR,2026-01-01,117,7840.99,27483.3,principal
SKU_1965_DEN,2026-01-01,40,2680.68,9396.0,principal
SKU_1966_FOR,2026-01-01,45,9020.04,30370.5,principal
SKU_1966_CER,2026-01-01,112,22449.87,75588.8,principal
SKU_1967_PAL,2026-01-01,86,6577.17,16761.4,principal
SKU_1967_BAB,2026-01-01,124,9483.37,24167.6,principal
SKU_1968_JAD,2026-01-01,121,7004.92,21162.9,principal
SKU_1968_PAS,2026-01-01,43,2489.35,7520.7,principal
SKU_1969_SER,2026-01-01,96,13024.98,39350.4,principal
SKU_1969_SNO,2026-01-01,123,16688.26,50417.7,principal
SKU_1970_PEA,2026-01-01,85,20810.4,65441.5,principal
SKU_1970_TUR,2026-01-01,44,10772.44,33875.6,principal
SKU_1971_RAS,2026-01-01,38,10381.72,31536.2,principal
SKU_1971_PIN,2026-01-01,0,0.0,0.0,principal
SKU_1972_PAS,2026-01-01,84,9589.6,28971.6,principal
SKU_1972_AQU,2026-01-01,0,0.0,0.0,principal
SKU_1973_SKY,2026-01-01,126,12817.75,40307.4,principal
SKU_1973_MYS,2026-01-01,55,5595.05,17594.5,principal
SKU_1974_JAD,2026-01-01,110,6992.5,21989.0,principal
SKU_1974_MIN,2026-01-01,91,5784.71,18190.9,principal
SKU_1975_MYS,2026-01-01,129,18250.69,57392.1,principal
SKU_1975_PAS,2026-01-01,0,0.0,0.0,principal
SKU_1976_SKY,2026-01-01,0,0.0,0.0,principal
SKU_1976_JAD,2026-01-01,0,0.0,0.0,principal
SKU_1977_NAV,2026-01-01,55,3912.25,11819.5,principal
SKU_1977_TEA,2026-01-01,111,7895.64,23853.9,principal
SKU_1978_BAL,2026-01-01,102,8437.12,25489.8,principal
SKU_1978_ROS,2026-01-01,0,0.0,0.0,principal
SKU_1979_MAR,2026-01-01,90,5806.07,17541.0,principal
SKU_1979_DEN,2026-01-01,27,1741.82,5262.3,principal
SKU_1980_DEN,2026-01-01,121,6170.16,18742.9,principal
SKU_1980_DEE,2026-01-01,87,4436.4,13476.3,principal
SKU_1981_FOR,2026-01-01,28,4584.67,14417.2,principal
SKU_1981_SEA,2026-01-01,0,0.0,0.0,principal
SKU_1982_PIS,2026-01-01,24,1776.89,5397.6,principal
SKU_1982_VAN,2026-01-01,111,8218.12,24963.9,principal
SKU_1983_GAR,2026-01-01,0,0.0,0.0,principal
SKU_1983_SAP,2026-01-01,107,7652.45,24064.3,principal
SKU_1984_PIN,2026-01-01,4,380.5,1199.6,principal
SKU_1984_PAS,2026-01-01,101,9607.65,30289.9,principal
SKU_1985_WHI,2026-01-01,32,3783.8,13116.8,principal
SKU_1985_PAS,2026-01-01,30,3547.32,12297.0,principal
SKU_1986_BUB,2026-01-01,137,8462.98,28756.3,principal
SKU_1986_TEA,2026-01-01,101,6239.13,21199.9,principal
SKU_1987_MYS,2026-01-01,94,33370.78,105270.6,principal
SKU_1987_CLO,2026-01-01,137,48636.14,153426.3,principal
SKU_1988_WHI,2026-01-01,53,8566.49,22519.7,principal
SKU_1988_WHI,2026-01-01,53,8566.49,22519.7,principal
SKU_1989_HOT,2026-01-01,36,4146.73,12596.4,principal
SKU_1989_MAG,2026-01-01,115,13246.51,40238.5,principal
SKU_1990_LIM,2026-01-01,84,5001.94,15111.6,principal
SKU_1990_IVO,2026-01-01,44,2620.06,7915.6,principal
SKU_1991_GAR,2026-01-01,112,10681.24,33588.8,principal
SKU_1991_PIN,2026-01-01,0,0.0,0.0,principal
SKU_1992_BAL,2026-01-01,119,36232.77,110063.1,principal
SKU_1992_DEE,2026-01-01,16,4871.63,14798.4,principal
SKU_1993_SAP,2026-01-01,100,6515.82,20490.0,principal
SKU_1993_MEX,2026-01-01,81,5277.81,16596.9,principal
SKU_1994_COB,2026-01-01,21,1548.7,5667.9,principal
SKU_1994_LIM,2026-01-01,135,9955.91,36436.5,principal
SKU_1995_WHI,2026-01-01,106,7572.16,24899.4,principal
SKU_1995_EME,2026-01-01,99,7072.11,23255.1,principal
SKU_1996_SHO,2026-01-01,30,1963.85,7347.0,principal
SKU_1996_BLA,2026-01-01,41,2683.93,10040.9,principal
SKU_1997_MID,2026-01-01,19,1143.77,3608.1,principal
SKU_1997_SPA,2026-01-01,88,5297.45,16711.2,principal
SKU_1998_COR,2026-01-01,129,17415.51,45782.1,principal
SKU_1998_SAL,2026-01-01,113,15255.45,40103.7,principal
SKU_1999_COB,2026-01-01,111,8630.46,26073.9,principal
SKU_1999_SKY,2026-01-01,129,10030.0,30302.1,principal
SKU_2000_SHO,2026-01-01,121,8560.15,26002.9,principal
SKU_2000_SAG,2026-01-01,30,2122.35,6447.0,principal
SKU_2001_DEN,2026-01-01,117,14320.59,45033.3,principal
SKU_2001_MAR,2026-01-01,89,10893.44,34256.1,principal
SKU_2002_WHI,2026-01-01,117,7892.01,23973.3,principal
SKU_2002_VAN,2026-01-01,36,2428.31,7376.4,principal
SKU_2003_BAL,2026-01-01,103,8178.91,24709.7,principal
SKU_2003_FOR,2026-01-01,100,7940.69,23990.0,principal
SKU_2004_MIN,2026-01-01,0,0.0,0.0,principal
SKU_2004_AQU,2026-01-01,49,3076.59,11020.1,principal
SKU_2005_FUC,2026-01-01,25,1268.97,4497.5,principal
SKU_2005_TEA,2026-01-01,129,6547.88,23207.1,principal
SKU_2006_PRI,2026-01-01,123,29751.21,111302.7,principal
SKU_2006_DEN,2026-01-01,39,9433.31,35291.1,principal
SKU_2007_LIG,2026-01-01,102,6358.71,21409.8,principal
SKU_2007_SAG,2026-01-01,0,0.0,0.0,principal
SKU_2008_HOT,2026-01-01,77,6720.74,18857.3,principal
SKU_2008_SAL,2026-01-01,44,3840.42,10775.6,principal
SKU_2009_WHI,2026-01-01,28,2660.06,6997.2,principal
SKU_2009_DUS,2026-01-01,105,9975.21,26239.5,principal
SKU_2010_SPA,2026-01-01,101,30753.18,92909.9,principal
SKU_2010_BIR,2026-01-01,0,0.0,0.0,principal
SKU_2011_TUR,2026-01-01,39,3272.61,9941.1,principal
SKU_2011_PIN,2026-01-01,45,3776.09,11470.5,principal
SKU_2012_ROY,2026-01-01,118,30765.93,96748.2,principal
SKU_2012_SKY,2026-01-01,108,28158.65,88549.2,principal
SKU_2013_TEA,2026-01-01,94,5752.98,17380.6,principal
SKU_2013_MYS,2026-01-01,104,6365.0,19229.6,principal
SKU_2014_BLA,2026-01-01,110,11584.22,35189.0,principal
SKU_2014_BRI,2026-01-01,8,842.49,2559.2,principal
SKU_2015_OLI,2026-01-01,11,1101.52,3463.9,principal
SKU_2015_HUN,2026-01-01,100,10013.82,31490.0,principal
SKU_2016_SAP,2026-01-01,122,9032.52,27437.8,principal
SKU_2016_PEA,2026-01-01,25,1850.93,5622.5,principal
SKU_2017_SHO,2026-01-01,123,11536.06,35042.7,principal
SKU_2017_FRE,2026-01-01,103,9660.28,29344.7,principal
SKU_2018_OFF,2026-01-01,35,5529.41,16796.5,principal
SKU_2018_BAB,2026-01-01,124,19589.9,59507.6,principal
SKU_2019_SAG,2026-01-01,116,21113.96,63788.4,principal
SKU_2019_TUR,2026-01-01,0,0.0,0.0,principal
SKU_2020_FOR,2026-01-01,19,1419.27,4463.1,principal
SKU_2020_BAB,2026-01-01,99,7395.12,23255.1,principal
SKU_2021_NAV,2026-01-01,26,1634.28,4937.4,principal
SKU_2021_SAL,2026-01-01,119,7479.97,22598.1,principal
SKU_2022_SHO,2026-01-01,0,0.0,0.0,principal
SKU_2022_ROY,2026-01-01,0,0.0,0.0,principal
SKU_2023_MID,2026-01-01,127,6721.72,20307.3,principal
SKU_2023_SPA,2026-01-01,20,1058.54,3198.0,principal
SKU_2024_MIN,2026-01-01,129,15789.37,49652.1,principal
SKU_2024_LIG,2026-01-01,138,16890.95,53116.2,principal
SKU_2025_BAB,2026-01-01,38,2658.6,8736.2,principal
SKU_2025_SAP,2026-01-01,113,7905.84,25978.7,principal
SKU_2026_HON,2026-01-01,18,5700.31,18538.2,principal
SKU_2026_ROY,2026-01-01,95,30084.98,97840.5,principal
SKU_2027_CLE,2026-01-01,52,5190.98,18194.8,principal
SKU_2027_MAR,2026-01-01,21,2096.36,7347.9,principal
SKU_2028_PIS,2026-01-01,124,9019.18,30367.6,principal
SKU_2028_PAL,2026-01-01,91,6618.91,22285.9,principal
SKU_2029_BAB,2026-01-01,22,7635.64,21227.8,principal
SKU_2029_PRI,2026-01-01,88,30542.56,84911.2,principal
SKU_2030_SER,2026-01-01,128,16793.59,44147.2,principal
SKU_2030_BRI,2026-01-01,128,16793.59,44147.2,principal
SKU_2031_SNO,2026-01-01,103,13914.93,36039.7,principal
SKU_2031_NAV,2026-01-01,13,1756.25,4548.7,principal
SKU_2032_LIM,2026-01-01,108,9062.61,27529.2,principal
SKU_2032_WHI,2026-01-01,111,9314.35,28293.9,principal
SKU_2033_PRI,2026-01-01,98,9732.43,30370.2,principal
SKU_2033_RAS,2026-01-01,102,10129.68,31609.8,principal
SKU_2034_DUS,2026-01-01,0,0.0,0.0,principal
SKU_2034_PAS,2026-01-01,87,4746.48,14781.3,principal
SKU_2035_LIG,2026-01-01,0,0.0,0.0,principal
SKU_2035_AQU,2026-01-01,118,7810.19,26538.2,principal
SKU_2036_SPA,2026-01-01,95,7452.49,22790.5,principal
SKU_2036_MAR,2026-01-01,54,4236.15,12954.6,principal
SKU_2037_SNO,2026-01-01,57,14726.2,41319.3,principal
SKU_2037_SEA,2026-01-01,115,29710.75,83363.5,principal
SKU_2038_OFF,2026-01-01,34,12772.16,38586.6,principal
SKU_2038_COB,2026-01-01,102,38316.49,115759.8,principal
SKU_2039_OLI,2026-01-01,33,11194.98,33821.7,principal
SKU_2039_EME,2026-01-01,129,43762.21,132212.1,principal
SKU_2040_BIR,2026-01-01,127,12396.71,37452.3,principal
SKU_2040_MIN,2026-01-01,38,3709.25,11206.2,principal
SKU_2041_POW,2026-01-01,0,0.0,0.0,principal
SKU_2041_MOS,2026-01-01,95,6877.15,20890.5,principal
SKU_2042_WHI,2026-01-01,34,8608.18,26006.6,principal
SKU_2042_SER,2026-01-01,109,27596.83,83374.1,principal
SKU_2043_ROS,2026-01-01,0,0.0,0.0,principal
SKU_2043_WHI,2026-01-01,135,14142.66,47236.5,principal
SKU_2044_PAS,2026-01-01,43,3133.54,10745.7,principal
SKU_2044_COB,2026-01-01,80,5829.83,19992.0,principal
SKU_2045_AQU,2026-01-01,120,6883.09,23388.0,principal
SKU_2045_MID,2026-01-01,29,1663.41,5652.1,principal
SKU_2046_BLA,2026-01-01,0,0.0,0.0,principal
SKU_2046_MAR,2026-01-01,124,18962.74,63847.6,principal
SKU_2047_HUN,2026-01-01,101,43219.11,113614.9,principal
SKU_2047_FUC,2026-01-01,104,44502.84,116989.6,principal
SKU_2048_MAR,2026-01-01,92,11657.24,35410.8,principal
SKU_2048_FOR,2026-01-01,37,4688.24,14241.3,principal
SKU_2049_TEA,2026-01-01,0,0.0,0.0,principal
SKU_2049_PAS,2026-01-01,0,0.0,0.0,principal
SKU_2050_MOS,2026-01-01,134,20176.63,60956.6,principal
SKU_2050_BLU,2026-01-01,41,6173.45,18650.9,principal
SKU_2051_FOR,2026-01-01,34,8617.34,26176.6,principal
SKU_2051_MEX,2026-01-01,100,25345.11,76990.0,principal
SKU_2052_NAV,2026-01-01,97,9250.72,29090.3,principal
SKU_2052_FLA,2026-01-01,116,11062.71,34788.4,principal
SKU_2053_DEN,2026-01-01,115,12150.09,40238.5,principal
SKU_2053_EGR,2026-01-01,109,11516.17,38139.1,principal
SKU_2054_ROY,2026-01-01,0,0.0,0.0,principal
SKU_2054_SAL,2026-01-01,124,15370.75,50827.6,principal
SKU_2055_RAS,2026-01-01,143,17579.17,65765.7,principal
SKU_2055_SAP,2026-01-01,0,0.0,0.0,principal
SKU_2056_DEN,2026-01-01,0,0.0,0.0,principal
SKU_2056_SKY,2026-01-01,114,38579.0,117978.6,principal
SKU_2057_SNO,2026-01-01,128,46008.31,120947.2,principal
SKU_2057_VAN,2026-01-01,0,0.0,0.0,principal
SKU_2058_BUB,2026-01-01,126,8706.48,26447.4,principal
SKU_2058_MOS,2026-01-01,76,5251.53,15952.4,principal
SKU_2059_WHI,2026-01-01,110,22383.7,70389.0,principal
SKU_2059_SNO,2026-01-01,0,0.0,0.0,principal
SKU_2060_MEX,2026-01-01,117,34783.89,109383.3,principal
SKU_2060_VAN,2026-01-01,90,26756.84,84141.0,principal
SKU_2061_POW,2026-01-01,111,7670.0,23298.9,principal
SKU_2061_BRI,2026-01-01,107,7393.6,22459.3,principal
SKU_2062_BAB,2026-01-01,91,4191.01,12730.9,principal
SKU_2062_DUS,2026-01-01,89,4098.9,12451.1,principal
SKU_2063_POW,2026-01-01,0,0.0,0.0,principal
SKU_2063_SHO,2026-01-01,108,7860.99,23749.2,principal
SKU_2064_PIS,2026-01-01,114,15007.77,45588.6,principal
SKU_2064_SAP,2026-01-01,95,12506.47,37990.5,principal
SKU_2065_OFF,2026-01-01,0,0.0,0.0,principal
SKU_2065_DUS,2026-01-01,104,6843.94,20789.6,principal
SKU_2066_TEA,2026-01-01,94,14776.04,44640.6,principal
SKU_2066_BLA,2026-01-01,125,19648.99,59362.5,principal
SKU_2067_MIN,2026-01-01,99,11015.55,34640.1,principal
SKU_2067_DUS,2026-01-01,116,12907.11,40588.4,principal
SKU_2068_IVO,2026-01-01,84,11196.62,34011.6,principal
SKU_2068_HON,2026-01-01,20,2665.86,8098.0,principal
SKU_2069_TEA,2026-01-01,93,6503.32,20450.7,principal
SKU_2069_BUB,2026-01-01,123,8601.17,27047.7,principal
SKU_2070_COR,2026-01-01,117,8277.17,25143.3,principal
SKU_2070_SPA,2026-01-01,27,1910.12,5802.3,principal
SKU_2071_PAS,2026-01-01,105,8983.7,27289.5,principal
SKU_2071_PEA,2026-01-01,30,2566.77,7797.0,principal
SKU_2072_BAB,2026-01-01,112,10005.73,30228.8,principal
SKU_2072_MIN,2026-01-01,28,2501.43,7557.2,principal
SKU_2073_HUN,2026-01-01,103,9829.81,29859.7,principal
SKU_2073_PAL,2026-01-01,100,9543.51,28990.0,principal
SKU_2074_PAS,2026-01-01,34,2499.75,9006.6,principal
SKU_2074_ARM,2026-01-01,103,7572.77,27284.7,principal
SKU_2075_COB,2026-01-01,89,6340.54,21351.1,principal
SKU_2075_COR,2026-01-01,2,142.48,479.8,principal
SKU_2076_MIN,2026-01-01,15,1904.11,7123.5,principal
SKU_2076_SAG,2026-01-01,129,16375.36,61262.1,principal
SKU_2077_MOS,2026-01-01,127,8509.29,26022.3,principal
SKU_2077_PIS,2026-01-01,82,5494.19,16801.8,principal
SKU_2078_ARM,2026-01-01,5,456.29,1199.5,principal
SKU_2078_CLE,2026-01-01,133,12137.31,31906.7,principal
SKU_2079_TUR,2026-01-01,131,46139.65,140156.9,principal
SKU_2079_WHI,2026-01-01,108,38038.8,115549.2,principal
SKU_2080_FLA,2026-01-01,98,7739.56,23510.2,principal
SKU_2080_VAN,2026-01-01,76,6002.11,18232.4,principal
SKU_2081_PAL,2026-01-01,40,4959.53,15596.0,principal
SKU_2081_HUN,2026-01-01,107,13266.74,41719.3,principal
SKU_2082_PAS,2026-01-01,132,22278.55,67306.8,principal
SKU_2082_HON,2026-01-01,107,18059.13,54559.3,principal
SKU_2083_GAR,2026-01-01,118,9124.83,27718.2,principal
SKU_2083_VAN,2026-01-01,7,541.3,1644.3,principal
SKU_2084_MAR,2026-01-01,107,8412.11,27274.3,principal
SKU_2084_GAR,2026-01-01,164,12893.33,41803.6,principal
SKU_2085_ARM,2026-01-01,124,17607.87,56407.6,principal
SKU_2085_OLI,2026-01-01,128,18175.87,58227.2,principal
SKU_2086_SHO,2026-01-01,0,0.0,0.0,principal
SKU_2086_MAG,2026-01-01,118,10247.8,38338.2,principal
SKU_2087_DEN,2026-01-01,55,4494.45,13744.5,principal
SKU_2087_CER,2026-01-01,21,1716.06,5247.9,principal
SKU_2088_VAN,2026-01-01,124,51646.0,135767.6,principal
SKU_2088_DUS,2026-01-01,132,54977.99,144526.8,principal
SKU_2089_EGR,2026-01-01,12,1965.74,5938.8,principal
SKU_2089_CLO,2026-01-01,147,24080.35,72750.3,principal
SKU_2090_LIG,2026-01-01,107,9381.96,28344.3,principal
SKU_2090_BUB,2026-01-01,36,3156.55,9536.4,principal
SKU_2091_BIR,2026-01-01,0,0.0,0.0,principal
SKU_2091_AQU,2026-01-01,90,7146.62,21591.0,principal
SKU_2092_EGR,2026-01-01,119,10402.77,32713.1,principal
SKU_2092_FUC,2026-01-01,37,3234.47,10171.3,principal
SKU_2093_SKY,2026-01-01,46,3405.71,10345.4,principal
SKU_2093_MYS,2026-01-01,128,9476.75,28787.2,principal
SKU_2094_MYS,2026-01-01,102,5731.64,18859.8,principal
SKU_2094_OLI,2026-01-01,124,6967.88,22927.6,principal
SKU_2095_CLO,2026-01-01,36,2636.99,8636.4,principal
SKU_2095_SEA,2026-01-01,0,0.0,0.0,principal
SKU_2096_TEA,2026-01-01,47,3594.96,12215.3,principal
SKU_2096_SNO,2026-01-01,52,3977.41,13514.8,principal
SKU_2097_SPA,2026-01-01,0,0.0,0.0,principal
SKU_2097_ROS,2026-01-01,125,7421.29,24987.5,principal
SKU_2098_EME,2026-01-01,132,15274.88,38926.8,principal
SKU_2098_SPA,2026-01-01,54,6248.81,15924.6,principal
SKU_2099_DEE,2026-01-01,22,1965.41,5937.8,principal
SKU_2099_LIG,2026-01-01,30,2680.11,8097.0,principal
SKU_2100_BLU,2026-01-01,57,19043.99,57849.3,principal
SKU_2100_MAG,2026-01-01,95,31739.98,96415.5,principal
SKU_2101_PAS,2026-01-01,106,8592.56,25959.4,principal
SKU_2101_BUB,2026-01-01,122,9889.55,29877.8,principal
SKU_2102_WHI,2026-01-01,20,4737.56,14898.0,principal
SKU_2102_CLO,2026-01-01,113,26767.24,84173.7,principal
SKU_2103_RAS,2026-01-01,94,14046.25,44170.6,principal
SKU_2103_FUC,2026-01-01,38,5678.27,17856.2,principal
SKU_2104_LIG,2026-01-01,120,8582.18,26988.0,principal
SKU_2104_PEA,2026-01-01,38,2717.69,8546.2,principal
SKU_2105_RAS,2026-01-01,138,14916.17,46906.2,principal
SKU_2105_LIG,2026-01-01,141,15240.44,47925.9,principal
SKU_2106_HON,2026-01-01,18,1391.92,4228.2,principal
SKU_2106_FUC,2026-01-01,22,1701.24,5167.8,principal
SKU_2107_SNO,2026-01-01,0,0.0,0.0,principal
SKU_2107_WHI,2026-01-01,83,11673.28,35266.7,principal
SKU_2108_BLU,2026-01-01,18,1716.63,5398.2,principal
SKU_2108_MAR,2026-01-01,128,12207.13,38387.2,principal
SKU_2109_TEA,2026-01-01,108,10986.65,34549.2,principal
SKU_2109_WHI,2026-01-01,43,4374.31,13755.7,principal
SKU_2110_SPA,2026-01-01,29,2027.92,6377.1,principal
SKU_2110_TEA,2026-01-01,106,7412.39,23309.4,principal
SKU_2111_SNO,2026-01-01,0,0.0,0.0,principal
SKU_2111_ARM,2026-01-01,110,8216.8,25839.0,principal
SKU_2112_MID,2026-01-01,103,10969.31,34494.7,principal
SKU_2112_TEA,2026-01-01,80,8519.86,26792.0,principal
SKU_2113_DUS,2026-01-01,24,1309.97,3957.6,principal
SKU_2113_NAV,2026-01-01,84,4584.88,13851.6,principal
SKU_2114_DUS,2026-01-01,93,11530.9,36260.7,principal
SKU_2114_BIR,2026-01-01,132,16366.44,51466.8,principal
SKU_2115_CER,2026-01-01,158,19206.13,60814.2,principal
SKU_2115_PEA,2026-01-01,125,15194.73,48112.5,principal
SKU_2116_SNO,2026-01-01,18,2164.54,6838.2,principal
SKU_2116_BLA,2026-01-01,114,13708.73,43308.6,principal
SKU_2117_RAS,2026-01-01,102,20991.02,78529.8,principal
SKU_2117_SAL,2026-01-01,96,19756.25,73910.4,principal
SKU_1000_COR,2026-02-01,0,0.0,0.0,principal
SKU_1000_EME,2026-02-01,134,8007.44,27456.6,principal
SKU_1000_ROY,2026-02-01,179,10696.51,36677.1,principal
SKU_1001_AQU,2026-02-01,92,23113.64,86470.8,principal
SKU_1001_SAP,2026-02-01,165,41453.82,155083.5,principal
SKU_1002_COR,2026-02-01,63,4839.17,14798.7,principal
SKU_1002_MYS,2026-02-01,59,4531.93,13859.1,principal
SKU_1003_SNO,2026-02-01,120,17182.41,43788.0,principal
SKU_1003_DUS,2026-02-01,160,22909.88,58384.0,principal
SKU_1004_FOR,2026-02-01,0,0.0,0.0,principal
SKU_1004_MEX,2026-02-01,97,11058.97,29090.3,principal
SKU_1005_OLI,2026-02-01,0,0.0,0.0,principal
SKU_1005_MYS,2026-02-01,0,0.0,0.0,principal
SKU_1006_MOS,2026-02-01,90,5434.94,17091.0,principal
SKU_1006_FOR,2026-02-01,81,4891.44,15381.9,principal
SKU_1007_COB,2026-02-01,148,13879.17,43645.2,principal
SKU_1007_FOR,2026-02-01,130,12191.17,38337.0,principal
SKU_1008_MEX,2026-02-01,146,15701.12,47435.4,principal
SKU_1008_WHI,2026-02-01,123,13227.65,39962.7,principal
SKU_1009_BAB,2026-02-01,169,24035.27,87018.1,principal
SKU_1009_MAG,2026-02-01,0,0.0,0.0,principal
SKU_1010_SNO,2026-02-01,120,13584.31,45588.0,principal
SKU_1010_BRI,2026-02-01,0,0.0,0.0,principal
SKU_1011_CER,2026-02-01,72,5001.93,18712.8,principal
SKU_1011_MIN,2026-02-01,54,3751.45,14034.6,principal
SKU_1012_VAN,2026-02-01,124,35719.48,120267.6,principal
SKU_1012_CLO,2026-02-01,157,45225.47,152274.3,principal
SKU_1013_LIG,2026-02-01,92,6295.92,16550.8,principal
SKU_1013_LIG,2026-02-01,92,6295.92,16550.8,principal
SKU_1014_FLA,2026-02-01,135,17869.53,53986.5,principal
SKU_1014_MIN,2026-02-01,155,20516.87,61984.5,principal
SKU_1015_ROY,2026-02-01,152,47036.69,142104.8,principal
SKU_1015_TUR,2026-02-01,51,15782.05,47679.9,principal
SKU_1016_HON,2026-02-01,55,3912.25,11819.5,principal
SKU_1016_SNO,2026-02-01,0,0.0,0.0,principal
SKU_1017_PAS,2026-02-01,164,7817.58,24583.6,principal
SKU_1017_BAL,2026-02-01,87,4147.13,13041.3,principal
SKU_1018_TEA,2026-02-01,158,6024.26,18944.2,principal
SKU_1018_ARM,2026-02-01,165,6291.15,19783.5,principal
SKU_1019_NAV,2026-02-01,65,5348.93,17218.5,principal
SKU_1019_GAR,2026-02-01,81,6665.59,21456.9,principal
SKU_1020_NAV,2026-02-01,54,3285.01,10794.6,principal
SKU_1020_LIG,2026-02-01,100,6083.36,19990.0,principal
SKU_1021_CRE,2026-02-01,87,6625.38,24786.3,principal
SKU_1021_PAS,2026-02-01,176,13403.06,50142.4,principal
SKU_1022_PAL,2026-02-01,142,14854.24,45425.8,principal
SKU_1022_DEN,2026-02-01,63,6590.26,20153.7,principal
SKU_1023_DEN,2026-02-01,142,15596.25,39745.8,principal
SKU_1023_FOR,2026-02-01,180,19769.9,50382.0,principal
SKU_1024_VAN,2026-02-01,165,13166.27,34633.5,principal
SKU_1024_DEN,2026-02-01,76,6064.46,15952.4,principal
SKU_1025_WHI,2026-02-01,119,18349.59,57703.1,principal
SKU_1025_MIN,2026-02-01,104,16036.61,50429.6,principal
SKU_1026_CLO,2026-02-01,0,0.0,0.0,principal
SKU_1026_SPA,2026-02-01,62,8468.27,25723.8,principal
SKU_1027_MAR,2026-02-01,189,25236.83,79361.1,principal
SKU_1027_BIR,2026-02-01,174,23233.91,73062.6,principal
SKU_1028_BLU,2026-02-01,99,19830.51,62360.1,principal
SKU_1028_AQU,2026-02-01,59,11818.18,37164.1,principal
SKU_1029_BLU,2026-02-01,179,13940.2,43837.1,principal
SKU_1029_BAL,2026-02-01,76,5918.74,18612.4,principal
SKU_1030_CRE,2026-02-01,92,19013.47,59790.8,principal
SKU_1030_DEN,2026-02-01,69,14260.11,44843.1,principal
SKU_1031_COR,2026-02-01,154,24207.55,73134.6,principal
SKU_1031_HON,2026-02-01,0,0.0,0.0,principal
SKU_1032_EME,2026-02-01,153,16780.76,52769.7,principal
SKU_1032_HON,2026-02-01,154,16890.44,53114.6,principal
SKU_1033_NAV,2026-02-01,164,33893.58,106583.6,principal
SKU_1033_LIM,2026-02-01,111,22940.17,72138.9,principal
SKU_1034_PAS,2026-02-01,87,6154.82,18696.3,principal
SKU_1034_PIS,2026-02-01,109,7711.21,23424.1,principal
SKU_1035_SAP,2026-02-01,172,35820.41,112642.8,principal
SKU_1035_FUC,2026-02-01,160,33321.31,104784.0,principal
SKU_1036_BIR,2026-02-01,80,19749.37,59992.0,principal
SKU_1036_MID,2026-02-01,88,21724.3,65991.2,principal
SKU_1037_PRI,2026-02-01,54,3604.4,11334.6,principal
SKU_1037_SPA,2026-02-01,107,7142.06,22459.3,principal
SKU_1038_LIG,2026-02-01,51,4133.97,12999.9,principal
SKU_1038_FLA,2026-02-01,116,9402.75,29568.4,principal
SKU_1039_ARM,2026-02-01,71,3640.3,10997.9,principal
SKU_1039_MIN,2026-02-01,87,4460.66,13476.3,principal
SKU_1040_BLA,2026-02-01,85,9145.21,29741.5,principal
SKU_1040_BAB,2026-02-01,85,9145.21,29741.5,principal
SKU_1041_EME,2026-02-01,106,6936.18,23309.4,principal
SKU_1041_SNO,2026-02-01,66,4318.75,14513.4,principal
SKU_1042_SEA,2026-02-01,124,11491.71,39047.6,principal
SKU_1042_EME,2026-02-01,163,15106.04,51328.7,principal
SKU_1043_SPA,2026-02-01,55,14291.49,48119.5,principal
SKU_1043_CER,2026-02-01,78,20267.93,68242.2,principal
SKU_1044_SER,2026-02-01,186,60841.71,159941.4,principal
SKU_1044_COR,2026-02-01,125,40888.24,107487.5,principal
SKU_1045_FOR,2026-02-01,50,4845.14,12745.0,principal
SKU_1045_BUB,2026-02-01,131,12694.26,33391.9,principal
SKU_1046_SNO,2026-02-01,0,0.0,0.0,principal
SKU_1046_PAS,2026-02-01,74,3916.59,11832.6,principal
SKU_1047_ROY,2026-02-01,168,11672.12,35263.2,principal
SKU_1047_DEE,2026-02-01,62,4307.57,13013.8,principal
SKU_1048_MAR,2026-02-01,146,11530.36,35025.4,principal
SKU_1048_PEA,2026-02-01,0,0.0,0.0,principal
SKU_1049_BAL,2026-02-01,153,38022.5,115499.7,principal
SKU_1049_LIG,2026-02-01,176,43738.3,132862.4,principal
SKU_1050_BUB,2026-02-01,0,0.0,0.0,principal
SKU_1050_PRI,2026-02-01,154,13693.84,46954.6,principal
SKU_1051_CLE,2026-02-01,126,28734.56,94487.4,principal
SKU_1051_LIG,2026-02-01,170,38768.86,127483.0,principal
SKU_1052_PAS,2026-02-01,142,13162.54,46135.8,principal
SKU_1052_FRE,2026-02-01,112,10381.72,36388.8,principal
SKU_1053_SHO,2026-02-01,0,0.0,0.0,principal
SKU_1053_NAV,2026-02-01,59,6171.83,18874.1,principal
SKU_1054_DEE,2026-02-01,105,13281.07,37264.5,principal
SKU_1054_PAS,2026-02-01,72,9107.02,25552.8,principal
SKU_1055_LIG,2026-02-01,188,70622.56,213361.2,principal
SKU_1055_PAL,2026-02-01,0,0.0,0.0,principal
SKU_1056_CRE,2026-02-01,135,10496.51,31711.5,principal
SKU_1056_OLI,2026-02-01,162,12595.81,38053.8,principal
SKU_1057_ROY,2026-02-01,58,3530.41,10724.2,principal
SKU_1057_SNO,2026-02-01,0,0.0,0.0,principal
SKU_1058_MID,2026-02-01,66,4090.56,12863.4,principal
SKU_1058_SHO,2026-02-01,122,7561.34,23777.8,principal
SKU_1059_PEA,2026-02-01,92,8773.87,27590.8,principal
SKU_1059_OFF,2026-02-01,156,14877.44,46784.4,principal
SKU_1060_CRE,2026-02-01,142,48444.87,157605.8,principal
SKU_1060_LIM,2026-02-01,59,20128.5,65484.1,principal
SKU_1061_PAS,2026-02-01,153,17694.95,62714.7,principal
SKU_1061_EGR,2026-02-01,60,6939.2,24594.0,principal
SKU_1062_OLI,2026-02-01,166,9467.22,33183.4,principal
SKU_1062_MID,2026-02-01,130,7414.09,25987.0,principal
SKU_1063_SNO,2026-02-01,111,6506.08,20523.9,principal
SKU_1063_SAP,2026-02-01,60,3516.8,11094.0,principal
SKU_1064_PRI,2026-02-01,100,6768.04,18990.0,principal
SKU_1064_BIR,2026-02-01,140,9475.25,26586.0,principal
SKU_1065_CLE,2026-02-01,141,29934.45,90930.9,principal
SKU_1065_COB,2026-02-01,126,26749.94,81257.4,principal
SKU_1066_IVO,2026-02-01,173,10301.61,31122.7,principal
SKU_1066_WHI,2026-02-01,80,4763.75,14392.0,principal
SKU_1067_EME,2026-02-01,79,6654.82,20927.1,principal
SKU_1067_WHI,2026-02-01,74,6233.63,19602.6,principal
SKU_1068_COR,2026-02-01,75,19733.39,59617.5,principal
SKU_1068_BAL,2026-02-01,0,0.0,0.0,principal
SKU_1069_OLI,2026-02-01,0,0.0,0.0,principal
SKU_1069_CRE,2026-02-01,88,15434.93,46631.2,principal
SKU_1070_LIG,2026-02-01,0,0.0,0.0,principal
SKU_1070_MID,2026-02-01,153,17466.77,52769.7,principal
SKU_1071_BAB,2026-02-01,176,15637.79,47502.4,principal
SKU_1071_SKY,2026-02-01,146,12972.26,39405.4,principal
SKU_1072_PAS,2026-02-01,152,23138.49,69904.8,principal
SKU_1072_CER,2026-02-01,133,20246.18,61166.7,principal
SKU_1073_FRE,2026-02-01,91,9635.71,29110.9,principal
SKU_1073_BLU,2026-02-01,116,12282.88,37108.4,principal
SKU_1074_JAD,2026-02-01,137,9241.07,28071.3,principal
SKU_1074_PRI,2026-02-01,174,11736.84,35652.6,principal
SKU_1075_NAV,2026-02-01,101,9311.01,29279.9,principal
SKU_1075_LIG,2026-02-01,166,15303.24,48123.4,principal
SKU_1076_BLU,2026-02-01,0,0.0,0.0,principal
SKU_1076_POW,2026-02-01,140,9904.31,30086.0,principal
SKU_1077_NAV,2026-02-01,65,4752.03,14943.5,principal
SKU_1077_MAR,2026-02-01,84,6141.09,19311.6,principal
SKU_1078_GAR,2026-02-01,0,0.0,0.0,principal
SKU_1078_BLU,2026-02-01,161,15866.26,49893.9,principal
SKU_1079_BAB,2026-02-01,103,9321.2,28314.7,principal
SKU_1079_JAD,2026-02-01,153,13846.05,42059.7,principal
SKU_1080_TEA,2026-02-01,109,16460.98,51764.1,principal
SKU_1080_MAR,2026-02-01,72,10873.31,34192.8,principal
SKU_1081_EGR,2026-02-01,58,5096.24,16234.2,principal
SKU_1081_PAS,2026-02-01,125,10983.28,34987.5,principal
SKU_1082_PIN,2026-02-01,156,10068.58,32744.4,principal
SKU_1082_LIG,2026-02-01,172,11101.25,36102.8,principal
SKU_1083_OFF,2026-02-01,56,7579.52,25754.4,principal
SKU_1083_BAB,2026-02-01,133,18001.36,61166.7,principal
SKU_1084_DUS,2026-02-01,63,20392.93,62363.7,principal
SKU_1084_PAS,2026-02-01,81,26219.48,80181.9,principal
SKU_1085_COB,2026-02-01,114,18618.18,56988.6,principal
SKU_1085_CRE,2026-02-01,84,13718.66,41991.6,principal
SKU_1086_PRI,2026-02-01,177,15620.38,39807.3,principal
SKU_1086_CRE,2026-02-01,72,6354.05,16192.8,principal
SKU_1087_BIR,2026-02-01,84,12158.91,31491.6,principal
SKU_1087_SNO,2026-02-01,142,20554.34,53235.8,principal
SKU_1088_CER,2026-02-01,130,30594.86,92937.0,principal
SKU_1088_HON,2026-02-01,141,33183.66,100800.9,principal
SKU_1089_GAR,2026-02-01,180,17545.68,60282.0,principal
SKU_1089_EGR,2026-02-01,120,11697.12,40188.0,principal
SKU_1090_PAL,2026-02-01,175,7580.7,23607.5,principal
SKU_1090_WHI,2026-02-01,88,3812.01,11871.2,principal
SKU_1091_OFF,2026-02-01,65,5471.23,20468.5,principal
SKU_1091_MOS,2026-02-01,126,10605.77,39677.4,principal
SKU_1092_TUR,2026-02-01,142,15318.58,46845.8,principal
SKU_1092_MIN,2026-02-01,186,20065.18,61361.4,principal
SKU_1093_GAR,2026-02-01,0,0.0,0.0,principal
SKU_1093_TEA,2026-02-01,83,34459.14,96686.7,principal
SKU_1094_FOR,2026-02-01,80,7143.97,18792.0,principal
SKU_1094_DEE,2026-02-01,179,15984.63,42047.1,principal
SKU_1095_COB,2026-02-01,139,18527.74,56281.1,principal
SKU_1095_MAG,2026-02-01,0,0.0,0.0,principal
SKU_1096_HOT,2026-02-01,139,12807.89,38906.1,principal
SKU_1096_CLE,2026-02-01,53,4883.58,14834.7,principal
SKU_1097_AQU,2026-02-01,0,0.0,0.0,principal
SKU_1097_PAL,2026-02-01,126,8962.62,27077.4,principal
SKU_1098_HON,2026-02-01,0,0.0,0.0,principal
SKU_1098_HUN,2026-02-01,161,18380.07,55528.9,principal
SKU_1099_SAL,2026-02-01,61,4564.04,15243.9,principal
SKU_1099_PRI,2026-02-01,84,6284.91,20991.6,principal
SKU_1100_PEA,2026-02-01,78,3940.29,14422.2,principal
SKU_1100_COB,2026-02-01,0,0.0,0.0,principal
SKU_1101_CLE,2026-02-01,0,0.0,0.0,principal
SKU_1101_DEE,2026-02-01,120,13308.33,49788.0,principal
SKU_1102_FLA,2026-02-01,189,54443.4,183311.1,principal
SKU_1102_OFF,2026-02-01,136,39176.2,131906.4,principal
SKU_1103_EGR,2026-02-01,73,3607.22,9482.7,principal
SKU_1103_LIG,2026-02-01,51,2520.11,6624.9,principal
SKU_1104_POW,2026-02-01,73,4346.92,13132.7,principal
SKU_1104_MEX,2026-02-01,118,7026.53,21228.2,principal
SKU_1105_ARM,2026-02-01,0,0.0,0.0,principal
SKU_1105_SER,2026-02-01,172,11601.93,35242.8,principal
SKU_1106_MYS,2026-02-01,118,29264.97,92028.2,principal
SKU_1106_SNO,2026-02-01,78,19344.64,60832.2,principal
SKU_1107_BAL,2026-02-01,148,48473.12,147245.2,principal
SKU_1107_PAS,2026-02-01,52,17031.1,51734.8,principal
SKU_1108_PRI,2026-02-01,115,9512.44,28738.5,principal
SKU_1108_SNO,2026-02-01,97,8023.54,24240.3,principal
SKU_1109_SAG,2026-02-01,0,0.0,0.0,principal
SKU_1109_CER,2026-02-01,187,11790.36,42991.3,principal
SKU_1110_FLA,2026-02-01,157,9913.86,36094.3,principal
SKU_1110_HUN,2026-02-01,0,0.0,0.0,principal
SKU_1111_CRE,2026-02-01,46,2580.89,9655.4,principal
SKU_1111_BLU,2026-02-01,83,4656.82,17421.7,principal
SKU_1112_MIN,2026-02-01,110,8980.98,30239.0,principal
SKU_1112_EGR,2026-02-01,89,7266.43,24466.1,principal
SKU_1113_VAN,2026-02-01,0,0.0,0.0,principal
SKU_1113_OLI,2026-02-01,0,0.0,0.0,principal
SKU_1114_GAR,2026-02-01,91,12045.39,36390.9,principal
SKU_1114_PRI,2026-02-01,131,17340.06,52386.9,principal
SKU_1115_LIM,2026-02-01,135,9602.81,29011.5,principal
SKU_1115_TEA,2026-02-01,0,0.0,0.0,principal
SKU_1116_MOS,2026-02-01,92,7265.71,22070.8,principal
SKU_1116_SNO,2026-02-01,106,8371.36,25429.4,principal
SKU_1117_MOS,2026-02-01,113,8224.92,24848.7,principal
SKU_1117_MIN,2026-02-01,159,11573.12,34964.1,principal
SKU_1118_FUC,2026-02-01,111,10834.92,32733.9,principal
SKU_1118_DUS,2026-02-01,76,7418.5,22412.4,principal
SKU_1119_PAS,2026-02-01,63,2901.47,8813.7,principal
SKU_1119_LIG,2026-02-01,0,0.0,0.0,principal
SKU_1120_AQU,2026-02-01,76,5797.9,18232.4,principal
SKU_1120_SAL,2026-02-01,141,10756.64,33825.9,principal
SKU_1121_MYS,2026-02-01,126,10365.65,31487.4,principal
SKU_1121_MIN,2026-02-01,158,12998.2,39484.2,principal
SKU_1122_ROY,2026-02-01,93,13079.7,39515.7,principal
SKU_1122_PIS,2026-02-01,178,25034.26,75632.2,principal
SKU_1123_BAB,2026-02-01,72,10245.38,30952.8,principal
SKU_1123_SER,2026-02-01,0,0.0,0.0,principal
SKU_1124_BLU,2026-02-01,172,21510.85,65342.8,principal
SKU_1124_FOR,2026-02-01,137,17133.64,52046.3,principal
SKU_1125_MIN,2026-02-01,151,7948.5,24144.9,principal
SKU_1125_SAP,2026-02-01,86,4526.96,13751.4,principal
SKU_1126_WHI,2026-02-01,145,32871.78,99310.5,principal
SKU_1126_WHI,2026-02-01,145,32871.78,99310.5,principal
SKU_1127_SAL,2026-02-01,158,10397.52,31584.2,principal
SKU_1127_BLU,2026-02-01,68,4474.88,13593.2,principal
SKU_1128_PRI,2026-02-01,141,19026.41,57795.9,principal
SKU_1128_TEA,2026-02-01,0,0.0,0.0,principal
SKU_1129_VAN,2026-02-01,123,15670.43,47342.7,principal
SKU_1129_SAG,2026-02-01,78,9937.35,30022.2,principal
SKU_1130_CRE,2026-02-01,50,3701.48,12495.0,principal
SKU_1130_MEX,2026-02-01,123,9105.63,30737.7,principal
SKU_1131_CLO,2026-02-01,147,39847.97,130080.3,principal
SKU_1131_JAD,2026-02-01,63,17077.7,55748.7,principal
SKU_1132_NAV,2026-02-01,0,0.0,0.0,principal
SKU_1132_CLE,2026-02-01,181,9316.63,31656.9,principal
SKU_1133_MOS,2026-02-01,78,21078.74,70972.2,principal
SKU_1133_PEA,2026-02-01,158,42697.97,143764.2,principal
SKU_1134_DUS,2026-02-01,68,6001.05,15293.2,principal
SKU_1134_PIN,2026-02-01,163,14384.87,36658.7,principal
SKU_1135_ROS,2026-02-01,118,8070.11,21228.2,principal
SKU_1135_MAR,2026-02-01,82,5608.04,14751.8,principal
SKU_1136_SNO,2026-02-01,113,9296.18,28238.7,principal
SKU_1136_FUC,2026-02-01,60,4936.02,14994.0,principal
SKU_1137_DEE,2026-02-01,71,9141.83,28747.9,principal
SKU_1137_PAL,2026-02-01,149,19184.97,60330.1,principal
SKU_1138_PEA,2026-02-01,155,11085.32,34859.5,principal
SKU_1138_HON,2026-02-01,124,8868.26,27887.6,principal
SKU_1139_PRI,2026-02-01,111,10651.22,32178.9,principal
SKU_1139_EGR,2026-02-01,140,13433.97,40586.0,principal
SKU_1140_SNO,2026-02-01,149,8905.58,29785.1,principal
SKU_1140_ROS,2026-02-01,0,0.0,0.0,principal
SKU_1141_SKY,2026-02-01,73,8060.79,26637.7,principal
SKU_1141_CLE,2026-02-01,183,20207.18,66776.7,principal
SKU_1142_MIN,2026-02-01,86,7813.55,29231.4,principal
SKU_1142_PAS,2026-02-01,77,6995.86,26172.3,principal
SKU_1143_IVO,2026-02-01,131,8348.93,25531.9,principal
SKU_1143_SNO,2026-02-01,58,3696.47,11304.2,principal
SKU_1144_SEA,2026-02-01,147,18447.61,48495.3,principal
SKU_1144_BUB,2026-02-01,178,22337.92,58722.2,principal
SKU_1145_MOS,2026-02-01,115,17125.44,51738.5,principal
SKU_1145_LIG,2026-02-01,0,0.0,0.0,principal
SKU_1146_FRE,2026-02-01,61,9436.16,28663.9,principal
SKU_1146_CER,2026-02-01,134,20728.6,62966.6,principal
SKU_1147_COR,2026-02-01,182,21078.68,63681.8,principal
SKU_1147_MEX,2026-02-01,0,0.0,0.0,principal
SKU_1148_TEA,2026-02-01,88,12667.77,38271.2,principal
SKU_1148_SPA,2026-02-01,160,23032.3,69584.0,principal
SKU_1149_IVO,2026-02-01,108,5491.61,17269.2,principal
SKU_1149_OLI,2026-02-01,127,6457.72,20307.3,principal
SKU_1150_SAG,2026-02-01,135,26870.12,85711.5,principal
SKU_1150_VAN,2026-02-01,171,34035.48,108567.9,principal
SKU_1151_CRE,2026-02-01,128,31653.16,103667.2,principal
SKU_1151_JAD,2026-02-01,131,32395.03,106096.9,principal
SKU_1152_CLO,2026-02-01,176,47745.77,178622.4,principal
SKU_1152_WHI,2026-02-01,108,29298.54,109609.2,principal
SKU_1153_PEA,2026-02-01,167,18594.67,62608.3,principal
SKU_1153_MOS,2026-02-01,68,7571.48,25493.2,principal
SKU_1154_VAN,2026-02-01,93,19520.21,49745.7,principal
SKU_1154_PEA,2026-02-01,116,24347.79,62048.4,principal
SKU_1155_ARM,2026-02-01,146,43009.55,113135.4,principal
SKU_1155_BAB,2026-02-01,99,29164.01,76715.1,principal
SKU_1156_FLA,2026-02-01,162,14676.91,46153.8,principal
SKU_1156_EGR,2026-02-01,91,8244.44,25925.9,principal
SKU_1157_DEE,2026-02-01,128,8001.93,24307.2,principal
SKU_1157_PAS,2026-02-01,106,6626.6,20129.4,principal
SKU_1158_AQU,2026-02-01,168,36857.22,115903.2,principal
SKU_1158_MYS,2026-02-01,96,21061.27,66230.4,principal
SKU_1159_PAS,2026-02-01,95,5656.96,17090.5,principal
SKU_1159_PRI,2026-02-01,103,6133.33,18529.7,principal
SKU_1160_DUS,2026-02-01,157,10648.04,32169.3,principal
SKU_1160_LIM,2026-02-01,57,3865.85,11679.3,principal
SKU_1161_MEX,2026-02-01,87,12235.85,36966.3,principal
SKU_1161_DUS,2026-02-01,0,0.0,0.0,principal
SKU_1162_HOT,2026-02-01,169,40838.55,128423.1,principal
SKU_1162_BUB,2026-02-01,163,39388.66,123863.7,principal
SKU_1163_HUN,2026-02-01,140,11517.39,34986.0,principal
SKU_1163_SPA,2026-02-01,141,11599.66,35235.9,principal
SKU_1164_BRI,2026-02-01,166,10552.32,33183.4,principal
SKU_1164_MIN,2026-02-01,81,5149.02,16191.9,principal
SKU_1165_HUN,2026-02-01,0,0.0,0.0,principal
SKU_1165_MAR,2026-02-01,169,18266.91,57443.1,principal
SKU_1166_PIS,2026-02-01,85,16350.45,51416.5,principal
SKU_1166_FRE,2026-02-01,145,27891.94,87710.5,principal
SKU_1167_WHI,2026-02-01,105,24872.21,78214.5,principal
SKU_1167_JAD,2026-02-01,85,20134.65,63316.5,principal
SKU_1168_GAR,2026-02-01,140,35213.77,106386.0,principal
SKU_1168_BLU,2026-02-01,0,0.0,0.0,principal
SKU_1169_BUB,2026-02-01,124,7882.46,24787.6,principal
SKU_1169_MEX,2026-02-01,132,8391.0,26386.8,principal
SKU_1170_GAR,2026-02-01,110,32406.12,98439.0,principal
SKU_1170_OFF,2026-02-01,65,19149.07,58168.5,principal
SKU_1171_MIN,2026-02-01,68,3849.39,12573.2,principal
SKU_1171_EME,2026-02-01,128,7245.92,23667.2,principal
SKU_1172_ARM,2026-02-01,51,5632.31,18354.9,principal
SKU_1172_PIN,2026-02-01,53,5853.19,19074.7,principal
SKU_1173_GAR,2026-02-01,57,4946.98,16809.3,principal
SKU_1173_AQU,2026-02-01,61,5294.13,17988.9,principal
SKU_1174_PEA,2026-02-01,92,6121.52,19310.8,principal
SKU_1174_BLU,2026-02-01,79,5256.53,16582.1,principal
SKU_1175_FUC,2026-02-01,58,5114.23,15654.2,principal
SKU_1175_CLE,2026-02-01,77,6789.58,20782.3,principal
SKU_1176_GAR,2026-02-01,183,22617.33,59456.7,principal
SKU_1176_NAV,2026-02-01,165,20392.67,53608.5,principal
SKU_1177_MIN,2026-02-01,157,12399.09,37664.3,principal
SKU_1177_PEA,2026-02-01,97,7660.58,23270.3,principal
SKU_1178_RAS,2026-02-01,159,16174.78,50864.1,principal
SKU_1178_MID,2026-02-01,118,12003.93,37748.2,principal
SKU_1179_TUR,2026-02-01,123,13294.85,41807.7,principal
SKU_1179_VAN,2026-02-01,157,16969.85,53364.3,principal
SKU_1180_ROY,2026-02-01,147,22440.86,77895.3,principal
SKU_1180_AQU,2026-02-01,92,14044.62,48750.8,principal
SKU_1181_AQU,2026-02-01,169,15170.5,48993.1,principal
SKU_1181_SER,2026-02-01,116,10412.89,33628.4,principal
SKU_1182_BIR,2026-02-01,106,26870.94,89029.4,principal
SKU_1182_PIN,2026-02-01,112,28391.94,94068.8,principal
SKU_1183_POW,2026-02-01,107,23194.14,69539.3,principal
SKU_1183_MOS,2026-02-01,162,35116.36,105283.8,principal
SKU_1184_HOT,2026-02-01,128,15249.11,43507.2,principal
SKU_1184_BAB,2026-02-01,0,0.0,0.0,principal
SKU_1185_BAL,2026-02-01,76,28479.29,75232.4,principal
SKU_1185_MAG,2026-02-01,122,45716.75,120767.8,principal
SKU_1186_FLA,2026-02-01,0,0.0,0.0,principal
SKU_1186_MEX,2026-02-01,151,23606.9,71709.9,principal
SKU_1187_JAD,2026-02-01,79,8103.58,24482.1,principal
SKU_1187_OLI,2026-02-01,108,11078.31,33469.2,principal
SKU_1188_TEA,2026-02-01,57,4526.19,13674.3,principal
SKU_1188_BAB,2026-02-01,63,5002.63,15113.7,principal
SKU_1189_FUC,2026-02-01,0,0.0,0.0,principal
SKU_1189_ROY,2026-02-01,176,13684.33,41342.4,principal
SKU_1190_TEA,2026-02-01,87,14669.37,50451.3,principal
SKU_1190_MAG,2026-02-01,120,20233.62,69588.0,principal
SKU_1191_MIN,2026-02-01,52,2993.03,9614.8,principal
SKU_1191_MYS,2026-02-01,118,6791.87,21818.2,principal
SKU_1192_MAR,2026-02-01,79,5087.08,18557.1,principal
SKU_1192_RAS,2026-02-01,0,0.0,0.0,principal
SKU_1193_CLE,2026-02-01,108,15185.9,48049.2,principal
SKU_1193_ROS,2026-02-01,66,9280.27,29363.4,principal
SKU_1194_FLA,2026-02-01,105,8097.66,23089.5,principal
SKU_1194_SAG,2026-02-01,90,6940.85,19791.0,principal
SKU_1195_HUN,2026-02-01,114,18264.54,53568.6,principal
SKU_1195_SAL,2026-02-01,0,0.0,0.0,principal
SKU_1196_PEA,2026-02-01,0,0.0,0.0,principal
SKU_1196_RAS,2026-02-01,0,0.0,0.0,principal
SKU_1197_ROS,2026-02-01,95,24859.7,75515.5,principal
SKU_1197_COR,2026-02-01,57,14915.82,45309.3,principal
SKU_1198_SEA,2026-02-01,126,13418.77,42197.4,principal
SKU_1198_SAL,2026-02-01,64,6815.88,21433.6,principal
SKU_1199_PAL,2026-02-01,133,7652.83,27916.7,principal
SKU_1199_TEA,2026-02-01,114,6559.57,23928.6,principal
SKU_1200_MID,2026-02-01,176,9375.52,31662.4,principal
SKU_1200_PAS,2026-02-01,134,7138.18,24106.6,principal
SKU_1201_BIR,2026-02-01,0,0.0,0.0,principal
SKU_1201_SAG,2026-02-01,153,23631.83,74189.7,principal
SKU_1202_LIG,2026-02-01,160,47448.82,130384.0,principal
SKU_1202_CLE,2026-02-01,152,45076.38,123864.8,principal
SKU_1203_OFF,2026-02-01,0,0.0,0.0,principal
SKU_1203_FLA,2026-02-01,101,27889.34,76749.9,principal
SKU_1204_AQU,2026-02-01,44,5939.67,15395.6,principal
SKU_1204_MIN,2026-02-01,138,18628.96,48286.2,principal
SKU_1205_RAS,2026-02-01,109,28679.2,86644.1,principal
SKU_1205_COR,2026-02-01,82,21575.18,65181.8,principal
SKU_1206_HUN,2026-02-01,133,18265.14,55181.7,principal
SKU_1206_BLA,2026-02-01,53,7278.59,21989.7,principal
SKU_1207_POW,2026-02-01,113,37939.87,115248.7,principal
SKU_1207_BLA,2026-02-01,67,22495.32,68333.3,principal
SKU_1208_PAS,2026-02-01,84,20587.27,54171.6,principal
SKU_1208_MOS,2026-02-01,84,20587.27,54171.6,principal
SKU_1209_BLA,2026-02-01,117,12628.14,32748.3,principal
SKU_1209_DUS,2026-02-01,94,10145.68,26310.6,principal
SKU_1210_SHO,2026-02-01,112,8977.25,22948.8,principal
SKU_1210_WHI,2026-02-01,146,11702.49,29915.4,principal
SKU_1211_GAR,2026-02-01,169,17797.57,54063.1,principal
SKU_1211_CRE,2026-02-01,179,18850.68,57262.1,principal
SKU_1212_COB,2026-02-01,179,12517.15,39362.1,principal
SKU_1212_SNO,2026-02-01,97,6783.04,21330.3,principal
SKU_1213_MAG,2026-02-01,95,27361.62,83115.5,principal
SKU_1213_POW,2026-02-01,81,23329.38,70866.9,principal
SKU_1214_BLA,2026-02-01,113,10624.55,33888.7,principal
SKU_1214_RAS,2026-02-01,119,11188.68,35688.1,principal
SKU_1215_MAG,2026-02-01,130,8971.46,28587.0,principal
SKU_1215_BRI,2026-02-01,63,4347.71,13853.7,principal
SKU_1216_WHI,2026-02-01,170,25896.83,96883.0,principal
SKU_1216_CRE,2026-02-01,171,26049.16,97452.9,principal
SKU_1217_ROS,2026-02-01,106,27550.28,86909.4,principal
SKU_1217_RAS,2026-02-01,95,24691.29,77890.5,principal
SKU_1218_BLU,2026-02-01,103,26469.22,67454.7,principal
SKU_1218_SNO,2026-02-01,50,12849.14,32745.0,principal
SKU_1219_MAR,2026-02-01,129,19366.15,50942.1,principal
SKU_1219_LIM,2026-02-01,0,0.0,0.0,principal
SKU_1220_TUR,2026-02-01,87,8780.21,26526.3,principal
SKU_1220_HOT,2026-02-01,56,5651.63,17074.4,principal
SKU_1221_SAG,2026-02-01,121,28277.48,88922.9,principal
SKU_1221_PAL,2026-02-01,0,0.0,0.0,principal
SKU_1222_PAS,2026-02-01,101,28092.25,85334.9,principal
SKU_1222_HON,2026-02-01,115,31986.22,97163.5,principal
SKU_1223_TEA,2026-02-01,176,8395.39,25502.4,principal
SKU_1223_BLA,2026-02-01,87,4149.99,12606.3,principal
SKU_1224_OLI,2026-02-01,0,0.0,0.0,principal
SKU_1224_ARM,2026-02-01,61,8276.01,25308.9,principal
SKU_1225_POW,2026-02-01,112,7291.4,24068.8,principal
SKU_1225_IVO,2026-02-01,171,11132.41,36747.9,principal
SKU_1226_PAL,2026-02-01,166,22964.77,80493.4,principal
SKU_1226_LIG,2026-02-01,135,18676.17,65461.5,principal
SKU_1227_CLO,2026-02-01,117,13896.13,46788.3,principal
SKU_1227_PAS,2026-02-01,137,16271.53,54786.3,principal
SKU_1228_WHI,2026-02-01,173,19679.92,50152.7,principal
SKU_1228_SPA,2026-02-01,83,9441.81,24061.7,principal
SKU_1229_SAL,2026-02-01,79,22363.25,67932.1,principal
SKU_1229_CLO,2026-02-01,143,40480.31,122965.7,principal
SKU_1230_ROS,2026-02-01,118,15534.36,47188.2,principal
SKU_1230_NAV,2026-02-01,134,17640.71,53586.6,principal
SKU_1231_LIG,2026-02-01,134,21285.48,64306.6,principal
SKU_1231_BIR,2026-02-01,0,0.0,0.0,principal
SKU_1232_AQU,2026-02-01,54,6343.48,19164.6,principal
SKU_1232_FOR,2026-02-01,0,0.0,0.0,principal
SKU_1233_JAD,2026-02-01,93,7344.68,22310.7,principal
SKU_1233_SEA,2026-02-01,140,11056.51,33586.0,principal
SKU_1234_MOS,2026-02-01,62,4120.94,12703.8,principal
SKU_1234_SAL,2026-02-01,0,0.0,0.0,principal
SKU_1235_HUN,2026-02-01,0,0.0,0.0,principal
SKU_1235_COR,2026-02-01,143,19383.94,67195.7,principal
SKU_1236_DEE,2026-02-01,100,17666.9,56990.0,principal
SKU_1236_LIM,2026-02-01,185,32683.76,105431.5,principal
SKU_1237_BAB,2026-02-01,100,28527.15,99990.0,principal
SKU_1237_GAR,2026-02-01,171,48781.42,170982.9,principal
SKU_1238_SAP,2026-02-01,134,19535.63,61626.6,principal
SKU_1238_TUR,2026-02-01,0,0.0,0.0,principal
SKU_1239_BAB,2026-02-01,56,6601.61,17354.4,principal
SKU_1239_MID,2026-02-01,58,6837.39,17974.2,principal
SKU_1240_PAL,2026-02-01,192,63200.08,191980.8,principal
SKU_1240_MOS,2026-02-01,0,0.0,0.0,principal
SKU_1241_BAL,2026-02-01,66,7819.62,23753.4,principal
SKU_1241_FLA,2026-02-01,69,8175.06,24833.1,principal
SKU_1242_AQU,2026-02-01,167,16723.08,52588.3,principal
SKU_1242_SKY,2026-02-01,167,16723.08,52588.3,principal
SKU_1243_SNO,2026-02-01,87,7052.39,21306.3,principal
SKU_1243_PIN,2026-02-01,178,14429.02,43592.2,principal
SKU_1244_COB,2026-02-01,178,16409.5,51602.2,principal
SKU_1244_GAR,2026-02-01,85,7836.0,24641.5,principal
SKU_1245_COB,2026-02-01,87,5383.61,18261.3,principal
SKU_1245_SNO,2026-02-01,0,0.0,0.0,principal
SKU_1246_PAL,2026-02-01,116,9550.3,34208.4,principal
SKU_1246_COR,2026-02-01,78,6421.75,23002.2,principal
SKU_1247_SAP,2026-02-01,56,2874.23,10074.4,principal
SKU_1247_SKY,2026-02-01,124,6364.36,22307.6,principal
SKU_1248_AQU,2026-02-01,58,3222.32,9854.2,principal
SKU_1248_SAG,2026-02-01,86,4777.93,14611.4,principal
SKU_1249_WHI,2026-02-01,97,9958.99,26180.3,principal
SKU_1249_ARM,2026-02-01,154,15811.17,41564.6,principal
SKU_1250_AQU,2026-02-01,83,7101.4,21571.7,principal
SKU_1250_BAB,2026-02-01,105,8983.7,27289.5,principal
SKU_1251_SHO,2026-02-01,67,20289.68,61633.3,principal
SKU_1251_COB,2026-02-01,0,0.0,0.0,principal
SKU_1252_NAV,2026-02-01,108,7723.97,24289.2,principal
SKU_1252_FLA,2026-02-01,74,5292.35,16642.6,principal
SKU_1253_SEA,2026-02-01,181,21444.71,65141.9,principal
SKU_1253_FRE,2026-02-01,114,13506.62,41028.6,principal
SKU_1254_SEA,2026-02-01,0,0.0,0.0,principal
SKU_1254_BAB,2026-02-01,45,2828.56,8545.5,principal
SKU_1255_VAN,2026-02-01,42,6261.4,20155.8,principal
SKU_1255_SHO,2026-02-01,178,26536.41,85422.2,principal
SKU_1256_SEA,2026-02-01,157,31051.08,102034.3,principal
SKU_1256_MID,2026-02-01,176,34808.85,114382.4,principal
SKU_1257_SPA,2026-02-01,86,5027.39,17621.4,principal
SKU_1257_EME,2026-02-01,85,4968.93,17416.5,principal
SKU_1258_AQU,2026-02-01,93,7316.8,24635.7,principal
SKU_1258_LIG,2026-02-01,0,0.0,0.0,principal
SKU_1259_ARM,2026-02-01,75,9620.13,26992.5,principal
SKU_1259_POW,2026-02-01,0,0.0,0.0,principal
SKU_1260_WHI,2026-02-01,154,17326.06,52344.6,principal
SKU_1260_ROY,2026-02-01,174,19576.2,59142.6,principal
SKU_1261_PAS,2026-02-01,283,46106.67,140056.7,principal
SKU_1261_PAS,2026-02-01,283,46106.67,140056.7,principal
SKU_1262_BLU,2026-02-01,165,15013.66,45358.5,principal
SKU_1262_OFF,2026-02-01,0,0.0,0.0,principal
SKU_1263_COB,2026-02-01,0,0.0,0.0,principal
SKU_1263_SKY,2026-02-01,145,8826.02,26810.5,principal
SKU_1264_EGR,2026-02-01,190,37152.26,116831.0,principal
SKU_1264_BRI,2026-02-01,128,25028.89,78707.2,principal
SKU_1265_CRE,2026-02-01,113,8224.92,24848.7,principal
SKU_1265_JAD,2026-02-01,113,8224.92,24848.7,principal
SKU_1266_MEX,2026-02-01,109,10761.25,32689.1,principal
SKU_1266_SPA,2026-02-01,177,17474.69,53082.3,principal
SKU_1267_SKY,2026-02-01,137,15186.71,45881.3,principal
SKU_1267_SAP,2026-02-01,0,0.0,0.0,principal
SKU_1268_MYS,2026-02-01,85,9052.35,28466.5,principal
SKU_1268_MAR,2026-02-01,105,11182.31,35164.5,principal
SKU_1269_BAB,2026-02-01,111,37999.19,115428.9,principal
SKU_1269_CER,2026-02-01,58,19855.43,60314.2,principal
SKU_1270_CRE,2026-02-01,187,11690.32,35511.3,principal
SKU_1270_TUR,2026-02-01,129,8064.45,24497.1,principal
SKU_1271_OLI,2026-02-01,89,26073.0,79201.1,principal
SKU_1271_FLA,2026-02-01,50,14647.75,44495.0,principal
SKU_1272_PAS,2026-02-01,0,0.0,0.0,principal
SKU_1272_TEA,2026-02-01,109,13706.41,41409.1,principal
SKU_1273_PAS,2026-02-01,130,31620.97,99437.0,principal
SKU_1273_EGR,2026-02-01,0,0.0,0.0,principal
SKU_1274_MEX,2026-02-01,120,10108.58,31788.0,principal
SKU_1274_BAL,2026-02-01,177,14910.16,46887.3,principal
SKU_1275_MIN,2026-02-01,161,9799.92,29768.9,principal
SKU_1275_BIR,2026-02-01,113,6878.21,20893.7,principal
SKU_1276_WHI,2026-02-01,0,0.0,0.0,principal
SKU_1276_LIG,2026-02-01,184,9271.2,32181.6,principal
SKU_1277_MYS,2026-02-01,121,8662.94,32052.9,principal
SKU_1277_BAB,2026-02-01,230,16466.74,60927.0,principal
SKU_1278_BAB,2026-02-01,93,27326.23,95780.7,principal
SKU_1278_MOS,2026-02-01,215,63173.55,221428.5,principal
SKU_1279_FUC,2026-02-01,247,33371.01,112360.3,principal
SKU_1279_IVO,2026-02-01,183,24724.27,83246.7,principal
SKU_1280_LIM,2026-02-01,234,41690.46,116976.6,principal
SKU_1280_PRI,2026-02-01,0,0.0,0.0,principal
SKU_1281_PIS,2026-02-01,93,18734.55,49280.7,principal
SKU_1281_CER,2026-02-01,0,0.0,0.0,principal
SKU_1282_PIN,2026-02-01,174,12376.95,37392.6,principal
SKU_1282_BAL,2026-02-01,91,6473.0,19555.9,principal
SKU_1283_SNO,2026-02-01,280,16908.7,53172.0,principal
SKU_1283_BAB,2026-02-01,177,10688.71,33612.3,principal
SKU_1284_COR,2026-02-01,0,0.0,0.0,principal
SKU_1284_HOT,2026-02-01,212,49544.2,150498.8,principal
SKU_1285_WHI,2026-02-01,158,46017.01,139024.2,principal
SKU_1285_CLO,2026-02-01,251,73102.97,220854.9,principal
SKU_1286_MAR,2026-02-01,79,5820.38,19347.1,principal
SKU_1286_HOT,2026-02-01,187,13777.36,45796.3,principal
SKU_1287_NAV,2026-02-01,136,15231.77,51666.4,principal
SKU_1287_CER,2026-02-01,112,12543.81,42548.8,principal
SKU_1288_SAG,2026-02-01,73,5153.99,17512.7,principal
SKU_1288_BAB,2026-02-01,265,18709.68,63573.5,principal
SKU_1289_AQU,2026-02-01,463,155927.89,476843.7,principal
SKU_1289_AQU,2026-02-01,463,155927.89,476843.7,principal
SKU_1290_BIR,2026-02-01,240,46095.35,121176.0,principal
SKU_1290_PIN,2026-02-01,0,0.0,0.0,principal
SKU_1291_SAL,2026-02-01,68,5370.31,16313.2,principal
SKU_1291_SPA,2026-02-01,136,10740.61,32626.4,principal
SKU_1292_TEA,2026-02-01,238,24413.3,73756.2,principal
SKU_1292_FLA,2026-02-01,190,19489.61,58881.0,principal
SKU_1293_TEA,2026-02-01,202,20275.36,61589.8,principal
SKU_1293_OFF,2026-02-01,87,8732.46,26526.3,principal
SKU_1294_SEA,2026-02-01,67,4433.18,13393.3,principal
SKU_1294_COR,2026-02-01,0,0.0,0.0,principal
SKU_1295_PIS,2026-02-01,257,43562.81,132329.3,principal
SKU_1295_FLA,2026-02-01,0,0.0,0.0,principal
SKU_1296_DEE,2026-02-01,223,40460.92,144927.7,principal
SKU_1296_PEA,2026-02-01,0,0.0,0.0,principal
SKU_1297_WHI,2026-02-01,0,0.0,0.0,principal
SKU_1297_MIN,2026-02-01,227,14724.65,52187.3,principal
SKU_1298_OFF,2026-02-01,0,0.0,0.0,principal
SKU_1298_IVO,2026-02-01,0,0.0,0.0,principal
SKU_1299_BRI,2026-02-01,0,0.0,0.0,principal
SKU_1299_HOT,2026-02-01,90,5877.93,19791.0,principal
SKU_1300_BIR,2026-02-01,0,0.0,0.0,principal
SKU_1300_TEA,2026-02-01,172,70489.79,197782.8,principal
SKU_1301_AQU,2026-02-01,224,40181.36,122057.6,principal
SKU_1301_GAR,2026-02-01,265,47535.99,144398.5,principal
SKU_1302_EME,2026-02-01,133,18384.73,55846.7,principal
SKU_1302_DUS,2026-02-01,181,25019.83,76001.9,principal
SKU_1303_BIR,2026-02-01,136,7423.14,22426.4,principal
SKU_1303_SAP,2026-02-01,170,9278.92,28033.0,principal
SKU_1304_TUR,2026-02-01,236,37141.26,116796.4,principal
SKU_1304_GAR,2026-02-01,253,39816.68,125209.7,principal
SKU_1305_MAR,2026-02-01,158,18199.56,55284.2,principal
SKU_1305_OFF,2026-02-01,120,13822.45,41988.0,principal
SKU_1306_FRE,2026-02-01,130,35548.27,111787.0,principal
SKU_1306_SPA,2026-02-01,85,23243.1,73091.5,principal
SKU_1307_MAG,2026-02-01,187,13611.15,41121.3,principal
SKU_1307_FOR,2026-02-01,282,20525.91,62011.8,principal
SKU_1308_PAS,2026-02-01,161,22376.89,67603.9,principal
SKU_1308_CER,2026-02-01,230,31966.99,96577.0,principal
SKU_1309_OLI,2026-02-01,0,0.0,0.0,principal
SKU_1309_LIG,2026-02-01,209,25106.14,76264.1,principal
SKU_1310_MOS,2026-02-01,137,10878.75,32866.3,principal
SKU_1310_EGR,2026-02-01,229,18184.18,54937.1,principal
SKU_1311_BAB,2026-02-01,231,66912.17,203256.9,principal
SKU_1311_NAV,2026-02-01,268,77629.71,235813.2,principal
SKU_1312_HOT,2026-02-01,251,20761.94,62724.9,principal
SKU_1312_NAV,2026-02-01,0,0.0,0.0,principal
SKU_1313_SPA,2026-02-01,131,40317.75,122471.9,principal
SKU_1313_SHO,2026-02-01,0,0.0,0.0,principal
SKU_1314_BLU,2026-02-01,130,12406.56,37687.0,principal
SKU_1314_SNO,2026-02-01,0,0.0,0.0,principal
SKU_1315_WHI,2026-02-01,214,24430.65,73808.6,principal
SKU_1315_BLA,2026-02-01,170,19407.52,58633.0,principal
SKU_1316_DEN,2026-02-01,80,13560.41,41192.0,principal
SKU_1316_AQU,2026-02-01,85,14407.93,43766.5,principal
SKU_1317_BLU,2026-02-01,0,0.0,0.0,principal
SKU_1317_ROS,2026-02-01,231,15107.02,49641.9,principal
SKU_1318_PAS,2026-02-01,262,19936.6,62853.8,principal
SKU_1318_MYS,2026-02-01,0,0.0,0.0,principal
SKU_1319_MAR,2026-02-01,100,5417.85,18990.0,principal
SKU_1319_ROS,2026-02-01,264,14303.12,50133.6,principal
SKU_1320_PIS,2026-02-01,0,0.0,0.0,principal
SKU_1320_FOR,2026-02-01,184,8191.74,27581.6,principal
SKU_1321_FLA,2026-02-01,169,9112.32,25333.1,principal
SKU_1321_SER,2026-02-01,216,11646.51,32378.4,principal
SKU_1322_MOS,2026-02-01,0,0.0,0.0,principal
SKU_1322_IVO,2026-02-01,165,20706.5,54433.5,principal
SKU_1323_AQU,2026-02-01,179,20035.54,51892.1,principal
SKU_1323_FRE,2026-02-01,148,16565.7,42905.2,principal
SKU_1324_MID,2026-02-01,157,17143.91,51794.3,principal
SKU_1324_SNO,2026-02-01,280,30575.13,92372.0,principal
SKU_1325_LIG,2026-02-01,262,24409.74,78573.8,principal
SKU_1325_PEA,2026-02-01,105,9782.53,31489.5,principal
SKU_1326_PAS,2026-02-01,165,24297.26,83308.5,principal
SKU_1326_BAB,2026-02-01,239,35194.21,120671.1,principal
SKU_1327_GAR,2026-02-01,241,17870.02,62635.9,principal
SKU_1327_HON,2026-02-01,210,15571.39,54579.0,principal
SKU_1328_EGR,2026-02-01,195,15341.68,51655.5,principal
SKU_1328_LIG,2026-02-01,0,0.0,0.0,principal
SKU_1329_NAV,2026-02-01,92,9013.64,25290.8,principal
SKU_1329_MIN,2026-02-01,128,12540.72,35187.2,principal
SKU_1330_PRI,2026-02-01,174,17848.38,53922.6,principal
SKU_1330_LIM,2026-02-01,276,28311.22,85532.4,principal
SKU_1331_ARM,2026-02-01,210,18691.72,58779.0,principal
SKU_1331_AQU,2026-02-01,235,20916.93,65776.5,principal
SKU_1332_MOS,2026-02-01,156,8514.78,25724.4,principal
SKU_1332_MOS,2026-02-01,156,8514.78,25724.4,principal
SKU_1333_PIS,2026-02-01,217,13639.95,41208.3,principal
SKU_1333_MOS,2026-02-01,147,9239.96,27915.3,principal
SKU_1334_TEA,2026-02-01,81,12330.38,37251.9,principal
SKU_1334_ROY,2026-02-01,0,0.0,0.0,principal
SKU_1335_CRE,2026-02-01,115,13080.39,43688.5,principal
SKU_1335_BRI,2026-02-01,0,0.0,0.0,principal
SKU_1336_LIM,2026-02-01,161,15391.0,56333.9,principal
SKU_1336_PIN,2026-02-01,204,19501.64,71379.6,principal
SKU_1337_DUS,2026-02-01,98,5332.77,18120.2,principal
SKU_1337_MAG,2026-02-01,239,13005.44,44191.1,principal
SKU_1338_OLI,2026-02-01,104,6968.24,21309.6,principal
SKU_1338_PAS,2026-02-01,174,11658.4,35652.6,principal
SKU_1339_JAD,2026-02-01,178,19659.81,55162.2,principal
SKU_1339_EME,2026-02-01,203,22421.02,62909.7,principal
SKU_1340_SNO,2026-02-01,0,0.0,0.0,principal
SKU_1340_POW,2026-02-01,253,95355.97,289659.7,principal
SKU_1341_HOT,2026-02-01,225,12871.84,40477.5,principal
SKU_1341_PEA,2026-02-01,97,5549.2,17450.3,principal
SKU_1342_CRE,2026-02-01,197,21919.84,68930.3,principal
SKU_1342_BAB,2026-02-01,86,9569.07,30091.4,principal
SKU_1343_NAV,2026-02-01,92,9589.33,28970.8,principal
SKU_1343_IVO,2026-02-01,200,20846.38,62980.0,principal
SKU_1344_PAS,2026-02-01,206,20628.47,64869.4,principal
SKU_1344_MID,2026-02-01,132,13218.24,41566.8,principal
SKU_1345_ARM,2026-02-01,128,42121.26,153587.2,principal
SKU_1345_FOR,2026-02-01,132,43437.55,158386.8,principal
SKU_1346_HON,2026-02-01,208,16152.97,55099.2,principal
SKU_1346_PEA,2026-02-01,93,7222.24,24635.7,principal
SKU_1347_DUS,2026-02-01,0,0.0,0.0,principal
SKU_1347_LIM,2026-02-01,150,11623.54,43485.0,principal
SKU_1348_NAV,2026-02-01,240,51004.15,155976.0,principal
SKU_1348_PIS,2026-02-01,0,0.0,0.0,principal
SKU_1349_HON,2026-02-01,213,17543.69,44708.7,principal
SKU_1349_SEA,2026-02-01,84,6918.64,17631.6,principal
SKU_1350_SNO,2026-02-01,96,9052.98,27350.4,principal
SKU_1350_BAB,2026-02-01,211,19897.7,60113.9,principal
SKU_1351_SAG,2026-02-01,208,47498.24,143499.2,principal
SKU_1351_HON,2026-02-01,255,58231.01,175924.5,principal
SKU_1352_CER,2026-02-01,233,21586.73,65216.7,principal
SKU_1352_HUN,2026-02-01,155,14360.27,43384.5,principal
SKU_1353_MAG,2026-02-01,241,15148.51,45765.9,principal
SKU_1353_MAR,2026-02-01,286,17977.07,54311.4,principal
SKU_1354_AQU,2026-02-01,273,83122.24,252497.7,principal
SKU_1354_CLE,2026-02-01,161,49020.81,148908.9,principal
SKU_1355_PAS,2026-02-01,252,14509.42,44074.8,principal
SKU_1355_DEE,2026-02-01,130,7485.02,22737.0,principal
SKU_1356_BLU,2026-02-01,139,9833.57,29871.1,principal
SKU_1356_DEN,2026-02-01,0,0.0,0.0,principal
SKU_1357_BRI,2026-02-01,117,25749.58,77793.3,principal
SKU_1357_BLU,2026-02-01,264,58101.62,175533.6,principal
SKU_1358_DUS,2026-02-01,114,7502.01,22788.6,principal
SKU_1358_MAR,2026-02-01,150,9871.06,29985.0,principal
SKU_1359_BLU,2026-02-01,114,15403.47,48438.6,principal
SKU_1359_NAV,2026-02-01,117,15808.83,49713.3,principal
SKU_1360_WHI,2026-02-01,259,27424.71,82854.1,principal
SKU_1360_FRE,2026-02-01,0,0.0,0.0,principal
SKU_1361_MEX,2026-02-01,256,15459.38,48614.4,principal
SKU_1361_BLU,2026-02-01,109,6582.31,20699.1,principal
SKU_1362_POW,2026-02-01,256,77736.5,244454.4,principal
SKU_1362_SEA,2026-02-01,137,41601.17,130821.3,principal
SKU_1363_RAS,2026-02-01,134,40477.14,127286.6,principal
SKU_1363_HUN,2026-02-01,236,71288.1,224176.4,principal
SKU_1364_OFF,2026-02-01,196,28664.65,90140.4,principal
SKU_1364_TEA,2026-02-01,0,0.0,0.0,principal
SKU_1365_BUB,2026-02-01,0,0.0,0.0,principal
SKU_1365_NAV,2026-02-01,0,0.0,0.0,principal
SKU_1366_TEA,2026-02-01,209,28094.89,91939.1,principal
SKU_1366_PAL,2026-02-01,191,25675.23,84020.9,principal
SKU_1367_VAN,2026-02-01,100,5510.94,17990.0,principal
SKU_1367_BLA,2026-02-01,208,11462.76,37419.2,principal
SKU_1368_SNO,2026-02-01,165,35065.8,122908.5,principal
SKU_1368_TUR,2026-02-01,147,31240.44,109500.3,principal
SKU_1369_SNO,2026-02-01,118,5981.22,18868.2,principal
SKU_1369_RAS,2026-02-01,198,10036.28,31660.2,principal
SKU_1370_PRI,2026-02-01,0,0.0,0.0,principal
SKU_1370_MYS,2026-02-01,254,17930.56,45694.6,principal
SKU_1371_WHI,2026-02-01,198,18016.4,54430.2,principal
SKU_1371_HOT,2026-02-01,0,0.0,0.0,principal
SKU_1372_SEA,2026-02-01,113,12713.28,38408.7,principal
SKU_1372_DEN,2026-02-01,155,17438.57,52684.5,principal
SKU_1373_SKY,2026-02-01,91,5688.87,17280.9,principal
SKU_1373_CRE,2026-02-01,192,12002.9,36460.8,principal
SKU_1374_SAL,2026-02-01,0,0.0,0.0,principal
SKU_1374_BLU,2026-02-01,0,0.0,0.0,principal
SKU_1375_COR,2026-02-01,209,18325.52,55364.1,principal
SKU_1375_CLE,2026-02-01,213,18676.24,56423.7,principal
SKU_1376_SNO,2026-02-01,154,12290.61,43874.6,principal
SKU_1376_BIR,2026-02-01,155,12370.42,44159.5,principal
SKU_1377_PRI,2026-02-01,0,0.0,0.0,principal
SKU_1377_CLO,2026-02-01,201,15808.22,52239.9,principal
SKU_1378_SPA,2026-02-01,80,4676.64,16392.0,principal
SKU_1378_MOS,2026-02-01,223,13036.13,45692.7,principal
SKU_1379_SNO,2026-02-01,183,28129.53,88736.7,principal
SKU_1379_WHI,2026-02-01,258,39658.03,125104.2,principal
SKU_1380_TUR,2026-02-01,0,0.0,0.0,principal
SKU_1380_MIN,2026-02-01,231,20839.15,53106.9,principal
SKU_1381_WHI,2026-02-01,153,13921.76,42059.7,principal
SKU_1381_PAS,2026-02-01,115,10464.07,31613.5,principal
SKU_1382_ARM,2026-02-01,217,13104.24,41208.3,principal
SKU_1382_HOT,2026-02-01,126,7608.91,23927.4,principal
SKU_1383_CLE,2026-02-01,186,11075.72,33461.4,principal
SKU_1383_TUR,2026-02-01,249,14827.18,44795.1,principal
SKU_1384_CRE,2026-02-01,175,29951.44,90982.5,principal
SKU_1384_SKY,2026-02-01,270,46210.79,140373.0,principal
SKU_1385_PRI,2026-02-01,258,24756.88,74794.2,principal
SKU_1385_NAV,2026-02-01,68,6525.07,19713.2,principal
SKU_1386_SER,2026-02-01,99,6669.64,21275.1,principal
SKU_1386_COB,2026-02-01,256,17246.73,55014.4,principal
SKU_1387_BRI,2026-02-01,115,5260.41,18388.5,principal
SKU_1387_BAB,2026-02-01,267,12213.29,42693.3,principal
SKU_1388_BRI,2026-02-01,250,25052.69,93725.0,principal
SKU_1388_VAN,2026-02-01,265,26555.85,99348.5,principal
SKU_1389_SHO,2026-02-01,26,1080.31,3637.4,principal
SKU_1389_BAB,2026-02-01,24,997.21,3357.6,principal
SKU_1390_SAP,2026-02-01,21,1894.47,4827.9,principal
SKU_1390_PAS,2026-02-01,0,0.0,0.0,principal
SKU_1391_LIG,2026-02-01,18,1697.43,5128.2,principal
SKU_1391_SEA,2026-02-01,39,3677.77,11111.1,principal
SKU_1392_LIM,2026-02-01,67,6540.0,19758.3,principal
SKU_1392_BLU,2026-02-01,52,5075.82,15334.8,principal
SKU_1393_COB,2026-02-01,46,4533.22,14255.4,principal
SKU_1393_SKY,2026-02-01,48,4730.31,14875.2,principal
SKU_1394_FOR,2026-02-01,70,10459.97,32893.0,principal
SKU_1394_EME,2026-02-01,46,6873.7,21615.4,principal
SKU_1395_BLA,2026-02-01,26,2396.89,7537.4,principal
SKU_1395_TUR,2026-02-01,47,4332.85,13625.3,principal
SKU_1396_FUC,2026-02-01,29,1287.86,3912.1,principal
SKU_1396_PAS,2026-02-01,42,1865.18,5665.8,principal
SKU_1397_SNO,2026-02-01,58,4485.09,13624.2,principal
SKU_1397_BUB,2026-02-01,45,3479.81,10570.5,principal
SKU_1398_AQU,2026-02-01,53,11775.39,35769.7,principal
SKU_1398_SPA,2026-02-01,62,13774.98,41843.8,principal
SKU_1399_PAL,2026-02-01,46,3948.1,12415.4,principal
SKU_1399_CRE,2026-02-01,0,0.0,0.0,principal
SKU_1400_FOR,2026-02-01,32,2211.17,6716.8,principal
SKU_1400_PAL,2026-02-01,54,3731.35,11334.6,principal
SKU_1401_GAR,2026-02-01,52,4129.16,12474.8,principal
SKU_1401_BLU,2026-02-01,34,2699.83,8156.6,principal
SKU_1402_WHI,2026-02-01,23,1718.06,5402.7,principal
SKU_1402_VAN,2026-02-01,36,2689.14,8456.4,principal
SKU_1403_AQU,2026-02-01,0,0.0,0.0,principal
SKU_1403_DUS,2026-02-01,26,3294.44,10007.4,principal
SKU_1404_SAP,2026-02-01,44,14853.82,44875.6,principal
SKU_1404_ARM,2026-02-01,34,11477.95,34676.6,principal
SKU_1405_FLA,2026-02-01,52,3698.86,11174.8,principal
SKU_1405_CLO,2026-02-01,28,1991.69,6017.2,principal
SKU_1406_PRI,2026-02-01,0,0.0,0.0,principal
SKU_1406_SHO,2026-02-01,53,6104.92,18544.7,principal
SKU_1407_OFF,2026-02-01,33,2034.2,7091.7,principal
SKU_1407_EME,2026-02-01,57,3513.62,12249.3,principal
SKU_1408_PAS,2026-02-01,57,16597.34,52434.3,principal
SKU_1408_FUC,2026-02-01,58,16888.53,53354.2,principal
SKU_1409_PEA,2026-02-01,149,9204.26,31275.1,principal
SKU_1409_PEA,2026-02-01,149,9204.26,31275.1,principal
SKU_1410_ROS,2026-02-01,47,15911.86,53575.3,principal
SKU_1410_JAD,2026-02-01,38,12864.91,43316.2,principal
SKU_1411_BLU,2026-02-01,73,5724.85,16417.7,principal
SKU_1411_RAS,2026-02-01,25,1960.57,5622.5,principal
SKU_1412_SHO,2026-02-01,65,20731.25,58168.5,principal
SKU_1412_BAB,2026-02-01,26,8292.5,23267.4,principal
SKU_1413_SAG,2026-02-01,68,4161.73,12573.2,principal
SKU_1413_JAD,2026-02-01,55,3366.1,10169.5,principal
SKU_1414_DUS,2026-02-01,59,6377.2,20054.1,principal
SKU_1414_CLO,2026-02-01,57,6161.03,19374.3,principal
SKU_1415_BAB,2026-02-01,48,5417.19,17035.2,principal
SKU_1415_MID,2026-02-01,43,4852.9,15260.7,principal
SKU_1416_CLE,2026-02-01,46,3959.06,12875.4,principal
SKU_1416_AQU,2026-02-01,56,4819.72,15674.4,principal
SKU_1417_SNO,2026-02-01,37,3307.94,10356.3,principal
SKU_1417_BIR,2026-02-01,43,3844.37,12035.7,principal
SKU_1418_CLE,2026-02-01,47,11985.4,39710.3,principal
SKU_1418_MOS,2026-02-01,18,4590.15,15208.2,principal
SKU_1419_FLA,2026-02-01,59,4917.75,14744.1,principal
SKU_1419_WHI,2026-02-01,27,2250.49,6747.3,principal
SKU_1420_EGR,2026-02-01,49,15928.25,48505.1,principal
SKU_1420_LIM,2026-02-01,51,16578.38,50484.9,principal
SKU_1421_LIG,2026-02-01,33,2871.95,7586.7,principal
SKU_1421_SER,2026-02-01,0,0.0,0.0,principal
SKU_1422_PIN,2026-02-01,73,8757.21,22987.7,principal
SKU_1422_MIN,2026-02-01,57,6837.82,17949.3,principal
SKU_1423_JAD,2026-02-01,72,28440.51,86392.8,principal
SKU_1423_SAG,2026-02-01,67,26465.47,80393.3,principal
SKU_1424_VAN,2026-02-01,64,20961.35,63673.6,principal
SKU_1424_BAB,2026-02-01,48,15721.01,47755.2,principal
SKU_1425_WHI,2026-02-01,0,0.0,0.0,principal
SKU_1425_LIG,2026-02-01,44,2936.92,9235.6,principal
SKU_1426_NAV,2026-02-01,43,1624.11,5585.7,principal
SKU_1426_SEA,2026-02-01,25,944.25,3247.5,principal
SKU_1427_AQU,2026-02-01,56,3484.75,11194.4,principal
SKU_1427_BLA,2026-02-01,0,0.0,0.0,principal
SKU_1428_COB,2026-02-01,0,0.0,0.0,principal
SKU_1428_SKY,2026-02-01,41,5506.17,20085.9,principal
SKU_1429_SPA,2026-02-01,67,4021.19,12723.3,principal
SKU_1429_MAG,2026-02-01,41,2460.73,7785.9,principal
SKU_1430_PEA,2026-02-01,72,4542.64,12952.8,principal
SKU_1430_JAD,2026-02-01,69,4353.37,12413.1,principal
SKU_1431_TEA,2026-02-01,30,3783.59,11097.0,principal
SKU_1431_CRE,2026-02-01,60,7567.18,22194.0,principal
SKU_1432_WHI,2026-02-01,31,8655.6,22316.9,principal
SKU_1432_BRI,2026-02-01,0,0.0,0.0,principal
SKU_1433_OLI,2026-02-01,32,3317.28,10076.8,principal
SKU_1433_SAP,2026-02-01,29,3006.29,9132.1,principal
SKU_1434_ARM,2026-02-01,69,4605.63,14483.1,principal
SKU_1434_MIN,2026-02-01,37,2469.68,7766.3,principal
SKU_1435_SKY,2026-02-01,64,19507.78,64633.6,principal
SKU_1435_OLI,2026-02-01,17,5181.75,17168.3,principal
SKU_1436_BLU,2026-02-01,17,1408.98,4758.3,principal
SKU_1436_PAS,2026-02-01,0,0.0,0.0,principal
SKU_1437_ROY,2026-02-01,0,0.0,0.0,principal
SKU_1437_AQU,2026-02-01,49,2573.77,8080.1,principal
SKU_1438_MOS,2026-02-01,56,4307.44,11474.4,principal
SKU_1438_DEE,2026-02-01,64,4922.79,13113.6,principal
SKU_1439_CER,2026-02-01,42,2570.48,7765.8,principal
SKU_1439_SHO,2026-02-01,52,3182.5,9614.8,principal
SKU_1440_PIS,2026-02-01,25,11573.13,29997.5,principal
SKU_1440_BLU,2026-02-01,38,17591.15,45596.2,principal
SKU_1441_COB,2026-02-01,58,25975.24,66984.2,principal
SKU_1441_IVO,2026-02-01,42,18809.66,48505.8,principal
SKU_1442_OFF,2026-02-01,17,1631.27,4928.3,principal
SKU_1442_EME,2026-02-01,44,4222.1,12755.6,principal
SKU_1443_BLU,2026-02-01,59,5270.88,15924.1,principal
SKU_1443_PRI,2026-02-01,0,0.0,0.0,principal
SKU_1444_HUN,2026-02-01,0,0.0,0.0,principal
SKU_1444_OLI,2026-02-01,0,0.0,0.0,principal
SKU_1445_TEA,2026-02-01,68,10748.24,27873.2,principal
SKU_1445_PRI,2026-02-01,54,8535.37,22134.6,principal
SKU_1446_SHO,2026-02-01,38,4012.08,10256.2,principal
SKU_1446_GAR,2026-02-01,54,5701.38,14574.6,principal
SKU_1447_BLU,2026-02-01,67,5291.33,16073.3,principal
SKU_1447_OLI,2026-02-01,50,3948.75,11995.0,principal
SKU_1448_SKY,2026-02-01,45,2665.04,8095.5,principal
SKU_1448_SEA,2026-02-01,42,2487.37,7555.8,principal
SKU_1449_BLA,2026-02-01,25,2688.55,8122.5,principal
SKU_1449_NAV,2026-02-01,40,4301.68,12996.0,principal
SKU_1450_MAG,2026-02-01,46,6097.89,18855.4,principal
SKU_1450_JAD,2026-02-01,0,0.0,0.0,principal
SKU_1451_WHI,2026-02-01,28,2219.88,6857.2,principal
SKU_1451_BIR,2026-02-01,39,3091.98,9551.1,principal
SKU_1452_SKY,2026-02-01,55,2130.25,7969.5,principal
SKU_1452_DEE,2026-02-01,24,929.56,3477.6,principal
SKU_1453_SAP,2026-02-01,0,0.0,0.0,principal
SKU_1453_PRI,2026-02-01,26,1936.05,6107.4,principal
SKU_1454_BRI,2026-02-01,26,1482.57,3897.4,principal
SKU_1454_BUB,2026-02-01,42,2394.92,6295.8,principal
SKU_1455_TEA,2026-02-01,42,4655.78,14065.8,principal
SKU_1455_ROY,2026-02-01,20,2217.04,6698.0,principal
SKU_1456_EME,2026-02-01,73,7608.93,22987.7,principal
SKU_1456_DEN,2026-02-01,48,5003.13,15115.2,principal
SKU_1457_SNO,2026-02-01,56,2963.91,8954.4,principal
SKU_1457_MAG,2026-02-01,35,1852.44,5596.5,principal
SKU_1458_PEA,2026-02-01,63,7296.46,22043.7,principal
SKU_1458_MIN,2026-02-01,48,5559.21,16795.2,principal
SKU_1459_OFF,2026-02-01,45,3109.46,9445.5,principal
SKU_1459_CRE,2026-02-01,37,2556.67,7766.3,principal
SKU_1460_FUC,2026-02-01,43,2384.06,7520.7,principal
SKU_1460_OLI,2026-02-01,64,3548.37,11193.6,principal
SKU_1461_NAV,2026-02-01,34,11762.01,36376.6,principal
SKU_1461_PRI,2026-02-01,23,7956.65,24607.7,principal
SKU_1462_MID,2026-02-01,68,6632.57,24813.2,principal
SKU_1462_OFF,2026-02-01,43,4194.12,15690.7,principal
SKU_1463_LIG,2026-02-01,61,5184.23,15853.9,principal
SKU_1463_DUS,2026-02-01,15,1274.81,3898.5,principal
SKU_1464_MOS,2026-02-01,30,2623.62,6897.0,principal
SKU_1464_BIR,2026-02-01,41,3585.61,9425.9,principal
SKU_1465_CLE,2026-02-01,47,5626.48,14800.3,principal
SKU_1465_OFF,2026-02-01,47,5626.48,14800.3,principal
SKU_1466_PRI,2026-02-01,20,1777.02,5398.0,principal
SKU_1466_SAP,2026-02-01,55,4886.81,14844.5,principal
SKU_1467_OLI,2026-02-01,74,4821.71,15162.6,principal
SKU_1467_FUC,2026-02-01,53,3453.38,10859.7,principal
SKU_1468_BAB,2026-02-01,0,0.0,0.0,principal
SKU_1468_MYS,2026-02-01,21,3683.33,11127.9,principal
SKU_1469_ARM,2026-02-01,49,4595.13,14450.1,principal
SKU_1469_SAL,2026-02-01,47,4407.58,13860.3,principal
SKU_1470_WHI,2026-02-01,0,0.0,0.0,principal
SKU_1470_MAR,2026-02-01,17,5072.85,15638.3,principal
SKU_1471_ROS,2026-02-01,60,3322.7,12294.0,principal
SKU_1471_LIG,2026-02-01,0,0.0,0.0,principal
SKU_1472_EME,2026-02-01,45,6660.83,21145.5,principal
SKU_1472_MYS,2026-02-01,51,7548.94,23964.9,principal
SKU_1473_BLU,2026-02-01,32,1538.79,5756.8,principal
SKU_1473_BAB,2026-02-01,60,2885.24,10794.0,principal
SKU_1474_BRI,2026-02-01,0,0.0,0.0,principal
SKU_1474_DEN,2026-02-01,37,12823.73,39216.3,principal
SKU_1475_VAN,2026-02-01,54,5133.35,13494.6,principal
SKU_1475_MIN,2026-02-01,33,3137.04,8246.7,principal
SKU_1476_WHI,2026-02-01,58,5248.83,15944.2,principal
SKU_1476_CLO,2026-02-01,22,1990.94,6047.8,principal
SKU_1477_CLE,2026-02-01,30,2233.26,6747.0,principal
SKU_1477_EME,2026-02-01,45,3349.89,10120.5,principal
SKU_1478_TEA,2026-02-01,39,2502.28,7601.1,principal
SKU_1478_COB,2026-02-01,58,3721.34,11304.2,principal
SKU_1479_MIN,2026-02-01,42,7714.22,23305.8,principal
SKU_1479_FUC,2026-02-01,25,4591.8,13872.5,principal
SKU_1480_SNO,2026-02-01,30,3673.11,11097.0,principal
SKU_1480_MEX,2026-02-01,25,3060.92,9247.5,principal
SKU_1481_BLA,2026-02-01,42,10344.54,34015.8,principal
SKU_1481_TEA,2026-02-01,25,6157.47,20247.5,principal
SKU_1482_MOS,2026-02-01,50,6210.36,22245.0,principal
SKU_1482_SHO,2026-02-01,31,3850.42,13791.9,principal
SKU_1483_WHI,2026-02-01,30,2868.54,9747.0,principal
SKU_1483_POW,2026-02-01,36,3442.25,11696.4,principal
SKU_1484_MOS,2026-02-01,24,3278.17,11037.6,principal
SKU_1484_EGR,2026-02-01,61,8332.01,28053.9,principal
SKU_1485_PAS,2026-02-01,66,17219.85,43883.4,principal
SKU_1485_CER,2026-02-01,29,7566.3,19282.1,principal
SKU_1486_OLI,2026-02-01,0,0.0,0.0,principal
SKU_1486_PAL,2026-02-01,65,6237.2,18843.5,principal
SKU_1487_BRI,2026-02-01,0,0.0,0.0,principal
SKU_1487_CLE,2026-02-01,29,3088.45,9712.1,principal
SKU_1488_IVO,2026-02-01,18,1945.59,6118.2,principal
SKU_1488_PEA,2026-02-01,0,0.0,0.0,principal
SKU_1489_TEA,2026-02-01,64,7793.35,23673.6,principal
SKU_1489_IVO,2026-02-01,55,6697.41,20344.5,principal
SKU_1490_EME,2026-02-01,52,5420.06,16374.8,principal
SKU_1490_VAN,2026-02-01,59,6149.68,18579.1,principal
SKU_1491_GAR,2026-02-01,33,1382.92,4451.7,principal
SKU_1491_CER,2026-02-01,61,2556.31,8228.9,principal
SKU_1492_SKY,2026-02-01,54,6355.18,20244.6,principal
SKU_1492_BIR,2026-02-01,22,2589.15,8247.8,principal
SKU_1493_PEA,2026-02-01,23,2028.19,7587.7,principal
SKU_1493_CLO,2026-02-01,77,6790.03,25402.3,principal
SKU_1494_EGR,2026-02-01,70,24073.93,75943.0,principal
SKU_1494_HOT,2026-02-01,18,6190.44,19528.2,principal
SKU_1495_FUC,2026-02-01,0,0.0,0.0,principal
SKU_1495_BLA,2026-02-01,24,2821.83,7917.6,principal
SKU_1496_PAS,2026-02-01,50,18680.45,56745.0,principal
SKU_1496_PEA,2026-02-01,0,0.0,0.0,principal
SKU_1497_FUC,2026-02-01,32,1428.86,4316.8,principal
SKU_1497_VAN,2026-02-01,36,1607.47,4856.4,principal
SKU_1498_OLI,2026-02-01,71,7987.99,24132.9,principal
SKU_1498_LIG,2026-02-01,0,0.0,0.0,principal
SKU_1499_HOT,2026-02-01,28,2314.15,7277.2,principal
SKU_1499_RAS,2026-02-01,50,4132.41,12995.0,principal
SKU_1500_MOS,2026-02-01,55,4705.75,14294.5,principal
SKU_1500_PAS,2026-02-01,60,5133.54,15594.0,principal
SKU_1501_OLI,2026-02-01,34,1912.05,5776.6,principal
SKU_1501_SAL,2026-02-01,21,1180.97,3567.9,principal
SKU_1502_PEA,2026-02-01,22,1520.18,4617.8,principal
SKU_1502_VAN,2026-02-01,46,3178.56,9655.4,principal
SKU_1503_VAN,2026-02-01,30,2270.49,6897.0,principal
SKU_1503_CER,2026-02-01,44,3330.06,10115.6,principal
SKU_1504_EME,2026-02-01,17,1912.62,5778.3,principal
SKU_1504_NAV,2026-02-01,35,3937.74,11896.5,principal
SKU_1505_BLU,2026-02-01,68,5287.13,15973.2,principal
SKU_1505_SNO,2026-02-01,27,2099.3,6342.3,principal
SKU_1506_PAL,2026-02-01,47,3436.09,10805.3,principal
SKU_1506_BRI,2026-02-01,0,0.0,0.0,principal
SKU_1507_PAS,2026-02-01,57,3394.17,10254.3,principal
SKU_1507_FLA,2026-02-01,0,0.0,0.0,principal
SKU_1508_LIM,2026-02-01,69,4767.84,14483.1,principal
SKU_1508_DEE,2026-02-01,33,2280.27,6926.7,principal
SKU_1509_HOT,2026-02-01,37,3917.82,11836.3,principal
SKU_1509_MAG,2026-02-01,0,0.0,0.0,principal
SKU_1510_SNO,2026-02-01,44,11681.92,36735.6,principal
SKU_1510_ROS,2026-02-01,33,8761.44,27551.7,principal
SKU_1511_CLE,2026-02-01,28,8324.35,26177.2,principal
SKU_1511_SKY,2026-02-01,69,20513.58,64508.1,principal
SKU_1512_TEA,2026-02-01,43,3067.45,9670.7,principal
SKU_1512_MYS,2026-02-01,59,4208.83,13269.1,principal
SKU_1513_PAS,2026-02-01,44,2555.57,9455.6,principal
SKU_1513_RAS,2026-02-01,44,2555.57,9455.6,principal
SKU_1514_PEA,2026-02-01,52,12700.46,43154.8,principal
SKU_1514_SPA,2026-02-01,40,9769.58,33196.0,principal
SKU_1515_SEA,2026-02-01,38,2421.83,7406.2,principal
SKU_1515_AQU,2026-02-01,27,1720.77,5262.3,principal
SKU_1516_CRE,2026-02-01,29,3859.96,10147.1,principal
SKU_1516_EME,2026-02-01,26,3460.65,9097.4,principal
SKU_1517_FOR,2026-02-01,32,14596.93,38396.8,principal
SKU_1517_ROS,2026-02-01,44,20070.78,52795.6,principal
SKU_1518_CLE,2026-02-01,66,4930.08,15503.4,principal
SKU_1518_LIM,2026-02-01,54,4033.7,12684.6,principal
SKU_1519_BLU,2026-02-01,49,9815.1,30865.1,principal
SKU_1519_TEA,2026-02-01,59,11818.18,37164.1,principal
SKU_1520_GAR,2026-02-01,63,4664.34,14168.7,principal
SKU_1520_ROY,2026-02-01,48,3553.78,10795.2,principal
SKU_1521_MOS,2026-02-01,24,1449.32,4557.6,principal
SKU_1521_FRE,2026-02-01,0,0.0,0.0,principal
SKU_1522_MOS,2026-02-01,54,2211.77,8094.6,principal
SKU_1522_BIR,2026-02-01,62,2539.44,9293.8,principal
SKU_1523_HOT,2026-02-01,40,4142.05,14996.0,principal
SKU_1523_CRE,2026-02-01,54,5591.76,20244.6,principal
SKU_1524_BLU,2026-02-01,0,0.0,0.0,principal
SKU_1524_DEN,2026-02-01,21,2286.09,7767.9,principal
SKU_1525_MYS,2026-02-01,35,3216.44,10146.5,principal
SKU_1525_OLI,2026-02-01,0,0.0,0.0,principal
SKU_1526_FOR,2026-02-01,26,1574.36,4417.4,principal
SKU_1527_FUC,2026-02-01,50,14976.95,45495.0,principal
SKU_1527_TEA,2026-02-01,59,17672.81,53684.1,principal
SKU_1528_PAS,2026-02-01,63,4481.31,13538.7,principal
SKU_1528_DEN,2026-02-01,76,5406.02,16332.4,principal
SKU_1529_HUN,2026-02-01,55,4434.16,13469.5,principal
SKU_1529_MIN,2026-02-01,62,4998.51,15183.8,principal
SKU_1530_HON,2026-02-01,37,1582.23,4806.3,principal
SKU_1530_PEA,2026-02-01,42,1796.05,5455.8,principal
SKU_1531_TEA,2026-02-01,50,9100.84,27495.0,principal
SKU_1531_SNO,2026-02-01,59,10739.0,32444.1,principal
SKU_1532_BRI,2026-02-01,49,13404.86,48015.1,principal
SKU_1532_EME,2026-02-01,45,12310.58,44095.5,principal
SKU_1533_CER,2026-02-01,63,3128.56,10388.7,principal
SKU_1533_DUS,2026-02-01,76,3774.13,12532.4,principal
SKU_1534_MYS,2026-02-01,61,3588.66,12193.9,principal
SKU_1534_HUN,2026-02-01,20,1176.61,3998.0,principal
SKU_1535_NAV,2026-02-01,32,3092.91,9756.8,principal
SKU_1535_MOS,2026-02-01,49,4736.01,14940.1,principal
SKU_1536_MOS,2026-02-01,47,5777.35,16210.3,principal
SKU_1536_FRE,2026-02-01,33,4056.44,11381.7,principal
SKU_1537_SAP,2026-02-01,59,4977.94,15039.1,principal
SKU_1537_BLA,2026-02-01,23,1940.55,5862.7,principal
SKU_1538_MAG,2026-02-01,51,3543.32,10704.9,principal
SKU_1538_PAS,2026-02-01,0,0.0,0.0,principal
SKU_1539_BLA,2026-02-01,19,2114.1,6648.1,principal
SKU_1539_PEA,2026-02-01,50,5563.41,17495.0,principal
SKU_1540_BAL,2026-02-01,0,0.0,0.0,principal
SKU_1540_MAG,2026-02-01,33,1782.93,5606.7,principal
SKU_1541_AQU,2026-02-01,0,0.0,0.0,principal
SKU_1541_POW,2026-02-01,63,13520.95,42518.7,principal
SKU_1542_DEE,2026-02-01,43,6651.72,20205.7,principal
SKU_1542_PEA,2026-02-01,70,10828.38,32893.0,principal
SKU_1543_BAB,2026-02-01,70,16358.87,51443.0,principal
SKU_1543_FLA,2026-02-01,47,10983.82,34540.3,principal
SKU_1544_OLI,2026-02-01,56,3559.82,11194.4,principal
SKU_1544_PEA,2026-02-01,39,2479.16,7796.1,principal
SKU_1545_TEA,2026-02-01,49,4049.76,12735.1,principal
SKU_1545_HOT,2026-02-01,71,5868.02,18452.9,principal
SKU_1546_PAS,2026-02-01,37,2057.87,6471.3,principal
SKU_1546_IVO,2026-02-01,25,1390.45,4372.5,principal
SKU_1547_IVO,2026-02-01,43,4695.47,14185.7,principal
SKU_1547_FUC,2026-02-01,21,2293.13,6927.9,principal
SKU_1548_HOT,2026-02-01,52,8173.98,24694.8,principal
SKU_1548_CLO,2026-02-01,59,9274.32,28019.1,principal
SKU_1549_BAL,2026-02-01,55,3233.9,10169.5,principal
SKU_1549_PAS,2026-02-01,21,1234.76,3882.9,principal
SKU_1550_PAL,2026-02-01,47,2551.4,7750.3,principal
SKU_1550_IVO,2026-02-01,35,1899.98,5771.5,principal
SKU_1551_DUS,2026-02-01,44,3202.62,9675.6,principal
SKU_1551_ROS,2026-02-01,54,3930.49,11874.6,principal
SKU_1552_CLE,2026-02-01,18,3910.3,11878.2,principal
SKU_1552_SAP,2026-02-01,0,0.0,0.0,principal
SKU_1553_DEN,2026-02-01,43,3440.78,10960.7,principal
SKU_1553_HOT,2026-02-01,43,3440.78,10960.7,principal
SKU_1554_PIS,2026-02-01,60,17888.66,62094.0,principal
SKU_1554_SKY,2026-02-01,46,13714.64,47605.4,principal
SKU_1555_FUC,2026-02-01,29,1571.18,5507.1,principal
SKU_1555_RAS,2026-02-01,21,1137.75,3987.9,principal
SKU_1556_SAL,2026-02-01,20,1217.11,4098.0,principal
SKU_1556_HUN,2026-02-01,68,4138.16,13933.2,principal
SKU_1557_TUR,2026-02-01,60,4314.24,11994.0,principal
SKU_1557_SAG,2026-02-01,43,3091.87,8595.7,principal
SKU_1558_CLE,2026-02-01,27,3388.34,8907.3,principal
SKU_1558_MEX,2026-02-01,0,0.0,0.0,principal
SKU_1559_BLU,2026-02-01,37,17141.41,44396.3,principal
SKU_1559_SKY,2026-02-01,0,0.0,0.0,principal
SKU_1560_PAL,2026-02-01,0,0.0,0.0,principal
SKU_1560_CRE,2026-02-01,22,1628.82,4947.8,principal
SKU_1561_LIM,2026-02-01,46,5157.93,16095.4,principal
SKU_1561_VAN,2026-02-01,44,4933.67,15395.6,principal
SKU_1562_CLO,2026-02-01,41,3955.27,12705.9,principal
SKU_1562_BLU,2026-02-01,0,0.0,0.0,principal
SKU_1563_WHI,2026-02-01,23,921.57,3447.7,principal
SKU_1563_MEX,2026-02-01,23,921.57,3447.7,principal
SKU_1564_BLA,2026-02-01,56,10471.9,33034.4,principal
SKU_1564_NAV,2026-02-01,18,3365.97,10618.2,principal
SKU_1565_LIG,2026-02-01,32,4519.19,11516.8,principal
SKU_1565_BAB,2026-02-01,48,6778.79,17275.2,principal
SKU_1566_PEA,2026-02-01,56,22031.94,57954.4,principal
SKU_1566_POW,2026-02-01,67,26359.65,69338.3,principal
SKU_1567_PRI,2026-02-01,68,15443.83,46913.2,principal
SKU_1567_POW,2026-02-01,78,17714.98,53812.2,principal
SKU_1568_FRE,2026-02-01,64,4780.68,15033.6,principal
SKU_1568_PIN,2026-02-01,50,3734.91,11745.0,principal
SKU_1569_WHI,2026-02-01,55,3846.05,12094.5,principal
SKU_1569_PAS,2026-02-01,18,1258.71,3958.2,principal
SKU_1570_MEX,2026-02-01,41,9320.87,29310.9,principal
SKU_1570_HON,2026-02-01,0,0.0,0.0,principal
SKU_1571_WHI,2026-02-01,36,2611.16,8996.4,principal
SKU_1571_BIR,2026-02-01,50,3626.61,12495.0,principal
SKU_1572_BAL,2026-02-01,27,1101.49,3777.3,principal
SKU_1572_MAR,2026-02-01,0,0.0,0.0,principal
SKU_1573_MIN,2026-02-01,70,21113.96,71743.0,principal
SKU_1573_SAG,2026-02-01,0,0.0,0.0,principal
SKU_1574_GAR,2026-02-01,46,8264.14,27825.4,principal
SKU_1574_COB,2026-02-01,66,11857.25,39923.4,principal
SKU_1575_JAD,2026-02-01,27,8883.21,23352.3,principal
SKU_1575_AQU,2026-02-01,40,13160.32,34596.0,principal
SKU_1576_AQU,2026-02-01,65,5240.37,15918.5,principal
SKU_1576_BLU,2026-02-01,21,1693.04,5142.9,principal
SKU_1577_FLA,2026-02-01,0,0.0,0.0,principal
SKU_1577_HUN,2026-02-01,34,1728.84,5436.6,principal
SKU_1578_PAS,2026-02-01,67,2754.84,8368.3,principal
SKU_1578_TEA,2026-02-01,0,0.0,0.0,principal
SKU_1579_DEN,2026-02-01,63,4768.03,14483.7,principal
SKU_1579_SAG,2026-02-01,62,4692.35,14253.8,principal
SKU_1580_WHI,2026-02-01,38,2294.75,7216.2,principal
SKU_1580_MOS,2026-02-01,50,3019.41,9495.0,principal
SKU_1581_BIR,2026-02-01,70,16411.93,59843.0,principal
SKU_1581_COB,2026-02-01,59,13832.91,50439.1,principal
SKU_1582_WHI,2026-02-01,63,4246.06,14483.7,principal
SKU_1582_PAS,2026-02-01,30,2021.94,6897.0,principal
SKU_1583_WHI,2026-02-01,63,4292.49,16058.7,principal
SKU_1583_BLU,2026-02-01,47,3202.33,11980.3,principal
SKU_1584_AQU,2026-02-01,0,0.0,0.0,principal
SKU_1584_FLA,2026-02-01,27,1632.48,4992.3,principal
SKU_1585_COR,2026-02-01,30,3765.86,9597.0,principal
SKU_1585_BLA,2026-02-01,18,2259.52,5758.2,principal
SKU_1586_JAD,2026-02-01,39,4520.52,11891.1,principal
SKU_1586_EGR,2026-02-01,53,6143.27,16159.7,principal
SKU_1587_DEE,2026-02-01,0,0.0,0.0,principal
SKU_1587_LIG,2026-02-01,50,3655.41,11495.0,principal
SKU_1588_PAS,2026-02-01,39,6075.74,19106.1,principal
SKU_1588_CRE,2026-02-01,48,7477.83,23515.2,principal
SKU_1589_TUR,2026-02-01,36,8101.69,24476.4,principal
SKU_1589_CER,2026-02-01,24,5401.13,16317.6,principal
SKU_1590_MYS,2026-02-01,59,3688.39,11204.1,principal
SKU_1590_HOT,2026-02-01,42,2625.63,7975.8,principal
SKU_1591_HON,2026-02-01,0,0.0,0.0,principal
SKU_1591_MYS,2026-02-01,50,14149.41,44495.0,principal
SKU_1592_CER,2026-02-01,30,2002.45,6297.0,principal
SKU_1592_SAG,2026-02-01,50,3337.41,10495.0,principal
SKU_1593_LIG,2026-02-01,68,3261.41,9853.2,principal
SKU_1593_FUC,2026-02-01,44,2110.32,6375.6,principal
SKU_1594_BAL,2026-02-01,40,6582.68,19996.0,principal
SKU_1594_WHI,2026-02-01,31,5101.58,15496.9,principal
SKU_1595_FLA,2026-02-01,75,7445.02,22492.5,principal
SKU_1595_MYS,2026-02-01,18,1786.8,5398.2,principal
SKU_1596_BIR,2026-02-01,29,2624.42,7972.1,principal
SKU_1596_CER,2026-02-01,31,2805.41,8521.9,principal
SKU_1597_SHO,2026-02-01,43,7245.85,22785.7,principal
SKU_1597_FLA,2026-02-01,57,9604.97,30204.3,principal
SKU_1598_NAV,2026-02-01,53,8256.77,25964.7,principal
SKU_1598_DUS,2026-02-01,21,3271.55,10287.9,principal
SKU_1599_WHI,2026-02-01,30,4640.73,14097.0,principal
SKU_1599_CER,2026-02-01,28,4331.35,13157.2,principal
SKU_1600_LIG,2026-02-01,32,4160.03,12636.8,principal
SKU_1600_SHO,2026-02-01,0,0.0,0.0,principal
SKU_1601_EME,2026-02-01,68,16541.13,49973.2,principal
SKU_1601_AQU,2026-02-01,21,5108.29,15432.9,principal
SKU_1602_AQU,2026-02-01,40,2724.19,9196.0,principal
SKU_1602_PAS,2026-02-01,21,1430.2,4827.9,principal
SKU_1603_BUB,2026-02-01,19,3937.81,14153.1,principal
SKU_1603_PEA,2026-02-01,0,0.0,0.0,principal
SKU_1604_CLE,2026-02-01,70,11318.28,42343.0,principal
SKU_1604_SNO,2026-02-01,31,5012.38,18751.9,principal
SKU_1605_VAN,2026-02-01,0,0.0,0.0,principal
SKU_1605_COR,2026-02-01,30,1959.31,6597.0,principal
SKU_1606_COB,2026-02-01,33,12759.73,35801.7,principal
SKU_1606_SEA,2026-02-01,23,8893.14,24952.7,principal
SKU_1607_GAR,2026-02-01,38,3772.14,11396.2,principal
SKU_1607_MAR,2026-02-01,20,1985.34,5998.0,principal
SKU_1608_WHI,2026-02-01,0,0.0,0.0,principal
SKU_1608_MID,2026-02-01,50,5018.65,15245.0,principal
SKU_1609_LIM,2026-02-01,0,0.0,0.0,principal
SKU_1609_SAP,2026-02-01,20,1716.56,5398.0,principal
SKU_1610_PRI,2026-02-01,48,2921.72,8875.2,principal
SKU_1610_MEX,2026-02-01,47,2860.85,8690.3,principal
SKU_1611_MID,2026-02-01,35,2533.69,7696.5,principal
SKU_1611_BRI,2026-02-01,18,1303.04,3958.2,principal
SKU_1612_PAL,2026-02-01,65,6613.74,21443.5,principal
SKU_1612_SNO,2026-02-01,32,3256.0,10556.8,principal
SKU_1613_BIR,2026-02-01,58,3122.7,11014.2,principal
SKU_1613_AQU,2026-02-01,65,3499.58,12343.5,principal
SKU_1614_VAN,2026-02-01,45,5711.85,20020.5,principal
SKU_1614_IVO,2026-02-01,49,6219.57,21800.1,principal
SKU_1615_MOS,2026-02-01,29,4273.83,13482.1,principal
SKU_1615_SHO,2026-02-01,19,2800.09,8833.1,principal
SKU_1616_SER,2026-02-01,0,0.0,0.0,principal
SKU_1616_COR,2026-02-01,70,27291.04,71743.0,principal
SKU_1617_DEN,2026-02-01,0,0.0,0.0,principal
SKU_1617_MIN,2026-02-01,48,3009.04,7915.2,principal
SKU_1618_SAL,2026-02-01,41,2441.42,7375.9,principal
SKU_1618_SAP,2026-02-01,57,3394.17,10254.3,principal
SKU_1619_IVO,2026-02-01,69,4540.69,13793.1,principal
SKU_1619_PAS,2026-02-01,25,1645.18,4997.5,principal
SKU_1620_SAG,2026-02-01,34,2981.18,9006.6,principal
SKU_1620_BLU,2026-02-01,0,0.0,0.0,principal
SKU_1621_PAS,2026-02-01,78,6064.65,18322.2,principal
SKU_1621_FUC,2026-02-01,0,0.0,0.0,principal
SKU_1622_VAN,2026-02-01,29,2378.72,7827.1,principal
SKU_1622_CLO,2026-02-01,27,2214.67,7287.3,principal
SKU_1623_EGR,2026-02-01,0,0.0,0.0,principal
SKU_1623_SER,2026-02-01,29,7590.05,26532.1,principal
SKU_1624_PRI,2026-02-01,59,3644.64,12384.1,principal
SKU_1624_ARM,2026-02-01,66,4077.06,13853.4,principal
SKU_1625_GAR,2026-02-01,26,1688.79,5327.4,principal
SKU_1625_DUS,2026-02-01,55,3572.43,11269.5,principal
SKU_1626_BAB,2026-02-01,57,11706.54,30774.3,principal
SKU_1626_DEN,2026-02-01,34,6982.85,18356.6,principal
SKU_1627_BAB,2026-02-01,59,6442.62,19464.1,principal
SKU_1627_MOS,2026-02-01,45,4913.86,14845.5,principal
SKU_1628_PEA,2026-02-01,0,0.0,0.0,principal
SKU_1628_POW,2026-02-01,64,11585.73,35193.6,principal
SKU_1629_CLO,2026-02-01,37,2999.15,9431.3,principal
SKU_1629_ARM,2026-02-01,37,2999.15,9431.3,principal
SKU_1630_LIM,2026-02-01,0,0.0,0.0,principal
SKU_1630_SNO,2026-02-01,23,2549.59,7702.7,principal
SKU_1631_BAL,2026-02-01,37,2116.7,6656.3,principal
SKU_1631_SNO,2026-02-01,18,1029.75,3238.2,principal
SKU_1632_SAP,2026-02-01,71,4345.33,13127.9,principal
SKU_1632_SPA,2026-02-01,32,1958.46,5916.8,principal
SKU_1633_SER,2026-02-01,24,1792.76,5637.6,principal
SKU_1633_DEN,2026-02-01,53,3959.0,12449.7,principal
SKU_1634_NAV,2026-02-01,0,0.0,0.0,principal
SKU_1634_SAP,2026-02-01,0,0.0,0.0,principal
SKU_1635_TEA,2026-02-01,33,6347.82,19961.7,principal
SKU_1635_SAG,2026-02-01,58,11156.78,35084.2,principal
SKU_1636_LIG,2026-02-01,37,5358.16,16276.3,principal
SKU_1636_SHO,2026-02-01,45,6516.68,19795.5,principal
SKU_1637_BLU,2026-02-01,27,7898.26,24837.3,principal
SKU_1637_WHI,2026-02-01,16,4680.45,14718.4,principal
SKU_1638_PEA,2026-02-01,38,13774.55,43316.2,principal
SKU_1638_SAP,2026-02-01,19,6887.28,21658.1,principal
SKU_1639_FRE,2026-02-01,20,1207.76,3798.0,principal
SKU_1639_WHI,2026-02-01,46,2777.86,8735.4,principal
SKU_1640_IVO,2026-02-01,0,0.0,0.0,principal
SKU_1640_TEA,2026-02-01,31,2244.12,6816.9,principal
SKU_1641_MEX,2026-02-01,57,5889.14,18519.3,principal
SKU_1641_SER,2026-02-01,0,0.0,0.0,principal
SKU_1642_OFF,2026-02-01,55,4094.3,12369.5,principal
SKU_1642_SAL,2026-02-01,55,4094.3,12369.5,principal
SKU_1643_PAS,2026-02-01,51,3511.61,11469.9,principal
SKU_1643_EGR,2026-02-01,0,0.0,0.0,principal
SKU_1644_BAB,2026-02-01,65,5978.05,20793.5,principal
SKU_1644_PEA,2026-02-01,54,4966.38,17274.6,principal
SKU_1645_MYS,2026-02-01,45,5134.12,17995.5,principal
SKU_1645_MIN,2026-02-01,50,5704.57,19995.0,principal
SKU_1646_BLU,2026-02-01,26,1688.79,5327.4,principal
SKU_1646_CLE,2026-02-01,27,1753.74,5532.3,principal
SKU_1647_BLA,2026-02-01,48,5330.18,16315.2,principal
SKU_1647_ARM,2026-02-01,40,4441.81,13596.0,principal
SKU_1648_RAS,2026-02-01,26,6485.55,18197.4,principal
SKU_1648_FLA,2026-02-01,0,0.0,0.0,principal
SKU_1649_FLA,2026-02-01,65,5026.39,15268.5,principal
SKU_1649_GAR,2026-02-01,65,5026.39,15268.5,principal
SKU_1650_OLI,2026-02-01,44,14060.56,44215.6,principal
SKU_1650_EGR,2026-02-01,26,8308.51,26127.4,principal
SKU_1651_PAS,2026-02-01,0,0.0,0.0,principal
SKU_1651_SAL,2026-02-01,0,0.0,0.0,principal
SKU_1652_TEA,2026-02-01,61,4124.64,13413.9,principal
SKU_1652_MOS,2026-02-01,22,1487.58,4837.8,principal
SKU_1653_ROS,2026-02-01,69,7932.03,24833.1,principal
SKU_1653_BAB,2026-02-01,41,4713.24,14755.9,principal
SKU_1654_CRE,2026-02-01,28,2538.87,8677.2,principal
SKU_1654_NAV,2026-02-01,42,3808.31,13015.8,principal
SKU_1655_SNO,2026-02-01,55,11468.71,35469.5,principal
SKU_1655_TEA,2026-02-01,17,3544.87,10963.3,principal
SKU_1656_FUC,2026-02-01,0,0.0,0.0,principal
SKU_1656_SNO,2026-02-01,57,4840.94,13389.3,principal
SKU_1657_SPA,2026-02-01,49,3734.68,10530.1,principal
SKU_1657_EME,2026-02-01,22,1676.8,4727.8,principal
SKU_1658_BAB,2026-02-01,24,8044.79,21117.6,principal
SKU_1658_MYS,2026-02-01,27,9050.39,23757.3,principal
SKU_1659_MOS,2026-02-01,69,23407.69,70718.1,principal
SKU_1659_SNO,2026-02-01,64,21711.48,65593.6,principal
SKU_1660_NAV,2026-02-01,53,5494.25,16689.7,principal
SKU_1660_MAG,2026-02-01,57,5908.91,17949.3,principal
SKU_1661_WHI,2026-02-01,28,9174.39,27717.2,principal
SKU_1661_CER,2026-02-01,40,13106.28,39596.0,principal
SKU_1662_PIS,2026-02-01,49,3039.84,9795.1,principal
SKU_1662_LIG,2026-02-01,49,3039.84,9795.1,principal
SKU_1663_SNO,2026-02-01,34,8678.62,27026.6,principal
SKU_1663_FLA,2026-02-01,48,12252.17,38155.2,principal
SKU_1664_PIN,2026-02-01,74,7368.24,24412.6,principal
SKU_1664_MIN,2026-02-01,18,1792.27,5938.2,principal
SKU_1665_SAG,2026-02-01,0,0.0,0.0,principal
SKU_1665_RAS,2026-02-01,70,5179.83,17493.0,principal
SKU_1666_FUC,2026-02-01,63,17673.45,50393.7,principal
SKU_1666_PAS,2026-02-01,50,14026.55,39995.0,principal
SKU_1667_LIG,2026-02-01,26,1986.04,5457.4,principal
SKU_1667_MID,2026-02-01,64,4888.7,13433.6,principal
SKU_1668_DEN,2026-02-01,61,6385.52,16463.9,principal
SKU_1668_VAN,2026-02-01,0,0.0,0.0,principal
SKU_1669_COR,2026-02-01,23,1773.81,4597.7,principal
SKU_1669_TEA,2026-02-01,56,4318.83,11194.4,principal
SKU_1670_SAP,2026-02-01,74,3549.18,10722.6,principal
SKU_1670_PEA,2026-02-01,0,0.0,0.0,principal
SKU_1671_SEA,2026-02-01,33,3485.04,11546.7,principal
SKU_1671_MIN,2026-02-01,65,6864.47,22743.5,principal
SKU_1672_TEA,2026-02-01,30,2796.09,8847.0,principal
SKU_1672_FOR,2026-02-01,24,2236.87,7077.6,principal
SKU_1673_PEA,2026-02-01,60,8361.53,24594.0,principal
SKU_1673_FUC,2026-02-01,60,8361.53,24594.0,principal
SKU_1674_PAS,2026-02-01,46,3848.56,10575.4,principal
SKU_1674_WHI,2026-02-01,36,3011.91,8276.4,principal
SKU_1675_CRE,2026-02-01,26,6582.73,19887.4,principal
SKU_1675_DEN,2026-02-01,26,6582.73,19887.4,principal
SKU_1676_PIN,2026-02-01,24,1342.35,4077.6,principal
SKU_1676_NAV,2026-02-01,39,2181.31,6626.1,principal
SKU_1677_POW,2026-02-01,35,7734.89,19946.5,principal
SKU_1677_VAN,2026-02-01,56,12375.82,31914.4,principal
SKU_1678_LIG,2026-02-01,50,13185.97,35745.0,principal
SKU_1678_MAG,2026-02-01,56,14768.29,40034.4,principal
SKU_1679_SHO,2026-02-01,56,19290.29,51514.4,principal
SKU_1679_GAR,2026-02-01,0,0.0,0.0,principal
SKU_1680_NAV,2026-02-01,103,11417.75,34494.7,principal
SKU_1680_SEA,2026-02-01,158,17514.6,52914.2,principal
SKU_1681_OFF,2026-02-01,134,10362.1,31476.6,principal
SKU_1681_PIS,2026-02-01,115,8892.84,27013.5,principal
SKU_1682_OLI,2026-02-01,151,13875.33,35469.9,principal
SKU_1682_BIR,2026-02-01,105,9648.41,24664.5,principal
SKU_1683_PAL,2026-02-01,128,15992.29,40307.2,principal
SKU_1683_SHO,2026-02-01,149,18616.03,46920.1,principal
SKU_1684_HON,2026-02-01,122,7466.63,22557.8,principal
SKU_1684_SHO,2026-02-01,103,6303.8,19044.7,principal
SKU_1685_COB,2026-02-01,105,23108.6,69814.5,principal
SKU_1685_BIR,2026-02-01,0,0.0,0.0,principal
SKU_1686_MOS,2026-02-01,122,8219.62,26217.8,principal
SKU_1686_SKY,2026-02-01,78,5255.17,16762.2,principal
SKU_1687_FOR,2026-02-01,0,0.0,0.0,principal
SKU_1687_WHI,2026-02-01,191,53941.38,171880.9,principal
SKU_1688_WHI,2026-02-01,169,21381.81,72653.1,principal
SKU_1688_LIG,2026-02-01,198,25050.87,85120.2,principal
SKU_1689_MAG,2026-02-01,113,35654.02,109033.7,principal
SKU_1689_IVO,2026-02-01,123,38809.24,118682.7,principal
SKU_1690_MAG,2026-02-01,78,15008.79,42112.2,principal
SKU_1690_MYS,2026-02-01,86,16548.15,46431.4,principal
SKU_1691_HUN,2026-02-01,90,9181.72,27891.0,principal
SKU_1691_ROS,2026-02-01,130,13262.48,40287.0,principal
SKU_1692_OLI,2026-02-01,167,12155.41,36723.3,principal
SKU_1692_BLU,2026-02-01,148,10772.46,32545.2,principal
SKU_1693_MEX,2026-02-01,191,12953.98,39135.9,principal
SKU_1693_FLA,2026-02-01,104,7053.48,21309.6,principal
SKU_1694_PIS,2026-02-01,87,8060.28,24351.3,principal
SKU_1694_SER,2026-02-01,145,13433.8,40585.5,principal
SKU_1695_CRE,2026-02-01,113,7542.55,23718.7,principal
SKU_1695_LIM,2026-02-01,79,5273.11,16582.1,principal
SKU_1696_SER,2026-02-01,144,11970.76,40305.6,principal
SKU_1696_SHO,2026-02-01,185,15379.11,51781.5,principal
SKU_1697_PIS,2026-02-01,124,8260.45,27267.6,principal
SKU_1697_MIN,2026-02-01,179,11924.35,39362.1,principal
SKU_1698_PRI,2026-02-01,0,0.0,0.0,principal
SKU_1698_SNO,2026-02-01,0,0.0,0.0,principal
SKU_1699_CLO,2026-02-01,159,17152.49,52454.1,principal
SKU_1699_COB,2026-02-01,153,16505.23,50474.7,principal
SKU_1700_HUN,2026-02-01,154,42294.68,107784.6,principal
SKU_1700_PIS,2026-02-01,122,33506.17,85387.8,principal
SKU_1701_SPA,2026-02-01,128,16539.7,43507.2,principal
SKU_1701_BLU,2026-02-01,119,15376.75,40448.1,principal
SKU_1702_LIG,2026-02-01,179,36728.46,110962.1,principal
SKU_1702_COR,2026-02-01,199,40832.19,123360.1,principal
SKU_1703_PAS,2026-02-01,101,8668.65,27259.9,principal
SKU_1703_BLU,2026-02-01,188,16135.7,50741.2,principal
SKU_1704_BAB,2026-02-01,99,10543.32,33155.1,principal
SKU_1704_PEA,2026-02-01,141,15016.25,47220.9,principal
SKU_1705_SER,2026-02-01,130,17638.0,53287.0,principal
SKU_1705_JAD,2026-02-01,154,20894.24,63124.6,principal
SKU_1706_BLA,2026-02-01,155,9296.74,28659.5,principal
SKU_1706_JAD,2026-02-01,153,9176.79,28289.7,principal
SKU_1707_ARM,2026-02-01,158,11952.47,44224.2,principal
SKU_1707_SAP,2026-02-01,0,0.0,0.0,principal
SKU_1708_FLA,2026-02-01,124,6636.29,21067.6,principal
SKU_1708_FRE,2026-02-01,120,6422.22,20388.0,principal
SKU_1709_CRE,2026-02-01,149,9204.26,31275.1,principal
SKU_1709_MAR,2026-02-01,184,11366.34,38621.6,principal
SKU_1710_OLI,2026-02-01,138,33194.56,111766.2,principal
SKU_1710_MEX,2026-02-01,115,27662.13,93138.5,principal
SKU_1711_VAN,2026-02-01,133,50335.17,132321.7,principal
SKU_1711_ARM,2026-02-01,107,40495.22,106454.3,principal
SKU_1712_NAV,2026-02-01,175,10420.71,31482.5,principal
SKU_1712_MOS,2026-02-01,167,9944.33,30043.3,principal
SKU_1713_SAL,2026-02-01,159,26572.38,80279.1,principal
SKU_1713_SNO,2026-02-01,176,29413.45,88862.4,principal
SKU_1714_DEE,2026-02-01,103,9986.69,31404.7,principal
SKU_1714_MID,2026-02-01,137,13283.27,41771.3,principal
SKU_1715_HON,2026-02-01,123,8601.17,27047.7,principal
SKU_1715_JAD,2026-02-01,0,0.0,0.0,principal
SKU_1716_AQU,2026-02-01,0,0.0,0.0,principal
SKU_1716_SAL,2026-02-01,87,4722.8,14346.3,principal
SKU_1717_MIN,2026-02-01,120,9194.53,31188.0,principal
SKU_1717_CRE,2026-02-01,75,5746.58,19492.5,principal
SKU_1718_DUS,2026-02-01,118,13006.29,43648.2,principal
SKU_1718_SEA,2026-02-01,0,0.0,0.0,principal
SKU_1719_OFF,2026-02-01,174,15880.54,55662.6,principal
SKU_1719_WHI,2026-02-01,134,12229.84,42866.6,principal
SKU_1720_PAL,2026-02-01,160,10687.25,35984.0,principal
SKU_1720_PAS,2026-02-01,150,10019.3,33735.0,principal
SKU_1721_COR,2026-02-01,104,16611.92,43669.6,principal
SKU_1721_FRE,2026-02-01,173,27633.28,72642.7,principal
SKU_1722_AQU,2026-02-01,192,20648.04,62380.8,principal
SKU_1722_PAS,2026-02-01,110,11829.61,35739.0,principal
SKU_1723_MOS,2026-02-01,78,11228.25,33922.2,principal
SKU_1723_COB,2026-02-01,121,17418.18,52622.9,principal
SKU_1724_PIN,2026-02-01,124,43962.74,138247.6,principal
SKU_1724_PEA,2026-02-01,160,56726.11,178384.0,principal
SKU_1725_BAB,2026-02-01,0,0.0,0.0,principal
SKU_1725_OFF,2026-02-01,116,9033.87,28408.4,principal
SKU_1726_PAS,2026-02-01,202,28587.66,86839.8,principal
SKU_1726_BUB,2026-02-01,110,15567.54,47289.0,principal
SKU_1727_LIG,2026-02-01,95,4431.57,14715.5,principal
SKU_1727_WHI,2026-02-01,97,4524.87,15025.3,principal
SKU_1728_MID,2026-02-01,126,13048.84,41567.4,principal
SKU_1728_EGR,2026-02-01,0,0.0,0.0,principal
SKU_1729_FUC,2026-02-01,85,4375.21,14866.5,principal
SKU_1729_CLE,2026-02-01,154,7926.85,26934.6,principal
SKU_1730_OFF,2026-02-01,178,16911.83,56942.2,principal
SKU_1730_MIN,2026-02-01,181,17196.86,57901.9,principal
SKU_1731_MIN,2026-02-01,0,0.0,0.0,principal
SKU_1731_ARM,2026-02-01,85,29420.71,77341.5,principal
SKU_1732_OFF,2026-02-01,0,0.0,0.0,principal
SKU_1732_WHI,2026-02-01,130,47713.26,144937.0,principal
SKU_1733_NAV,2026-02-01,193,22352.66,67530.7,principal
SKU_1733_SAG,2026-02-01,101,11697.51,35339.9,principal
SKU_1734_FRE,2026-02-01,179,19917.01,62632.1,principal
SKU_1734_BRI,2026-02-01,154,17135.3,53884.6,principal
SKU_1735_MOS,2026-02-01,203,18036.77,54789.7,principal
SKU_1735_COR,2026-02-01,155,13771.92,41834.5,principal
SKU_1736_PAS,2026-02-01,132,14118.33,42886.8,principal
SKU_1736_JAD,2026-02-01,102,10909.62,33139.8,principal
SKU_1737_SAG,2026-02-01,0,0.0,0.0,principal
SKU_1737_DEE,2026-02-01,163,41538.41,125493.7,principal
SKU_1738_BLU,2026-02-01,122,7870.45,23777.8,principal
SKU_1738_ROY,2026-02-01,139,8967.15,27091.1,principal
SKU_1739_AQU,2026-02-01,174,14600.88,44352.6,principal
SKU_1739_MOS,2026-02-01,102,8559.13,25999.8,principal
SKU_1740_FRE,2026-02-01,114,8064.94,24498.6,principal
SKU_1740_OLI,2026-02-01,161,11389.96,34598.9,principal
SKU_1741_PEA,2026-02-01,125,9871.89,29987.5,principal
SKU_1741_PIN,2026-02-01,107,8450.33,25669.3,principal
SKU_1742_DEN,2026-02-01,143,12301.85,37165.7,principal
SKU_1742_EME,2026-02-01,0,0.0,0.0,principal
SKU_1743_DEE,2026-02-01,192,26858.53,84460.8,principal
SKU_1743_CLO,2026-02-01,0,0.0,0.0,principal
SKU_1744_LIG,2026-02-01,187,16307.35,49536.3,principal
SKU_1744_EME,2026-02-01,107,9330.94,28344.3,principal
SKU_1745_PEA,2026-02-01,164,22130.01,67223.6,principal
SKU_1745_FOR,2026-02-01,151,20375.8,61894.9,principal
SKU_1746_EME,2026-02-01,174,10304.82,31302.6,principal
SKU_1746_NAV,2026-02-01,157,9298.02,28244.3,principal
SKU_1747_FUC,2026-02-01,103,5728.67,18014.7,principal
SKU_1747_TEA,2026-02-01,0,0.0,0.0,principal
SKU_1748_BAB,2026-02-01,94,8957.37,29130.6,principal
SKU_1748_COB,2026-02-01,0,0.0,0.0,principal
SKU_1749_SNO,2026-02-01,75,7570.17,26242.5,principal
SKU_1749_BIR,2026-02-01,172,17360.93,60182.8,principal
SKU_1750_MIN,2026-02-01,98,9689.68,36250.2,principal
SKU_1750_SNO,2026-02-01,118,11667.16,43648.2,principal
SKU_1751_BLU,2026-02-01,134,13129.36,44206.6,principal
SKU_1751_MIN,2026-02-01,103,10091.97,33979.7,principal
SKU_1752_SNO,2026-02-01,129,19764.91,55457.1,principal
SKU_1752_SPA,2026-02-01,135,20684.21,58036.5,principal
SKU_1753_WHI,2026-02-01,86,25824.8,67931.4,principal
SKU_1753_PAL,2026-02-01,178,53451.33,140602.2,principal
SKU_1754_IVO,2026-02-01,0,0.0,0.0,principal
SKU_1754_SER,2026-02-01,129,14513.39,43847.1,principal
SKU_1755_BIR,2026-02-01,98,10804.41,32820.2,principal
SKU_1755_AQU,2026-02-01,171,18852.59,57267.9,principal
SKU_1756_FLA,2026-02-01,91,5205.95,16370.9,principal
SKU_1756_BUB,2026-02-01,0,0.0,0.0,principal
SKU_1757_PIN,2026-02-01,160,13478.11,42384.0,principal
SKU_1757_TUR,2026-02-01,84,7076.01,22251.6,principal
SKU_1758_CLO,2026-02-01,162,7963.25,29143.8,principal
SKU_1758_HON,2026-02-01,131,6439.42,23566.9,principal
SKU_1759_CLE,2026-02-01,129,10588.23,34817.1,principal
SKU_1759_COB,2026-02-01,137,11244.86,36976.3,principal
SKU_1760_PAS,2026-02-01,86,6324.92,21491.4,principal
SKU_1760_OFF,2026-02-01,148,10884.74,36985.2,principal
SKU_1761_MOS,2026-02-01,193,67598.89,213245.7,principal
SKU_1761_SAP,2026-02-01,107,37477.1,118224.3,principal
SKU_1762_DEN,2026-02-01,0,0.0,0.0,principal
SKU_1762_BRI,2026-02-01,133,12082.57,33901.7,principal
SKU_1763_MAR,2026-02-01,0,0.0,0.0,principal
SKU_1763_HOT,2026-02-01,95,9430.36,28490.5,principal
SKU_1764_FUC,2026-02-01,156,12063.34,36644.4,principal
SKU_1764_MAR,2026-02-01,148,11444.7,34765.2,principal
SKU_1765_MYS,2026-02-01,94,7768.93,24430.6,principal
SKU_1765_PAS,2026-02-01,76,6281.26,19752.4,principal
SKU_1766_CLE,2026-02-01,111,13939.18,43833.9,principal
SKU_1766_MYS,2026-02-01,184,23106.39,72661.6,principal
SKU_1767_PRI,2026-02-01,107,6971.93,21924.3,principal
SKU_1767_FUC,2026-02-01,0,0.0,0.0,principal
SKU_1768_PEA,2026-02-01,0,0.0,0.0,principal
SKU_1768_MIN,2026-02-01,129,24020.79,80612.1,principal
SKU_1769_WHI,2026-02-01,193,17692.41,62705.7,principal
SKU_1769_EME,2026-02-01,0,0.0,0.0,principal
SKU_1770_JAD,2026-02-01,130,8413.15,28587.0,principal
SKU_1770_DEE,2026-02-01,135,8736.74,29686.5,principal
SKU_1771_PIN,2026-02-01,150,12993.34,39735.0,principal
SKU_1771_EME,2026-02-01,134,11607.39,35496.6,principal
SKU_1772_BLU,2026-02-01,127,20676.46,52692.3,principal
SKU_1772_SNO,2026-02-01,0,0.0,0.0,principal
SKU_1773_OLI,2026-02-01,151,16150.52,49059.9,principal
SKU_1773_FRE,2026-02-01,139,14867.03,45161.1,principal
SKU_1774_COB,2026-02-01,0,0.0,0.0,principal
SKU_1774_MOS,2026-02-01,77,5017.18,15777.3,principal
SKU_1775_PAS,2026-02-01,99,9122.16,27710.1,principal
SKU_1775_PAL,2026-02-01,110,10135.74,30789.0,principal
SKU_1776_BIR,2026-02-01,0,0.0,0.0,principal
SKU_1776_PAS,2026-02-01,0,0.0,0.0,principal
SKU_1777_TUR,2026-02-01,0,0.0,0.0,principal
SKU_1777_FRE,2026-02-01,155,11824.67,37184.5,principal
SKU_1778_TEA,2026-02-01,0,0.0,0.0,principal
SKU_1778_MIN,2026-02-01,183,17257.25,52136.7,principal
SKU_1779_LIG,2026-02-01,134,9479.84,28796.6,principal
SKU_1779_MIN,2026-02-01,171,12097.41,36747.9,principal
SKU_1780_AQU,2026-02-01,151,16738.64,50569.9,principal
SKU_1780_LIG,2026-02-01,179,19842.49,59947.1,principal
SKU_1781_CLE,2026-02-01,93,3841.66,12080.7,principal
SKU_1781_AQU,2026-02-01,161,6650.62,20913.9,principal
SKU_1782_NAV,2026-02-01,0,0.0,0.0,principal
SKU_1782_HUN,2026-02-01,85,7030.94,21241.5,principal
SKU_1783_EGR,2026-02-01,0,0.0,0.0,principal
SKU_1783_BAB,2026-02-01,191,72879.53,229180.9,principal
SKU_1784_EGR,2026-02-01,185,18976.73,57331.5,principal
SKU_1784_BLA,2026-02-01,178,18258.69,55162.2,principal
SKU_1785_HUN,2026-02-01,175,13628.69,42857.5,principal
SKU_1785_PAS,2026-02-01,130,10124.17,31837.0,principal
SKU_1786_TEA,2026-02-01,0,0.0,0.0,principal
SKU_1786_POW,2026-02-01,113,6692.21,20328.7,principal
SKU_1787_BAB,2026-02-01,213,19636.09,61748.7,principal
SKU_1787_BAB,2026-02-01,213,19636.09,61748.7,principal
SKU_1788_EME,2026-02-01,96,7940.82,23990.4,principal
SKU_1788_MYS,2026-02-01,169,13979.16,42233.1,principal
SKU_1789_SNO,2026-02-01,155,12731.08,41834.5,principal
SKU_1789_EME,2026-02-01,143,11745.44,38595.7,principal
SKU_1790_EGR,2026-02-01,0,0.0,0.0,principal
SKU_1790_ROY,2026-02-01,88,6588.96,22871.2,principal
SKU_1791_ARM,2026-02-01,167,11824.9,44238.3,principal
SKU_1791_IVO,2026-02-01,158,11187.63,41854.2,principal
SKU_1792_MIN,2026-02-01,152,19858.85,66864.8,principal
SKU_1792_AQU,2026-02-01,127,16592.59,55867.3,principal
SKU_1793_WHI,2026-02-01,98,6489.38,18610.2,principal
SKU_1793_MIN,2026-02-01,0,0.0,0.0,principal
SKU_1794_FLA,2026-02-01,81,6467.52,17001.9,principal
SKU_1794_LIG,2026-02-01,108,8623.36,22669.2,principal
SKU_1795_RAS,2026-02-01,96,9477.8,28790.4,principal
SKU_1795_HUN,2026-02-01,114,11254.89,34188.6,principal
SKU_1796_OLI,2026-02-01,0,0.0,0.0,principal
SKU_1796_SHO,2026-02-01,165,27425.16,83308.5,principal
SKU_1797_GAR,2026-02-01,0,0.0,0.0,principal
SKU_1797_BLU,2026-02-01,0,0.0,0.0,principal
SKU_1798_OFF,2026-02-01,98,12809.81,41150.2,principal
SKU_1798_MOS,2026-02-01,172,22482.52,72222.8,principal
SKU_1799_DEN,2026-02-01,161,12788.48,43453.9,principal
SKU_1799_POW,2026-02-01,177,14059.39,47772.3,principal
SKU_1800_SKY,2026-02-01,164,13633.37,45903.6,principal
SKU_1800_MOS,2026-02-01,98,8146.77,27430.2,principal
SKU_1801_MOS,2026-02-01,132,19418.62,49486.8,principal
SKU_1801_FLA,2026-02-01,185,27215.49,69356.5,principal
SKU_1802_OLI,2026-02-01,76,18738.7,56612.4,principal
SKU_1802_DEN,2026-02-01,12,2958.74,8938.8,principal
SKU_1803_DUS,2026-02-01,59,3903.85,11794.1,principal
SKU_1803_SER,2026-02-01,85,5624.19,16991.5,principal
SKU_1804_SPA,2026-02-01,79,11830.49,35937.1,principal
SKU_1804_SEA,2026-02-01,71,10632.47,32297.9,principal
SKU_1805_BLU,2026-02-01,65,12476.55,37693.5,principal
SKU_1805_WHI,2026-02-01,69,13244.34,40013.1,principal
SKU_1806_ROS,2026-02-01,103,6608.59,20074.7,principal
SKU_1806_EME,2026-02-01,76,4876.24,14812.4,principal
SKU_1807_IVO,2026-02-01,3,408.59,1364.7,principal
SKU_1807_BLU,2026-02-01,67,9125.24,30478.3,principal
SKU_1808_SNO,2026-02-01,63,17634.63,60473.7,principal
SKU_1808_PAS,2026-02-01,89,24912.42,85431.1,principal
SKU_1809_PRI,2026-02-01,74,5064.82,17752.6,principal
SKU_1809_SHO,2026-02-01,81,5543.92,19431.9,principal
SKU_1810_OFF,2026-02-01,80,4055.06,12792.0,principal
SKU_1810_COB,2026-02-01,56,2838.54,8954.4,principal
SKU_1811_BLU,2026-02-01,78,21115.91,53812.2,principal
SKU_1811_PIN,2026-02-01,55,14889.42,37944.5,principal
SKU_1812_BRI,2026-02-01,54,13546.85,35634.6,principal
SKU_1812_HOT,2026-02-01,57,14299.45,37614.3,principal
SKU_1813_BLU,2026-02-01,83,7002.87,21156.7,principal
SKU_1813_RAS,2026-02-01,69,5821.66,17588.1,principal
SKU_1814_PRI,2026-02-01,73,9129.6,27732.7,principal
SKU_1814_PAS,2026-02-01,68,8504.29,25833.2,principal
SKU_1815_WHI,2026-02-01,71,10338.09,31232.9,principal
SKU_1815_LIM,2026-02-01,79,11502.95,34752.1,principal
SKU_1816_MOS,2026-02-01,70,5528.26,16793.0,principal
SKU_1816_WHI,2026-02-01,86,6791.86,20631.4,principal
SKU_1817_BUB,2026-02-01,48,2894.76,10555.2,principal
SKU_1817_PRI,2026-02-01,7,422.15,1539.3,principal
SKU_1818_BRI,2026-02-01,83,4671.16,17006.7,principal
SKU_1818_EGR,2026-02-01,87,4896.27,17826.3,principal
SKU_1819_AQU,2026-02-01,82,7559.73,28281.8,principal
SKU_1819_DEE,2026-02-01,78,7190.96,26902.2,principal
SKU_1820_PEA,2026-02-01,12,1033.2,3478.8,principal
SKU_1820_SPA,2026-02-01,0,0.0,0.0,principal
SKU_1821_BUB,2026-02-01,57,5381.39,15099.3,principal
SKU_1821_NAV,2026-02-01,65,6136.67,17218.5,principal
SKU_1822_ARM,2026-02-01,79,8103.58,24482.1,principal
SKU_1822_SEA,2026-02-01,99,10155.11,30680.1,principal
SKU_1823_MIN,2026-02-01,0,0.0,0.0,principal
SKU_1823_COR,2026-02-01,70,4515.83,13643.0,principal
SKU_1824_COR,2026-02-01,78,9241.37,28072.2,principal
SKU_1824_BLU,2026-02-01,100,11847.91,35990.0,principal
SKU_1825_MIN,2026-02-01,129,7427.44,22562.1,principal
SKU_1825_MIN,2026-02-01,129,7427.44,22562.1,principal
SKU_1826_SAP,2026-02-01,55,8827.6,26669.5,principal
SKU_1826_IVO,2026-02-01,91,14605.67,44125.9,principal
SKU_1827_PRI,2026-02-01,84,5206.17,16371.6,principal
SKU_1827_BUB,2026-02-01,64,3966.6,12473.6,principal
SKU_1828_FLA,2026-02-01,92,7457.69,22530.8,principal
SKU_1828_CER,2026-02-01,76,6160.7,18612.4,principal
SKU_1829_MOS,2026-02-01,99,8516.66,25730.1,principal
SKU_1829_HUN,2026-02-01,77,6624.07,20012.3,principal
SKU_1830_IVO,2026-02-01,88,7570.37,22871.2,principal
SKU_1830_NAV,2026-02-01,59,5075.59,15334.1,principal
SKU_1831_MID,2026-02-01,79,8709.68,26457.1,principal
SKU_1831_HOT,2026-02-01,66,7276.44,22103.4,principal
SKU_1832_COR,2026-02-01,72,6752.03,21232.8,principal
SKU_1832_MIN,2026-02-01,82,7689.81,24181.8,principal
SKU_1833_NAV,2026-02-01,77,5629.33,17702.3,principal
SKU_1833_LIG,2026-02-01,70,5117.57,16093.0,principal
SKU_1834_SAL,2026-02-01,85,11251.19,33991.5,principal
SKU_1834_MAG,2026-02-01,52,6883.08,20794.8,principal
SKU_1835_BIR,2026-02-01,80,4896.15,14792.0,principal
SKU_1835_BAB,2026-02-01,105,6426.2,19414.5,principal
SKU_1836_CRE,2026-02-01,49,11139.57,35030.1,principal
SKU_1836_MID,2026-02-01,64,14549.64,45753.6,principal
SKU_1837_SAP,2026-02-01,88,7239.5,21991.2,principal
SKU_1837_EGR,2026-02-01,0,0.0,0.0,principal
SKU_1838_DEN,2026-02-01,69,6538.86,22073.1,principal
SKU_1838_BAL,2026-02-01,97,9192.31,31030.3,principal
SKU_1839_DUS,2026-02-01,54,4729.06,15924.6,principal
SKU_1839_BAB,2026-02-01,72,6305.41,21232.8,principal
SKU_1840_FOR,2026-02-01,0,0.0,0.0,principal
SKU_1840_LIM,2026-02-01,83,5088.81,17836.7,principal
SKU_1841_WHI,2026-02-01,0,0.0,0.0,principal
SKU_1841_LIM,2026-02-01,78,3695.82,11302.2,principal
SKU_1842_SAG,2026-02-01,92,17538.73,49210.8,principal
SKU_1842_POW,2026-02-01,88,16776.18,47071.2,principal
SKU_1843_BIR,2026-02-01,84,8477.44,25611.6,principal
SKU_1843_NAV,2026-02-01,65,6559.92,19818.5,principal
SKU_1844_BAL,2026-02-01,91,7527.24,22740.9,principal
SKU_1844_MOS,2026-02-01,64,5293.88,15993.6,principal
SKU_1845_BAL,2026-02-01,0,0.0,0.0,principal
SKU_1845_TUR,2026-02-01,109,29581.17,89369.1,principal
SKU_1846_PAS,2026-02-01,77,8567.65,26942.3,principal
SKU_1846_SEA,2026-02-01,86,9569.07,30091.4,principal
SKU_1847_PAS,2026-02-01,75,6663.83,20242.5,principal
SKU_1847_MYS,2026-02-01,85,7552.34,22941.5,principal
SKU_1848_BAL,2026-02-01,73,4799.67,16052.7,principal
SKU_1848_ARM,2026-02-01,103,6772.13,22649.7,principal
SKU_1849_BAB,2026-02-01,76,7826.45,25072.4,principal
SKU_1849_GAR,2026-02-01,80,8238.37,26392.0,principal
SKU_1850_DEE,2026-02-01,73,4402.05,14957.7,principal
SKU_1850_PRI,2026-02-01,95,5728.7,19465.5,principal
SKU_1851_DEE,2026-02-01,71,4989.33,15257.9,principal
SKU_1851_BLU,2026-02-01,72,5059.61,15472.8,principal
SKU_1852_BLA,2026-02-01,80,15212.96,39992.0,principal
SKU_1852_FOR,2026-02-01,80,15212.96,39992.0,principal
SKU_1853_ROS,2026-02-01,67,19957.08,60293.3,principal
SKU_1853_BLU,2026-02-01,0,0.0,0.0,principal
SKU_1854_NAV,2026-02-01,92,5630.57,17010.8,principal
SKU_1854_MID,2026-02-01,84,5140.96,15531.6,principal
SKU_1855_FLA,2026-02-01,89,7780.22,24466.1,principal
SKU_1855_AQU,2026-02-01,73,6381.53,20067.7,principal
SKU_1856_FLA,2026-02-01,78,8342.65,25342.2,principal
SKU_1856_PAS,2026-02-01,81,8663.52,26316.9,principal
SKU_1857_PAS,2026-02-01,79,6239.03,18952.1,principal
SKU_1857_IVO,2026-02-01,79,6239.03,18952.1,principal
SKU_1858_OLI,2026-02-01,69,17680.01,62093.1,principal
SKU_1858_IVO,2026-02-01,13,3331.02,11698.7,principal
SKU_1859_LIG,2026-02-01,91,11944.96,39120.9,principal
SKU_1859_PEA,2026-02-01,63,8269.59,27083.7,principal
SKU_1860_BLA,2026-02-01,64,5472.59,20473.6,principal
SKU_1860_SPA,2026-02-01,58,4959.54,18554.2,principal
SKU_1861_DEE,2026-02-01,90,5209.68,17541.0,principal
SKU_1861_SAP,2026-02-01,99,5730.64,19295.1,principal
SKU_1862_PAS,2026-02-01,0,0.0,0.0,principal
SKU_1862_PIN,2026-02-01,64,5129.88,14393.6,principal
SKU_1863_MOS,2026-02-01,91,7677.84,23195.9,principal
SKU_1863_POW,2026-02-01,80,6749.75,20392.0,principal
SKU_1864_VAN,2026-02-01,62,3349.75,10533.8,principal
SKU_1864_BRI,2026-02-01,69,3727.95,11723.1,principal
SKU_1865_POW,2026-02-01,87,6913.73,21741.3,principal
SKU_1865_CRE,2026-02-01,3,238.4,749.7,principal
SKU_1866_ROS,2026-02-01,70,7527.93,22743.0,principal
SKU_1866_DUS,2026-02-01,84,9033.52,27291.6,principal
SKU_1867_TEA,2026-02-01,73,4803.92,14592.7,principal
SKU_1867_LIG,2026-02-01,66,4343.27,13193.4,principal
SKU_1868_ARM,2026-02-01,44,11504.1,34755.6,principal
SKU_1868_SEA,2026-02-01,84,21962.38,66351.6,principal
SKU_1869_CRE,2026-02-01,86,13397.79,42131.4,principal
SKU_1869_AQU,2026-02-01,78,12151.48,38212.2,principal
SKU_1870_SAG,2026-02-01,70,5326.78,16093.0,principal
SKU_1870_AQU,2026-02-01,0,0.0,0.0,principal
SKU_1871_WHI,2026-02-01,93,6153.52,18590.7,principal
SKU_1871_SNO,2026-02-01,0,0.0,0.0,principal
SKU_1872_FRE,2026-02-01,88,24901.53,75231.2,principal
SKU_1872_SAP,2026-02-01,89,25184.5,76086.1,principal
SKU_1873_BAB,2026-02-01,94,13998.19,42290.6,principal
SKU_1873_BLA,2026-02-01,97,14444.94,43640.3,principal
SKU_1874_JAD,2026-02-01,11,800.66,2418.9,principal
SKU_1874_GAR,2026-02-01,90,6550.82,19791.0,principal
SKU_1875_BAB,2026-02-01,63,3627.36,11018.7,principal
SKU_1875_BIR,2026-02-01,81,4663.74,14166.9,principal
SKU_1876_AQU,2026-02-01,0,0.0,0.0,principal
SKU_1876_CLO,2026-02-01,94,6219.69,18790.6,principal
SKU_1877_SAP,2026-02-01,67,12248.82,38518.3,principal
SKU_1877_TEA,2026-02-01,64,11700.36,36793.6,principal
SKU_1878_SEA,2026-02-01,0,0.0,0.0,principal
SKU_1878_ROS,2026-02-01,54,7820.01,23754.6,principal
SKU_1879_COR,2026-02-01,14,1224.42,4268.6,principal
SKU_1879_WHI,2026-02-01,60,5247.5,18294.0,principal
SKU_1880_DUS,2026-02-01,99,25818.89,84140.1,principal
SKU_1880_TUR,2026-02-01,95,24775.71,80740.5,principal
SKU_1881_CLO,2026-02-01,1,69.87,244.9,principal
SKU_1881_SNO,2026-02-01,74,5170.38,18122.6,principal
SKU_1882_TUR,2026-02-01,84,6589.57,20151.6,principal
SKU_1882_SPA,2026-02-01,83,6511.13,19911.7,principal
SKU_1883_ARM,2026-02-01,105,7714.86,23614.5,principal
SKU_1883_BLU,2026-02-01,0,0.0,0.0,principal
SKU_1884_NAV,2026-02-01,77,9327.81,26172.3,principal
SKU_1884_FOR,2026-02-01,85,10296.93,28891.5,principal
SKU_1885_BLA,2026-02-01,69,12559.17,37943.1,principal
SKU_1885_MAG,2026-02-01,90,16381.52,49491.0,principal
SKU_1886_BAL,2026-02-01,87,5668.76,17826.3,principal
SKU_1886_CLO,2026-02-01,0,0.0,0.0,principal
SKU_1887_PAS,2026-02-01,77,5067.15,15392.3,principal
SKU_1887_CLE,2026-02-01,0,0.0,0.0,principal
SKU_1888_SEA,2026-02-01,77,4732.98,15392.3,principal
SKU_1888_NAV,2026-02-01,84,5163.25,16791.6,principal
SKU_1889_MAR,2026-02-01,91,7125.35,24560.9,principal
SKU_1889_BIR,2026-02-01,96,7516.86,25910.4,principal
SKU_1890_TEA,2026-02-01,0,0.0,0.0,principal
SKU_1890_ROY,2026-02-01,70,5385.39,17843.0,principal
SKU_1891_MAR,2026-02-01,66,7040.21,21773.4,principal
SKU_1891_BUB,2026-02-01,59,6293.52,19464.1,principal
SKU_1892_AQU,2026-02-01,73,6949.47,21162.7,principal
SKU_1892_ROS,2026-02-01,68,6473.48,19713.2,principal
SKU_1893_BIR,2026-02-01,79,19431.73,49762.1,principal
SKU_1893_TEA,2026-02-01,68,16726.04,42833.2,principal
SKU_1894_IVO,2026-02-01,91,8235.23,25015.9,principal
SKU_1894_AQU,2026-02-01,78,7058.77,21442.2,principal
SKU_1895_PAS,2026-02-01,91,5870.58,17735.9,principal
SKU_1895_BRI,2026-02-01,61,3935.23,11888.9,principal
SKU_1896_ARM,2026-02-01,113,37773.29,114118.7,principal
SKU_1896_PAS,2026-02-01,87,29082.09,87861.3,principal
SKU_1897_JAD,2026-02-01,92,6872.23,21610.8,principal
SKU_1897_SHO,2026-02-01,81,6050.55,19026.9,principal
SKU_1898_EME,2026-02-01,77,10856.31,37337.3,principal
SKU_1898_WHI,2026-02-01,61,8600.45,29578.9,principal
SKU_1899_SAG,2026-02-01,0,0.0,0.0,principal
SKU_1899_SAP,2026-02-01,83,5810.83,18666.7,principal
SKU_1900_HON,2026-02-01,68,8453.89,28893.2,principal
SKU_1900_FRE,2026-02-01,60,7459.31,25494.0,principal
SKU_1901_LIM,2026-02-01,59,4380.15,13859.1,principal
SKU_1901_MIN,2026-02-01,72,5345.27,16912.8,principal
SKU_1902_BLU,2026-02-01,62,17493.39,51453.8,principal
SKU_1902_HOT,2026-02-01,90,25393.63,74691.0,principal
SKU_1903_PAS,2026-02-01,80,9604.47,26392.0,principal
SKU_1903_DUS,2026-02-01,87,10444.86,28701.3,principal
SKU_1904_SNO,2026-02-01,79,21383.83,58847.1,principal
SKU_1904_CLE,2026-02-01,0,0.0,0.0,principal
SKU_1905_WHI,2026-02-01,84,10006.66,30231.6,principal
SKU_1905_PRI,2026-02-01,92,10959.67,33110.8,principal
SKU_1906_SHO,2026-02-01,71,6930.44,20937.9,principal
SKU_1906_NAV,2026-02-01,88,8589.85,25951.2,principal
SKU_1907_BLA,2026-02-01,0,0.0,0.0,principal
SKU_1907_TEA,2026-02-01,70,5630.33,19243.0,principal
SKU_1908_BLA,2026-02-01,0,0.0,0.0,principal
SKU_1908_MID,2026-02-01,67,6247.4,21098.3,principal
SKU_1909_SPA,2026-02-01,71,10860.03,31942.9,principal
SKU_1909_PEA,2026-02-01,53,8106.78,23844.7,principal
SKU_1910_MID,2026-02-01,90,23011.46,67491.0,principal
SKU_1910_MYS,2026-02-01,5,1278.41,3749.5,principal
SKU_1911_RAS,2026-02-01,79,6584.56,16977.1,principal
SKU_1911_LIG,2026-02-01,86,7168.0,18481.4,principal
SKU_1912_PAS,2026-02-01,92,11657.24,35410.8,principal
SKU_1912_MEX,2026-02-01,59,7475.84,22709.1,principal
SKU_1913_PIS,2026-02-01,89,6302.11,17346.1,principal
SKU_1913_MYS,2026-02-01,67,4744.29,13058.3,principal
SKU_1914_SNO,2026-02-01,95,7005.4,18990.5,principal
SKU_1914_BIR,2026-02-01,55,4055.76,10994.5,principal
SKU_1915_SPA,2026-02-01,67,29226.28,78048.3,principal
SKU_1915_DUS,2026-02-01,60,26172.78,69894.0,principal
SKU_1916_TUR,2026-02-01,68,5737.29,17333.2,principal
SKU_1916_HOT,2026-02-01,78,6581.01,19882.2,principal
SKU_1917_IVO,2026-02-01,75,9306.89,28117.5,principal
SKU_1917_LIG,2026-02-01,67,8314.16,25118.3,principal
SKU_1918_SKY,2026-02-01,82,5425.69,16391.8,principal
SKU_1918_WHI,2026-02-01,0,0.0,0.0,principal
SKU_1919_COB,2026-02-01,80,18003.75,54392.0,principal
SKU_1919_PEA,2026-02-01,82,18453.85,55751.8,principal
SKU_1920_NAV,2026-02-01,81,6796.96,20646.9,principal
SKU_1920_GAR,2026-02-01,0,0.0,0.0,principal
SKU_1921_PIN,2026-02-01,88,6993.2,21991.2,principal
SKU_1921_VAN,2026-02-01,72,5721.71,17992.8,principal
SKU_1922_TEA,2026-02-01,58,11838.67,40304.2,principal
SKU_1922_BLU,2026-02-01,67,13675.71,46558.3,principal
SKU_1923_TUR,2026-02-01,92,5136.94,17470.8,principal
SKU_1923_PEA,2026-02-01,109,6086.16,20699.1,principal
SKU_1924_BIR,2026-02-01,74,14044.76,47722.6,principal
SKU_1924_TEA,2026-02-01,94,17840.64,60620.6,principal
SKU_1925_PIN,2026-02-01,66,7634.44,24083.4,principal
SKU_1925_PRI,2026-02-01,94,10873.29,34300.6,principal
SKU_1926_SHO,2026-02-01,0,0.0,0.0,principal
SKU_1926_IVO,2026-02-01,65,6673.55,17543.5,principal
SKU_1927_CER,2026-02-01,78,8892.78,23392.2,principal
SKU_1927_FUC,2026-02-01,86,9804.86,25791.4,principal
SKU_1928_COR,2026-02-01,79,8189.54,24877.1,principal
SKU_1928_BLU,2026-02-01,88,9122.53,27711.2,principal
SKU_1929_COB,2026-02-01,89,8640.22,26246.1,principal
SKU_1929_PEA,2026-02-01,93,9028.54,27425.7,principal
SKU_1930_GAR,2026-02-01,4,873.71,2639.6,principal
SKU_1930_SHO,2026-02-01,103,22497.97,67969.7,principal
SKU_1931_MID,2026-02-01,21,5149.64,15642.9,principal
SKU_1931_COR,2026-02-01,2,490.44,1489.8,principal
SKU_1932_NAV,2026-02-01,79,4572.94,15397.1,principal
SKU_1932_COB,2026-02-01,84,4862.37,16371.6,principal
SKU_1933_GAR,2026-02-01,66,4799.46,14843.4,principal
SKU_1933_SNO,2026-02-01,87,6326.57,19566.3,principal
SKU_1934_HON,2026-02-01,81,5627.17,21051.9,principal
SKU_1934_COB,2026-02-01,78,5418.76,20272.2,principal
SKU_1935_DEN,2026-02-01,86,4904.43,15471.4,principal
SKU_1935_HOT,2026-02-01,84,4790.38,15111.6,principal
SKU_1936_HON,2026-02-01,94,4791.44,12210.6,principal
SKU_1936_WHI,2026-02-01,0,0.0,0.0,principal
SKU_1937_BUB,2026-02-01,69,4793.91,14483.1,principal
SKU_1937_MIN,2026-02-01,80,5558.15,16792.0,principal
SKU_1938_CRE,2026-02-01,75,22340.02,67492.5,principal
SKU_1938_PAS,2026-02-01,0,0.0,0.0,principal
SKU_1939_ROS,2026-02-01,79,4017.01,12632.1,principal
SKU_1939_LIG,2026-02-01,75,3813.61,11992.5,principal
SKU_1940_HUN,2026-02-01,96,34286.31,104150.4,principal
SKU_1940_BIR,2026-02-01,74,26429.03,80282.6,principal
SKU_1941_MIN,2026-02-01,168,58065.35,176383.2,principal
SKU_1941_MIN,2026-02-01,168,58065.35,176383.2,principal
SKU_1942_MYS,2026-02-01,78,29980.48,92422.2,principal
SKU_1942_SAL,2026-02-01,89,34208.49,105456.1,principal
SKU_1943_FUC,2026-02-01,85,6863.13,23791.5,principal
SKU_1943_AQU,2026-02-01,101,8155.02,28269.9,principal
SKU_1944_FUC,2026-02-01,86,10902.07,34391.4,principal
SKU_1944_PIS,2026-02-01,84,10648.54,33591.6,principal
SKU_1945_BAB,2026-02-01,69,4363.91,14828.1,principal
SKU_1945_BRI,2026-02-01,0,0.0,0.0,principal
SKU_1946_PEA,2026-02-01,76,9754.85,30772.4,principal
SKU_1946_BUB,2026-02-01,0,0.0,0.0,principal
SKU_1947_SKY,2026-02-01,67,11211.64,29473.3,principal
SKU_1947_CLE,2026-02-01,103,17235.81,45309.7,principal
SKU_1948_WHI,2026-02-01,72,4738.11,14392.8,principal
SKU_1948_PAL,2026-02-01,58,3816.81,11594.2,principal
SKU_1949_VAN,2026-02-01,65,3528.53,10718.5,principal
SKU_1949_SKY,2026-02-01,79,4288.52,13027.1,principal
SKU_1950_BLU,2026-02-01,101,13325.76,41904.9,principal
SKU_1950_FLA,2026-02-01,76,10027.3,31532.4,principal
SKU_1951_COR,2026-02-01,62,5202.61,15803.8,principal
SKU_1951_GAR,2026-02-01,66,5538.26,16823.4,principal
SKU_1952_TUR,2026-02-01,0,0.0,0.0,principal
SKU_1952_PIS,2026-02-01,103,6947.67,21104.7,principal
SKU_1953_IVO,2026-02-01,0,0.0,0.0,principal
SKU_1953_LIM,2026-02-01,55,3568.5,12919.5,principal
SKU_1954_WHI,2026-02-01,82,5128.77,17211.8,principal
SKU_1954_ROY,2026-02-01,59,3690.21,12384.1,principal
SKU_1955_FRE,2026-02-01,84,22450.95,83991.6,principal
SKU_1955_SAL,2026-02-01,58,15501.85,57994.2,principal
SKU_1956_CLO,2026-02-01,73,4550.84,15322.7,principal
SKU_1956_PEA,2026-02-01,96,5984.67,20150.4,principal
SKU_1957_PEA,2026-02-01,51,3451.7,9684.9,principal
SKU_1957_CRE,2026-02-01,86,5820.51,16331.4,principal
SKU_1958_PAS,2026-02-01,73,4467.74,13497.7,principal
SKU_1958_BLU,2026-02-01,71,4345.33,13127.9,principal
SKU_1959_TUR,2026-02-01,74,17411.33,54752.6,principal
SKU_1959_WHI,2026-02-01,0,0.0,0.0,principal
SKU_1960_NAV,2026-02-01,61,3512.2,10668.9,principal
SKU_1960_BAL,2026-02-01,94,5412.25,16440.6,principal
SKU_1961_LIG,2026-02-01,95,13046.53,39415.5,principal
SKU_1961_SHO,2026-02-01,62,8514.58,25723.8,principal
SKU_1962_FRE,2026-02-01,90,6367.06,19341.0,principal
SKU_1962_LIG,2026-02-01,86,6084.08,18481.4,principal
SKU_1963_SER,2026-02-01,84,16469.55,58371.6,principal
SKU_1963_IVO,2026-02-01,100,19606.6,69490.0,principal
SKU_1964_SAL,2026-02-01,76,6820.54,22412.4,principal
SKU_1964_BRI,2026-02-01,66,5923.1,19463.4,principal
SKU_1965_GAR,2026-02-01,75,5026.27,17617.5,principal
SKU_1965_DEN,2026-02-01,82,5495.39,19261.8,principal
SKU_1966_FOR,2026-02-01,93,18641.41,62765.7,principal
SKU_1966_CER,2026-02-01,92,18440.97,62090.8,principal
SKU_1967_PAL,2026-02-01,59,4512.25,11499.1,principal
SKU_1967_BAB,2026-02-01,90,6883.09,17541.0,principal
SKU_1968_JAD,2026-02-01,95,5499.73,16615.5,principal
SKU_1968_PAS,2026-02-01,88,5094.49,15391.2,principal
SKU_1969_SER,2026-02-01,58,7869.26,23774.2,principal
SKU_1969_SNO,2026-02-01,85,11532.54,34841.5,principal
SKU_1970_PEA,2026-02-01,47,11506.93,36185.3,principal
SKU_1970_TUR,2026-02-01,84,20565.57,64671.6,principal
SKU_1971_RAS,2026-02-01,74,20217.03,61412.6,principal
SKU_1971_PIN,2026-02-01,0,0.0,0.0,principal
SKU_1972_PAS,2026-02-01,50,5708.1,17245.0,principal
SKU_1972_AQU,2026-02-01,11,1255.78,3793.9,principal
SKU_1973_SKY,2026-02-01,93,9460.72,29750.7,principal
SKU_1973_MYS,2026-02-01,25,2543.2,7997.5,principal
SKU_1974_JAD,2026-02-01,73,4640.48,14592.7,principal
SKU_1974_MIN,2026-02-01,63,4004.8,12593.7,principal
SKU_1975_MYS,2026-02-01,94,13298.95,41820.6,principal
SKU_1975_PAS,2026-02-01,0,0.0,0.0,principal
SKU_1976_SKY,2026-02-01,0,0.0,0.0,principal
SKU_1976_JAD,2026-02-01,3,533.21,1619.7,principal
SKU_1977_NAV,2026-02-01,102,7255.45,21919.8,principal
SKU_1977_TEA,2026-02-01,73,5192.63,15687.7,principal
SKU_1978_BAL,2026-02-01,64,5293.88,15993.6,principal
SKU_1978_ROS,2026-02-01,0,0.0,0.0,principal
SKU_1979_MAR,2026-02-01,59,3806.2,11499.1,principal
SKU_1979_DEN,2026-02-01,69,4451.32,13448.1,principal
SKU_1980_DEN,2026-02-01,89,4538.38,13786.1,principal
SKU_1980_DEE,2026-02-01,61,3110.58,9448.9,principal
SKU_1981_FOR,2026-02-01,57,9333.08,29349.3,principal
SKU_1981_SEA,2026-02-01,0,0.0,0.0,principal
SKU_1982_PIS,2026-02-01,65,4812.41,14618.5,principal
SKU_1982_VAN,2026-02-01,89,6589.3,20016.1,principal
SKU_1983_GAR,2026-02-01,0,0.0,0.0,principal
SKU_1983_SAP,2026-02-01,80,5721.46,17992.0,principal
SKU_1984_PIN,2026-02-01,0,0.0,0.0,principal
SKU_1984_PAS,2026-02-01,70,6658.77,20993.0,principal
SKU_1985_WHI,2026-02-01,77,9104.78,31562.3,principal
SKU_1985_PAS,2026-02-01,78,9223.02,31972.2,principal
SKU_1986_BUB,2026-02-01,110,6795.09,23089.0,principal
SKU_1986_TEA,2026-02-01,74,4571.24,15532.6,principal
SKU_1987_MYS,2026-02-01,66,23430.55,73913.4,principal
SKU_1987_CLO,2026-02-01,107,37985.89,119829.3,principal
SKU_1988_WHI,2026-02-01,137,22143.58,58211.3,principal
SKU_1988_WHI,2026-02-01,137,22143.58,58211.3,principal
SKU_1989_HOT,2026-02-01,85,9790.9,29741.5,principal
SKU_1989_MAG,2026-02-01,87,10021.28,30441.3,principal
SKU_1990_LIM,2026-02-01,57,3394.17,10254.3,principal
SKU_1990_IVO,2026-02-01,97,5776.05,17450.3,principal
SKU_1991_GAR,2026-02-01,79,7534.09,23692.1,principal
SKU_1991_PIN,2026-02-01,13,1239.79,3898.7,principal
SKU_1992_BAL,2026-02-01,90,27402.94,83241.0,principal
SKU_1992_DEE,2026-02-01,0,0.0,0.0,principal
SKU_1993_SAP,2026-02-01,69,4495.92,14138.1,principal
SKU_1993_MEX,2026-02-01,53,3453.38,10859.7,principal
SKU_1994_COB,2026-02-01,67,4941.08,18083.3,principal
SKU_1994_LIM,2026-02-01,99,7301.0,26720.1,principal
SKU_1995_WHI,2026-02-01,82,5857.71,19261.8,principal
SKU_1995_EME,2026-02-01,68,4857.61,15973.2,principal
SKU_1996_SHO,2026-02-01,73,4778.71,17877.7,principal
SKU_1996_BLA,2026-02-01,93,6087.94,22775.7,principal
SKU_1997_MID,2026-02-01,63,3792.49,11963.7,principal
SKU_1997_SPA,2026-02-01,63,3792.49,11963.7,principal
SKU_1998_COR,2026-02-01,91,12285.36,32295.9,principal
SKU_1998_SAL,2026-02-01,81,10935.32,28746.9,principal
SKU_1999_COB,2026-02-01,77,5986.9,18087.3,principal
SKU_1999_SKY,2026-02-01,93,7230.93,21845.7,principal
SKU_2000_SHO,2026-02-01,88,6225.57,18911.2,principal
SKU_2000_SAG,2026-02-01,0,0.0,0.0,principal
SKU_2001_DEN,2026-02-01,76,9302.26,29252.4,principal
SKU_2001_MAR,2026-02-01,71,8690.27,27327.9,principal
SKU_2002_WHI,2026-02-01,76,5126.43,15572.4,principal
SKU_2002_VAN,2026-02-01,68,4586.81,13933.2,principal
SKU_2003_BAL,2026-02-01,76,6034.92,18232.4,principal
SKU_2003_FOR,2026-02-01,62,4923.23,14873.8,principal
SKU_2004_MIN,2026-02-01,0,0.0,0.0,principal
SKU_2004_AQU,2026-02-01,103,6467.12,23164.7,principal
SKU_2005_FUC,2026-02-01,66,3350.08,11873.4,principal
SKU_2005_TEA,2026-02-01,87,4416.01,15651.3,principal
SKU_2006_PRI,2026-02-01,92,22252.94,83250.8,principal
SKU_2006_DEN,2026-02-01,70,16931.58,63343.0,principal
SKU_2007_LIG,2026-02-01,61,3802.76,12803.9,principal
SKU_2007_SAG,2026-02-01,0,0.0,0.0,principal
SKU_2008_HOT,2026-02-01,48,4189.55,11755.2,principal
SKU_2008_SAL,2026-02-01,100,8728.24,24490.0,principal
SKU_2009_WHI,2026-02-01,56,5320.11,13994.4,principal
SKU_2009_DUS,2026-02-01,71,6745.14,17742.9,principal
SKU_2010_SPA,2026-02-01,68,20705.11,62553.2,principal
SKU_2010_BIR,2026-02-01,0,0.0,0.0,principal
SKU_2011_TUR,2026-02-01,90,7552.18,22941.0,principal
SKU_2011_PIN,2026-02-01,92,7720.0,23450.8,principal
SKU_2012_ROY,2026-02-01,82,21379.71,67231.8,principal
SKU_2012_SKY,2026-02-01,75,19554.62,61492.5,principal
SKU_2013_TEA,2026-02-01,71,4345.33,13127.9,principal
SKU_2013_MYS,2026-02-01,74,4528.94,13682.6,principal
SKU_2014_BLA,2026-02-01,69,7266.46,22073.1,principal
SKU_2014_BRI,2026-02-01,0,0.0,0.0,principal
SKU_2015_OLI,2026-02-01,0,0.0,0.0,principal
SKU_2015_HUN,2026-02-01,73,7310.09,22987.7,principal
SKU_2016_SAP,2026-02-01,87,6441.23,19566.3,principal
SKU_2016_PEA,2026-02-01,63,4664.34,14168.7,principal
SKU_2017_SHO,2026-02-01,90,8441.02,25641.0,principal
SKU_2017_FRE,2026-02-01,67,6283.87,19088.3,principal
SKU_2018_OFF,2026-02-01,74,11690.75,35512.6,principal
SKU_2018_BAB,2026-02-01,98,15482.34,47030.2,principal
SKU_2019_SAG,2026-02-01,93,16927.57,51140.7,principal
SKU_2019_TUR,2026-02-01,0,0.0,0.0,principal
SKU_2020_FOR,2026-02-01,68,5079.48,15973.2,principal
SKU_2020_BAB,2026-02-01,65,4855.38,15268.5,principal
SKU_2021_NAV,2026-02-01,72,4525.7,13672.8,principal
SKU_2021_SAL,2026-02-01,87,5468.55,16521.3,principal
SKU_2022_SHO,2026-02-01,0,0.0,0.0,principal
SKU_2022_ROY,2026-02-01,0,0.0,0.0,principal
SKU_2023_MID,2026-02-01,85,4498.79,13591.5,principal
SKU_2023_SPA,2026-02-01,0,0.0,0.0,principal
SKU_2024_MIN,2026-02-01,94,11505.43,36180.6,principal
SKU_2024_LIG,2026-02-01,89,10893.44,34256.1,principal
SKU_2025_BAB,2026-02-01,80,5597.05,18392.0,principal
SKU_2025_SAP,2026-02-01,65,4547.61,14943.5,principal
SKU_2026_HON,2026-02-01,65,20584.46,66943.5,principal
SKU_2026_ROY,2026-02-01,66,20901.14,67973.4,principal
SKU_2027_CLE,2026-02-01,97,9683.17,33940.3,principal
SKU_2027_MAR,2026-02-01,0,0.0,0.0,principal
SKU_2028_PIS,2026-02-01,97,7055.32,23755.3,principal
SKU_2028_PAL,2026-02-01,56,4073.18,13714.4,principal
SKU_2029_BAB,2026-02-01,68,23601.07,65613.2,principal
SKU_2029_PRI,2026-02-01,61,21171.55,58858.9,principal
SKU_2030_SER,2026-02-01,97,12726.4,33455.3,principal
SKU_2030_BRI,2026-02-01,97,12726.4,33455.3,principal
SKU_2031_SNO,2026-02-01,67,9051.46,23443.3,principal
SKU_2031_NAV,2026-02-01,54,7295.21,18894.6,principal
SKU_2032_LIM,2026-02-01,78,6545.22,19882.2,principal
SKU_2032_WHI,2026-02-01,77,6461.31,19627.3,principal
SKU_2033_PRI,2026-02-01,62,6157.25,19213.8,principal
SKU_2033_RAS,2026-02-01,81,8044.15,25101.9,principal
SKU_2034_DUS,2026-02-01,0,0.0,0.0,principal
SKU_2034_PAS,2026-02-01,52,2836.98,8834.8,principal
SKU_2035_LIG,2026-02-01,0,0.0,0.0,principal
SKU_2035_AQU,2026-02-01,83,5493.61,18666.7,principal
SKU_2036_SPA,2026-02-01,64,5020.63,15353.6,principal
SKU_2036_MAR,2026-02-01,87,6824.92,20871.3,principal
SKU_2037_SNO,2026-02-01,109,28160.63,79014.1,principal
SKU_2037_SEA,2026-02-01,89,22993.54,64516.1,principal
SKU_2038_OFF,2026-02-01,75,28173.89,85117.5,principal
SKU_2038_COB,2026-02-01,68,25544.33,77173.2,principal
SKU_2039_OLI,2026-02-01,70,23746.93,71743.0,principal
SKU_2039_EME,2026-02-01,91,30871.01,93265.9,principal
SKU_2040_BIR,2026-02-01,89,8687.46,26246.1,principal
SKU_2040_MIN,2026-02-01,73,7125.67,21527.7,principal
SKU_2041_POW,2026-02-01,0,0.0,0.0,principal
SKU_2041_MOS,2026-02-01,68,4922.59,14953.2,principal
SKU_2042_WHI,2026-02-01,76,19241.82,58132.4,principal
SKU_2042_SER,2026-02-01,69,17469.55,52778.1,principal
SKU_2043_ROS,2026-02-01,0,0.0,0.0,principal
SKU_2043_WHI,2026-02-01,102,10685.57,35689.8,principal
SKU_2044_PAS,2026-02-01,86,6267.07,21491.4,principal
SKU_2044_COB,2026-02-01,54,3935.14,13494.6,principal
SKU_2045_AQU,2026-02-01,85,4875.52,16566.5,principal
SKU_2045_MID,2026-02-01,62,3556.26,12083.8,principal
SKU_2046_BLA,2026-02-01,4,611.7,2059.6,principal
SKU_2046_MAR,2026-02-01,89,13610.35,45826.1,principal
SKU_2047_HUN,2026-02-01,77,32949.22,86617.3,principal
SKU_2047_FUC,2026-02-01,72,30809.66,80992.8,principal
SKU_2048_MAR,2026-02-01,59,7475.84,22709.1,principal
SKU_2048_FOR,2026-02-01,75,9503.18,28867.5,principal
SKU_2049_TEA,2026-02-01,0,0.0,0.0,principal
SKU_2049_PAS,2026-02-01,0,0.0,0.0,principal
SKU_2050_MOS,2026-02-01,106,15960.62,48219.4,principal
SKU_2050_BLU,2026-02-01,89,13400.9,40486.1,principal
SKU_2051_FOR,2026-02-01,72,18248.48,55432.8,principal
SKU_2051_MEX,2026-02-01,68,17234.67,52353.2,principal
SKU_2052_NAV,2026-02-01,65,6198.93,19493.5,principal
SKU_2052_FLA,2026-02-01,84,8010.93,25191.6,principal
SKU_2053_DEN,2026-02-01,83,8769.19,29041.7,principal
SKU_2053_EGR,2026-02-01,84,8874.85,29391.6,principal
SKU_2054_ROY,2026-02-01,0,0.0,0.0,principal
SKU_2054_SAL,2026-02-01,87,10784.32,35661.3,principal
SKU_2055_RAS,2026-02-01,102,12538.99,46909.8,principal
SKU_2055_SAP,2026-02-01,0,0.0,0.0,principal
SKU_2056_DEN,2026-02-01,0,0.0,0.0,principal
SKU_2056_SKY,2026-02-01,82,27749.81,84861.8,principal
SKU_2057_SNO,2026-02-01,97,34865.68,91655.3,principal
SKU_2057_VAN,2026-02-01,0,0.0,0.0,principal
SKU_2058_BUB,2026-02-01,88,6080.72,18471.2,principal
SKU_2058_MOS,2026-02-01,45,3109.46,9445.5,principal
SKU_2059_WHI,2026-02-01,72,14651.15,46072.8,principal
SKU_2059_SNO,2026-02-01,0,0.0,0.0,principal
SKU_2060_MEX,2026-02-01,87,25864.94,81336.3,principal
SKU_2060_VAN,2026-02-01,63,18729.79,58898.7,principal
SKU_2061_POW,2026-02-01,75,5182.43,15742.5,principal
SKU_2061_BRI,2026-02-01,63,4353.24,13223.7,principal
SKU_2062_BAB,2026-02-01,48,2210.64,6715.2,principal
SKU_2062_DUS,2026-02-01,64,2947.53,8953.6,principal
SKU_2063_POW,2026-02-01,0,0.0,0.0,principal
SKU_2063_SHO,2026-02-01,72,5240.66,15832.8,principal
SKU_2064_PIS,2026-02-01,80,10531.77,31992.0,principal
SKU_2064_SAP,2026-02-01,55,7240.59,21994.5,principal
SKU_2065_OFF,2026-02-01,0,0.0,0.0,principal
SKU_2065_DUS,2026-02-01,67,4409.07,13393.3,principal
SKU_2066_TEA,2026-02-01,65,10217.47,30868.5,principal
SKU_2066_BLA,2026-02-01,80,12575.35,37992.0,principal
SKU_2067_MIN,2026-02-01,75,8345.11,26242.5,principal
SKU_2067_DUS,2026-02-01,73,8122.58,25542.7,principal
SKU_2068_IVO,2026-02-01,54,7197.83,21864.6,principal
SKU_2068_HON,2026-02-01,70,9330.52,28343.0,principal
SKU_2069_TEA,2026-02-01,58,4055.84,12754.2,principal
SKU_2069_BUB,2026-02-01,86,6013.83,18911.4,principal
SKU_2070_COR,2026-02-01,84,5942.59,18051.6,principal
SKU_2070_SPA,2026-02-01,66,4669.18,14183.4,principal
SKU_2071_PAS,2026-02-01,70,5989.14,18193.0,principal
SKU_2071_PEA,2026-02-01,61,5219.1,15853.9,principal
SKU_2072_BAB,2026-02-01,65,5806.9,17543.5,principal
SKU_2072_MIN,2026-02-01,70,6253.58,18893.0,principal
SKU_2073_HUN,2026-02-01,73,6966.76,21162.7,principal
SKU_2073_PAL,2026-02-01,68,6489.59,19713.2,principal
SKU_2074_PAS,2026-02-01,76,5587.68,20132.4,principal
SKU_2074_ARM,2026-02-01,67,4925.98,17748.3,principal
SKU_2075_COB,2026-02-01,57,4060.8,13674.3,principal
SKU_2075_COR,2026-02-01,0,0.0,0.0,principal
SKU_2076_MIN,2026-02-01,0,0.0,0.0,principal
SKU_2076_SAG,2026-02-01,97,12313.25,46065.3,principal
SKU_2077_MOS,2026-02-01,92,6164.21,18850.8,principal
SKU_2077_PIS,2026-02-01,57,3819.13,11679.3,principal
SKU_2078_ARM,2026-02-01,50,4562.9,11995.0,principal
SKU_2078_CLE,2026-02-01,90,8213.22,21591.0,principal
SKU_2079_TUR,2026-02-01,92,32403.42,98430.8,principal
SKU_2079_WHI,2026-02-01,74,26063.62,79172.6,principal
SKU_2080_FLA,2026-02-01,59,4659.53,14154.1,principal
SKU_2080_VAN,2026-02-01,125,9871.89,29987.5,principal
SKU_2081_PAL,2026-02-01,76,9423.1,29632.4,principal
SKU_2081_HUN,2026-02-01,78,9671.08,30412.2,principal
SKU_2082_PAS,2026-02-01,90,15189.92,45891.0,principal
SKU_2082_HON,2026-02-01,76,12827.04,38752.4,principal
SKU_2083_GAR,2026-02-01,85,6572.97,19966.5,principal
SKU_2083_VAN,2026-02-01,53,4098.44,12449.7,principal
SKU_2084_MAR,2026-02-01,77,6053.58,19627.3,principal
SKU_2084_GAR,2026-02-01,110,8647.97,28039.0,principal
SKU_2085_ARM,2026-02-01,85,12069.91,38666.5,principal
SKU_2085_OLI,2026-02-01,89,12637.91,40486.1,principal
SKU_2086_SHO,2026-02-01,0,0.0,0.0,principal
SKU_2086_MAG,2026-02-01,89,7729.27,28916.1,principal
SKU_2087_DEN,2026-02-01,97,7926.58,24240.3,principal
SKU_2087_CER,2026-02-01,70,5720.21,17493.0,principal
SKU_2088_VAN,2026-02-01,89,37068.5,97446.1,principal
SKU_2088_DUS,2026-02-01,96,39984.0,105110.4,principal
SKU_2089_EGR,2026-02-01,0,0.0,0.0,principal
SKU_2089_CLO,2026-02-01,110,18019.31,54439.0,principal
SKU_2090_LIG,2026-02-01,77,6751.51,20397.3,principal
SKU_2090_BUB,2026-02-01,65,5699.32,17218.5,principal
SKU_2091_BIR,2026-02-01,0,0.0,0.0,principal
SKU_2091_AQU,2026-02-01,64,5082.04,15353.6,principal
SKU_2092_EGR,2026-02-01,86,7517.97,23641.4,principal
SKU_2092_FUC,2026-02-01,82,7168.29,22541.8,principal
SKU_2093_SKY,2026-02-01,17,1258.63,3823.3,principal
SKU_2093_MYS,2026-02-01,93,6885.45,20915.7,principal
SKU_2094_MYS,2026-02-01,57,3202.98,10539.3,principal
SKU_2094_OLI,2026-02-01,96,5394.49,17750.4,principal
SKU_2095_CLO,2026-02-01,8,586.0,1919.2,principal
SKU_2095_SEA,2026-02-01,7,512.75,1679.3,principal
SKU_2096_TEA,2026-02-01,84,6425.04,21831.6,principal
SKU_2096_SNO,2026-02-01,101,7725.35,26249.9,principal
SKU_2097_SPA,2026-02-01,0,0.0,0.0,principal
SKU_2097_ROS,2026-02-01,95,5640.18,18990.5,principal
SKU_2098_EME,2026-02-01,93,10761.84,27425.7,principal
SKU_2098_SPA,2026-02-01,86,9951.81,25361.4,principal
SKU_2099_DEE,2026-02-01,0,0.0,0.0,principal
SKU_2099_LIG,2026-02-01,0,0.0,0.0,principal
SKU_2100_BLU,2026-02-01,101,33744.61,102504.9,principal
SKU_2100_MAG,2026-02-01,67,22385.04,67998.3,principal
SKU_2101_PAS,2026-02-01,78,6322.83,19102.2,principal
SKU_2101_BUB,2026-02-01,81,6566.01,19836.9,principal
SKU_2102_WHI,2026-02-01,0,0.0,0.0,principal
SKU_2102_CLO,2026-02-01,76,18002.74,56612.4,principal
SKU_2103_RAS,2026-02-01,60,8965.69,28194.0,principal
SKU_2103_FUC,2026-02-01,75,11207.11,35242.5,principal
SKU_2104_LIG,2026-02-01,83,5936.01,18666.7,principal
SKU_2104_PEA,2026-02-01,10,715.18,2249.0,principal
SKU_2105_RAS,2026-02-01,110,11889.7,37389.0,principal
SKU_2105_LIG,2026-02-01,107,11565.44,36369.3,principal
SKU_2106_HON,2026-02-01,60,4639.74,14094.0,principal
SKU_2106_FUC,2026-02-01,61,4717.07,14328.9,principal
SKU_2107_SNO,2026-02-01,0,0.0,0.0,principal
SKU_2107_WHI,2026-02-01,60,8438.51,25494.0,principal
SKU_2108_BLU,2026-02-01,0,0.0,0.0,principal
SKU_2108_MAR,2026-02-01,95,9059.98,28490.5,principal
SKU_2109_TEA,2026-02-01,74,7527.89,23672.6,principal
SKU_2109_WHI,2026-02-01,85,8646.9,27191.5,principal
SKU_2110_SPA,2026-02-01,85,5943.9,18691.5,principal
SKU_2110_TEA,2026-02-01,76,5314.54,16712.4,principal
SKU_2111_SNO,2026-02-01,2,149.4,469.8,principal
SKU_2111_ARM,2026-02-01,69,5154.18,16208.1,principal
SKU_2112_MID,2026-02-01,66,7028.88,22103.4,principal
SKU_2112_TEA,2026-02-01,57,6070.4,19089.3,principal
SKU_2113_DUS,2026-02-01,63,3438.66,10388.7,principal
SKU_2113_NAV,2026-02-01,61,3329.5,10058.9,principal
SKU_2114_DUS,2026-02-01,64,7935.24,24953.6,principal
SKU_2114_BIR,2026-02-01,102,12646.8,39769.8,principal
SKU_2115_CER,2026-02-01,113,13736.03,43493.7,principal
SKU_2115_PEA,2026-02-01,99,12034.22,38105.1,principal
SKU_2116_SNO,2026-02-01,67,8056.89,25453.3,principal
SKU_2116_BLA,2026-02-01,81,9740.41,30771.9,principal
SKU_2117_RAS,2026-02-01,80,16463.54,61592.0,principal
SKU_2117_SAL,2026-02-01,70,14405.6,53893.0,principal
SKU_1000_COR,2026-03-01,0,0.0,0.0,principal
SKU_1000_EME,2026-03-01,134,8007.44,27456.6,principal
SKU_1000_ROY,2026-03-01,179,10696.51,36677.1,principal
SKU_1001_AQU,2026-03-01,92,23113.64,86470.8,principal
SKU_1001_SAP,2026-03-01,165,41453.82,155083.5,principal
SKU_1002_COR,2026-03-01,63,4839.17,14798.7,principal
SKU_1002_MYS,2026-03-01,59,4531.93,13859.1,principal
SKU_1003_SNO,2026-03-01,120,17182.41,43788.0,principal
SKU_1003_DUS,2026-03-01,160,22909.88,58384.0,principal
SKU_1004_FOR,2026-03-01,0,0.0,0.0,principal
SKU_1004_MEX,2026-03-01,97,11058.97,29090.3,principal
SKU_1005_OLI,2026-03-01,0,0.0,0.0,principal
SKU_1005_MYS,2026-03-01,0,0.0,0.0,principal
SKU_1006_MOS,2026-03-01,90,5434.94,17091.0,principal
SKU_1006_FOR,2026-03-01,81,4891.44,15381.9,principal
SKU_1007_COB,2026-03-01,148,13879.17,43645.2,principal
SKU_1007_FOR,2026-03-01,130,12191.17,38337.0,principal
SKU_1008_MEX,2026-03-01,146,15701.12,47435.4,principal
SKU_1008_WHI,2026-03-01,123,13227.65,39962.7,principal
SKU_1009_BAB,2026-03-01,169,24035.27,87018.1,principal
SKU_1009_MAG,2026-03-01,0,0.0,0.0,principal
SKU_1010_SNO,2026-03-01,120,13584.31,45588.0,principal
SKU_1010_BRI,2026-03-01,0,0.0,0.0,principal
SKU_1011_CER,2026-03-01,72,5001.93,18712.8,principal
SKU_1011_MIN,2026-03-01,54,3751.45,14034.6,principal
SKU_1012_VAN,2026-03-01,124,35719.48,120267.6,principal
SKU_1012_CLO,2026-03-01,157,45225.47,152274.3,principal
SKU_1013_LIG,2026-03-01,92,6295.92,16550.8,principal
SKU_1013_LIG,2026-03-01,92,6295.92,16550.8,principal
SKU_1014_FLA,2026-03-01,135,17869.53,53986.5,principal
SKU_1014_MIN,2026-03-01,155,20516.87,61984.5,principal
SKU_1015_ROY,2026-03-01,152,47036.69,142104.8,principal
SKU_1015_TUR,2026-03-01,51,15782.05,47679.9,principal
SKU_1016_HON,2026-03-01,55,3912.25,11819.5,principal
SKU_1016_SNO,2026-03-01,0,0.0,0.0,principal
SKU_1017_PAS,2026-03-01,164,7817.58,24583.6,principal
SKU_1017_BAL,2026-03-01,87,4147.13,13041.3,principal
SKU_1018_TEA,2026-03-01,158,6024.26,18944.2,principal
SKU_1018_ARM,2026-03-01,165,6291.15,19783.5,principal
SKU_1019_NAV,2026-03-01,65,5348.93,17218.5,principal
SKU_1019_GAR,2026-03-01,81,6665.59,21456.9,principal
SKU_1020_NAV,2026-03-01,54,3285.01,10794.6,principal
SKU_1020_LIG,2026-03-01,100,6083.36,19990.0,principal
SKU_1021_CRE,2026-03-01,87,6625.38,24786.3,principal
SKU_1021_PAS,2026-03-01,176,13403.06,50142.4,principal
SKU_1022_PAL,2026-03-01,142,14854.24,45425.8,principal
SKU_1022_DEN,2026-03-01,63,6590.26,20153.7,principal
SKU_1023_DEN,2026-03-01,142,15596.25,39745.8,principal
SKU_1023_FOR,2026-03-01,180,19769.9,50382.0,principal
SKU_1024_VAN,2026-03-01,165,13166.27,34633.5,principal
SKU_1024_DEN,2026-03-01,76,6064.46,15952.4,principal
SKU_1025_WHI,2026-03-01,119,18349.59,57703.1,principal
SKU_1025_MIN,2026-03-01,104,16036.61,50429.6,principal
SKU_1026_CLO,2026-03-01,0,0.0,0.0,principal
SKU_1026_SPA,2026-03-01,62,8468.27,25723.8,principal
SKU_1027_MAR,2026-03-01,189,25236.83,79361.1,principal
SKU_1027_BIR,2026-03-01,174,23233.91,73062.6,principal
SKU_1028_BLU,2026-03-01,99,19830.51,62360.1,principal
SKU_1028_AQU,2026-03-01,59,11818.18,37164.1,principal
SKU_1029_BLU,2026-03-01,179,13940.2,43837.1,principal
SKU_1029_BAL,2026-03-01,76,5918.74,18612.4,principal
SKU_1030_CRE,2026-03-01,92,19013.47,59790.8,principal
SKU_1030_DEN,2026-03-01,69,14260.11,44843.1,principal
SKU_1031_COR,2026-03-01,154,24207.55,73134.6,principal
SKU_1031_HON,2026-03-01,0,0.0,0.0,principal
SKU_1032_EME,2026-03-01,153,16780.76,52769.7,principal
SKU_1032_HON,2026-03-01,154,16890.44,53114.6,principal
SKU_1033_NAV,2026-03-01,164,33893.58,106583.6,principal
SKU_1033_LIM,2026-03-01,111,22940.17,72138.9,principal
SKU_1034_PAS,2026-03-01,87,6154.82,18696.3,principal
SKU_1034_PIS,2026-03-01,109,7711.21,23424.1,principal
SKU_1035_SAP,2026-03-01,172,35820.41,112642.8,principal
SKU_1035_FUC,2026-03-01,160,33321.31,104784.0,principal
SKU_1036_BIR,2026-03-01,80,19749.37,59992.0,principal
SKU_1036_MID,2026-03-01,88,21724.3,65991.2,principal
SKU_1037_PRI,2026-03-01,54,3604.4,11334.6,principal
SKU_1037_SPA,2026-03-01,107,7142.06,22459.3,principal
SKU_1038_LIG,2026-03-01,51,4133.97,12999.9,principal
SKU_1038_FLA,2026-03-01,116,9402.75,29568.4,principal
SKU_1039_ARM,2026-03-01,71,3640.3,10997.9,principal
SKU_1039_MIN,2026-03-01,87,4460.66,13476.3,principal
SKU_1040_BLA,2026-03-01,85,9145.21,29741.5,principal
SKU_1040_BAB,2026-03-01,85,9145.21,29741.5,principal
SKU_1041_EME,2026-03-01,106,6936.18,23309.4,principal
SKU_1041_SNO,2026-03-01,66,4318.75,14513.4,principal
SKU_1042_SEA,2026-03-01,124,11491.71,39047.6,principal
SKU_1042_EME,2026-03-01,163,15106.04,51328.7,principal
SKU_1043_SPA,2026-03-01,55,14291.49,48119.5,principal
SKU_1043_CER,2026-03-01,78,20267.93,68242.2,principal
SKU_1044_SER,2026-03-01,186,60841.71,159941.4,principal
SKU_1044_COR,2026-03-01,125,40888.24,107487.5,principal
SKU_1045_FOR,2026-03-01,50,4845.14,12745.0,principal
SKU_1045_BUB,2026-03-01,131,12694.26,33391.9,principal
SKU_1046_SNO,2026-03-01,0,0.0,0.0,principal
SKU_1046_PAS,2026-03-01,74,3916.59,11832.6,principal
SKU_1047_ROY,2026-03-01,168,11672.12,35263.2,principal
SKU_1047_DEE,2026-03-01,62,4307.57,13013.8,principal
SKU_1048_MAR,2026-03-01,146,11530.36,35025.4,principal
SKU_1048_PEA,2026-03-01,0,0.0,0.0,principal
SKU_1049_BAL,2026-03-01,153,38022.5,115499.7,principal
SKU_1049_LIG,2026-03-01,176,43738.3,132862.4,principal
SKU_1050_BUB,2026-03-01,0,0.0,0.0,principal
SKU_1050_PRI,2026-03-01,154,13693.84,46954.6,principal
SKU_1051_CLE,2026-03-01,126,28734.56,94487.4,principal
SKU_1051_LIG,2026-03-01,170,38768.86,127483.0,principal
SKU_1052_PAS,2026-03-01,142,13162.54,46135.8,principal
SKU_1052_FRE,2026-03-01,112,10381.72,36388.8,principal
SKU_1053_SHO,2026-03-01,0,0.0,0.0,principal
SKU_1053_NAV,2026-03-01,59,6171.83,18874.1,principal
SKU_1054_DEE,2026-03-01,105,13281.07,37264.5,principal
SKU_1054_PAS,2026-03-01,72,9107.02,25552.8,principal
SKU_1055_LIG,2026-03-01,188,70622.56,213361.2,principal
SKU_1055_PAL,2026-03-01,0,0.0,0.0,principal
SKU_1056_CRE,2026-03-01,135,10496.51,31711.5,principal
SKU_1056_OLI,2026-03-01,162,12595.81,38053.8,principal
SKU_1057_ROY,2026-03-01,58,3530.41,10724.2,principal
SKU_1057_SNO,2026-03-01,0,0.0,0.0,principal
SKU_1058_MID,2026-03-01,66,4090.56,12863.4,principal
SKU_1058_SHO,2026-03-01,122,7561.34,23777.8,principal
SKU_1059_PEA,2026-03-01,92,8773.87,27590.8,principal
SKU_1059_OFF,2026-03-01,156,14877.44,46784.4,principal
SKU_1060_CRE,2026-03-01,142,48444.87,157605.8,principal
SKU_1060_LIM,2026-03-01,59,20128.5,65484.1,principal
SKU_1061_PAS,2026-03-01,153,17694.95,62714.7,principal
SKU_1061_EGR,2026-03-01,60,6939.2,24594.0,principal
SKU_1062_OLI,2026-03-01,166,9467.22,33183.4,principal
SKU_1062_MID,2026-03-01,130,7414.09,25987.0,principal
SKU_1063_SNO,2026-03-01,111,6506.08,20523.9,principal
SKU_1063_SAP,2026-03-01,60,3516.8,11094.0,principal
SKU_1064_PRI,2026-03-01,100,6768.04,18990.0,principal
SKU_1064_BIR,2026-03-01,140,9475.25,26586.0,principal
SKU_1065_CLE,2026-03-01,141,29934.45,90930.9,principal
SKU_1065_COB,2026-03-01,126,26749.94,81257.4,principal
SKU_1066_IVO,2026-03-01,173,10301.61,31122.7,principal
SKU_1066_WHI,2026-03-01,80,4763.75,14392.0,principal
SKU_1067_EME,2026-03-01,79,6654.82,20927.1,principal
SKU_1067_WHI,2026-03-01,74,6233.63,19602.6,principal
SKU_1068_COR,2026-03-01,75,19733.39,59617.5,principal
SKU_1068_BAL,2026-03-01,0,0.0,0.0,principal
SKU_1069_OLI,2026-03-01,0,0.0,0.0,principal
SKU_1069_CRE,2026-03-01,88,15434.93,46631.2,principal
SKU_1070_LIG,2026-03-01,0,0.0,0.0,principal
SKU_1070_MID,2026-03-01,153,17466.77,52769.7,principal
SKU_1071_BAB,2026-03-01,176,15637.79,47502.4,principal
SKU_1071_SKY,2026-03-01,146,12972.26,39405.4,principal
SKU_1072_PAS,2026-03-01,152,23138.49,69904.8,principal
SKU_1072_CER,2026-03-01,133,20246.18,61166.7,principal
SKU_1073_FRE,2026-03-01,91,9635.71,29110.9,principal
SKU_1073_BLU,2026-03-01,116,12282.88,37108.4,principal
SKU_1074_JAD,2026-03-01,137,9241.07,28071.3,principal
SKU_1074_PRI,2026-03-01,174,11736.84,35652.6,principal
SKU_1075_NAV,2026-03-01,101,9311.01,29279.9,principal
SKU_1075_LIG,2026-03-01,166,15303.24,48123.4,principal
SKU_1076_BLU,2026-03-01,0,0.0,0.0,principal
SKU_1076_POW,2026-03-01,140,9904.31,30086.0,principal
SKU_1077_NAV,2026-03-01,65,4752.03,14943.5,principal
SKU_1077_MAR,2026-03-01,84,6141.09,19311.6,principal
SKU_1078_GAR,2026-03-01,0,0.0,0.0,principal
SKU_1078_BLU,2026-03-01,161,15866.26,49893.9,principal
SKU_1079_BAB,2026-03-01,103,9321.2,28314.7,principal
SKU_1079_JAD,2026-03-01,153,13846.05,42059.7,principal
SKU_1080_TEA,2026-03-01,109,16460.98,51764.1,principal
SKU_1080_MAR,2026-03-01,72,10873.31,34192.8,principal
SKU_1081_EGR,2026-03-01,58,5096.24,16234.2,principal
SKU_1081_PAS,2026-03-01,125,10983.28,34987.5,principal
SKU_1082_PIN,2026-03-01,156,10068.58,32744.4,principal
SKU_1082_LIG,2026-03-01,172,11101.25,36102.8,principal
SKU_1083_OFF,2026-03-01,56,7579.52,25754.4,principal
SKU_1083_BAB,2026-03-01,133,18001.36,61166.7,principal
SKU_1084_DUS,2026-03-01,63,20392.93,62363.7,principal
SKU_1084_PAS,2026-03-01,81,26219.48,80181.9,principal
SKU_1085_COB,2026-03-01,114,18618.18,56988.6,principal
SKU_1085_CRE,2026-03-01,84,13718.66,41991.6,principal
SKU_1086_PRI,2026-03-01,177,15620.38,39807.3,principal
SKU_1086_CRE,2026-03-01,72,6354.05,16192.8,principal
SKU_1087_BIR,2026-03-01,84,12158.91,31491.6,principal
SKU_1087_SNO,2026-03-01,142,20554.34,53235.8,principal
SKU_1088_CER,2026-03-01,130,30594.86,92937.0,principal
SKU_1088_HON,2026-03-01,141,33183.66,100800.9,principal
SKU_1089_GAR,2026-03-01,180,17545.68,60282.0,principal
SKU_1089_EGR,2026-03-01,120,11697.12,40188.0,principal
SKU_1090_PAL,2026-03-01,175,7580.7,23607.5,principal
SKU_1090_WHI,2026-03-01,88,3812.01,11871.2,principal
SKU_1091_OFF,2026-03-01,65,5471.23,20468.5,principal
SKU_1091_MOS,2026-03-01,126,10605.77,39677.4,principal
SKU_1092_TUR,2026-03-01,142,15318.58,46845.8,principal
SKU_1092_MIN,2026-03-01,186,20065.18,61361.4,principal
SKU_1093_GAR,2026-03-01,0,0.0,0.0,principal
SKU_1093_TEA,2026-03-01,83,34459.14,96686.7,principal
SKU_1094_FOR,2026-03-01,80,7143.97,18792.0,principal
SKU_1094_DEE,2026-03-01,179,15984.63,42047.1,principal
SKU_1095_COB,2026-03-01,139,18527.74,56281.1,principal
SKU_1095_MAG,2026-03-01,0,0.0,0.0,principal
SKU_1096_HOT,2026-03-01,139,12807.89,38906.1,principal
SKU_1096_CLE,2026-03-01,53,4883.58,14834.7,principal
SKU_1097_AQU,2026-03-01,0,0.0,0.0,principal
SKU_1097_PAL,2026-03-01,126,8962.62,27077.4,principal
SKU_1098_HON,2026-03-01,0,0.0,0.0,principal
SKU_1098_HUN,2026-03-01,161,18380.07,55528.9,principal
SKU_1099_SAL,2026-03-01,61,4564.04,15243.9,principal
SKU_1099_PRI,2026-03-01,84,6284.91,20991.6,principal
SKU_1100_PEA,2026-03-01,78,3940.29,14422.2,principal
SKU_1100_COB,2026-03-01,0,0.0,0.0,principal
SKU_1101_CLE,2026-03-01,0,0.0,0.0,principal
SKU_1101_DEE,2026-03-01,120,13308.33,49788.0,principal
SKU_1102_FLA,2026-03-01,189,54443.4,183311.1,principal
SKU_1102_OFF,2026-03-01,136,39176.2,131906.4,principal
SKU_1103_EGR,2026-03-01,73,3607.22,9482.7,principal
SKU_1103_LIG,2026-03-01,51,2520.11,6624.9,principal
SKU_1104_POW,2026-03-01,73,4346.92,13132.7,principal
SKU_1104_MEX,2026-03-01,118,7026.53,21228.2,principal
SKU_1105_ARM,2026-03-01,0,0.0,0.0,principal
SKU_1105_SER,2026-03-01,172,11601.93,35242.8,principal
SKU_1106_MYS,2026-03-01,118,29264.97,92028.2,principal
SKU_1106_SNO,2026-03-01,78,19344.64,60832.2,principal
SKU_1107_BAL,2026-03-01,148,48473.12,147245.2,principal
SKU_1107_PAS,2026-03-01,52,17031.1,51734.8,principal
SKU_1108_PRI,2026-03-01,115,9512.44,28738.5,principal
SKU_1108_SNO,2026-03-01,97,8023.54,24240.3,principal
SKU_1109_SAG,2026-03-01,0,0.0,0.0,principal
SKU_1109_CER,2026-03-01,187,11790.36,42991.3,principal
SKU_1110_FLA,2026-03-01,157,9913.86,36094.3,principal
SKU_1110_HUN,2026-03-01,0,0.0,0.0,principal
SKU_1111_CRE,2026-03-01,46,2580.89,9655.4,principal
SKU_1111_BLU,2026-03-01,83,4656.82,17421.7,principal
SKU_1112_MIN,2026-03-01,110,8980.98,30239.0,principal
SKU_1112_EGR,2026-03-01,89,7266.43,24466.1,principal
SKU_1113_VAN,2026-03-01,0,0.0,0.0,principal
SKU_1113_OLI,2026-03-01,0,0.0,0.0,principal
SKU_1114_GAR,2026-03-01,91,12045.39,36390.9,principal
SKU_1114_PRI,2026-03-01,131,17340.06,52386.9,principal
SKU_1115_LIM,2026-03-01,135,9602.81,29011.5,principal
SKU_1115_TEA,2026-03-01,0,0.0,0.0,principal
SKU_1116_MOS,2026-03-01,92,7265.71,22070.8,principal
SKU_1116_SNO,2026-03-01,106,8371.36,25429.4,principal
SKU_1117_MOS,2026-03-01,113,8224.92,24848.7,principal
SKU_1117_MIN,2026-03-01,159,11573.12,34964.1,principal
SKU_1118_FUC,2026-03-01,111,10834.92,32733.9,principal
SKU_1118_DUS,2026-03-01,76,7418.5,22412.4,principal
SKU_1119_PAS,2026-03-01,63,2901.47,8813.7,principal
SKU_1119_LIG,2026-03-01,0,0.0,0.0,principal
SKU_1120_AQU,2026-03-01,76,5797.9,18232.4,principal
SKU_1120_SAL,2026-03-01,141,10756.64,33825.9,principal
SKU_1121_MYS,2026-03-01,126,10365.65,31487.4,principal
SKU_1121_MIN,2026-03-01,158,12998.2,39484.2,principal
SKU_1122_ROY,2026-03-01,93,13079.7,39515.7,principal
SKU_1122_PIS,2026-03-01,178,25034.26,75632.2,principal
SKU_1123_BAB,2026-03-01,72,10245.38,30952.8,principal
SKU_1123_SER,2026-03-01,0,0.0,0.0,principal
SKU_1124_BLU,2026-03-01,172,21510.85,65342.8,principal
SKU_1124_FOR,2026-03-01,137,17133.64,52046.3,principal
SKU_1125_MIN,2026-03-01,151,7948.5,24144.9,principal
SKU_1125_SAP,2026-03-01,86,4526.96,13751.4,principal
SKU_1126_WHI,2026-03-01,145,32871.78,99310.5,principal
SKU_1126_WHI,2026-03-01,145,32871.78,99310.5,principal
SKU_1127_SAL,2026-03-01,158,10397.52,31584.2,principal
SKU_1127_BLU,2026-03-01,68,4474.88,13593.2,principal
SKU_1128_PRI,2026-03-01,141,19026.41,57795.9,principal
SKU_1128_TEA,2026-03-01,0,0.0,0.0,principal
SKU_1129_VAN,2026-03-01,123,15670.43,47342.7,principal
SKU_1129_SAG,2026-03-01,78,9937.35,30022.2,principal
SKU_1130_CRE,2026-03-01,50,3701.48,12495.0,principal
SKU_1130_MEX,2026-03-01,123,9105.63,30737.7,principal
SKU_1131_CLO,2026-03-01,147,39847.97,130080.3,principal
SKU_1131_JAD,2026-03-01,63,17077.7,55748.7,principal
SKU_1132_NAV,2026-03-01,0,0.0,0.0,principal
SKU_1132_CLE,2026-03-01,181,9316.63,31656.9,principal
SKU_1133_MOS,2026-03-01,78,21078.74,70972.2,principal
SKU_1133_PEA,2026-03-01,158,42697.97,143764.2,principal
SKU_1134_DUS,2026-03-01,68,6001.05,15293.2,principal
SKU_1134_PIN,2026-03-01,163,14384.87,36658.7,principal
SKU_1135_ROS,2026-03-01,118,8070.11,21228.2,principal
SKU_1135_MAR,2026-03-01,82,5608.04,14751.8,principal
SKU_1136_SNO,2026-03-01,113,9296.18,28238.7,principal
SKU_1136_FUC,2026-03-01,60,4936.02,14994.0,principal
SKU_1137_DEE,2026-03-01,71,9141.83,28747.9,principal
SKU_1137_PAL,2026-03-01,149,19184.97,60330.1,principal
SKU_1138_PEA,2026-03-01,155,11085.32,34859.5,principal
SKU_1138_HON,2026-03-01,124,8868.26,27887.6,principal
SKU_1139_PRI,2026-03-01,111,10651.22,32178.9,principal
SKU_1139_EGR,2026-03-01,140,13433.97,40586.0,principal
SKU_1140_SNO,2026-03-01,149,8905.58,29785.1,principal
SKU_1140_ROS,2026-03-01,0,0.0,0.0,principal
SKU_1141_SKY,2026-03-01,73,8060.79,26637.7,principal
SKU_1141_CLE,2026-03-01,183,20207.18,66776.7,principal
SKU_1142_MIN,2026-03-01,86,7813.55,29231.4,principal
SKU_1142_PAS,2026-03-01,77,6995.86,26172.3,principal
SKU_1143_IVO,2026-03-01,131,8348.93,25531.9,principal
SKU_1143_SNO,2026-03-01,58,3696.47,11304.2,principal
SKU_1144_SEA,2026-03-01,147,18447.61,48495.3,principal
SKU_1144_BUB,2026-03-01,178,22337.92,58722.2,principal
SKU_1145_MOS,2026-03-01,115,17125.44,51738.5,principal
SKU_1145_LIG,2026-03-01,0,0.0,0.0,principal
SKU_1146_FRE,2026-03-01,61,9436.16,28663.9,principal
SKU_1146_CER,2026-03-01,134,20728.6,62966.6,principal
SKU_1147_COR,2026-03-01,182,21078.68,63681.8,principal
SKU_1147_MEX,2026-03-01,0,0.0,0.0,principal
SKU_1148_TEA,2026-03-01,88,12667.77,38271.2,principal
SKU_1148_SPA,2026-03-01,160,23032.3,69584.0,principal
SKU_1149_IVO,2026-03-01,108,5491.61,17269.2,principal
SKU_1149_OLI,2026-03-01,127,6457.72,20307.3,principal
SKU_1150_SAG,2026-03-01,135,26870.12,85711.5,principal
SKU_1150_VAN,2026-03-01,171,34035.48,108567.9,principal
SKU_1151_CRE,2026-03-01,128,31653.16,103667.2,principal
SKU_1151_JAD,2026-03-01,131,32395.03,106096.9,principal
SKU_1152_CLO,2026-03-01,176,47745.77,178622.4,principal
SKU_1152_WHI,2026-03-01,108,29298.54,109609.2,principal
SKU_1153_PEA,2026-03-01,167,18594.67,62608.3,principal
SKU_1153_MOS,2026-03-01,68,7571.48,25493.2,principal
SKU_1154_VAN,2026-03-01,93,19520.21,49745.7,principal
SKU_1154_PEA,2026-03-01,116,24347.79,62048.4,principal
SKU_1155_ARM,2026-03-01,146,43009.55,113135.4,principal
SKU_1155_BAB,2026-03-01,99,29164.01,76715.1,principal
SKU_1156_FLA,2026-03-01,162,14676.91,46153.8,principal
SKU_1156_EGR,2026-03-01,91,8244.44,25925.9,principal
SKU_1157_DEE,2026-03-01,128,8001.93,24307.2,principal
SKU_1157_PAS,2026-03-01,106,6626.6,20129.4,principal
SKU_1158_AQU,2026-03-01,168,36857.22,115903.2,principal
SKU_1158_MYS,2026-03-01,96,21061.27,66230.4,principal
SKU_1159_PAS,2026-03-01,95,5656.96,17090.5,principal
SKU_1159_PRI,2026-03-01,103,6133.33,18529.7,principal
SKU_1160_DUS,2026-03-01,157,10648.04,32169.3,principal
SKU_1160_LIM,2026-03-01,57,3865.85,11679.3,principal
SKU_1161_MEX,2026-03-01,87,12235.85,36966.3,principal
SKU_1161_DUS,2026-03-01,0,0.0,0.0,principal
SKU_1162_HOT,2026-03-01,169,40838.55,128423.1,principal
SKU_1162_BUB,2026-03-01,163,39388.66,123863.7,principal
SKU_1163_HUN,2026-03-01,140,11517.39,34986.0,principal
SKU_1163_SPA,2026-03-01,141,11599.66,35235.9,principal
SKU_1164_BRI,2026-03-01,166,10552.32,33183.4,principal
SKU_1164_MIN,2026-03-01,81,5149.02,16191.9,principal
SKU_1165_HUN,2026-03-01,0,0.0,0.0,principal
SKU_1165_MAR,2026-03-01,169,18266.91,57443.1,principal
SKU_1166_PIS,2026-03-01,85,16350.45,51416.5,principal
SKU_1166_FRE,2026-03-01,145,27891.94,87710.5,principal
SKU_1167_WHI,2026-03-01,105,24872.21,78214.5,principal
SKU_1167_JAD,2026-03-01,85,20134.65,63316.5,principal
SKU_1168_GAR,2026-03-01,140,35213.77,106386.0,principal
SKU_1168_BLU,2026-03-01,0,0.0,0.0,principal
SKU_1169_BUB,2026-03-01,124,7882.46,24787.6,principal
SKU_1169_MEX,2026-03-01,132,8391.0,26386.8,principal
SKU_1170_GAR,2026-03-01,110,32406.12,98439.0,principal
SKU_1170_OFF,2026-03-01,65,19149.07,58168.5,principal
SKU_1171_MIN,2026-03-01,68,3849.39,12573.2,principal
SKU_1171_EME,2026-03-01,128,7245.92,23667.2,principal
SKU_1172_ARM,2026-03-01,51,5632.31,18354.9,principal
SKU_1172_PIN,2026-03-01,53,5853.19,19074.7,principal
SKU_1173_GAR,2026-03-01,57,4946.98,16809.3,principal
SKU_1173_AQU,2026-03-01,61,5294.13,17988.9,principal
SKU_1174_PEA,2026-03-01,92,6121.52,19310.8,principal
SKU_1174_BLU,2026-03-01,79,5256.53,16582.1,principal
SKU_1175_FUC,2026-03-01,58,5114.23,15654.2,principal
SKU_1175_CLE,2026-03-01,77,6789.58,20782.3,principal
SKU_1176_GAR,2026-03-01,183,22617.33,59456.7,principal
SKU_1176_NAV,2026-03-01,165,20392.67,53608.5,principal
SKU_1177_MIN,2026-03-01,157,12399.09,37664.3,principal
SKU_1177_PEA,2026-03-01,97,7660.58,23270.3,principal
SKU_1178_RAS,2026-03-01,159,16174.78,50864.1,principal
SKU_1178_MID,2026-03-01,118,12003.93,37748.2,principal
SKU_1179_TUR,2026-03-01,123,13294.85,41807.7,principal
SKU_1179_VAN,2026-03-01,157,16969.85,53364.3,principal
SKU_1180_ROY,2026-03-01,147,22440.86,77895.3,principal
SKU_1180_AQU,2026-03-01,92,14044.62,48750.8,principal
SKU_1181_AQU,2026-03-01,169,15170.5,48993.1,principal
SKU_1181_SER,2026-03-01,116,10412.89,33628.4,principal
SKU_1182_BIR,2026-03-01,106,26870.94,89029.4,principal
SKU_1182_PIN,2026-03-01,112,28391.94,94068.8,principal
SKU_1183_POW,2026-03-01,107,23194.14,69539.3,principal
SKU_1183_MOS,2026-03-01,162,35116.36,105283.8,principal
SKU_1184_HOT,2026-03-01,128,15249.11,43507.2,principal
SKU_1184_BAB,2026-03-01,0,0.0,0.0,principal
SKU_1185_BAL,2026-03-01,76,28479.29,75232.4,principal
SKU_1185_MAG,2026-03-01,122,45716.75,120767.8,principal
SKU_1186_FLA,2026-03-01,0,0.0,0.0,principal
SKU_1186_MEX,2026-03-01,151,23606.9,71709.9,principal
SKU_1187_JAD,2026-03-01,79,8103.58,24482.1,principal
SKU_1187_OLI,2026-03-01,108,11078.31,33469.2,principal
SKU_1188_TEA,2026-03-01,57,4526.19,13674.3,principal
SKU_1188_BAB,2026-03-01,63,5002.63,15113.7,principal
SKU_1189_FUC,2026-03-01,0,0.0,0.0,principal
SKU_1189_ROY,2026-03-01,176,13684.33,41342.4,principal
SKU_1190_TEA,2026-03-01,87,14669.37,50451.3,principal
SKU_1190_MAG,2026-03-01,120,20233.62,69588.0,principal
SKU_1191_MIN,2026-03-01,52,2993.03,9614.8,principal
SKU_1191_MYS,2026-03-01,118,6791.87,21818.2,principal
SKU_1192_MAR,2026-03-01,79,5087.08,18557.1,principal
SKU_1192_RAS,2026-03-01,0,0.0,0.0,principal
SKU_1193_CLE,2026-03-01,108,15185.9,48049.2,principal
SKU_1193_ROS,2026-03-01,66,9280.27,29363.4,principal
SKU_1194_FLA,2026-03-01,105,8097.66,23089.5,principal
SKU_1194_SAG,2026-03-01,90,6940.85,19791.0,principal
SKU_1195_HUN,2026-03-01,114,18264.54,53568.6,principal
SKU_1195_SAL,2026-03-01,0,0.0,0.0,principal
SKU_1196_PEA,2026-03-01,0,0.0,0.0,principal
SKU_1196_RAS,2026-03-01,0,0.0,0.0,principal
SKU_1197_ROS,2026-03-01,95,24859.7,75515.5,principal
SKU_1197_COR,2026-03-01,57,14915.82,45309.3,principal
SKU_1198_SEA,2026-03-01,126,13418.77,42197.4,principal
SKU_1198_SAL,2026-03-01,64,6815.88,21433.6,principal
SKU_1199_PAL,2026-03-01,133,7652.83,27916.7,principal
SKU_1199_TEA,2026-03-01,114,6559.57,23928.6,principal
SKU_1200_MID,2026-03-01,176,9375.52,31662.4,principal
SKU_1200_PAS,2026-03-01,134,7138.18,24106.6,principal
SKU_1201_BIR,2026-03-01,0,0.0,0.0,principal
SKU_1201_SAG,2026-03-01,153,23631.83,74189.7,principal
SKU_1202_LIG,2026-03-01,160,47448.82,130384.0,principal
SKU_1202_CLE,2026-03-01,152,45076.38,123864.8,principal
SKU_1203_OFF,2026-03-01,0,0.0,0.0,principal
SKU_1203_FLA,2026-03-01,101,27889.34,76749.9,principal
SKU_1204_AQU,2026-03-01,44,5939.67,15395.6,principal
SKU_1204_MIN,2026-03-01,138,18628.96,48286.2,principal
SKU_1205_RAS,2026-03-01,109,28679.2,86644.1,principal
SKU_1205_COR,2026-03-01,82,21575.18,65181.8,principal
SKU_1206_HUN,2026-03-01,133,18265.14,55181.7,principal
SKU_1206_BLA,2026-03-01,53,7278.59,21989.7,principal
SKU_1207_POW,2026-03-01,113,37939.87,115248.7,principal
SKU_1207_BLA,2026-03-01,67,22495.32,68333.3,principal
SKU_1208_PAS,2026-03-01,84,20587.27,54171.6,principal
SKU_1208_MOS,2026-03-01,84,20587.27,54171.6,principal
SKU_1209_BLA,2026-03-01,117,12628.14,32748.3,principal
SKU_1209_DUS,2026-03-01,94,10145.68,26310.6,principal
SKU_1210_SHO,2026-03-01,112,8977.25,22948.8,principal
SKU_1210_WHI,2026-03-01,146,11702.49,29915.4,principal
SKU_1211_GAR,2026-03-01,169,17797.57,54063.1,principal
SKU_1211_CRE,2026-03-01,179,18850.68,57262.1,principal
SKU_1212_COB,2026-03-01,179,12517.15,39362.1,principal
SKU_1212_SNO,2026-03-01,97,6783.04,21330.3,principal
SKU_1213_MAG,2026-03-01,95,27361.62,83115.5,principal
SKU_1213_POW,2026-03-01,81,23329.38,70866.9,principal
SKU_1214_BLA,2026-03-01,113,10624.55,33888.7,principal
SKU_1214_RAS,2026-03-01,119,11188.68,35688.1,principal
SKU_1215_MAG,2026-03-01,130,8971.46,28587.0,principal
SKU_1215_BRI,2026-03-01,63,4347.71,13853.7,principal
SKU_1216_WHI,2026-03-01,170,25896.83,96883.0,principal
SKU_1216_CRE,2026-03-01,171,26049.16,97452.9,principal
SKU_1217_ROS,2026-03-01,106,27550.28,86909.4,principal
SKU_1217_RAS,2026-03-01,95,24691.29,77890.5,principal
SKU_1218_BLU,2026-03-01,103,26469.22,67454.7,principal
SKU_1218_SNO,2026-03-01,50,12849.14,32745.0,principal
SKU_1219_MAR,2026-03-01,129,19366.15,50942.1,principal
SKU_1219_LIM,2026-03-01,0,0.0,0.0,principal
SKU_1220_TUR,2026-03-01,87,8780.21,26526.3,principal
SKU_1220_HOT,2026-03-01,56,5651.63,17074.4,principal
SKU_1221_SAG,2026-03-01,121,28277.48,88922.9,principal
SKU_1221_PAL,2026-03-01,0,0.0,0.0,principal
SKU_1222_PAS,2026-03-01,101,28092.25,85334.9,principal
SKU_1222_HON,2026-03-01,115,31986.22,97163.5,principal
SKU_1223_TEA,2026-03-01,176,8395.39,25502.4,principal
SKU_1223_BLA,2026-03-01,87,4149.99,12606.3,principal
SKU_1224_OLI,2026-03-01,0,0.0,0.0,principal
SKU_1224_ARM,2026-03-01,61,8276.01,25308.9,principal
SKU_1225_POW,2026-03-01,112,7291.4,24068.8,principal
SKU_1225_IVO,2026-03-01,171,11132.41,36747.9,principal
SKU_1226_PAL,2026-03-01,166,22964.77,80493.4,principal
SKU_1226_LIG,2026-03-01,135,18676.17,65461.5,principal
SKU_1227_CLO,2026-03-01,117,13896.13,46788.3,principal
SKU_1227_PAS,2026-03-01,137,16271.53,54786.3,principal
SKU_1228_WHI,2026-03-01,173,19679.92,50152.7,principal
SKU_1228_SPA,2026-03-01,83,9441.81,24061.7,principal
SKU_1229_SAL,2026-03-01,79,22363.25,67932.1,principal
SKU_1229_CLO,2026-03-01,143,40480.31,122965.7,principal
SKU_1230_ROS,2026-03-01,118,15534.36,47188.2,principal
SKU_1230_NAV,2026-03-01,134,17640.71,53586.6,principal
SKU_1231_LIG,2026-03-01,134,21285.48,64306.6,principal
SKU_1231_BIR,2026-03-01,0,0.0,0.0,principal
SKU_1232_AQU,2026-03-01,54,6343.48,19164.6,principal
SKU_1232_FOR,2026-03-01,0,0.0,0.0,principal
SKU_1233_JAD,2026-03-01,93,7344.68,22310.7,principal
SKU_1233_SEA,2026-03-01,140,11056.51,33586.0,principal
SKU_1234_MOS,2026-03-01,62,4120.94,12703.8,principal
SKU_1234_SAL,2026-03-01,0,0.0,0.0,principal
SKU_1235_HUN,2026-03-01,0,0.0,0.0,principal
SKU_1235_COR,2026-03-01,143,19383.94,67195.7,principal
SKU_1236_DEE,2026-03-01,100,17666.9,56990.0,principal
SKU_1236_LIM,2026-03-01,185,32683.76,105431.5,principal
SKU_1237_BAB,2026-03-01,100,28527.15,99990.0,principal
SKU_1237_GAR,2026-03-01,171,48781.42,170982.9,principal
SKU_1238_SAP,2026-03-01,134,19535.63,61626.6,principal
SKU_1238_TUR,2026-03-01,0,0.0,0.0,principal
SKU_1239_BAB,2026-03-01,56,6601.61,17354.4,principal
SKU_1239_MID,2026-03-01,58,6837.39,17974.2,principal
SKU_1240_PAL,2026-03-01,192,63200.08,191980.8,principal
SKU_1240_MOS,2026-03-01,0,0.0,0.0,principal
SKU_1241_BAL,2026-03-01,66,7819.62,23753.4,principal
SKU_1241_FLA,2026-03-01,69,8175.06,24833.1,principal
SKU_1242_AQU,2026-03-01,167,16723.08,52588.3,principal
SKU_1242_SKY,2026-03-01,167,16723.08,52588.3,principal
SKU_1243_SNO,2026-03-01,87,7052.39,21306.3,principal
SKU_1243_PIN,2026-03-01,178,14429.02,43592.2,principal
SKU_1244_COB,2026-03-01,178,16409.5,51602.2,principal
SKU_1244_GAR,2026-03-01,85,7836.0,24641.5,principal
SKU_1245_COB,2026-03-01,87,5383.61,18261.3,principal
SKU_1245_SNO,2026-03-01,0,0.0,0.0,principal
SKU_1246_PAL,2026-03-01,116,9550.3,34208.4,principal
SKU_1246_COR,2026-03-01,78,6421.75,23002.2,principal
SKU_1247_SAP,2026-03-01,56,2874.23,10074.4,principal
SKU_1247_SKY,2026-03-01,124,6364.36,22307.6,principal
SKU_1248_AQU,2026-03-01,58,3222.32,9854.2,principal
SKU_1248_SAG,2026-03-01,86,4777.93,14611.4,principal
SKU_1249_WHI,2026-03-01,97,9958.99,26180.3,principal
SKU_1249_ARM,2026-03-01,154,15811.17,41564.6,principal
SKU_1250_AQU,2026-03-01,83,7101.4,21571.7,principal
SKU_1250_BAB,2026-03-01,105,8983.7,27289.5,principal
SKU_1251_SHO,2026-03-01,67,20289.68,61633.3,principal
SKU_1251_COB,2026-03-01,0,0.0,0.0,principal
SKU_1252_NAV,2026-03-01,108,7723.97,24289.2,principal
SKU_1252_FLA,2026-03-01,74,5292.35,16642.6,principal
SKU_1253_SEA,2026-03-01,181,21444.71,65141.9,principal
SKU_1253_FRE,2026-03-01,114,13506.62,41028.6,principal
SKU_1254_SEA,2026-03-01,0,0.0,0.0,principal
SKU_1254_BAB,2026-03-01,45,2828.56,8545.5,principal
SKU_1255_VAN,2026-03-01,42,6261.4,20155.8,principal
SKU_1255_SHO,2026-03-01,178,26536.41,85422.2,principal
SKU_1256_SEA,2026-03-01,157,31051.08,102034.3,principal
SKU_1256_MID,2026-03-01,176,34808.85,114382.4,principal
SKU_1257_SPA,2026-03-01,86,5027.39,17621.4,principal
SKU_1257_EME,2026-03-01,85,4968.93,17416.5,principal
SKU_1258_AQU,2026-03-01,93,7316.8,24635.7,principal
SKU_1258_LIG,2026-03-01,0,0.0,0.0,principal
SKU_1259_ARM,2026-03-01,75,9620.13,26992.5,principal
SKU_1259_POW,2026-03-01,0,0.0,0.0,principal
SKU_1260_WHI,2026-03-01,154,17326.06,52344.6,principal
SKU_1260_ROY,2026-03-01,174,19576.2,59142.6,principal
SKU_1261_PAS,2026-03-01,283,46106.67,140056.7,principal
SKU_1261_PAS,2026-03-01,283,46106.67,140056.7,principal
SKU_1262_BLU,2026-03-01,165,15013.66,45358.5,principal
SKU_1262_OFF,2026-03-01,0,0.0,0.0,principal
SKU_1263_COB,2026-03-01,0,0.0,0.0,principal
SKU_1263_SKY,2026-03-01,145,8826.02,26810.5,principal
SKU_1264_EGR,2026-03-01,190,37152.26,116831.0,principal
SKU_1264_BRI,2026-03-01,128,25028.89,78707.2,principal
SKU_1265_CRE,2026-03-01,113,8224.92,24848.7,principal
SKU_1265_JAD,2026-03-01,113,8224.92,24848.7,principal
SKU_1266_MEX,2026-03-01,109,10761.25,32689.1,principal
SKU_1266_SPA,2026-03-01,177,17474.69,53082.3,principal
SKU_1267_SKY,2026-03-01,137,15186.71,45881.3,principal
SKU_1267_SAP,2026-03-01,0,0.0,0.0,principal
SKU_1268_MYS,2026-03-01,85,9052.35,28466.5,principal
SKU_1268_MAR,2026-03-01,105,11182.31,35164.5,principal
SKU_1269_BAB,2026-03-01,111,37999.19,115428.9,principal
SKU_1269_CER,2026-03-01,58,19855.43,60314.2,principal
SKU_1270_CRE,2026-03-01,187,11690.32,35511.3,principal
SKU_1270_TUR,2026-03-01,129,8064.45,24497.1,principal
SKU_1271_OLI,2026-03-01,89,26073.0,79201.1,principal
SKU_1271_FLA,2026-03-01,50,14647.75,44495.0,principal
SKU_1272_PAS,2026-03-01,0,0.0,0.0,principal
SKU_1272_TEA,2026-03-01,109,13706.41,41409.1,principal
SKU_1273_PAS,2026-03-01,130,31620.97,99437.0,principal
SKU_1273_EGR,2026-03-01,0,0.0,0.0,principal
SKU_1274_MEX,2026-03-01,120,10108.58,31788.0,principal
SKU_1274_BAL,2026-03-01,177,14910.16,46887.3,principal
SKU_1275_MIN,2026-03-01,161,9799.92,29768.9,principal
SKU_1275_BIR,2026-03-01,113,6878.21,20893.7,principal
SKU_1276_WHI,2026-03-01,0,0.0,0.0,principal
SKU_1276_LIG,2026-03-01,184,9271.2,32181.6,principal
SKU_1277_MYS,2026-03-01,121,8662.94,32052.9,principal
SKU_1277_BAB,2026-03-01,230,16466.74,60927.0,principal
SKU_1278_BAB,2026-03-01,93,27326.23,95780.7,principal
SKU_1278_MOS,2026-03-01,215,63173.55,221428.5,principal
SKU_1279_FUC,2026-03-01,247,33371.01,112360.3,principal
SKU_1279_IVO,2026-03-01,183,24724.27,83246.7,principal
SKU_1280_LIM,2026-03-01,234,41690.46,116976.6,principal
SKU_1280_PRI,2026-03-01,0,0.0,0.0,principal
SKU_1281_PIS,2026-03-01,93,18734.55,49280.7,principal
SKU_1281_CER,2026-03-01,0,0.0,0.0,principal
SKU_1282_PIN,2026-03-01,174,12376.95,37392.6,principal
SKU_1282_BAL,2026-03-01,91,6473.0,19555.9,principal
SKU_1283_SNO,2026-03-01,280,16908.7,53172.0,principal
SKU_1283_BAB,2026-03-01,177,10688.71,33612.3,principal
SKU_1284_COR,2026-03-01,0,0.0,0.0,principal
SKU_1284_HOT,2026-03-01,212,49544.2,150498.8,principal
SKU_1285_WHI,2026-03-01,158,46017.01,139024.2,principal
SKU_1285_CLO,2026-03-01,251,73102.97,220854.9,principal
SKU_1286_MAR,2026-03-01,79,5820.38,19347.1,principal
SKU_1286_HOT,2026-03-01,187,13777.36,45796.3,principal
SKU_1287_NAV,2026-03-01,136,15231.77,51666.4,principal
SKU_1287_CER,2026-03-01,112,12543.81,42548.8,principal
SKU_1288_SAG,2026-03-01,73,5153.99,17512.7,principal
SKU_1288_BAB,2026-03-01,265,18709.68,63573.5,principal
SKU_1289_AQU,2026-03-01,463,155927.89,476843.7,principal
SKU_1289_AQU,2026-03-01,463,155927.89,476843.7,principal
SKU_1290_BIR,2026-03-01,240,46095.35,121176.0,principal
SKU_1290_PIN,2026-03-01,0,0.0,0.0,principal
SKU_1291_SAL,2026-03-01,68,5370.31,16313.2,principal
SKU_1291_SPA,2026-03-01,136,10740.61,32626.4,principal
SKU_1292_TEA,2026-03-01,238,24413.3,73756.2,principal
SKU_1292_FLA,2026-03-01,190,19489.61,58881.0,principal
SKU_1293_TEA,2026-03-01,202,20275.36,61589.8,principal
SKU_1293_OFF,2026-03-01,87,8732.46,26526.3,principal
SKU_1294_SEA,2026-03-01,67,4433.18,13393.3,principal
SKU_1294_COR,2026-03-01,0,0.0,0.0,principal
SKU_1295_PIS,2026-03-01,257,43562.81,132329.3,principal
SKU_1295_FLA,2026-03-01,0,0.0,0.0,principal
SKU_1296_DEE,2026-03-01,223,40460.92,144927.7,principal
SKU_1296_PEA,2026-03-01,0,0.0,0.0,principal
SKU_1297_WHI,2026-03-01,0,0.0,0.0,principal
SKU_1297_MIN,2026-03-01,227,14724.65,52187.3,principal
SKU_1298_OFF,2026-03-01,0,0.0,0.0,principal
SKU_1298_IVO,2026-03-01,0,0.0,0.0,principal
SKU_1299_BRI,2026-03-01,0,0.0,0.0,principal
SKU_1299_HOT,2026-03-01,90,5877.93,19791.0,principal
SKU_1300_BIR,2026-03-01,0,0.0,0.0,principal
SKU_1300_TEA,2026-03-01,172,70489.79,197782.8,principal
SKU_1301_AQU,2026-03-01,224,40181.36,122057.6,principal
SKU_1301_GAR,2026-03-01,265,47535.99,144398.5,principal
SKU_1302_EME,2026-03-01,133,18384.73,55846.7,principal
SKU_1302_DUS,2026-03-01,181,25019.83,76001.9,principal
SKU_1303_BIR,2026-03-01,136,7423.14,22426.4,principal
SKU_1303_SAP,2026-03-01,170,9278.92,28033.0,principal
SKU_1304_TUR,2026-03-01,236,37141.26,116796.4,principal
SKU_1304_GAR,2026-03-01,253,39816.68,125209.7,principal
SKU_1305_MAR,2026-03-01,158,18199.56,55284.2,principal
SKU_1305_OFF,2026-03-01,120,13822.45,41988.0,principal
SKU_1306_FRE,2026-03-01,130,35548.27,111787.0,principal
SKU_1306_SPA,2026-03-01,85,23243.1,73091.5,principal
SKU_1307_MAG,2026-03-01,187,13611.15,41121.3,principal
SKU_1307_FOR,2026-03-01,282,20525.91,62011.8,principal
SKU_1308_PAS,2026-03-01,161,22376.89,67603.9,principal
SKU_1308_CER,2026-03-01,230,31966.99,96577.0,principal
SKU_1309_OLI,2026-03-01,0,0.0,0.0,principal
SKU_1309_LIG,2026-03-01,209,25106.14,76264.1,principal
SKU_1310_MOS,2026-03-01,137,10878.75,32866.3,principal
SKU_1310_EGR,2026-03-01,229,18184.18,54937.1,principal
SKU_1311_BAB,2026-03-01,231,66912.17,203256.9,principal
SKU_1311_NAV,2026-03-01,268,77629.71,235813.2,principal
SKU_1312_HOT,2026-03-01,251,20761.94,62724.9,principal
SKU_1312_NAV,2026-03-01,0,0.0,0.0,principal
SKU_1313_SPA,2026-03-01,131,40317.75,122471.9,principal
SKU_1313_SHO,2026-03-01,0,0.0,0.0,principal
SKU_1314_BLU,2026-03-01,130,12406.56,37687.0,principal
SKU_1314_SNO,2026-03-01,0,0.0,0.0,principal
SKU_1315_WHI,2026-03-01,214,24430.65,73808.6,principal
SKU_1315_BLA,2026-03-01,170,19407.52,58633.0,principal
SKU_1316_DEN,2026-03-01,80,13560.41,41192.0,principal
SKU_1316_AQU,2026-03-01,85,14407.93,43766.5,principal
SKU_1317_BLU,2026-03-01,0,0.0,0.0,principal
SKU_1317_ROS,2026-03-01,231,15107.02,49641.9,principal
SKU_1318_PAS,2026-03-01,262,19936.6,62853.8,principal
SKU_1318_MYS,2026-03-01,0,0.0,0.0,principal
SKU_1319_MAR,2026-03-01,100,5417.85,18990.0,principal
SKU_1319_ROS,2026-03-01,264,14303.12,50133.6,principal
SKU_1320_PIS,2026-03-01,0,0.0,0.0,principal
SKU_1320_FOR,2026-03-01,184,8191.74,27581.6,principal
SKU_1321_FLA,2026-03-01,169,9112.32,25333.1,principal
SKU_1321_SER,2026-03-01,216,11646.51,32378.4,principal
SKU_1322_MOS,2026-03-01,0,0.0,0.0,principal
SKU_1322_IVO,2026-03-01,165,20706.5,54433.5,principal
SKU_1323_AQU,2026-03-01,179,20035.54,51892.1,principal
SKU_1323_FRE,2026-03-01,148,16565.7,42905.2,principal
SKU_1324_MID,2026-03-01,157,17143.91,51794.3,principal
SKU_1324_SNO,2026-03-01,280,30575.13,92372.0,principal
SKU_1325_LIG,2026-03-01,262,24409.74,78573.8,principal
SKU_1325_PEA,2026-03-01,105,9782.53,31489.5,principal
SKU_1326_PAS,2026-03-01,165,24297.26,83308.5,principal
SKU_1326_BAB,2026-03-01,239,35194.21,120671.1,principal
SKU_1327_GAR,2026-03-01,241,17870.02,62635.9,principal
SKU_1327_HON,2026-03-01,210,15571.39,54579.0,principal
SKU_1328_EGR,2026-03-01,195,15341.68,51655.5,principal
SKU_1328_LIG,2026-03-01,0,0.0,0.0,principal
SKU_1329_NAV,2026-03-01,92,9013.64,25290.8,principal
SKU_1329_MIN,2026-03-01,128,12540.72,35187.2,principal
SKU_1330_PRI,2026-03-01,174,17848.38,53922.6,principal
SKU_1330_LIM,2026-03-01,276,28311.22,85532.4,principal
SKU_1331_ARM,2026-03-01,210,18691.72,58779.0,principal
SKU_1331_AQU,2026-03-01,235,20916.93,65776.5,principal
SKU_1332_MOS,2026-03-01,156,8514.78,25724.4,principal
SKU_1332_MOS,2026-03-01,156,8514.78,25724.4,principal
SKU_1333_PIS,2026-03-01,217,13639.95,41208.3,principal
SKU_1333_MOS,2026-03-01,147,9239.96,27915.3,principal
SKU_1334_TEA,2026-03-01,81,12330.38,37251.9,principal
SKU_1334_ROY,2026-03-01,0,0.0,0.0,principal
SKU_1335_CRE,2026-03-01,115,13080.39,43688.5,principal
SKU_1335_BRI,2026-03-01,0,0.0,0.0,principal
SKU_1336_LIM,2026-03-01,161,15391.0,56333.9,principal
SKU_1336_PIN,2026-03-01,204,19501.64,71379.6,principal
SKU_1337_DUS,2026-03-01,98,5332.77,18120.2,principal
SKU_1337_MAG,2026-03-01,239,13005.44,44191.1,principal
SKU_1338_OLI,2026-03-01,104,6968.24,21309.6,principal
SKU_1338_PAS,2026-03-01,174,11658.4,35652.6,principal
SKU_1339_JAD,2026-03-01,178,19659.81,55162.2,principal
SKU_1339_EME,2026-03-01,203,22421.02,62909.7,principal
SKU_1340_SNO,2026-03-01,0,0.0,0.0,principal
SKU_1340_POW,2026-03-01,253,95355.97,289659.7,principal
SKU_1341_HOT,2026-03-01,225,12871.84,40477.5,principal
SKU_1341_PEA,2026-03-01,97,5549.2,17450.3,principal
SKU_1342_CRE,2026-03-01,197,21919.84,68930.3,principal
SKU_1342_BAB,2026-03-01,86,9569.07,30091.4,principal
SKU_1343_NAV,2026-03-01,92,9589.33,28970.8,principal
SKU_1343_IVO,2026-03-01,200,20846.38,62980.0,principal
SKU_1344_PAS,2026-03-01,206,20628.47,64869.4,principal
SKU_1344_MID,2026-03-01,132,13218.24,41566.8,principal
SKU_1345_ARM,2026-03-01,128,42121.26,153587.2,principal
SKU_1345_FOR,2026-03-01,132,43437.55,158386.8,principal
SKU_1346_HON,2026-03-01,208,16152.97,55099.2,principal
SKU_1346_PEA,2026-03-01,93,7222.24,24635.7,principal
SKU_1347_DUS,2026-03-01,0,0.0,0.0,principal
SKU_1347_LIM,2026-03-01,150,11623.54,43485.0,principal
SKU_1348_NAV,2026-03-01,240,51004.15,155976.0,principal
SKU_1348_PIS,2026-03-01,0,0.0,0.0,principal
SKU_1349_HON,2026-03-01,213,17543.69,44708.7,principal
SKU_1349_SEA,2026-03-01,84,6918.64,17631.6,principal
SKU_1350_SNO,2026-03-01,96,9052.98,27350.4,principal
SKU_1350_BAB,2026-03-01,211,19897.7,60113.9,principal
SKU_1351_SAG,2026-03-01,208,47498.24,143499.2,principal
SKU_1351_HON,2026-03-01,255,58231.01,175924.5,principal
SKU_1352_CER,2026-03-01,233,21586.73,65216.7,principal
SKU_1352_HUN,2026-03-01,155,14360.27,43384.5,principal
SKU_1353_MAG,2026-03-01,241,15148.51,45765.9,principal
SKU_1353_MAR,2026-03-01,286,17977.07,54311.4,principal
SKU_1354_AQU,2026-03-01,273,83122.24,252497.7,principal
SKU_1354_CLE,2026-03-01,161,49020.81,148908.9,principal
SKU_1355_PAS,2026-03-01,252,14509.42,44074.8,principal
SKU_1355_DEE,2026-03-01,130,7485.02,22737.0,principal
SKU_1356_BLU,2026-03-01,139,9833.57,29871.1,principal
SKU_1356_DEN,2026-03-01,0,0.0,0.0,principal
SKU_1357_BRI,2026-03-01,117,25749.58,77793.3,principal
SKU_1357_BLU,2026-03-01,264,58101.62,175533.6,principal
SKU_1358_DUS,2026-03-01,114,7502.01,22788.6,principal
SKU_1358_MAR,2026-03-01,150,9871.06,29985.0,principal
SKU_1359_BLU,2026-03-01,114,15403.47,48438.6,principal
SKU_1359_NAV,2026-03-01,117,15808.83,49713.3,principal
SKU_1360_WHI,2026-03-01,259,27424.71,82854.1,principal
SKU_1360_FRE,2026-03-01,0,0.0,0.0,principal
SKU_1361_MEX,2026-03-01,256,15459.38,48614.4,principal
SKU_1361_BLU,2026-03-01,109,6582.31,20699.1,principal
SKU_1362_POW,2026-03-01,256,77736.5,244454.4,principal
SKU_1362_SEA,2026-03-01,137,41601.17,130821.3,principal
SKU_1363_RAS,2026-03-01,134,40477.14,127286.6,principal
SKU_1363_HUN,2026-03-01,236,71288.1,224176.4,principal
SKU_1364_OFF,2026-03-01,196,28664.65,90140.4,principal
SKU_1364_TEA,2026-03-01,0,0.0,0.0,principal
SKU_1365_BUB,2026-03-01,0,0.0,0.0,principal
SKU_1365_NAV,2026-03-01,0,0.0,0.0,principal
SKU_1366_TEA,2026-03-01,209,28094.89,91939.1,principal
SKU_1366_PAL,2026-03-01,191,25675.23,84020.9,principal
SKU_1367_VAN,2026-03-01,100,5510.94,17990.0,principal
SKU_1367_BLA,2026-03-01,208,11462.76,37419.2,principal
SKU_1368_SNO,2026-03-01,165,35065.8,122908.5,principal
SKU_1368_TUR,2026-03-01,147,31240.44,109500.3,principal
SKU_1369_SNO,2026-03-01,118,5981.22,18868.2,principal
SKU_1369_RAS,2026-03-01,198,10036.28,31660.2,principal
SKU_1370_PRI,2026-03-01,0,0.0,0.0,principal
SKU_1370_MYS,2026-03-01,254,17930.56,45694.6,principal
SKU_1371_WHI,2026-03-01,198,18016.4,54430.2,principal
SKU_1371_HOT,2026-03-01,0,0.0,0.0,principal
SKU_1372_SEA,2026-03-01,113,12713.28,38408.7,principal
SKU_1372_DEN,2026-03-01,155,17438.57,52684.5,principal
SKU_1373_SKY,2026-03-01,91,5688.87,17280.9,principal
SKU_1373_CRE,2026-03-01,192,12002.9,36460.8,principal
SKU_1374_SAL,2026-03-01,0,0.0,0.0,principal
SKU_1374_BLU,2026-03-01,0,0.0,0.0,principal
SKU_1375_COR,2026-03-01,209,18325.52,55364.1,principal
SKU_1375_CLE,2026-03-01,213,18676.24,56423.7,principal
SKU_1376_SNO,2026-03-01,154,12290.61,43874.6,principal
SKU_1376_BIR,2026-03-01,155,12370.42,44159.5,principal
SKU_1377_PRI,2026-03-01,0,0.0,0.0,principal
SKU_1377_CLO,2026-03-01,201,15808.22,52239.9,principal
SKU_1378_SPA,2026-03-01,80,4676.64,16392.0,principal
SKU_1378_MOS,2026-03-01,223,13036.13,45692.7,principal
SKU_1379_SNO,2026-03-01,183,28129.53,88736.7,principal
SKU_1379_WHI,2026-03-01,258,39658.03,125104.2,principal
SKU_1380_TUR,2026-03-01,0,0.0,0.0,principal
SKU_1380_MIN,2026-03-01,231,20839.15,53106.9,principal
SKU_1381_WHI,2026-03-01,153,13921.76,42059.7,principal
SKU_1381_PAS,2026-03-01,115,10464.07,31613.5,principal
SKU_1382_ARM,2026-03-01,217,13104.24,41208.3,principal
SKU_1382_HOT,2026-03-01,126,7608.91,23927.4,principal
SKU_1383_CLE,2026-03-01,186,11075.72,33461.4,principal
SKU_1383_TUR,2026-03-01,249,14827.18,44795.1,principal
SKU_1384_CRE,2026-03-01,175,29951.44,90982.5,principal
SKU_1384_SKY,2026-03-01,270,46210.79,140373.0,principal
SKU_1385_PRI,2026-03-01,258,24756.88,74794.2,principal
SKU_1385_NAV,2026-03-01,68,6525.07,19713.2,principal
SKU_1386_SER,2026-03-01,99,6669.64,21275.1,principal
SKU_1386_COB,2026-03-01,256,17246.73,55014.4,principal
SKU_1387_BRI,2026-03-01,115,5260.41,18388.5,principal
SKU_1387_BAB,2026-03-01,267,12213.29,42693.3,principal
SKU_1388_BRI,2026-03-01,250,25052.69,93725.0,principal
SKU_1388_VAN,2026-03-01,265,26555.85,99348.5,principal
SKU_1389_SHO,2026-03-01,26,1080.31,3637.4,principal
SKU_1389_BAB,2026-03-01,24,997.21,3357.6,principal
SKU_1390_SAP,2026-03-01,21,1894.47,4827.9,principal
SKU_1390_PAS,2026-03-01,0,0.0,0.0,principal
SKU_1391_LIG,2026-03-01,18,1697.43,5128.2,principal
SKU_1391_SEA,2026-03-01,39,3677.77,11111.1,principal
SKU_1392_LIM,2026-03-01,67,6540.0,19758.3,principal
SKU_1392_BLU,2026-03-01,52,5075.82,15334.8,principal
SKU_1393_COB,2026-03-01,46,4533.22,14255.4,principal
SKU_1393_SKY,2026-03-01,48,4730.31,14875.2,principal
SKU_1394_FOR,2026-03-01,70,10459.97,32893.0,principal
SKU_1394_EME,2026-03-01,46,6873.7,21615.4,principal
SKU_1395_BLA,2026-03-01,26,2396.89,7537.4,principal
SKU_1395_TUR,2026-03-01,47,4332.85,13625.3,principal
SKU_1396_FUC,2026-03-01,29,1287.86,3912.1,principal
SKU_1396_PAS,2026-03-01,42,1865.18,5665.8,principal
SKU_1397_SNO,2026-03-01,58,4485.09,13624.2,principal
SKU_1397_BUB,2026-03-01,45,3479.81,10570.5,principal
SKU_1398_AQU,2026-03-01,53,11775.39,35769.7,principal
SKU_1398_SPA,2026-03-01,62,13774.98,41843.8,principal
SKU_1399_PAL,2026-03-01,46,3948.1,12415.4,principal
SKU_1399_CRE,2026-03-01,0,0.0,0.0,principal
SKU_1400_FOR,2026-03-01,32,2211.17,6716.8,principal
SKU_1400_PAL,2026-03-01,54,3731.35,11334.6,principal
SKU_1401_GAR,2026-03-01,52,4129.16,12474.8,principal
SKU_1401_BLU,2026-03-01,34,2699.83,8156.6,principal
SKU_1402_WHI,2026-03-01,23,1718.06,5402.7,principal
SKU_1402_VAN,2026-03-01,36,2689.14,8456.4,principal
SKU_1403_AQU,2026-03-01,0,0.0,0.0,principal
SKU_1403_DUS,2026-03-01,26,3294.44,10007.4,principal
SKU_1404_SAP,2026-03-01,44,14853.82,44875.6,principal
SKU_1404_ARM,2026-03-01,34,11477.95,34676.6,principal
SKU_1405_FLA,2026-03-01,52,3698.86,11174.8,principal
SKU_1405_CLO,2026-03-01,28,1991.69,6017.2,principal
SKU_1406_PRI,2026-03-01,0,0.0,0.0,principal
SKU_1406_SHO,2026-03-01,53,6104.92,18544.7,principal
SKU_1407_OFF,2026-03-01,33,2034.2,7091.7,principal
SKU_1407_EME,2026-03-01,57,3513.62,12249.3,principal
SKU_1408_PAS,2026-03-01,57,16597.34,52434.3,principal
SKU_1408_FUC,2026-03-01,58,16888.53,53354.2,principal
SKU_1409_PEA,2026-03-01,149,9204.26,31275.1,principal
SKU_1409_PEA,2026-03-01,149,9204.26,31275.1,principal
SKU_1410_ROS,2026-03-01,47,15911.86,53575.3,principal
SKU_1410_JAD,2026-03-01,38,12864.91,43316.2,principal
SKU_1411_BLU,2026-03-01,73,5724.85,16417.7,principal
SKU_1411_RAS,2026-03-01,25,1960.57,5622.5,principal
SKU_1412_SHO,2026-03-01,65,20731.25,58168.5,principal
SKU_1412_BAB,2026-03-01,26,8292.5,23267.4,principal
SKU_1413_SAG,2026-03-01,68,4161.73,12573.2,principal
SKU_1413_JAD,2026-03-01,55,3366.1,10169.5,principal
SKU_1414_DUS,2026-03-01,59,6377.2,20054.1,principal
SKU_1414_CLO,2026-03-01,57,6161.03,19374.3,principal
SKU_1415_BAB,2026-03-01,48,5417.19,17035.2,principal
SKU_1415_MID,2026-03-01,43,4852.9,15260.7,principal
SKU_1416_CLE,2026-03-01,46,3959.06,12875.4,principal
SKU_1416_AQU,2026-03-01,56,4819.72,15674.4,principal
SKU_1417_SNO,2026-03-01,37,3307.94,10356.3,principal
SKU_1417_BIR,2026-03-01,43,3844.37,12035.7,principal
SKU_1418_CLE,2026-03-01,47,11985.4,39710.3,principal
SKU_1418_MOS,2026-03-01,18,4590.15,15208.2,principal
SKU_1419_FLA,2026-03-01,59,4917.75,14744.1,principal
SKU_1419_WHI,2026-03-01,27,2250.49,6747.3,principal
SKU_1420_EGR,2026-03-01,49,15928.25,48505.1,principal
SKU_1420_LIM,2026-03-01,51,16578.38,50484.9,principal
SKU_1421_LIG,2026-03-01,33,2871.95,7586.7,principal
SKU_1421_SER,2026-03-01,0,0.0,0.0,principal
SKU_1422_PIN,2026-03-01,73,8757.21,22987.7,principal
SKU_1422_MIN,2026-03-01,57,6837.82,17949.3,principal
SKU_1423_JAD,2026-03-01,72,28440.51,86392.8,principal
SKU_1423_SAG,2026-03-01,67,26465.47,80393.3,principal
SKU_1424_VAN,2026-03-01,64,20961.35,63673.6,principal
SKU_1424_BAB,2026-03-01,48,15721.01,47755.2,principal
SKU_1425_WHI,2026-03-01,0,0.0,0.0,principal
SKU_1425_LIG,2026-03-01,44,2936.92,9235.6,principal
SKU_1426_NAV,2026-03-01,43,1624.11,5585.7,principal
SKU_1426_SEA,2026-03-01,25,944.25,3247.5,principal
SKU_1427_AQU,2026-03-01,56,3484.75,11194.4,principal
SKU_1427_BLA,2026-03-01,0,0.0,0.0,principal
SKU_1428_COB,2026-03-01,0,0.0,0.0,principal
SKU_1428_SKY,2026-03-01,41,5506.17,20085.9,principal
SKU_1429_SPA,2026-03-01,67,4021.19,12723.3,principal
SKU_1429_MAG,2026-03-01,41,2460.73,7785.9,principal
SKU_1430_PEA,2026-03-01,72,4542.64,12952.8,principal
SKU_1430_JAD,2026-03-01,69,4353.37,12413.1,principal
SKU_1431_TEA,2026-03-01,30,3783.59,11097.0,principal
SKU_1431_CRE,2026-03-01,60,7567.18,22194.0,principal
SKU_1432_WHI,2026-03-01,31,8655.6,22316.9,principal
SKU_1432_BRI,2026-03-01,0,0.0,0.0,principal
SKU_1433_OLI,2026-03-01,32,3317.28,10076.8,principal
SKU_1433_SAP,2026-03-01,29,3006.29,9132.1,principal
SKU_1434_ARM,2026-03-01,69,4605.63,14483.1,principal
SKU_1434_MIN,2026-03-01,37,2469.68,7766.3,principal
SKU_1435_SKY,2026-03-01,64,19507.78,64633.6,principal
SKU_1435_OLI,2026-03-01,17,5181.75,17168.3,principal
SKU_1436_BLU,2026-03-01,17,1408.98,4758.3,principal
SKU_1436_PAS,2026-03-01,0,0.0,0.0,principal
SKU_1437_ROY,2026-03-01,0,0.0,0.0,principal
SKU_1437_AQU,2026-03-01,49,2573.77,8080.1,principal
SKU_1438_MOS,2026-03-01,56,4307.44,11474.4,principal
SKU_1438_DEE,2026-03-01,64,4922.79,13113.6,principal
SKU_1439_CER,2026-03-01,42,2570.48,7765.8,principal
SKU_1439_SHO,2026-03-01,52,3182.5,9614.8,principal
SKU_1440_PIS,2026-03-01,25,11573.13,29997.5,principal
SKU_1440_BLU,2026-03-01,38,17591.15,45596.2,principal
SKU_1441_COB,2026-03-01,58,25975.24,66984.2,principal
SKU_1441_IVO,2026-03-01,42,18809.66,48505.8,principal
SKU_1442_OFF,2026-03-01,17,1631.27,4928.3,principal
SKU_1442_EME,2026-03-01,44,4222.1,12755.6,principal
SKU_1443_BLU,2026-03-01,59,5270.88,15924.1,principal
SKU_1443_PRI,2026-03-01,0,0.0,0.0,principal
SKU_1444_HUN,2026-03-01,0,0.0,0.0,principal
SKU_1444_OLI,2026-03-01,0,0.0,0.0,principal
SKU_1445_TEA,2026-03-01,68,10748.24,27873.2,principal
SKU_1445_PRI,2026-03-01,54,8535.37,22134.6,principal
SKU_1446_SHO,2026-03-01,38,4012.08,10256.2,principal
SKU_1446_GAR,2026-03-01,54,5701.38,14574.6,principal
SKU_1447_BLU,2026-03-01,67,5291.33,16073.3,principal
SKU_1447_OLI,2026-03-01,50,3948.75,11995.0,principal
SKU_1448_SKY,2026-03-01,45,2665.04,8095.5,principal
SKU_1448_SEA,2026-03-01,42,2487.37,7555.8,principal
SKU_1449_BLA,2026-03-01,25,2688.55,8122.5,principal
SKU_1449_NAV,2026-03-01,40,4301.68,12996.0,principal
SKU_1450_MAG,2026-03-01,46,6097.89,18855.4,principal
SKU_1450_JAD,2026-03-01,0,0.0,0.0,principal
SKU_1451_WHI,2026-03-01,28,2219.88,6857.2,principal
SKU_1451_BIR,2026-03-01,39,3091.98,9551.1,principal
SKU_1452_SKY,2026-03-01,55,2130.25,7969.5,principal
SKU_1452_DEE,2026-03-01,24,929.56,3477.6,principal
SKU_1453_SAP,2026-03-01,0,0.0,0.0,principal
SKU_1453_PRI,2026-03-01,26,1936.05,6107.4,principal
SKU_1454_BRI,2026-03-01,26,1482.57,3897.4,principal
SKU_1454_BUB,2026-03-01,42,2394.92,6295.8,principal
SKU_1455_TEA,2026-03-01,42,4655.78,14065.8,principal
SKU_1455_ROY,2026-03-01,20,2217.04,6698.0,principal
SKU_1456_EME,2026-03-01,73,7608.93,22987.7,principal
SKU_1456_DEN,2026-03-01,48,5003.13,15115.2,principal
SKU_1457_SNO,2026-03-01,56,2963.91,8954.4,principal
SKU_1457_MAG,2026-03-01,35,1852.44,5596.5,principal
SKU_1458_PEA,2026-03-01,63,7296.46,22043.7,principal
SKU_1458_MIN,2026-03-01,48,5559.21,16795.2,principal
SKU_1459_OFF,2026-03-01,45,3109.46,9445.5,principal
SKU_1459_CRE,2026-03-01,37,2556.67,7766.3,principal
SKU_1460_FUC,2026-03-01,43,2384.06,7520.7,principal
SKU_1460_OLI,2026-03-01,64,3548.37,11193.6,principal
SKU_1461_NAV,2026-03-01,34,11762.01,36376.6,principal
SKU_1461_PRI,2026-03-01,23,7956.65,24607.7,principal
SKU_1462_MID,2026-03-01,68,6632.57,24813.2,principal
SKU_1462_OFF,2026-03-01,43,4194.12,15690.7,principal
SKU_1463_LIG,2026-03-01,61,5184.23,15853.9,principal
SKU_1463_DUS,2026-03-01,15,1274.81,3898.5,principal
SKU_1464_MOS,2026-03-01,30,2623.62,6897.0,principal
SKU_1464_BIR,2026-03-01,41,3585.61,9425.9,principal
SKU_1465_CLE,2026-03-01,47,5626.48,14800.3,principal
SKU_1465_OFF,2026-03-01,47,5626.48,14800.3,principal
SKU_1466_PRI,2026-03-01,20,1777.02,5398.0,principal
SKU_1466_SAP,2026-03-01,55,4886.81,14844.5,principal
SKU_1467_OLI,2026-03-01,74,4821.71,15162.6,principal
SKU_1467_FUC,2026-03-01,53,3453.38,10859.7,principal
SKU_1468_BAB,2026-03-01,0,0.0,0.0,principal
SKU_1468_MYS,2026-03-01,21,3683.33,11127.9,principal
SKU_1469_ARM,2026-03-01,49,4595.13,14450.1,principal
SKU_1469_SAL,2026-03-01,47,4407.58,13860.3,principal
SKU_1470_WHI,2026-03-01,0,0.0,0.0,principal
SKU_1470_MAR,2026-03-01,17,5072.85,15638.3,principal
SKU_1471_ROS,2026-03-01,60,3322.7,12294.0,principal
SKU_1471_LIG,2026-03-01,0,0.0,0.0,principal
SKU_1472_EME,2026-03-01,45,6660.83,21145.5,principal
SKU_1472_MYS,2026-03-01,51,7548.94,23964.9,principal
SKU_1473_BLU,2026-03-01,32,1538.79,5756.8,principal
SKU_1473_BAB,2026-03-01,60,2885.24,10794.0,principal
SKU_1474_BRI,2026-03-01,0,0.0,0.0,principal
SKU_1474_DEN,2026-03-01,37,12823.73,39216.3,principal
SKU_1475_VAN,2026-03-01,54,5133.35,13494.6,principal
SKU_1475_MIN,2026-03-01,33,3137.04,8246.7,principal
SKU_1476_WHI,2026-03-01,58,5248.83,15944.2,principal
SKU_1476_CLO,2026-03-01,22,1990.94,6047.8,principal
SKU_1477_CLE,2026-03-01,30,2233.26,6747.0,principal
SKU_1477_EME,2026-03-01,45,3349.89,10120.5,principal
SKU_1478_TEA,2026-03-01,39,2502.28,7601.1,principal
SKU_1478_COB,2026-03-01,58,3721.34,11304.2,principal
SKU_1479_MIN,2026-03-01,42,7714.22,23305.8,principal
SKU_1479_FUC,2026-03-01,25,4591.8,13872.5,principal
SKU_1480_SNO,2026-03-01,30,3673.11,11097.0,principal
SKU_1480_MEX,2026-03-01,25,3060.92,9247.5,principal
SKU_1481_BLA,2026-03-01,42,10344.54,34015.8,principal
SKU_1481_TEA,2026-03-01,25,6157.47,20247.5,principal
SKU_1482_MOS,2026-03-01,50,6210.36,22245.0,principal
SKU_1482_SHO,2026-03-01,31,3850.42,13791.9,principal
SKU_1483_WHI,2026-03-01,30,2868.54,9747.0,principal
SKU_1483_POW,2026-03-01,36,3442.25,11696.4,principal
SKU_1484_MOS,2026-03-01,24,3278.17,11037.6,principal
SKU_1484_EGR,2026-03-01,61,8332.01,28053.9,principal
SKU_1485_PAS,2026-03-01,66,17219.85,43883.4,principal
SKU_1485_CER,2026-03-01,29,7566.3,19282.1,principal
SKU_1486_OLI,2026-03-01,0,0.0,0.0,principal
SKU_1486_PAL,2026-03-01,65,6237.2,18843.5,principal
SKU_1487_BRI,2026-03-01,0,0.0,0.0,principal
SKU_1487_CLE,2026-03-01,29,3088.45,9712.1,principal
SKU_1488_IVO,2026-03-01,18,1945.59,6118.2,principal
SKU_1488_PEA,2026-03-01,0,0.0,0.0,principal
SKU_1489_TEA,2026-03-01,64,7793.35,23673.6,principal
SKU_1489_IVO,2026-03-01,55,6697.41,20344.5,principal
SKU_1490_EME,2026-03-01,52,5420.06,16374.8,principal
SKU_1490_VAN,2026-03-01,59,6149.68,18579.1,principal
SKU_1491_GAR,2026-03-01,33,1382.92,4451.7,principal
SKU_1491_CER,2026-03-01,61,2556.31,8228.9,principal
SKU_1492_SKY,2026-03-01,54,6355.18,20244.6,principal
SKU_1492_BIR,2026-03-01,22,2589.15,8247.8,principal
SKU_1493_PEA,2026-03-01,23,2028.19,7587.7,principal
SKU_1493_CLO,2026-03-01,77,6790.03,25402.3,principal
SKU_1494_EGR,2026-03-01,70,24073.93,75943.0,principal
SKU_1494_HOT,2026-03-01,18,6190.44,19528.2,principal
SKU_1495_FUC,2026-03-01,0,0.0,0.0,principal
SKU_1495_BLA,2026-03-01,24,2821.83,7917.6,principal
SKU_1496_PAS,2026-03-01,50,18680.45,56745.0,principal
SKU_1496_PEA,2026-03-01,0,0.0,0.0,principal
SKU_1497_FUC,2026-03-01,32,1428.86,4316.8,principal
SKU_1497_VAN,2026-03-01,36,1607.47,4856.4,principal
SKU_1498_OLI,2026-03-01,71,7987.99,24132.9,principal
SKU_1498_LIG,2026-03-01,0,0.0,0.0,principal
SKU_1499_HOT,2026-03-01,28,2314.15,7277.2,principal
SKU_1499_RAS,2026-03-01,50,4132.41,12995.0,principal
SKU_1500_MOS,2026-03-01,55,4705.75,14294.5,principal
SKU_1500_PAS,2026-03-01,60,5133.54,15594.0,principal
SKU_1501_OLI,2026-03-01,34,1912.05,5776.6,principal
SKU_1501_SAL,2026-03-01,21,1180.97,3567.9,principal
SKU_1502_PEA,2026-03-01,22,1520.18,4617.8,principal
SKU_1502_VAN,2026-03-01,46,3178.56,9655.4,principal
SKU_1503_VAN,2026-03-01,30,2270.49,6897.0,principal
SKU_1503_CER,2026-03-01,44,3330.06,10115.6,principal
SKU_1504_EME,2026-03-01,17,1912.62,5778.3,principal
SKU_1504_NAV,2026-03-01,35,3937.74,11896.5,principal
SKU_1505_BLU,2026-03-01,68,5287.13,15973.2,principal
SKU_1505_SNO,2026-03-01,27,2099.3,6342.3,principal
SKU_1506_PAL,2026-03-01,47,3436.09,10805.3,principal
SKU_1506_BRI,2026-03-01,0,0.0,0.0,principal
SKU_1507_PAS,2026-03-01,57,3394.17,10254.3,principal
SKU_1507_FLA,2026-03-01,0,0.0,0.0,principal
SKU_1508_LIM,2026-03-01,69,4767.84,14483.1,principal
SKU_1508_DEE,2026-03-01,33,2280.27,6926.7,principal
SKU_1509_HOT,2026-03-01,37,3917.82,11836.3,principal
SKU_1509_MAG,2026-03-01,0,0.0,0.0,principal
SKU_1510_SNO,2026-03-01,44,11681.92,36735.6,principal
SKU_1510_ROS,2026-03-01,33,8761.44,27551.7,principal
SKU_1511_CLE,2026-03-01,28,8324.35,26177.2,principal
SKU_1511_SKY,2026-03-01,69,20513.58,64508.1,principal
SKU_1512_TEA,2026-03-01,43,3067.45,9670.7,principal
SKU_1512_MYS,2026-03-01,59,4208.83,13269.1,principal
SKU_1513_PAS,2026-03-01,44,2555.57,9455.6,principal
SKU_1513_RAS,2026-03-01,44,2555.57,9455.6,principal
SKU_1514_PEA,2026-03-01,52,12700.46,43154.8,principal
SKU_1514_SPA,2026-03-01,40,9769.58,33196.0,principal
SKU_1515_SEA,2026-03-01,38,2421.83,7406.2,principal
SKU_1515_AQU,2026-03-01,27,1720.77,5262.3,principal
SKU_1516_CRE,2026-03-01,29,3859.96,10147.1,principal
SKU_1516_EME,2026-03-01,26,3460.65,9097.4,principal
SKU_1517_FOR,2026-03-01,32,14596.93,38396.8,principal
SKU_1517_ROS,2026-03-01,44,20070.78,52795.6,principal
SKU_1518_CLE,2026-03-01,66,4930.08,15503.4,principal
SKU_1518_LIM,2026-03-01,54,4033.7,12684.6,principal
SKU_1519_BLU,2026-03-01,49,9815.1,30865.1,principal
SKU_1519_TEA,2026-03-01,59,11818.18,37164.1,principal
SKU_1520_GAR,2026-03-01,63,4664.34,14168.7,principal
SKU_1520_ROY,2026-03-01,48,3553.78,10795.2,principal
SKU_1521_MOS,2026-03-01,24,1449.32,4557.6,principal
SKU_1521_FRE,2026-03-01,0,0.0,0.0,principal
SKU_1522_MOS,2026-03-01,54,2211.77,8094.6,principal
SKU_1522_BIR,2026-03-01,62,2539.44,9293.8,principal
SKU_1523_HOT,2026-03-01,40,4142.05,14996.0,principal
SKU_1523_CRE,2026-03-01,54,5591.76,20244.6,principal
SKU_1524_BLU,2026-03-01,0,0.0,0.0,principal
SKU_1524_DEN,2026-03-01,21,2286.09,7767.9,principal
SKU_1525_MYS,2026-03-01,35,3216.44,10146.5,principal
SKU_1525_OLI,2026-03-01,0,0.0,0.0,principal
SKU_1526_FOR,2026-03-01,26,1574.36,4417.4,principal
SKU_1527_FUC,2026-03-01,50,14976.95,45495.0,principal
SKU_1527_TEA,2026-03-01,59,17672.81,53684.1,principal
SKU_1528_PAS,2026-03-01,63,4481.31,13538.7,principal
SKU_1528_DEN,2026-03-01,76,5406.02,16332.4,principal
SKU_1529_HUN,2026-03-01,55,4434.16,13469.5,principal
SKU_1529_MIN,2026-03-01,62,4998.51,15183.8,principal
SKU_1530_HON,2026-03-01,37,1582.23,4806.3,principal
SKU_1530_PEA,2026-03-01,42,1796.05,5455.8,principal
SKU_1531_TEA,2026-03-01,50,9100.84,27495.0,principal
SKU_1531_SNO,2026-03-01,59,10739.0,32444.1,principal
SKU_1532_BRI,2026-03-01,49,13404.86,48015.1,principal
SKU_1532_EME,2026-03-01,45,12310.58,44095.5,principal
SKU_1533_CER,2026-03-01,63,3128.56,10388.7,principal
SKU_1533_DUS,2026-03-01,76,3774.13,12532.4,principal
SKU_1534_MYS,2026-03-01,61,3588.66,12193.9,principal
SKU_1534_HUN,2026-03-01,20,1176.61,3998.0,principal
SKU_1535_NAV,2026-03-01,32,3092.91,9756.8,principal
SKU_1535_MOS,2026-03-01,49,4736.01,14940.1,principal
SKU_1536_MOS,2026-03-01,47,5777.35,16210.3,principal
SKU_1536_FRE,2026-03-01,33,4056.44,11381.7,principal
SKU_1537_SAP,2026-03-01,59,4977.94,15039.1,principal
SKU_1537_BLA,2026-03-01,23,1940.55,5862.7,principal
SKU_1538_MAG,2026-03-01,51,3543.32,10704.9,principal
SKU_1538_PAS,2026-03-01,0,0.0,0.0,principal
SKU_1539_BLA,2026-03-01,19,2114.1,6648.1,principal
SKU_1539_PEA,2026-03-01,50,5563.41,17495.0,principal
SKU_1540_BAL,2026-03-01,0,0.0,0.0,principal
SKU_1540_MAG,2026-03-01,33,1782.93,5606.7,principal
SKU_1541_AQU,2026-03-01,0,0.0,0.0,principal
SKU_1541_POW,2026-03-01,63,13520.95,42518.7,principal
SKU_1542_DEE,2026-03-01,43,6651.72,20205.7,principal
SKU_1542_PEA,2026-03-01,70,10828.38,32893.0,principal
SKU_1543_BAB,2026-03-01,70,16358.87,51443.0,principal
SKU_1543_FLA,2026-03-01,47,10983.82,34540.3,principal
SKU_1544_OLI,2026-03-01,56,3559.82,11194.4,principal
SKU_1544_PEA,2026-03-01,39,2479.16,7796.1,principal
SKU_1545_TEA,2026-03-01,49,4049.76,12735.1,principal
SKU_1545_HOT,2026-03-01,71,5868.02,18452.9,principal
SKU_1546_PAS,2026-03-01,37,2057.87,6471.3,principal
SKU_1546_IVO,2026-03-01,25,1390.45,4372.5,principal
SKU_1547_IVO,2026-03-01,43,4695.47,14185.7,principal
SKU_1547_FUC,2026-03-01,21,2293.13,6927.9,principal
SKU_1548_HOT,2026-03-01,52,8173.98,24694.8,principal
SKU_1548_CLO,2026-03-01,59,9274.32,28019.1,principal
SKU_1549_BAL,2026-03-01,55,3233.9,10169.5,principal
SKU_1549_PAS,2026-03-01,21,1234.76,3882.9,principal
SKU_1550_PAL,2026-03-01,47,2551.4,7750.3,principal
SKU_1550_IVO,2026-03-01,35,1899.98,5771.5,principal
SKU_1551_DUS,2026-03-01,44,3202.62,9675.6,principal
SKU_1551_ROS,2026-03-01,54,3930.49,11874.6,principal
SKU_1552_CLE,2026-03-01,18,3910.3,11878.2,principal
SKU_1552_SAP,2026-03-01,0,0.0,0.0,principal
SKU_1553_DEN,2026-03-01,43,3440.78,10960.7,principal
SKU_1553_HOT,2026-03-01,43,3440.78,10960.7,principal
SKU_1554_PIS,2026-03-01,60,17888.66,62094.0,principal
SKU_1554_SKY,2026-03-01,46,13714.64,47605.4,principal
SKU_1555_FUC,2026-03-01,29,1571.18,5507.1,principal
SKU_1555_RAS,2026-03-01,21,1137.75,3987.9,principal
SKU_1556_SAL,2026-03-01,20,1217.11,4098.0,principal
SKU_1556_HUN,2026-03-01,68,4138.16,13933.2,principal
SKU_1557_TUR,2026-03-01,60,4314.24,11994.0,principal
SKU_1557_SAG,2026-03-01,43,3091.87,8595.7,principal
SKU_1558_CLE,2026-03-01,27,3388.34,8907.3,principal
SKU_1558_MEX,2026-03-01,0,0.0,0.0,principal
SKU_1559_BLU,2026-03-01,37,17141.41,44396.3,principal
SKU_1559_SKY,2026-03-01,0,0.0,0.0,principal
SKU_1560_PAL,2026-03-01,0,0.0,0.0,principal
SKU_1560_CRE,2026-03-01,22,1628.82,4947.8,principal
SKU_1561_LIM,2026-03-01,46,5157.93,16095.4,principal
SKU_1561_VAN,2026-03-01,44,4933.67,15395.6,principal
SKU_1562_CLO,2026-03-01,41,3955.27,12705.9,principal
SKU_1562_BLU,2026-03-01,0,0.0,0.0,principal
SKU_1563_WHI,2026-03-01,23,921.57,3447.7,principal
SKU_1563_MEX,2026-03-01,23,921.57,3447.7,principal
SKU_1564_BLA,2026-03-01,56,10471.9,33034.4,principal
SKU_1564_NAV,2026-03-01,18,3365.97,10618.2,principal
SKU_1565_LIG,2026-03-01,32,4519.19,11516.8,principal
SKU_1565_BAB,2026-03-01,48,6778.79,17275.2,principal
SKU_1566_PEA,2026-03-01,56,22031.94,57954.4,principal
SKU_1566_POW,2026-03-01,67,26359.65,69338.3,principal
SKU_1567_PRI,2026-03-01,68,15443.83,46913.2,principal
SKU_1567_POW,2026-03-01,78,17714.98,53812.2,principal
SKU_1568_FRE,2026-03-01,64,4780.68,15033.6,principal
SKU_1568_PIN,2026-03-01,50,3734.91,11745.0,principal
SKU_1569_WHI,2026-03-01,55,3846.05,12094.5,principal
SKU_1569_PAS,2026-03-01,18,1258.71,3958.2,principal
SKU_1570_MEX,2026-03-01,41,9320.87,29310.9,principal
SKU_1570_HON,2026-03-01,0,0.0,0.0,principal
SKU_1571_WHI,2026-03-01,36,2611.16,8996.4,principal
SKU_1571_BIR,2026-03-01,50,3626.61,12495.0,principal
SKU_1572_BAL,2026-03-01,27,1101.49,3777.3,principal
SKU_1572_MAR,2026-03-01,0,0.0,0.0,principal
SKU_1573_MIN,2026-03-01,70,21113.96,71743.0,principal
SKU_1573_SAG,2026-03-01,0,0.0,0.0,principal
SKU_1574_GAR,2026-03-01,46,8264.14,27825.4,principal
SKU_1574_COB,2026-03-01,66,11857.25,39923.4,principal
SKU_1575_JAD,2026-03-01,27,8883.21,23352.3,principal
SKU_1575_AQU,2026-03-01,40,13160.32,34596.0,principal
SKU_1576_AQU,2026-03-01,65,5240.37,15918.5,principal
SKU_1576_BLU,2026-03-01,21,1693.04,5142.9,principal
SKU_1577_FLA,2026-03-01,0,0.0,0.0,principal
SKU_1577_HUN,2026-03-01,34,1728.84,5436.6,principal
SKU_1578_PAS,2026-03-01,67,2754.84,8368.3,principal
SKU_1578_TEA,2026-03-01,0,0.0,0.0,principal
SKU_1579_DEN,2026-03-01,63,4768.03,14483.7,principal
SKU_1579_SAG,2026-03-01,62,4692.35,14253.8,principal
SKU_1580_WHI,2026-03-01,38,2294.75,7216.2,principal
SKU_1580_MOS,2026-03-01,50,3019.41,9495.0,principal
SKU_1581_BIR,2026-03-01,70,16411.93,59843.0,principal
SKU_1581_COB,2026-03-01,59,13832.91,50439.1,principal
SKU_1582_WHI,2026-03-01,63,4246.06,14483.7,principal
SKU_1582_PAS,2026-03-01,30,2021.94,6897.0,principal
SKU_1583_WHI,2026-03-01,63,4292.49,16058.7,principal
SKU_1583_BLU,2026-03-01,47,3202.33,11980.3,principal
SKU_1584_AQU,2026-03-01,0,0.0,0.0,principal
SKU_1584_FLA,2026-03-01,27,1632.48,4992.3,principal
SKU_1585_COR,2026-03-01,30,3765.86,9597.0,principal
SKU_1585_BLA,2026-03-01,18,2259.52,5758.2,principal
SKU_1586_JAD,2026-03-01,39,4520.52,11891.1,principal
SKU_1586_EGR,2026-03-01,53,6143.27,16159.7,principal
SKU_1587_DEE,2026-03-01,0,0.0,0.0,principal
SKU_1587_LIG,2026-03-01,50,3655.41,11495.0,principal
SKU_1588_PAS,2026-03-01,39,6075.74,19106.1,principal
SKU_1588_CRE,2026-03-01,48,7477.83,23515.2,principal
SKU_1589_TUR,2026-03-01,36,8101.69,24476.4,principal
SKU_1589_CER,2026-03-01,24,5401.13,16317.6,principal
SKU_1590_MYS,2026-03-01,59,3688.39,11204.1,principal
SKU_1590_HOT,2026-03-01,42,2625.63,7975.8,principal
SKU_1591_HON,2026-03-01,0,0.0,0.0,principal
SKU_1591_MYS,2026-03-01,50,14149.41,44495.0,principal
SKU_1592_CER,2026-03-01,30,2002.45,6297.0,principal
SKU_1592_SAG,2026-03-01,50,3337.41,10495.0,principal
SKU_1593_LIG,2026-03-01,68,3261.41,9853.2,principal
SKU_1593_FUC,2026-03-01,44,2110.32,6375.6,principal
SKU_1594_BAL,2026-03-01,40,6582.68,19996.0,principal
SKU_1594_WHI,2026-03-01,31,5101.58,15496.9,principal
SKU_1595_FLA,2026-03-01,75,7445.02,22492.5,principal
SKU_1595_MYS,2026-03-01,18,1786.8,5398.2,principal
SKU_1596_BIR,2026-03-01,29,2624.42,7972.1,principal
SKU_1596_CER,2026-03-01,31,2805.41,8521.9,principal
SKU_1597_SHO,2026-03-01,43,7245.85,22785.7,principal
SKU_1597_FLA,2026-03-01,57,9604.97,30204.3,principal
SKU_1598_NAV,2026-03-01,53,8256.77,25964.7,principal
SKU_1598_DUS,2026-03-01,21,3271.55,10287.9,principal
SKU_1599_WHI,2026-03-01,30,4640.73,14097.0,principal
SKU_1599_CER,2026-03-01,28,4331.35,13157.2,principal
SKU_1600_LIG,2026-03-01,32,4160.03,12636.8,principal
SKU_1600_SHO,2026-03-01,0,0.0,0.0,principal
SKU_1601_EME,2026-03-01,68,16541.13,49973.2,principal
SKU_1601_AQU,2026-03-01,21,5108.29,15432.9,principal
SKU_1602_AQU,2026-03-01,40,2724.19,9196.0,principal
SKU_1602_PAS,2026-03-01,21,1430.2,4827.9,principal
SKU_1603_BUB,2026-03-01,19,3937.81,14153.1,principal
SKU_1603_PEA,2026-03-01,0,0.0,0.0,principal
SKU_1604_CLE,2026-03-01,70,11318.28,42343.0,principal
SKU_1604_SNO,2026-03-01,31,5012.38,18751.9,principal
SKU_1605_VAN,2026-03-01,0,0.0,0.0,principal
SKU_1605_COR,2026-03-01,30,1959.31,6597.0,principal
SKU_1606_COB,2026-03-01,33,12759.73,35801.7,principal
SKU_1606_SEA,2026-03-01,23,8893.14,24952.7,principal
SKU_1607_GAR,2026-03-01,38,3772.14,11396.2,principal
SKU_1607_MAR,2026-03-01,20,1985.34,5998.0,principal
SKU_1608_WHI,2026-03-01,0,0.0,0.0,principal
SKU_1608_MID,2026-03-01,50,5018.65,15245.0,principal
SKU_1609_LIM,2026-03-01,0,0.0,0.0,principal
SKU_1609_SAP,2026-03-01,20,1716.56,5398.0,principal
SKU_1610_PRI,2026-03-01,48,2921.72,8875.2,principal
SKU_1610_MEX,2026-03-01,47,2860.85,8690.3,principal
SKU_1611_MID,2026-03-01,35,2533.69,7696.5,principal
SKU_1611_BRI,2026-03-01,18,1303.04,3958.2,principal
SKU_1612_PAL,2026-03-01,65,6613.74,21443.5,principal
SKU_1612_SNO,2026-03-01,32,3256.0,10556.8,principal
SKU_1613_BIR,2026-03-01,58,3122.7,11014.2,principal
SKU_1613_AQU,2026-03-01,65,3499.58,12343.5,principal
SKU_1614_VAN,2026-03-01,45,5711.85,20020.5,principal
SKU_1614_IVO,2026-03-01,49,6219.57,21800.1,principal
SKU_1615_MOS,2026-03-01,29,4273.83,13482.1,principal
SKU_1615_SHO,2026-03-01,19,2800.09,8833.1,principal
SKU_1616_SER,2026-03-01,0,0.0,0.0,principal
SKU_1616_COR,2026-03-01,70,27291.04,71743.0,principal
SKU_1617_DEN,2026-03-01,0,0.0,0.0,principal
SKU_1617_MIN,2026-03-01,48,3009.04,7915.2,principal
SKU_1618_SAL,2026-03-01,41,2441.42,7375.9,principal
SKU_1618_SAP,2026-03-01,57,3394.17,10254.3,principal
SKU_1619_IVO,2026-03-01,69,4540.69,13793.1,principal
SKU_1619_PAS,2026-03-01,25,1645.18,4997.5,principal
SKU_1620_SAG,2026-03-01,34,2981.18,9006.6,principal
SKU_1620_BLU,2026-03-01,0,0.0,0.0,principal
SKU_1621_PAS,2026-03-01,78,6064.65,18322.2,principal
SKU_1621_FUC,2026-03-01,0,0.0,0.0,principal
SKU_1622_VAN,2026-03-01,29,2378.72,7827.1,principal
SKU_1622_CLO,2026-03-01,27,2214.67,7287.3,principal
SKU_1623_EGR,2026-03-01,0,0.0,0.0,principal
SKU_1623_SER,2026-03-01,29,7590.05,26532.1,principal
SKU_1624_PRI,2026-03-01,59,3644.64,12384.1,principal
SKU_1624_ARM,2026-03-01,66,4077.06,13853.4,principal
SKU_1625_GAR,2026-03-01,26,1688.79,5327.4,principal
SKU_1625_DUS,2026-03-01,55,3572.43,11269.5,principal
SKU_1626_BAB,2026-03-01,57,11706.54,30774.3,principal
SKU_1626_DEN,2026-03-01,34,6982.85,18356.6,principal
SKU_1627_BAB,2026-03-01,59,6442.62,19464.1,principal
SKU_1627_MOS,2026-03-01,45,4913.86,14845.5,principal
SKU_1628_PEA,2026-03-01,0,0.0,0.0,principal
SKU_1628_POW,2026-03-01,64,11585.73,35193.6,principal
SKU_1629_CLO,2026-03-01,37,2999.15,9431.3,principal
SKU_1629_ARM,2026-03-01,37,2999.15,9431.3,principal
SKU_1630_LIM,2026-03-01,0,0.0,0.0,principal
SKU_1630_SNO,2026-03-01,23,2549.59,7702.7,principal
SKU_1631_BAL,2026-03-01,37,2116.7,6656.3,principal
SKU_1631_SNO,2026-03-01,18,1029.75,3238.2,principal
SKU_1632_SAP,2026-03-01,71,4345.33,13127.9,principal
SKU_1632_SPA,2026-03-01,32,1958.46,5916.8,principal
SKU_1633_SER,2026-03-01,24,1792.76,5637.6,principal
SKU_1633_DEN,2026-03-01,53,3959.0,12449.7,principal
SKU_1634_NAV,2026-03-01,0,0.0,0.0,principal
SKU_1634_SAP,2026-03-01,0,0.0,0.0,principal
SKU_1635_TEA,2026-03-01,33,6347.82,19961.7,principal
SKU_1635_SAG,2026-03-01,58,11156.78,35084.2,principal
SKU_1636_LIG,2026-03-01,37,5358.16,16276.3,principal
SKU_1636_SHO,2026-03-01,45,6516.68,19795.5,principal
SKU_1637_BLU,2026-03-01,27,7898.26,24837.3,principal
SKU_1637_WHI,2026-03-01,16,4680.45,14718.4,principal
SKU_1638_PEA,2026-03-01,38,13774.55,43316.2,principal
SKU_1638_SAP,2026-03-01,19,6887.28,21658.1,principal
SKU_1639_FRE,2026-03-01,20,1207.76,3798.0,principal
SKU_1639_WHI,2026-03-01,46,2777.86,8735.4,principal
SKU_1640_IVO,2026-03-01,0,0.0,0.0,principal
SKU_1640_TEA,2026-03-01,31,2244.12,6816.9,principal
SKU_1641_MEX,2026-03-01,57,5889.14,18519.3,principal
SKU_1641_SER,2026-03-01,0,0.0,0.0,principal
SKU_1642_OFF,2026-03-01,55,4094.3,12369.5,principal
SKU_1642_SAL,2026-03-01,55,4094.3,12369.5,principal
SKU_1643_PAS,2026-03-01,51,3511.61,11469.9,principal
SKU_1643_EGR,2026-03-01,0,0.0,0.0,principal
SKU_1644_BAB,2026-03-01,65,5978.05,20793.5,principal
SKU_1644_PEA,2026-03-01,54,4966.38,17274.6,principal
SKU_1645_MYS,2026-03-01,45,5134.12,17995.5,principal
SKU_1645_MIN,2026-03-01,50,5704.57,19995.0,principal
SKU_1646_BLU,2026-03-01,26,1688.79,5327.4,principal
SKU_1646_CLE,2026-03-01,27,1753.74,5532.3,principal
SKU_1647_BLA,2026-03-01,48,5330.18,16315.2,principal
SKU_1647_ARM,2026-03-01,40,4441.81,13596.0,principal
SKU_1648_RAS,2026-03-01,26,6485.55,18197.4,principal
SKU_1648_FLA,2026-03-01,0,0.0,0.0,principal
SKU_1649_FLA,2026-03-01,65,5026.39,15268.5,principal
SKU_1649_GAR,2026-03-01,65,5026.39,15268.5,principal
SKU_1650_OLI,2026-03-01,44,14060.56,44215.6,principal
SKU_1650_EGR,2026-03-01,26,8308.51,26127.4,principal
SKU_1651_PAS,2026-03-01,0,0.0,0.0,principal
SKU_1651_SAL,2026-03-01,0,0.0,0.0,principal
SKU_1652_TEA,2026-03-01,61,4124.64,13413.9,principal
SKU_1652_MOS,2026-03-01,22,1487.58,4837.8,principal
SKU_1653_ROS,2026-03-01,69,7932.03,24833.1,principal
SKU_1653_BAB,2026-03-01,41,4713.24,14755.9,principal
SKU_1654_CRE,2026-03-01,28,2538.87,8677.2,principal
SKU_1654_NAV,2026-03-01,42,3808.31,13015.8,principal
SKU_1655_SNO,2026-03-01,55,11468.71,35469.5,principal
SKU_1655_TEA,2026-03-01,17,3544.87,10963.3,principal
SKU_1656_FUC,2026-03-01,0,0.0,0.0,principal
SKU_1656_SNO,2026-03-01,57,4840.94,13389.3,principal
SKU_1657_SPA,2026-03-01,49,3734.68,10530.1,principal
SKU_1657_EME,2026-03-01,22,1676.8,4727.8,principal
SKU_1658_BAB,2026-03-01,24,8044.79,21117.6,principal
SKU_1658_MYS,2026-03-01,27,9050.39,23757.3,principal
SKU_1659_MOS,2026-03-01,69,23407.69,70718.1,principal
SKU_1659_SNO,2026-03-01,64,21711.48,65593.6,principal
SKU_1660_NAV,2026-03-01,53,5494.25,16689.7,principal
SKU_1660_MAG,2026-03-01,57,5908.91,17949.3,principal
SKU_1661_WHI,2026-03-01,28,9174.39,27717.2,principal
SKU_1661_CER,2026-03-01,40,13106.28,39596.0,principal
SKU_1662_PIS,2026-03-01,49,3039.84,9795.1,principal
SKU_1662_LIG,2026-03-01,49,3039.84,9795.1,principal
SKU_1663_SNO,2026-03-01,34,8678.62,27026.6,principal
SKU_1663_FLA,2026-03-01,48,12252.17,38155.2,principal
SKU_1664_PIN,2026-03-01,74,7368.24,24412.6,principal
SKU_1664_MIN,2026-03-01,18,1792.27,5938.2,principal
SKU_1665_SAG,2026-03-01,0,0.0,0.0,principal
SKU_1665_RAS,2026-03-01,70,5179.83,17493.0,principal
SKU_1666_FUC,2026-03-01,63,17673.45,50393.7,principal
SKU_1666_PAS,2026-03-01,50,14026.55,39995.0,principal
SKU_1667_LIG,2026-03-01,26,1986.04,5457.4,principal
SKU_1667_MID,2026-03-01,64,4888.7,13433.6,principal
SKU_1668_DEN,2026-03-01,61,6385.52,16463.9,principal
SKU_1668_VAN,2026-03-01,0,0.0,0.0,principal
SKU_1669_COR,2026-03-01,23,1773.81,4597.7,principal
SKU_1669_TEA,2026-03-01,56,4318.83,11194.4,principal
SKU_1670_SAP,2026-03-01,74,3549.18,10722.6,principal
SKU_1670_PEA,2026-03-01,0,0.0,0.0,principal
SKU_1671_SEA,2026-03-01,33,3485.04,11546.7,principal
SKU_1671_MIN,2026-03-01,65,6864.47,22743.5,principal
SKU_1672_TEA,2026-03-01,30,2796.09,8847.0,principal
SKU_1672_FOR,2026-03-01,24,2236.87,7077.6,principal
SKU_1673_PEA,2026-03-01,60,8361.53,24594.0,principal
SKU_1673_FUC,2026-03-01,60,8361.53,24594.0,principal
SKU_1674_PAS,2026-03-01,46,3848.56,10575.4,principal
SKU_1674_WHI,2026-03-01,36,3011.91,8276.4,principal
SKU_1675_CRE,2026-03-01,26,6582.73,19887.4,principal
SKU_1675_DEN,2026-03-01,26,6582.73,19887.4,principal
SKU_1676_PIN,2026-03-01,24,1342.35,4077.6,principal
SKU_1676_NAV,2026-03-01,39,2181.31,6626.1,principal
SKU_1677_POW,2026-03-01,35,7734.89,19946.5,principal
SKU_1677_VAN,2026-03-01,56,12375.82,31914.4,principal
SKU_1678_LIG,2026-03-01,50,13185.97,35745.0,principal
SKU_1678_MAG,2026-03-01,56,14768.29,40034.4,principal
SKU_1679_SHO,2026-03-01,56,19290.29,51514.4,principal
SKU_1679_GAR,2026-03-01,0,0.0,0.0,principal
SKU_1680_NAV,2026-03-01,77,8535.6,25787.3,principal
SKU_1680_SEA,2026-03-01,133,14743.3,44541.7,principal
SKU_1681_OFF,2026-03-01,98,7578.25,23020.2,principal
SKU_1681_PIS,2026-03-01,94,7268.93,22080.6,principal
SKU_1682_OLI,2026-03-01,124,11394.31,29127.6,principal
SKU_1682_BIR,2026-03-01,81,7443.06,19026.9,principal
SKU_1683_PAL,2026-03-01,103,12868.8,32434.7,principal
SKU_1683_SHO,2026-03-01,122,15242.65,38417.8,principal
SKU_1684_HON,2026-03-01,89,5446.97,16456.1,principal
SKU_1684_SHO,2026-03-01,79,4834.95,14607.1,principal
SKU_1685_COB,2026-03-01,88,19367.21,58511.2,principal
SKU_1685_BIR,2026-03-01,0,0.0,0.0,principal
SKU_1686_MOS,2026-03-01,98,6602.65,21060.2,principal
SKU_1686_SKY,2026-03-01,54,3638.19,11604.6,principal
SKU_1687_FOR,2026-03-01,0,0.0,0.0,principal
SKU_1687_WHI,2026-03-01,157,44339.25,141284.3,principal
SKU_1688_WHI,2026-03-01,141,17839.26,60615.9,principal
SKU_1688_LIG,2026-03-01,167,21128.77,71793.3,principal
SKU_1689_MAG,2026-03-01,81,25557.31,78156.9,principal
SKU_1689_IVO,2026-03-01,104,32814.32,100349.6,principal
SKU_1690_MAG,2026-03-01,53,10198.28,28614.7,principal
SKU_1690_MYS,2026-03-01,59,11352.8,31854.1,principal
SKU_1691_HUN,2026-03-01,54,5509.03,16734.6,principal
SKU_1691_ROS,2026-03-01,105,10712.0,32539.5,principal
SKU_1692_OLI,2026-03-01,133,9680.66,29246.7,principal
SKU_1692_BLU,2026-03-01,130,9462.3,28587.0,principal
SKU_1693_MEX,2026-03-01,162,10987.15,33193.8,principal
SKU_1693_FLA,2026-03-01,78,5290.11,15982.2,principal
SKU_1694_PIS,2026-03-01,57,5280.87,15954.3,principal
SKU_1694_SER,2026-03-01,122,11302.92,34147.8,principal
SKU_1695_CRE,2026-03-01,82,5473.35,17211.8,principal
SKU_1695_LIM,2026-03-01,60,4004.89,12594.0,principal
SKU_1696_SER,2026-03-01,116,9643.11,32468.4,principal
SKU_1696_SHO,2026-03-01,153,12718.94,42824.7,principal
SKU_1697_PIS,2026-03-01,97,6461.8,21330.3,principal
SKU_1697_MIN,2026-03-01,150,9992.48,32985.0,principal
SKU_1698_PRI,2026-03-01,0,0.0,0.0,principal
SKU_1698_SNO,2026-03-01,0,0.0,0.0,principal
SKU_1699_CLO,2026-03-01,132,14239.8,43546.8,principal
SKU_1699_COB,2026-03-01,126,13592.54,41567.4,principal
SKU_1700_HUN,2026-03-01,132,36252.58,92386.8,principal
SKU_1700_PIS,2026-03-01,92,25266.95,64390.8,principal
SKU_1701_SPA,2026-03-01,100,12921.64,33990.0,principal
SKU_1701_BLU,2026-03-01,98,12663.21,33310.2,principal
SKU_1702_LIG,2026-03-01,155,31803.97,96084.5,principal
SKU_1702_COR,2026-03-01,166,34061.03,102903.4,principal
SKU_1703_PAS,2026-03-01,73,6265.46,19702.7,principal
SKU_1703_BLU,2026-03-01,159,13646.68,42914.1,principal
SKU_1704_BAB,2026-03-01,68,7241.88,22773.2,principal
SKU_1704_PEA,2026-03-01,116,12353.79,38848.4,principal
SKU_1705_SER,2026-03-01,108,14653.11,44269.2,principal
SKU_1705_JAD,2026-03-01,124,16823.94,50827.6,principal
SKU_1706_BLA,2026-03-01,129,7737.29,23852.1,principal
SKU_1706_JAD,2026-03-01,137,8217.12,25331.3,principal
SKU_1707_ARM,2026-03-01,122,9229.13,34147.8,principal
SKU_1707_SAP,2026-03-01,0,0.0,0.0,principal
SKU_1708_FLA,2026-03-01,95,5084.26,16140.5,principal
SKU_1708_FRE,2026-03-01,84,4495.55,14271.6,principal
SKU_1709_CRE,2026-03-01,117,7227.51,24558.3,principal
SKU_1709_MAR,2026-03-01,159,9822.0,33374.1,principal
SKU_1710_OLI,2026-03-01,112,26940.51,90708.8,principal
SKU_1710_MEX,2026-03-01,90,21648.63,72891.0,principal
SKU_1711_VAN,2026-03-01,113,42765.98,112423.7,principal
SKU_1711_ARM,2026-03-01,76,28762.96,75612.4,principal
SKU_1712_NAV,2026-03-01,150,8932.03,26985.0,principal
SKU_1712_MOS,2026-03-01,142,8455.66,25545.8,principal
SKU_1713_SAL,2026-03-01,141,23564.19,71190.9,principal
SKU_1713_SNO,2026-03-01,153,25569.65,77249.7,principal
SKU_1714_DEE,2026-03-01,79,7659.7,24087.1,principal
SKU_1714_MID,2026-03-01,117,11344.11,35673.3,principal
SKU_1715_HON,2026-03-01,102,7132.68,22429.8,principal
SKU_1715_JAD,2026-03-01,0,0.0,0.0,principal
SKU_1716_AQU,2026-03-01,0,0.0,0.0,principal
SKU_1716_SAL,2026-03-01,67,3637.1,11048.3,principal
SKU_1717_MIN,2026-03-01,98,7508.87,25470.2,principal
SKU_1717_CRE,2026-03-01,57,4367.4,14814.3,principal
SKU_1718_DUS,2026-03-01,96,10581.39,35510.4,principal
SKU_1718_SEA,2026-03-01,0,0.0,0.0,principal
SKU_1719_OFF,2026-03-01,150,13690.12,47985.0,principal
SKU_1719_WHI,2026-03-01,110,10039.42,35189.0,principal
SKU_1720_PAL,2026-03-01,142,9484.93,31935.8,principal
SKU_1720_PAS,2026-03-01,125,8349.41,28112.5,principal
SKU_1721_COR,2026-03-01,77,12299.21,32332.3,principal
SKU_1721_FRE,2026-03-01,136,21723.27,57106.4,principal
SKU_1722_AQU,2026-03-01,159,17099.16,51659.1,principal
SKU_1722_PAS,2026-03-01,81,8710.89,26316.9,principal
SKU_1723_MOS,2026-03-01,55,7917.35,23919.5,principal
SKU_1723_COB,2026-03-01,102,14683.09,44359.8,principal
SKU_1724_PIN,2026-03-01,105,37226.51,117064.5,principal
SKU_1724_PEA,2026-03-01,143,50698.96,159430.7,principal
SKU_1725_BAB,2026-03-01,0,0.0,0.0,principal
SKU_1725_OFF,2026-03-01,93,7242.67,22775.7,principal
SKU_1726_PAS,2026-03-01,167,23634.35,71793.3,principal
SKU_1726_BUB,2026-03-01,83,11746.42,35681.7,principal
SKU_1727_LIG,2026-03-01,64,2985.48,9913.6,principal
SKU_1727_WHI,2026-03-01,75,3498.61,11617.5,principal
SKU_1728_MID,2026-03-01,105,10874.03,34639.5,principal
SKU_1728_EGR,2026-03-01,0,0.0,0.0,principal
SKU_1729_FUC,2026-03-01,54,2779.55,9444.6,principal
SKU_1729_CLE,2026-03-01,140,7206.23,24486.0,principal
SKU_1730_OFF,2026-03-01,155,14726.6,49584.5,principal
SKU_1730_MIN,2026-03-01,158,15011.63,50544.2,principal
SKU_1731_MIN,2026-03-01,0,0.0,0.0,principal
SKU_1731_ARM,2026-03-01,62,21459.81,56413.8,principal
SKU_1732_OFF,2026-03-01,0,0.0,0.0,principal
SKU_1732_WHI,2026-03-01,108,39638.71,120409.2,principal
SKU_1733_NAV,2026-03-01,163,18878.15,57033.7,principal
SKU_1733_SAG,2026-03-01,73,8454.63,25542.7,principal
SKU_1734_FRE,2026-03-01,160,17802.91,55984.0,principal
SKU_1734_BRI,2026-03-01,126,14019.79,44087.4,principal
SKU_1735_MOS,2026-03-01,168,14926.98,45343.2,principal
SKU_1735_COR,2026-03-01,126,11195.24,34007.4,principal
SKU_1736_PAS,2026-03-01,116,12407.02,37688.4,principal
SKU_1736_JAD,2026-03-01,74,7914.82,24042.6,principal
SKU_1737_SAG,2026-03-01,0,0.0,0.0,principal
SKU_1737_DEE,2026-03-01,142,36186.84,109325.8,principal
SKU_1738_BLU,2026-03-01,99,6386.68,19295.1,principal
SKU_1738_ROY,2026-03-01,115,7418.87,22413.5,principal
SKU_1739_AQU,2026-03-01,141,11831.74,35940.9,principal
SKU_1739_MOS,2026-03-01,73,6125.65,18607.7,principal
SKU_1740_FRE,2026-03-01,90,6367.06,19341.0,principal
SKU_1740_OLI,2026-03-01,129,9126.12,27722.1,principal
SKU_1741_PEA,2026-03-01,100,7897.51,23990.0,principal
SKU_1741_PIN,2026-03-01,84,6633.91,20151.6,principal
SKU_1742_DEN,2026-03-01,112,9635.01,29108.8,principal
SKU_1742_EME,2026-03-01,0,0.0,0.0,principal
SKU_1743_DEE,2026-03-01,152,21263.01,66864.8,principal
SKU_1743_CLO,2026-03-01,0,0.0,0.0,principal
SKU_1744_LIG,2026-03-01,161,14040.02,42648.9,principal
SKU_1744_EME,2026-03-01,91,7935.66,24105.9,principal
SKU_1745_PEA,2026-03-01,148,19970.98,60665.2,principal
SKU_1745_FOR,2026-03-01,125,16867.38,51237.5,principal
SKU_1746_EME,2026-03-01,144,8528.12,25905.6,principal
SKU_1746_NAV,2026-03-01,125,7402.89,22487.5,principal
SKU_1747_FUC,2026-03-01,78,4338.22,13642.2,principal
SKU_1747_TEA,2026-03-01,0,0.0,0.0,principal
SKU_1748_BAB,2026-03-01,70,6670.38,21693.0,principal
SKU_1748_COB,2026-03-01,0,0.0,0.0,principal
SKU_1749_SNO,2026-03-01,52,5248.65,18194.8,principal
SKU_1749_BIR,2026-03-01,150,15140.35,52485.0,principal
SKU_1750_MIN,2026-03-01,77,7613.32,28482.3,principal
SKU_1750_SNO,2026-03-01,100,9887.43,36990.0,principal
SKU_1751_BLU,2026-03-01,96,9406.11,31670.4,principal
SKU_1751_MIN,2026-03-01,78,7642.46,25732.2,principal
SKU_1752_SNO,2026-03-01,101,15474.85,43419.9,principal
SKU_1752_SPA,2026-03-01,109,16700.58,46859.1,principal
SKU_1753_WHI,2026-03-01,62,18617.88,48973.8,principal
SKU_1753_PAL,2026-03-01,158,47445.56,124804.2,principal
SKU_1754_IVO,2026-03-01,0,0.0,0.0,principal
SKU_1754_SER,2026-03-01,100,11250.69,33990.0,principal
SKU_1755_BIR,2026-03-01,77,8489.18,25787.3,principal
SKU_1755_AQU,2026-03-01,142,15655.37,47555.8,principal
SKU_1756_FLA,2026-03-01,63,3604.12,11333.7,principal
SKU_1756_BUB,2026-03-01,0,0.0,0.0,principal
SKU_1757_PIN,2026-03-01,132,11119.44,34966.8,principal
SKU_1757_TUR,2026-03-01,59,4970.05,15629.1,principal
SKU_1758_CLO,2026-03-01,134,6586.89,24106.6,principal
SKU_1758_HON,2026-03-01,99,4866.43,17810.1,principal
SKU_1759_CLE,2026-03-01,110,9028.72,29689.0,principal
SKU_1759_COB,2026-03-01,109,8946.64,29419.1,principal
SKU_1760_PAS,2026-03-01,58,4265.64,14494.2,principal
SKU_1760_OFF,2026-03-01,120,8825.47,29988.0,principal
SKU_1761_MOS,2026-03-01,161,56390.78,177888.9,principal
SKU_1761_SAP,2026-03-01,79,27670.01,87287.1,principal
SKU_1762_DEN,2026-03-01,0,0.0,0.0,principal
SKU_1762_BRI,2026-03-01,97,8812.1,24725.3,principal
SKU_1763_MAR,2026-03-01,0,0.0,0.0,principal
SKU_1763_HOT,2026-03-01,66,6551.62,19793.4,principal
SKU_1764_FUC,2026-03-01,130,10052.78,30537.0,principal
SKU_1764_MAR,2026-03-01,123,9511.48,28892.7,principal
SKU_1765_MYS,2026-03-01,68,5620.08,17673.2,principal
SKU_1765_PAS,2026-03-01,58,4793.6,15074.2,principal
SKU_1766_CLE,2026-03-01,86,10799.73,33961.4,principal
SKU_1766_MYS,2026-03-01,157,19715.78,61999.3,principal
SKU_1767_PRI,2026-03-01,83,5408.13,17006.7,principal
SKU_1767_FUC,2026-03-01,0,0.0,0.0,principal
SKU_1768_PEA,2026-03-01,0,0.0,0.0,principal
SKU_1768_MIN,2026-03-01,93,17317.32,58115.7,principal
SKU_1769_WHI,2026-03-01,164,15033.97,53283.6,principal
SKU_1769_EME,2026-03-01,0,0.0,0.0,principal
SKU_1770_JAD,2026-03-01,99,6406.94,21770.1,principal
SKU_1770_DEE,2026-03-01,107,6924.67,23529.3,principal
SKU_1771_PIN,2026-03-01,123,10654.54,32582.7,principal
SKU_1771_EME,2026-03-01,103,8922.1,27284.7,principal
SKU_1772_BLU,2026-03-01,112,18234.36,46468.8,principal
SKU_1772_SNO,2026-03-01,0,0.0,0.0,principal
SKU_1773_OLI,2026-03-01,120,12834.85,38988.0,principal
SKU_1773_FRE,2026-03-01,112,11979.19,36388.8,principal
SKU_1774_COB,2026-03-01,0,0.0,0.0,principal
SKU_1774_MOS,2026-03-01,53,3453.38,10859.7,principal
SKU_1775_PAS,2026-03-01,79,7279.3,22112.1,principal
SKU_1775_PAL,2026-03-01,79,7279.3,22112.1,principal
SKU_1776_BIR,2026-03-01,0,0.0,0.0,principal
SKU_1776_PAS,2026-03-01,0,0.0,0.0,principal
SKU_1777_TUR,2026-03-01,0,0.0,0.0,principal
SKU_1777_FRE,2026-03-01,136,10375.2,32626.4,principal
SKU_1778_TEA,2026-03-01,0,0.0,0.0,principal
SKU_1778_MIN,2026-03-01,150,14145.28,42735.0,principal
SKU_1779_LIG,2026-03-01,107,7569.72,22994.3,principal
SKU_1779_MIN,2026-03-01,145,10258.04,31160.5,principal
SKU_1780_AQU,2026-03-01,120,13302.23,40188.0,principal
SKU_1780_LIG,2026-03-01,155,17182.04,51909.5,principal
SKU_1781_CLE,2026-03-01,64,2643.72,8313.6,principal
SKU_1781_AQU,2026-03-01,134,5535.3,17406.6,principal
SKU_1782_NAV,2026-03-01,0,0.0,0.0,principal
SKU_1782_HUN,2026-03-01,53,4384.0,13244.7,principal
SKU_1783_EGR,2026-03-01,0,0.0,0.0,principal
SKU_1783_BAB,2026-03-01,164,62577.18,196783.6,principal
SKU_1784_EGR,2026-03-01,160,16412.3,49584.0,principal
SKU_1784_BLA,2026-03-01,152,15591.69,47104.8,principal
SKU_1785_HUN,2026-03-01,151,11759.61,36979.9,principal
SKU_1785_PAS,2026-03-01,105,8177.21,25714.5,principal
SKU_1786_TEA,2026-03-01,0,0.0,0.0,principal
SKU_1786_POW,2026-03-01,87,5152.41,15651.3,principal
SKU_1787_BAB,2026-03-01,163,15026.68,47253.7,principal
SKU_1787_BAB,2026-03-01,163,15026.68,47253.7,principal
SKU_1788_EME,2026-03-01,75,6203.77,18742.5,principal
SKU_1788_MYS,2026-03-01,144,11911.23,35985.6,principal
SKU_1789_SNO,2026-03-01,127,10431.27,34277.3,principal
SKU_1789_EME,2026-03-01,119,9774.18,32118.1,principal
SKU_1790_EGR,2026-03-01,0,0.0,0.0,principal
SKU_1790_ROY,2026-03-01,57,4267.85,14814.3,principal
SKU_1791_ARM,2026-03-01,141,9983.9,37350.9,principal
SKU_1791_IVO,2026-03-01,131,9275.82,34701.9,principal
SKU_1792_MIN,2026-03-01,116,15155.43,51028.4,principal
SKU_1792_AQU,2026-03-01,104,13587.63,45749.6,principal
SKU_1793_WHI,2026-03-01,62,4105.52,11773.8,principal
SKU_1793_MIN,2026-03-01,0,0.0,0.0,principal
SKU_1794_FLA,2026-03-01,59,4710.91,12384.1,principal
SKU_1794_LIG,2026-03-01,86,6866.75,18051.4,principal
SKU_1795_RAS,2026-03-01,76,7503.26,22792.4,principal
SKU_1795_HUN,2026-03-01,82,8095.62,24591.8,principal
SKU_1796_OLI,2026-03-01,0,0.0,0.0,principal
SKU_1796_SHO,2026-03-01,136,22604.98,68666.4,principal
SKU_1797_GAR,2026-03-01,0,0.0,0.0,principal
SKU_1797_BLU,2026-03-01,0,0.0,0.0,principal
SKU_1798_OFF,2026-03-01,79,10326.28,33172.1,principal
SKU_1798_MOS,2026-03-01,142,18561.15,59625.8,principal
SKU_1799_DEN,2026-03-01,139,11040.99,37516.1,principal
SKU_1799_POW,2026-03-01,147,11676.44,39675.3,principal
SKU_1800_SKY,2026-03-01,143,11887.63,40025.7,principal
SKU_1800_MOS,2026-03-01,72,5985.38,20152.8,principal
SKU_1801_MOS,2026-03-01,112,16476.41,41988.8,principal
SKU_1801_FLA,2026-03-01,148,21772.39,55485.2,principal
SKU_1802_OLI,2026-03-01,43,10602.16,32030.7,principal
SKU_1802_DEN,2026-03-01,0,0.0,0.0,principal
SKU_1803_DUS,2026-03-01,27,1786.51,5397.3,principal
SKU_1803_SER,2026-03-01,49,3242.18,9795.1,principal
SKU_1804_SPA,2026-03-01,42,6289.63,19105.8,principal
SKU_1804_SEA,2026-03-01,45,6738.89,20470.5,principal
SKU_1805_BLU,2026-03-01,31,5950.35,17976.9,principal
SKU_1805_WHI,2026-03-01,31,5950.35,17976.9,principal
SKU_1806_ROS,2026-03-01,65,4170.47,12668.5,principal
SKU_1806_EME,2026-03-01,51,3272.22,9939.9,principal
SKU_1807_IVO,2026-03-01,0,0.0,0.0,principal
SKU_1807_BLU,2026-03-01,29,3949.73,13192.1,principal
SKU_1808_SNO,2026-03-01,29,8117.53,27837.1,principal
SKU_1808_PAS,2026-03-01,61,17074.8,58553.9,principal
SKU_1809_PRI,2026-03-01,43,2943.07,10315.7,principal
SKU_1809_SHO,2026-03-01,44,3011.51,10555.6,principal
SKU_1810_OFF,2026-03-01,61,3091.99,9753.9,principal
SKU_1810_COB,2026-03-01,29,1469.96,4637.1,principal
SKU_1811_BLU,2026-03-01,47,12723.69,32425.3,principal
SKU_1811_PIN,2026-03-01,28,7580.07,19317.2,principal
SKU_1812_BRI,2026-03-01,28,7024.29,18477.2,principal
SKU_1812_HOT,2026-03-01,29,7275.16,19137.1,principal
SKU_1813_BLU,2026-03-01,49,4134.22,12490.1,principal
SKU_1813_RAS,2026-03-01,36,3037.39,9176.4,principal
SKU_1814_PRI,2026-03-01,48,6003.03,18235.2,principal
SKU_1814_PAS,2026-03-01,46,5752.9,17475.4,principal
SKU_1815_WHI,2026-03-01,34,4950.63,14956.6,principal
SKU_1815_LIM,2026-03-01,44,6406.7,19355.6,principal
SKU_1816_MOS,2026-03-01,40,3159.0,9596.0,principal
SKU_1816_WHI,2026-03-01,58,4580.55,13914.2,principal
SKU_1817_BUB,2026-03-01,26,1568.0,5717.4,principal
SKU_1817_PRI,2026-03-01,0,0.0,0.0,principal
SKU_1818_BRI,2026-03-01,57,3207.9,11679.3,principal
SKU_1818_EGR,2026-03-01,56,3151.62,11474.4,principal
SKU_1819_AQU,2026-03-01,52,4793.97,17934.8,principal
SKU_1819_DEE,2026-03-01,55,5070.55,18969.5,principal
SKU_1820_PEA,2026-03-01,0,0.0,0.0,principal
SKU_1820_SPA,2026-03-01,0,0.0,0.0,principal
SKU_1821_BUB,2026-03-01,24,2265.85,6357.6,principal
SKU_1821_NAV,2026-03-01,28,2643.49,7417.2,principal
SKU_1822_ARM,2026-03-01,53,5436.58,16424.7,principal
SKU_1822_SEA,2026-03-01,67,6872.65,20763.3,principal
SKU_1823_MIN,2026-03-01,0,0.0,0.0,principal
SKU_1823_COR,2026-03-01,41,2644.99,7990.9,principal
SKU_1824_COR,2026-03-01,55,6516.35,19794.5,principal
SKU_1824_BLU,2026-03-01,59,6990.27,21234.1,principal
SKU_1825_MIN,2026-03-01,71,4087.97,12417.9,principal
SKU_1825_MIN,2026-03-01,71,4087.97,12417.9,principal
SKU_1826_SAP,2026-03-01,33,5296.56,16001.7,principal
SKU_1826_IVO,2026-03-01,61,9790.62,29578.9,principal
SKU_1827_PRI,2026-03-01,55,3408.8,10719.5,principal
SKU_1827_BUB,2026-03-01,36,2231.22,7016.4,principal
SKU_1828_FLA,2026-03-01,52,4215.22,12734.8,principal
SKU_1828_CER,2026-03-01,45,3647.79,11020.5,principal
SKU_1829_MOS,2026-03-01,64,5505.72,16633.6,principal
SKU_1829_HUN,2026-03-01,49,4215.32,12735.1,principal
SKU_1830_IVO,2026-03-01,57,4903.53,14814.3,principal
SKU_1830_NAV,2026-03-01,37,3183.0,9616.3,principal
SKU_1831_MID,2026-03-01,55,6063.7,18419.5,principal
SKU_1831_HOT,2026-03-01,34,3748.47,11386.6,principal
SKU_1832_COR,2026-03-01,44,4126.24,12975.6,principal
SKU_1832_MIN,2026-03-01,50,4688.91,14745.0,principal
SKU_1833_NAV,2026-03-01,42,3070.54,9655.8,principal
SKU_1833_LIG,2026-03-01,47,3436.09,10805.3,principal
SKU_1834_SAL,2026-03-01,52,6883.08,20794.8,principal
SKU_1834_MAG,2026-03-01,30,3971.01,11997.0,principal
SKU_1835_BIR,2026-03-01,43,2631.68,7950.7,principal
SKU_1835_BAB,2026-03-01,70,4284.13,12943.0,principal
SKU_1836_CRE,2026-03-01,32,7274.82,22876.8,principal
SKU_1836_MID,2026-03-01,33,7502.16,23591.7,principal
SKU_1837_SAP,2026-03-01,63,5182.83,15743.7,principal
SKU_1837_EGR,2026-03-01,0,0.0,0.0,principal
SKU_1838_DEN,2026-03-01,34,3222.05,10876.6,principal
SKU_1838_BAL,2026-03-01,60,5685.96,19194.0,principal
SKU_1839_DUS,2026-03-01,24,2101.8,7077.6,principal
SKU_1839_BAB,2026-03-01,35,3065.13,10321.5,principal
SKU_1840_FOR,2026-03-01,0,0.0,0.0,principal
SKU_1840_LIM,2026-03-01,59,3617.35,12679.1,principal
SKU_1841_WHI,2026-03-01,0,0.0,0.0,principal
SKU_1841_LIM,2026-03-01,50,2369.12,7245.0,principal
SKU_1842_SAG,2026-03-01,62,11819.58,33163.8,principal
SKU_1842_POW,2026-03-01,59,11247.66,31559.1,principal
SKU_1843_BIR,2026-03-01,58,5853.47,17684.2,principal
SKU_1843_NAV,2026-03-01,30,3027.66,9147.0,principal
SKU_1844_BAL,2026-03-01,57,4714.86,14244.3,principal
SKU_1844_MOS,2026-03-01,41,3391.39,10245.9,principal
SKU_1845_BAL,2026-03-01,0,0.0,0.0,principal
SKU_1845_TUR,2026-03-01,75,20354.02,61492.5,principal
SKU_1846_PAS,2026-03-01,39,4339.46,13646.1,principal
SKU_1846_SEA,2026-03-01,57,6342.29,19944.3,principal
SKU_1847_PAS,2026-03-01,45,3998.3,12145.5,principal
SKU_1847_MYS,2026-03-01,48,4264.85,12955.2,principal
SKU_1848_BAL,2026-03-01,44,2892.95,9675.6,principal
SKU_1848_ARM,2026-03-01,75,4931.17,16492.5,principal
SKU_1849_BAB,2026-03-01,55,5663.88,18144.5,principal
SKU_1849_GAR,2026-03-01,45,4634.09,14845.5,principal
SKU_1850_DEE,2026-03-01,49,2954.8,10040.1,principal
SKU_1850_PRI,2026-03-01,65,3919.63,13318.5,principal
SKU_1851_DEE,2026-03-01,49,3443.34,10530.1,principal
SKU_1851_BLU,2026-03-01,41,2881.16,8810.9,principal
SKU_1852_BLA,2026-03-01,51,9698.26,25494.9,principal
SKU_1852_FOR,2026-03-01,54,10268.75,26994.6,principal
SKU_1853_ROS,2026-03-01,31,9233.87,27896.9,principal
SKU_1853_BLU,2026-03-01,0,0.0,0.0,principal
SKU_1854_NAV,2026-03-01,64,3916.92,11833.6,principal
SKU_1854_MID,2026-03-01,56,3427.31,10354.4,principal
SKU_1855_FLA,2026-03-01,61,5332.51,16768.9,principal
SKU_1855_AQU,2026-03-01,48,4196.07,13195.2,principal
SKU_1856_FLA,2026-03-01,56,5989.6,18194.4,principal
SKU_1856_PAS,2026-03-01,51,5454.81,16569.9,principal
SKU_1857_PAS,2026-03-01,51,4027.73,12234.9,principal
SKU_1857_IVO,2026-03-01,51,4027.73,12234.9,principal
SKU_1858_OLI,2026-03-01,42,10761.75,37795.8,principal
SKU_1858_IVO,2026-03-01,0,0.0,0.0,principal
SKU_1859_LIG,2026-03-01,59,7744.53,25364.1,principal
SKU_1859_PEA,2026-03-01,40,5250.53,17196.0,principal
SKU_1860_BLA,2026-03-01,36,3078.33,11516.4,principal
SKU_1860_SPA,2026-03-01,36,3078.33,11516.4,principal
SKU_1861_DEE,2026-03-01,68,3936.2,13253.2,principal
SKU_1861_SAP,2026-03-01,64,3704.66,12473.6,principal
SKU_1862_PAS,2026-03-01,0,0.0,0.0,principal
SKU_1862_PIN,2026-03-01,34,2725.25,7646.6,principal
SKU_1863_MOS,2026-03-01,65,5484.17,16568.5,principal
SKU_1863_POW,2026-03-01,55,4640.45,14019.5,principal
SKU_1864_VAN,2026-03-01,32,1728.9,5436.8,principal
SKU_1864_BRI,2026-03-01,41,2215.16,6965.9,principal
SKU_1865_POW,2026-03-01,66,5244.9,16493.4,principal
SKU_1865_CRE,2026-03-01,0,0.0,0.0,principal
SKU_1866_ROS,2026-03-01,39,4194.13,12671.1,principal
SKU_1866_DUS,2026-03-01,57,6129.89,18519.3,principal
SKU_1867_TEA,2026-03-01,40,2632.28,7996.0,principal
SKU_1867_LIG,2026-03-01,37,2434.86,7396.3,principal
SKU_1868_ARM,2026-03-01,27,7059.34,21327.3,principal
SKU_1868_SEA,2026-03-01,58,15164.5,45814.2,principal
SKU_1869_CRE,2026-03-01,58,9035.72,28414.2,principal
SKU_1869_AQU,2026-03-01,45,7010.47,22045.5,principal
SKU_1870_SAG,2026-03-01,46,3500.46,10575.4,principal
SKU_1870_AQU,2026-03-01,0,0.0,0.0,principal
SKU_1871_WHI,2026-03-01,47,3109.84,9395.3,principal
SKU_1871_SNO,2026-03-01,0,0.0,0.0,principal
SKU_1872_FRE,2026-03-01,59,16695.34,50439.1,principal
SKU_1872_SAP,2026-03-01,63,17827.23,53858.7,principal
SKU_1873_BAB,2026-03-01,59,8786.1,26544.1,principal
SKU_1873_BLA,2026-03-01,61,9083.93,27443.9,principal
SKU_1874_JAD,2026-03-01,0,0.0,0.0,principal
SKU_1874_GAR,2026-03-01,58,4221.64,12754.2,principal
SKU_1875_BAB,2026-03-01,37,2130.35,6471.3,principal
SKU_1875_BIR,2026-03-01,53,3051.59,9269.7,principal
SKU_1876_AQU,2026-03-01,0,0.0,0.0,principal
SKU_1876_CLO,2026-03-01,63,4168.51,12593.7,principal
SKU_1877_SAP,2026-03-01,47,8592.46,27020.3,principal
SKU_1877_TEA,2026-03-01,38,6947.09,21846.2,principal
SKU_1878_SEA,2026-03-01,0,0.0,0.0,principal
SKU_1878_ROS,2026-03-01,19,2751.49,8358.1,principal
SKU_1879_COR,2026-03-01,0,0.0,0.0,principal
SKU_1879_WHI,2026-03-01,36,3148.5,10976.4,principal
SKU_1880_DUS,2026-03-01,66,17212.6,56093.4,principal
SKU_1880_TUR,2026-03-01,63,16430.21,53543.7,principal
SKU_1881_CLO,2026-03-01,0,0.0,0.0,principal
SKU_1881_SNO,2026-03-01,47,3283.89,11510.3,principal
SKU_1882_TUR,2026-03-01,51,4000.81,12234.9,principal
SKU_1882_SPA,2026-03-01,47,3687.02,11275.3,principal
SKU_1883_ARM,2026-03-01,74,5437.14,16642.6,principal
SKU_1883_BLU,2026-03-01,0,0.0,0.0,principal
SKU_1884_NAV,2026-03-01,34,4118.77,11556.6,principal
SKU_1884_FOR,2026-03-01,56,6783.86,19034.4,principal
SKU_1885_BLA,2026-03-01,35,6370.59,19246.5,principal
SKU_1885_MAG,2026-03-01,54,9828.91,29694.6,principal
SKU_1886_BAL,2026-03-01,56,3648.86,11474.4,principal
SKU_1886_CLO,2026-03-01,0,0.0,0.0,principal
SKU_1887_PAS,2026-03-01,50,3290.35,9995.0,principal
SKU_1887_CLE,2026-03-01,0,0.0,0.0,principal
SKU_1888_SEA,2026-03-01,53,3257.76,10594.7,principal
SKU_1888_NAV,2026-03-01,55,3380.7,10994.5,principal
SKU_1889_MAR,2026-03-01,56,4384.83,15114.4,principal
SKU_1889_BIR,2026-03-01,62,4854.64,16733.8,principal
SKU_1890_TEA,2026-03-01,0,0.0,0.0,principal
SKU_1890_ROY,2026-03-01,41,3154.3,10450.9,principal
SKU_1891_MAR,2026-03-01,44,4693.47,14515.6,principal
SKU_1891_BUB,2026-03-01,34,3626.78,11216.6,principal
SKU_1892_AQU,2026-03-01,37,3522.33,10726.3,principal
SKU_1892_ROS,2026-03-01,43,4093.52,12465.7,principal
SKU_1893_BIR,2026-03-01,54,13282.45,34014.6,principal
SKU_1893_TEA,2026-03-01,45,11068.71,28345.5,principal
SKU_1894_IVO,2026-03-01,59,5339.33,16219.1,principal
SKU_1894_AQU,2026-03-01,50,4524.85,13745.0,principal
SKU_1895_PAS,2026-03-01,64,4128.76,12473.6,principal
SKU_1895_BRI,2026-03-01,39,2515.96,7601.1,principal
SKU_1896_ARM,2026-03-01,70,23399.38,70693.0,principal
SKU_1896_PAS,2026-03-01,58,19388.06,58574.2,principal
SKU_1897_JAD,2026-03-01,61,4556.59,14328.9,principal
SKU_1897_SHO,2026-03-01,44,3286.72,10335.6,principal
SKU_1898_EME,2026-03-01,47,6626.58,22790.3,principal
SKU_1898_WHI,2026-03-01,32,4511.71,15516.8,principal
SKU_1899_SAG,2026-03-01,0,0.0,0.0,principal
SKU_1899_SAP,2026-03-01,54,3780.54,12144.6,principal
SKU_1900_HON,2026-03-01,34,4226.95,14446.6,principal
SKU_1900_FRE,2026-03-01,37,4599.91,15721.3,principal
SKU_1901_LIM,2026-03-01,34,2524.16,7986.6,principal
SKU_1901_MIN,2026-03-01,46,3415.04,10805.4,principal
SKU_1902_BLU,2026-03-01,36,10157.45,29876.4,principal
SKU_1902_HOT,2026-03-01,68,19186.3,56433.2,principal
SKU_1903_PAS,2026-03-01,54,6483.02,17814.6,principal
SKU_1903_DUS,2026-03-01,53,6362.96,17484.7,principal
SKU_1904_SNO,2026-03-01,53,14346.11,39479.7,principal
SKU_1904_CLE,2026-03-01,0,0.0,0.0,principal
SKU_1905_WHI,2026-03-01,47,5598.96,16915.3,principal
SKU_1905_PRI,2026-03-01,58,6909.36,20874.2,principal
SKU_1906_SHO,2026-03-01,38,3709.25,11206.2,principal
SKU_1906_NAV,2026-03-01,54,5271.04,15924.6,principal
SKU_1907_BLA,2026-03-01,0,0.0,0.0,principal
SKU_1907_TEA,2026-03-01,39,3136.9,10721.1,principal
SKU_1908_BLA,2026-03-01,0,0.0,0.0,principal
SKU_1908_MID,2026-03-01,51,4755.48,16059.9,principal
SKU_1909_SPA,2026-03-01,47,7189.03,21145.3,principal
SKU_1909_PEA,2026-03-01,29,4435.79,13047.1,principal
SKU_1910_MID,2026-03-01,62,15852.34,46493.8,principal
SKU_1910_MYS,2026-03-01,0,0.0,0.0,principal
SKU_1911_RAS,2026-03-01,39,3250.61,8381.1,principal
SKU_1911_LIG,2026-03-01,51,4250.79,10959.9,principal
SKU_1912_PAS,2026-03-01,53,6715.58,20399.7,principal
SKU_1912_MEX,2026-03-01,25,3167.73,9622.5,principal
SKU_1913_PIS,2026-03-01,55,3894.56,10719.5,principal
SKU_1913_MYS,2026-03-01,33,2336.74,6431.7,principal
SKU_1914_SNO,2026-03-01,64,4719.43,12793.6,principal
SKU_1914_BIR,2026-03-01,32,2359.71,6396.8,principal
SKU_1915_SPA,2026-03-01,37,16139.88,43101.3,principal
SKU_1915_DUS,2026-03-01,28,12213.97,32617.2,principal
SKU_1916_TUR,2026-03-01,37,3121.76,9431.3,principal
SKU_1916_HOT,2026-03-01,53,4471.71,13509.7,principal
SKU_1917_IVO,2026-03-01,41,5087.77,15370.9,principal
SKU_1917_LIG,2026-03-01,35,4343.22,13121.5,principal
SKU_1918_SKY,2026-03-01,47,3109.84,9395.3,principal
SKU_1918_WHI,2026-03-01,0,0.0,0.0,principal
SKU_1919_COB,2026-03-01,56,12602.63,38074.4,principal
SKU_1919_PEA,2026-03-01,56,12602.63,38074.4,principal
SKU_1920_NAV,2026-03-01,43,3608.26,10960.7,principal
SKU_1920_GAR,2026-03-01,0,0.0,0.0,principal
SKU_1921_PIN,2026-03-01,57,4529.69,14244.3,principal
SKU_1921_VAN,2026-03-01,45,3576.07,11245.5,principal
SKU_1922_TEA,2026-03-01,29,5919.34,20152.1,principal
SKU_1922_BLU,2026-03-01,40,8164.6,27796.0,principal
SKU_1923_TUR,2026-03-01,47,2624.31,8925.3,principal
SKU_1923_PEA,2026-03-01,67,3741.03,12723.3,principal
SKU_1924_BIR,2026-03-01,44,8350.94,28375.6,principal
SKU_1924_TEA,2026-03-01,66,12526.41,42563.4,principal
SKU_1925_PIN,2026-03-01,36,4164.24,13136.4,principal
SKU_1925_PRI,2026-03-01,59,6824.72,21529.1,principal
SKU_1926_SHO,2026-03-01,0,0.0,0.0,principal
SKU_1926_IVO,2026-03-01,26,2669.42,7017.4,principal
SKU_1927_CER,2026-03-01,48,5472.48,14395.2,principal
SKU_1927_FUC,2026-03-01,53,6042.53,15894.7,principal
SKU_1928_COR,2026-03-01,46,4768.59,14485.4,principal
SKU_1928_BLU,2026-03-01,48,4975.92,15115.2,principal
SKU_1929_COB,2026-03-01,69,6698.59,20348.1,principal
SKU_1929_PEA,2026-03-01,63,6116.11,18578.7,principal
SKU_1930_GAR,2026-03-01,0,0.0,0.0,principal
SKU_1930_SHO,2026-03-01,69,15071.46,45533.1,principal
SKU_1931_MID,2026-03-01,0,0.0,0.0,principal
SKU_1931_COR,2026-03-01,0,0.0,0.0,principal
SKU_1932_NAV,2026-03-01,40,2315.41,7796.0,principal
SKU_1932_COB,2026-03-01,53,3067.92,10329.7,principal
SKU_1933_GAR,2026-03-01,40,2908.77,8996.0,principal
SKU_1933_SNO,2026-03-01,55,3999.55,12369.5,principal
SKU_1934_HON,2026-03-01,48,3334.62,12475.2,principal
SKU_1934_COB,2026-03-01,32,2223.08,8316.8,principal
SKU_1935_DEN,2026-03-01,51,2908.44,9174.9,principal
SKU_1935_HOT,2026-03-01,51,2908.44,9174.9,principal
SKU_1936_HON,2026-03-01,60,3058.37,7794.0,principal
SKU_1936_WHI,2026-03-01,0,0.0,0.0,principal
SKU_1937_BUB,2026-03-01,45,3126.46,9445.5,principal
SKU_1937_MIN,2026-03-01,55,3821.23,11544.5,principal
SKU_1938_CRE,2026-03-01,52,15489.08,46794.8,principal
SKU_1938_PAS,2026-03-01,0,0.0,0.0,principal
SKU_1939_ROS,2026-03-01,55,2796.65,8794.5,principal
SKU_1939_LIG,2026-03-01,44,2237.32,7035.6,principal
SKU_1940_HUN,2026-03-01,67,23928.99,72688.3,principal
SKU_1940_BIR,2026-03-01,42,15000.26,45565.8,principal
SKU_1941_MIN,2026-03-01,109,37673.35,114439.1,principal
SKU_1941_MIN,2026-03-01,109,37673.35,114439.1,principal
SKU_1942_MYS,2026-03-01,50,19218.25,59245.0,principal
SKU_1942_SAL,2026-03-01,65,24983.73,77018.5,principal
SKU_1943_FUC,2026-03-01,50,4037.14,13995.0,principal
SKU_1943_AQU,2026-03-01,60,4844.57,16794.0,principal
SKU_1944_FUC,2026-03-01,53,6718.72,21194.7,principal
SKU_1944_PIS,2026-03-01,59,7479.33,23594.1,principal
SKU_1945_BAB,2026-03-01,32,2023.84,6876.8,principal
SKU_1945_BRI,2026-03-01,0,0.0,0.0,principal
SKU_1946_PEA,2026-03-01,53,6802.72,21459.7,principal
SKU_1946_BUB,2026-03-01,0,0.0,0.0,principal
SKU_1947_SKY,2026-03-01,29,4852.8,12757.1,principal
SKU_1947_CLE,2026-03-01,68,11378.98,29913.2,principal
SKU_1948_WHI,2026-03-01,49,3224.55,9795.1,principal
SKU_1948_PAL,2026-03-01,25,1645.18,4997.5,principal
SKU_1949_VAN,2026-03-01,36,1954.26,5936.4,principal
SKU_1949_SKY,2026-03-01,49,2659.97,8080.1,principal
SKU_1950_BLU,2026-03-01,69,9103.74,28628.1,principal
SKU_1950_FLA,2026-03-01,42,5541.4,17425.8,principal
SKU_1951_COR,2026-03-01,32,2685.22,8156.8,principal
SKU_1951_GAR,2026-03-01,38,3188.7,9686.2,principal
SKU_1952_TUR,2026-03-01,0,0.0,0.0,principal
SKU_1952_PIS,2026-03-01,66,4451.9,13523.4,principal
SKU_1953_IVO,2026-03-01,0,0.0,0.0,principal
SKU_1953_LIM,2026-03-01,27,1751.81,6342.3,principal
SKU_1954_WHI,2026-03-01,53,3314.94,11124.7,principal
SKU_1954_ROY,2026-03-01,33,2064.02,6926.7,principal
SKU_1955_FRE,2026-03-01,55,14700.03,54994.5,principal
SKU_1955_SAL,2026-03-01,34,9087.29,33996.6,principal
SKU_1956_CLO,2026-03-01,41,2555.95,8605.9,principal
SKU_1956_PEA,2026-03-01,61,3802.76,12803.9,principal
SKU_1957_PEA,2026-03-01,28,1895.05,5317.2,principal
SKU_1957_CRE,2026-03-01,51,3451.7,9684.9,principal
SKU_1958_PAS,2026-03-01,46,2815.29,8505.4,principal
SKU_1958_BLU,2026-03-01,49,2998.89,9060.1,principal
SKU_1959_TUR,2026-03-01,41,9646.82,30335.9,principal
SKU_1959_WHI,2026-03-01,0,0.0,0.0,principal
SKU_1960_NAV,2026-03-01,39,2245.51,6821.1,principal
SKU_1960_BAL,2026-03-01,60,3454.62,10494.0,principal
SKU_1961_LIG,2026-03-01,68,9338.57,28213.2,principal
SKU_1961_SHO,2026-03-01,32,4394.62,13276.8,principal
SKU_1962_FRE,2026-03-01,50,3537.25,10745.0,principal
SKU_1962_LIG,2026-03-01,58,4103.21,12464.2,principal
SKU_1963_SER,2026-03-01,48,9411.17,33355.2,principal
SKU_1963_IVO,2026-03-01,67,13136.42,46558.3,principal
SKU_1964_SAL,2026-03-01,40,3589.76,11796.0,principal
SKU_1964_BRI,2026-03-01,39,3500.01,11501.1,principal
SKU_1965_GAR,2026-03-01,44,2948.75,10335.6,principal
SKU_1965_DEN,2026-03-01,61,4088.04,14328.9,principal
SKU_1966_FOR,2026-03-01,59,11826.27,39819.1,principal
SKU_1966_CER,2026-03-01,65,13028.94,43868.5,principal
SKU_1967_PAL,2026-03-01,24,1835.49,4677.6,principal
SKU_1967_BAB,2026-03-01,66,5047.6,12863.4,principal
SKU_1968_JAD,2026-03-01,61,3531.41,10668.9,principal
SKU_1968_PAS,2026-03-01,56,3241.95,9794.4,principal
SKU_1969_SER,2026-03-01,36,4884.37,14756.4,principal
SKU_1969_SNO,2026-03-01,54,7326.55,22134.6,principal
SKU_1970_PEA,2026-03-01,24,5875.88,18477.6,principal
SKU_1970_TUR,2026-03-01,52,12731.07,40034.8,principal
SKU_1971_RAS,2026-03-01,39,10654.92,32366.1,principal
SKU_1971_PIN,2026-03-01,0,0.0,0.0,principal
SKU_1972_PAS,2026-03-01,27,3082.37,9312.3,principal
SKU_1972_AQU,2026-03-01,0,0.0,0.0,principal
SKU_1973_SKY,2026-03-01,66,6714.06,21113.4,principal
SKU_1973_MYS,2026-03-01,0,0.0,0.0,principal
SKU_1974_JAD,2026-03-01,45,2860.57,8995.5,principal
SKU_1974_MIN,2026-03-01,37,2352.02,7396.3,principal
SKU_1975_MYS,2026-03-01,63,8913.13,28028.7,principal
SKU_1975_PAS,2026-03-01,0,0.0,0.0,principal
SKU_1976_SKY,2026-03-01,0,0.0,0.0,principal
SKU_1976_JAD,2026-03-01,0,0.0,0.0,principal
SKU_1977_NAV,2026-03-01,69,4908.1,14828.1,principal
SKU_1977_TEA,2026-03-01,39,2774.14,8381.1,principal
SKU_1978_BAL,2026-03-01,27,2233.36,6747.3,principal
SKU_1978_ROS,2026-03-01,0,0.0,0.0,principal
SKU_1979_MAR,2026-03-01,40,2580.48,7796.0,principal
SKU_1979_DEN,2026-03-01,40,2580.48,7796.0,principal
SKU_1980_DEN,2026-03-01,61,3110.58,9448.9,principal
SKU_1980_DEE,2026-03-01,36,1835.75,5576.4,principal
SKU_1981_FOR,2026-03-01,36,5894.58,18536.4,principal
SKU_1981_SEA,2026-03-01,0,0.0,0.0,principal
SKU_1982_PIS,2026-03-01,40,2961.48,8996.0,principal
SKU_1982_VAN,2026-03-01,64,4738.37,14393.6,principal
SKU_1983_GAR,2026-03-01,0,0.0,0.0,principal
SKU_1983_SAP,2026-03-01,47,3361.36,10570.3,principal
SKU_1984_PIN,2026-03-01,0,0.0,0.0,principal
SKU_1984_PAS,2026-03-01,41,3900.14,12295.9,principal
SKU_1985_WHI,2026-03-01,45,5320.97,18445.5,principal
SKU_1985_PAS,2026-03-01,49,5793.95,20085.1,principal
SKU_1986_BUB,2026-03-01,75,4633.02,15742.5,principal
SKU_1986_TEA,2026-03-01,44,2718.04,9235.6,principal
SKU_1987_MYS,2026-03-01,38,13490.32,42556.2,principal
SKU_1987_CLO,2026-03-01,68,24140.56,76153.2,principal
SKU_1988_WHI,2026-03-01,73,11799.13,31017.7,principal
SKU_1988_WHI,2026-03-01,73,11799.13,31017.7,principal
SKU_1989_HOT,2026-03-01,50,5759.35,17495.0,principal
SKU_1989_MAG,2026-03-01,59,6796.04,20644.1,principal
SKU_1990_LIM,2026-03-01,35,2084.14,6296.5,principal
SKU_1990_IVO,2026-03-01,63,3751.45,11333.7,principal
SKU_1991_GAR,2026-03-01,40,3814.73,11996.0,principal
SKU_1991_PIN,2026-03-01,0,0.0,0.0,principal
SKU_1992_BAL,2026-03-01,57,17355.19,52719.3,principal
SKU_1992_DEE,2026-03-01,0,0.0,0.0,principal
SKU_1993_SAP,2026-03-01,44,2866.96,9015.6,principal
SKU_1993_MEX,2026-03-01,34,2215.38,6966.6,principal
SKU_1994_COB,2026-03-01,35,2581.16,9446.5,principal
SKU_1994_LIM,2026-03-01,73,5383.57,19702.7,principal
SKU_1995_WHI,2026-03-01,53,3786.08,12449.7,principal
SKU_1995_EME,2026-03-01,41,2928.85,9630.9,principal
SKU_1996_SHO,2026-03-01,41,2683.93,10040.9,principal
SKU_1996_BLA,2026-03-01,66,4320.48,16163.4,principal
SKU_1997_MID,2026-03-01,30,1805.95,5697.0,principal
SKU_1997_SPA,2026-03-01,39,2347.73,7406.1,principal
SKU_1998_COR,2026-03-01,58,7830.23,20584.2,principal
SKU_1998_SAL,2026-03-01,51,6885.2,18099.9,principal
SKU_1999_COB,2026-03-01,43,3343.33,10100.7,principal
SKU_1999_SKY,2026-03-01,65,5053.87,15268.5,principal
SKU_2000_SHO,2026-03-01,62,4386.19,13323.8,principal
SKU_2000_SAG,2026-03-01,0,0.0,0.0,principal
SKU_2001_DEN,2026-03-01,47,5752.72,18090.3,principal
SKU_2001_MAR,2026-03-01,44,5385.52,16935.6,principal
SKU_2002_WHI,2026-03-01,41,2765.58,8400.9,principal
SKU_2002_VAN,2026-03-01,40,2698.12,8196.0,principal
SKU_2003_BAL,2026-03-01,49,3890.94,11755.1,principal
SKU_2003_FOR,2026-03-01,34,2699.83,8156.6,principal
SKU_2004_MIN,2026-03-01,0,0.0,0.0,principal
SKU_2004_AQU,2026-03-01,66,4143.98,14843.4,principal
SKU_2005_FUC,2026-03-01,36,1827.32,6476.4,principal
SKU_2005_TEA,2026-03-01,62,3147.04,11153.8,principal
SKU_2006_PRI,2026-03-01,64,15480.31,57913.6,principal
SKU_2006_DEN,2026-03-01,40,9675.19,36196.0,principal
SKU_2007_LIG,2026-03-01,31,1932.55,6506.9,principal
SKU_2007_SAG,2026-03-01,0,0.0,0.0,principal
SKU_2008_HOT,2026-03-01,22,1920.21,5387.8,principal
SKU_2008_SAL,2026-03-01,66,5760.64,16163.4,principal
SKU_2009_WHI,2026-03-01,24,2280.05,5997.6,principal
SKU_2009_DUS,2026-03-01,42,3990.08,10495.8,principal
SKU_2010_SPA,2026-03-01,32,9743.58,29436.8,principal
SKU_2010_BIR,2026-03-01,0,0.0,0.0,principal
SKU_2011_TUR,2026-03-01,58,4866.96,14784.2,principal
SKU_2011_PIN,2026-03-01,53,4447.39,13509.7,principal
SKU_2012_ROY,2026-03-01,54,14079.32,44274.6,principal
SKU_2012_SKY,2026-03-01,41,10689.86,33615.9,principal
SKU_2013_TEA,2026-03-01,53,3243.7,9799.7,principal
SKU_2013_MYS,2026-03-01,56,3427.31,10354.4,principal
SKU_2014_BLA,2026-03-01,44,4633.69,14075.6,principal
SKU_2014_BRI,2026-03-01,0,0.0,0.0,principal
SKU_2015_OLI,2026-03-01,0,0.0,0.0,principal
SKU_2015_HUN,2026-03-01,49,4906.77,15430.1,principal
SKU_2016_SAP,2026-03-01,55,4072.04,12369.5,principal
SKU_2016_PEA,2026-03-01,37,2739.37,8321.3,principal
SKU_2017_SHO,2026-03-01,59,5533.56,16809.1,principal
SKU_2017_FRE,2026-03-01,33,3095.04,9401.7,principal
SKU_2018_OFF,2026-03-01,37,5845.37,17756.3,principal
SKU_2018_BAB,2026-03-01,64,10110.92,30713.6,principal
SKU_2019_SAG,2026-03-01,55,10010.93,30244.5,principal
SKU_2019_TUR,2026-03-01,0,0.0,0.0,principal
SKU_2020_FOR,2026-03-01,37,2763.83,8691.3,principal
SKU_2020_BAB,2026-03-01,32,2390.34,7516.8,principal
SKU_2021_NAV,2026-03-01,45,2828.56,8545.5,principal
SKU_2021_SAL,2026-03-01,65,4085.7,12343.5,principal
SKU_2022_SHO,2026-03-01,0,0.0,0.0,principal
SKU_2022_ROY,2026-03-01,0,0.0,0.0,principal
SKU_2023_MID,2026-03-01,60,3175.61,9594.0,principal
SKU_2023_SPA,2026-03-01,0,0.0,0.0,principal
SKU_2024_MIN,2026-03-01,67,8200.68,25788.3,principal
SKU_2024_LIG,2026-03-01,62,7588.69,23863.8,principal
SKU_2025_BAB,2026-03-01,43,3008.42,9885.7,principal
SKU_2025_SAP,2026-03-01,38,2658.6,8736.2,principal
SKU_2026_HON,2026-03-01,31,9817.2,31926.9,principal
SKU_2026_ROY,2026-03-01,45,14250.78,46345.5,principal
SKU_2027_CLE,2026-03-01,62,6189.24,21693.8,principal
SKU_2027_MAR,2026-03-01,0,0.0,0.0,principal
SKU_2028_PIS,2026-03-01,63,4582.32,15428.7,principal
SKU_2028_PAL,2026-03-01,34,2473.0,8326.6,principal
SKU_2029_BAB,2026-03-01,47,16312.5,45350.3,principal
SKU_2029_PRI,2026-03-01,38,13188.83,36666.2,principal
SKU_2030_SER,2026-03-01,63,8265.6,21728.7,principal
SKU_2030_BRI,2026-03-01,66,8659.2,22763.4,principal
SKU_2031_SNO,2026-03-01,30,4052.89,10497.0,principal
SKU_2031_NAV,2026-03-01,28,3782.7,9797.2,principal
SKU_2032_LIM,2026-03-01,44,3692.18,11215.6,principal
SKU_2032_WHI,2026-03-01,43,3608.26,10960.7,principal
SKU_2033_PRI,2026-03-01,33,3277.25,10226.7,principal
SKU_2033_RAS,2026-03-01,42,4171.04,13015.8,principal
SKU_2034_DUS,2026-03-01,0,0.0,0.0,principal
SKU_2034_PAS,2026-03-01,30,1636.72,5097.0,principal
SKU_2035_LIG,2026-03-01,0,0.0,0.0,principal
SKU_2035_AQU,2026-03-01,59,3905.1,13269.1,principal
SKU_2036_SPA,2026-03-01,31,2431.87,7436.9,principal
SKU_2036_MAR,2026-03-01,52,4079.26,12474.8,principal
SKU_2037_SNO,2026-03-01,73,18859.87,52917.7,principal
SKU_2037_SEA,2026-03-01,54,13951.14,39144.6,principal
SKU_2038_OFF,2026-03-01,46,17279.99,52205.4,principal
SKU_2038_COB,2026-03-01,40,15026.08,45396.0,principal
SKU_2039_OLI,2026-03-01,36,12212.71,36896.4,principal
SKU_2039_EME,2026-03-01,67,22729.21,68668.3,principal
SKU_2040_BIR,2026-03-01,54,5271.04,15924.6,principal
SKU_2040_MIN,2026-03-01,44,4294.92,12975.6,principal
SKU_2041_POW,2026-03-01,0,0.0,0.0,principal
SKU_2041_MOS,2026-03-01,42,3040.43,9235.8,principal
SKU_2042_WHI,2026-03-01,49,12405.91,37480.1,principal
SKU_2042_SER,2026-03-01,38,9620.91,29066.2,principal
SKU_2043_ROS,2026-03-01,0,0.0,0.0,principal
SKU_2043_WHI,2026-03-01,79,8276.08,27642.1,principal
SKU_2044_PAS,2026-03-01,54,3935.14,13494.6,principal
SKU_2044_COB,2026-03-01,28,2040.44,6997.2,principal
SKU_2045_AQU,2026-03-01,51,2925.31,9939.9,principal
SKU_2045_MID,2026-03-01,32,1835.49,6236.8,principal
SKU_2046_BLA,2026-03-01,0,0.0,0.0,principal
SKU_2046_MAR,2026-03-01,61,9328.44,31408.9,principal
SKU_2047_HUN,2026-03-01,52,22251.42,58494.8,principal
SKU_2047_FUC,2026-03-01,34,14549.01,38246.6,principal
SKU_2048_MAR,2026-03-01,36,4561.53,13856.4,principal
SKU_2048_FOR,2026-03-01,44,5575.2,16935.6,principal
SKU_2049_TEA,2026-03-01,0,0.0,0.0,principal
SKU_2049_PAS,2026-03-01,0,0.0,0.0,principal
SKU_2050_MOS,2026-03-01,66,9937.75,30023.4,principal
SKU_2050_BLU,2026-03-01,60,9034.31,27294.0,principal
SKU_2051_FOR,2026-03-01,45,11405.3,34645.5,principal
SKU_2051_MEX,2026-03-01,46,11658.75,35415.4,principal
SKU_2052_NAV,2026-03-01,43,4100.83,12895.7,principal
SKU_2052_FLA,2026-03-01,54,5149.88,16194.6,principal
SKU_2053_DEN,2026-03-01,56,5916.56,19594.4,principal
SKU_2053_EGR,2026-03-01,40,4226.12,13996.0,principal
SKU_2054_ROY,2026-03-01,0,0.0,0.0,principal
SKU_2054_SAL,2026-03-01,60,7437.46,24594.0,principal
SKU_2055_RAS,2026-03-01,67,8236.4,30813.3,principal
SKU_2055_SAP,2026-03-01,0,0.0,0.0,principal
SKU_2056_DEN,2026-03-01,0,0.0,0.0,principal
SKU_2056_SKY,2026-03-01,53,17935.85,54849.7,principal
SKU_2057_SNO,2026-03-01,65,23363.6,61418.5,principal
SKU_2057_VAN,2026-03-01,0,0.0,0.0,principal
SKU_2058_BUB,2026-03-01,64,4422.34,13433.6,principal
SKU_2058_MOS,2026-03-01,25,1727.48,5247.5,principal
SKU_2059_WHI,2026-03-01,45,9156.97,28795.5,principal
SKU_2059_SNO,2026-03-01,0,0.0,0.0,principal
SKU_2060_MEX,2026-03-01,58,17243.3,54224.2,principal
SKU_2060_VAN,2026-03-01,35,10405.44,32721.5,principal
SKU_2061_POW,2026-03-01,39,2694.86,8186.1,principal
SKU_2061_BRI,2026-03-01,37,2556.67,7766.3,principal
SKU_2062_BAB,2026-03-01,20,921.1,2798.0,principal
SKU_2062_DUS,2026-03-01,35,1611.93,4896.5,principal
SKU_2063_POW,2026-03-01,0,0.0,0.0,principal
SKU_2063_SHO,2026-03-01,48,3493.77,10555.2,principal
SKU_2064_PIS,2026-03-01,43,5660.82,17195.7,principal
SKU_2064_SAP,2026-03-01,29,3817.77,11597.1,principal
SKU_2065_OFF,2026-03-01,0,0.0,0.0,principal
SKU_2065_DUS,2026-03-01,35,2303.25,6996.5,principal
SKU_2066_TEA,2026-03-01,37,5816.1,17571.3,principal
SKU_2066_BLA,2026-03-01,52,8173.98,24694.8,principal
SKU_2067_MIN,2026-03-01,43,4784.53,15045.7,principal
SKU_2067_DUS,2026-03-01,35,3894.39,12246.5,principal
SKU_2068_IVO,2026-03-01,31,4132.09,12551.9,principal
SKU_2068_HON,2026-03-01,49,6531.36,19840.1,principal
SKU_2069_TEA,2026-03-01,34,2377.56,7476.6,principal
SKU_2069_BUB,2026-03-01,56,3915.98,12314.4,principal
SKU_2070_COR,2026-03-01,51,3608.0,10959.9,principal
SKU_2070_SPA,2026-03-01,45,3183.53,9670.5,principal
SKU_2071_PAS,2026-03-01,41,3507.92,10655.9,principal
SKU_2071_PEA,2026-03-01,34,2909.01,8836.6,principal
SKU_2072_BAB,2026-03-01,41,3662.81,11065.9,principal
SKU_2072_MIN,2026-03-01,44,3930.82,11875.6,principal
SKU_2073_HUN,2026-03-01,37,3531.1,10726.3,principal
SKU_2073_PAL,2026-03-01,40,3817.4,11596.0,principal
SKU_2074_PAS,2026-03-01,46,3382.02,12185.4,principal
SKU_2074_ARM,2026-03-01,31,2279.18,8211.9,principal
SKU_2075_COB,2026-03-01,33,2350.99,7916.7,principal
SKU_2075_COR,2026-03-01,0,0.0,0.0,principal
SKU_2076_MIN,2026-03-01,0,0.0,0.0,principal
SKU_2076_SAG,2026-03-01,68,8631.97,32293.2,principal
SKU_2077_MOS,2026-03-01,57,3819.13,11679.3,principal
SKU_2077_PIS,2026-03-01,24,1608.06,4917.6,principal
SKU_2078_ARM,2026-03-01,27,2463.96,6477.3,principal
SKU_2078_CLE,2026-03-01,60,5475.48,14394.0,principal
SKU_2079_TUR,2026-03-01,59,20780.45,63124.1,principal
SKU_2079_WHI,2026-03-01,49,17258.34,52425.1,principal
SKU_2080_FLA,2026-03-01,31,2448.23,7436.9,principal
SKU_2080_VAN,2026-03-01,80,6318.01,19192.0,principal
SKU_2081_PAL,2026-03-01,48,5951.43,18715.2,principal
SKU_2081_HUN,2026-03-01,57,7067.33,22224.3,principal
SKU_2082_PAS,2026-03-01,60,10126.61,30594.0,principal
SKU_2082_HON,2026-03-01,51,8607.62,26004.9,principal
SKU_2083_GAR,2026-03-01,49,3789.12,11510.1,principal
SKU_2083_VAN,2026-03-01,24,1855.9,5637.6,principal
SKU_2084_MAR,2026-03-01,46,3616.42,11725.4,principal
SKU_2084_GAR,2026-03-01,70,5503.25,17843.0,principal
SKU_2085_ARM,2026-03-01,61,8661.94,27748.9,principal
SKU_2085_OLI,2026-03-01,53,7525.94,24109.7,principal
SKU_2086_SHO,2026-03-01,0,0.0,0.0,principal
SKU_2086_MAG,2026-03-01,52,4515.98,16894.8,principal
SKU_2087_DEN,2026-03-01,66,5393.34,16493.4,principal
SKU_2087_CER,2026-03-01,39,3186.97,9746.1,principal
SKU_2088_VAN,2026-03-01,52,21658.0,56934.8,principal
SKU_2088_DUS,2026-03-01,59,24573.5,64599.1,principal
SKU_2089_EGR,2026-03-01,0,0.0,0.0,principal
SKU_2089_CLO,2026-03-01,70,11466.83,34643.0,principal
SKU_2090_LIG,2026-03-01,36,3156.55,9536.4,principal
SKU_2090_BUB,2026-03-01,26,2279.73,6887.4,principal
SKU_2091_BIR,2026-03-01,0,0.0,0.0,principal
SKU_2091_AQU,2026-03-01,42,3335.09,10075.8,principal
SKU_2092_EGR,2026-03-01,44,3846.4,12095.6,principal
SKU_2092_FUC,2026-03-01,50,4370.91,13745.0,principal
SKU_2093_SKY,2026-03-01,0,0.0,0.0,principal
SKU_2093_MYS,2026-03-01,60,4442.22,13494.0,principal
SKU_2094_MYS,2026-03-01,26,1461.01,4807.4,principal
SKU_2094_OLI,2026-03-01,57,3202.98,10539.3,principal
SKU_2095_CLO,2026-03-01,0,0.0,0.0,principal
SKU_2095_SEA,2026-03-01,0,0.0,0.0,principal
SKU_2096_TEA,2026-03-01,55,4206.87,14294.5,principal
SKU_2096_SNO,2026-03-01,69,5277.71,17933.1,principal
SKU_2097_SPA,2026-03-01,0,0.0,0.0,principal
SKU_2097_ROS,2026-03-01,52,3087.26,10394.8,principal
SKU_2098_EME,2026-03-01,58,6711.69,17104.2,principal
SKU_2098_SPA,2026-03-01,57,6595.97,16809.3,principal
SKU_2099_DEE,2026-03-01,0,0.0,0.0,principal
SKU_2099_LIG,2026-03-01,0,0.0,0.0,principal
SKU_2100_BLU,2026-03-01,66,22050.94,66983.4,principal
SKU_2100_MAG,2026-03-01,33,11025.47,33491.7,principal
SKU_2101_PAS,2026-03-01,48,3890.97,11755.2,principal
SKU_2101_BUB,2026-03-01,38,3080.35,9306.2,principal
SKU_2102_WHI,2026-03-01,0,0.0,0.0,principal
SKU_2102_CLO,2026-03-01,46,10896.4,34265.4,principal
SKU_2103_RAS,2026-03-01,29,4333.42,13627.1,principal
SKU_2103_FUC,2026-03-01,41,6126.56,19265.9,principal
SKU_2104_LIG,2026-03-01,53,3790.46,11919.7,principal
SKU_2104_PEA,2026-03-01,0,0.0,0.0,principal
SKU_2105_RAS,2026-03-01,72,7782.35,24472.8,principal
SKU_2105_LIG,2026-03-01,68,7350.0,23113.2,principal
SKU_2106_HON,2026-03-01,27,2087.89,6342.3,principal
SKU_2106_FUC,2026-03-01,35,2706.52,8221.5,principal
SKU_2107_SNO,2026-03-01,0,0.0,0.0,principal
SKU_2107_WHI,2026-03-01,31,4359.9,13171.9,principal
SKU_2108_BLU,2026-03-01,0,0.0,0.0,principal
SKU_2108_MAR,2026-03-01,59,5626.72,17694.1,principal
SKU_2109_TEA,2026-03-01,38,3865.67,12156.2,principal
SKU_2109_WHI,2026-03-01,57,5798.51,18234.3,principal
SKU_2110_SPA,2026-03-01,61,4265.62,13413.9,principal
SKU_2110_TEA,2026-03-01,47,3286.63,10335.3,principal
SKU_2111_SNO,2026-03-01,0,0.0,0.0,principal
SKU_2111_ARM,2026-03-01,42,3137.32,9865.8,principal
SKU_2112_MID,2026-03-01,30,3194.95,10047.0,principal
SKU_2112_TEA,2026-03-01,27,2875.45,9042.3,principal
SKU_2113_DUS,2026-03-01,30,1637.46,4947.0,principal
SKU_2113_NAV,2026-03-01,30,1637.46,4947.0,principal
SKU_2114_DUS,2026-03-01,35,4339.59,13646.5,principal
SKU_2114_BIR,2026-03-01,69,8555.19,26903.1,principal
SKU_2115_CER,2026-03-01,75,9116.84,28867.5,principal
SKU_2115_PEA,2026-03-01,57,6928.8,21939.3,principal
SKU_2116_SNO,2026-03-01,44,5291.09,16715.6,principal
SKU_2116_BLA,2026-03-01,51,6132.85,19374.9,principal
SKU_2117_RAS,2026-03-01,56,11524.48,43114.4,principal
SKU_2117_SAL,2026-03-01,43,8849.15,33105.7,principal
