Número do Pedido,Código (SKU),Data do Pedido,Quantidade Pedida,Custo Unitário (R$),Fornecedor,Previsão de Entrega,Data de Entrega Real,Status
PED_SKU_1000_COR_0,SKU_1000_COR,2023-06-17,376,98.25,,2023-08-01,,Entregue
PED_SKU_1000_COR_1,SKU_1000_COR,2023-08-16,376,98.25,,2023-09-30,,Cancelado
PED_SKU_1000_COR_2,SKU_1000_COR,2023-10-15,376,98.25,,2023-11-29,,Cancelado
PED_SKU_1000_EME_0,SKU_1000_EME,2023-06-17,558,59.76,,2023-08-01,,Entregue
PED_SKU_1000_EME_1,SKU_1000_EME,2023-08-16,558,59.76,,2023-09-30,,Entregue
PED_SKU_1000_ROY_0,SKU_1000_ROY,2023-06-17,274,59.76,,2023-08-01,,Entregue
PED_SKU_1000_ROY_1,SKU_1000_ROY,2023-08-16,274,59.76,,2023-09-30,,Entregue
PED_SKU_1000_ROY_2,SKU_1000_ROY,2023-10-15,274,59.76,,2023-11-29,,Entregue
PED_SKU_1000_ROY_3,SKU_1000_ROY,2023-12-14,274,59.76,,2024-01-28,,Entregue
PED_SKU_1001_AQU_0,SKU_1001_AQU,2023-06-17,522,251.24,,2023-08-01,,Entregue
PED_SKU_1001_AQU_1,SKU_1001_AQU,2023-08-16,522,251.24,,2023-09-30,,Entregue
PED_SKU_1001_SAP_0,SKU_1001_SAP,2023-06-17,550,251.24,,2023-08-01,,Entregue
PED_SKU_1001_SAP_1,SKU_1001_SAP,2023-08-16,550,251.24,,2023-09-30,,Entregue
PED_SKU_1002_COR_0,SKU_1002_COR,2023-06-17,328,76.81,,2023-08-01,,Entregue
PED_SKU_1002_COR_1,SKU_1002_COR,2023-08-16,328,76.81,,2023-09-30,,Entregue
PED_SKU_1002_COR_2,SKU_1002_COR,2023-10-15,328,76.81,,2023-11-29,,Entregue
PED_SKU_1002_MYS_0,SKU_1002_MYS,2023-06-17,511,76.81,,2023-08-01,,Entregue
PED_SKU_1002_MYS_1,SKU_1002_MYS,2023-08-16,511,76.81,,2023-09-30,,Entregue
PED_SKU_1003_SNO_0,SKU_1003_SNO,2023-06-17,337,143.19,,2023-08-01,,Entregue
PED_SKU_1003_SNO_1,SKU_1003_SNO,2023-08-16,337,143.19,,2023-09-30,,Entregue
PED_SKU_1003_SNO_2,SKU_1003_SNO,2023-10-15,337,143.19,,2023-11-29,,Entregue
PED_SKU_1003_DUS_0,SKU_1003_DUS,2023-06-17,565,143.19,,2023-08-01,,Entregue
PED_SKU_1003_DUS_1,SKU_1003_DUS,2023-08-16,565,143.19,,2023-09-30,,Entregue
PED_SKU_1004_FOR_0,SKU_1004_FOR,2023-06-17,279,114.01,,2023-08-01,,Entregue
PED_SKU_1004_FOR_1,SKU_1004_FOR,2023-08-16,279,114.01,,2023-09-30,,Cancelado
PED_SKU_1004_FOR_2,SKU_1004_FOR,2023-10-15,279,114.01,,2023-11-29,,Entregue
PED_SKU_1004_FOR_3,SKU_1004_FOR,2023-12-14,279,114.01,,2024-01-28,,Entregue
PED_SKU_1004_MEX_0,SKU_1004_MEX,2023-06-17,343,114.01,,2023-08-01,,Entregue
PED_SKU_1004_MEX_1,SKU_1004_MEX,2023-08-16,343,114.01,,2023-09-30,,Entregue
PED_SKU_1004_MEX_2,SKU_1004_MEX,2023-10-15,343,114.01,,2023-11-29,,Entregue
PED_SKU_1005_OLI_0,SKU_1005_OLI,2023-06-17,337,60.87,,2023-08-01,,Entregue
PED_SKU_1005_OLI_1,SKU_1005_OLI,2023-08-16,337,60.87,,2023-09-30,,Entregue
PED_SKU_1005_OLI_2,SKU_1005_OLI,2023-10-15,337,60.87,,2023-11-29,,Cancelado
PED_SKU_1005_MYS_0,SKU_1005_MYS,2023-06-17,359,60.87,,2023-08-01,,Cancelado
PED_SKU_1005_MYS_1,SKU_1005_MYS,2023-08-16,359,60.87,,2023-09-30,,Entregue
PED_SKU_1005_MYS_2,SKU_1005_MYS,2023-10-15,359,60.87,,2023-11-29,,Entregue
PED_SKU_1006_MOS_0,SKU_1006_MOS,2023-06-17,328,60.39,,2023-08-01,,Entregue
PED_SKU_1006_MOS_1,SKU_1006_MOS,2023-08-16,328,60.39,,2023-09-30,,Entregue
PED_SKU_1006_MOS_2,SKU_1006_MOS,2023-10-15,328,60.39,,2023-11-29,,Entregue
PED_SKU_1006_FOR_0,SKU_1006_FOR,2023-06-17,494,60.39,,2023-08-01,,Entregue
PED_SKU_1006_FOR_1,SKU_1006_FOR,2023-08-16,494,60.39,,2023-09-30,,Entregue
PED_SKU_1007_COB_0,SKU_1007_COB,2023-06-17,557,93.78,,2023-08-01,,Entregue
PED_SKU_1007_COB_1,SKU_1007_COB,2023-08-16,557,93.78,,2023-09-30,,Entregue
PED_SKU_1007_FOR_0,SKU_1007_FOR,2023-06-17,262,93.78,,2023-08-01,,Entregue
PED_SKU_1007_FOR_1,SKU_1007_FOR,2023-08-16,262,93.78,,2023-09-30,,Entregue
PED_SKU_1007_FOR_2,SKU_1007_FOR,2023-10-15,262,93.78,,2023-11-29,,Entregue
PED_SKU_1007_FOR_3,SKU_1007_FOR,2023-12-14,262,93.78,,2024-01-28,,Entregue
PED_SKU_1008_MEX_0,SKU_1008_MEX,2023-06-17,370,107.54,,2023-08-01,,Entregue
PED_SKU_1008_MEX_1,SKU_1008_MEX,2023-08-16,370,107.54,,2023-09-30,,Entregue
PED_SKU_1008_MEX_2,SKU_1008_MEX,2023-10-15,370,107.54,,2023-11-29,,Entregue
PED_SKU_1008_WHI_0,SKU_1008_WHI,2023-06-17,352,107.54,,2023-08-01,,Entregue
PED_SKU_1008_WHI_1,SKU_1008_WHI,2023-08-16,352,107.54,,2023-09-30,,Entregue
PED_SKU_1008_WHI_2,SKU_1008_WHI,2023-10-15,352,107.54,,2023-11-29,,Entregue
PED_SKU_1009_BAB_0,SKU_1009_BAB,2023-06-17,379,142.22,,2023-08-01,,Entregue
PED_SKU_1009_BAB_1,SKU_1009_BAB,2023-08-16,379,142.22,,2023-09-30,,Entregue
PED_SKU_1009_BAB_2,SKU_1009_BAB,2023-10-15,379,142.22,,2023-11-29,,Entregue
PED_SKU_1009_MAG_0,SKU_1009_MAG,2023-06-17,317,142.22,,2023-08-01,,Entregue
PED_SKU_1009_MAG_1,SKU_1009_MAG,2023-08-16,317,142.22,,2023-09-30,,Cancelado
PED_SKU_1009_MAG_2,SKU_1009_MAG,2023-10-15,317,142.22,,2023-11-29,,Entregue
PED_SKU_1010_SNO_0,SKU_1010_SNO,2023-06-17,529,113.2,,2023-08-01,,Entregue
PED_SKU_1010_SNO_1,SKU_1010_SNO,2023-08-16,529,113.2,,2023-09-30,,Entregue
PED_SKU_1010_BRI_0,SKU_1010_BRI,2023-06-17,343,113.2,,2023-08-01,,Cancelado
PED_SKU_1010_BRI_1,SKU_1010_BRI,2023-08-16,343,113.2,,2023-09-30,,Entregue
PED_SKU_1010_BRI_2,SKU_1010_BRI,2023-10-15,343,113.2,,2023-11-29,,Entregue
PED_SKU_1011_CER_0,SKU_1011_CER,2023-06-17,254,69.47,,2023-08-01,,Entregue
PED_SKU_1011_CER_1,SKU_1011_CER,2023-08-16,254,69.47,,2023-09-30,,Entregue
PED_SKU_1011_CER_2,SKU_1011_CER,2023-10-15,254,69.47,,2023-11-29,,Entregue
PED_SKU_1011_CER_3,SKU_1011_CER,2023-12-14,254,69.47,,2024-01-28,,Entregue
PED_SKU_1011_MIN_0,SKU_1011_MIN,2023-06-17,244,69.47,,2023-08-01,,Entregue
PED_SKU_1011_MIN_1,SKU_1011_MIN,2023-08-16,244,69.47,,2023-09-30,,Entregue
PED_SKU_1011_MIN_2,SKU_1011_MIN,2023-10-15,244,69.47,,2023-11-29,,Entregue
PED_SKU_1011_MIN_3,SKU_1011_MIN,2023-12-14,244,69.47,,2024-01-28,,Entregue
PED_SKU_1012_VAN_0,SKU_1012_VAN,2023-06-17,270,288.06,,2023-08-01,,Entregue
PED_SKU_1012_VAN_1,SKU_1012_VAN,2023-08-16,270,288.06,,2023-09-30,,Entregue
PED_SKU_1012_VAN_2,SKU_1012_VAN,2023-10-15,270,288.06,,2023-11-29,,Entregue
PED_SKU_1012_VAN_3,SKU_1012_VAN,2023-12-14,270,288.06,,2024-01-28,,Entregue
PED_SKU_1012_CLO_0,SKU_1012_CLO,2023-06-17,272,288.06,,2023-08-01,,Entregue
PED_SKU_1012_CLO_1,SKU_1012_CLO,2023-08-16,272,288.06,,2023-09-30,,Entregue
PED_SKU_1012_CLO_2,SKU_1012_CLO,2023-10-15,272,288.06,,2023-11-29,,Entregue
PED_SKU_1012_CLO_3,SKU_1012_CLO,2023-12-14,272,288.06,,2024-01-28,,Entregue
PED_SKU_1013_LIG_0,SKU_1013_LIG,2023-06-17,956,68.43,,2023-08-01,,Entregue
PED_SKU_1013_LIG_1,SKU_1013_LIG,2023-08-16,956,68.43,,2023-09-30,,Entregue
PED_SKU_1014_FLA_0,SKU_1014_FLA,2023-06-17,254,132.37,,2023-08-01,,Entregue
PED_SKU_1014_FLA_1,SKU_1014_FLA,2023-08-16,254,132.37,,2023-09-30,,Entregue
PED_SKU_1014_FLA_2,SKU_1014_FLA,2023-10-15,254,132.37,,2023-11-29,,Entregue
PED_SKU_1014_FLA_3,SKU_1014_FLA,2023-12-14,254,132.37,,2024-01-28,,Entregue
PED_SKU_1014_MIN_0,SKU_1014_MIN,2023-06-17,364,132.37,,2023-08-01,,Entregue
PED_SKU_1014_MIN_1,SKU_1014_MIN,2023-08-16,364,132.37,,2023-09-30,,Entregue
PED_SKU_1014_MIN_2,SKU_1014_MIN,2023-10-15,364,132.37,,2023-11-29,,Entregue
PED_SKU_1015_ROY_0,SKU_1015_ROY,2023-06-17,354,309.45,,2023-08-01,,Entregue
PED_SKU_1015_ROY_1,SKU_1015_ROY,2023-08-16,354,309.45,,2023-09-30,,Entregue
PED_SKU_1015_ROY_2,SKU_1015_ROY,2023-10-15,354,309.45,,2023-11-29,,Entregue
PED_SKU_1015_TUR_0,SKU_1015_TUR,2023-06-17,495,309.45,,2023-08-01,,Entregue
PED_SKU_1015_TUR_1,SKU_1015_TUR,2023-08-16,495,309.45,,2023-09-30,,Entregue
PED_SKU_1016_HON_0,SKU_1016_HON,2023-06-17,230,71.13,,2023-08-01,,Entregue
PED_SKU_1016_HON_1,SKU_1016_HON,2023-08-16,230,71.13,,2023-09-30,,Entregue
PED_SKU_1016_HON_2,SKU_1016_HON,2023-10-15,230,71.13,,2023-11-29,,Entregue
PED_SKU_1016_HON_3,SKU_1016_HON,2023-12-14,230,71.13,,2024-01-28,,Entregue
PED_SKU_1016_SNO_0,SKU_1016_SNO,2023-06-17,379,71.13,,2023-08-01,,Entregue
PED_SKU_1016_SNO_1,SKU_1016_SNO,2023-08-16,379,71.13,,2023-09-30,,Cancelado
PED_SKU_1016_SNO_2,SKU_1016_SNO,2023-10-15,379,71.13,,2023-11-29,,Entregue
PED_SKU_1017_PAS_0,SKU_1017_PAS,2023-06-17,572,47.67,,2023-08-01,,Entregue
PED_SKU_1017_PAS_1,SKU_1017_PAS,2023-08-16,572,47.67,,2023-09-30,,Entregue
PED_SKU_1017_BAL_0,SKU_1017_BAL,2023-06-17,509,47.67,,2023-08-01,,Entregue
PED_SKU_1017_BAL_1,SKU_1017_BAL,2023-08-16,509,47.67,,2023-09-30,,Entregue
PED_SKU_1018_TEA_0,SKU_1018_TEA,2023-06-17,541,38.13,,2023-08-01,,Entregue
PED_SKU_1018_TEA_1,SKU_1018_TEA,2023-08-16,541,38.13,,2023-09-30,,Entregue
PED_SKU_1018_ARM_0,SKU_1018_ARM,2023-06-17,538,38.13,,2023-08-01,,Entregue
PED_SKU_1018_ARM_1,SKU_1018_ARM,2023-08-16,538,38.13,,2023-09-30,,Entregue
PED_SKU_1019_NAV_0,SKU_1019_NAV,2023-06-17,250,82.29,,2023-08-01,,Entregue
PED_SKU_1019_NAV_1,SKU_1019_NAV,2023-08-16,250,82.29,,2023-09-30,,Entregue
PED_SKU_1019_NAV_2,SKU_1019_NAV,2023-10-15,250,82.29,,2023-11-29,,Entregue
PED_SKU_1019_NAV_3,SKU_1019_NAV,2023-12-14,250,82.29,,2024-01-28,,Entregue
PED_SKU_1019_GAR_0,SKU_1019_GAR,2023-06-17,248,82.29,,2023-08-01,,Entregue
PED_SKU_1019_GAR_1,SKU_1019_GAR,2023-08-16,248,82.29,,2023-09-30,,Entregue
PED_SKU_1019_GAR_2,SKU_1019_GAR,2023-10-15,248,82.29,,2023-11-29,,Entregue
PED_SKU_1019_GAR_3,SKU_1019_GAR,2023-12-14,248,82.29,,2024-01-28,,Entregue
PED_SKU_1020_NAV_0,SKU_1020_NAV,2023-06-17,252,60.83,,2023-08-01,,Entregue
PED_SKU_1020_NAV_1,SKU_1020_NAV,2023-08-16,252,60.83,,2023-09-30,,Entregue
PED_SKU_1020_NAV_2,SKU_1020_NAV,2023-10-15,252,60.83,,2023-11-29,,Entregue
PED_SKU_1020_NAV_3,SKU_1020_NAV,2023-12-14,252,60.83,,2024-01-28,,Entregue
PED_SKU_1020_LIG_0,SKU_1020_LIG,2023-06-17,525,60.83,,2023-08-01,,Entregue
PED_SKU_1020_LIG_1,SKU_1020_LIG,2023-08-16,525,60.83,,2023-09-30,,Entregue
PED_SKU_1021_CRE_0,SKU_1021_CRE,2023-06-17,514,76.15,,2023-08-01,,Entregue
PED_SKU_1021_CRE_1,SKU_1021_CRE,2023-08-16,514,76.15,,2023-09-30,,Entregue
PED_SKU_1021_PAS_0,SKU_1021_PAS,2023-06-17,379,76.15,,2023-08-01,,Entregue
PED_SKU_1021_PAS_1,SKU_1021_PAS,2023-08-16,379,76.15,,2023-09-30,,Entregue
PED_SKU_1021_PAS_2,SKU_1021_PAS,2023-10-15,379,76.15,,2023-11-29,,Entregue
PED_SKU_1022_PAL_0,SKU_1022_PAL,2023-06-17,266,104.61,,2023-08-01,,Entregue
PED_SKU_1022_PAL_1,SKU_1022_PAL,2023-08-16,266,104.61,,2023-09-30,,Entregue
PED_SKU_1022_PAL_2,SKU_1022_PAL,2023-10-15,266,104.61,,2023-11-29,,Entregue
PED_SKU_1022_PAL_3,SKU_1022_PAL,2023-12-14,266,104.61,,2024-01-28,,Entregue
PED_SKU_1022_DEN_0,SKU_1022_DEN,2023-06-17,334,104.61,,2023-08-01,,Entregue
PED_SKU_1022_DEN_1,SKU_1022_DEN,2023-08-16,334,104.61,,2023-09-30,,Entregue
PED_SKU_1022_DEN_2,SKU_1022_DEN,2023-10-15,334,104.61,,2023-11-29,,Entregue
PED_SKU_1023_DEN_0,SKU_1023_DEN,2023-06-17,359,109.83,,2023-08-01,,Entregue
PED_SKU_1023_DEN_1,SKU_1023_DEN,2023-08-16,359,109.83,,2023-09-30,,Entregue
PED_SKU_1023_DEN_2,SKU_1023_DEN,2023-10-15,359,109.83,,2023-11-29,,Entregue
PED_SKU_1023_FOR_0,SKU_1023_FOR,2023-06-17,364,109.83,,2023-08-01,,Entregue
PED_SKU_1023_FOR_1,SKU_1023_FOR,2023-08-16,364,109.83,,2023-09-30,,Entregue
PED_SKU_1023_FOR_2,SKU_1023_FOR,2023-10-15,364,109.83,,2023-11-29,,Entregue
PED_SKU_1024_VAN_0,SKU_1024_VAN,2023-06-17,370,79.8,,2023-08-01,,Entregue
PED_SKU_1024_VAN_1,SKU_1024_VAN,2023-08-16,370,79.8,,2023-09-30,,Entregue
PED_SKU_1024_VAN_2,SKU_1024_VAN,2023-10-15,370,79.8,,2023-11-29,,Entregue
PED_SKU_1024_DEN_0,SKU_1024_DEN,2023-06-17,238,79.8,,2023-08-01,,Entregue
PED_SKU_1024_DEN_1,SKU_1024_DEN,2023-08-16,238,79.8,,2023-09-30,,Entregue
PED_SKU_1024_DEN_2,SKU_1024_DEN,2023-10-15,238,79.8,,2023-11-29,,Entregue
PED_SKU_1024_DEN_3,SKU_1024_DEN,2023-12-14,238,79.8,,2024-01-28,,Entregue
PED_SKU_1025_WHI_0,SKU_1025_WHI,2023-06-17,336,154.2,,2023-08-01,,Entregue
PED_SKU_1025_WHI_1,SKU_1025_WHI,2023-08-16,336,154.2,,2023-09-30,,Entregue
PED_SKU_1025_WHI_2,SKU_1025_WHI,2023-10-15,336,154.2,,2023-11-29,,Entregue
PED_SKU_1025_MIN_0,SKU_1025_MIN,2023-06-17,513,154.2,,2023-08-01,,Entregue
PED_SKU_1025_MIN_1,SKU_1025_MIN,2023-08-16,513,154.2,,2023-09-30,,Entregue
PED_SKU_1026_CLO_0,SKU_1026_CLO,2023-06-17,511,136.59,,2023-08-01,,Entregue
PED_SKU_1026_CLO_1,SKU_1026_CLO,2023-08-16,511,136.59,,2023-09-30,,Cancelado
PED_SKU_1026_SPA_0,SKU_1026_SPA,2023-06-17,340,136.59,,2023-08-01,,Entregue
PED_SKU_1026_SPA_1,SKU_1026_SPA,2023-08-16,340,136.59,,2023-09-30,,Entregue
PED_SKU_1026_SPA_2,SKU_1026_SPA,2023-10-15,340,136.59,,2023-11-29,,Entregue
PED_SKU_1027_MAR_0,SKU_1027_MAR,2023-06-17,286,133.53,,2023-08-01,,Entregue
PED_SKU_1027_MAR_1,SKU_1027_MAR,2023-08-16,286,133.53,,2023-09-30,,Entregue
PED_SKU_1027_MAR_2,SKU_1027_MAR,2023-10-15,286,133.53,,2023-11-29,,Entregue
PED_SKU_1027_MAR_3,SKU_1027_MAR,2023-12-14,286,133.53,,2024-01-28,,Entregue
PED_SKU_1027_BIR_0,SKU_1027_BIR,2023-06-17,282,133.53,,2023-08-01,,Entregue
PED_SKU_1027_BIR_1,SKU_1027_BIR,2023-08-16,282,133.53,,2023-09-30,,Entregue
PED_SKU_1027_BIR_2,SKU_1027_BIR,2023-10-15,282,133.53,,2023-11-29,,Entregue
PED_SKU_1027_BIR_3,SKU_1027_BIR,2023-12-14,282,133.53,,2024-01-28,,Entregue
PED_SKU_1028_BLU_0,SKU_1028_BLU,2023-06-17,266,200.31,,2023-08-01,,Entregue
PED_SKU_1028_BLU_1,SKU_1028_BLU,2023-08-16,266,200.31,,2023-09-30,,Entregue
PED_SKU_1028_BLU_2,SKU_1028_BLU,2023-10-15,266,200.31,,2023-11-29,,Entregue
PED_SKU_1028_BLU_3,SKU_1028_BLU,2023-12-14,266,200.31,,2024-01-28,,Entregue
PED_SKU_1028_AQU_0,SKU_1028_AQU,2023-06-17,331,200.31,,2023-08-01,,Entregue
PED_SKU_1028_AQU_1,SKU_1028_AQU,2023-08-16,331,200.31,,2023-09-30,,Entregue
PED_SKU_1028_AQU_2,SKU_1028_AQU,2023-10-15,331,200.31,,2023-11-29,,Entregue
PED_SKU_1029_BLU_0,SKU_1029_BLU,2023-06-17,276,77.88,,2023-08-01,,Entregue
PED_SKU_1029_BLU_1,SKU_1029_BLU,2023-08-16,276,77.88,,2023-09-30,,Entregue
PED_SKU_1029_BLU_2,SKU_1029_BLU,2023-10-15,276,77.88,,2023-11-29,,Entregue
PED_SKU_1029_BLU_3,SKU_1029_BLU,2023-12-14,276,77.88,,2024-01-28,,Entregue
PED_SKU_1029_BAL_0,SKU_1029_BAL,2023-06-17,254,77.88,,2023-08-01,,Entregue
PED_SKU_1029_BAL_1,SKU_1029_BAL,2023-08-16,254,77.88,,2023-09-30,,Entregue
PED_SKU_1029_BAL_2,SKU_1029_BAL,2023-10-15,254,77.88,,2023-11-29,,Entregue
PED_SKU_1029_BAL_3,SKU_1029_BAL,2023-12-14,254,77.88,,2024-01-28,,Entregue
PED_SKU_1030_CRE_0,SKU_1030_CRE,2023-06-17,498,206.67,,2023-08-01,,Entregue
PED_SKU_1030_CRE_1,SKU_1030_CRE,2023-08-16,498,206.67,,2023-09-30,,Entregue
PED_SKU_1030_DEN_0,SKU_1030_DEN,2023-06-17,242,206.67,,2023-08-01,,Entregue
PED_SKU_1030_DEN_1,SKU_1030_DEN,2023-08-16,242,206.67,,2023-09-30,,Entregue
PED_SKU_1030_DEN_2,SKU_1030_DEN,2023-10-15,242,206.67,,2023-11-29,,Entregue
PED_SKU_1030_DEN_3,SKU_1030_DEN,2023-12-14,242,206.67,,2024-01-28,,Entregue
PED_SKU_1031_COR_0,SKU_1031_COR,2023-06-17,270,157.19,,2023-08-01,,Entregue
PED_SKU_1031_COR_1,SKU_1031_COR,2023-08-16,270,157.19,,2023-09-30,,Entregue
PED_SKU_1031_COR_2,SKU_1031_COR,2023-10-15,270,157.19,,2023-11-29,,Entregue
PED_SKU_1031_COR_3,SKU_1031_COR,2023-12-14,270,157.19,,2024-01-28,,Entregue
PED_SKU_1031_HON_0,SKU_1031_HON,2023-06-17,238,157.19,,2023-08-01,,Entregue
PED_SKU_1031_HON_1,SKU_1031_HON,2023-08-16,238,157.19,,2023-09-30,,Entregue
PED_SKU_1031_HON_2,SKU_1031_HON,2023-10-15,238,157.19,,2023-11-29,,Cancelado
PED_SKU_1031_HON_3,SKU_1031_HON,2023-12-14,238,157.19,,2024-01-28,,Entregue
PED_SKU_1032_EME_0,SKU_1032_EME,2023-06-17,359,109.68,,2023-08-01,,Entregue
PED_SKU_1032_EME_1,SKU_1032_EME,2023-08-16,359,109.68,,2023-09-30,,Entregue
PED_SKU_1032_EME_2,SKU_1032_EME,2023-10-15,359,109.68,,2023-11-29,,Entregue
PED_SKU_1032_HON_0,SKU_1032_HON,2023-06-17,259,109.68,,2023-08-01,,Entregue
PED_SKU_1032_HON_1,SKU_1032_HON,2023-08-16,259,109.68,,2023-09-30,,Entregue
PED_SKU_1032_HON_2,SKU_1032_HON,2023-10-15,259,109.68,,2023-11-29,,Entregue
PED_SKU_1032_HON_3,SKU_1032_HON,2023-12-14,259,109.68,,2024-01-28,,Entregue
PED_SKU_1033_NAV_0,SKU_1033_NAV,2023-06-17,378,206.67,,2023-08-01,,Entregue
PED_SKU_1033_NAV_1,SKU_1033_NAV,2023-08-16,378,206.67,,2023-09-30,,Entregue
PED_SKU_1033_NAV_2,SKU_1033_NAV,2023-10-15,378,206.67,,2023-11-29,,Entregue
PED_SKU_1033_LIM_0,SKU_1033_LIM,2023-06-17,507,206.67,,2023-08-01,,Entregue
PED_SKU_1033_LIM_1,SKU_1033_LIM,2023-08-16,507,206.67,,2023-09-30,,Entregue
PED_SKU_1034_PAS_0,SKU_1034_PAS,2023-06-17,535,70.75,,2023-08-01,,Entregue
PED_SKU_1034_PAS_1,SKU_1034_PAS,2023-08-16,535,70.75,,2023-09-30,,Entregue
PED_SKU_1034_PIS_0,SKU_1034_PIS,2023-06-17,273,70.75,,2023-08-01,,Entregue
PED_SKU_1034_PIS_1,SKU_1034_PIS,2023-08-16,273,70.75,,2023-09-30,,Entregue
PED_SKU_1034_PIS_2,SKU_1034_PIS,2023-10-15,273,70.75,,2023-11-29,,Entregue
PED_SKU_1034_PIS_3,SKU_1034_PIS,2023-12-14,273,70.75,,2024-01-28,,Entregue
PED_SKU_1035_SAP_0,SKU_1035_SAP,2023-06-17,557,208.26,,2023-08-01,,Entregue
PED_SKU_1035_SAP_1,SKU_1035_SAP,2023-08-16,557,208.26,,2023-09-30,,Entregue
PED_SKU_1035_FUC_0,SKU_1035_FUC,2023-06-17,374,208.26,,2023-08-01,,Entregue
PED_SKU_1035_FUC_1,SKU_1035_FUC,2023-08-16,374,208.26,,2023-09-30,,Entregue
PED_SKU_1035_FUC_2,SKU_1035_FUC,2023-10-15,374,208.26,,2023-11-29,,Entregue
PED_SKU_1036_BIR_0,SKU_1036_BIR,2023-06-17,338,246.87,,2023-08-01,,Entregue
PED_SKU_1036_BIR_1,SKU_1036_BIR,2023-08-16,338,246.87,,2023-09-30,,Entregue
PED_SKU_1036_BIR_2,SKU_1036_BIR,2023-10-15,338,246.87,,2023-11-29,,Entregue
PED_SKU_1036_MID_0,SKU_1036_MID,2023-06-17,253,246.87,,2023-08-01,,Entregue
PED_SKU_1036_MID_1,SKU_1036_MID,2023-08-16,253,246.87,,2023-09-30,,Entregue
PED_SKU_1036_MID_2,SKU_1036_MID,2023-10-15,253,246.87,,2023-11-29,,Entregue
PED_SKU_1036_MID_3,SKU_1036_MID,2023-12-14,253,246.87,,2024-01-28,,Entregue
PED_SKU_1037_PRI_0,SKU_1037_PRI,2023-06-17,249,66.75,,2023-08-01,,Entregue
PED_SKU_1037_PRI_1,SKU_1037_PRI,2023-08-16,249,66.75,,2023-09-30,,Entregue
PED_SKU_1037_PRI_2,SKU_1037_PRI,2023-10-15,249,66.75,,2023-11-29,,Entregue
PED_SKU_1037_PRI_3,SKU_1037_PRI,2023-12-14,249,66.75,,2024-01-28,,Entregue
PED_SKU_1037_SPA_0,SKU_1037_SPA,2023-06-17,366,66.75,,2023-08-01,,Entregue
PED_SKU_1037_SPA_1,SKU_1037_SPA,2023-08-16,366,66.75,,2023-09-30,,Entregue
PED_SKU_1037_SPA_2,SKU_1037_SPA,2023-10-15,366,66.75,,2023-11-29,,Entregue
PED_SKU_1038_LIG_0,SKU_1038_LIG,2023-06-17,231,81.06,,2023-08-01,,Entregue
PED_SKU_1038_LIG_1,SKU_1038_LIG,2023-08-16,231,81.06,,2023-09-30,,Entregue
PED_SKU_1038_LIG_2,SKU_1038_LIG,2023-10-15,231,81.06,,2023-11-29,,Entregue
PED_SKU_1038_LIG_3,SKU_1038_LIG,2023-12-14,231,81.06,,2024-01-28,,Entregue
PED_SKU_1038_FLA_0,SKU_1038_FLA,2023-06-17,277,81.06,,2023-08-01,,Entregue
PED_SKU_1038_FLA_1,SKU_1038_FLA,2023-08-16,277,81.06,,2023-09-30,,Entregue
PED_SKU_1038_FLA_2,SKU_1038_FLA,2023-10-15,277,81.06,,2023-11-29,,Entregue
PED_SKU_1038_FLA_3,SKU_1038_FLA,2023-12-14,277,81.06,,2024-01-28,,Entregue
PED_SKU_1039_ARM_0,SKU_1039_ARM,2023-06-17,330,51.27,,2023-08-01,,Entregue
PED_SKU_1039_ARM_1,SKU_1039_ARM,2023-08-16,330,51.27,,2023-09-30,,Entregue
PED_SKU_1039_ARM_2,SKU_1039_ARM,2023-10-15,330,51.27,,2023-11-29,,Entregue
PED_SKU_1039_MIN_0,SKU_1039_MIN,2023-06-17,266,51.27,,2023-08-01,,Entregue
PED_SKU_1039_MIN_1,SKU_1039_MIN,2023-08-16,266,51.27,,2023-09-30,,Entregue
PED_SKU_1039_MIN_2,SKU_1039_MIN,2023-10-15,266,51.27,,2023-11-29,,Entregue
PED_SKU_1039_MIN_3,SKU_1039_MIN,2023-12-14,266,51.27,,2024-01-28,,Entregue
PED_SKU_1040_BLA_0,SKU_1040_BLA,2023-06-17,241,107.59,,2023-08-01,,Entregue
PED_SKU_1040_BLA_1,SKU_1040_BLA,2023-08-16,241,107.59,,2023-09-30,,Entregue
PED_SKU_1040_BLA_2,SKU_1040_BLA,2023-10-15,241,107.59,,2023-11-29,,Entregue
PED_SKU_1040_BLA_3,SKU_1040_BLA,2023-12-14,241,107.59,,2024-01-28,,Entregue
PED_SKU_1040_BAB_0,SKU_1040_BAB,2023-06-17,332,107.59,,2023-08-01,,Entregue
PED_SKU_1040_BAB_1,SKU_1040_BAB,2023-08-16,332,107.59,,2023-09-30,,Entregue
PED_SKU_1040_BAB_2,SKU_1040_BAB,2023-10-15,332,107.59,,2023-11-29,,Entregue
PED_SKU_1041_EME_0,SKU_1041_EME,2023-06-17,353,65.44,,2023-08-01,,Entregue
PED_SKU_1041_EME_1,SKU_1041_EME,2023-08-16,353,65.44,,2023-09-30,,Entregue
PED_SKU_1041_EME_2,SKU_1041_EME,2023-10-15,353,65.44,,2023-11-29,,Entregue
PED_SKU_1041_SNO_0,SKU_1041_SNO,2023-06-17,313,65.44,,2023-08-01,,Entregue
PED_SKU_1041_SNO_1,SKU_1041_SNO,2023-08-16,313,65.44,,2023-09-30,,Entregue
PED_SKU_1041_SNO_2,SKU_1041_SNO,2023-10-15,313,65.44,,2023-11-29,,Entregue
PED_SKU_1042_SEA_0,SKU_1042_SEA,2023-06-17,503,92.68,,2023-08-01,,Entregue
PED_SKU_1042_SEA_1,SKU_1042_SEA,2023-08-16,503,92.68,,2023-09-30,,Entregue
PED_SKU_1042_EME_0,SKU_1042_EME,2023-06-17,362,92.68,,2023-08-01,,Entregue
PED_SKU_1042_EME_1,SKU_1042_EME,2023-08-16,362,92.68,,2023-09-30,,Entregue
PED_SKU_1042_EME_2,SKU_1042_EME,2023-10-15,362,92.68,,2023-11-29,,Entregue
PED_SKU_1043_SPA_0,SKU_1043_SPA,2023-06-17,490,259.85,,2023-08-01,,Entregue
PED_SKU_1043_SPA_1,SKU_1043_SPA,2023-08-16,490,259.85,,2023-09-30,,Entregue
PED_SKU_1043_CER_0,SKU_1043_CER,2023-06-17,328,259.85,,2023-08-01,,Entregue
PED_SKU_1043_CER_1,SKU_1043_CER,2023-08-16,328,259.85,,2023-09-30,,Entregue
PED_SKU_1043_CER_2,SKU_1043_CER,2023-10-15,328,259.85,,2023-11-29,,Entregue
PED_SKU_1044_SER_0,SKU_1044_SER,2023-06-17,566,327.11,,2023-08-01,,Entregue
PED_SKU_1044_SER_1,SKU_1044_SER,2023-08-16,566,327.11,,2023-09-30,,Entregue
PED_SKU_1044_COR_0,SKU_1044_COR,2023-06-17,272,327.11,,2023-08-01,,Entregue
PED_SKU_1044_COR_1,SKU_1044_COR,2023-08-16,272,327.11,,2023-09-30,,Entregue
PED_SKU_1044_COR_2,SKU_1044_COR,2023-10-15,272,327.11,,2023-11-29,,Entregue
PED_SKU_1044_COR_3,SKU_1044_COR,2023-12-14,272,327.11,,2024-01-28,,Entregue
PED_SKU_1045_FOR_0,SKU_1045_FOR,2023-06-17,242,96.9,,2023-08-01,,Entregue
PED_SKU_1045_FOR_1,SKU_1045_FOR,2023-08-16,242,96.9,,2023-09-30,,Entregue
PED_SKU_1045_FOR_2,SKU_1045_FOR,2023-10-15,242,96.9,,2023-11-29,,Entregue
PED_SKU_1045_FOR_3,SKU_1045_FOR,2023-12-14,242,96.9,,2024-01-28,,Entregue
PED_SKU_1045_BUB_0,SKU_1045_BUB,2023-06-17,353,96.9,,2023-08-01,,Entregue
PED_SKU_1045_BUB_1,SKU_1045_BUB,2023-08-16,353,96.9,,2023-09-30,,Entregue
PED_SKU_1045_BUB_2,SKU_1045_BUB,2023-10-15,353,96.9,,2023-11-29,,Entregue
PED_SKU_1046_SNO_0,SKU_1046_SNO,2023-06-17,327,52.93,,2023-08-01,,Entregue
PED_SKU_1046_SNO_1,SKU_1046_SNO,2023-08-16,327,52.93,,2023-09-30,,Cancelado
PED_SKU_1046_SNO_2,SKU_1046_SNO,2023-10-15,327,52.93,,2023-11-29,,Entregue
PED_SKU_1046_PAS_0,SKU_1046_PAS,2023-06-17,323,52.93,,2023-08-01,,Entregue
PED_SKU_1046_PAS_1,SKU_1046_PAS,2023-08-16,323,52.93,,2023-09-30,,Entregue
PED_SKU_1046_PAS_2,SKU_1046_PAS,2023-10-15,323,52.93,,2023-11-29,,Entregue
PED_SKU_1047_ROY_0,SKU_1047_ROY,2023-06-17,359,69.48,,2023-08-01,,Entregue
PED_SKU_1047_ROY_1,SKU_1047_ROY,2023-08-16,359,69.48,,2023-09-30,,Entregue
PED_SKU_1047_ROY_2,SKU_1047_ROY,2023-10-15,359,69.48,,2023-11-29,,Entregue
PED_SKU_1047_DEE_0,SKU_1047_DEE,2023-06-17,236,69.48,,2023-08-01,,Entregue
PED_SKU_1047_DEE_1,SKU_1047_DEE,2023-08-16,236,69.48,,2023-09-30,,Entregue
PED_SKU_1047_DEE_2,SKU_1047_DEE,2023-10-15,236,69.48,,2023-11-29,,Entregue
PED_SKU_1047_DEE_3,SKU_1047_DEE,2023-12-14,236,69.48,,2024-01-28,,Entregue
PED_SKU_1048_MAR_0,SKU_1048_MAR,2023-06-17,367,78.98,,2023-08-01,,Entregue
PED_SKU_1048_MAR_1,SKU_1048_MAR,2023-08-16,367,78.98,,2023-09-30,,Entregue
PED_SKU_1048_MAR_2,SKU_1048_MAR,2023-10-15,367,78.98,,2023-11-29,,Entregue
PED_SKU_1048_PEA_0,SKU_1048_PEA,2023-06-17,247,78.98,,2023-08-01,,Cancelado
PED_SKU_1048_PEA_1,SKU_1048_PEA,2023-08-16,247,78.98,,2023-09-30,,Entregue
PED_SKU_1048_PEA_2,SKU_1048_PEA,2023-10-15,247,78.98,,2023-11-29,,Entregue
PED_SKU_1048_PEA_3,SKU_1048_PEA,2023-12-14,247,78.98,,2024-01-28,,Entregue
PED_SKU_1049_BAL_0,SKU_1049_BAL,2023-06-17,356,248.51,,2023-08-01,,Entregue
PED_SKU_1049_BAL_1,SKU_1049_BAL,2023-08-16,356,248.51,,2023-09-30,,Entregue
PED_SKU_1049_BAL_2,SKU_1049_BAL,2023-10-15,356,248.51,,2023-11-29,,Entregue
PED_SKU_1049_LIG_0,SKU_1049_LIG,2023-06-17,275,248.51,,2023-08-01,,Entregue
PED_SKU_1049_LIG_1,SKU_1049_LIG,2023-08-16,275,248.51,,2023-09-30,,Entregue
PED_SKU_1049_LIG_2,SKU_1049_LIG,2023-10-15,275,248.51,,2023-11-29,,Entregue
PED_SKU_1049_LIG_3,SKU_1049_LIG,2023-12-14,275,248.51,,2024-01-28,,Entregue
PED_SKU_1050_BUB_0,SKU_1050_BUB,2023-06-17,238,88.92,,2023-08-01,,Entregue
PED_SKU_1050_BUB_1,SKU_1050_BUB,2023-08-16,238,88.92,,2023-09-30,,Cancelado
PED_SKU_1050_BUB_2,SKU_1050_BUB,2023-10-15,238,88.92,,2023-11-29,,Entregue
PED_SKU_1050_BUB_3,SKU_1050_BUB,2023-12-14,238,88.92,,2024-01-28,,Entregue
PED_SKU_1050_PRI_0,SKU_1050_PRI,2023-06-17,279,88.92,,2023-08-01,,Entregue
PED_SKU_1050_PRI_1,SKU_1050_PRI,2023-08-16,279,88.92,,2023-09-30,,Entregue
PED_SKU_1050_PRI_2,SKU_1050_PRI,2023-10-15,279,88.92,,2023-11-29,,Entregue
PED_SKU_1050_PRI_3,SKU_1050_PRI,2023-12-14,279,88.92,,2024-01-28,,Entregue
PED_SKU_1051_CLE_0,SKU_1051_CLE,2023-06-17,351,228.05,,2023-08-01,,Entregue
PED_SKU_1051_CLE_1,SKU_1051_CLE,2023-08-16,351,228.05,,2023-09-30,,Entregue
PED_SKU_1051_CLE_2,SKU_1051_CLE,2023-10-15,351,228.05,,2023-11-29,,Entregue
PED_SKU_1051_LIG_0,SKU_1051_LIG,2023-06-17,548,228.05,,2023-08-01,,Entregue
PED_SKU_1051_LIG_1,SKU_1051_LIG,2023-08-16,548,228.05,,2023-09-30,,Entregue
PED_SKU_1052_PAS_0,SKU_1052_PAS,2023-06-17,351,92.69,,2023-08-01,,Entregue
PED_SKU_1052_PAS_1,SKU_1052_PAS,2023-08-16,351,92.69,,2023-09-30,,Entregue
PED_SKU_1052_PAS_2,SKU_1052_PAS,2023-10-15,351,92.69,,2023-11-29,,Entregue
PED_SKU_1052_FRE_0,SKU_1052_FRE,2023-06-17,540,92.69,,2023-08-01,,Entregue
PED_SKU_1052_FRE_1,SKU_1052_FRE,2023-08-16,540,92.69,,2023-09-30,,Entregue
PED_SKU_1053_SHO_0,SKU_1053_SHO,2023-06-17,363,104.61,,2023-08-01,,Cancelado
PED_SKU_1053_SHO_1,SKU_1053_SHO,2023-08-16,363,104.61,,2023-09-30,,Entregue
PED_SKU_1053_SHO_2,SKU_1053_SHO,2023-10-15,363,104.61,,2023-11-29,,Entregue
PED_SKU_1053_NAV_0,SKU_1053_NAV,2023-06-17,325,104.61,,2023-08-01,,Entregue
PED_SKU_1053_NAV_1,SKU_1053_NAV,2023-08-16,325,104.61,,2023-09-30,,Entregue
PED_SKU_1053_NAV_2,SKU_1053_NAV,2023-10-15,325,104.61,,2023-11-29,,Entregue
PED_SKU_1054_DEE_0,SKU_1054_DEE,2023-06-17,264,126.49,,2023-08-01,,Entregue
PED_SKU_1054_DEE_1,SKU_1054_DEE,2023-08-16,264,126.49,,2023-09-30,,Entregue
PED_SKU_1054_DEE_2,SKU_1054_DEE,2023-10-15,264,126.49,,2023-11-29,,Entregue
PED_SKU_1054_DEE_3,SKU_1054_DEE,2023-12-14,264,126.49,,2024-01-28,,Entregue
PED_SKU_1054_PAS_0,SKU_1054_PAS,2023-06-17,511,126.49,,2023-08-01,,Entregue
PED_SKU_1054_PAS_1,SKU_1054_PAS,2023-08-16,511,126.49,,2023-09-30,,Entregue
PED_SKU_1055_LIG_0,SKU_1055_LIG,2023-06-17,381,375.65,,2023-08-01,,Entregue
PED_SKU_1055_LIG_1,SKU_1055_LIG,2023-08-16,381,375.65,,2023-09-30,,Entregue
PED_SKU_1055_LIG_2,SKU_1055_LIG,2023-10-15,381,375.65,,2023-11-29,,Entregue
PED_SKU_1055_PAL_0,SKU_1055_PAL,2023-06-17,244,375.65,,2023-08-01,,Entregue
PED_SKU_1055_PAL_1,SKU_1055_PAL,2023-08-16,244,375.65,,2023-09-30,,Entregue
PED_SKU_1055_PAL_2,SKU_1055_PAL,2023-10-15,244,375.65,,2023-11-29,,Cancelado
PED_SKU_1055_PAL_3,SKU_1055_PAL,2023-12-14,244,375.65,,2024-01-28,,Entregue
PED_SKU_1056_CRE_0,SKU_1056_CRE,2023-06-17,275,77.75,,2023-08-01,,Entregue
PED_SKU_1056_CRE_1,SKU_1056_CRE,2023-08-16,275,77.75,,2023-09-30,,Entregue
PED_SKU_1056_CRE_2,SKU_1056_CRE,2023-10-15,275,77.75,,2023-11-29,,Entregue
PED_SKU_1056_CRE_3,SKU_1056_CRE,2023-12-14,275,77.75,,2024-01-28,,Entregue
PED_SKU_1056_OLI_0,SKU_1056_OLI,2023-06-17,362,77.75,,2023-08-01,,Entregue
PED_SKU_1056_OLI_1,SKU_1056_OLI,2023-08-16,362,77.75,,2023-09-30,,Entregue
PED_SKU_1056_OLI_2,SKU_1056_OLI,2023-10-15,362,77.75,,2023-11-29,,Entregue
PED_SKU_1057_ROY_0,SKU_1057_ROY,2023-06-17,511,60.87,,2023-08-01,,Entregue
PED_SKU_1057_ROY_1,SKU_1057_ROY,2023-08-16,511,60.87,,2023-09-30,,Entregue
PED_SKU_1057_SNO_0,SKU_1057_SNO,2023-06-17,352,60.87,,2023-08-01,,Cancelado
PED_SKU_1057_SNO_1,SKU_1057_SNO,2023-08-16,352,60.87,,2023-09-30,,Cancelado
PED_SKU_1057_SNO_2,SKU_1057_SNO,2023-10-15,352,60.87,,2023-11-29,,Entregue
PED_SKU_1058_MID_0,SKU_1058_MID,2023-06-17,347,61.98,,2023-08-01,,Entregue
PED_SKU_1058_MID_1,SKU_1058_MID,2023-08-16,347,61.98,,2023-09-30,,Entregue
PED_SKU_1058_MID_2,SKU_1058_MID,2023-10-15,347,61.98,,2023-11-29,,Entregue
PED_SKU_1058_SHO_0,SKU_1058_SHO,2023-06-17,359,61.98,,2023-08-01,,Entregue
PED_SKU_1058_SHO_1,SKU_1058_SHO,2023-08-16,359,61.98,,2023-09-30,,Entregue
PED_SKU_1058_SHO_2,SKU_1058_SHO,2023-10-15,359,61.98,,2023-11-29,,Entregue
PED_SKU_1059_PEA_0,SKU_1059_PEA,2023-06-17,510,95.37,,2023-08-01,,Entregue
PED_SKU_1059_PEA_1,SKU_1059_PEA,2023-08-16,510,95.37,,2023-09-30,,Entregue
PED_SKU_1059_OFF_0,SKU_1059_OFF,2023-06-17,350,95.37,,2023-08-01,,Entregue
PED_SKU_1059_OFF_1,SKU_1059_OFF,2023-08-16,350,95.37,,2023-09-30,,Entregue
PED_SKU_1059_OFF_2,SKU_1059_OFF,2023-10-15,350,95.37,,2023-11-29,,Entregue
PED_SKU_1060_CRE_0,SKU_1060_CRE,2023-06-17,277,341.16,,2023-08-01,,Entregue
PED_SKU_1060_CRE_1,SKU_1060_CRE,2023-08-16,277,341.16,,2023-09-30,,Entregue
PED_SKU_1060_CRE_2,SKU_1060_CRE,2023-10-15,277,341.16,,2023-11-29,,Entregue
PED_SKU_1060_CRE_3,SKU_1060_CRE,2023-12-14,277,341.16,,2024-01-28,,Entregue
PED_SKU_1060_LIM_0,SKU_1060_LIM,2023-06-17,253,341.16,,2023-08-01,,Entregue
PED_SKU_1060_LIM_1,SKU_1060_LIM,2023-08-16,253,341.16,,2023-09-30,,Entregue
PED_SKU_1060_LIM_2,SKU_1060_LIM,2023-10-15,253,341.16,,2023-11-29,,Entregue
PED_SKU_1060_LIM_3,SKU_1060_LIM,2023-12-14,253,341.16,,2024-01-28,,Entregue
PED_SKU_1061_PAS_0,SKU_1061_PAS,2023-06-17,279,115.65,,2023-08-01,,Entregue
PED_SKU_1061_PAS_1,SKU_1061_PAS,2023-08-16,279,115.65,,2023-09-30,,Entregue
PED_SKU_1061_PAS_2,SKU_1061_PAS,2023-10-15,279,115.65,,2023-11-29,,Entregue
PED_SKU_1061_PAS_3,SKU_1061_PAS,2023-12-14,279,115.65,,2024-01-28,,Entregue
PED_SKU_1061_EGR_0,SKU_1061_EGR,2023-06-17,242,115.65,,2023-08-01,,Entregue
PED_SKU_1061_EGR_1,SKU_1061_EGR,2023-08-16,242,115.65,,2023-09-30,,Entregue
PED_SKU_1061_EGR_2,SKU_1061_EGR,2023-10-15,242,115.65,,2023-11-29,,Entregue
PED_SKU_1061_EGR_3,SKU_1061_EGR,2023-12-14,242,115.65,,2024-01-28,,Entregue
PED_SKU_1062_OLI_0,SKU_1062_OLI,2023-06-17,275,57.03,,2023-08-01,,Entregue
PED_SKU_1062_OLI_1,SKU_1062_OLI,2023-08-16,275,57.03,,2023-09-30,,Entregue
PED_SKU_1062_OLI_2,SKU_1062_OLI,2023-10-15,275,57.03,,2023-11-29,,Entregue
PED_SKU_1062_OLI_3,SKU_1062_OLI,2023-12-14,275,57.03,,2024-01-28,,Entregue
PED_SKU_1062_MID_0,SKU_1062_MID,2023-06-17,348,57.03,,2023-08-01,,Entregue
PED_SKU_1062_MID_1,SKU_1062_MID,2023-08-16,348,57.03,,2023-09-30,,Entregue
PED_SKU_1062_MID_2,SKU_1062_MID,2023-10-15,348,57.03,,2023-11-29,,Entregue
PED_SKU_1063_SNO_0,SKU_1063_SNO,2023-06-17,511,58.61,,2023-08-01,,Entregue
PED_SKU_1063_SNO_1,SKU_1063_SNO,2023-08-16,511,58.61,,2023-09-30,,Entregue
PED_SKU_1063_SAP_0,SKU_1063_SAP,2023-06-17,325,58.61,,2023-08-01,,Entregue
PED_SKU_1063_SAP_1,SKU_1063_SAP,2023-08-16,325,58.61,,2023-09-30,,Entregue
PED_SKU_1063_SAP_2,SKU_1063_SAP,2023-10-15,325,58.61,,2023-11-29,,Entregue
PED_SKU_1064_PRI_0,SKU_1064_PRI,2023-06-17,520,67.68,,2023-08-01,,Entregue
PED_SKU_1064_PRI_1,SKU_1064_PRI,2023-08-16,520,67.68,,2023-09-30,,Entregue
PED_SKU_1064_BIR_0,SKU_1064_BIR,2023-06-17,269,67.68,,2023-08-01,,Entregue
PED_SKU_1064_BIR_1,SKU_1064_BIR,2023-08-16,269,67.68,,2023-09-30,,Entregue
PED_SKU_1064_BIR_2,SKU_1064_BIR,2023-10-15,269,67.68,,2023-11-29,,Entregue
PED_SKU_1064_BIR_3,SKU_1064_BIR,2023-12-14,269,67.68,,2024-01-28,,Entregue
PED_SKU_1065_CLE_0,SKU_1065_CLE,2023-06-17,358,212.3,,2023-08-01,,Entregue
PED_SKU_1065_CLE_1,SKU_1065_CLE,2023-08-16,358,212.3,,2023-09-30,,Entregue
PED_SKU_1065_CLE_2,SKU_1065_CLE,2023-10-15,358,212.3,,2023-11-29,,Entregue
PED_SKU_1065_COB_0,SKU_1065_COB,2023-06-17,360,212.3,,2023-08-01,,Entregue
PED_SKU_1065_COB_1,SKU_1065_COB,2023-08-16,360,212.3,,2023-09-30,,Entregue
PED_SKU_1065_COB_2,SKU_1065_COB,2023-10-15,360,212.3,,2023-11-29,,Entregue
PED_SKU_1066_IVO_0,SKU_1066_IVO,2023-06-17,581,59.55,,2023-08-01,,Entregue
PED_SKU_1066_IVO_1,SKU_1066_IVO,2023-08-16,581,59.55,,2023-09-30,,Entregue
PED_SKU_1066_WHI_0,SKU_1066_WHI,2023-06-17,336,59.55,,2023-08-01,,Entregue
PED_SKU_1066_WHI_1,SKU_1066_WHI,2023-08-16,336,59.55,,2023-09-30,,Entregue
PED_SKU_1066_WHI_2,SKU_1066_WHI,2023-10-15,336,59.55,,2023-11-29,,Entregue
PED_SKU_1067_EME_0,SKU_1067_EME,2023-06-17,498,84.24,,2023-08-01,,Entregue
PED_SKU_1067_EME_1,SKU_1067_EME,2023-08-16,498,84.24,,2023-09-30,,Entregue
PED_SKU_1067_WHI_0,SKU_1067_WHI,2023-06-17,329,84.24,,2023-08-01,,Entregue
PED_SKU_1067_WHI_1,SKU_1067_WHI,2023-08-16,329,84.24,,2023-09-30,,Entregue
PED_SKU_1067_WHI_2,SKU_1067_WHI,2023-10-15,329,84.24,,2023-11-29,,Entregue
PED_SKU_1068_COR_0,SKU_1068_COR,2023-06-17,333,263.11,,2023-08-01,,Entregue
PED_SKU_1068_COR_1,SKU_1068_COR,2023-08-16,333,263.11,,2023-09-30,,Entregue
PED_SKU_1068_COR_2,SKU_1068_COR,2023-10-15,333,263.11,,2023-11-29,,Entregue
PED_SKU_1068_BAL_0,SKU_1068_BAL,2023-06-17,237,263.11,,2023-08-01,,Cancelado
PED_SKU_1068_BAL_1,SKU_1068_BAL,2023-08-16,237,263.11,,2023-09-30,,Entregue
PED_SKU_1068_BAL_2,SKU_1068_BAL,2023-10-15,237,263.11,,2023-11-29,,Entregue
PED_SKU_1068_BAL_3,SKU_1068_BAL,2023-12-14,237,263.11,,2024-01-28,,Entregue
PED_SKU_1069_OLI_0,SKU_1069_OLI,2023-06-17,511,175.4,,2023-08-01,,Entregue
PED_SKU_1069_OLI_1,SKU_1069_OLI,2023-08-16,511,175.4,,2023-09-30,,Cancelado
PED_SKU_1069_CRE_0,SKU_1069_CRE,2023-06-17,264,175.4,,2023-08-01,,Entregue
PED_SKU_1069_CRE_1,SKU_1069_CRE,2023-08-16,264,175.4,,2023-09-30,,Entregue
PED_SKU_1069_CRE_2,SKU_1069_CRE,2023-10-15,264,175.4,,2023-11-29,,Entregue
PED_SKU_1069_CRE_3,SKU_1069_CRE,2023-12-14,264,175.4,,2024-01-28,,Entregue
PED_SKU_1070_LIG_0,SKU_1070_LIG,2023-06-17,331,114.16,,2023-08-01,,Entregue
PED_SKU_1070_LIG_1,SKU_1070_LIG,2023-08-16,331,114.16,,2023-09-30,,Entregue
PED_SKU_1070_LIG_2,SKU_1070_LIG,2023-10-15,331,114.16,,2023-11-29,,Cancelado
PED_SKU_1070_MID_0,SKU_1070_MID,2023-06-17,365,114.16,,2023-08-01,,Entregue
PED_SKU_1070_MID_1,SKU_1070_MID,2023-08-16,365,114.16,,2023-09-30,,Entregue
PED_SKU_1070_MID_2,SKU_1070_MID,2023-10-15,365,114.16,,2023-11-29,,Entregue
PED_SKU_1071_BAB_0,SKU_1071_BAB,2023-06-17,392,88.85,,2023-08-01,,Entregue
PED_SKU_1071_BAB_1,SKU_1071_BAB,2023-08-16,392,88.85,,2023-09-30,,Entregue
PED_SKU_1071_BAB_2,SKU_1071_BAB,2023-10-15,392,88.85,,2023-11-29,,Entregue
PED_SKU_1071_SKY_0,SKU_1071_SKY,2023-06-17,549,88.85,,2023-08-01,,Entregue
PED_SKU_1071_SKY_1,SKU_1071_SKY,2023-08-16,549,88.85,,2023-09-30,,Entregue
PED_SKU_1072_PAS_0,SKU_1072_PAS,2023-06-17,276,152.23,,2023-08-01,,Entregue
PED_SKU_1072_PAS_1,SKU_1072_PAS,2023-08-16,276,152.23,,2023-09-30,,Entregue
PED_SKU_1072_PAS_2,SKU_1072_PAS,2023-10-15,276,152.23,,2023-11-29,,Entregue
PED_SKU_1072_PAS_3,SKU_1072_PAS,2023-12-14,276,152.23,,2024-01-28,,Entregue
PED_SKU_1072_CER_0,SKU_1072_CER,2023-06-17,272,152.23,,2023-08-01,,Entregue
PED_SKU_1072_CER_1,SKU_1072_CER,2023-08-16,272,152.23,,2023-09-30,,Entregue
PED_SKU_1072_CER_2,SKU_1072_CER,2023-10-15,272,152.23,,2023-11-29,,Entregue
PED_SKU_1072_CER_3,SKU_1072_CER,2023-12-14,272,152.23,,2024-01-28,,Entregue
PED_SKU_1073_FRE_0,SKU_1073_FRE,2023-06-17,521,105.89,,2023-08-01,,Entregue
PED_SKU_1073_FRE_1,SKU_1073_FRE,2023-08-16,521,105.89,,2023-09-30,,Entregue
PED_SKU_1073_BLU_0,SKU_1073_BLU,2023-06-17,261,105.89,,2023-08-01,,Entregue
PED_SKU_1073_BLU_1,SKU_1073_BLU,2023-08-16,261,105.89,,2023-09-30,,Entregue
PED_SKU_1073_BLU_2,SKU_1073_BLU,2023-10-15,261,105.89,,2023-11-29,,Entregue
PED_SKU_1073_BLU_3,SKU_1073_BLU,2023-12-14,261,105.89,,2024-01-28,,Entregue
PED_SKU_1074_JAD_0,SKU_1074_JAD,2023-06-17,357,67.45,,2023-08-01,,Entregue
PED_SKU_1074_JAD_1,SKU_1074_JAD,2023-08-16,357,67.45,,2023-09-30,,Entregue
PED_SKU_1074_JAD_2,SKU_1074_JAD,2023-10-15,357,67.45,,2023-11-29,,Entregue
PED_SKU_1074_PRI_0,SKU_1074_PRI,2023-06-17,275,67.45,,2023-08-01,,Entregue
PED_SKU_1074_PRI_1,SKU_1074_PRI,2023-08-16,275,67.45,,2023-09-30,,Entregue
PED_SKU_1074_PRI_2,SKU_1074_PRI,2023-10-15,275,67.45,,2023-11-29,,Entregue
PED_SKU_1074_PRI_3,SKU_1074_PRI,2023-12-14,275,67.45,,2024-01-28,,Entregue
PED_SKU_1075_NAV_0,SKU_1075_NAV,2023-06-17,542,92.19,,2023-08-01,,Entregue
PED_SKU_1075_NAV_1,SKU_1075_NAV,2023-08-16,542,92.19,,2023-09-30,,Entregue
PED_SKU_1075_LIG_0,SKU_1075_LIG,2023-06-17,347,92.19,,2023-08-01,,Entregue
PED_SKU_1075_LIG_1,SKU_1075_LIG,2023-08-16,347,92.19,,2023-09-30,,Entregue
PED_SKU_1075_LIG_2,SKU_1075_LIG,2023-10-15,347,92.19,,2023-11-29,,Entregue
PED_SKU_1076_BLU_0,SKU_1076_BLU,2023-06-17,321,70.75,,2023-08-01,,Cancelado
PED_SKU_1076_BLU_1,SKU_1076_BLU,2023-08-16,321,70.75,,2023-09-30,,Entregue
PED_SKU_1076_BLU_2,SKU_1076_BLU,2023-10-15,321,70.75,,2023-11-29,,Entregue
PED_SKU_1076_POW_0,SKU_1076_POW,2023-06-17,343,70.75,,2023-08-01,,Entregue
PED_SKU_1076_POW_1,SKU_1076_POW,2023-08-16,343,70.75,,2023-09-30,,Entregue
PED_SKU_1076_POW_2,SKU_1076_POW,2023-10-15,343,70.75,,2023-11-29,,Entregue
PED_SKU_1077_NAV_0,SKU_1077_NAV,2023-06-17,335,73.11,,2023-08-01,,Entregue
PED_SKU_1077_NAV_1,SKU_1077_NAV,2023-08-16,335,73.11,,2023-09-30,,Entregue
PED_SKU_1077_NAV_2,SKU_1077_NAV,2023-10-15,335,73.11,,2023-11-29,,Entregue
PED_SKU_1077_MAR_0,SKU_1077_MAR,2023-06-17,256,73.11,,2023-08-01,,Entregue
PED_SKU_1077_MAR_1,SKU_1077_MAR,2023-08-16,256,73.11,,2023-09-30,,Entregue
PED_SKU_1077_MAR_2,SKU_1077_MAR,2023-10-15,256,73.11,,2023-11-29,,Entregue
PED_SKU_1077_MAR_3,SKU_1077_MAR,2023-12-14,256,73.11,,2024-01-28,,Entregue
PED_SKU_1078_GAR_0,SKU_1078_GAR,2023-06-17,503,98.55,,2023-08-01,,Cancelado
PED_SKU_1078_GAR_1,SKU_1078_GAR,2023-08-16,503,98.55,,2023-09-30,,Entregue
PED_SKU_1078_BLU_0,SKU_1078_BLU,2023-06-17,503,98.55,,2023-08-01,,Entregue
PED_SKU_1078_BLU_1,SKU_1078_BLU,2023-08-16,503,98.55,,2023-09-30,,Entregue
PED_SKU_1079_BAB_0,SKU_1079_BAB,2023-06-17,247,90.5,,2023-08-01,,Entregue
PED_SKU_1079_BAB_1,SKU_1079_BAB,2023-08-16,247,90.5,,2023-09-30,,Entregue
PED_SKU_1079_BAB_2,SKU_1079_BAB,2023-10-15,247,90.5,,2023-11-29,,Entregue
PED_SKU_1079_BAB_3,SKU_1079_BAB,2023-12-14,247,90.5,,2024-01-28,,Entregue
PED_SKU_1079_JAD_0,SKU_1079_JAD,2023-06-17,520,90.5,,2023-08-01,,Entregue
PED_SKU_1079_JAD_1,SKU_1079_JAD,2023-08-16,520,90.5,,2023-09-30,,Entregue
PED_SKU_1080_TEA_0,SKU_1080_TEA,2023-06-17,540,151.02,,2023-08-01,,Entregue
PED_SKU_1080_TEA_1,SKU_1080_TEA,2023-08-16,540,151.02,,2023-09-30,,Entregue
PED_SKU_1080_MAR_0,SKU_1080_MAR,2023-06-17,229,151.02,,2023-08-01,,Entregue
PED_SKU_1080_MAR_1,SKU_1080_MAR,2023-08-16,229,151.02,,2023-09-30,,Entregue
PED_SKU_1080_MAR_2,SKU_1080_MAR,2023-10-15,229,151.02,,2023-11-29,,Entregue
PED_SKU_1080_MAR_3,SKU_1080_MAR,2023-12-14,229,151.02,,2024-01-28,,Entregue
PED_SKU_1081_EGR_0,SKU_1081_EGR,2023-06-17,323,87.87,,2023-08-01,,Entregue
PED_SKU_1081_EGR_1,SKU_1081_EGR,2023-08-16,323,87.87,,2023-09-30,,Entregue
PED_SKU_1081_EGR_2,SKU_1081_EGR,2023-10-15,323,87.87,,2023-11-29,,Entregue
PED_SKU_1081_PAS_0,SKU_1081_PAS,2023-06-17,521,87.87,,2023-08-01,,Entregue
PED_SKU_1081_PAS_1,SKU_1081_PAS,2023-08-16,521,87.87,,2023-09-30,,Entregue
PED_SKU_1082_PIN_0,SKU_1082_PIN,2023-06-17,374,64.54,,2023-08-01,,Entregue
PED_SKU_1082_PIN_1,SKU_1082_PIN,2023-08-16,374,64.54,,2023-09-30,,Entregue
PED_SKU_1082_PIN_2,SKU_1082_PIN,2023-10-15,374,64.54,,2023-11-29,,Entregue
PED_SKU_1082_LIG_0,SKU_1082_LIG,2023-06-17,563,64.54,,2023-08-01,,Entregue
PED_SKU_1082_LIG_1,SKU_1082_LIG,2023-08-16,563,64.54,,2023-09-30,,Entregue
PED_SKU_1083_OFF_0,SKU_1083_OFF,2023-06-17,486,135.35,,2023-08-01,,Entregue
PED_SKU_1083_OFF_1,SKU_1083_OFF,2023-08-16,486,135.35,,2023-09-30,,Entregue
PED_SKU_1083_BAB_0,SKU_1083_BAB,2023-06-17,275,135.35,,2023-08-01,,Entregue
PED_SKU_1083_BAB_1,SKU_1083_BAB,2023-08-16,275,135.35,,2023-09-30,,Entregue
PED_SKU_1083_BAB_2,SKU_1083_BAB,2023-10-15,275,135.35,,2023-11-29,,Entregue
PED_SKU_1083_BAB_3,SKU_1083_BAB,2023-12-14,275,135.35,,2024-01-28,,Entregue
PED_SKU_1084_DUS_0,SKU_1084_DUS,2023-06-17,330,323.7,,2023-08-01,,Entregue
PED_SKU_1084_DUS_1,SKU_1084_DUS,2023-08-16,330,323.7,,2023-09-30,,Entregue
PED_SKU_1084_DUS_2,SKU_1084_DUS,2023-10-15,330,323.7,,2023-11-29,,Entregue
PED_SKU_1084_PAS_0,SKU_1084_PAS,2023-06-17,252,323.7,,2023-08-01,,Entregue
PED_SKU_1084_PAS_1,SKU_1084_PAS,2023-08-16,252,323.7,,2023-09-30,,Entregue
PED_SKU_1084_PAS_2,SKU_1084_PAS,2023-10-15,252,323.7,,2023-11-29,,Entregue
PED_SKU_1084_PAS_3,SKU_1084_PAS,2023-12-14,252,323.7,,2024-01-28,,Entregue
PED_SKU_1085_COB_0,SKU_1085_COB,2023-06-17,255,163.32,,2023-08-01,,Entregue
PED_SKU_1085_COB_1,SKU_1085_COB,2023-08-16,255,163.32,,2023-09-30,,Entregue
PED_SKU_1085_COB_2,SKU_1085_COB,2023-10-15,255,163.32,,2023-11-29,,Entregue
PED_SKU_1085_COB_3,SKU_1085_COB,2023-12-14,255,163.32,,2024-01-28,,Entregue
PED_SKU_1085_CRE_0,SKU_1085_CRE,2023-06-17,334,163.32,,2023-08-01,,Entregue
PED_SKU_1085_CRE_1,SKU_1085_CRE,2023-08-16,334,163.32,,2023-09-30,,Entregue
PED_SKU_1085_CRE_2,SKU_1085_CRE,2023-10-15,334,163.32,,2023-11-29,,Entregue
PED_SKU_1086_PRI_0,SKU_1086_PRI,2023-06-17,278,88.25,,2023-08-01,,Entregue
PED_SKU_1086_PRI_1,SKU_1086_PRI,2023-08-16,278,88.25,,2023-09-30,,Entregue
PED_SKU_1086_PRI_2,SKU_1086_PRI,2023-10-15,278,88.25,,2023-11-29,,Entregue
PED_SKU_1086_PRI_3,SKU_1086_PRI,2023-12-14,278,88.25,,2024-01-28,,Entregue
PED_SKU_1086_CRE_0,SKU_1086_CRE,2023-06-17,514,88.25,,2023-08-01,,Entregue
PED_SKU_1086_CRE_1,SKU_1086_CRE,2023-08-16,514,88.25,,2023-09-30,,Entregue
PED_SKU_1087_BIR_0,SKU_1087_BIR,2023-06-17,345,144.75,,2023-08-01,,Entregue
PED_SKU_1087_BIR_1,SKU_1087_BIR,2023-08-16,345,144.75,,2023-09-30,,Entregue
PED_SKU_1087_BIR_2,SKU_1087_BIR,2023-10-15,345,144.75,,2023-11-29,,Entregue
PED_SKU_1087_SNO_0,SKU_1087_SNO,2023-06-17,343,144.75,,2023-08-01,,Entregue
PED_SKU_1087_SNO_1,SKU_1087_SNO,2023-08-16,343,144.75,,2023-09-30,,Entregue
PED_SKU_1087_SNO_2,SKU_1087_SNO,2023-10-15,343,144.75,,2023-11-29,,Entregue
PED_SKU_1088_CER_0,SKU_1088_CER,2023-06-17,256,235.35,,2023-08-01,,Entregue
PED_SKU_1088_CER_1,SKU_1088_CER,2023-08-16,256,235.35,,2023-09-30,,Entregue
PED_SKU_1088_CER_2,SKU_1088_CER,2023-10-15,256,235.35,,2023-11-29,,Entregue
PED_SKU_1088_CER_3,SKU_1088_CER,2023-12-14,256,235.35,,2024-01-28,,Entregue
PED_SKU_1088_HON_0,SKU_1088_HON,2023-06-17,263,235.35,,2023-08-01,,Entregue
PED_SKU_1088_HON_1,SKU_1088_HON,2023-08-16,263,235.35,,2023-09-30,,Entregue
PED_SKU_1088_HON_2,SKU_1088_HON,2023-10-15,263,235.35,,2023-11-29,,Entregue
PED_SKU_1088_HON_3,SKU_1088_HON,2023-12-14,263,235.35,,2024-01-28,,Entregue
PED_SKU_1089_GAR_0,SKU_1089_GAR,2023-06-17,394,97.48,,2023-08-01,,Entregue
PED_SKU_1089_GAR_1,SKU_1089_GAR,2023-08-16,394,97.48,,2023-09-30,,Entregue
PED_SKU_1089_GAR_2,SKU_1089_GAR,2023-10-15,394,97.48,,2023-11-29,,Entregue
PED_SKU_1089_EGR_0,SKU_1089_EGR,2023-06-17,253,97.48,,2023-08-01,,Entregue
PED_SKU_1089_EGR_1,SKU_1089_EGR,2023-08-16,253,97.48,,2023-09-30,,Entregue
PED_SKU_1089_EGR_2,SKU_1089_EGR,2023-10-15,253,97.48,,2023-11-29,,Entregue
PED_SKU_1089_EGR_3,SKU_1089_EGR,2023-12-14,253,97.48,,2024-01-28,,Entregue
PED_SKU_1090_PAL_0,SKU_1090_PAL,2023-06-17,531,43.32,,2023-08-01,,Entregue
PED_SKU_1090_PAL_1,SKU_1090_PAL,2023-08-16,531,43.32,,2023-09-30,,Entregue
PED_SKU_1090_WHI_0,SKU_1090_WHI,2023-06-17,261,43.32,,2023-08-01,,Entregue
PED_SKU_1090_WHI_1,SKU_1090_WHI,2023-08-16,261,43.32,,2023-09-30,,Entregue
PED_SKU_1090_WHI_2,SKU_1090_WHI,2023-10-15,261,43.32,,2023-11-29,,Entregue
PED_SKU_1090_WHI_3,SKU_1090_WHI,2023-12-14,261,43.32,,2024-01-28,,Entregue
PED_SKU_1091_OFF_0,SKU_1091_OFF,2023-06-17,232,84.17,,2023-08-01,,Entregue
PED_SKU_1091_OFF_1,SKU_1091_OFF,2023-08-16,232,84.17,,2023-09-30,,Entregue
PED_SKU_1091_OFF_2,SKU_1091_OFF,2023-10-15,232,84.17,,2023-11-29,,Entregue
PED_SKU_1091_OFF_3,SKU_1091_OFF,2023-12-14,232,84.17,,2024-01-28,,Entregue
PED_SKU_1091_MOS_0,SKU_1091_MOS,2023-06-17,358,84.17,,2023-08-01,,Entregue
PED_SKU_1091_MOS_1,SKU_1091_MOS,2023-08-16,358,84.17,,2023-09-30,,Entregue
PED_SKU_1091_MOS_2,SKU_1091_MOS,2023-10-15,358,84.17,,2023-11-29,,Entregue
PED_SKU_1092_TUR_0,SKU_1092_TUR,2023-06-17,523,107.88,,2023-08-01,,Entregue
PED_SKU_1092_TUR_1,SKU_1092_TUR,2023-08-16,523,107.88,,2023-09-30,,Entregue
PED_SKU_1092_MIN_0,SKU_1092_MIN,2023-06-17,393,107.88,,2023-08-01,,Entregue
PED_SKU_1092_MIN_1,SKU_1092_MIN,2023-08-16,393,107.88,,2023-09-30,,Entregue
PED_SKU_1092_MIN_2,SKU_1092_MIN,2023-10-15,393,107.88,,2023-11-29,,Entregue
PED_SKU_1093_GAR_0,SKU_1093_GAR,2023-06-17,544,415.17,,2023-08-01,,Entregue
PED_SKU_1093_GAR_1,SKU_1093_GAR,2023-08-16,544,415.17,,2023-09-30,,Cancelado
PED_SKU_1093_TEA_0,SKU_1093_TEA,2023-06-17,338,415.17,,2023-08-01,,Entregue
PED_SKU_1093_TEA_1,SKU_1093_TEA,2023-08-16,338,415.17,,2023-09-30,,Entregue
PED_SKU_1093_TEA_2,SKU_1093_TEA,2023-10-15,338,415.17,,2023-11-29,,Entregue
PED_SKU_1094_FOR_0,SKU_1094_FOR,2023-06-17,257,89.3,,2023-08-01,,Entregue
PED_SKU_1094_FOR_1,SKU_1094_FOR,2023-08-16,257,89.3,,2023-09-30,,Entregue
PED_SKU_1094_FOR_2,SKU_1094_FOR,2023-10-15,257,89.3,,2023-11-29,,Entregue
PED_SKU_1094_FOR_3,SKU_1094_FOR,2023-12-14,257,89.3,,2024-01-28,,Entregue
PED_SKU_1094_DEE_0,SKU_1094_DEE,2023-06-17,398,89.3,,2023-08-01,,Entregue
PED_SKU_1094_DEE_1,SKU_1094_DEE,2023-08-16,398,89.3,,2023-09-30,,Entregue
PED_SKU_1094_DEE_2,SKU_1094_DEE,2023-10-15,398,89.3,,2023-11-29,,Entregue
PED_SKU_1095_COB_0,SKU_1095_COB,2023-06-17,371,133.29,,2023-08-01,,Entregue
PED_SKU_1095_COB_1,SKU_1095_COB,2023-08-16,371,133.29,,2023-09-30,,Entregue
PED_SKU_1095_COB_2,SKU_1095_COB,2023-10-15,371,133.29,,2023-11-29,,Entregue
PED_SKU_1095_MAG_0,SKU_1095_MAG,2023-06-17,246,133.29,,2023-08-01,,Entregue
PED_SKU_1095_MAG_1,SKU_1095_MAG,2023-08-16,246,133.29,,2023-09-30,,Cancelado
PED_SKU_1095_MAG_2,SKU_1095_MAG,2023-10-15,246,133.29,,2023-11-29,,Entregue
PED_SKU_1095_MAG_3,SKU_1095_MAG,2023-12-14,246,133.29,,2024-01-28,,Entregue
PED_SKU_1096_HOT_0,SKU_1096_HOT,2023-06-17,273,92.14,,2023-08-01,,Entregue
PED_SKU_1096_HOT_1,SKU_1096_HOT,2023-08-16,273,92.14,,2023-09-30,,Entregue
PED_SKU_1096_HOT_2,SKU_1096_HOT,2023-10-15,273,92.14,,2023-11-29,,Entregue
PED_SKU_1096_HOT_3,SKU_1096_HOT,2023-12-14,273,92.14,,2024-01-28,,Entregue
PED_SKU_1096_CLE_0,SKU_1096_CLE,2023-06-17,325,92.14,,2023-08-01,,Entregue
PED_SKU_1096_CLE_1,SKU_1096_CLE,2023-08-16,325,92.14,,2023-09-30,,Entregue
PED_SKU_1096_CLE_2,SKU_1096_CLE,2023-10-15,325,92.14,,2023-11-29,,Entregue
PED_SKU_1097_AQU_0,SKU_1097_AQU,2023-06-17,249,71.13,,2023-08-01,,Entregue
PED_SKU_1097_AQU_1,SKU_1097_AQU,2023-08-16,249,71.13,,2023-09-30,,Cancelado
PED_SKU_1097_AQU_2,SKU_1097_AQU,2023-10-15,249,71.13,,2023-11-29,,Entregue
PED_SKU_1097_AQU_3,SKU_1097_AQU,2023-12-14,249,71.13,,2024-01-28,,Entregue
PED_SKU_1097_PAL_0,SKU_1097_PAL,2023-06-17,504,71.13,,2023-08-01,,Entregue
PED_SKU_1097_PAL_1,SKU_1097_PAL,2023-08-16,504,71.13,,2023-09-30,,Entregue
PED_SKU_1098_HON_0,SKU_1098_HON,2023-06-17,502,114.16,,2023-08-01,,Entregue
PED_SKU_1098_HON_1,SKU_1098_HON,2023-08-16,502,114.16,,2023-09-30,,Cancelado
PED_SKU_1098_HUN_0,SKU_1098_HUN,2023-06-17,555,114.16,,2023-08-01,,Entregue
PED_SKU_1098_HUN_1,SKU_1098_HUN,2023-08-16,555,114.16,,2023-09-30,,Entregue
PED_SKU_1099_SAL_0,SKU_1099_SAL,2023-06-17,259,74.82,,2023-08-01,,Entregue
PED_SKU_1099_SAL_1,SKU_1099_SAL,2023-08-16,259,74.82,,2023-09-30,,Entregue
PED_SKU_1099_SAL_2,SKU_1099_SAL,2023-10-15,259,74.82,,2023-11-29,,Entregue
PED_SKU_1099_SAL_3,SKU_1099_SAL,2023-12-14,259,74.82,,2024-01-28,,Entregue
PED_SKU_1099_PRI_0,SKU_1099_PRI,2023-06-17,508,74.82,,2023-08-01,,Entregue
PED_SKU_1099_PRI_1,SKU_1099_PRI,2023-08-16,508,74.82,,2023-09-30,,Entregue
PED_SKU_1100_PEA_0,SKU_1100_PEA,2023-06-17,339,50.52,,2023-08-01,,Entregue
PED_SKU_1100_PEA_1,SKU_1100_PEA,2023-08-16,339,50.52,,2023-09-30,,Entregue
PED_SKU_1100_PEA_2,SKU_1100_PEA,2023-10-15,339,50.52,,2023-11-29,,Entregue
PED_SKU_1100_COB_0,SKU_1100_COB,2023-06-17,248,50.52,,2023-08-01,,Cancelado
PED_SKU_1100_COB_1,SKU_1100_COB,2023-08-16,248,50.52,,2023-09-30,,Entregue
PED_SKU_1100_COB_2,SKU_1100_COB,2023-10-15,248,50.52,,2023-11-29,,Entregue
PED_SKU_1100_COB_3,SKU_1100_COB,2023-12-14,248,50.52,,2024-01-28,,Entregue
PED_SKU_1101_CLE_0,SKU_1101_CLE,2023-06-17,277,110.9,,2023-08-01,,Entregue
PED_SKU_1101_CLE_1,SKU_1101_CLE,2023-08-16,277,110.9,,2023-09-30,,Entregue
PED_SKU_1101_CLE_2,SKU_1101_CLE,2023-10-15,277,110.9,,2023-11-29,,Entregue
PED_SKU_1101_CLE_3,SKU_1101_CLE,2023-12-14,277,110.9,,2024-01-28,,Cancelado
PED_SKU_1101_DEE_0,SKU_1101_DEE,2023-06-17,515,110.9,,2023-08-01,,Entregue
PED_SKU_1101_DEE_1,SKU_1101_DEE,2023-08-16,515,110.9,,2023-09-30,,Entregue
PED_SKU_1102_FLA_0,SKU_1102_FLA,2023-06-17,575,288.06,,2023-08-01,,Entregue
PED_SKU_1102_FLA_1,SKU_1102_FLA,2023-08-16,575,288.06,,2023-09-30,,Entregue
PED_SKU_1102_OFF_0,SKU_1102_OFF,2023-06-17,281,288.06,,2023-08-01,,Entregue
PED_SKU_1102_OFF_1,SKU_1102_OFF,2023-08-16,281,288.06,,2023-09-30,,Entregue
PED_SKU_1102_OFF_2,SKU_1102_OFF,2023-10-15,281,288.06,,2023-11-29,,Entregue
PED_SKU_1102_OFF_3,SKU_1102_OFF,2023-12-14,281,288.06,,2024-01-28,,Entregue
PED_SKU_1103_EGR_0,SKU_1103_EGR,2023-06-17,536,49.41,,2023-08-01,,Entregue
PED_SKU_1103_EGR_1,SKU_1103_EGR,2023-08-16,536,49.41,,2023-09-30,,Entregue
PED_SKU_1103_LIG_0,SKU_1103_LIG,2023-06-17,498,49.41,,2023-08-01,,Entregue
PED_SKU_1103_LIG_1,SKU_1103_LIG,2023-08-16,498,49.41,,2023-09-30,,Entregue
PED_SKU_1104_POW_0,SKU_1104_POW,2023-06-17,245,59.55,,2023-08-01,,Entregue
PED_SKU_1104_POW_1,SKU_1104_POW,2023-08-16,245,59.55,,2023-09-30,,Entregue
PED_SKU_1104_POW_2,SKU_1104_POW,2023-10-15,245,59.55,,2023-11-29,,Entregue
PED_SKU_1104_POW_3,SKU_1104_POW,2023-12-14,245,59.55,,2024-01-28,,Entregue
PED_SKU_1104_MEX_0,SKU_1104_MEX,2023-06-17,260,59.55,,2023-08-01,,Entregue
PED_SKU_1104_MEX_1,SKU_1104_MEX,2023-08-16,260,59.55,,2023-09-30,,Entregue
PED_SKU_1104_MEX_2,SKU_1104_MEX,2023-10-15,260,59.55,,2023-11-29,,Entregue
PED_SKU_1104_MEX_3,SKU_1104_MEX,2023-12-14,260,59.55,,2024-01-28,,Entregue
PED_SKU_1105_ARM_0,SKU_1105_ARM,2023-06-17,356,67.45,,2023-08-01,,Entregue
PED_SKU_1105_ARM_1,SKU_1105_ARM,2023-08-16,356,67.45,,2023-09-30,,Entregue
PED_SKU_1105_ARM_2,SKU_1105_ARM,2023-10-15,356,67.45,,2023-11-29,,Cancelado
PED_SKU_1105_SER_0,SKU_1105_SER,2023-06-17,372,67.45,,2023-08-01,,Entregue
PED_SKU_1105_SER_1,SKU_1105_SER,2023-08-16,372,67.45,,2023-09-30,,Entregue
PED_SKU_1105_SER_2,SKU_1105_SER,2023-10-15,372,67.45,,2023-11-29,,Entregue
PED_SKU_1106_MYS_0,SKU_1106_MYS,2023-06-17,343,248.01,,2023-08-01,,Entregue
PED_SKU_1106_MYS_1,SKU_1106_MYS,2023-08-16,343,248.01,,2023-09-30,,Entregue
PED_SKU_1106_MYS_2,SKU_1106_MYS,2023-10-15,343,248.01,,2023-11-29,,Entregue
PED_SKU_1106_SNO_0,SKU_1106_SNO,2023-06-17,347,248.01,,2023-08-01,,Entregue
PED_SKU_1106_SNO_1,SKU_1106_SNO,2023-08-16,347,248.01,,2023-09-30,,Entregue
PED_SKU_1106_SNO_2,SKU_1106_SNO,2023-10-15,347,248.01,,2023-11-29,,Entregue
PED_SKU_1107_BAL_0,SKU_1107_BAL,2023-06-17,572,327.52,,2023-08-01,,Entregue
PED_SKU_1107_BAL_1,SKU_1107_BAL,2023-08-16,572,327.52,,2023-09-30,,Entregue
PED_SKU_1107_PAS_0,SKU_1107_PAS,2023-06-17,343,327.52,,2023-08-01,,Entregue
PED_SKU_1107_PAS_1,SKU_1107_PAS,2023-08-16,343,327.52,,2023-09-30,,Entregue
PED_SKU_1107_PAS_2,SKU_1107_PAS,2023-10-15,343,327.52,,2023-11-29,,Entregue
PED_SKU_1108_PRI_0,SKU_1108_PRI,2023-06-17,340,82.72,,2023-08-01,,Entregue
PED_SKU_1108_PRI_1,SKU_1108_PRI,2023-08-16,340,82.72,,2023-09-30,,Entregue
PED_SKU_1108_PRI_2,SKU_1108_PRI,2023-10-15,340,82.72,,2023-11-29,,Entregue
PED_SKU_1108_SNO_0,SKU_1108_SNO,2023-06-17,264,82.72,,2023-08-01,,Entregue
PED_SKU_1108_SNO_1,SKU_1108_SNO,2023-08-16,264,82.72,,2023-09-30,,Entregue
PED_SKU_1108_SNO_2,SKU_1108_SNO,2023-10-15,264,82.72,,2023-11-29,,Entregue
PED_SKU_1108_SNO_3,SKU_1108_SNO,2023-12-14,264,82.72,,2024-01-28,,Entregue
PED_SKU_1109_SAG_0,SKU_1109_SAG,2023-06-17,329,63.05,,2023-08-01,,Entregue
PED_SKU_1109_SAG_1,SKU_1109_SAG,2023-08-16,329,63.05,,2023-09-30,,Entregue
PED_SKU_1109_SAG_2,SKU_1109_SAG,2023-10-15,329,63.05,,2023-11-29,,Cancelado
PED_SKU_1109_CER_0,SKU_1109_CER,2023-06-17,577,63.05,,2023-08-01,,Entregue
PED_SKU_1109_CER_1,SKU_1109_CER,2023-08-16,577,63.05,,2023-09-30,,Entregue
PED_SKU_1110_FLA_0,SKU_1110_FLA,2023-06-17,559,63.15,,2023-08-01,,Entregue
PED_SKU_1110_FLA_1,SKU_1110_FLA,2023-08-16,559,63.15,,2023-09-30,,Entregue
PED_SKU_1110_HUN_0,SKU_1110_HUN,2023-06-17,359,63.15,,2023-08-01,,Entregue
PED_SKU_1110_HUN_1,SKU_1110_HUN,2023-08-16,359,63.15,,2023-09-30,,Cancelado
PED_SKU_1110_HUN_2,SKU_1110_HUN,2023-10-15,359,63.15,,2023-11-29,,Entregue
PED_SKU_1111_CRE_0,SKU_1111_CRE,2023-06-17,323,56.11,,2023-08-01,,Entregue
PED_SKU_1111_CRE_1,SKU_1111_CRE,2023-08-16,323,56.11,,2023-09-30,,Entregue
PED_SKU_1111_CRE_2,SKU_1111_CRE,2023-10-15,323,56.11,,2023-11-29,,Entregue
PED_SKU_1111_BLU_0,SKU_1111_BLU,2023-06-17,261,56.11,,2023-08-01,,Entregue
PED_SKU_1111_BLU_1,SKU_1111_BLU,2023-08-16,261,56.11,,2023-09-30,,Entregue
PED_SKU_1111_BLU_2,SKU_1111_BLU,2023-10-15,261,56.11,,2023-11-29,,Entregue
PED_SKU_1111_BLU_3,SKU_1111_BLU,2023-12-14,261,56.11,,2024-01-28,,Entregue
PED_SKU_1112_MIN_0,SKU_1112_MIN,2023-06-17,491,81.65,,2023-08-01,,Entregue
PED_SKU_1112_MIN_1,SKU_1112_MIN,2023-08-16,491,81.65,,2023-09-30,,Entregue
PED_SKU_1112_EGR_0,SKU_1112_EGR,2023-06-17,343,81.65,,2023-08-01,,Entregue
PED_SKU_1112_EGR_1,SKU_1112_EGR,2023-08-16,343,81.65,,2023-09-30,,Entregue
PED_SKU_1112_EGR_2,SKU_1112_EGR,2023-10-15,343,81.65,,2023-11-29,,Entregue
PED_SKU_1113_VAN_0,SKU_1113_VAN,2023-06-17,575,72.55,,2023-08-01,,Entregue
PED_SKU_1113_VAN_1,SKU_1113_VAN,2023-08-16,575,72.55,,2023-09-30,,Cancelado
PED_SKU_1113_OLI_0,SKU_1113_OLI,2023-06-17,536,72.55,,2023-08-01,,Cancelado
PED_SKU_1113_OLI_1,SKU_1113_OLI,2023-08-16,536,72.55,,2023-09-30,,Entregue
PED_SKU_1114_GAR_0,SKU_1114_GAR,2023-06-17,498,132.37,,2023-08-01,,Entregue
PED_SKU_1114_GAR_1,SKU_1114_GAR,2023-08-16,498,132.37,,2023-09-30,,Entregue
PED_SKU_1114_PRI_0,SKU_1114_PRI,2023-06-17,274,132.37,,2023-08-01,,Entregue
PED_SKU_1114_PRI_1,SKU_1114_PRI,2023-08-16,274,132.37,,2023-09-30,,Entregue
PED_SKU_1114_PRI_2,SKU_1114_PRI,2023-10-15,274,132.37,,2023-11-29,,Entregue
PED_SKU_1114_PRI_3,SKU_1114_PRI,2023-12-14,274,132.37,,2024-01-28,,Entregue
PED_SKU_1115_LIM_0,SKU_1115_LIM,2023-06-17,258,71.13,,2023-08-01,,Entregue
PED_SKU_1115_LIM_1,SKU_1115_LIM,2023-08-16,258,71.13,,2023-09-30,,Entregue
PED_SKU_1115_LIM_2,SKU_1115_LIM,2023-10-15,258,71.13,,2023-11-29,,Entregue
PED_SKU_1115_LIM_3,SKU_1115_LIM,2023-12-14,258,71.13,,2024-01-28,,Entregue
PED_SKU_1115_TEA_0,SKU_1115_TEA,2023-06-17,355,71.13,,2023-08-01,,Entregue
PED_SKU_1115_TEA_1,SKU_1115_TEA,2023-08-16,355,71.13,,2023-09-30,,Entregue
PED_SKU_1115_TEA_2,SKU_1115_TEA,2023-10-15,355,71.13,,2023-11-29,,Cancelado
PED_SKU_1116_MOS_0,SKU_1116_MOS,2023-06-17,355,78.98,,2023-08-01,,Entregue
PED_SKU_1116_MOS_1,SKU_1116_MOS,2023-08-16,355,78.98,,2023-09-30,,Entregue
PED_SKU_1116_MOS_2,SKU_1116_MOS,2023-10-15,355,78.98,,2023-11-29,,Entregue
PED_SKU_1116_SNO_0,SKU_1116_SNO,2023-06-17,520,78.98,,2023-08-01,,Entregue
PED_SKU_1116_SNO_1,SKU_1116_SNO,2023-08-16,520,78.98,,2023-09-30,,Entregue
PED_SKU_1117_MOS_0,SKU_1117_MOS,2023-06-17,502,72.79,,2023-08-01,,Entregue
PED_SKU_1117_MOS_1,SKU_1117_MOS,2023-08-16,502,72.79,,2023-09-30,,Entregue
PED_SKU_1117_MIN_0,SKU_1117_MIN,2023-06-17,269,72.79,,2023-08-01,,Entregue
PED_SKU_1117_MIN_1,SKU_1117_MIN,2023-08-16,269,72.79,,2023-09-30,,Entregue
PED_SKU_1117_MIN_2,SKU_1117_MIN,2023-10-15,269,72.79,,2023-11-29,,Entregue
PED_SKU_1117_MIN_3,SKU_1117_MIN,2023-12-14,269,72.79,,2024-01-28,,Entregue
PED_SKU_1118_FUC_0,SKU_1118_FUC,2023-06-17,327,97.61,,2023-08-01,,Entregue
PED_SKU_1118_FUC_1,SKU_1118_FUC,2023-08-16,327,97.61,,2023-09-30,,Entregue
PED_SKU_1118_FUC_2,SKU_1118_FUC,2023-10-15,327,97.61,,2023-11-29,,Entregue
PED_SKU_1118_DUS_0,SKU_1118_DUS,2023-06-17,251,97.61,,2023-08-01,,Entregue
PED_SKU_1118_DUS_1,SKU_1118_DUS,2023-08-16,251,97.61,,2023-09-30,,Entregue
PED_SKU_1118_DUS_2,SKU_1118_DUS,2023-10-15,251,97.61,,2023-11-29,,Entregue
PED_SKU_1118_DUS_3,SKU_1118_DUS,2023-12-14,251,97.61,,2024-01-28,,Entregue
PED_SKU_1119_PAS_0,SKU_1119_PAS,2023-06-17,335,46.06,,2023-08-01,,Entregue
PED_SKU_1119_PAS_1,SKU_1119_PAS,2023-08-16,335,46.06,,2023-09-30,,Entregue
PED_SKU_1119_PAS_2,SKU_1119_PAS,2023-10-15,335,46.06,,2023-11-29,,Entregue
PED_SKU_1119_LIG_0,SKU_1119_LIG,2023-06-17,345,46.06,,2023-08-01,,Entregue
PED_SKU_1119_LIG_1,SKU_1119_LIG,2023-08-16,345,46.06,,2023-09-30,,Cancelado
PED_SKU_1119_LIG_2,SKU_1119_LIG,2023-10-15,345,46.06,,2023-11-29,,Entregue
PED_SKU_1120_AQU_0,SKU_1120_AQU,2023-06-17,252,76.29,,2023-08-01,,Entregue
PED_SKU_1120_AQU_1,SKU_1120_AQU,2023-08-16,252,76.29,,2023-09-30,,Entregue
PED_SKU_1120_AQU_2,SKU_1120_AQU,2023-10-15,252,76.29,,2023-11-29,,Entregue
PED_SKU_1120_AQU_3,SKU_1120_AQU,2023-12-14,252,76.29,,2024-01-28,,Entregue
PED_SKU_1120_SAL_0,SKU_1120_SAL,2023-06-17,343,76.29,,2023-08-01,,Entregue
PED_SKU_1120_SAL_1,SKU_1120_SAL,2023-08-16,343,76.29,,2023-09-30,,Entregue
PED_SKU_1120_SAL_2,SKU_1120_SAL,2023-10-15,343,76.29,,2023-11-29,,Entregue
PED_SKU_1121_MYS_0,SKU_1121_MYS,2023-06-17,263,82.27,,2023-08-01,,Entregue
PED_SKU_1121_MYS_1,SKU_1121_MYS,2023-08-16,263,82.27,,2023-09-30,,Entregue
PED_SKU_1121_MYS_2,SKU_1121_MYS,2023-10-15,263,82.27,,2023-11-29,,Entregue
PED_SKU_1121_MYS_3,SKU_1121_MYS,2023-12-14,263,82.27,,2024-01-28,,Entregue
PED_SKU_1121_MIN_0,SKU_1121_MIN,2023-06-17,378,82.27,,2023-08-01,,Entregue
PED_SKU_1121_MIN_1,SKU_1121_MIN,2023-08-16,378,82.27,,2023-09-30,,Entregue
PED_SKU_1121_MIN_2,SKU_1121_MIN,2023-10-15,378,82.27,,2023-11-29,,Entregue
PED_SKU_1122_ROY_0,SKU_1122_ROY,2023-06-17,557,140.64,,2023-08-01,,Entregue
PED_SKU_1122_ROY_1,SKU_1122_ROY,2023-08-16,557,140.64,,2023-09-30,,Entregue
PED_SKU_1122_PIS_0,SKU_1122_PIS,2023-06-17,277,140.64,,2023-08-01,,Entregue
PED_SKU_1122_PIS_1,SKU_1122_PIS,2023-08-16,277,140.64,,2023-09-30,,Entregue
PED_SKU_1122_PIS_2,SKU_1122_PIS,2023-10-15,277,140.64,,2023-11-29,,Entregue
PED_SKU_1122_PIS_3,SKU_1122_PIS,2023-12-14,277,140.64,,2024-01-28,,Entregue
PED_SKU_1123_BAB_0,SKU_1123_BAB,2023-06-17,324,142.3,,2023-08-01,,Entregue
PED_SKU_1123_BAB_1,SKU_1123_BAB,2023-08-16,324,142.3,,2023-09-30,,Entregue
PED_SKU_1123_BAB_2,SKU_1123_BAB,2023-10-15,324,142.3,,2023-11-29,,Entregue
PED_SKU_1123_SER_0,SKU_1123_SER,2023-06-17,252,142.3,,2023-08-01,,Entregue
PED_SKU_1123_SER_1,SKU_1123_SER,2023-08-16,252,142.3,,2023-09-30,,Entregue
PED_SKU_1123_SER_2,SKU_1123_SER,2023-10-15,252,142.3,,2023-11-29,,Cancelado
PED_SKU_1123_SER_3,SKU_1123_SER,2023-12-14,252,142.3,,2024-01-28,,Entregue
PED_SKU_1124_BLU_0,SKU_1124_BLU,2023-06-17,365,125.06,,2023-08-01,,Entregue
PED_SKU_1124_BLU_1,SKU_1124_BLU,2023-08-16,365,125.06,,2023-09-30,,Entregue
PED_SKU_1124_BLU_2,SKU_1124_BLU,2023-10-15,365,125.06,,2023-11-29,,Entregue
PED_SKU_1124_FOR_0,SKU_1124_FOR,2023-06-17,359,125.06,,2023-08-01,,Entregue
PED_SKU_1124_FOR_1,SKU_1124_FOR,2023-08-16,359,125.06,,2023-09-30,,Entregue
PED_SKU_1124_FOR_2,SKU_1124_FOR,2023-10-15,359,125.06,,2023-11-29,,Entregue
PED_SKU_1125_MIN_0,SKU_1125_MIN,2023-06-17,362,52.64,,2023-08-01,,Entregue
PED_SKU_1125_MIN_1,SKU_1125_MIN,2023-08-16,362,52.64,,2023-09-30,,Entregue
PED_SKU_1125_MIN_2,SKU_1125_MIN,2023-10-15,362,52.64,,2023-11-29,,Entregue
PED_SKU_1125_SAP_0,SKU_1125_SAP,2023-06-17,249,52.64,,2023-08-01,,Entregue
PED_SKU_1125_SAP_1,SKU_1125_SAP,2023-08-16,249,52.64,,2023-09-30,,Entregue
PED_SKU_1125_SAP_2,SKU_1125_SAP,2023-10-15,249,52.64,,2023-11-29,,Entregue
PED_SKU_1125_SAP_3,SKU_1125_SAP,2023-12-14,249,52.64,,2024-01-28,,Entregue
PED_SKU_1126_WHI_0,SKU_1126_WHI,2023-06-17,510,226.7,,2023-08-01,,Entregue
PED_SKU_1126_WHI_1,SKU_1126_WHI,2023-08-16,510,226.7,,2023-09-30,,Entregue
PED_SKU_1126_WHI_2,SKU_1126_WHI,2023-10-15,510,226.7,,2023-11-29,,Entregue
PED_SKU_1126_WHI_3,SKU_1126_WHI,2023-12-14,510,226.7,,2024-01-28,,Entregue
PED_SKU_1127_SAL_0,SKU_1127_SAL,2023-06-17,535,65.81,,2023-08-01,,Entregue
PED_SKU_1127_SAL_1,SKU_1127_SAL,2023-08-16,535,65.81,,2023-09-30,,Entregue
PED_SKU_1127_BLU_0,SKU_1127_BLU,2023-06-17,504,65.81,,2023-08-01,,Entregue
PED_SKU_1127_BLU_1,SKU_1127_BLU,2023-08-16,504,65.81,,2023-09-30,,Entregue
PED_SKU_1128_PRI_0,SKU_1128_PRI,2023-06-17,369,134.94,,2023-08-01,,Entregue
PED_SKU_1128_PRI_1,SKU_1128_PRI,2023-08-16,369,134.94,,2023-09-30,,Entregue
PED_SKU_1128_PRI_2,SKU_1128_PRI,2023-10-15,369,134.94,,2023-11-29,,Entregue
PED_SKU_1128_TEA_0,SKU_1128_TEA,2023-06-17,275,134.94,,2023-08-01,,Entregue
PED_SKU_1128_TEA_1,SKU_1128_TEA,2023-08-16,275,134.94,,2023-09-30,,Entregue
PED_SKU_1128_TEA_2,SKU_1128_TEA,2023-10-15,275,134.94,,2023-11-29,,Entregue
PED_SKU_1128_TEA_3,SKU_1128_TEA,2023-12-14,275,134.94,,2024-01-28,,Cancelado
PED_SKU_1129_VAN_0,SKU_1129_VAN,2023-06-17,365,127.4,,2023-08-01,,Entregue
PED_SKU_1129_VAN_1,SKU_1129_VAN,2023-08-16,365,127.4,,2023-09-30,,Entregue
PED_SKU_1129_VAN_2,SKU_1129_VAN,2023-10-15,365,127.4,,2023-11-29,,Entregue
PED_SKU_1129_SAG_0,SKU_1129_SAG,2023-06-17,491,127.4,,2023-08-01,,Entregue
PED_SKU_1129_SAG_1,SKU_1129_SAG,2023-08-16,491,127.4,,2023-09-30,,Entregue
PED_SKU_1130_CRE_0,SKU_1130_CRE,2023-06-17,325,74.03,,2023-08-01,,Entregue
PED_SKU_1130_CRE_1,SKU_1130_CRE,2023-08-16,325,74.03,,2023-09-30,,Entregue
PED_SKU_1130_CRE_2,SKU_1130_CRE,2023-10-15,325,74.03,,2023-11-29,,Entregue
PED_SKU_1130_MEX_0,SKU_1130_MEX,2023-06-17,355,74.03,,2023-08-01,,Entregue
PED_SKU_1130_MEX_1,SKU_1130_MEX,2023-08-16,355,74.03,,2023-09-30,,Entregue
PED_SKU_1130_MEX_2,SKU_1130_MEX,2023-10-15,355,74.03,,2023-11-29,,Entregue
PED_SKU_1131_CLO_0,SKU_1131_CLO,2023-06-17,360,271.07,,2023-08-01,,Entregue
PED_SKU_1131_CLO_1,SKU_1131_CLO,2023-08-16,360,271.07,,2023-09-30,,Entregue
PED_SKU_1131_CLO_2,SKU_1131_CLO,2023-10-15,360,271.07,,2023-11-29,,Entregue
PED_SKU_1131_JAD_0,SKU_1131_JAD,2023-06-17,328,271.07,,2023-08-01,,Entregue
PED_SKU_1131_JAD_1,SKU_1131_JAD,2023-08-16,328,271.07,,2023-09-30,,Entregue
PED_SKU_1131_JAD_2,SKU_1131_JAD,2023-10-15,328,271.07,,2023-11-29,,Entregue
PED_SKU_1132_NAV_0,SKU_1132_NAV,2023-06-17,265,51.47,,2023-08-01,,Cancelado
PED_SKU_1132_NAV_1,SKU_1132_NAV,2023-08-16,265,51.47,,2023-09-30,,Entregue
PED_SKU_1132_NAV_2,SKU_1132_NAV,2023-10-15,265,51.47,,2023-11-29,,Entregue
PED_SKU_1132_NAV_3,SKU_1132_NAV,2023-12-14,265,51.47,,2024-01-28,,Entregue
PED_SKU_1132_CLE_0,SKU_1132_CLE,2023-06-17,287,51.47,,2023-08-01,,Entregue
PED_SKU_1132_CLE_1,SKU_1132_CLE,2023-08-16,287,51.47,,2023-09-30,,Entregue
PED_SKU_1132_CLE_2,SKU_1132_CLE,2023-10-15,287,51.47,,2023-11-29,,Entregue
PED_SKU_1132_CLE_3,SKU_1132_CLE,2023-12-14,287,51.47,,2024-01-28,,Entregue
PED_SKU_1133_MOS_0,SKU_1133_MOS,2023-06-17,495,270.24,,2023-08-01,,Entregue
PED_SKU_1133_MOS_1,SKU_1133_MOS,2023-08-16,495,270.24,,2023-09-30,,Entregue
PED_SKU_1133_PEA_0,SKU_1133_PEA,2023-06-17,270,270.24,,2023-08-01,,Entregue
PED_SKU_1133_PEA_1,SKU_1133_PEA,2023-08-16,270,270.24,,2023-09-30,,Entregue
PED_SKU_1133_PEA_2,SKU_1133_PEA,2023-10-15,270,270.24,,2023-11-29,,Entregue
PED_SKU_1133_PEA_3,SKU_1133_PEA,2023-12-14,270,270.24,,2024-01-28,,Entregue
PED_SKU_1134_DUS_0,SKU_1134_DUS,2023-06-17,247,88.25,,2023-08-01,,Entregue
PED_SKU_1134_DUS_1,SKU_1134_DUS,2023-08-16,247,88.25,,2023-09-30,,Entregue
PED_SKU_1134_DUS_2,SKU_1134_DUS,2023-10-15,247,88.25,,2023-11-29,,Entregue
PED_SKU_1134_DUS_3,SKU_1134_DUS,2023-12-14,247,88.25,,2024-01-28,,Entregue
PED_SKU_1134_PIN_0,SKU_1134_PIN,2023-06-17,276,88.25,,2023-08-01,,Entregue
PED_SKU_1134_PIN_1,SKU_1134_PIN,2023-08-16,276,88.25,,2023-09-30,,Entregue
PED_SKU_1134_PIN_2,SKU_1134_PIN,2023-10-15,276,88.25,,2023-11-29,,Entregue
PED_SKU_1134_PIN_3,SKU_1134_PIN,2023-12-14,276,88.25,,2024-01-28,,Entregue
PED_SKU_1135_ROS_0,SKU_1135_ROS,2023-06-17,259,68.39,,2023-08-01,,Entregue
PED_SKU_1135_ROS_1,SKU_1135_ROS,2023-08-16,259,68.39,,2023-09-30,,Entregue
PED_SKU_1135_ROS_2,SKU_1135_ROS,2023-10-15,259,68.39,,2023-11-29,,Entregue
PED_SKU_1135_ROS_3,SKU_1135_ROS,2023-12-14,259,68.39,,2024-01-28,,Entregue
PED_SKU_1135_MAR_0,SKU_1135_MAR,2023-06-17,522,68.39,,2023-08-01,,Entregue
PED_SKU_1135_MAR_1,SKU_1135_MAR,2023-08-16,522,68.39,,2023-09-30,,Entregue
PED_SKU_1136_SNO_0,SKU_1136_SNO,2023-06-17,513,82.27,,2023-08-01,,Entregue
PED_SKU_1136_SNO_1,SKU_1136_SNO,2023-08-16,513,82.27,,2023-09-30,,Entregue
PED_SKU_1136_FUC_0,SKU_1136_FUC,2023-06-17,478,82.27,,2023-08-01,,Entregue
PED_SKU_1136_FUC_1,SKU_1136_FUC,2023-08-16,478,82.27,,2023-09-30,,Entregue
PED_SKU_1137_DEE_0,SKU_1137_DEE,2023-06-17,338,128.76,,2023-08-01,,Entregue
PED_SKU_1137_DEE_1,SKU_1137_DEE,2023-08-16,338,128.76,,2023-09-30,,Entregue
PED_SKU_1137_DEE_2,SKU_1137_DEE,2023-10-15,338,128.76,,2023-11-29,,Entregue
PED_SKU_1137_PAL_0,SKU_1137_PAL,2023-06-17,360,128.76,,2023-08-01,,Entregue
PED_SKU_1137_PAL_1,SKU_1137_PAL,2023-08-16,360,128.76,,2023-09-30,,Entregue
PED_SKU_1137_PAL_2,SKU_1137_PAL,2023-10-15,360,128.76,,2023-11-29,,Entregue
PED_SKU_1138_PEA_0,SKU_1138_PEA,2023-06-17,564,71.52,,2023-08-01,,Entregue
PED_SKU_1138_PEA_1,SKU_1138_PEA,2023-08-16,564,71.52,,2023-09-30,,Entregue
PED_SKU_1138_HON_0,SKU_1138_HON,2023-06-17,267,71.52,,2023-08-01,,Entregue
PED_SKU_1138_HON_1,SKU_1138_HON,2023-08-16,267,71.52,,2023-09-30,,Entregue
PED_SKU_1138_HON_2,SKU_1138_HON,2023-10-15,267,71.52,,2023-11-29,,Entregue
PED_SKU_1138_HON_3,SKU_1138_HON,2023-12-14,267,71.52,,2024-01-28,,Entregue
PED_SKU_1139_PRI_0,SKU_1139_PRI,2023-06-17,356,95.96,,2023-08-01,,Entregue
PED_SKU_1139_PRI_1,SKU_1139_PRI,2023-08-16,356,95.96,,2023-09-30,,Entregue
PED_SKU_1139_PRI_2,SKU_1139_PRI,2023-10-15,356,95.96,,2023-11-29,,Entregue
PED_SKU_1139_EGR_0,SKU_1139_EGR,2023-06-17,495,95.96,,2023-08-01,,Entregue
PED_SKU_1139_EGR_1,SKU_1139_EGR,2023-08-16,495,95.96,,2023-09-30,,Entregue
PED_SKU_1140_SNO_0,SKU_1140_SNO,2023-06-17,541,59.77,,2023-08-01,,Entregue
PED_SKU_1140_SNO_1,SKU_1140_SNO,2023-08-16,541,59.77,,2023-09-30,,Entregue
PED_SKU_1140_ROS_0,SKU_1140_ROS,2023-06-17,352,59.77,,2023-08-01,,Entregue
PED_SKU_1140_ROS_1,SKU_1140_ROS,2023-08-16,352,59.77,,2023-09-30,,Entregue
PED_SKU_1140_ROS_2,SKU_1140_ROS,2023-10-15,352,59.77,,2023-11-29,,Cancelado
PED_SKU_1141_SKY_0,SKU_1141_SKY,2023-06-17,240,110.42,,2023-08-01,,Entregue
PED_SKU_1141_SKY_1,SKU_1141_SKY,2023-08-16,240,110.42,,2023-09-30,,Entregue
PED_SKU_1141_SKY_2,SKU_1141_SKY,2023-10-15,240,110.42,,2023-11-29,,Entregue
PED_SKU_1141_SKY_3,SKU_1141_SKY,2023-12-14,240,110.42,,2024-01-28,,Entregue
PED_SKU_1141_CLE_0,SKU_1141_CLE,2023-06-17,574,110.42,,2023-08-01,,Entregue
PED_SKU_1141_CLE_1,SKU_1141_CLE,2023-08-16,574,110.42,,2023-09-30,,Entregue
PED_SKU_1142_MIN_0,SKU_1142_MIN,2023-06-17,335,90.86,,2023-08-01,,Entregue
PED_SKU_1142_MIN_1,SKU_1142_MIN,2023-08-16,335,90.86,,2023-09-30,,Entregue
PED_SKU_1142_MIN_2,SKU_1142_MIN,2023-10-15,335,90.86,,2023-11-29,,Entregue
PED_SKU_1142_PAS_0,SKU_1142_PAS,2023-06-17,524,90.86,,2023-08-01,,Entregue
PED_SKU_1142_PAS_1,SKU_1142_PAS,2023-08-16,524,90.86,,2023-09-30,,Entregue
PED_SKU_1143_IVO_0,SKU_1143_IVO,2023-06-17,269,63.73,,2023-08-01,,Entregue
PED_SKU_1143_IVO_1,SKU_1143_IVO,2023-08-16,269,63.73,,2023-09-30,,Entregue
PED_SKU_1143_IVO_2,SKU_1143_IVO,2023-10-15,269,63.73,,2023-11-29,,Entregue
PED_SKU_1143_IVO_3,SKU_1143_IVO,2023-12-14,269,63.73,,2024-01-28,,Entregue
PED_SKU_1143_SNO_0,SKU_1143_SNO,2023-06-17,245,63.73,,2023-08-01,,Entregue
PED_SKU_1143_SNO_1,SKU_1143_SNO,2023-08-16,245,63.73,,2023-09-30,,Entregue
PED_SKU_1143_SNO_2,SKU_1143_SNO,2023-10-15,245,63.73,,2023-11-29,,Entregue
PED_SKU_1143_SNO_3,SKU_1143_SNO,2023-12-14,245,63.73,,2024-01-28,,Entregue
PED_SKU_1144_SEA_0,SKU_1144_SEA,2023-06-17,352,125.49,,2023-08-01,,Entregue
PED_SKU_1144_SEA_1,SKU_1144_SEA,2023-08-16,352,125.49,,2023-09-30,,Entregue
PED_SKU_1144_SEA_2,SKU_1144_SEA,2023-10-15,352,125.49,,2023-11-29,,Entregue
PED_SKU_1144_BUB_0,SKU_1144_BUB,2023-06-17,564,125.49,,2023-08-01,,Entregue
PED_SKU_1144_BUB_1,SKU_1144_BUB,2023-08-16,564,125.49,,2023-09-30,,Entregue
PED_SKU_1145_MOS_0,SKU_1145_MOS,2023-06-17,263,148.92,,2023-08-01,,Entregue
PED_SKU_1145_MOS_1,SKU_1145_MOS,2023-08-16,263,148.92,,2023-09-30,,Entregue
PED_SKU_1145_MOS_2,SKU_1145_MOS,2023-10-15,263,148.92,,2023-11-29,,Entregue
PED_SKU_1145_MOS_3,SKU_1145_MOS,2023-12-14,263,148.92,,2024-01-28,,Entregue
PED_SKU_1145_LIG_0,SKU_1145_LIG,2023-06-17,555,148.92,,2023-08-01,,Entregue
PED_SKU_1145_LIG_1,SKU_1145_LIG,2023-08-16,555,148.92,,2023-09-30,,Cancelado
PED_SKU_1146_FRE_0,SKU_1146_FRE,2023-06-17,341,154.69,,2023-08-01,,Entregue
PED_SKU_1146_FRE_1,SKU_1146_FRE,2023-08-16,341,154.69,,2023-09-30,,Entregue
PED_SKU_1146_FRE_2,SKU_1146_FRE,2023-10-15,341,154.69,,2023-11-29,,Entregue
PED_SKU_1146_CER_0,SKU_1146_CER,2023-06-17,345,154.69,,2023-08-01,,Entregue
PED_SKU_1146_CER_1,SKU_1146_CER,2023-08-16,345,154.69,,2023-09-30,,Entregue
PED_SKU_1146_CER_2,SKU_1146_CER,2023-10-15,345,154.69,,2023-11-29,,Entregue
PED_SKU_1147_COR_0,SKU_1147_COR,2023-06-17,280,115.82,,2023-08-01,,Entregue
PED_SKU_1147_COR_1,SKU_1147_COR,2023-08-16,280,115.82,,2023-09-30,,Entregue
PED_SKU_1147_COR_2,SKU_1147_COR,2023-10-15,280,115.82,,2023-11-29,,Entregue
PED_SKU_1147_COR_3,SKU_1147_COR,2023-12-14,280,115.82,,2024-01-28,,Entregue
PED_SKU_1147_MEX_0,SKU_1147_MEX,2023-06-17,243,115.82,,2023-08-01,,Cancelado
PED_SKU_1147_MEX_1,SKU_1147_MEX,2023-08-16,243,115.82,,2023-09-30,,Entregue
PED_SKU_1147_MEX_2,SKU_1147_MEX,2023-10-15,243,115.82,,2023-11-29,,Entregue
PED_SKU_1147_MEX_3,SKU_1147_MEX,2023-12-14,243,115.82,,2024-01-28,,Entregue
PED_SKU_1148_TEA_0,SKU_1148_TEA,2023-06-17,483,143.95,,2023-08-01,,Entregue
PED_SKU_1148_TEA_1,SKU_1148_TEA,2023-08-16,483,143.95,,2023-09-30,,Entregue
PED_SKU_1148_SPA_0,SKU_1148_SPA,2023-06-17,555,143.95,,2023-08-01,,Entregue
PED_SKU_1148_SPA_1,SKU_1148_SPA,2023-08-16,555,143.95,,2023-09-30,,Entregue
PED_SKU_1149_IVO_0,SKU_1149_IVO,2023-06-17,270,50.85,,2023-08-01,,Entregue
PED_SKU_1149_IVO_1,SKU_1149_IVO,2023-08-16,270,50.85,,2023-09-30,,Entregue
PED_SKU_1149_IVO_2,SKU_1149_IVO,2023-10-15,270,50.85,,2023-11-29,,Entregue
PED_SKU_1149_IVO_3,SKU_1149_IVO,2023-12-14,270,50.85,,2024-01-28,,Entregue
PED_SKU_1149_OLI_0,SKU_1149_OLI,2023-06-17,561,50.85,,2023-08-01,,Entregue
PED_SKU_1149_OLI_1,SKU_1149_OLI,2023-08-16,561,50.85,,2023-09-30,,Entregue
PED_SKU_1150_SAG_0,SKU_1150_SAG,2023-06-17,523,199.04,,2023-08-01,,Entregue
PED_SKU_1150_SAG_1,SKU_1150_SAG,2023-08-16,523,199.04,,2023-09-30,,Entregue
PED_SKU_1150_VAN_0,SKU_1150_VAN,2023-06-17,282,199.04,,2023-08-01,,Entregue
PED_SKU_1150_VAN_1,SKU_1150_VAN,2023-08-16,282,199.04,,2023-09-30,,Entregue
PED_SKU_1150_VAN_2,SKU_1150_VAN,2023-10-15,282,199.04,,2023-11-29,,Entregue
PED_SKU_1150_VAN_3,SKU_1150_VAN,2023-12-14,282,199.04,,2024-01-28,,Entregue
PED_SKU_1151_CRE_0,SKU_1151_CRE,2023-06-17,264,247.29,,2023-08-01,,Entregue
PED_SKU_1151_CRE_1,SKU_1151_CRE,2023-08-16,264,247.29,,2023-09-30,,Entregue
PED_SKU_1151_CRE_2,SKU_1151_CRE,2023-10-15,264,247.29,,2023-11-29,,Entregue
PED_SKU_1151_CRE_3,SKU_1151_CRE,2023-12-14,264,247.29,,2024-01-28,,Entregue
PED_SKU_1151_JAD_0,SKU_1151_JAD,2023-06-17,364,247.29,,2023-08-01,,Entregue
PED_SKU_1151_JAD_1,SKU_1151_JAD,2023-08-16,364,247.29,,2023-09-30,,Entregue
PED_SKU_1151_JAD_2,SKU_1151_JAD,2023-10-15,364,247.29,,2023-11-29,,Entregue
PED_SKU_1152_CLO_0,SKU_1152_CLO,2023-06-17,541,271.28,,2023-08-01,,Entregue
PED_SKU_1152_CLO_1,SKU_1152_CLO,2023-08-16,541,271.28,,2023-09-30,,Entregue
PED_SKU_1152_WHI_0,SKU_1152_WHI,2023-06-17,341,271.28,,2023-08-01,,Entregue
PED_SKU_1152_WHI_1,SKU_1152_WHI,2023-08-16,341,271.28,,2023-09-30,,Entregue
PED_SKU_1152_WHI_2,SKU_1152_WHI,2023-10-15,341,271.28,,2023-11-29,,Entregue
PED_SKU_1153_PEA_0,SKU_1153_PEA,2023-06-17,359,111.35,,2023-08-01,,Entregue
PED_SKU_1153_PEA_1,SKU_1153_PEA,2023-08-16,359,111.35,,2023-09-30,,Entregue
PED_SKU_1153_PEA_2,SKU_1153_PEA,2023-10-15,359,111.35,,2023-11-29,,Entregue
PED_SKU_1153_MOS_0,SKU_1153_MOS,2023-06-17,255,111.35,,2023-08-01,,Entregue
PED_SKU_1153_MOS_1,SKU_1153_MOS,2023-08-16,255,111.35,,2023-09-30,,Entregue
PED_SKU_1153_MOS_2,SKU_1153_MOS,2023-10-15,255,111.35,,2023-11-29,,Entregue
PED_SKU_1153_MOS_3,SKU_1153_MOS,2023-12-14,255,111.35,,2024-01-28,,Entregue
PED_SKU_1154_VAN_0,SKU_1154_VAN,2023-06-17,247,209.89,,2023-08-01,,Entregue
PED_SKU_1154_VAN_1,SKU_1154_VAN,2023-08-16,247,209.89,,2023-09-30,,Entregue
PED_SKU_1154_VAN_2,SKU_1154_VAN,2023-10-15,247,209.89,,2023-11-29,,Entregue
PED_SKU_1154_VAN_3,SKU_1154_VAN,2023-12-14,247,209.89,,2024-01-28,,Entregue
PED_SKU_1154_PEA_0,SKU_1154_PEA,2023-06-17,256,209.89,,2023-08-01,,Entregue
PED_SKU_1154_PEA_1,SKU_1154_PEA,2023-08-16,256,209.89,,2023-09-30,,Entregue
PED_SKU_1154_PEA_2,SKU_1154_PEA,2023-10-15,256,209.89,,2023-11-29,,Entregue
PED_SKU_1154_PEA_3,SKU_1154_PEA,2023-12-14,256,209.89,,2024-01-28,,Entregue
PED_SKU_1155_ARM_0,SKU_1155_ARM,2023-06-17,262,294.59,,2023-08-01,,Entregue
PED_SKU_1155_ARM_1,SKU_1155_ARM,2023-08-16,262,294.59,,2023-09-30,,Entregue
PED_SKU_1155_ARM_2,SKU_1155_ARM,2023-10-15,262,294.59,,2023-11-29,,Entregue
PED_SKU_1155_ARM_3,SKU_1155_ARM,2023-12-14,262,294.59,,2024-01-28,,Entregue
PED_SKU_1155_BAB_0,SKU_1155_BAB,2023-06-17,350,294.59,,2023-08-01,,Entregue
PED_SKU_1155_BAB_1,SKU_1155_BAB,2023-08-16,350,294.59,,2023-09-30,,Entregue
PED_SKU_1155_BAB_2,SKU_1155_BAB,2023-10-15,350,294.59,,2023-11-29,,Entregue
PED_SKU_1156_FLA_0,SKU_1156_FLA,2023-06-17,548,90.6,,2023-08-01,,Entregue
PED_SKU_1156_FLA_1,SKU_1156_FLA,2023-08-16,548,90.6,,2023-09-30,,Entregue
PED_SKU_1156_EGR_0,SKU_1156_EGR,2023-06-17,509,90.6,,2023-08-01,,Entregue
PED_SKU_1156_EGR_1,SKU_1156_EGR,2023-08-16,509,90.6,,2023-09-30,,Entregue
PED_SKU_1157_DEE_0,SKU_1157_DEE,2023-06-17,260,62.52,,2023-08-01,,Entregue
PED_SKU_1157_DEE_1,SKU_1157_DEE,2023-08-16,260,62.52,,2023-09-30,,Entregue
PED_SKU_1157_DEE_2,SKU_1157_DEE,2023-10-15,260,62.52,,2023-11-29,,Entregue
PED_SKU_1157_DEE_3,SKU_1157_DEE,2023-12-14,260,62.52,,2024-01-28,,Entregue
PED_SKU_1157_PAS_0,SKU_1157_PAS,2023-06-17,267,62.52,,2023-08-01,,Entregue
PED_SKU_1157_PAS_1,SKU_1157_PAS,2023-08-16,267,62.52,,2023-09-30,,Entregue
PED_SKU_1157_PAS_2,SKU_1157_PAS,2023-10-15,267,62.52,,2023-11-29,,Entregue
PED_SKU_1157_PAS_3,SKU_1157_PAS,2023-12-14,267,62.52,,2024-01-28,,Entregue
PED_SKU_1158_AQU_0,SKU_1158_AQU,2023-06-17,368,219.39,,2023-08-01,,Entregue
PED_SKU_1158_AQU_1,SKU_1158_AQU,2023-08-16,368,219.39,,2023-09-30,,Entregue
PED_SKU_1158_AQU_2,SKU_1158_AQU,2023-10-15,368,219.39,,2023-11-29,,Entregue
PED_SKU_1158_MYS_0,SKU_1158_MYS,2023-06-17,331,219.39,,2023-08-01,,Entregue
PED_SKU_1158_MYS_1,SKU_1158_MYS,2023-08-16,331,219.39,,2023-09-30,,Entregue
PED_SKU_1158_MYS_2,SKU_1158_MYS,2023-10-15,331,219.39,,2023-11-29,,Entregue
PED_SKU_1159_PAS_0,SKU_1159_PAS,2023-06-17,518,59.55,,2023-08-01,,Entregue
PED_SKU_1159_PAS_1,SKU_1159_PAS,2023-08-16,518,59.55,,2023-09-30,,Entregue
PED_SKU_1159_PRI_0,SKU_1159_PRI,2023-06-17,259,59.55,,2023-08-01,,Entregue
PED_SKU_1159_PRI_1,SKU_1159_PRI,2023-08-16,259,59.55,,2023-09-30,,Entregue
PED_SKU_1159_PRI_2,SKU_1159_PRI,2023-10-15,259,59.55,,2023-11-29,,Entregue
PED_SKU_1159_PRI_3,SKU_1159_PRI,2023-12-14,259,59.55,,2024-01-28,,Entregue
PED_SKU_1160_DUS_0,SKU_1160_DUS,2023-06-17,274,67.82,,2023-08-01,,Entregue
PED_SKU_1160_DUS_1,SKU_1160_DUS,2023-08-16,274,67.82,,2023-09-30,,Entregue
PED_SKU_1160_DUS_2,SKU_1160_DUS,2023-10-15,274,67.82,,2023-11-29,,Entregue
PED_SKU_1160_DUS_3,SKU_1160_DUS,2023-12-14,274,67.82,,2024-01-28,,Entregue
PED_SKU_1160_LIM_0,SKU_1160_LIM,2023-06-17,465,67.82,,2023-08-01,,Entregue
PED_SKU_1160_LIM_1,SKU_1160_LIM,2023-08-16,465,67.82,,2023-09-30,,Entregue
PED_SKU_1161_MEX_0,SKU_1161_MEX,2023-06-17,337,140.64,,2023-08-01,,Entregue
PED_SKU_1161_MEX_1,SKU_1161_MEX,2023-08-16,337,140.64,,2023-09-30,,Entregue
PED_SKU_1161_MEX_2,SKU_1161_MEX,2023-10-15,337,140.64,,2023-11-29,,Entregue
PED_SKU_1161_DUS_0,SKU_1161_DUS,2023-06-17,243,140.64,,2023-08-01,,Entregue
PED_SKU_1161_DUS_1,SKU_1161_DUS,2023-08-16,243,140.64,,2023-09-30,,Entregue
PED_SKU_1161_DUS_2,SKU_1161_DUS,2023-10-15,243,140.64,,2023-11-29,,Cancelado
PED_SKU_1161_DUS_3,SKU_1161_DUS,2023-12-14,243,140.64,,2024-01-28,,Entregue
PED_SKU_1162_HOT_0,SKU_1162_HOT,2023-06-17,285,241.65,,2023-08-01,,Entregue
PED_SKU_1162_HOT_1,SKU_1162_HOT,2023-08-16,285,241.65,,2023-09-30,,Entregue
PED_SKU_1162_HOT_2,SKU_1162_HOT,2023-10-15,285,241.65,,2023-11-29,,Entregue
PED_SKU_1162_HOT_3,SKU_1162_HOT,2023-12-14,285,241.65,,2024-01-28,,Entregue
PED_SKU_1162_BUB_0,SKU_1162_BUB,2023-06-17,275,241.65,,2023-08-01,,Entregue
PED_SKU_1162_BUB_1,SKU_1162_BUB,2023-08-16,275,241.65,,2023-09-30,,Entregue
PED_SKU_1162_BUB_2,SKU_1162_BUB,2023-10-15,275,241.65,,2023-11-29,,Entregue
PED_SKU_1162_BUB_3,SKU_1162_BUB,2023-12-14,275,241.65,,2024-01-28,,Entregue
PED_SKU_1163_HUN_0,SKU_1163_HUN,2023-06-17,345,82.27,,2023-08-01,,Entregue
PED_SKU_1163_HUN_1,SKU_1163_HUN,2023-08-16,345,82.27,,2023-09-30,,Entregue
PED_SKU_1163_HUN_2,SKU_1163_HUN,2023-10-15,345,82.27,,2023-11-29,,Entregue
PED_SKU_1163_SPA_0,SKU_1163_SPA,2023-06-17,268,82.27,,2023-08-01,,Entregue
PED_SKU_1163_SPA_1,SKU_1163_SPA,2023-08-16,268,82.27,,2023-09-30,,Entregue
PED_SKU_1163_SPA_2,SKU_1163_SPA,2023-10-15,268,82.27,,2023-11-29,,Entregue
PED_SKU_1163_SPA_3,SKU_1163_SPA,2023-12-14,268,82.27,,2024-01-28,,Entregue
PED_SKU_1164_BRI_0,SKU_1164_BRI,2023-06-17,544,63.57,,2023-08-01,,Entregue
PED_SKU_1164_BRI_1,SKU_1164_BRI,2023-08-16,544,63.57,,2023-09-30,,Entregue
PED_SKU_1164_MIN_0,SKU_1164_MIN,2023-06-17,336,63.57,,2023-08-01,,Entregue
PED_SKU_1164_MIN_1,SKU_1164_MIN,2023-08-16,336,63.57,,2023-09-30,,Entregue
PED_SKU_1164_MIN_2,SKU_1164_MIN,2023-10-15,336,63.57,,2023-11-29,,Entregue
PED_SKU_1165_HUN_0,SKU_1165_HUN,2023-06-17,261,108.09,,2023-08-01,,Entregue
PED_SKU_1165_HUN_1,SKU_1165_HUN,2023-08-16,261,108.09,,2023-09-30,,Entregue
PED_SKU_1165_HUN_2,SKU_1165_HUN,2023-10-15,261,108.09,,2023-11-29,,Entregue
PED_SKU_1165_HUN_3,SKU_1165_HUN,2023-12-14,261,108.09,,2024-01-28,,Cancelado
PED_SKU_1165_MAR_0,SKU_1165_MAR,2023-06-17,355,108.09,,2023-08-01,,Entregue
PED_SKU_1165_MAR_1,SKU_1165_MAR,2023-08-16,355,108.09,,2023-09-30,,Entregue
PED_SKU_1165_MAR_2,SKU_1165_MAR,2023-10-15,355,108.09,,2023-11-29,,Entregue
PED_SKU_1166_PIS_0,SKU_1166_PIS,2023-06-17,259,192.36,,2023-08-01,,Entregue
PED_SKU_1166_PIS_1,SKU_1166_PIS,2023-08-16,259,192.36,,2023-09-30,,Entregue
PED_SKU_1166_PIS_2,SKU_1166_PIS,2023-10-15,259,192.36,,2023-11-29,,Entregue
PED_SKU_1166_PIS_3,SKU_1166_PIS,2023-12-14,259,192.36,,2024-01-28,,Entregue
PED_SKU_1166_FRE_0,SKU_1166_FRE,2023-06-17,539,192.36,,2023-08-01,,Entregue
PED_SKU_1166_FRE_1,SKU_1166_FRE,2023-08-16,539,192.36,,2023-09-30,,Entregue
PED_SKU_1167_WHI_0,SKU_1167_WHI,2023-06-17,501,236.88,,2023-08-01,,Entregue
PED_SKU_1167_WHI_1,SKU_1167_WHI,2023-08-16,501,236.88,,2023-09-30,,Entregue
PED_SKU_1167_JAD_0,SKU_1167_JAD,2023-06-17,256,236.88,,2023-08-01,,Entregue
PED_SKU_1167_JAD_1,SKU_1167_JAD,2023-08-16,256,236.88,,2023-09-30,,Entregue
PED_SKU_1167_JAD_2,SKU_1167_JAD,2023-10-15,256,236.88,,2023-11-29,,Entregue
PED_SKU_1167_JAD_3,SKU_1167_JAD,2023-12-14,256,236.88,,2024-01-28,,Entregue
PED_SKU_1168_GAR_0,SKU_1168_GAR,2023-06-17,356,251.53,,2023-08-01,,Entregue
PED_SKU_1168_GAR_1,SKU_1168_GAR,2023-08-16,356,251.53,,2023-09-30,,Entregue
PED_SKU_1168_GAR_2,SKU_1168_GAR,2023-10-15,356,251.53,,2023-11-29,,Entregue
PED_SKU_1168_BLU_0,SKU_1168_BLU,2023-06-17,259,251.53,,2023-08-01,,Entregue
PED_SKU_1168_BLU_1,SKU_1168_BLU,2023-08-16,259,251.53,,2023-09-30,,Entregue
PED_SKU_1168_BLU_2,SKU_1168_BLU,2023-10-15,259,251.53,,2023-11-29,,Entregue
PED_SKU_1168_BLU_3,SKU_1168_BLU,2023-12-14,259,251.53,,2024-01-28,,Cancelado
PED_SKU_1169_BUB_0,SKU_1169_BUB,2023-06-17,528,63.57,,2023-08-01,,Entregue
PED_SKU_1169_BUB_1,SKU_1169_BUB,2023-08-16,528,63.57,,2023-09-30,,Entregue
PED_SKU_1169_MEX_0,SKU_1169_MEX,2023-06-17,543,63.57,,2023-08-01,,Entregue
PED_SKU_1169_MEX_1,SKU_1169_MEX,2023-08-16,543,63.57,,2023-09-30,,Entregue
PED_SKU_1170_GAR_0,SKU_1170_GAR,2023-06-17,510,294.6,,2023-08-01,,Entregue
PED_SKU_1170_GAR_1,SKU_1170_GAR,2023-08-16,510,294.6,,2023-09-30,,Entregue
PED_SKU_1170_OFF_0,SKU_1170_OFF,2023-06-17,493,294.6,,2023-08-01,,Entregue
PED_SKU_1170_OFF_1,SKU_1170_OFF,2023-08-16,493,294.6,,2023-09-30,,Entregue
PED_SKU_1171_MIN_0,SKU_1171_MIN,2023-06-17,331,56.61,,2023-08-01,,Entregue
PED_SKU_1171_MIN_1,SKU_1171_MIN,2023-08-16,331,56.61,,2023-09-30,,Entregue
PED_SKU_1171_MIN_2,SKU_1171_MIN,2023-10-15,331,56.61,,2023-11-29,,Entregue
PED_SKU_1171_EME_0,SKU_1171_EME,2023-06-17,263,56.61,,2023-08-01,,Entregue
PED_SKU_1171_EME_1,SKU_1171_EME,2023-08-16,263,56.61,,2023-09-30,,Entregue
PED_SKU_1171_EME_2,SKU_1171_EME,2023-10-15,263,56.61,,2023-11-29,,Entregue
PED_SKU_1171_EME_3,SKU_1171_EME,2023-12-14,263,56.61,,2024-01-28,,Entregue
PED_SKU_1172_ARM_0,SKU_1172_ARM,2023-06-17,457,110.44,,2023-08-01,,Entregue
PED_SKU_1172_ARM_1,SKU_1172_ARM,2023-08-16,457,110.44,,2023-09-30,,Entregue
PED_SKU_1172_PIN_0,SKU_1172_PIN,2023-06-17,250,110.44,,2023-08-01,,Entregue
PED_SKU_1172_PIN_1,SKU_1172_PIN,2023-08-16,250,110.44,,2023-09-30,,Entregue
PED_SKU_1172_PIN_2,SKU_1172_PIN,2023-10-15,250,110.44,,2023-11-29,,Entregue
PED_SKU_1172_PIN_3,SKU_1172_PIN,2023-12-14,250,110.44,,2024-01-28,,Entregue
PED_SKU_1173_GAR_0,SKU_1173_GAR,2023-06-17,467,86.79,,2023-08-01,,Entregue
PED_SKU_1173_GAR_1,SKU_1173_GAR,2023-08-16,467,86.79,,2023-09-30,,Entregue
PED_SKU_1173_AQU_0,SKU_1173_AQU,2023-06-17,510,86.79,,2023-08-01,,Entregue
PED_SKU_1173_AQU_1,SKU_1173_AQU,2023-08-16,510,86.79,,2023-09-30,,Entregue
PED_SKU_1174_PEA_0,SKU_1174_PEA,2023-06-17,358,66.54,,2023-08-01,,Entregue
PED_SKU_1174_PEA_1,SKU_1174_PEA,2023-08-16,358,66.54,,2023-09-30,,Entregue
PED_SKU_1174_PEA_2,SKU_1174_PEA,2023-10-15,358,66.54,,2023-11-29,,Entregue
PED_SKU_1174_BLU_0,SKU_1174_BLU,2023-06-17,257,66.54,,2023-08-01,,Entregue
PED_SKU_1174_BLU_1,SKU_1174_BLU,2023-08-16,257,66.54,,2023-09-30,,Entregue
PED_SKU_1174_BLU_2,SKU_1174_BLU,2023-10-15,257,66.54,,2023-11-29,,Entregue
PED_SKU_1174_BLU_3,SKU_1174_BLU,2023-12-14,257,66.54,,2024-01-28,,Entregue
PED_SKU_1175_FUC_0,SKU_1175_FUC,2023-06-17,336,88.18,,2023-08-01,,Entregue
PED_SKU_1175_FUC_1,SKU_1175_FUC,2023-08-16,336,88.18,,2023-09-30,,Entregue
PED_SKU_1175_FUC_2,SKU_1175_FUC,2023-10-15,336,88.18,,2023-11-29,,Entregue
PED_SKU_1175_CLE_0,SKU_1175_CLE,2023-06-17,352,88.18,,2023-08-01,,Entregue
PED_SKU_1175_CLE_1,SKU_1175_CLE,2023-08-16,352,88.18,,2023-09-30,,Entregue
PED_SKU_1175_CLE_2,SKU_1175_CLE,2023-10-15,352,88.18,,2023-11-29,,Entregue
PED_SKU_1176_GAR_0,SKU_1176_GAR,2023-06-17,385,123.59,,2023-08-01,,Entregue
PED_SKU_1176_GAR_1,SKU_1176_GAR,2023-08-16,385,123.59,,2023-09-30,,Entregue
PED_SKU_1176_GAR_2,SKU_1176_GAR,2023-10-15,385,123.59,,2023-11-29,,Entregue
PED_SKU_1176_NAV_0,SKU_1176_NAV,2023-06-17,559,123.59,,2023-08-01,,Entregue
PED_SKU_1176_NAV_1,SKU_1176_NAV,2023-08-16,559,123.59,,2023-09-30,,Entregue
PED_SKU_1177_MIN_0,SKU_1177_MIN,2023-06-17,258,78.98,,2023-08-01,,Entregue
PED_SKU_1177_MIN_1,SKU_1177_MIN,2023-08-16,258,78.98,,2023-09-30,,Entregue
PED_SKU_1177_MIN_2,SKU_1177_MIN,2023-10-15,258,78.98,,2023-11-29,,Entregue
PED_SKU_1177_MIN_3,SKU_1177_MIN,2023-12-14,258,78.98,,2024-01-28,,Entregue
PED_SKU_1177_PEA_0,SKU_1177_PEA,2023-06-17,264,78.98,,2023-08-01,,Entregue
PED_SKU_1177_PEA_1,SKU_1177_PEA,2023-08-16,264,78.98,,2023-09-30,,Entregue
PED_SKU_1177_PEA_2,SKU_1177_PEA,2023-10-15,264,78.98,,2023-11-29,,Entregue
PED_SKU_1177_PEA_3,SKU_1177_PEA,2023-12-14,264,78.98,,2024-01-28,,Entregue
PED_SKU_1178_RAS_0,SKU_1178_RAS,2023-06-17,365,101.73,,2023-08-01,,Entregue
PED_SKU_1178_RAS_1,SKU_1178_RAS,2023-08-16,365,101.73,,2023-09-30,,Entregue
PED_SKU_1178_RAS_2,SKU_1178_RAS,2023-10-15,365,101.73,,2023-11-29,,Entregue
PED_SKU_1178_MID_0,SKU_1178_MID,2023-06-17,539,101.73,,2023-08-01,,Entregue
PED_SKU_1178_MID_1,SKU_1178_MID,2023-08-16,539,101.73,,2023-09-30,,Entregue
PED_SKU_1179_TUR_0,SKU_1179_TUR,2023-06-17,343,108.09,,2023-08-01,,Entregue
PED_SKU_1179_TUR_1,SKU_1179_TUR,2023-08-16,343,108.09,,2023-09-30,,Entregue
PED_SKU_1179_TUR_2,SKU_1179_TUR,2023-10-15,343,108.09,,2023-11-29,,Entregue
PED_SKU_1179_VAN_0,SKU_1179_VAN,2023-06-17,540,108.09,,2023-08-01,,Entregue
PED_SKU_1179_VAN_1,SKU_1179_VAN,2023-08-16,540,108.09,,2023-09-30,,Entregue
PED_SKU_1180_ROY_0,SKU_1180_ROY,2023-06-17,275,152.66,,2023-08-01,,Entregue
PED_SKU_1180_ROY_1,SKU_1180_ROY,2023-08-16,275,152.66,,2023-09-30,,Entregue
PED_SKU_1180_ROY_2,SKU_1180_ROY,2023-10-15,275,152.66,,2023-11-29,,Entregue
PED_SKU_1180_ROY_3,SKU_1180_ROY,2023-12-14,275,152.66,,2024-01-28,,Entregue
PED_SKU_1180_AQU_0,SKU_1180_AQU,2023-06-17,342,152.66,,2023-08-01,,Entregue
PED_SKU_1180_AQU_1,SKU_1180_AQU,2023-08-16,342,152.66,,2023-09-30,,Entregue
PED_SKU_1180_AQU_2,SKU_1180_AQU,2023-10-15,342,152.66,,2023-11-29,,Entregue
PED_SKU_1181_AQU_0,SKU_1181_AQU,2023-06-17,570,89.77,,2023-08-01,,Entregue
PED_SKU_1181_AQU_1,SKU_1181_AQU,2023-08-16,570,89.77,,2023-09-30,,Entregue
PED_SKU_1181_SER_0,SKU_1181_SER,2023-06-17,256,89.77,,2023-08-01,,Entregue
PED_SKU_1181_SER_1,SKU_1181_SER,2023-08-16,256,89.77,,2023-09-30,,Entregue
PED_SKU_1181_SER_2,SKU_1181_SER,2023-10-15,256,89.77,,2023-11-29,,Entregue
PED_SKU_1181_SER_3,SKU_1181_SER,2023-12-14,256,89.77,,2024-01-28,,Entregue
PED_SKU_1182_BIR_0,SKU_1182_BIR,2023-06-17,508,253.5,,2023-08-01,,Entregue
PED_SKU_1182_BIR_1,SKU_1182_BIR,2023-08-16,508,253.5,,2023-09-30,,Entregue
PED_SKU_1182_PIN_0,SKU_1182_PIN,2023-06-17,503,253.5,,2023-08-01,,Entregue
PED_SKU_1182_PIN_1,SKU_1182_PIN,2023-08-16,503,253.5,,2023-09-30,,Entregue
PED_SKU_1183_POW_0,SKU_1183_POW,2023-06-17,518,216.77,,2023-08-01,,Entregue
PED_SKU_1183_POW_1,SKU_1183_POW,2023-08-16,518,216.77,,2023-09-30,,Entregue
PED_SKU_1183_MOS_0,SKU_1183_MOS,2023-06-17,271,216.77,,2023-08-01,,Entregue
PED_SKU_1183_MOS_1,SKU_1183_MOS,2023-08-16,271,216.77,,2023-09-30,,Entregue
PED_SKU_1183_MOS_2,SKU_1183_MOS,2023-10-15,271,216.77,,2023-11-29,,Entregue
PED_SKU_1183_MOS_3,SKU_1183_MOS,2023-12-14,271,216.77,,2024-01-28,,Entregue
PED_SKU_1184_HOT_0,SKU_1184_HOT,2023-06-17,268,119.13,,2023-08-01,,Entregue
PED_SKU_1184_HOT_1,SKU_1184_HOT,2023-08-16,268,119.13,,2023-09-30,,Entregue
PED_SKU_1184_HOT_2,SKU_1184_HOT,2023-10-15,268,119.13,,2023-11-29,,Entregue
PED_SKU_1184_HOT_3,SKU_1184_HOT,2023-12-14,268,119.13,,2024-01-28,,Entregue
PED_SKU_1184_BAB_0,SKU_1184_BAB,2023-06-17,332,119.13,,2023-08-01,,Entregue
PED_SKU_1184_BAB_1,SKU_1184_BAB,2023-08-16,332,119.13,,2023-09-30,,Cancelado
PED_SKU_1184_BAB_2,SKU_1184_BAB,2023-10-15,332,119.13,,2023-11-29,,Entregue
PED_SKU_1185_BAL_0,SKU_1185_BAL,2023-06-17,518,374.73,,2023-08-01,,Entregue
PED_SKU_1185_BAL_1,SKU_1185_BAL,2023-08-16,518,374.73,,2023-09-30,,Entregue
PED_SKU_1185_MAG_0,SKU_1185_MAG,2023-06-17,502,374.73,,2023-08-01,,Entregue
PED_SKU_1185_MAG_1,SKU_1185_MAG,2023-08-16,502,374.73,,2023-09-30,,Entregue
PED_SKU_1186_FLA_0,SKU_1186_FLA,2023-06-17,335,156.34,,2023-08-01,,Entregue
PED_SKU_1186_FLA_1,SKU_1186_FLA,2023-08-16,335,156.34,,2023-09-30,,Entregue
PED_SKU_1186_FLA_2,SKU_1186_FLA,2023-10-15,335,156.34,,2023-11-29,,Cancelado
PED_SKU_1186_MEX_0,SKU_1186_MEX,2023-06-17,506,156.34,,2023-08-01,,Entregue
PED_SKU_1186_MEX_1,SKU_1186_MEX,2023-08-16,506,156.34,,2023-09-30,,Entregue
PED_SKU_1187_JAD_0,SKU_1187_JAD,2023-06-17,513,102.58,,2023-08-01,,Entregue
PED_SKU_1187_JAD_1,SKU_1187_JAD,2023-08-16,513,102.58,,2023-09-30,,Entregue
PED_SKU_1187_OLI_0,SKU_1187_OLI,2023-06-17,527,102.58,,2023-08-01,,Entregue
PED_SKU_1187_OLI_1,SKU_1187_OLI,2023-08-16,527,102.58,,2023-09-30,,Entregue
PED_SKU_1188_TEA_0,SKU_1188_TEA,2023-06-17,498,79.41,,2023-08-01,,Entregue
PED_SKU_1188_TEA_1,SKU_1188_TEA,2023-08-16,498,79.41,,2023-09-30,,Entregue
PED_SKU_1188_BAB_0,SKU_1188_BAB,2023-06-17,481,79.41,,2023-08-01,,Entregue
PED_SKU_1188_BAB_1,SKU_1188_BAB,2023-08-16,481,79.41,,2023-09-30,,Entregue
PED_SKU_1189_FUC_0,SKU_1189_FUC,2023-06-17,524,77.75,,2023-08-01,,Entregue
PED_SKU_1189_FUC_1,SKU_1189_FUC,2023-08-16,524,77.75,,2023-09-30,,Cancelado
PED_SKU_1189_ROY_0,SKU_1189_ROY,2023-06-17,540,77.75,,2023-08-01,,Entregue
PED_SKU_1189_ROY_1,SKU_1189_ROY,2023-08-16,540,77.75,,2023-09-30,,Entregue
PED_SKU_1190_TEA_0,SKU_1190_TEA,2023-06-17,242,168.61,,2023-08-01,,Entregue
PED_SKU_1190_TEA_1,SKU_1190_TEA,2023-08-16,242,168.61,,2023-09-30,,Entregue
PED_SKU_1190_TEA_2,SKU_1190_TEA,2023-10-15,242,168.61,,2023-11-29,,Entregue
PED_SKU_1190_TEA_3,SKU_1190_TEA,2023-12-14,242,168.61,,2024-01-28,,Entregue
PED_SKU_1190_MAG_0,SKU_1190_MAG,2023-06-17,534,168.61,,2023-08-01,,Entregue
PED_SKU_1190_MAG_1,SKU_1190_MAG,2023-08-16,534,168.61,,2023-09-30,,Entregue
PED_SKU_1191_MIN_0,SKU_1191_MIN,2023-06-17,339,57.56,,2023-08-01,,Entregue
PED_SKU_1191_MIN_1,SKU_1191_MIN,2023-08-16,339,57.56,,2023-09-30,,Entregue
PED_SKU_1191_MIN_2,SKU_1191_MIN,2023-10-15,339,57.56,,2023-11-29,,Entregue
PED_SKU_1191_MYS_0,SKU_1191_MYS,2023-06-17,496,57.56,,2023-08-01,,Entregue
PED_SKU_1191_MYS_1,SKU_1191_MYS,2023-08-16,496,57.56,,2023-09-30,,Entregue
PED_SKU_1192_MAR_0,SKU_1192_MAR,2023-06-17,491,64.39,,2023-08-01,,Entregue
PED_SKU_1192_MAR_1,SKU_1192_MAR,2023-08-16,491,64.39,,2023-09-30,,Entregue
PED_SKU_1192_RAS_0,SKU_1192_RAS,2023-06-17,250,64.39,,2023-08-01,,Entregue
PED_SKU_1192_RAS_1,SKU_1192_RAS,2023-08-16,250,64.39,,2023-09-30,,Entregue
PED_SKU_1192_RAS_2,SKU_1192_RAS,2023-10-15,250,64.39,,2023-11-29,,Entregue
PED_SKU_1192_RAS_3,SKU_1192_RAS,2023-12-14,250,64.39,,2024-01-28,,Cancelado
PED_SKU_1193_CLE_0,SKU_1193_CLE,2023-06-17,252,140.61,,2023-08-01,,Entregue
PED_SKU_1193_CLE_1,SKU_1193_CLE,2023-08-16,252,140.61,,2023-09-30,,Entregue
PED_SKU_1193_CLE_2,SKU_1193_CLE,2023-10-15,252,140.61,,2023-11-29,,Entregue
PED_SKU_1193_CLE_3,SKU_1193_CLE,2023-12-14,252,140.61,,2024-01-28,,Entregue
PED_SKU_1193_ROS_0,SKU_1193_ROS,2023-06-17,501,140.61,,2023-08-01,,Entregue
PED_SKU_1193_ROS_1,SKU_1193_ROS,2023-08-16,501,140.61,,2023-09-30,,Entregue
PED_SKU_1194_FLA_0,SKU_1194_FLA,2023-06-17,345,77.12,,2023-08-01,,Entregue
PED_SKU_1194_FLA_1,SKU_1194_FLA,2023-08-16,345,77.12,,2023-09-30,,Entregue
PED_SKU_1194_FLA_2,SKU_1194_FLA,2023-10-15,345,77.12,,2023-11-29,,Entregue
PED_SKU_1194_SAG_0,SKU_1194_SAG,2023-06-17,521,77.12,,2023-08-01,,Entregue
PED_SKU_1194_SAG_1,SKU_1194_SAG,2023-08-16,521,77.12,,2023-09-30,,Entregue
PED_SKU_1195_HUN_0,SKU_1195_HUN,2023-06-17,254,160.22,,2023-08-01,,Entregue
PED_SKU_1195_HUN_1,SKU_1195_HUN,2023-08-16,254,160.22,,2023-09-30,,Entregue
PED_SKU_1195_HUN_2,SKU_1195_HUN,2023-10-15,254,160.22,,2023-11-29,,Entregue
PED_SKU_1195_HUN_3,SKU_1195_HUN,2023-12-14,254,160.22,,2024-01-28,,Entregue
PED_SKU_1195_SAL_0,SKU_1195_SAL,2023-06-17,339,160.22,,2023-08-01,,Entregue
PED_SKU_1195_SAL_1,SKU_1195_SAL,2023-08-16,339,160.22,,2023-09-30,,Cancelado
PED_SKU_1195_SAL_2,SKU_1195_SAL,2023-10-15,339,160.22,,2023-11-29,,Entregue
PED_SKU_1196_PEA_0,SKU_1196_PEA,2023-06-17,277,118.26,,2023-08-01,,Cancelado
PED_SKU_1196_PEA_1,SKU_1196_PEA,2023-08-16,277,118.26,,2023-09-30,,Entregue
PED_SKU_1196_PEA_2,SKU_1196_PEA,2023-10-15,277,118.26,,2023-11-29,,Entregue
PED_SKU_1196_PEA_3,SKU_1196_PEA,2023-12-14,277,118.26,,2024-01-28,,Entregue
PED_SKU_1196_RAS_0,SKU_1196_RAS,2023-06-17,351,118.26,,2023-08-01,,Entregue
PED_SKU_1196_RAS_1,SKU_1196_RAS,2023-08-16,351,118.26,,2023-09-30,,Entregue
PED_SKU_1196_RAS_2,SKU_1196_RAS,2023-10-15,351,118.26,,2023-11-29,,Cancelado
PED_SKU_1197_ROS_0,SKU_1197_ROS,2023-06-17,348,261.68,,2023-08-01,,Entregue
PED_SKU_1197_ROS_1,SKU_1197_ROS,2023-08-16,348,261.68,,2023-09-30,,Entregue
PED_SKU_1197_ROS_2,SKU_1197_ROS,2023-10-15,348,261.68,,2023-11-29,,Entregue
PED_SKU_1197_COR_0,SKU_1197_COR,2023-06-17,326,261.68,,2023-08-01,,Entregue
PED_SKU_1197_COR_1,SKU_1197_COR,2023-08-16,326,261.68,,2023-09-30,,Entregue
PED_SKU_1197_COR_2,SKU_1197_COR,2023-10-15,326,261.68,,2023-11-29,,Entregue
PED_SKU_1198_SEA_0,SKU_1198_SEA,2023-06-17,515,106.5,,2023-08-01,,Entregue
PED_SKU_1198_SEA_1,SKU_1198_SEA,2023-08-16,515,106.5,,2023-09-30,,Entregue
PED_SKU_1198_SAL_0,SKU_1198_SAL,2023-06-17,248,106.5,,2023-08-01,,Entregue
PED_SKU_1198_SAL_1,SKU_1198_SAL,2023-08-16,248,106.5,,2023-09-30,,Entregue
PED_SKU_1198_SAL_2,SKU_1198_SAL,2023-10-15,248,106.5,,2023-11-29,,Entregue
PED_SKU_1198_SAL_3,SKU_1198_SAL,2023-12-14,248,106.5,,2024-01-28,,Entregue
PED_SKU_1199_PAL_0,SKU_1199_PAL,2023-06-17,261,57.54,,2023-08-01,,Entregue
PED_SKU_1199_PAL_1,SKU_1199_PAL,2023-08-16,261,57.54,,2023-09-30,,Entregue
PED_SKU_1199_PAL_2,SKU_1199_PAL,2023-10-15,261,57.54,,2023-11-29,,Entregue
PED_SKU_1199_PAL_3,SKU_1199_PAL,2023-12-14,261,57.54,,2024-01-28,,Entregue
PED_SKU_1199_TEA_0,SKU_1199_TEA,2023-06-17,511,57.54,,2023-08-01,,Entregue
PED_SKU_1199_TEA_1,SKU_1199_TEA,2023-08-16,511,57.54,,2023-09-30,,Entregue
PED_SKU_1200_MID_0,SKU_1200_MID,2023-06-17,282,53.27,,2023-08-01,,Entregue
PED_SKU_1200_MID_1,SKU_1200_MID,2023-08-16,282,53.27,,2023-09-30,,Entregue
PED_SKU_1200_MID_2,SKU_1200_MID,2023-10-15,282,53.27,,2023-11-29,,Entregue
PED_SKU_1200_MID_3,SKU_1200_MID,2023-12-14,282,53.27,,2024-01-28,,Entregue
PED_SKU_1200_PAS_0,SKU_1200_PAS,2023-06-17,258,53.27,,2023-08-01,,Entregue
PED_SKU_1200_PAS_1,SKU_1200_PAS,2023-08-16,258,53.27,,2023-09-30,,Entregue
PED_SKU_1200_PAS_2,SKU_1200_PAS,2023-10-15,258,53.27,,2023-11-29,,Entregue
PED_SKU_1200_PAS_3,SKU_1200_PAS,2023-12-14,258,53.27,,2024-01-28,,Entregue
PED_SKU_1201_BIR_0,SKU_1201_BIR,2023-06-17,458,154.46,,2023-08-01,,Cancelado
PED_SKU_1201_BIR_1,SKU_1201_BIR,2023-08-16,458,154.46,,2023-09-30,,Entregue
PED_SKU_1201_SAG_0,SKU_1201_SAG,2023-06-17,363,154.46,,2023-08-01,,Entregue
PED_SKU_1201_SAG_1,SKU_1201_SAG,2023-08-16,363,154.46,,2023-09-30,,Entregue
PED_SKU_1201_SAG_2,SKU_1201_SAG,2023-10-15,363,154.46,,2023-11-29,,Entregue
PED_SKU_1202_LIG_0,SKU_1202_LIG,2023-06-17,362,296.56,,2023-08-01,,Entregue
PED_SKU_1202_LIG_1,SKU_1202_LIG,2023-08-16,362,296.56,,2023-09-30,,Entregue
PED_SKU_1202_LIG_2,SKU_1202_LIG,2023-10-15,362,296.56,,2023-11-29,,Entregue
PED_SKU_1202_CLE_0,SKU_1202_CLE,2023-06-17,544,296.56,,2023-08-01,,Entregue
PED_SKU_1202_CLE_1,SKU_1202_CLE,2023-08-16,544,296.56,,2023-09-30,,Entregue
PED_SKU_1203_OFF_0,SKU_1203_OFF,2023-06-17,354,276.13,,2023-08-01,,Entregue
PED_SKU_1203_OFF_1,SKU_1203_OFF,2023-08-16,354,276.13,,2023-09-30,,Cancelado
PED_SKU_1203_OFF_2,SKU_1203_OFF,2023-10-15,354,276.13,,2023-11-29,,Entregue
PED_SKU_1203_FLA_0,SKU_1203_FLA,2023-06-17,496,276.13,,2023-08-01,,Entregue
PED_SKU_1203_FLA_1,SKU_1203_FLA,2023-08-16,496,276.13,,2023-09-30,,Entregue
PED_SKU_1204_AQU_0,SKU_1204_AQU,2023-06-17,239,134.99,,2023-08-01,,Entregue
PED_SKU_1204_AQU_1,SKU_1204_AQU,2023-08-16,239,134.99,,2023-09-30,,Entregue
PED_SKU_1204_AQU_2,SKU_1204_AQU,2023-10-15,239,134.99,,2023-11-29,,Entregue
PED_SKU_1204_AQU_3,SKU_1204_AQU,2023-12-14,239,134.99,,2024-01-28,,Entregue
PED_SKU_1204_MIN_0,SKU_1204_MIN,2023-06-17,368,134.99,,2023-08-01,,Entregue
PED_SKU_1204_MIN_1,SKU_1204_MIN,2023-08-16,368,134.99,,2023-09-30,,Entregue
PED_SKU_1204_MIN_2,SKU_1204_MIN,2023-10-15,368,134.99,,2023-11-29,,Entregue
PED_SKU_1205_RAS_0,SKU_1205_RAS,2023-06-17,349,263.11,,2023-08-01,,Entregue
PED_SKU_1205_RAS_1,SKU_1205_RAS,2023-08-16,349,263.11,,2023-09-30,,Entregue
PED_SKU_1205_RAS_2,SKU_1205_RAS,2023-10-15,349,263.11,,2023-11-29,,Entregue
PED_SKU_1205_COR_0,SKU_1205_COR,2023-06-17,501,263.11,,2023-08-01,,Entregue
PED_SKU_1205_COR_1,SKU_1205_COR,2023-08-16,501,263.11,,2023-09-30,,Entregue
PED_SKU_1206_HUN_0,SKU_1206_HUN,2023-06-17,367,137.33,,2023-08-01,,Entregue
PED_SKU_1206_HUN_1,SKU_1206_HUN,2023-08-16,367,137.33,,2023-09-30,,Entregue
PED_SKU_1206_HUN_2,SKU_1206_HUN,2023-10-15,367,137.33,,2023-11-29,,Entregue
PED_SKU_1206_BLA_0,SKU_1206_BLA,2023-06-17,344,137.33,,2023-08-01,,Entregue
PED_SKU_1206_BLA_1,SKU_1206_BLA,2023-08-16,344,137.33,,2023-09-30,,Entregue
PED_SKU_1206_BLA_2,SKU_1206_BLA,2023-10-15,344,137.33,,2023-11-29,,Entregue
PED_SKU_1207_POW_0,SKU_1207_POW,2023-06-17,363,335.75,,2023-08-01,,Entregue
PED_SKU_1207_POW_1,SKU_1207_POW,2023-08-16,363,335.75,,2023-09-30,,Entregue
PED_SKU_1207_POW_2,SKU_1207_POW,2023-10-15,363,335.75,,2023-11-29,,Entregue
PED_SKU_1207_BLA_0,SKU_1207_BLA,2023-06-17,320,335.75,,2023-08-01,,Entregue
PED_SKU_1207_BLA_1,SKU_1207_BLA,2023-08-16,320,335.75,,2023-09-30,,Entregue
PED_SKU_1207_BLA_2,SKU_1207_BLA,2023-10-15,320,335.75,,2023-11-29,,Entregue
PED_SKU_1208_PAS_0,SKU_1208_PAS,2023-06-17,241,245.09,,2023-08-01,,Entregue
PED_SKU_1208_PAS_1,SKU_1208_PAS,2023-08-16,241,245.09,,2023-09-30,,Entregue
PED_SKU_1208_PAS_2,SKU_1208_PAS,2023-10-15,241,245.09,,2023-11-29,,Entregue
PED_SKU_1208_PAS_3,SKU_1208_PAS,2023-12-14,241,245.09,,2024-01-28,,Entregue
PED_SKU_1208_MOS_0,SKU_1208_MOS,2023-06-17,264,245.09,,2023-08-01,,Entregue
PED_SKU_1208_MOS_1,SKU_1208_MOS,2023-08-16,264,245.09,,2023-09-30,,Entregue
PED_SKU_1208_MOS_2,SKU_1208_MOS,2023-10-15,264,245.09,,2023-11-29,,Entregue
PED_SKU_1208_MOS_3,SKU_1208_MOS,2023-12-14,264,245.09,,2024-01-28,,Entregue
PED_SKU_1209_BLA_0,SKU_1209_BLA,2023-06-17,264,107.93,,2023-08-01,,Entregue
PED_SKU_1209_BLA_1,SKU_1209_BLA,2023-08-16,264,107.93,,2023-09-30,,Entregue
PED_SKU_1209_BLA_2,SKU_1209_BLA,2023-10-15,264,107.93,,2023-11-29,,Entregue
PED_SKU_1209_BLA_3,SKU_1209_BLA,2023-12-14,264,107.93,,2024-01-28,,Entregue
PED_SKU_1209_DUS_0,SKU_1209_DUS,2023-06-17,500,107.93,,2023-08-01,,Entregue
PED_SKU_1209_DUS_1,SKU_1209_DUS,2023-08-16,500,107.93,,2023-09-30,,Entregue
PED_SKU_1210_SHO_0,SKU_1210_SHO,2023-06-17,539,80.15,,2023-08-01,,Entregue
PED_SKU_1210_SHO_1,SKU_1210_SHO,2023-08-16,539,80.15,,2023-09-30,,Entregue
PED_SKU_1210_WHI_0,SKU_1210_WHI,2023-06-17,536,80.15,,2023-08-01,,Entregue
PED_SKU_1210_WHI_1,SKU_1210_WHI,2023-08-16,536,80.15,,2023-09-30,,Entregue
PED_SKU_1211_GAR_0,SKU_1211_GAR,2023-06-17,538,105.31,,2023-08-01,,Entregue
PED_SKU_1211_GAR_1,SKU_1211_GAR,2023-08-16,538,105.31,,2023-09-30,,Entregue
PED_SKU_1211_CRE_0,SKU_1211_CRE,2023-06-17,542,105.31,,2023-08-01,,Entregue
PED_SKU_1211_CRE_1,SKU_1211_CRE,2023-08-16,542,105.31,,2023-09-30,,Entregue
PED_SKU_1212_COB_0,SKU_1212_COB,2023-06-17,284,69.93,,2023-08-01,,Entregue
PED_SKU_1212_COB_1,SKU_1212_COB,2023-08-16,284,69.93,,2023-09-30,,Entregue
PED_SKU_1212_COB_2,SKU_1212_COB,2023-10-15,284,69.93,,2023-11-29,,Entregue
PED_SKU_1212_COB_3,SKU_1212_COB,2023-12-14,284,69.93,,2024-01-28,,Entregue
PED_SKU_1212_SNO_0,SKU_1212_SNO,2023-06-17,523,69.93,,2023-08-01,,Entregue
PED_SKU_1212_SNO_1,SKU_1212_SNO,2023-08-16,523,69.93,,2023-09-30,,Entregue
PED_SKU_1213_MAG_0,SKU_1213_MAG,2023-06-17,250,288.02,,2023-08-01,,Entregue
PED_SKU_1213_MAG_1,SKU_1213_MAG,2023-08-16,250,288.02,,2023-09-30,,Entregue
PED_SKU_1213_MAG_2,SKU_1213_MAG,2023-10-15,250,288.02,,2023-11-29,,Entregue
PED_SKU_1213_MAG_3,SKU_1213_MAG,2023-12-14,250,288.02,,2024-01-28,,Entregue
PED_SKU_1213_POW_0,SKU_1213_POW,2023-06-17,349,288.02,,2023-08-01,,Entregue
PED_SKU_1213_POW_1,SKU_1213_POW,2023-08-16,349,288.02,,2023-09-30,,Entregue
PED_SKU_1213_POW_2,SKU_1213_POW,2023-10-15,349,288.02,,2023-11-29,,Entregue
PED_SKU_1214_BLA_0,SKU_1214_BLA,2023-06-17,507,94.02,,2023-08-01,,Entregue
PED_SKU_1214_BLA_1,SKU_1214_BLA,2023-08-16,507,94.02,,2023-09-30,,Entregue
PED_SKU_1214_RAS_0,SKU_1214_RAS,2023-06-17,263,94.02,,2023-08-01,,Entregue
PED_SKU_1214_RAS_1,SKU_1214_RAS,2023-08-16,263,94.02,,2023-09-30,,Entregue
PED_SKU_1214_RAS_2,SKU_1214_RAS,2023-10-15,263,94.02,,2023-11-29,,Entregue
PED_SKU_1214_RAS_3,SKU_1214_RAS,2023-12-14,263,94.02,,2024-01-28,,Entregue
PED_SKU_1215_MAG_0,SKU_1215_MAG,2023-06-17,262,69.01,,2023-08-01,,Entregue
PED_SKU_1215_MAG_1,SKU_1215_MAG,2023-08-16,262,69.01,,2023-09-30,,Entregue
PED_SKU_1215_MAG_2,SKU_1215_MAG,2023-10-15,262,69.01,,2023-11-29,,Entregue
PED_SKU_1215_MAG_3,SKU_1215_MAG,2023-12-14,262,69.01,,2024-01-28,,Entregue
PED_SKU_1215_BRI_0,SKU_1215_BRI,2023-06-17,485,69.01,,2023-08-01,,Entregue
PED_SKU_1215_BRI_1,SKU_1215_BRI,2023-08-16,485,69.01,,2023-09-30,,Entregue
PED_SKU_1216_WHI_0,SKU_1216_WHI,2023-06-17,584,152.33,,2023-08-01,,Entregue
PED_SKU_1216_WHI_1,SKU_1216_WHI,2023-08-16,584,152.33,,2023-09-30,,Entregue
PED_SKU_1216_CRE_0,SKU_1216_CRE,2023-06-17,360,152.33,,2023-08-01,,Entregue
PED_SKU_1216_CRE_1,SKU_1216_CRE,2023-08-16,360,152.33,,2023-09-30,,Entregue
PED_SKU_1216_CRE_2,SKU_1216_CRE,2023-10-15,360,152.33,,2023-11-29,,Entregue
PED_SKU_1217_ROS_0,SKU_1217_ROS,2023-06-17,361,259.91,,2023-08-01,,Entregue
PED_SKU_1217_ROS_1,SKU_1217_ROS,2023-08-16,361,259.91,,2023-09-30,,Entregue
PED_SKU_1217_ROS_2,SKU_1217_ROS,2023-10-15,361,259.91,,2023-11-29,,Entregue
PED_SKU_1217_RAS_0,SKU_1217_RAS,2023-06-17,506,259.91,,2023-08-01,,Entregue
PED_SKU_1217_RAS_1,SKU_1217_RAS,2023-08-16,506,259.91,,2023-09-30,,Entregue
PED_SKU_1218_BLU_0,SKU_1218_BLU,2023-06-17,272,256.98,,2023-08-01,,Entregue
PED_SKU_1218_BLU_1,SKU_1218_BLU,2023-08-16,272,256.98,,2023-09-30,,Entregue
PED_SKU_1218_BLU_2,SKU_1218_BLU,2023-10-15,272,256.98,,2023-11-29,,Entregue
PED_SKU_1218_BLU_3,SKU_1218_BLU,2023-12-14,272,256.98,,2024-01-28,,Entregue
PED_SKU_1218_SNO_0,SKU_1218_SNO,2023-06-17,252,256.98,,2023-08-01,,Entregue
PED_SKU_1218_SNO_1,SKU_1218_SNO,2023-08-16,252,256.98,,2023-09-30,,Entregue
PED_SKU_1218_SNO_2,SKU_1218_SNO,2023-10-15,252,256.98,,2023-11-29,,Entregue
PED_SKU_1218_SNO_3,SKU_1218_SNO,2023-12-14,252,256.98,,2024-01-28,,Entregue
PED_SKU_1219_MAR_0,SKU_1219_MAR,2023-06-17,348,150.13,,2023-08-01,,Entregue
PED_SKU_1219_MAR_1,SKU_1219_MAR,2023-08-16,348,150.13,,2023-09-30,,Entregue
PED_SKU_1219_MAR_2,SKU_1219_MAR,2023-10-15,348,150.13,,2023-11-29,,Entregue
PED_SKU_1219_LIM_0,SKU_1219_LIM,2023-06-17,538,150.13,,2023-08-01,,Entregue
PED_SKU_1219_LIM_1,SKU_1219_LIM,2023-08-16,538,150.13,,2023-09-30,,Cancelado
PED_SKU_1220_TUR_0,SKU_1220_TUR,2023-06-17,274,100.92,,2023-08-01,,Entregue
PED_SKU_1220_TUR_1,SKU_1220_TUR,2023-08-16,274,100.92,,2023-09-30,,Entregue
PED_SKU_1220_TUR_2,SKU_1220_TUR,2023-10-15,274,100.92,,2023-11-29,,Entregue
PED_SKU_1220_TUR_3,SKU_1220_TUR,2023-12-14,274,100.92,,2024-01-28,,Entregue
PED_SKU_1220_HOT_0,SKU_1220_HOT,2023-06-17,329,100.92,,2023-08-01,,Entregue
PED_SKU_1220_HOT_1,SKU_1220_HOT,2023-08-16,329,100.92,,2023-09-30,,Entregue
PED_SKU_1220_HOT_2,SKU_1220_HOT,2023-10-15,329,100.92,,2023-11-29,,Entregue
PED_SKU_1221_SAG_0,SKU_1221_SAG,2023-06-17,263,233.7,,2023-08-01,,Entregue
PED_SKU_1221_SAG_1,SKU_1221_SAG,2023-08-16,263,233.7,,2023-09-30,,Entregue
PED_SKU_1221_SAG_2,SKU_1221_SAG,2023-10-15,263,233.7,,2023-11-29,,Entregue
PED_SKU_1221_SAG_3,SKU_1221_SAG,2023-12-14,263,233.7,,2024-01-28,,Entregue
PED_SKU_1221_PAL_0,SKU_1221_PAL,2023-06-17,280,233.7,,2023-08-01,,Entregue
PED_SKU_1221_PAL_1,SKU_1221_PAL,2023-08-16,280,233.7,,2023-09-30,,Cancelado
PED_SKU_1221_PAL_2,SKU_1221_PAL,2023-10-15,280,233.7,,2023-11-29,,Entregue
PED_SKU_1221_PAL_3,SKU_1221_PAL,2023-12-14,280,233.7,,2024-01-28,,Entregue
PED_SKU_1222_PAS_0,SKU_1222_PAS,2023-06-17,340,278.14,,2023-08-01,,Entregue
PED_SKU_1222_PAS_1,SKU_1222_PAS,2023-08-16,340,278.14,,2023-09-30,,Entregue
PED_SKU_1222_PAS_2,SKU_1222_PAS,2023-10-15,340,278.14,,2023-11-29,,Entregue
PED_SKU_1222_HON_0,SKU_1222_HON,2023-06-17,527,278.14,,2023-08-01,,Entregue
PED_SKU_1222_HON_1,SKU_1222_HON,2023-08-16,527,278.14,,2023-09-30,,Entregue
PED_SKU_1223_TEA_0,SKU_1223_TEA,2023-06-17,362,47.7,,2023-08-01,,Entregue
PED_SKU_1223_TEA_1,SKU_1223_TEA,2023-08-16,362,47.7,,2023-09-30,,Entregue
PED_SKU_1223_TEA_2,SKU_1223_TEA,2023-10-15,362,47.7,,2023-11-29,,Entregue
PED_SKU_1223_BLA_0,SKU_1223_BLA,2023-06-17,502,47.7,,2023-08-01,,Entregue
PED_SKU_1223_BLA_1,SKU_1223_BLA,2023-08-16,502,47.7,,2023-09-30,,Entregue
PED_SKU_1224_OLI_0,SKU_1224_OLI,2023-06-17,342,135.67,,2023-08-01,,Entregue
PED_SKU_1224_OLI_1,SKU_1224_OLI,2023-08-16,342,135.67,,2023-09-30,,Entregue
PED_SKU_1224_OLI_2,SKU_1224_OLI,2023-10-15,342,135.67,,2023-11-29,,Cancelado
PED_SKU_1224_ARM_0,SKU_1224_ARM,2023-06-17,496,135.67,,2023-08-01,,Entregue
PED_SKU_1224_ARM_1,SKU_1224_ARM,2023-08-16,496,135.67,,2023-09-30,,Entregue
PED_SKU_1225_POW_0,SKU_1225_POW,2023-06-17,257,65.1,,2023-08-01,,Entregue
PED_SKU_1225_POW_1,SKU_1225_POW,2023-08-16,257,65.1,,2023-09-30,,Entregue
PED_SKU_1225_POW_2,SKU_1225_POW,2023-10-15,257,65.1,,2023-11-29,,Entregue
PED_SKU_1225_POW_3,SKU_1225_POW,2023-12-14,257,65.1,,2024-01-28,,Entregue
PED_SKU_1225_IVO_0,SKU_1225_IVO,2023-06-17,559,65.1,,2023-08-01,,Entregue
PED_SKU_1225_IVO_1,SKU_1225_IVO,2023-08-16,559,65.1,,2023-09-30,,Entregue
PED_SKU_1226_PAL_0,SKU_1226_PAL,2023-06-17,363,138.34,,2023-08-01,,Entregue
PED_SKU_1226_PAL_1,SKU_1226_PAL,2023-08-16,363,138.34,,2023-09-30,,Entregue
PED_SKU_1226_PAL_2,SKU_1226_PAL,2023-10-15,363,138.34,,2023-11-29,,Entregue
PED_SKU_1226_LIG_0,SKU_1226_LIG,2023-06-17,266,138.34,,2023-08-01,,Entregue
PED_SKU_1226_LIG_1,SKU_1226_LIG,2023-08-16,266,138.34,,2023-09-30,,Entregue
PED_SKU_1226_LIG_2,SKU_1226_LIG,2023-10-15,266,138.34,,2023-11-29,,Entregue
PED_SKU_1226_LIG_3,SKU_1226_LIG,2023-12-14,266,138.34,,2024-01-28,,Entregue
PED_SKU_1227_CLO_0,SKU_1227_CLO,2023-06-17,361,118.77,,2023-08-01,,Entregue
PED_SKU_1227_CLO_1,SKU_1227_CLO,2023-08-16,361,118.77,,2023-09-30,,Entregue
PED_SKU_1227_CLO_2,SKU_1227_CLO,2023-10-15,361,118.77,,2023-11-29,,Entregue
PED_SKU_1227_PAS_0,SKU_1227_PAS,2023-06-17,270,118.77,,2023-08-01,,Entregue
PED_SKU_1227_PAS_1,SKU_1227_PAS,2023-08-16,270,118.77,,2023-09-30,,Entregue
PED_SKU_1227_PAS_2,SKU_1227_PAS,2023-10-15,270,118.77,,2023-11-29,,Entregue
PED_SKU_1227_PAS_3,SKU_1227_PAS,2023-12-14,270,118.77,,2024-01-28,,Entregue
PED_SKU_1228_WHI_0,SKU_1228_WHI,2023-06-17,546,113.76,,2023-08-01,,Entregue
PED_SKU_1228_WHI_1,SKU_1228_WHI,2023-08-16,546,113.76,,2023-09-30,,Entregue
PED_SKU_1228_SPA_0,SKU_1228_SPA,2023-06-17,506,113.76,,2023-08-01,,Entregue
PED_SKU_1228_SPA_1,SKU_1228_SPA,2023-08-16,506,113.76,,2023-09-30,,Entregue
PED_SKU_1229_SAL_0,SKU_1229_SAL,2023-06-17,490,283.08,,2023-08-01,,Entregue
PED_SKU_1229_SAL_1,SKU_1229_SAL,2023-08-16,490,283.08,,2023-09-30,,Entregue
PED_SKU_1229_CLO_0,SKU_1229_CLO,2023-06-17,551,283.08,,2023-08-01,,Entregue
PED_SKU_1229_CLO_1,SKU_1229_CLO,2023-08-16,551,283.08,,2023-09-30,,Entregue
PED_SKU_1230_ROS_0,SKU_1230_ROS,2023-06-17,515,131.65,,2023-08-01,,Entregue
PED_SKU_1230_ROS_1,SKU_1230_ROS,2023-08-16,515,131.65,,2023-09-30,,Entregue
PED_SKU_1230_NAV_0,SKU_1230_NAV,2023-06-17,545,131.65,,2023-08-01,,Entregue
PED_SKU_1230_NAV_1,SKU_1230_NAV,2023-08-16,545,131.65,,2023-09-30,,Entregue
PED_SKU_1231_LIG_0,SKU_1231_LIG,2023-06-17,520,158.85,,2023-08-01,,Entregue
PED_SKU_1231_LIG_1,SKU_1231_LIG,2023-08-16,520,158.85,,2023-09-30,,Entregue
PED_SKU_1231_BIR_0,SKU_1231_BIR,2023-06-17,226,158.85,,2023-08-01,,Entregue
PED_SKU_1231_BIR_1,SKU_1231_BIR,2023-08-16,226,158.85,,2023-09-30,,Entregue
PED_SKU_1231_BIR_2,SKU_1231_BIR,2023-10-15,226,158.85,,2023-11-29,,Entregue
PED_SKU_1231_BIR_3,SKU_1231_BIR,2023-12-14,226,158.85,,2024-01-28,,Cancelado
PED_SKU_1232_AQU_0,SKU_1232_AQU,2023-06-17,248,117.47,,2023-08-01,,Entregue
PED_SKU_1232_AQU_1,SKU_1232_AQU,2023-08-16,248,117.47,,2023-09-30,,Entregue
PED_SKU_1232_AQU_2,SKU_1232_AQU,2023-10-15,248,117.47,,2023-11-29,,Entregue
PED_SKU_1232_AQU_3,SKU_1232_AQU,2023-12-14,248,117.47,,2024-01-28,,Entregue
PED_SKU_1232_FOR_0,SKU_1232_FOR,2023-06-17,250,117.47,,2023-08-01,,Entregue
PED_SKU_1232_FOR_1,SKU_1232_FOR,2023-08-16,250,117.47,,2023-09-30,,Cancelado
PED_SKU_1232_FOR_2,SKU_1232_FOR,2023-10-15,250,117.47,,2023-11-29,,Entregue
PED_SKU_1232_FOR_3,SKU_1232_FOR,2023-12-14,250,117.47,,2024-01-28,,Entregue
PED_SKU_1233_JAD_0,SKU_1233_JAD,2023-06-17,346,78.98,,2023-08-01,,Entregue
PED_SKU_1233_JAD_1,SKU_1233_JAD,2023-08-16,346,78.98,,2023-09-30,,Entregue
PED_SKU_1233_JAD_2,SKU_1233_JAD,2023-10-15,346,78.98,,2023-11-29,,Entregue
PED_SKU_1233_SEA_0,SKU_1233_SEA,2023-06-17,543,78.98,,2023-08-01,,Entregue
PED_SKU_1233_SEA_1,SKU_1233_SEA,2023-08-16,543,78.98,,2023-09-30,,Entregue
PED_SKU_1234_MOS_0,SKU_1234_MOS,2023-06-17,239,66.47,,2023-08-01,,Entregue
PED_SKU_1234_MOS_1,SKU_1234_MOS,2023-08-16,239,66.47,,2023-09-30,,Entregue
PED_SKU_1234_MOS_2,SKU_1234_MOS,2023-10-15,239,66.47,,2023-11-29,,Entregue
PED_SKU_1234_MOS_3,SKU_1234_MOS,2023-12-14,239,66.47,,2024-01-28,,Entregue
PED_SKU_1234_SAL_0,SKU_1234_SAL,2023-06-17,254,66.47,,2023-08-01,,Cancelado
PED_SKU_1234_SAL_1,SKU_1234_SAL,2023-08-16,254,66.47,,2023-09-30,,Entregue
PED_SKU_1234_SAL_2,SKU_1234_SAL,2023-10-15,254,66.47,,2023-11-29,,Entregue
PED_SKU_1234_SAL_3,SKU_1234_SAL,2023-12-14,254,66.47,,2024-01-28,,Entregue
PED_SKU_1235_HUN_0,SKU_1235_HUN,2023-06-17,337,135.55,,2023-08-01,,Entregue
PED_SKU_1235_HUN_1,SKU_1235_HUN,2023-08-16,337,135.55,,2023-09-30,,Entregue
PED_SKU_1235_HUN_2,SKU_1235_HUN,2023-10-15,337,135.55,,2023-11-29,,Cancelado
PED_SKU_1235_COR_0,SKU_1235_COR,2023-06-17,275,135.55,,2023-08-01,,Entregue
PED_SKU_1235_COR_1,SKU_1235_COR,2023-08-16,275,135.55,,2023-09-30,,Entregue
PED_SKU_1235_COR_2,SKU_1235_COR,2023-10-15,275,135.55,,2023-11-29,,Entregue
PED_SKU_1235_COR_3,SKU_1235_COR,2023-12-14,275,135.55,,2024-01-28,,Entregue
PED_SKU_1236_DEE_0,SKU_1236_DEE,2023-06-17,514,176.67,,2023-08-01,,Entregue
PED_SKU_1236_DEE_1,SKU_1236_DEE,2023-08-16,514,176.67,,2023-09-30,,Entregue
PED_SKU_1236_LIM_0,SKU_1236_LIM,2023-06-17,286,176.67,,2023-08-01,,Entregue
PED_SKU_1236_LIM_1,SKU_1236_LIM,2023-08-16,286,176.67,,2023-09-30,,Entregue
PED_SKU_1236_LIM_2,SKU_1236_LIM,2023-10-15,286,176.67,,2023-11-29,,Entregue
PED_SKU_1236_LIM_3,SKU_1236_LIM,2023-12-14,286,176.67,,2024-01-28,,Entregue
PED_SKU_1237_BAB_0,SKU_1237_BAB,2023-06-17,534,285.27,,2023-08-01,,Entregue
PED_SKU_1237_BAB_1,SKU_1237_BAB,2023-08-16,534,285.27,,2023-09-30,,Entregue
PED_SKU_1237_GAR_0,SKU_1237_GAR,2023-06-17,364,285.27,,2023-08-01,,Entregue
PED_SKU_1237_GAR_1,SKU_1237_GAR,2023-08-16,364,285.27,,2023-09-30,,Entregue
PED_SKU_1237_GAR_2,SKU_1237_GAR,2023-10-15,364,285.27,,2023-11-29,,Entregue
PED_SKU_1238_SAP_0,SKU_1238_SAP,2023-06-17,270,145.79,,2023-08-01,,Entregue
PED_SKU_1238_SAP_1,SKU_1238_SAP,2023-08-16,270,145.79,,2023-09-30,,Entregue
PED_SKU_1238_SAP_2,SKU_1238_SAP,2023-10-15,270,145.79,,2023-11-29,,Entregue
PED_SKU_1238_SAP_3,SKU_1238_SAP,2023-12-14,270,145.79,,2024-01-28,,Entregue
PED_SKU_1238_TUR_0,SKU_1238_TUR,2023-06-17,384,145.79,,2023-08-01,,Cancelado
PED_SKU_1238_TUR_1,SKU_1238_TUR,2023-08-16,384,145.79,,2023-09-30,,Entregue
PED_SKU_1238_TUR_2,SKU_1238_TUR,2023-10-15,384,145.79,,2023-11-29,,Entregue
PED_SKU_1239_BAB_0,SKU_1239_BAB,2023-06-17,245,117.89,,2023-08-01,,Entregue
PED_SKU_1239_BAB_1,SKU_1239_BAB,2023-08-16,245,117.89,,2023-09-30,,Entregue
PED_SKU_1239_BAB_2,SKU_1239_BAB,2023-10-15,245,117.89,,2023-11-29,,Entregue
PED_SKU_1239_BAB_3,SKU_1239_BAB,2023-12-14,245,117.89,,2024-01-28,,Entregue
PED_SKU_1239_MID_0,SKU_1239_MID,2023-06-17,477,117.89,,2023-08-01,,Entregue
PED_SKU_1239_MID_1,SKU_1239_MID,2023-08-16,477,117.89,,2023-09-30,,Entregue
PED_SKU_1240_PAL_0,SKU_1240_PAL,2023-06-17,590,329.17,,2023-08-01,,Entregue
PED_SKU_1240_PAL_1,SKU_1240_PAL,2023-08-16,590,329.17,,2023-09-30,,Entregue
PED_SKU_1240_MOS_0,SKU_1240_MOS,2023-06-17,268,329.17,,2023-08-01,,Entregue
PED_SKU_1240_MOS_1,SKU_1240_MOS,2023-08-16,268,329.17,,2023-09-30,,Entregue
PED_SKU_1240_MOS_2,SKU_1240_MOS,2023-10-15,268,329.17,,2023-11-29,,Cancelado
PED_SKU_1240_MOS_3,SKU_1240_MOS,2023-12-14,268,329.17,,2024-01-28,,Entregue
PED_SKU_1241_BAL_0,SKU_1241_BAL,2023-06-17,479,118.48,,2023-08-01,,Entregue
PED_SKU_1241_BAL_1,SKU_1241_BAL,2023-08-16,479,118.48,,2023-09-30,,Entregue
PED_SKU_1241_FLA_0,SKU_1241_FLA,2023-06-17,337,118.48,,2023-08-01,,Entregue
PED_SKU_1241_FLA_1,SKU_1241_FLA,2023-08-16,337,118.48,,2023-09-30,,Entregue
PED_SKU_1241_FLA_2,SKU_1241_FLA,2023-10-15,337,118.48,,2023-11-29,,Entregue
PED_SKU_1242_AQU_0,SKU_1242_AQU,2023-06-17,341,100.14,,2023-08-01,,Entregue
PED_SKU_1242_AQU_1,SKU_1242_AQU,2023-08-16,341,100.14,,2023-09-30,,Entregue
PED_SKU_1242_AQU_2,SKU_1242_AQU,2023-10-15,341,100.14,,2023-11-29,,Entregue
PED_SKU_1242_SKY_0,SKU_1242_SKY,2023-06-17,278,100.14,,2023-08-01,,Entregue
PED_SKU_1242_SKY_1,SKU_1242_SKY,2023-08-16,278,100.14,,2023-09-30,,Entregue
PED_SKU_1242_SKY_2,SKU_1242_SKY,2023-10-15,278,100.14,,2023-11-29,,Entregue
PED_SKU_1242_SKY_3,SKU_1242_SKY,2023-12-14,278,100.14,,2024-01-28,,Entregue
PED_SKU_1243_SNO_0,SKU_1243_SNO,2023-06-17,352,81.06,,2023-08-01,,Entregue
PED_SKU_1243_SNO_1,SKU_1243_SNO,2023-08-16,352,81.06,,2023-09-30,,Entregue
PED_SKU_1243_SNO_2,SKU_1243_SNO,2023-10-15,352,81.06,,2023-11-29,,Entregue
PED_SKU_1243_PIN_0,SKU_1243_PIN,2023-06-17,544,81.06,,2023-08-01,,Entregue
PED_SKU_1243_PIN_1,SKU_1243_PIN,2023-08-16,544,81.06,,2023-09-30,,Entregue
PED_SKU_1244_COB_0,SKU_1244_COB,2023-06-17,552,92.19,,2023-08-01,,Entregue
PED_SKU_1244_COB_1,SKU_1244_COB,2023-08-16,552,92.19,,2023-09-30,,Entregue
PED_SKU_1244_GAR_0,SKU_1244_GAR,2023-06-17,486,92.19,,2023-08-01,,Entregue
PED_SKU_1244_GAR_1,SKU_1244_GAR,2023-08-16,486,92.19,,2023-09-30,,Entregue
PED_SKU_1245_COB_0,SKU_1245_COB,2023-06-17,247,61.88,,2023-08-01,,Entregue
PED_SKU_1245_COB_1,SKU_1245_COB,2023-08-16,247,61.88,,2023-09-30,,Entregue
PED_SKU_1245_COB_2,SKU_1245_COB,2023-10-15,247,61.88,,2023-11-29,,Entregue
PED_SKU_1245_COB_3,SKU_1245_COB,2023-12-14,247,61.88,,2024-01-28,,Entregue
PED_SKU_1245_SNO_0,SKU_1245_SNO,2023-06-17,331,61.88,,2023-08-01,,Entregue
PED_SKU_1245_SNO_1,SKU_1245_SNO,2023-08-16,331,61.88,,2023-09-30,,Cancelado
PED_SKU_1245_SNO_2,SKU_1245_SNO,2023-10-15,331,61.88,,2023-11-29,,Entregue
PED_SKU_1246_PAL_0,SKU_1246_PAL,2023-06-17,520,82.33,,2023-08-01,,Entregue
PED_SKU_1246_PAL_1,SKU_1246_PAL,2023-08-16,520,82.33,,2023-09-30,,Entregue
PED_SKU_1246_COR_0,SKU_1246_COR,2023-06-17,257,82.33,,2023-08-01,,Entregue
PED_SKU_1246_COR_1,SKU_1246_COR,2023-08-16,257,82.33,,2023-09-30,,Entregue
PED_SKU_1246_COR_2,SKU_1246_COR,2023-10-15,257,82.33,,2023-11-29,,Entregue
PED_SKU_1246_COR_3,SKU_1246_COR,2023-12-14,257,82.33,,2024-01-28,,Entregue
PED_SKU_1247_SAP_0,SKU_1247_SAP,2023-06-17,257,51.33,,2023-08-01,,Entregue
PED_SKU_1247_SAP_1,SKU_1247_SAP,2023-08-16,257,51.33,,2023-09-30,,Entregue
PED_SKU_1247_SAP_2,SKU_1247_SAP,2023-10-15,257,51.33,,2023-11-29,,Entregue
PED_SKU_1247_SAP_3,SKU_1247_SAP,2023-12-14,257,51.33,,2024-01-28,,Entregue
PED_SKU_1247_SKY_0,SKU_1247_SKY,2023-06-17,266,51.33,,2023-08-01,,Entregue
PED_SKU_1247_SKY_1,SKU_1247_SKY,2023-08-16,266,51.33,,2023-09-30,,Entregue
PED_SKU_1247_SKY_2,SKU_1247_SKY,2023-10-15,266,51.33,,2023-11-29,,Entregue
PED_SKU_1247_SKY_3,SKU_1247_SKY,2023-12-14,266,51.33,,2024-01-28,,Entregue
PED_SKU_1248_AQU_0,SKU_1248_AQU,2023-06-17,229,55.56,,2023-08-01,,Entregue
PED_SKU_1248_AQU_1,SKU_1248_AQU,2023-08-16,229,55.56,,2023-09-30,,Entregue
PED_SKU_1248_AQU_2,SKU_1248_AQU,2023-10-15,229,55.56,,2023-11-29,,Entregue
PED_SKU_1248_AQU_3,SKU_1248_AQU,2023-12-14,229,55.56,,2024-01-28,,Entregue
PED_SKU_1248_SAG_0,SKU_1248_SAG,2023-06-17,241,55.56,,2023-08-01,,Entregue
PED_SKU_1248_SAG_1,SKU_1248_SAG,2023-08-16,241,55.56,,2023-09-30,,Entregue
PED_SKU_1248_SAG_2,SKU_1248_SAG,2023-10-15,241,55.56,,2023-11-29,,Entregue
PED_SKU_1248_SAG_3,SKU_1248_SAG,2023-12-14,241,55.56,,2024-01-28,,Entregue
PED_SKU_1249_WHI_0,SKU_1249_WHI,2023-06-17,342,102.67,,2023-08-01,,Entregue
PED_SKU_1249_WHI_1,SKU_1249_WHI,2023-08-16,342,102.67,,2023-09-30,,Entregue
PED_SKU_1249_WHI_2,SKU_1249_WHI,2023-10-15,342,102.67,,2023-11-29,,Entregue
PED_SKU_1249_ARM_0,SKU_1249_ARM,2023-06-17,527,102.67,,2023-08-01,,Entregue
PED_SKU_1249_ARM_1,SKU_1249_ARM,2023-08-16,527,102.67,,2023-09-30,,Entregue
PED_SKU_1250_AQU_0,SKU_1250_AQU,2023-06-17,483,85.56,,2023-08-01,,Entregue
PED_SKU_1250_AQU_1,SKU_1250_AQU,2023-08-16,483,85.56,,2023-09-30,,Entregue
PED_SKU_1250_BAB_0,SKU_1250_BAB,2023-06-17,516,85.56,,2023-08-01,,Entregue
PED_SKU_1250_BAB_1,SKU_1250_BAB,2023-08-16,516,85.56,,2023-09-30,,Entregue
PED_SKU_1251_SHO_0,SKU_1251_SHO,2023-06-17,245,302.83,,2023-08-01,,Entregue
PED_SKU_1251_SHO_1,SKU_1251_SHO,2023-08-16,245,302.83,,2023-09-30,,Entregue
PED_SKU_1251_SHO_2,SKU_1251_SHO,2023-10-15,245,302.83,,2023-11-29,,Entregue
PED_SKU_1251_SHO_3,SKU_1251_SHO,2023-12-14,245,302.83,,2024-01-28,,Entregue
PED_SKU_1251_COB_0,SKU_1251_COB,2023-06-17,535,302.83,,2023-08-01,,Cancelado
PED_SKU_1251_COB_1,SKU_1251_COB,2023-08-16,535,302.83,,2023-09-30,,Entregue
PED_SKU_1252_NAV_0,SKU_1252_NAV,2023-06-17,341,71.52,,2023-08-01,,Entregue
PED_SKU_1252_NAV_1,SKU_1252_NAV,2023-08-16,341,71.52,,2023-09-30,,Entregue
PED_SKU_1252_NAV_2,SKU_1252_NAV,2023-10-15,341,71.52,,2023-11-29,,Entregue
PED_SKU_1252_FLA_0,SKU_1252_FLA,2023-06-17,346,71.52,,2023-08-01,,Entregue
PED_SKU_1252_FLA_1,SKU_1252_FLA,2023-08-16,346,71.52,,2023-09-30,,Entregue
PED_SKU_1252_FLA_2,SKU_1252_FLA,2023-10-15,346,71.52,,2023-11-29,,Entregue
PED_SKU_1253_SEA_0,SKU_1253_SEA,2023-06-17,364,118.48,,2023-08-01,,Entregue
PED_SKU_1253_SEA_1,SKU_1253_SEA,2023-08-16,364,118.48,,2023-09-30,,Entregue
PED_SKU_1253_SEA_2,SKU_1253_SEA,2023-10-15,364,118.48,,2023-11-29,,Entregue
PED_SKU_1253_FRE_0,SKU_1253_FRE,2023-06-17,345,118.48,,2023-08-01,,Entregue
PED_SKU_1253_FRE_1,SKU_1253_FRE,2023-08-16,345,118.48,,2023-09-30,,Entregue
PED_SKU_1253_FRE_2,SKU_1253_FRE,2023-10-15,345,118.48,,2023-11-29,,Entregue
PED_SKU_1254_SEA_0,SKU_1254_SEA,2023-06-17,545,62.86,,2023-08-01,,Entregue
PED_SKU_1254_SEA_1,SKU_1254_SEA,2023-08-16,545,62.86,,2023-09-30,,Cancelado
PED_SKU_1254_BAB_0,SKU_1254_BAB,2023-06-17,238,62.86,,2023-08-01,,Entregue
PED_SKU_1254_BAB_1,SKU_1254_BAB,2023-08-16,238,62.86,,2023-09-30,,Entregue
PED_SKU_1254_BAB_2,SKU_1254_BAB,2023-10-15,238,62.86,,2023-11-29,,Entregue
PED_SKU_1254_BAB_3,SKU_1254_BAB,2023-12-14,238,62.86,,2024-01-28,,Entregue
PED_SKU_1255_VAN_0,SKU_1255_VAN,2023-06-17,451,149.08,,2023-08-01,,Entregue
PED_SKU_1255_VAN_1,SKU_1255_VAN,2023-08-16,451,149.08,,2023-09-30,,Entregue
PED_SKU_1255_SHO_0,SKU_1255_SHO,2023-06-17,270,149.08,,2023-08-01,,Entregue
PED_SKU_1255_SHO_1,SKU_1255_SHO,2023-08-16,270,149.08,,2023-09-30,,Entregue
PED_SKU_1255_SHO_2,SKU_1255_SHO,2023-10-15,270,149.08,,2023-11-29,,Entregue
PED_SKU_1255_SHO_3,SKU_1255_SHO,2023-12-14,270,149.08,,2024-01-28,,Entregue
PED_SKU_1256_SEA_0,SKU_1256_SEA,2023-06-17,537,197.78,,2023-08-01,,Entregue
PED_SKU_1256_SEA_1,SKU_1256_SEA,2023-08-16,537,197.78,,2023-09-30,,Entregue
PED_SKU_1256_MID_0,SKU_1256_MID,2023-06-17,273,197.78,,2023-08-01,,Entregue
PED_SKU_1256_MID_1,SKU_1256_MID,2023-08-16,273,197.78,,2023-09-30,,Entregue
PED_SKU_1256_MID_2,SKU_1256_MID,2023-10-15,273,197.78,,2023-11-29,,Entregue
PED_SKU_1256_MID_3,SKU_1256_MID,2023-12-14,273,197.78,,2024-01-28,,Entregue
PED_SKU_1257_SPA_0,SKU_1257_SPA,2023-06-17,344,58.46,,2023-08-01,,Entregue
PED_SKU_1257_SPA_1,SKU_1257_SPA,2023-08-16,344,58.46,,2023-09-30,,Entregue
PED_SKU_1257_SPA_2,SKU_1257_SPA,2023-10-15,344,58.46,,2023-11-29,,Entregue
PED_SKU_1257_EME_0,SKU_1257_EME,2023-06-17,251,58.46,,2023-08-01,,Entregue
PED_SKU_1257_EME_1,SKU_1257_EME,2023-08-16,251,58.46,,2023-09-30,,Entregue
PED_SKU_1257_EME_2,SKU_1257_EME,2023-10-15,251,58.46,,2023-11-29,,Entregue
PED_SKU_1257_EME_3,SKU_1257_EME,2023-12-14,251,58.46,,2024-01-28,,Entregue
PED_SKU_1258_AQU_0,SKU_1258_AQU,2023-06-17,326,78.68,,2023-08-01,,Entregue
PED_SKU_1258_AQU_1,SKU_1258_AQU,2023-08-16,326,78.68,,2023-09-30,,Entregue
PED_SKU_1258_AQU_2,SKU_1258_AQU,2023-10-15,326,78.68,,2023-11-29,,Entregue
PED_SKU_1258_LIG_0,SKU_1258_LIG,2023-06-17,485,78.68,,2023-08-01,,Entregue
PED_SKU_1258_LIG_1,SKU_1258_LIG,2023-08-16,485,78.68,,2023-09-30,,Cancelado
PED_SKU_1259_ARM_0,SKU_1259_ARM,2023-06-17,251,128.27,,2023-08-01,,Entregue
PED_SKU_1259_ARM_1,SKU_1259_ARM,2023-08-16,251,128.27,,2023-09-30,,Entregue
PED_SKU_1259_ARM_2,SKU_1259_ARM,2023-10-15,251,128.27,,2023-11-29,,Entregue
PED_SKU_1259_ARM_3,SKU_1259_ARM,2023-12-14,251,128.27,,2024-01-28,,Entregue
PED_SKU_1259_POW_0,SKU_1259_POW,2023-06-17,355,128.27,,2023-08-01,,Cancelado
PED_SKU_1259_POW_1,SKU_1259_POW,2023-08-16,355,128.27,,2023-09-30,,Entregue
PED_SKU_1259_POW_2,SKU_1259_POW,2023-10-15,355,128.27,,2023-11-29,,Entregue
PED_SKU_1260_WHI_0,SKU_1260_WHI,2023-06-17,365,112.51,,2023-08-01,,Entregue
PED_SKU_1260_WHI_1,SKU_1260_WHI,2023-08-16,365,112.51,,2023-09-30,,Entregue
PED_SKU_1260_WHI_2,SKU_1260_WHI,2023-10-15,365,112.51,,2023-11-29,,Entregue
PED_SKU_1260_ROY_0,SKU_1260_ROY,2023-06-17,531,112.51,,2023-08-01,,Entregue
PED_SKU_1260_ROY_1,SKU_1260_ROY,2023-08-16,531,112.51,,2023-09-30,,Entregue
PED_SKU_1261_PAS_0,SKU_1261_PAS,2023-06-17,703,162.92,,2023-08-01,,Entregue
PED_SKU_1261_PAS_1,SKU_1261_PAS,2023-08-16,703,162.92,,2023-09-30,,Entregue
PED_SKU_1261_PAS_2,SKU_1261_PAS,2023-10-15,703,162.92,,2023-11-29,,Entregue
PED_SKU_1262_BLU_0,SKU_1262_BLU,2023-06-17,364,90.99,,2023-08-01,,Entregue
PED_SKU_1262_BLU_1,SKU_1262_BLU,2023-08-16,364,90.99,,2023-09-30,,Entregue
PED_SKU_1262_BLU_2,SKU_1262_BLU,2023-10-15,364,90.99,,2023-11-29,,Entregue
PED_SKU_1262_OFF_0,SKU_1262_OFF,2023-06-17,347,90.99,,2023-08-01,,Entregue
PED_SKU_1262_OFF_1,SKU_1262_OFF,2023-08-16,347,90.99,,2023-09-30,,Cancelado
PED_SKU_1262_OFF_2,SKU_1262_OFF,2023-10-15,347,90.99,,2023-11-29,,Entregue
PED_SKU_1263_COB_0,SKU_1263_COB,2023-06-17,258,60.87,,2023-08-01,,Cancelado
PED_SKU_1263_COB_1,SKU_1263_COB,2023-08-16,258,60.87,,2023-09-30,,Entregue
PED_SKU_1263_COB_2,SKU_1263_COB,2023-10-15,258,60.87,,2023-11-29,,Entregue
PED_SKU_1263_COB_3,SKU_1263_COB,2023-12-14,258,60.87,,2024-01-28,,Entregue
PED_SKU_1263_SKY_0,SKU_1263_SKY,2023-06-17,269,60.87,,2023-08-01,,Entregue
PED_SKU_1263_SKY_1,SKU_1263_SKY,2023-08-16,269,60.87,,2023-09-30,,Entregue
PED_SKU_1263_SKY_2,SKU_1263_SKY,2023-10-15,269,60.87,,2023-11-29,,Entregue
PED_SKU_1263_SKY_3,SKU_1263_SKY,2023-12-14,269,60.87,,2024-01-28,,Entregue
PED_SKU_1264_EGR_0,SKU_1264_EGR,2023-06-17,575,195.54,,2023-08-01,,Entregue
PED_SKU_1264_EGR_1,SKU_1264_EGR,2023-08-16,575,195.54,,2023-09-30,,Entregue
PED_SKU_1264_BRI_0,SKU_1264_BRI,2023-06-17,269,195.54,,2023-08-01,,Entregue
PED_SKU_1264_BRI_1,SKU_1264_BRI,2023-08-16,269,195.54,,2023-09-30,,Entregue
PED_SKU_1264_BRI_2,SKU_1264_BRI,2023-10-15,269,195.54,,2023-11-29,,Entregue
PED_SKU_1264_BRI_3,SKU_1264_BRI,2023-12-14,269,195.54,,2024-01-28,,Entregue
PED_SKU_1265_CRE_0,SKU_1265_CRE,2023-06-17,255,72.79,,2023-08-01,,Entregue
PED_SKU_1265_CRE_1,SKU_1265_CRE,2023-08-16,255,72.79,,2023-09-30,,Entregue
PED_SKU_1265_CRE_2,SKU_1265_CRE,2023-10-15,255,72.79,,2023-11-29,,Entregue
PED_SKU_1265_CRE_3,SKU_1265_CRE,2023-12-14,255,72.79,,2024-01-28,,Entregue
PED_SKU_1265_JAD_0,SKU_1265_JAD,2023-06-17,264,72.79,,2023-08-01,,Entregue
PED_SKU_1265_JAD_1,SKU_1265_JAD,2023-08-16,264,72.79,,2023-09-30,,Entregue
PED_SKU_1265_JAD_2,SKU_1265_JAD,2023-10-15,264,72.79,,2023-11-29,,Entregue
PED_SKU_1265_JAD_3,SKU_1265_JAD,2023-12-14,264,72.79,,2024-01-28,,Entregue
PED_SKU_1266_MEX_0,SKU_1266_MEX,2023-06-17,351,98.73,,2023-08-01,,Entregue
PED_SKU_1266_MEX_1,SKU_1266_MEX,2023-08-16,351,98.73,,2023-09-30,,Entregue
PED_SKU_1266_MEX_2,SKU_1266_MEX,2023-10-15,351,98.73,,2023-11-29,,Entregue
PED_SKU_1266_SPA_0,SKU_1266_SPA,2023-06-17,368,98.73,,2023-08-01,,Entregue
PED_SKU_1266_SPA_1,SKU_1266_SPA,2023-08-16,368,98.73,,2023-09-30,,Entregue
PED_SKU_1266_SPA_2,SKU_1266_SPA,2023-10-15,368,98.73,,2023-11-29,,Entregue
PED_SKU_1267_SKY_0,SKU_1267_SKY,2023-06-17,279,110.85,,2023-08-01,,Entregue
PED_SKU_1267_SKY_1,SKU_1267_SKY,2023-08-16,279,110.85,,2023-09-30,,Entregue
PED_SKU_1267_SKY_2,SKU_1267_SKY,2023-10-15,279,110.85,,2023-11-29,,Entregue
PED_SKU_1267_SKY_3,SKU_1267_SKY,2023-12-14,279,110.85,,2024-01-28,,Entregue
PED_SKU_1267_SAP_0,SKU_1267_SAP,2023-06-17,246,110.85,,2023-08-01,,Entregue
PED_SKU_1267_SAP_1,SKU_1267_SAP,2023-08-16,246,110.85,,2023-09-30,,Entregue
PED_SKU_1267_SAP_2,SKU_1267_SAP,2023-10-15,246,110.85,,2023-11-29,,Entregue
PED_SKU_1267_SAP_3,SKU_1267_SAP,2023-12-14,246,110.85,,2024-01-28,,Cancelado
PED_SKU_1268_MYS_0,SKU_1268_MYS,2023-06-17,512,106.5,,2023-08-01,,Entregue
PED_SKU_1268_MYS_1,SKU_1268_MYS,2023-08-16,512,106.5,,2023-09-30,,Entregue
PED_SKU_1268_MAR_0,SKU_1268_MAR,2023-06-17,348,106.5,,2023-08-01,,Entregue
PED_SKU_1268_MAR_1,SKU_1268_MAR,2023-08-16,348,106.5,,2023-09-30,,Entregue
PED_SKU_1268_MAR_2,SKU_1268_MAR,2023-10-15,348,106.5,,2023-11-29,,Entregue
PED_SKU_1269_BAB_0,SKU_1269_BAB,2023-06-17,246,342.34,,2023-08-01,,Entregue
PED_SKU_1269_BAB_1,SKU_1269_BAB,2023-08-16,246,342.34,,2023-09-30,,Entregue
PED_SKU_1269_BAB_2,SKU_1269_BAB,2023-10-15,246,342.34,,2023-11-29,,Entregue
PED_SKU_1269_BAB_3,SKU_1269_BAB,2023-12-14,246,342.34,,2024-01-28,,Entregue
PED_SKU_1269_CER_0,SKU_1269_CER,2023-06-17,261,342.34,,2023-08-01,,Entregue
PED_SKU_1269_CER_1,SKU_1269_CER,2023-08-16,261,342.34,,2023-09-30,,Entregue
PED_SKU_1269_CER_2,SKU_1269_CER,2023-10-15,261,342.34,,2023-11-29,,Entregue
PED_SKU_1269_CER_3,SKU_1269_CER,2023-12-14,261,342.34,,2024-01-28,,Entregue
PED_SKU_1270_CRE_0,SKU_1270_CRE,2023-06-17,378,62.52,,2023-08-01,,Entregue
PED_SKU_1270_CRE_1,SKU_1270_CRE,2023-08-16,378,62.52,,2023-09-30,,Entregue
PED_SKU_1270_CRE_2,SKU_1270_CRE,2023-10-15,378,62.52,,2023-11-29,,Entregue
PED_SKU_1270_TUR_0,SKU_1270_TUR,2023-06-17,538,62.52,,2023-08-01,,Entregue
PED_SKU_1270_TUR_1,SKU_1270_TUR,2023-08-16,538,62.52,,2023-09-30,,Entregue
PED_SKU_1271_OLI_0,SKU_1271_OLI,2023-06-17,264,292.96,,2023-08-01,,Entregue
PED_SKU_1271_OLI_1,SKU_1271_OLI,2023-08-16,264,292.96,,2023-09-30,,Entregue
PED_SKU_1271_OLI_2,SKU_1271_OLI,2023-10-15,264,292.96,,2023-11-29,,Entregue
PED_SKU_1271_OLI_3,SKU_1271_OLI,2023-12-14,264,292.96,,2024-01-28,,Entregue
PED_SKU_1271_FLA_0,SKU_1271_FLA,2023-06-17,491,292.96,,2023-08-01,,Entregue
PED_SKU_1271_FLA_1,SKU_1271_FLA,2023-08-16,491,292.96,,2023-09-30,,Entregue
PED_SKU_1272_PAS_0,SKU_1272_PAS,2023-06-17,373,125.75,,2023-08-01,,Entregue
PED_SKU_1272_PAS_1,SKU_1272_PAS,2023-08-16,373,125.75,,2023-09-30,,Entregue
PED_SKU_1272_PAS_2,SKU_1272_PAS,2023-10-15,373,125.75,,2023-11-29,,Cancelado
PED_SKU_1272_TEA_0,SKU_1272_TEA,2023-06-17,340,125.75,,2023-08-01,,Entregue
PED_SKU_1272_TEA_1,SKU_1272_TEA,2023-08-16,340,125.75,,2023-09-30,,Entregue
PED_SKU_1272_TEA_2,SKU_1272_TEA,2023-10-15,340,125.75,,2023-11-29,,Entregue
PED_SKU_1273_PAS_0,SKU_1273_PAS,2023-06-17,356,243.24,,2023-08-01,,Entregue
PED_SKU_1273_PAS_1,SKU_1273_PAS,2023-08-16,356,243.24,,2023-09-30,,Entregue
PED_SKU_1273_PAS_2,SKU_1273_PAS,2023-10-15,356,243.24,,2023-11-29,,Entregue
PED_SKU_1273_EGR_0,SKU_1273_EGR,2023-06-17,347,243.24,,2023-08-01,,Entregue
PED_SKU_1273_EGR_1,SKU_1273_EGR,2023-08-16,347,243.24,,2023-09-30,,Entregue
PED_SKU_1273_EGR_2,SKU_1273_EGR,2023-10-15,347,243.24,,2023-11-29,,Cancelado
PED_SKU_1274_MEX_0,SKU_1274_MEX,2023-06-17,332,84.24,,2023-08-01,,Entregue
PED_SKU_1274_MEX_1,SKU_1274_MEX,2023-08-16,332,84.24,,2023-09-30,,Entregue
PED_SKU_1274_MEX_2,SKU_1274_MEX,2023-10-15,332,84.24,,2023-11-29,,Entregue
PED_SKU_1274_BAL_0,SKU_1274_BAL,2023-06-17,282,84.24,,2023-08-01,,Entregue
PED_SKU_1274_BAL_1,SKU_1274_BAL,2023-08-16,282,84.24,,2023-09-30,,Entregue
PED_SKU_1274_BAL_2,SKU_1274_BAL,2023-10-15,282,84.24,,2023-11-29,,Entregue
PED_SKU_1274_BAL_3,SKU_1274_BAL,2023-12-14,282,84.24,,2024-01-28,,Entregue
PED_SKU_1275_MIN_0,SKU_1275_MIN,2023-06-17,364,60.87,,2023-08-01,,Entregue
PED_SKU_1275_MIN_1,SKU_1275_MIN,2023-08-16,364,60.87,,2023-09-30,,Entregue
PED_SKU_1275_MIN_2,SKU_1275_MIN,2023-10-15,364,60.87,,2023-11-29,,Entregue
PED_SKU_1275_BIR_0,SKU_1275_BIR,2023-06-17,250,60.87,,2023-08-01,,Entregue
PED_SKU_1275_BIR_1,SKU_1275_BIR,2023-08-16,250,60.87,,2023-09-30,,Entregue
PED_SKU_1275_BIR_2,SKU_1275_BIR,2023-10-15,250,60.87,,2023-11-29,,Entregue
PED_SKU_1275_BIR_3,SKU_1275_BIR,2023-12-14,250,60.87,,2024-01-28,,Entregue
PED_SKU_1276_WHI_0,SKU_1276_WHI,2024-01-01,368,50.39,,2024-02-15,,Cancelado
PED_SKU_1276_WHI_1,SKU_1276_WHI,2024-03-01,368,50.39,,2024-04-15,,Entregue
PED_SKU_1276_WHI_2,SKU_1276_WHI,2024-04-30,368,50.39,,2024-06-14,,Entregue
PED_SKU_1276_WHI_3,SKU_1276_WHI,2024-06-29,368,50.39,,2024-08-13,,Entregue
PED_SKU_1276_LIG_0,SKU_1276_LIG,2024-01-01,799,50.39,,2024-02-15,,Entregue
PED_SKU_1276_LIG_1,SKU_1276_LIG,2024-03-01,799,50.39,,2024-04-15,,Entregue
PED_SKU_1277_MYS_0,SKU_1277_MYS,2024-01-01,768,71.59,,2024-02-15,,Entregue
PED_SKU_1277_MYS_1,SKU_1277_MYS,2024-03-01,768,71.59,,2024-04-15,,Entregue
PED_SKU_1277_BAB_0,SKU_1277_BAB,2024-01-01,771,71.59,,2024-02-15,,Entregue
PED_SKU_1277_BAB_1,SKU_1277_BAB,2024-03-01,771,71.59,,2024-04-15,,Entregue
PED_SKU_1278_BAB_0,SKU_1278_BAB,2024-01-01,384,293.83,,2024-02-15,,Entregue
PED_SKU_1278_BAB_1,SKU_1278_BAB,2024-03-01,384,293.83,,2024-04-15,,Entregue
PED_SKU_1278_BAB_2,SKU_1278_BAB,2024-04-30,384,293.83,,2024-06-14,,Entregue
PED_SKU_1278_BAB_3,SKU_1278_BAB,2024-06-29,384,293.83,,2024-08-13,,Entregue
PED_SKU_1278_MOS_0,SKU_1278_MOS,2024-01-01,551,293.83,,2024-02-15,,Entregue
PED_SKU_1278_MOS_1,SKU_1278_MOS,2024-03-01,551,293.83,,2024-04-15,,Entregue
PED_SKU_1278_MOS_2,SKU_1278_MOS,2024-04-30,551,293.83,,2024-06-14,,Entregue
PED_SKU_1279_FUC_0,SKU_1279_FUC,2024-01-01,561,135.11,,2024-02-15,,Entregue
PED_SKU_1279_FUC_1,SKU_1279_FUC,2024-03-01,561,135.11,,2024-04-15,,Entregue
PED_SKU_1279_FUC_2,SKU_1279_FUC,2024-04-30,561,135.11,,2024-06-14,,Entregue
PED_SKU_1279_IVO_0,SKU_1279_IVO,2024-01-01,765,135.11,,2024-02-15,,Entregue
PED_SKU_1279_IVO_1,SKU_1279_IVO,2024-03-01,765,135.11,,2024-04-15,,Entregue
PED_SKU_1280_LIM_0,SKU_1280_LIM,2024-01-01,804,178.16,,2024-02-15,,Entregue
PED_SKU_1280_LIM_1,SKU_1280_LIM,2024-03-01,804,178.16,,2024-04-15,,Entregue
PED_SKU_1280_PRI_0,SKU_1280_PRI,2024-01-01,796,178.16,,2024-02-15,,Entregue
PED_SKU_1280_PRI_1,SKU_1280_PRI,2024-03-01,796,178.16,,2024-04-15,,Cancelado
PED_SKU_1281_PIS_0,SKU_1281_PIS,2024-01-01,376,201.45,,2024-02-15,,Entregue
PED_SKU_1281_PIS_1,SKU_1281_PIS,2024-03-01,376,201.45,,2024-04-15,,Entregue
PED_SKU_1281_PIS_2,SKU_1281_PIS,2024-04-30,376,201.45,,2024-06-14,,Entregue
PED_SKU_1281_PIS_3,SKU_1281_PIS,2024-06-29,376,201.45,,2024-08-13,,Entregue
PED_SKU_1281_CER_0,SKU_1281_CER,2024-01-01,546,201.45,,2024-02-15,,Cancelado
PED_SKU_1281_CER_1,SKU_1281_CER,2024-03-01,546,201.45,,2024-04-15,,Entregue
PED_SKU_1281_CER_2,SKU_1281_CER,2024-04-30,546,201.45,,2024-06-14,,Entregue
PED_SKU_1282_PIN_0,SKU_1282_PIN,2024-01-01,783,71.13,,2024-02-15,,Entregue
PED_SKU_1282_PIN_1,SKU_1282_PIN,2024-03-01,783,71.13,,2024-04-15,,Entregue
PED_SKU_1282_BAL_0,SKU_1282_BAL,2024-01-01,481,71.13,,2024-02-15,,Entregue
PED_SKU_1282_BAL_1,SKU_1282_BAL,2024-03-01,481,71.13,,2024-04-15,,Entregue
PED_SKU_1282_BAL_2,SKU_1282_BAL,2024-04-30,481,71.13,,2024-06-14,,Entregue
PED_SKU_1283_SNO_0,SKU_1283_SNO,2024-01-01,429,60.39,,2024-02-15,,Entregue
PED_SKU_1283_SNO_1,SKU_1283_SNO,2024-03-01,429,60.39,,2024-04-15,,Entregue
PED_SKU_1283_SNO_2,SKU_1283_SNO,2024-04-30,429,60.39,,2024-06-14,,Entregue
PED_SKU_1283_SNO_3,SKU_1283_SNO,2024-06-29,429,60.39,,2024-08-13,,Entregue
PED_SKU_1283_BAB_0,SKU_1283_BAB,2024-01-01,401,60.39,,2024-02-15,,Entregue
PED_SKU_1283_BAB_1,SKU_1283_BAB,2024-03-01,401,60.39,,2024-04-15,,Entregue
PED_SKU_1283_BAB_2,SKU_1283_BAB,2024-04-30,401,60.39,,2024-06-14,,Entregue
PED_SKU_1283_BAB_3,SKU_1283_BAB,2024-06-29,401,60.39,,2024-08-13,,Entregue
PED_SKU_1284_COR_0,SKU_1284_COR,2024-01-01,381,233.7,,2024-02-15,,Entregue
PED_SKU_1284_COR_1,SKU_1284_COR,2024-03-01,381,233.7,,2024-04-15,,Cancelado
PED_SKU_1284_COR_2,SKU_1284_COR,2024-04-30,381,233.7,,2024-06-14,,Entregue
PED_SKU_1284_COR_3,SKU_1284_COR,2024-06-29,381,233.7,,2024-08-13,,Entregue
PED_SKU_1284_HOT_0,SKU_1284_HOT,2024-01-01,398,233.7,,2024-02-15,,Entregue
PED_SKU_1284_HOT_1,SKU_1284_HOT,2024-03-01,398,233.7,,2024-04-15,,Entregue
PED_SKU_1284_HOT_2,SKU_1284_HOT,2024-04-30,398,233.7,,2024-06-14,,Entregue
PED_SKU_1284_HOT_3,SKU_1284_HOT,2024-06-29,398,233.7,,2024-08-13,,Entregue
PED_SKU_1285_WHI_0,SKU_1285_WHI,2024-01-01,503,291.25,,2024-02-15,,Entregue
PED_SKU_1285_WHI_1,SKU_1285_WHI,2024-03-01,503,291.25,,2024-04-15,,Entregue
PED_SKU_1285_WHI_2,SKU_1285_WHI,2024-04-30,503,291.25,,2024-06-14,,Entregue
PED_SKU_1285_CLO_0,SKU_1285_CLO,2024-01-01,847,291.25,,2024-02-15,,Entregue
PED_SKU_1285_CLO_1,SKU_1285_CLO,2024-03-01,847,291.25,,2024-04-15,,Entregue
PED_SKU_1286_MAR_0,SKU_1286_MAR,2024-01-01,747,73.68,,2024-02-15,,Entregue
PED_SKU_1286_MAR_1,SKU_1286_MAR,2024-03-01,747,73.68,,2024-04-15,,Entregue
PED_SKU_1286_HOT_0,SKU_1286_HOT,2024-01-01,543,73.68,,2024-02-15,,Entregue
PED_SKU_1286_HOT_1,SKU_1286_HOT,2024-03-01,543,73.68,,2024-04-15,,Entregue
PED_SKU_1286_HOT_2,SKU_1286_HOT,2024-04-30,543,73.68,,2024-06-14,,Entregue
PED_SKU_1287_NAV_0,SKU_1287_NAV,2024-01-01,496,112.0,,2024-02-15,,Entregue
PED_SKU_1287_NAV_1,SKU_1287_NAV,2024-03-01,496,112.0,,2024-04-15,,Entregue
PED_SKU_1287_NAV_2,SKU_1287_NAV,2024-04-30,496,112.0,,2024-06-14,,Entregue
PED_SKU_1287_CER_0,SKU_1287_CER,2024-01-01,782,112.0,,2024-02-15,,Entregue
PED_SKU_1287_CER_1,SKU_1287_CER,2024-03-01,782,112.0,,2024-04-15,,Entregue
PED_SKU_1288_SAG_0,SKU_1288_SAG,2024-01-01,366,70.6,,2024-02-15,,Entregue
PED_SKU_1288_SAG_1,SKU_1288_SAG,2024-03-01,366,70.6,,2024-04-15,,Entregue
PED_SKU_1288_SAG_2,SKU_1288_SAG,2024-04-30,366,70.6,,2024-06-14,,Entregue
PED_SKU_1288_SAG_3,SKU_1288_SAG,2024-06-29,366,70.6,,2024-08-13,,Entregue
PED_SKU_1288_BAB_0,SKU_1288_BAB,2024-01-01,823,70.6,,2024-02-15,,Entregue
PED_SKU_1288_BAB_1,SKU_1288_BAB,2024-03-01,823,70.6,,2024-04-15,,Entregue
PED_SKU_1289_AQU_0,SKU_1289_AQU,2024-01-01,818,336.78,,2024-02-15,,Entregue
PED_SKU_1289_AQU_1,SKU_1289_AQU,2024-03-01,818,336.78,,2024-04-15,,Entregue
PED_SKU_1289_AQU_2,SKU_1289_AQU,2024-04-30,818,336.78,,2024-06-14,,Entregue
PED_SKU_1289_AQU_3,SKU_1289_AQU,2024-06-29,818,336.78,,2024-08-13,,Entregue
PED_SKU_1290_BIR_0,SKU_1290_BIR,2024-01-01,535,192.06,,2024-02-15,,Entregue
PED_SKU_1290_BIR_1,SKU_1290_BIR,2024-03-01,535,192.06,,2024-04-15,,Entregue
PED_SKU_1290_BIR_2,SKU_1290_BIR,2024-04-30,535,192.06,,2024-06-14,,Entregue
PED_SKU_1290_PIN_0,SKU_1290_PIN,2024-01-01,364,192.06,,2024-02-15,,Entregue
PED_SKU_1290_PIN_1,SKU_1290_PIN,2024-03-01,364,192.06,,2024-04-15,,Entregue
PED_SKU_1290_PIN_2,SKU_1290_PIN,2024-04-30,364,192.06,,2024-06-14,,Entregue
PED_SKU_1290_PIN_3,SKU_1290_PIN,2024-06-29,364,192.06,,2024-08-13,,Cancelado
PED_SKU_1291_SAL_0,SKU_1291_SAL,2024-01-01,685,78.98,,2024-02-15,,Entregue
PED_SKU_1291_SAL_1,SKU_1291_SAL,2024-03-01,685,78.98,,2024-04-15,,Entregue
PED_SKU_1291_SPA_0,SKU_1291_SPA,2024-01-01,390,78.98,,2024-02-15,,Entregue
PED_SKU_1291_SPA_1,SKU_1291_SPA,2024-03-01,390,78.98,,2024-04-15,,Entregue
PED_SKU_1291_SPA_2,SKU_1291_SPA,2024-04-30,390,78.98,,2024-06-14,,Entregue
PED_SKU_1291_SPA_3,SKU_1291_SPA,2024-06-29,390,78.98,,2024-08-13,,Entregue
PED_SKU_1292_TEA_0,SKU_1292_TEA,2024-01-01,530,102.58,,2024-02-15,,Entregue
PED_SKU_1292_TEA_1,SKU_1292_TEA,2024-03-01,530,102.58,,2024-04-15,,Entregue
PED_SKU_1292_TEA_2,SKU_1292_TEA,2024-04-30,530,102.58,,2024-06-14,,Entregue
PED_SKU_1292_FLA_0,SKU_1292_FLA,2024-01-01,796,102.58,,2024-02-15,,Entregue
PED_SKU_1292_FLA_1,SKU_1292_FLA,2024-03-01,796,102.58,,2024-04-15,,Entregue
PED_SKU_1293_TEA_0,SKU_1293_TEA,2024-01-01,384,100.37,,2024-02-15,,Entregue
PED_SKU_1293_TEA_1,SKU_1293_TEA,2024-03-01,384,100.37,,2024-04-15,,Entregue
PED_SKU_1293_TEA_2,SKU_1293_TEA,2024-04-30,384,100.37,,2024-06-14,,Entregue
PED_SKU_1293_TEA_3,SKU_1293_TEA,2024-06-29,384,100.37,,2024-08-13,,Entregue
PED_SKU_1293_OFF_0,SKU_1293_OFF,2024-01-01,740,100.37,,2024-02-15,,Entregue
PED_SKU_1293_OFF_1,SKU_1293_OFF,2024-03-01,740,100.37,,2024-04-15,,Entregue
PED_SKU_1294_SEA_0,SKU_1294_SEA,2024-01-01,451,66.17,,2024-02-15,,Entregue
PED_SKU_1294_SEA_1,SKU_1294_SEA,2024-03-01,451,66.17,,2024-04-15,,Entregue
PED_SKU_1294_SEA_2,SKU_1294_SEA,2024-04-30,451,66.17,,2024-06-14,,Entregue
PED_SKU_1294_COR_0,SKU_1294_COR,2024-01-01,430,66.17,,2024-02-15,,Entregue
PED_SKU_1294_COR_1,SKU_1294_COR,2024-03-01,430,66.17,,2024-04-15,,Entregue
PED_SKU_1294_COR_2,SKU_1294_COR,2024-04-30,430,66.17,,2024-06-14,,Cancelado
PED_SKU_1294_COR_3,SKU_1294_COR,2024-06-29,430,66.17,,2024-08-13,,Entregue
PED_SKU_1295_PIS_0,SKU_1295_PIS,2024-01-01,832,169.51,,2024-02-15,,Entregue
PED_SKU_1295_PIS_1,SKU_1295_PIS,2024-03-01,832,169.51,,2024-04-15,,Entregue
PED_SKU_1295_FLA_0,SKU_1295_FLA,2024-01-01,513,169.51,,2024-02-15,,Entregue
PED_SKU_1295_FLA_1,SKU_1295_FLA,2024-03-01,513,169.51,,2024-04-15,,Entregue
PED_SKU_1295_FLA_2,SKU_1295_FLA,2024-04-30,513,169.51,,2024-06-14,,Cancelado
PED_SKU_1296_DEE_0,SKU_1296_DEE,2024-01-01,544,181.44,,2024-02-15,,Entregue
PED_SKU_1296_DEE_1,SKU_1296_DEE,2024-03-01,544,181.44,,2024-04-15,,Entregue
PED_SKU_1296_DEE_2,SKU_1296_DEE,2024-04-30,544,181.44,,2024-06-14,,Entregue
PED_SKU_1296_PEA_0,SKU_1296_PEA,2024-01-01,470,181.44,,2024-02-15,,Entregue
PED_SKU_1296_PEA_1,SKU_1296_PEA,2024-03-01,470,181.44,,2024-04-15,,Cancelado
PED_SKU_1296_PEA_2,SKU_1296_PEA,2024-04-30,470,181.44,,2024-06-14,,Entregue
PED_SKU_1297_WHI_0,SKU_1297_WHI,2024-01-01,757,64.87,,2024-02-15,,Cancelado
PED_SKU_1297_WHI_1,SKU_1297_WHI,2024-03-01,757,64.87,,2024-04-15,,Entregue
PED_SKU_1297_MIN_0,SKU_1297_MIN,2024-01-01,548,64.87,,2024-02-15,,Entregue
PED_SKU_1297_MIN_1,SKU_1297_MIN,2024-03-01,548,64.87,,2024-04-15,,Entregue
PED_SKU_1297_MIN_2,SKU_1297_MIN,2024-04-30,548,64.87,,2024-06-14,,Entregue
PED_SKU_1298_OFF_0,SKU_1298_OFF,2024-01-01,539,52.94,,2024-02-15,,Cancelado
PED_SKU_1298_OFF_1,SKU_1298_OFF,2024-03-01,539,52.94,,2024-04-15,,Entregue
PED_SKU_1298_OFF_2,SKU_1298_OFF,2024-04-30,539,52.94,,2024-06-14,,Entregue
PED_SKU_1298_IVO_0,SKU_1298_IVO,2024-01-01,389,52.94,,2024-02-15,,Cancelado
PED_SKU_1298_IVO_1,SKU_1298_IVO,2024-03-01,389,52.94,,2024-04-15,,Entregue
PED_SKU_1298_IVO_2,SKU_1298_IVO,2024-04-30,389,52.94,,2024-06-14,,Entregue
PED_SKU_1298_IVO_3,SKU_1298_IVO,2024-06-29,389,52.94,,2024-08-13,,Entregue
PED_SKU_1299_BRI_0,SKU_1299_BRI,2024-01-01,755,65.31,,2024-02-15,,Entregue
PED_SKU_1299_BRI_1,SKU_1299_BRI,2024-03-01,755,65.31,,2024-04-15,,Cancelado
PED_SKU_1299_HOT_0,SKU_1299_HOT,2024-01-01,504,65.31,,2024-02-15,,Entregue
PED_SKU_1299_HOT_1,SKU_1299_HOT,2024-03-01,504,65.31,,2024-04-15,,Entregue
PED_SKU_1299_HOT_2,SKU_1299_HOT,2024-04-30,504,65.31,,2024-06-14,,Entregue
PED_SKU_1300_BIR_0,SKU_1300_BIR,2024-01-01,569,409.82,,2024-02-15,,Entregue
PED_SKU_1300_BIR_1,SKU_1300_BIR,2024-03-01,569,409.82,,2024-04-15,,Cancelado
PED_SKU_1300_BIR_2,SKU_1300_BIR,2024-04-30,569,409.82,,2024-06-14,,Entregue
PED_SKU_1300_TEA_0,SKU_1300_TEA,2024-01-01,783,409.82,,2024-02-15,,Entregue
PED_SKU_1300_TEA_1,SKU_1300_TEA,2024-03-01,783,409.82,,2024-04-15,,Entregue
PED_SKU_1301_AQU_0,SKU_1301_AQU,2024-01-01,523,179.38,,2024-02-15,,Entregue
PED_SKU_1301_AQU_1,SKU_1301_AQU,2024-03-01,523,179.38,,2024-04-15,,Entregue
PED_SKU_1301_AQU_2,SKU_1301_AQU,2024-04-30,523,179.38,,2024-06-14,,Entregue
PED_SKU_1301_GAR_0,SKU_1301_GAR,2024-01-01,548,179.38,,2024-02-15,,Entregue
PED_SKU_1301_GAR_1,SKU_1301_GAR,2024-03-01,548,179.38,,2024-04-15,,Entregue
PED_SKU_1301_GAR_2,SKU_1301_GAR,2024-04-30,548,179.38,,2024-06-14,,Entregue
PED_SKU_1302_EME_0,SKU_1302_EME,2024-01-01,383,138.23,,2024-02-15,,Entregue
PED_SKU_1302_EME_1,SKU_1302_EME,2024-03-01,383,138.23,,2024-04-15,,Entregue
PED_SKU_1302_EME_2,SKU_1302_EME,2024-04-30,383,138.23,,2024-06-14,,Entregue
PED_SKU_1302_EME_3,SKU_1302_EME,2024-06-29,383,138.23,,2024-08-13,,Entregue
PED_SKU_1302_DUS_0,SKU_1302_DUS,2024-01-01,388,138.23,,2024-02-15,,Entregue
PED_SKU_1302_DUS_1,SKU_1302_DUS,2024-03-01,388,138.23,,2024-04-15,,Entregue
PED_SKU_1302_DUS_2,SKU_1302_DUS,2024-04-30,388,138.23,,2024-06-14,,Entregue
PED_SKU_1302_DUS_3,SKU_1302_DUS,2024-06-29,388,138.23,,2024-08-13,,Entregue
PED_SKU_1303_BIR_0,SKU_1303_BIR,2024-01-01,507,54.58,,2024-02-15,,Entregue
PED_SKU_1303_BIR_1,SKU_1303_BIR,2024-03-01,507,54.58,,2024-04-15,,Entregue
PED_SKU_1303_BIR_2,SKU_1303_BIR,2024-04-30,507,54.58,,2024-06-14,,Entregue
PED_SKU_1303_SAP_0,SKU_1303_SAP,2024-01-01,778,54.58,,2024-02-15,,Entregue
PED_SKU_1303_SAP_1,SKU_1303_SAP,2024-03-01,778,54.58,,2024-04-15,,Entregue
PED_SKU_1304_TUR_0,SKU_1304_TUR,2024-01-01,553,157.38,,2024-02-15,,Entregue
PED_SKU_1304_TUR_1,SKU_1304_TUR,2024-03-01,553,157.38,,2024-04-15,,Entregue
PED_SKU_1304_TUR_2,SKU_1304_TUR,2024-04-30,553,157.38,,2024-06-14,,Entregue
PED_SKU_1304_GAR_0,SKU_1304_GAR,2024-01-01,864,157.38,,2024-02-15,,Entregue
PED_SKU_1304_GAR_1,SKU_1304_GAR,2024-03-01,864,157.38,,2024-04-15,,Entregue
PED_SKU_1305_MAR_0,SKU_1305_MAR,2024-01-01,401,115.19,,2024-02-15,,Entregue
PED_SKU_1305_MAR_1,SKU_1305_MAR,2024-03-01,401,115.19,,2024-04-15,,Entregue
PED_SKU_1305_MAR_2,SKU_1305_MAR,2024-04-30,401,115.19,,2024-06-14,,Entregue
PED_SKU_1305_MAR_3,SKU_1305_MAR,2024-06-29,401,115.19,,2024-08-13,,Entregue
PED_SKU_1305_OFF_0,SKU_1305_OFF,2024-01-01,769,115.19,,2024-02-15,,Entregue
PED_SKU_1305_OFF_1,SKU_1305_OFF,2024-03-01,769,115.19,,2024-04-15,,Entregue
PED_SKU_1306_FRE_0,SKU_1306_FRE,2024-01-01,516,273.45,,2024-02-15,,Entregue
PED_SKU_1306_FRE_1,SKU_1306_FRE,2024-03-01,516,273.45,,2024-04-15,,Entregue
PED_SKU_1306_FRE_2,SKU_1306_FRE,2024-04-30,516,273.45,,2024-06-14,,Entregue
PED_SKU_1306_SPA_0,SKU_1306_SPA,2024-01-01,751,273.45,,2024-02-15,,Entregue
PED_SKU_1306_SPA_1,SKU_1306_SPA,2024-03-01,751,273.45,,2024-04-15,,Entregue
PED_SKU_1307_MAG_0,SKU_1307_MAG,2024-01-01,525,72.79,,2024-02-15,,Entregue
PED_SKU_1307_MAG_1,SKU_1307_MAG,2024-03-01,525,72.79,,2024-04-15,,Entregue
PED_SKU_1307_MAG_2,SKU_1307_MAG,2024-04-30,525,72.79,,2024-06-14,,Entregue
PED_SKU_1307_FOR_0,SKU_1307_FOR,2024-01-01,432,72.79,,2024-02-15,,Entregue
PED_SKU_1307_FOR_1,SKU_1307_FOR,2024-03-01,432,72.79,,2024-04-15,,Entregue
PED_SKU_1307_FOR_2,SKU_1307_FOR,2024-04-30,432,72.79,,2024-06-14,,Entregue
PED_SKU_1307_FOR_3,SKU_1307_FOR,2024-06-29,432,72.79,,2024-08-13,,Entregue
PED_SKU_1308_PAS_0,SKU_1308_PAS,2024-01-01,522,138.99,,2024-02-15,,Entregue
PED_SKU_1308_PAS_1,SKU_1308_PAS,2024-03-01,522,138.99,,2024-04-15,,Entregue
PED_SKU_1308_PAS_2,SKU_1308_PAS,2024-04-30,522,138.99,,2024-06-14,,Entregue
PED_SKU_1308_CER_0,SKU_1308_CER,2024-01-01,524,138.99,,2024-02-15,,Entregue
PED_SKU_1308_CER_1,SKU_1308_CER,2024-03-01,524,138.99,,2024-04-15,,Entregue
PED_SKU_1308_CER_2,SKU_1308_CER,2024-04-30,524,138.99,,2024-06-14,,Entregue
PED_SKU_1309_OLI_0,SKU_1309_OLI,2024-01-01,843,120.13,,2024-02-15,,Entregue
PED_SKU_1309_OLI_1,SKU_1309_OLI,2024-03-01,843,120.13,,2024-04-15,,Cancelado
PED_SKU_1309_LIG_0,SKU_1309_LIG,2024-01-01,425,120.13,,2024-02-15,,Entregue
PED_SKU_1309_LIG_1,SKU_1309_LIG,2024-03-01,425,120.13,,2024-04-15,,Entregue
PED_SKU_1309_LIG_2,SKU_1309_LIG,2024-04-30,425,120.13,,2024-06-14,,Entregue
PED_SKU_1309_LIG_3,SKU_1309_LIG,2024-06-29,425,120.13,,2024-08-13,,Entregue
PED_SKU_1310_MOS_0,SKU_1310_MOS,2024-01-01,523,79.41,,2024-02-15,,Entregue
PED_SKU_1310_MOS_1,SKU_1310_MOS,2024-03-01,523,79.41,,2024-04-15,,Entregue
PED_SKU_1310_MOS_2,SKU_1310_MOS,2024-04-30,523,79.41,,2024-06-14,,Entregue
PED_SKU_1310_EGR_0,SKU_1310_EGR,2024-01-01,404,79.41,,2024-02-15,,Entregue
PED_SKU_1310_EGR_1,SKU_1310_EGR,2024-03-01,404,79.41,,2024-04-15,,Entregue
PED_SKU_1310_EGR_2,SKU_1310_EGR,2024-04-30,404,79.41,,2024-06-14,,Entregue
PED_SKU_1310_EGR_3,SKU_1310_EGR,2024-06-29,404,79.41,,2024-08-13,,Entregue
PED_SKU_1311_BAB_0,SKU_1311_BAB,2024-01-01,426,289.66,,2024-02-15,,Entregue
PED_SKU_1311_BAB_1,SKU_1311_BAB,2024-03-01,426,289.66,,2024-04-15,,Entregue
PED_SKU_1311_BAB_2,SKU_1311_BAB,2024-04-30,426,289.66,,2024-06-14,,Entregue
PED_SKU_1311_BAB_3,SKU_1311_BAB,2024-06-29,426,289.66,,2024-08-13,,Entregue
PED_SKU_1311_NAV_0,SKU_1311_NAV,2024-01-01,847,289.66,,2024-02-15,,Entregue
PED_SKU_1311_NAV_1,SKU_1311_NAV,2024-03-01,847,289.66,,2024-04-15,,Entregue
PED_SKU_1312_HOT_0,SKU_1312_HOT,2024-01-01,806,82.72,,2024-02-15,,Entregue
PED_SKU_1312_HOT_1,SKU_1312_HOT,2024-03-01,806,82.72,,2024-04-15,,Entregue
PED_SKU_1312_NAV_0,SKU_1312_NAV,2024-01-01,559,82.72,,2024-02-15,,Entregue
PED_SKU_1312_NAV_1,SKU_1312_NAV,2024-03-01,559,82.72,,2024-04-15,,Entregue
PED_SKU_1312_NAV_2,SKU_1312_NAV,2024-04-30,559,82.72,,2024-06-14,,Cancelado
PED_SKU_1313_SPA_0,SKU_1313_SPA,2024-01-01,770,307.77,,2024-02-15,,Entregue
PED_SKU_1313_SPA_1,SKU_1313_SPA,2024-03-01,770,307.77,,2024-04-15,,Entregue
PED_SKU_1313_SHO_0,SKU_1313_SHO,2024-01-01,503,307.77,,2024-02-15,,Entregue
PED_SKU_1313_SHO_1,SKU_1313_SHO,2024-03-01,503,307.77,,2024-04-15,,Entregue
PED_SKU_1313_SHO_2,SKU_1313_SHO,2024-04-30,503,307.77,,2024-06-14,,Cancelado
PED_SKU_1314_BLU_0,SKU_1314_BLU,2024-01-01,508,95.44,,2024-02-15,,Entregue
PED_SKU_1314_BLU_1,SKU_1314_BLU,2024-03-01,508,95.44,,2024-04-15,,Entregue
PED_SKU_1314_BLU_2,SKU_1314_BLU,2024-04-30,508,95.44,,2024-06-14,,Entregue
PED_SKU_1314_SNO_0,SKU_1314_SNO,2024-01-01,364,95.44,,2024-02-15,,Entregue
PED_SKU_1314_SNO_1,SKU_1314_SNO,2024-03-01,364,95.44,,2024-04-15,,Cancelado
PED_SKU_1314_SNO_2,SKU_1314_SNO,2024-04-30,364,95.44,,2024-06-14,,Entregue
PED_SKU_1314_SNO_3,SKU_1314_SNO,2024-06-29,364,95.44,,2024-08-13,,Entregue
PED_SKU_1315_WHI_0,SKU_1315_WHI,2024-01-01,812,114.16,,2024-02-15,,Entregue
PED_SKU_1315_WHI_1,SKU_1315_WHI,2024-03-01,812,114.16,,2024-04-15,,Entregue
PED_SKU_1315_BLA_0,SKU_1315_BLA,2024-01-01,387,114.16,,2024-02-15,,Entregue
PED_SKU_1315_BLA_1,SKU_1315_BLA,2024-03-01,387,114.16,,2024-04-15,,Entregue
PED_SKU_1315_BLA_2,SKU_1315_BLA,2024-04-30,387,114.16,,2024-06-14,,Entregue
PED_SKU_1315_BLA_3,SKU_1315_BLA,2024-06-29,387,114.16,,2024-08-13,,Entregue
PED_SKU_1316_DEN_0,SKU_1316_DEN,2024-01-01,719,169.51,,2024-02-15,,Entregue
PED_SKU_1316_DEN_1,SKU_1316_DEN,2024-03-01,719,169.51,,2024-04-15,,Entregue
PED_SKU_1316_AQU_0,SKU_1316_AQU,2024-01-01,731,169.51,,2024-02-15,,Entregue
PED_SKU_1316_AQU_1,SKU_1316_AQU,2024-03-01,731,169.51,,2024-04-15,,Entregue
PED_SKU_1317_BLU_0,SKU_1317_BLU,2024-01-01,486,65.4,,2024-02-15,,Cancelado
PED_SKU_1317_BLU_1,SKU_1317_BLU,2024-03-01,486,65.4,,2024-04-15,,Entregue
PED_SKU_1317_BLU_2,SKU_1317_BLU,2024-04-30,486,65.4,,2024-06-14,,Entregue
PED_SKU_1317_ROS_0,SKU_1317_ROS,2024-01-01,552,65.4,,2024-02-15,,Entregue
PED_SKU_1317_ROS_1,SKU_1317_ROS,2024-03-01,552,65.4,,2024-04-15,,Entregue
PED_SKU_1317_ROS_2,SKU_1317_ROS,2024-04-30,552,65.4,,2024-06-14,,Entregue
PED_SKU_1318_PAS_0,SKU_1318_PAS,2024-01-01,399,76.09,,2024-02-15,,Entregue
PED_SKU_1318_PAS_1,SKU_1318_PAS,2024-03-01,399,76.09,,2024-04-15,,Entregue
PED_SKU_1318_PAS_2,SKU_1318_PAS,2024-04-30,399,76.09,,2024-06-14,,Entregue
PED_SKU_1318_PAS_3,SKU_1318_PAS,2024-06-29,399,76.09,,2024-08-13,,Entregue
PED_SKU_1318_MYS_0,SKU_1318_MYS,2024-01-01,748,76.09,,2024-02-15,,Entregue
PED_SKU_1318_MYS_1,SKU_1318_MYS,2024-03-01,748,76.09,,2024-04-15,,Cancelado
PED_SKU_1319_MAR_0,SKU_1319_MAR,2024-01-01,730,54.18,,2024-02-15,,Entregue
PED_SKU_1319_MAR_1,SKU_1319_MAR,2024-03-01,730,54.18,,2024-04-15,,Entregue
PED_SKU_1319_ROS_0,SKU_1319_ROS,2024-01-01,585,54.18,,2024-02-15,,Entregue
PED_SKU_1319_ROS_1,SKU_1319_ROS,2024-03-01,585,54.18,,2024-04-15,,Entregue
PED_SKU_1319_ROS_2,SKU_1319_ROS,2024-04-30,585,54.18,,2024-06-14,,Entregue
PED_SKU_1320_PIS_0,SKU_1320_PIS,2024-01-01,759,44.52,,2024-02-15,,Entregue
PED_SKU_1320_PIS_1,SKU_1320_PIS,2024-03-01,759,44.52,,2024-04-15,,Cancelado
PED_SKU_1320_FOR_0,SKU_1320_FOR,2024-01-01,526,44.52,,2024-02-15,,Entregue
PED_SKU_1320_FOR_1,SKU_1320_FOR,2024-03-01,526,44.52,,2024-04-15,,Entregue
PED_SKU_1320_FOR_2,SKU_1320_FOR,2024-04-30,526,44.52,,2024-06-14,,Entregue
PED_SKU_1321_FLA_0,SKU_1321_FLA,2024-01-01,778,53.92,,2024-02-15,,Entregue
PED_SKU_1321_FLA_1,SKU_1321_FLA,2024-03-01,778,53.92,,2024-04-15,,Entregue
PED_SKU_1321_SER_0,SKU_1321_SER,2024-01-01,396,53.92,,2024-02-15,,Entregue
PED_SKU_1321_SER_1,SKU_1321_SER,2024-03-01,396,53.92,,2024-04-15,,Entregue
PED_SKU_1321_SER_2,SKU_1321_SER,2024-04-30,396,53.92,,2024-06-14,,Entregue
PED_SKU_1321_SER_3,SKU_1321_SER,2024-06-29,396,53.92,,2024-08-13,,Entregue
PED_SKU_1322_MOS_0,SKU_1322_MOS,2024-01-01,561,125.49,,2024-02-15,,Entregue
PED_SKU_1322_MOS_1,SKU_1322_MOS,2024-03-01,561,125.49,,2024-04-15,,Cancelado
PED_SKU_1322_MOS_2,SKU_1322_MOS,2024-04-30,561,125.49,,2024-06-14,,Entregue
PED_SKU_1322_IVO_0,SKU_1322_IVO,2024-01-01,379,125.49,,2024-02-15,,Entregue
PED_SKU_1322_IVO_1,SKU_1322_IVO,2024-03-01,379,125.49,,2024-04-15,,Entregue
PED_SKU_1322_IVO_2,SKU_1322_IVO,2024-04-30,379,125.49,,2024-06-14,,Entregue
PED_SKU_1322_IVO_3,SKU_1322_IVO,2024-06-29,379,125.49,,2024-08-13,,Entregue
PED_SKU_1323_AQU_0,SKU_1323_AQU,2024-01-01,385,111.93,,2024-02-15,,Entregue
PED_SKU_1323_AQU_1,SKU_1323_AQU,2024-03-01,385,111.93,,2024-04-15,,Entregue
PED_SKU_1323_AQU_2,SKU_1323_AQU,2024-04-30,385,111.93,,2024-06-14,,Entregue
PED_SKU_1323_AQU_3,SKU_1323_AQU,2024-06-29,385,111.93,,2024-08-13,,Entregue
PED_SKU_1323_FRE_0,SKU_1323_FRE,2024-01-01,774,111.93,,2024-02-15,,Entregue
PED_SKU_1323_FRE_1,SKU_1323_FRE,2024-03-01,774,111.93,,2024-04-15,,Entregue
PED_SKU_1324_MID_0,SKU_1324_MID,2024-01-01,380,109.2,,2024-02-15,,Entregue
PED_SKU_1324_MID_1,SKU_1324_MID,2024-03-01,380,109.2,,2024-04-15,,Entregue
PED_SKU_1324_MID_2,SKU_1324_MID,2024-04-30,380,109.2,,2024-06-14,,Entregue
PED_SKU_1324_MID_3,SKU_1324_MID,2024-06-29,380,109.2,,2024-08-13,,Entregue
PED_SKU_1324_SNO_0,SKU_1324_SNO,2024-01-01,574,109.2,,2024-02-15,,Entregue
PED_SKU_1324_SNO_1,SKU_1324_SNO,2024-03-01,574,109.2,,2024-04-15,,Entregue
PED_SKU_1324_SNO_2,SKU_1324_SNO,2024-04-30,574,109.2,,2024-06-14,,Entregue
PED_SKU_1325_LIG_0,SKU_1325_LIG,2024-01-01,818,93.17,,2024-02-15,,Entregue
PED_SKU_1325_LIG_1,SKU_1325_LIG,2024-03-01,818,93.17,,2024-04-15,,Entregue
PED_SKU_1325_PEA_0,SKU_1325_PEA,2024-01-01,509,93.17,,2024-02-15,,Entregue
PED_SKU_1325_PEA_1,SKU_1325_PEA,2024-03-01,509,93.17,,2024-04-15,,Entregue
PED_SKU_1325_PEA_2,SKU_1325_PEA,2024-04-30,509,93.17,,2024-06-14,,Entregue
PED_SKU_1326_PAS_0,SKU_1326_PAS,2024-01-01,394,147.26,,2024-02-15,,Entregue
PED_SKU_1326_PAS_1,SKU_1326_PAS,2024-03-01,394,147.26,,2024-04-15,,Entregue
PED_SKU_1326_PAS_2,SKU_1326_PAS,2024-04-30,394,147.26,,2024-06-14,,Entregue
PED_SKU_1326_PAS_3,SKU_1326_PAS,2024-06-29,394,147.26,,2024-08-13,,Entregue
PED_SKU_1326_BAB_0,SKU_1326_BAB,2024-01-01,527,147.26,,2024-02-15,,Entregue
PED_SKU_1326_BAB_1,SKU_1326_BAB,2024-03-01,527,147.26,,2024-04-15,,Entregue
PED_SKU_1326_BAB_2,SKU_1326_BAB,2024-04-30,527,147.26,,2024-06-14,,Entregue
PED_SKU_1327_GAR_0,SKU_1327_GAR,2024-01-01,546,74.15,,2024-02-15,,Entregue
PED_SKU_1327_GAR_1,SKU_1327_GAR,2024-03-01,546,74.15,,2024-04-15,,Entregue
PED_SKU_1327_GAR_2,SKU_1327_GAR,2024-04-30,546,74.15,,2024-06-14,,Entregue
PED_SKU_1327_HON_0,SKU_1327_HON,2024-01-01,549,74.15,,2024-02-15,,Entregue
PED_SKU_1327_HON_1,SKU_1327_HON,2024-03-01,549,74.15,,2024-04-15,,Entregue
PED_SKU_1327_HON_2,SKU_1327_HON,2024-04-30,549,74.15,,2024-06-14,,Entregue
PED_SKU_1328_EGR_0,SKU_1328_EGR,2024-01-01,420,78.68,,2024-02-15,,Entregue
PED_SKU_1328_EGR_1,SKU_1328_EGR,2024-03-01,420,78.68,,2024-04-15,,Entregue
PED_SKU_1328_EGR_2,SKU_1328_EGR,2024-04-30,420,78.68,,2024-06-14,,Entregue
PED_SKU_1328_EGR_3,SKU_1328_EGR,2024-06-29,420,78.68,,2024-08-13,,Entregue
PED_SKU_1328_LIG_0,SKU_1328_LIG,2024-01-01,804,78.68,,2024-02-15,,Entregue
PED_SKU_1328_LIG_1,SKU_1328_LIG,2024-03-01,804,78.68,,2024-04-15,,Cancelado
PED_SKU_1329_NAV_0,SKU_1329_NAV,2024-01-01,746,97.97,,2024-02-15,,Entregue
PED_SKU_1329_NAV_1,SKU_1329_NAV,2024-03-01,746,97.97,,2024-04-15,,Entregue
PED_SKU_1329_MIN_0,SKU_1329_MIN,2024-01-01,507,97.97,,2024-02-15,,Entregue
PED_SKU_1329_MIN_1,SKU_1329_MIN,2024-03-01,507,97.97,,2024-04-15,,Entregue
PED_SKU_1329_MIN_2,SKU_1329_MIN,2024-04-30,507,97.97,,2024-06-14,,Entregue
PED_SKU_1330_PRI_0,SKU_1330_PRI,2024-01-01,518,102.58,,2024-02-15,,Entregue
PED_SKU_1330_PRI_1,SKU_1330_PRI,2024-03-01,518,102.58,,2024-04-15,,Entregue
PED_SKU_1330_PRI_2,SKU_1330_PRI,2024-04-30,518,102.58,,2024-06-14,,Entregue
PED_SKU_1330_LIM_0,SKU_1330_LIM,2024-01-01,841,102.58,,2024-02-15,,Entregue
PED_SKU_1330_LIM_1,SKU_1330_LIM,2024-03-01,841,102.58,,2024-04-15,,Entregue
PED_SKU_1331_ARM_0,SKU_1331_ARM,2024-01-01,394,89.01,,2024-02-15,,Entregue
PED_SKU_1331_ARM_1,SKU_1331_ARM,2024-03-01,394,89.01,,2024-04-15,,Entregue
PED_SKU_1331_ARM_2,SKU_1331_ARM,2024-04-30,394,89.01,,2024-06-14,,Entregue
PED_SKU_1331_ARM_3,SKU_1331_ARM,2024-06-29,394,89.01,,2024-08-13,,Entregue
PED_SKU_1331_AQU_0,SKU_1331_AQU,2024-01-01,833,89.01,,2024-02-15,,Entregue
PED_SKU_1331_AQU_1,SKU_1331_AQU,2024-03-01,833,89.01,,2024-04-15,,Entregue
PED_SKU_1332_MOS_0,SKU_1332_MOS,2024-01-01,1459,54.58,,2024-02-15,,Entregue
PED_SKU_1332_MOS_1,SKU_1332_MOS,2024-03-01,1459,54.58,,2024-04-15,,Entregue
PED_SKU_1333_PIS_0,SKU_1333_PIS,2024-01-01,526,62.86,,2024-02-15,,Entregue
PED_SKU_1333_PIS_1,SKU_1333_PIS,2024-03-01,526,62.86,,2024-04-15,,Entregue
PED_SKU_1333_PIS_2,SKU_1333_PIS,2024-04-30,526,62.86,,2024-06-14,,Entregue
PED_SKU_1333_MOS_0,SKU_1333_MOS,2024-01-01,541,62.86,,2024-02-15,,Entregue
PED_SKU_1333_MOS_1,SKU_1333_MOS,2024-03-01,541,62.86,,2024-04-15,,Entregue
PED_SKU_1333_MOS_2,SKU_1333_MOS,2024-04-30,541,62.86,,2024-06-14,,Entregue
PED_SKU_1334_TEA_0,SKU_1334_TEA,2024-01-01,513,152.23,,2024-02-15,,Entregue
PED_SKU_1334_TEA_1,SKU_1334_TEA,2024-03-01,513,152.23,,2024-04-15,,Entregue
PED_SKU_1334_TEA_2,SKU_1334_TEA,2024-04-30,513,152.23,,2024-06-14,,Entregue
PED_SKU_1334_ROY_0,SKU_1334_ROY,2024-01-01,537,152.23,,2024-02-15,,Cancelado
PED_SKU_1334_ROY_1,SKU_1334_ROY,2024-03-01,537,152.23,,2024-04-15,,Entregue
PED_SKU_1334_ROY_2,SKU_1334_ROY,2024-04-30,537,152.23,,2024-06-14,,Entregue
PED_SKU_1335_CRE_0,SKU_1335_CRE,2024-01-01,750,113.74,,2024-02-15,,Entregue
PED_SKU_1335_CRE_1,SKU_1335_CRE,2024-03-01,750,113.74,,2024-04-15,,Entregue
PED_SKU_1335_BRI_0,SKU_1335_BRI,2024-01-01,398,113.74,,2024-02-15,,Entregue
PED_SKU_1335_BRI_1,SKU_1335_BRI,2024-03-01,398,113.74,,2024-04-15,,Cancelado
PED_SKU_1335_BRI_2,SKU_1335_BRI,2024-04-30,398,113.74,,2024-06-14,,Cancelado
PED_SKU_1335_BRI_3,SKU_1335_BRI,2024-06-29,398,113.74,,2024-08-13,,Entregue
PED_SKU_1336_LIM_0,SKU_1336_LIM,2024-01-01,522,95.6,,2024-02-15,,Entregue
PED_SKU_1336_LIM_1,SKU_1336_LIM,2024-03-01,522,95.6,,2024-04-15,,Entregue
PED_SKU_1336_LIM_2,SKU_1336_LIM,2024-04-30,522,95.6,,2024-06-14,,Entregue
PED_SKU_1336_PIN_0,SKU_1336_PIN,2024-01-01,410,95.6,,2024-02-15,,Entregue
PED_SKU_1336_PIN_1,SKU_1336_PIN,2024-03-01,410,95.6,,2024-04-15,,Entregue
PED_SKU_1336_PIN_2,SKU_1336_PIN,2024-04-30,410,95.6,,2024-06-14,,Entregue
PED_SKU_1336_PIN_3,SKU_1336_PIN,2024-06-29,410,95.6,,2024-08-13,,Entregue
PED_SKU_1337_DUS_0,SKU_1337_DUS,2024-01-01,529,54.42,,2024-02-15,,Entregue
PED_SKU_1337_DUS_1,SKU_1337_DUS,2024-03-01,529,54.42,,2024-04-15,,Entregue
PED_SKU_1337_DUS_2,SKU_1337_DUS,2024-04-30,529,54.42,,2024-06-14,,Entregue
PED_SKU_1337_MAG_0,SKU_1337_MAG,2024-01-01,415,54.42,,2024-02-15,,Entregue
PED_SKU_1337_MAG_1,SKU_1337_MAG,2024-03-01,415,54.42,,2024-04-15,,Entregue
PED_SKU_1337_MAG_2,SKU_1337_MAG,2024-04-30,415,54.42,,2024-06-14,,Entregue
PED_SKU_1337_MAG_3,SKU_1337_MAG,2024-06-29,415,54.42,,2024-08-13,,Entregue
PED_SKU_1338_OLI_0,SKU_1338_OLI,2024-01-01,513,67.0,,2024-02-15,,Entregue
PED_SKU_1338_OLI_1,SKU_1338_OLI,2024-03-01,513,67.0,,2024-04-15,,Entregue
PED_SKU_1338_OLI_2,SKU_1338_OLI,2024-04-30,513,67.0,,2024-06-14,,Entregue
PED_SKU_1338_PAS_0,SKU_1338_PAS,2024-01-01,405,67.0,,2024-02-15,,Entregue
PED_SKU_1338_PAS_1,SKU_1338_PAS,2024-03-01,405,67.0,,2024-04-15,,Entregue
PED_SKU_1338_PAS_2,SKU_1338_PAS,2024-04-30,405,67.0,,2024-06-14,,Entregue
PED_SKU_1338_PAS_3,SKU_1338_PAS,2024-06-29,405,67.0,,2024-08-13,,Entregue
PED_SKU_1339_JAD_0,SKU_1339_JAD,2024-01-01,388,110.45,,2024-02-15,,Entregue
PED_SKU_1339_JAD_1,SKU_1339_JAD,2024-03-01,388,110.45,,2024-04-15,,Entregue
PED_SKU_1339_JAD_2,SKU_1339_JAD,2024-04-30,388,110.45,,2024-06-14,,Entregue
PED_SKU_1339_JAD_3,SKU_1339_JAD,2024-06-29,388,110.45,,2024-08-13,,Entregue
PED_SKU_1339_EME_0,SKU_1339_EME,2024-01-01,790,110.45,,2024-02-15,,Entregue
PED_SKU_1339_EME_1,SKU_1339_EME,2024-03-01,790,110.45,,2024-04-15,,Entregue
PED_SKU_1340_SNO_0,SKU_1340_SNO,2024-01-01,391,376.9,,2024-02-15,,Cancelado
PED_SKU_1340_SNO_1,SKU_1340_SNO,2024-03-01,391,376.9,,2024-04-15,,Entregue
PED_SKU_1340_SNO_2,SKU_1340_SNO,2024-04-30,391,376.9,,2024-06-14,,Entregue
PED_SKU_1340_SNO_3,SKU_1340_SNO,2024-06-29,391,376.9,,2024-08-13,,Entregue
PED_SKU_1340_POW_0,SKU_1340_POW,2024-01-01,840,376.9,,2024-02-15,,Entregue
PED_SKU_1340_POW_1,SKU_1340_POW,2024-03-01,840,376.9,,2024-04-15,,Entregue
PED_SKU_1341_HOT_0,SKU_1341_HOT,2024-01-01,822,57.21,,2024-02-15,,Entregue
PED_SKU_1341_HOT_1,SKU_1341_HOT,2024-03-01,822,57.21,,2024-04-15,,Entregue
PED_SKU_1341_PEA_0,SKU_1341_PEA,2024-01-01,511,57.21,,2024-02-15,,Entregue
PED_SKU_1341_PEA_1,SKU_1341_PEA,2024-03-01,511,57.21,,2024-04-15,,Entregue
PED_SKU_1341_PEA_2,SKU_1341_PEA,2024-04-30,511,57.21,,2024-06-14,,Entregue
PED_SKU_1342_CRE_0,SKU_1342_CRE,2024-01-01,793,111.27,,2024-02-15,,Entregue
PED_SKU_1342_CRE_1,SKU_1342_CRE,2024-03-01,793,111.27,,2024-04-15,,Entregue
PED_SKU_1342_BAB_0,SKU_1342_BAB,2024-01-01,466,111.27,,2024-02-15,,Entregue
PED_SKU_1342_BAB_1,SKU_1342_BAB,2024-03-01,466,111.27,,2024-04-15,,Entregue
PED_SKU_1342_BAB_2,SKU_1342_BAB,2024-04-30,466,111.27,,2024-06-14,,Entregue
PED_SKU_1343_NAV_0,SKU_1343_NAV,2024-01-01,491,104.23,,2024-02-15,,Entregue
PED_SKU_1343_NAV_1,SKU_1343_NAV,2024-03-01,491,104.23,,2024-04-15,,Entregue
PED_SKU_1343_NAV_2,SKU_1343_NAV,2024-04-30,491,104.23,,2024-06-14,,Entregue
PED_SKU_1343_IVO_0,SKU_1343_IVO,2024-01-01,795,104.23,,2024-02-15,,Entregue
PED_SKU_1343_IVO_1,SKU_1343_IVO,2024-03-01,795,104.23,,2024-04-15,,Entregue
PED_SKU_1344_PAS_0,SKU_1344_PAS,2024-01-01,515,100.14,,2024-02-15,,Entregue
PED_SKU_1344_PAS_1,SKU_1344_PAS,2024-03-01,515,100.14,,2024-04-15,,Entregue
PED_SKU_1344_PAS_2,SKU_1344_PAS,2024-04-30,515,100.14,,2024-06-14,,Entregue
PED_SKU_1344_MID_0,SKU_1344_MID,2024-01-01,532,100.14,,2024-02-15,,Entregue
PED_SKU_1344_MID_1,SKU_1344_MID,2024-03-01,532,100.14,,2024-04-15,,Entregue
PED_SKU_1344_MID_2,SKU_1344_MID,2024-04-30,532,100.14,,2024-06-14,,Entregue
PED_SKU_1345_ARM_0,SKU_1345_ARM,2024-01-01,388,329.07,,2024-02-15,,Entregue
PED_SKU_1345_ARM_1,SKU_1345_ARM,2024-03-01,388,329.07,,2024-04-15,,Entregue
PED_SKU_1345_ARM_2,SKU_1345_ARM,2024-04-30,388,329.07,,2024-06-14,,Entregue
PED_SKU_1345_ARM_3,SKU_1345_ARM,2024-06-29,388,329.07,,2024-08-13,,Entregue
PED_SKU_1345_FOR_0,SKU_1345_FOR,2024-01-01,501,329.07,,2024-02-15,,Entregue
PED_SKU_1345_FOR_1,SKU_1345_FOR,2024-03-01,501,329.07,,2024-04-15,,Entregue
PED_SKU_1345_FOR_2,SKU_1345_FOR,2024-04-30,501,329.07,,2024-06-14,,Entregue
PED_SKU_1346_HON_0,SKU_1346_HON,2024-01-01,520,77.66,,2024-02-15,,Entregue
PED_SKU_1346_HON_1,SKU_1346_HON,2024-03-01,520,77.66,,2024-04-15,,Entregue
PED_SKU_1346_HON_2,SKU_1346_HON,2024-04-30,520,77.66,,2024-06-14,,Entregue
PED_SKU_1346_PEA_0,SKU_1346_PEA,2024-01-01,527,77.66,,2024-02-15,,Entregue
PED_SKU_1346_PEA_1,SKU_1346_PEA,2024-03-01,527,77.66,,2024-04-15,,Entregue
PED_SKU_1346_PEA_2,SKU_1346_PEA,2024-04-30,527,77.66,,2024-06-14,,Entregue
PED_SKU_1347_DUS_0,SKU_1347_DUS,2024-01-01,408,77.49,,2024-02-15,,Cancelado
PED_SKU_1347_DUS_1,SKU_1347_DUS,2024-03-01,408,77.49,,2024-04-15,,Entregue
PED_SKU_1347_DUS_2,SKU_1347_DUS,2024-04-30,408,77.49,,2024-06-14,,Entregue
PED_SKU_1347_DUS_3,SKU_1347_DUS,2024-06-29,408,77.49,,2024-08-13,,Entregue
PED_SKU_1347_LIM_0,SKU_1347_LIM,2024-01-01,522,77.49,,2024-02-15,,Entregue
PED_SKU_1347_LIM_1,SKU_1347_LIM,2024-03-01,522,77.49,,2024-04-15,,Entregue
PED_SKU_1347_LIM_2,SKU_1347_LIM,2024-04-30,522,77.49,,2024-06-14,,Entregue
PED_SKU_1348_NAV_0,SKU_1348_NAV,2024-01-01,797,212.52,,2024-02-15,,Entregue
PED_SKU_1348_NAV_1,SKU_1348_NAV,2024-03-01,797,212.52,,2024-04-15,,Entregue
PED_SKU_1348_PIS_0,SKU_1348_PIS,2024-01-01,535,212.52,,2024-02-15,,Entregue
PED_SKU_1348_PIS_1,SKU_1348_PIS,2024-03-01,535,212.52,,2024-04-15,,Entregue
PED_SKU_1348_PIS_2,SKU_1348_PIS,2024-04-30,535,212.52,,2024-06-14,,Cancelado
PED_SKU_1349_HON_0,SKU_1349_HON,2024-01-01,819,82.36,,2024-02-15,,Entregue
PED_SKU_1349_HON_1,SKU_1349_HON,2024-03-01,819,82.36,,2024-04-15,,Entregue
PED_SKU_1349_SEA_0,SKU_1349_SEA,2024-01-01,497,82.36,,2024-02-15,,Entregue
PED_SKU_1349_SEA_1,SKU_1349_SEA,2024-03-01,497,82.36,,2024-04-15,,Entregue
PED_SKU_1349_SEA_2,SKU_1349_SEA,2024-04-30,497,82.36,,2024-06-14,,Entregue
PED_SKU_1350_SNO_0,SKU_1350_SNO,2024-01-01,749,94.3,,2024-02-15,,Entregue
PED_SKU_1350_SNO_1,SKU_1350_SNO,2024-03-01,749,94.3,,2024-04-15,,Entregue
PED_SKU_1350_BAB_0,SKU_1350_BAB,2024-01-01,821,94.3,,2024-02-15,,Entregue
PED_SKU_1350_BAB_1,SKU_1350_BAB,2024-03-01,821,94.3,,2024-04-15,,Entregue
PED_SKU_1351_SAG_0,SKU_1351_SAG,2024-01-01,377,228.36,,2024-02-15,,Entregue
PED_SKU_1351_SAG_1,SKU_1351_SAG,2024-03-01,377,228.36,,2024-04-15,,Entregue
PED_SKU_1351_SAG_2,SKU_1351_SAG,2024-04-30,377,228.36,,2024-06-14,,Entregue
PED_SKU_1351_SAG_3,SKU_1351_SAG,2024-06-29,377,228.36,,2024-08-13,,Entregue
PED_SKU_1351_HON_0,SKU_1351_HON,2024-01-01,420,228.36,,2024-02-15,,Entregue
PED_SKU_1351_HON_1,SKU_1351_HON,2024-03-01,420,228.36,,2024-04-15,,Entregue
PED_SKU_1351_HON_2,SKU_1351_HON,2024-04-30,420,228.36,,2024-06-14,,Entregue
PED_SKU_1351_HON_3,SKU_1351_HON,2024-06-29,420,228.36,,2024-08-13,,Entregue
PED_SKU_1352_CER_0,SKU_1352_CER,2024-01-01,405,92.65,,2024-02-15,,Entregue
PED_SKU_1352_CER_1,SKU_1352_CER,2024-03-01,405,92.65,,2024-04-15,,Entregue
PED_SKU_1352_CER_2,SKU_1352_CER,2024-04-30,405,92.65,,2024-06-14,,Entregue
PED_SKU_1352_CER_3,SKU_1352_CER,2024-06-29,405,92.65,,2024-08-13,,Entregue
PED_SKU_1352_HUN_0,SKU_1352_HUN,2024-01-01,383,92.65,,2024-02-15,,Entregue
PED_SKU_1352_HUN_1,SKU_1352_HUN,2024-03-01,383,92.65,,2024-04-15,,Entregue
PED_SKU_1352_HUN_2,SKU_1352_HUN,2024-04-30,383,92.65,,2024-06-14,,Entregue
PED_SKU_1352_HUN_3,SKU_1352_HUN,2024-06-29,383,92.65,,2024-08-13,,Entregue
PED_SKU_1353_MAG_0,SKU_1353_MAG,2024-01-01,857,62.86,,2024-02-15,,Entregue
PED_SKU_1353_MAG_1,SKU_1353_MAG,2024-03-01,857,62.86,,2024-04-15,,Entregue
PED_SKU_1353_MAR_0,SKU_1353_MAR,2024-01-01,868,62.86,,2024-02-15,,Entregue
PED_SKU_1353_MAR_1,SKU_1353_MAR,2024-03-01,868,62.86,,2024-04-15,,Entregue
PED_SKU_1354_AQU_0,SKU_1354_AQU,2024-01-01,825,304.48,,2024-02-15,,Entregue
PED_SKU_1354_AQU_1,SKU_1354_AQU,2024-03-01,825,304.48,,2024-04-15,,Entregue
PED_SKU_1354_CLE_0,SKU_1354_CLE,2024-01-01,374,304.48,,2024-02-15,,Entregue
PED_SKU_1354_CLE_1,SKU_1354_CLE,2024-03-01,374,304.48,,2024-04-15,,Entregue
PED_SKU_1354_CLE_2,SKU_1354_CLE,2024-04-30,374,304.48,,2024-06-14,,Entregue
PED_SKU_1354_CLE_3,SKU_1354_CLE,2024-06-29,374,304.48,,2024-08-13,,Entregue
PED_SKU_1355_PAS_0,SKU_1355_PAS,2024-01-01,420,57.58,,2024-02-15,,Entregue
PED_SKU_1355_PAS_1,SKU_1355_PAS,2024-03-01,420,57.58,,2024-04-15,,Entregue
PED_SKU_1355_PAS_2,SKU_1355_PAS,2024-04-30,420,57.58,,2024-06-14,,Entregue
PED_SKU_1355_PAS_3,SKU_1355_PAS,2024-06-29,420,57.58,,2024-08-13,,Entregue
PED_SKU_1355_DEE_0,SKU_1355_DEE,2024-01-01,368,57.58,,2024-02-15,,Entregue
PED_SKU_1355_DEE_1,SKU_1355_DEE,2024-03-01,368,57.58,,2024-04-15,,Entregue
PED_SKU_1355_DEE_2,SKU_1355_DEE,2024-04-30,368,57.58,,2024-06-14,,Entregue
PED_SKU_1355_DEE_3,SKU_1355_DEE,2024-06-29,368,57.58,,2024-08-13,,Entregue
PED_SKU_1356_BLU_0,SKU_1356_BLU,2024-01-01,749,70.75,,2024-02-15,,Entregue
PED_SKU_1356_BLU_1,SKU_1356_BLU,2024-03-01,749,70.75,,2024-04-15,,Entregue
PED_SKU_1356_DEN_0,SKU_1356_DEN,2024-01-01,549,70.75,,2024-02-15,,Entregue
PED_SKU_1356_DEN_1,SKU_1356_DEN,2024-03-01,549,70.75,,2024-04-15,,Entregue
PED_SKU_1356_DEN_2,SKU_1356_DEN,2024-04-30,549,70.75,,2024-06-14,,Cancelado
PED_SKU_1357_BRI_0,SKU_1357_BRI,2024-01-01,356,220.08,,2024-02-15,,Entregue
PED_SKU_1357_BRI_1,SKU_1357_BRI,2024-03-01,356,220.08,,2024-04-15,,Entregue
PED_SKU_1357_BRI_2,SKU_1357_BRI,2024-04-30,356,220.08,,2024-06-14,,Entregue
PED_SKU_1357_BRI_3,SKU_1357_BRI,2024-06-29,356,220.08,,2024-08-13,,Entregue
PED_SKU_1357_BLU_0,SKU_1357_BLU,2024-01-01,841,220.08,,2024-02-15,,Entregue
PED_SKU_1357_BLU_1,SKU_1357_BLU,2024-03-01,841,220.08,,2024-04-15,,Entregue
PED_SKU_1358_DUS_0,SKU_1358_DUS,2024-01-01,506,65.81,,2024-02-15,,Entregue
PED_SKU_1358_DUS_1,SKU_1358_DUS,2024-03-01,506,65.81,,2024-04-15,,Entregue
PED_SKU_1358_DUS_2,SKU_1358_DUS,2024-04-30,506,65.81,,2024-06-14,,Entregue
PED_SKU_1358_MAR_0,SKU_1358_MAR,2024-01-01,763,65.81,,2024-02-15,,Entregue
PED_SKU_1358_MAR_1,SKU_1358_MAR,2024-03-01,763,65.81,,2024-04-15,,Entregue
PED_SKU_1359_BLU_0,SKU_1359_BLU,2024-01-01,367,135.12,,2024-02-15,,Entregue
PED_SKU_1359_BLU_1,SKU_1359_BLU,2024-03-01,367,135.12,,2024-04-15,,Entregue
PED_SKU_1359_BLU_2,SKU_1359_BLU,2024-04-30,367,135.12,,2024-06-14,,Entregue
PED_SKU_1359_BLU_3,SKU_1359_BLU,2024-06-29,367,135.12,,2024-08-13,,Entregue
PED_SKU_1359_NAV_0,SKU_1359_NAV,2024-01-01,777,135.12,,2024-02-15,,Entregue
PED_SKU_1359_NAV_1,SKU_1359_NAV,2024-03-01,777,135.12,,2024-04-15,,Entregue
PED_SKU_1360_WHI_0,SKU_1360_WHI,2024-01-01,553,105.89,,2024-02-15,,Entregue
PED_SKU_1360_WHI_1,SKU_1360_WHI,2024-03-01,553,105.89,,2024-04-15,,Entregue
PED_SKU_1360_WHI_2,SKU_1360_WHI,2024-04-30,553,105.89,,2024-06-14,,Entregue
PED_SKU_1360_FRE_0,SKU_1360_FRE,2024-01-01,415,105.89,,2024-02-15,,Entregue
PED_SKU_1360_FRE_1,SKU_1360_FRE,2024-03-01,415,105.89,,2024-04-15,,Entregue
PED_SKU_1360_FRE_2,SKU_1360_FRE,2024-04-30,415,105.89,,2024-06-14,,Cancelado
PED_SKU_1360_FRE_3,SKU_1360_FRE,2024-06-29,415,105.89,,2024-08-13,,Entregue
PED_SKU_1361_MEX_0,SKU_1361_MEX,2024-01-01,410,60.39,,2024-02-15,,Entregue
PED_SKU_1361_MEX_1,SKU_1361_MEX,2024-03-01,410,60.39,,2024-04-15,,Entregue
PED_SKU_1361_MEX_2,SKU_1361_MEX,2024-04-30,410,60.39,,2024-06-14,,Entregue
PED_SKU_1361_MEX_3,SKU_1361_MEX,2024-06-29,410,60.39,,2024-08-13,,Entregue
PED_SKU_1361_BLU_0,SKU_1361_BLU,2024-01-01,368,60.39,,2024-02-15,,Entregue
PED_SKU_1361_BLU_1,SKU_1361_BLU,2024-03-01,368,60.39,,2024-04-15,,Entregue
PED_SKU_1361_BLU_2,SKU_1361_BLU,2024-04-30,368,60.39,,2024-06-14,,Entregue
PED_SKU_1361_BLU_3,SKU_1361_BLU,2024-06-29,368,60.39,,2024-08-13,,Entregue
PED_SKU_1362_POW_0,SKU_1362_POW,2024-01-01,402,303.66,,2024-02-15,,Entregue
PED_SKU_1362_POW_1,SKU_1362_POW,2024-03-01,402,303.66,,2024-04-15,,Entregue
PED_SKU_1362_POW_2,SKU_1362_POW,2024-04-30,402,303.66,,2024-06-14,,Entregue
PED_SKU_1362_POW_3,SKU_1362_POW,2024-06-29,402,303.66,,2024-08-13,,Entregue
PED_SKU_1362_SEA_0,SKU_1362_SEA,2024-01-01,777,303.66,,2024-02-15,,Entregue
PED_SKU_1362_SEA_1,SKU_1362_SEA,2024-03-01,777,303.66,,2024-04-15,,Entregue
PED_SKU_1363_RAS_0,SKU_1363_RAS,2024-01-01,500,302.07,,2024-02-15,,Entregue
PED_SKU_1363_RAS_1,SKU_1363_RAS,2024-03-01,500,302.07,,2024-04-15,,Entregue
PED_SKU_1363_RAS_2,SKU_1363_RAS,2024-04-30,500,302.07,,2024-06-14,,Entregue
PED_SKU_1363_HUN_0,SKU_1363_HUN,2024-01-01,767,302.07,,2024-02-15,,Entregue
PED_SKU_1363_HUN_1,SKU_1363_HUN,2024-03-01,767,302.07,,2024-04-15,,Entregue
PED_SKU_1364_OFF_0,SKU_1364_OFF,2024-01-01,410,146.25,,2024-02-15,,Entregue
PED_SKU_1364_OFF_1,SKU_1364_OFF,2024-03-01,410,146.25,,2024-04-15,,Entregue
PED_SKU_1364_OFF_2,SKU_1364_OFF,2024-04-30,410,146.25,,2024-06-14,,Entregue
PED_SKU_1364_OFF_3,SKU_1364_OFF,2024-06-29,410,146.25,,2024-08-13,,Entregue
PED_SKU_1364_TEA_0,SKU_1364_TEA,2024-01-01,780,146.25,,2024-02-15,,Cancelado
PED_SKU_1364_TEA_1,SKU_1364_TEA,2024-03-01,780,146.25,,2024-04-15,,Entregue
PED_SKU_1365_BUB_0,SKU_1365_BUB,2024-01-01,410,165.47,,2024-02-15,,Entregue
PED_SKU_1365_BUB_1,SKU_1365_BUB,2024-03-01,410,165.47,,2024-04-15,,Entregue
PED_SKU_1365_BUB_2,SKU_1365_BUB,2024-04-30,410,165.47,,2024-06-14,,Entregue
PED_SKU_1365_BUB_3,SKU_1365_BUB,2024-06-29,410,165.47,,2024-08-13,,Cancelado
PED_SKU_1365_NAV_0,SKU_1365_NAV,2024-01-01,396,165.47,,2024-02-15,,Cancelado
PED_SKU_1365_NAV_1,SKU_1365_NAV,2024-03-01,396,165.47,,2024-04-15,,Entregue
PED_SKU_1365_NAV_2,SKU_1365_NAV,2024-04-30,396,165.47,,2024-06-14,,Entregue
PED_SKU_1365_NAV_3,SKU_1365_NAV,2024-06-29,396,165.47,,2024-08-13,,Entregue
PED_SKU_1366_TEA_0,SKU_1366_TEA,2024-01-01,537,134.43,,2024-02-15,,Entregue
PED_SKU_1366_TEA_1,SKU_1366_TEA,2024-03-01,537,134.43,,2024-04-15,,Entregue
PED_SKU_1366_TEA_2,SKU_1366_TEA,2024-04-30,537,134.43,,2024-06-14,,Entregue
PED_SKU_1366_PAL_0,SKU_1366_PAL,2024-01-01,547,134.43,,2024-02-15,,Entregue
PED_SKU_1366_PAL_1,SKU_1366_PAL,2024-03-01,547,134.43,,2024-04-15,,Entregue
PED_SKU_1366_PAL_2,SKU_1366_PAL,2024-04-30,547,134.43,,2024-06-14,,Entregue
PED_SKU_1367_VAN_0,SKU_1367_VAN,2024-01-01,747,55.11,,2024-02-15,,Entregue
PED_SKU_1367_VAN_1,SKU_1367_VAN,2024-03-01,747,55.11,,2024-04-15,,Entregue
PED_SKU_1367_BLA_0,SKU_1367_BLA,2024-01-01,803,55.11,,2024-02-15,,Entregue
PED_SKU_1367_BLA_1,SKU_1367_BLA,2024-03-01,803,55.11,,2024-04-15,,Entregue
PED_SKU_1368_SNO_0,SKU_1368_SNO,2024-01-01,795,212.52,,2024-02-15,,Entregue
PED_SKU_1368_SNO_1,SKU_1368_SNO,2024-03-01,795,212.52,,2024-04-15,,Entregue
PED_SKU_1368_TUR_0,SKU_1368_TUR,2024-01-01,406,212.52,,2024-02-15,,Entregue
PED_SKU_1368_TUR_1,SKU_1368_TUR,2024-03-01,406,212.52,,2024-04-15,,Entregue
PED_SKU_1368_TUR_2,SKU_1368_TUR,2024-04-30,406,212.52,,2024-06-14,,Entregue
PED_SKU_1368_TUR_3,SKU_1368_TUR,2024-06-29,406,212.52,,2024-08-13,,Entregue
PED_SKU_1369_SNO_0,SKU_1369_SNO,2024-01-01,514,50.69,,2024-02-15,,Entregue
PED_SKU_1369_SNO_1,SKU_1369_SNO,2024-03-01,514,50.69,,2024-04-15,,Entregue
PED_SKU_1369_SNO_2,SKU_1369_SNO,2024-04-30,514,50.69,,2024-06-14,,Entregue
PED_SKU_1369_RAS_0,SKU_1369_RAS,2024-01-01,402,50.69,,2024-02-15,,Entregue
PED_SKU_1369_RAS_1,SKU_1369_RAS,2024-03-01,402,50.69,,2024-04-15,,Entregue
PED_SKU_1369_RAS_2,SKU_1369_RAS,2024-04-30,402,50.69,,2024-06-14,,Entregue
PED_SKU_1369_RAS_3,SKU_1369_RAS,2024-06-29,402,50.69,,2024-08-13,,Entregue
PED_SKU_1370_PRI_0,SKU_1370_PRI,2024-01-01,364,70.59,,2024-02-15,,Entregue
PED_SKU_1370_PRI_1,SKU_1370_PRI,2024-03-01,364,70.59,,2024-04-15,,Entregue
PED_SKU_1370_PRI_2,SKU_1370_PRI,2024-04-30,364,70.59,,2024-06-14,,Cancelado
PED_SKU_1370_PRI_3,SKU_1370_PRI,2024-06-29,364,70.59,,2024-08-13,,Entregue
PED_SKU_1370_MYS_0,SKU_1370_MYS,2024-01-01,408,70.59,,2024-02-15,,Entregue
PED_SKU_1370_MYS_1,SKU_1370_MYS,2024-03-01,408,70.59,,2024-04-15,,Entregue
PED_SKU_1370_MYS_2,SKU_1370_MYS,2024-04-30,408,70.59,,2024-06-14,,Entregue
PED_SKU_1370_MYS_3,SKU_1370_MYS,2024-06-29,408,70.59,,2024-08-13,,Entregue
PED_SKU_1371_WHI_0,SKU_1371_WHI,2024-01-01,527,90.99,,2024-02-15,,Entregue
PED_SKU_1371_WHI_1,SKU_1371_WHI,2024-03-01,527,90.99,,2024-04-15,,Entregue
PED_SKU_1371_WHI_2,SKU_1371_WHI,2024-04-30,527,90.99,,2024-06-14,,Entregue
PED_SKU_1371_HOT_0,SKU_1371_HOT,2024-01-01,513,90.99,,2024-02-15,,Entregue
PED_SKU_1371_HOT_1,SKU_1371_HOT,2024-03-01,513,90.99,,2024-04-15,,Cancelado
PED_SKU_1371_HOT_2,SKU_1371_HOT,2024-04-30,513,90.99,,2024-06-14,,Entregue
PED_SKU_1372_SEA_0,SKU_1372_SEA,2024-01-01,382,112.51,,2024-02-15,,Entregue
PED_SKU_1372_SEA_1,SKU_1372_SEA,2024-03-01,382,112.51,,2024-04-15,,Entregue
PED_SKU_1372_SEA_2,SKU_1372_SEA,2024-04-30,382,112.51,,2024-06-14,,Entregue
PED_SKU_1372_SEA_3,SKU_1372_SEA,2024-06-29,382,112.51,,2024-08-13,,Entregue
PED_SKU_1372_DEN_0,SKU_1372_DEN,2024-01-01,511,112.51,,2024-02-15,,Entregue
PED_SKU_1372_DEN_1,SKU_1372_DEN,2024-03-01,511,112.51,,2024-04-15,,Entregue
PED_SKU_1372_DEN_2,SKU_1372_DEN,2024-04-30,511,112.51,,2024-06-14,,Entregue
PED_SKU_1373_SKY_0,SKU_1373_SKY,2024-01-01,371,62.52,,2024-02-15,,Entregue
PED_SKU_1373_SKY_1,SKU_1373_SKY,2024-03-01,371,62.52,,2024-04-15,,Entregue
PED_SKU_1373_SKY_2,SKU_1373_SKY,2024-04-30,371,62.52,,2024-06-14,,Entregue
PED_SKU_1373_SKY_3,SKU_1373_SKY,2024-06-29,371,62.52,,2024-08-13,,Entregue
PED_SKU_1373_CRE_0,SKU_1373_CRE,2024-01-01,826,62.52,,2024-02-15,,Entregue
PED_SKU_1373_CRE_1,SKU_1373_CRE,2024-03-01,826,62.52,,2024-04-15,,Entregue
PED_SKU_1374_SAL_0,SKU_1374_SAL,2024-01-01,411,62.86,,2024-02-15,,Cancelado
PED_SKU_1374_SAL_1,SKU_1374_SAL,2024-03-01,411,62.86,,2024-04-15,,Entregue
PED_SKU_1374_SAL_2,SKU_1374_SAL,2024-04-30,411,62.86,,2024-06-14,,Entregue
PED_SKU_1374_SAL_3,SKU_1374_SAL,2024-06-29,411,62.86,,2024-08-13,,Entregue
PED_SKU_1374_BLU_0,SKU_1374_BLU,2024-01-01,429,62.86,,2024-02-15,,Entregue
PED_SKU_1374_BLU_1,SKU_1374_BLU,2024-03-01,429,62.86,,2024-04-15,,Cancelado
PED_SKU_1374_BLU_2,SKU_1374_BLU,2024-04-30,429,62.86,,2024-06-14,,Entregue
PED_SKU_1374_BLU_3,SKU_1374_BLU,2024-06-29,429,62.86,,2024-08-13,,Entregue
PED_SKU_1375_COR_0,SKU_1375_COR,2024-01-01,843,87.68,,2024-02-15,,Entregue
PED_SKU_1375_COR_1,SKU_1375_COR,2024-03-01,843,87.68,,2024-04-15,,Entregue
PED_SKU_1375_CLE_0,SKU_1375_CLE,2024-01-01,553,87.68,,2024-02-15,,Entregue
PED_SKU_1375_CLE_1,SKU_1375_CLE,2024-03-01,553,87.68,,2024-04-15,,Entregue
PED_SKU_1375_CLE_2,SKU_1375_CLE,2024-04-30,553,87.68,,2024-06-14,,Entregue
PED_SKU_1376_SNO_0,SKU_1376_SNO,2024-01-01,768,79.81,,2024-02-15,,Entregue
PED_SKU_1376_SNO_1,SKU_1376_SNO,2024-03-01,768,79.81,,2024-04-15,,Entregue
PED_SKU_1376_BIR_0,SKU_1376_BIR,2024-01-01,384,79.81,,2024-02-15,,Entregue
PED_SKU_1376_BIR_1,SKU_1376_BIR,2024-03-01,384,79.81,,2024-04-15,,Entregue
PED_SKU_1376_BIR_2,SKU_1376_BIR,2024-04-30,384,79.81,,2024-06-14,,Entregue
PED_SKU_1376_BIR_3,SKU_1376_BIR,2024-06-29,384,79.81,,2024-08-13,,Entregue
PED_SKU_1377_PRI_0,SKU_1377_PRI,2024-01-01,570,78.65,,2024-02-15,,Entregue
PED_SKU_1377_PRI_1,SKU_1377_PRI,2024-03-01,570,78.65,,2024-04-15,,Entregue
PED_SKU_1377_PRI_2,SKU_1377_PRI,2024-04-30,570,78.65,,2024-06-14,,Cancelado
PED_SKU_1377_CLO_0,SKU_1377_CLO,2024-01-01,780,78.65,,2024-02-15,,Entregue
PED_SKU_1377_CLO_1,SKU_1377_CLO,2024-03-01,780,78.65,,2024-04-15,,Entregue
PED_SKU_1378_SPA_0,SKU_1378_SPA,2024-01-01,491,58.46,,2024-02-15,,Entregue
PED_SKU_1378_SPA_1,SKU_1378_SPA,2024-03-01,491,58.46,,2024-04-15,,Entregue
PED_SKU_1378_SPA_2,SKU_1378_SPA,2024-04-30,491,58.46,,2024-06-14,,Entregue
PED_SKU_1378_MOS_0,SKU_1378_MOS,2024-01-01,536,58.46,,2024-02-15,,Entregue
PED_SKU_1378_MOS_1,SKU_1378_MOS,2024-03-01,536,58.46,,2024-04-15,,Entregue
PED_SKU_1378_MOS_2,SKU_1378_MOS,2024-04-30,536,58.46,,2024-06-14,,Entregue
PED_SKU_1379_SNO_0,SKU_1379_SNO,2024-01-01,792,153.71,,2024-02-15,,Entregue
PED_SKU_1379_SNO_1,SKU_1379_SNO,2024-03-01,792,153.71,,2024-04-15,,Entregue
PED_SKU_1379_WHI_0,SKU_1379_WHI,2024-01-01,825,153.71,,2024-02-15,,Entregue
PED_SKU_1379_WHI_1,SKU_1379_WHI,2024-03-01,825,153.71,,2024-04-15,,Entregue
PED_SKU_1380_TUR_0,SKU_1380_TUR,2024-01-01,481,90.21,,2024-02-15,,Entregue
PED_SKU_1380_TUR_1,SKU_1380_TUR,2024-03-01,481,90.21,,2024-04-15,,Cancelado
PED_SKU_1380_TUR_2,SKU_1380_TUR,2024-04-30,481,90.21,,2024-06-14,,Entregue
PED_SKU_1380_MIN_0,SKU_1380_MIN,2024-01-01,809,90.21,,2024-02-15,,Entregue
PED_SKU_1380_MIN_1,SKU_1380_MIN,2024-03-01,809,90.21,,2024-04-15,,Entregue
PED_SKU_1381_WHI_0,SKU_1381_WHI,2024-01-01,381,90.99,,2024-02-15,,Entregue
PED_SKU_1381_WHI_1,SKU_1381_WHI,2024-03-01,381,90.99,,2024-04-15,,Entregue
PED_SKU_1381_WHI_2,SKU_1381_WHI,2024-04-30,381,90.99,,2024-06-14,,Entregue
PED_SKU_1381_WHI_3,SKU_1381_WHI,2024-06-29,381,90.99,,2024-08-13,,Entregue
PED_SKU_1381_PAS_0,SKU_1381_PAS,2024-01-01,494,90.99,,2024-02-15,,Entregue
PED_SKU_1381_PAS_1,SKU_1381_PAS,2024-03-01,494,90.99,,2024-04-15,,Entregue
PED_SKU_1381_PAS_2,SKU_1381_PAS,2024-04-30,494,90.99,,2024-06-14,,Entregue
PED_SKU_1382_ARM_0,SKU_1382_ARM,2024-01-01,400,60.39,,2024-02-15,,Entregue
PED_SKU_1382_ARM_1,SKU_1382_ARM,2024-03-01,400,60.39,,2024-04-15,,Entregue
PED_SKU_1382_ARM_2,SKU_1382_ARM,2024-04-30,400,60.39,,2024-06-14,,Entregue
PED_SKU_1382_ARM_3,SKU_1382_ARM,2024-06-29,400,60.39,,2024-08-13,,Entregue
PED_SKU_1382_HOT_0,SKU_1382_HOT,2024-01-01,753,60.39,,2024-02-15,,Entregue
PED_SKU_1382_HOT_1,SKU_1382_HOT,2024-03-01,753,60.39,,2024-04-15,,Entregue
PED_SKU_1383_CLE_0,SKU_1383_CLE,2024-01-01,778,59.55,,2024-02-15,,Entregue
PED_SKU_1383_CLE_1,SKU_1383_CLE,2024-03-01,778,59.55,,2024-04-15,,Entregue
PED_SKU_1383_TUR_0,SKU_1383_TUR,2024-01-01,540,59.55,,2024-02-15,,Entregue
PED_SKU_1383_TUR_1,SKU_1383_TUR,2024-03-01,540,59.55,,2024-04-15,,Entregue
PED_SKU_1383_TUR_2,SKU_1383_TUR,2024-04-30,540,59.55,,2024-06-14,,Entregue
PED_SKU_1384_CRE_0,SKU_1384_CRE,2024-01-01,403,171.15,,2024-02-15,,Entregue
PED_SKU_1384_CRE_1,SKU_1384_CRE,2024-03-01,403,171.15,,2024-04-15,,Entregue
PED_SKU_1384_CRE_2,SKU_1384_CRE,2024-04-30,403,171.15,,2024-06-14,,Entregue
PED_SKU_1384_CRE_3,SKU_1384_CRE,2024-06-29,403,171.15,,2024-08-13,,Entregue
PED_SKU_1384_SKY_0,SKU_1384_SKY,2024-01-01,848,171.15,,2024-02-15,,Entregue
PED_SKU_1384_SKY_1,SKU_1384_SKY,2024-03-01,848,171.15,,2024-04-15,,Entregue
PED_SKU_1385_PRI_0,SKU_1385_PRI,2024-01-01,559,95.96,,2024-02-15,,Entregue
PED_SKU_1385_PRI_1,SKU_1385_PRI,2024-03-01,559,95.96,,2024-04-15,,Entregue
PED_SKU_1385_PRI_2,SKU_1385_PRI,2024-04-30,559,95.96,,2024-06-14,,Entregue
PED_SKU_1385_NAV_0,SKU_1385_NAV,2024-01-01,360,95.96,,2024-02-15,,Entregue
PED_SKU_1385_NAV_1,SKU_1385_NAV,2024-03-01,360,95.96,,2024-04-15,,Entregue
PED_SKU_1385_NAV_2,SKU_1385_NAV,2024-04-30,360,95.96,,2024-06-14,,Entregue
PED_SKU_1385_NAV_3,SKU_1385_NAV,2024-06-29,360,95.96,,2024-08-13,,Entregue
PED_SKU_1386_SER_0,SKU_1386_SER,2024-01-01,366,67.37,,2024-02-15,,Entregue
PED_SKU_1386_SER_1,SKU_1386_SER,2024-03-01,366,67.37,,2024-04-15,,Entregue
PED_SKU_1386_SER_2,SKU_1386_SER,2024-04-30,366,67.37,,2024-06-14,,Entregue
PED_SKU_1386_SER_3,SKU_1386_SER,2024-06-29,366,67.37,,2024-08-13,,Entregue
PED_SKU_1386_COB_0,SKU_1386_COB,2024-01-01,404,67.37,,2024-02-15,,Entregue
PED_SKU_1386_COB_1,SKU_1386_COB,2024-03-01,404,67.37,,2024-04-15,,Entregue
PED_SKU_1386_COB_2,SKU_1386_COB,2024-04-30,404,67.37,,2024-06-14,,Entregue
PED_SKU_1386_COB_3,SKU_1386_COB,2024-06-29,404,67.37,,2024-08-13,,Entregue
PED_SKU_1387_BRI_0,SKU_1387_BRI,2024-01-01,372,45.74,,2024-02-15,,Entregue
PED_SKU_1387_BRI_1,SKU_1387_BRI,2024-03-01,372,45.74,,2024-04-15,,Entregue
PED_SKU_1387_BRI_2,SKU_1387_BRI,2024-04-30,372,45.74,,2024-06-14,,Entregue
PED_SKU_1387_BRI_3,SKU_1387_BRI,2024-06-29,372,45.74,,2024-08-13,,Entregue
PED_SKU_1387_BAB_0,SKU_1387_BAB,2024-01-01,410,45.74,,2024-02-15,,Entregue
PED_SKU_1387_BAB_1,SKU_1387_BAB,2024-03-01,410,45.74,,2024-04-15,,Entregue
PED_SKU_1387_BAB_2,SKU_1387_BAB,2024-04-30,410,45.74,,2024-06-14,,Entregue
PED_SKU_1387_BAB_3,SKU_1387_BAB,2024-06-29,410,45.74,,2024-08-13,,Entregue
PED_SKU_1388_BRI_0,SKU_1388_BRI,2024-01-01,827,100.21,,2024-02-15,,Entregue
PED_SKU_1388_BRI_1,SKU_1388_BRI,2024-03-01,827,100.21,,2024-04-15,,Entregue
PED_SKU_1388_VAN_0,SKU_1388_VAN,2024-01-01,555,100.21,,2024-02-15,,Entregue
PED_SKU_1388_VAN_1,SKU_1388_VAN,2024-03-01,555,100.21,,2024-04-15,,Entregue
PED_SKU_1388_VAN_2,SKU_1388_VAN,2024-04-30,555,100.21,,2024-06-14,,Entregue
PED_SKU_1389_SHO_0,SKU_1389_SHO,2024-06-17,207,41.55,,2024-08-01,,Entregue
PED_SKU_1389_SHO_1,SKU_1389_SHO,2024-08-16,207,41.55,,2024-09-30,,Entregue
PED_SKU_1389_BAB_0,SKU_1389_BAB,2024-06-17,192,41.55,,2024-08-01,,Entregue
PED_SKU_1389_BAB_1,SKU_1389_BAB,2024-08-16,192,41.55,,2024-09-30,,Entregue
PED_SKU_1390_SAP_0,SKU_1390_SAP,2024-06-17,92,90.21,,2024-08-01,,Entregue
PED_SKU_1390_SAP_1,SKU_1390_SAP,2024-08-16,92,90.21,,2024-09-30,,Entregue
PED_SKU_1390_SAP_2,SKU_1390_SAP,2024-10-15,92,90.21,,2024-11-29,,Entregue
PED_SKU_1390_SAP_3,SKU_1390_SAP,2024-12-14,92,90.21,,2025-01-28,,Entregue
PED_SKU_1390_PAS_0,SKU_1390_PAS,2024-06-17,104,90.21,,2024-08-01,,Cancelado
PED_SKU_1390_PAS_1,SKU_1390_PAS,2024-08-16,104,90.21,,2024-09-30,,Entregue
PED_SKU_1390_PAS_2,SKU_1390_PAS,2024-10-15,104,90.21,,2024-11-29,,Entregue
PED_SKU_1390_PAS_3,SKU_1390_PAS,2024-12-14,104,90.21,,2025-01-28,,Entregue
PED_SKU_1391_LIG_0,SKU_1391_LIG,2024-06-17,96,94.3,,2024-08-01,,Entregue
PED_SKU_1391_LIG_1,SKU_1391_LIG,2024-08-16,96,94.3,,2024-09-30,,Entregue
PED_SKU_1391_LIG_2,SKU_1391_LIG,2024-10-15,96,94.3,,2024-11-29,,Entregue
PED_SKU_1391_LIG_3,SKU_1391_LIG,2024-12-14,96,94.3,,2025-01-28,,Entregue
PED_SKU_1391_SEA_0,SKU_1391_SEA,2024-06-17,204,94.3,,2024-08-01,,Entregue
PED_SKU_1391_SEA_1,SKU_1391_SEA,2024-08-16,204,94.3,,2024-09-30,,Entregue
PED_SKU_1392_LIM_0,SKU_1392_LIM,2024-06-17,108,97.61,,2024-08-01,,Entregue
PED_SKU_1392_LIM_1,SKU_1392_LIM,2024-08-16,108,97.61,,2024-09-30,,Entregue
PED_SKU_1392_LIM_2,SKU_1392_LIM,2024-10-15,108,97.61,,2024-11-29,,Entregue
PED_SKU_1392_LIM_3,SKU_1392_LIM,2024-12-14,108,97.61,,2025-01-28,,Entregue
PED_SKU_1392_BLU_0,SKU_1392_BLU,2024-06-17,200,97.61,,2024-08-01,,Entregue
PED_SKU_1392_BLU_1,SKU_1392_BLU,2024-08-16,200,97.61,,2024-09-30,,Entregue
PED_SKU_1393_COB_0,SKU_1393_COB,2024-06-17,92,98.55,,2024-08-01,,Entregue
PED_SKU_1393_COB_1,SKU_1393_COB,2024-08-16,92,98.55,,2024-09-30,,Entregue
PED_SKU_1393_COB_2,SKU_1393_COB,2024-10-15,92,98.55,,2024-11-29,,Entregue
PED_SKU_1393_COB_3,SKU_1393_COB,2024-12-14,92,98.55,,2025-01-28,,Entregue
PED_SKU_1393_SKY_0,SKU_1393_SKY,2024-06-17,133,98.55,,2024-08-01,,Entregue
PED_SKU_1393_SKY_1,SKU_1393_SKY,2024-08-16,133,98.55,,2024-09-30,,Entregue
PED_SKU_1393_SKY_2,SKU_1393_SKY,2024-10-15,133,98.55,,2024-11-29,,Entregue
PED_SKU_1394_FOR_0,SKU_1394_FOR,2024-06-17,109,149.43,,2024-08-01,,Entregue
PED_SKU_1394_FOR_1,SKU_1394_FOR,2024-08-16,109,149.43,,2024-09-30,,Entregue
PED_SKU_1394_FOR_2,SKU_1394_FOR,2024-10-15,109,149.43,,2024-11-29,,Entregue
PED_SKU_1394_FOR_3,SKU_1394_FOR,2024-12-14,109,149.43,,2025-01-28,,Entregue
PED_SKU_1394_EME_0,SKU_1394_EME,2024-06-17,103,149.43,,2024-08-01,,Entregue
PED_SKU_1394_EME_1,SKU_1394_EME,2024-08-16,103,149.43,,2024-09-30,,Entregue
PED_SKU_1394_EME_2,SKU_1394_EME,2024-10-15,103,149.43,,2024-11-29,,Entregue
PED_SKU_1394_EME_3,SKU_1394_EME,2024-12-14,103,149.43,,2025-01-28,,Entregue
PED_SKU_1395_BLA_0,SKU_1395_BLA,2024-06-17,128,92.19,,2024-08-01,,Entregue
PED_SKU_1395_BLA_1,SKU_1395_BLA,2024-08-16,128,92.19,,2024-09-30,,Entregue
PED_SKU_1395_BLA_2,SKU_1395_BLA,2024-10-15,128,92.19,,2024-11-29,,Entregue
PED_SKU_1395_TUR_0,SKU_1395_TUR,2024-06-17,110,92.19,,2024-08-01,,Entregue
PED_SKU_1395_TUR_1,SKU_1395_TUR,2024-08-16,110,92.19,,2024-09-30,,Entregue
PED_SKU_1395_TUR_2,SKU_1395_TUR,2024-10-15,110,92.19,,2024-11-29,,Entregue
PED_SKU_1395_TUR_3,SKU_1395_TUR,2024-12-14,110,92.19,,2025-01-28,,Entregue
PED_SKU_1396_FUC_0,SKU_1396_FUC,2024-06-17,130,44.41,,2024-08-01,,Entregue
PED_SKU_1396_FUC_1,SKU_1396_FUC,2024-08-16,130,44.41,,2024-09-30,,Entregue
PED_SKU_1396_FUC_2,SKU_1396_FUC,2024-10-15,130,44.41,,2024-11-29,,Entregue
PED_SKU_1396_PAS_0,SKU_1396_PAS,2024-06-17,105,44.41,,2024-08-01,,Entregue
PED_SKU_1396_PAS_1,SKU_1396_PAS,2024-08-16,105,44.41,,2024-09-30,,Entregue
PED_SKU_1396_PAS_2,SKU_1396_PAS,2024-10-15,105,44.41,,2024-11-29,,Entregue
PED_SKU_1396_PAS_3,SKU_1396_PAS,2024-12-14,105,44.41,,2025-01-28,,Entregue
PED_SKU_1397_SNO_0,SKU_1397_SNO,2024-06-17,216,77.33,,2024-08-01,,Entregue
PED_SKU_1397_SNO_1,SKU_1397_SNO,2024-08-16,216,77.33,,2024-09-30,,Entregue
PED_SKU_1397_BUB_0,SKU_1397_BUB,2024-06-17,134,77.33,,2024-08-01,,Entregue
PED_SKU_1397_BUB_1,SKU_1397_BUB,2024-08-16,134,77.33,,2024-09-30,,Entregue
PED_SKU_1397_BUB_2,SKU_1397_BUB,2024-10-15,134,77.33,,2024-11-29,,Entregue
PED_SKU_1398_AQU_0,SKU_1398_AQU,2024-06-17,139,222.18,,2024-08-01,,Entregue
PED_SKU_1398_AQU_1,SKU_1398_AQU,2024-08-16,139,222.18,,2024-09-30,,Entregue
PED_SKU_1398_AQU_2,SKU_1398_AQU,2024-10-15,139,222.18,,2024-11-29,,Entregue
PED_SKU_1398_SPA_0,SKU_1398_SPA,2024-06-17,150,222.18,,2024-08-01,,Entregue
PED_SKU_1398_SPA_1,SKU_1398_SPA,2024-08-16,150,222.18,,2024-09-30,,Entregue
PED_SKU_1398_SPA_2,SKU_1398_SPA,2024-10-15,150,222.18,,2024-11-29,,Entregue
PED_SKU_1399_PAL_0,SKU_1399_PAL,2024-06-17,103,85.83,,2024-08-01,,Entregue
PED_SKU_1399_PAL_1,SKU_1399_PAL,2024-08-16,103,85.83,,2024-09-30,,Entregue
PED_SKU_1399_PAL_2,SKU_1399_PAL,2024-10-15,103,85.83,,2024-11-29,,Entregue
PED_SKU_1399_PAL_3,SKU_1399_PAL,2024-12-14,103,85.83,,2025-01-28,,Entregue
PED_SKU_1399_CRE_0,SKU_1399_CRE,2024-06-17,198,85.83,,2024-08-01,,Entregue
PED_SKU_1399_CRE_1,SKU_1399_CRE,2024-08-16,198,85.83,,2024-09-30,,Cancelado
PED_SKU_1400_FOR_0,SKU_1400_FOR,2024-06-17,100,69.1,,2024-08-01,,Entregue
PED_SKU_1400_FOR_1,SKU_1400_FOR,2024-08-16,100,69.1,,2024-09-30,,Entregue
PED_SKU_1400_FOR_2,SKU_1400_FOR,2024-10-15,100,69.1,,2024-11-29,,Entregue
PED_SKU_1400_FOR_3,SKU_1400_FOR,2024-12-14,100,69.1,,2025-01-28,,Entregue
PED_SKU_1400_PAL_0,SKU_1400_PAL,2024-06-17,139,69.1,,2024-08-01,,Entregue
PED_SKU_1400_PAL_1,SKU_1400_PAL,2024-08-16,139,69.1,,2024-09-30,,Entregue
PED_SKU_1400_PAL_2,SKU_1400_PAL,2024-10-15,139,69.1,,2024-11-29,,Entregue
PED_SKU_1401_GAR_0,SKU_1401_GAR,2024-06-17,106,79.41,,2024-08-01,,Entregue
PED_SKU_1401_GAR_1,SKU_1401_GAR,2024-08-16,106,79.41,,2024-09-30,,Entregue
PED_SKU_1401_GAR_2,SKU_1401_GAR,2024-10-15,106,79.41,,2024-11-29,,Entregue
PED_SKU_1401_GAR_3,SKU_1401_GAR,2024-12-14,106,79.41,,2025-01-28,,Entregue
PED_SKU_1401_BLU_0,SKU_1401_BLU,2024-06-17,128,79.41,,2024-08-01,,Entregue
PED_SKU_1401_BLU_1,SKU_1401_BLU,2024-08-16,128,79.41,,2024-09-30,,Entregue
PED_SKU_1401_BLU_2,SKU_1401_BLU,2024-10-15,128,79.41,,2024-11-29,,Entregue
PED_SKU_1402_WHI_0,SKU_1402_WHI,2024-06-17,192,74.7,,2024-08-01,,Entregue
PED_SKU_1402_WHI_1,SKU_1402_WHI,2024-08-16,192,74.7,,2024-09-30,,Entregue
PED_SKU_1402_VAN_0,SKU_1402_VAN,2024-06-17,144,74.7,,2024-08-01,,Entregue
PED_SKU_1402_VAN_1,SKU_1402_VAN,2024-08-16,144,74.7,,2024-09-30,,Entregue
PED_SKU_1402_VAN_2,SKU_1402_VAN,2024-10-15,144,74.7,,2024-11-29,,Entregue
PED_SKU_1403_AQU_0,SKU_1403_AQU,2024-06-17,110,126.71,,2024-08-01,,Entregue
PED_SKU_1403_AQU_1,SKU_1403_AQU,2024-08-16,110,126.71,,2024-09-30,,Entregue
PED_SKU_1403_AQU_2,SKU_1403_AQU,2024-10-15,110,126.71,,2024-11-29,,Entregue
PED_SKU_1403_AQU_3,SKU_1403_AQU,2024-12-14,110,126.71,,2025-01-28,,Cancelado
PED_SKU_1403_DUS_0,SKU_1403_DUS,2024-06-17,92,126.71,,2024-08-01,,Entregue
PED_SKU_1403_DUS_1,SKU_1403_DUS,2024-08-16,92,126.71,,2024-09-30,,Entregue
PED_SKU_1403_DUS_2,SKU_1403_DUS,2024-10-15,92,126.71,,2024-11-29,,Entregue
PED_SKU_1403_DUS_3,SKU_1403_DUS,2024-12-14,92,126.71,,2025-01-28,,Entregue
PED_SKU_1404_SAP_0,SKU_1404_SAP,2024-06-17,209,337.59,,2024-08-01,,Entregue
PED_SKU_1404_SAP_1,SKU_1404_SAP,2024-08-16,209,337.59,,2024-09-30,,Entregue
PED_SKU_1404_ARM_0,SKU_1404_ARM,2024-06-17,211,337.59,,2024-08-01,,Entregue
PED_SKU_1404_ARM_1,SKU_1404_ARM,2024-08-16,211,337.59,,2024-09-30,,Entregue
PED_SKU_1405_FLA_0,SKU_1405_FLA,2024-06-17,103,71.13,,2024-08-01,,Entregue
PED_SKU_1405_FLA_1,SKU_1405_FLA,2024-08-16,103,71.13,,2024-09-30,,Entregue
PED_SKU_1405_FLA_2,SKU_1405_FLA,2024-10-15,103,71.13,,2024-11-29,,Entregue
PED_SKU_1405_FLA_3,SKU_1405_FLA,2024-12-14,103,71.13,,2025-01-28,,Entregue
PED_SKU_1405_CLO_0,SKU_1405_CLO,2024-06-17,101,71.13,,2024-08-01,,Entregue
PED_SKU_1405_CLO_1,SKU_1405_CLO,2024-08-16,101,71.13,,2024-09-30,,Entregue
PED_SKU_1405_CLO_2,SKU_1405_CLO,2024-10-15,101,71.13,,2024-11-29,,Entregue
PED_SKU_1405_CLO_3,SKU_1405_CLO,2024-12-14,101,71.13,,2025-01-28,,Entregue
PED_SKU_1406_PRI_0,SKU_1406_PRI,2024-06-17,142,115.19,,2024-08-01,,Entregue
PED_SKU_1406_PRI_1,SKU_1406_PRI,2024-08-16,142,115.19,,2024-09-30,,Entregue
PED_SKU_1406_PRI_2,SKU_1406_PRI,2024-10-15,142,115.19,,2024-11-29,,Cancelado
PED_SKU_1406_SHO_0,SKU_1406_SHO,2024-06-17,138,115.19,,2024-08-01,,Entregue
PED_SKU_1406_SHO_1,SKU_1406_SHO,2024-08-16,138,115.19,,2024-09-30,,Entregue
PED_SKU_1406_SHO_2,SKU_1406_SHO,2024-10-15,138,115.19,,2024-11-29,,Entregue
PED_SKU_1407_OFF_0,SKU_1407_OFF,2024-06-17,182,61.64,,2024-08-01,,Entregue
PED_SKU_1407_OFF_1,SKU_1407_OFF,2024-08-16,182,61.64,,2024-09-30,,Entregue
PED_SKU_1407_EME_0,SKU_1407_EME,2024-06-17,139,61.64,,2024-08-01,,Entregue
PED_SKU_1407_EME_1,SKU_1407_EME,2024-08-16,139,61.64,,2024-09-30,,Entregue
PED_SKU_1407_EME_2,SKU_1407_EME,2024-10-15,139,61.64,,2024-11-29,,Entregue
PED_SKU_1408_PAS_0,SKU_1408_PAS,2024-06-17,100,291.18,,2024-08-01,,Entregue
PED_SKU_1408_PAS_1,SKU_1408_PAS,2024-08-16,100,291.18,,2024-09-30,,Entregue
PED_SKU_1408_PAS_2,SKU_1408_PAS,2024-10-15,100,291.18,,2024-11-29,,Entregue
PED_SKU_1408_PAS_3,SKU_1408_PAS,2024-12-14,100,291.18,,2025-01-28,,Entregue
PED_SKU_1408_FUC_0,SKU_1408_FUC,2024-06-17,109,291.18,,2024-08-01,,Entregue
PED_SKU_1408_FUC_1,SKU_1408_FUC,2024-08-16,109,291.18,,2024-09-30,,Entregue
PED_SKU_1408_FUC_2,SKU_1408_FUC,2024-10-15,109,291.18,,2024-11-29,,Entregue
PED_SKU_1408_FUC_3,SKU_1408_FUC,2024-12-14,109,291.18,,2025-01-28,,Entregue
PED_SKU_1409_PEA_0,SKU_1409_PEA,2024-06-17,301,61.77,,2024-08-01,,Entregue
PED_SKU_1409_PEA_1,SKU_1409_PEA,2024-08-16,301,61.77,,2024-09-30,,Entregue
PED_SKU_1409_PEA_2,SKU_1409_PEA,2024-10-15,301,61.77,,2024-11-29,,Entregue
PED_SKU_1410_ROS_0,SKU_1410_ROS,2024-06-17,199,338.55,,2024-08-01,,Entregue
PED_SKU_1410_ROS_1,SKU_1410_ROS,2024-08-16,199,338.55,,2024-09-30,,Entregue
PED_SKU_1410_JAD_0,SKU_1410_JAD,2024-06-17,101,338.55,,2024-08-01,,Entregue
PED_SKU_1410_JAD_1,SKU_1410_JAD,2024-08-16,101,338.55,,2024-09-30,,Entregue
PED_SKU_1410_JAD_2,SKU_1410_JAD,2024-10-15,101,338.55,,2024-11-29,,Entregue
PED_SKU_1410_JAD_3,SKU_1410_JAD,2024-12-14,101,338.55,,2025-01-28,,Entregue
PED_SKU_1411_BLU_0,SKU_1411_BLU,2024-06-17,238,78.42,,2024-08-01,,Entregue
PED_SKU_1411_BLU_1,SKU_1411_BLU,2024-08-16,238,78.42,,2024-09-30,,Entregue
PED_SKU_1411_RAS_0,SKU_1411_RAS,2024-06-17,137,78.42,,2024-08-01,,Entregue
PED_SKU_1411_RAS_1,SKU_1411_RAS,2024-08-16,137,78.42,,2024-09-30,,Entregue
PED_SKU_1411_RAS_2,SKU_1411_RAS,2024-10-15,137,78.42,,2024-11-29,,Entregue
PED_SKU_1412_SHO_0,SKU_1412_SHO,2024-06-17,215,318.94,,2024-08-01,,Entregue
PED_SKU_1412_SHO_1,SKU_1412_SHO,2024-08-16,215,318.94,,2024-09-30,,Entregue
PED_SKU_1412_BAB_0,SKU_1412_BAB,2024-06-17,181,318.94,,2024-08-01,,Entregue
PED_SKU_1412_BAB_1,SKU_1412_BAB,2024-08-16,181,318.94,,2024-09-30,,Entregue
PED_SKU_1413_SAG_0,SKU_1413_SAG,2024-06-17,216,61.2,,2024-08-01,,Entregue
PED_SKU_1413_SAG_1,SKU_1413_SAG,2024-08-16,216,61.2,,2024-09-30,,Entregue
PED_SKU_1413_JAD_0,SKU_1413_JAD,2024-06-17,136,61.2,,2024-08-01,,Entregue
PED_SKU_1413_JAD_1,SKU_1413_JAD,2024-08-16,136,61.2,,2024-09-30,,Entregue
PED_SKU_1413_JAD_2,SKU_1413_JAD,2024-10-15,136,61.2,,2024-11-29,,Entregue
PED_SKU_1414_DUS_0,SKU_1414_DUS,2024-06-17,112,108.09,,2024-08-01,,Entregue
PED_SKU_1414_DUS_1,SKU_1414_DUS,2024-08-16,112,108.09,,2024-09-30,,Entregue
PED_SKU_1414_DUS_2,SKU_1414_DUS,2024-10-15,112,108.09,,2024-11-29,,Entregue
PED_SKU_1414_DUS_3,SKU_1414_DUS,2024-12-14,112,108.09,,2025-01-28,,Entregue
PED_SKU_1414_CLO_0,SKU_1414_CLO,2024-06-17,213,108.09,,2024-08-01,,Entregue
PED_SKU_1414_CLO_1,SKU_1414_CLO,2024-08-16,213,108.09,,2024-09-30,,Entregue
PED_SKU_1415_BAB_0,SKU_1415_BAB,2024-06-17,145,112.86,,2024-08-01,,Entregue
PED_SKU_1415_BAB_1,SKU_1415_BAB,2024-08-16,145,112.86,,2024-09-30,,Entregue
PED_SKU_1415_BAB_2,SKU_1415_BAB,2024-10-15,145,112.86,,2024-11-29,,Entregue
PED_SKU_1415_MID_0,SKU_1415_MID,2024-06-17,146,112.86,,2024-08-01,,Entregue
PED_SKU_1415_MID_1,SKU_1415_MID,2024-08-16,146,112.86,,2024-09-30,,Entregue
PED_SKU_1415_MID_2,SKU_1415_MID,2024-10-15,146,112.86,,2024-11-29,,Entregue
PED_SKU_1416_CLE_0,SKU_1416_CLE,2024-06-17,123,86.07,,2024-08-01,,Entregue
PED_SKU_1416_CLE_1,SKU_1416_CLE,2024-08-16,123,86.07,,2024-09-30,,Entregue
PED_SKU_1416_CLE_2,SKU_1416_CLE,2024-10-15,123,86.07,,2024-11-29,,Entregue
PED_SKU_1416_AQU_0,SKU_1416_AQU,2024-06-17,235,86.07,,2024-08-01,,Entregue
PED_SKU_1416_AQU_1,SKU_1416_AQU,2024-08-16,235,86.07,,2024-09-30,,Entregue
PED_SKU_1417_SNO_0,SKU_1417_SNO,2024-06-17,130,89.4,,2024-08-01,,Entregue
PED_SKU_1417_SNO_1,SKU_1417_SNO,2024-08-16,130,89.4,,2024-09-30,,Entregue
PED_SKU_1417_SNO_2,SKU_1417_SNO,2024-10-15,130,89.4,,2024-11-29,,Entregue
PED_SKU_1417_BIR_0,SKU_1417_BIR,2024-06-17,104,89.4,,2024-08-01,,Entregue
PED_SKU_1417_BIR_1,SKU_1417_BIR,2024-08-16,104,89.4,,2024-09-30,,Entregue
PED_SKU_1417_BIR_2,SKU_1417_BIR,2024-10-15,104,89.4,,2024-11-29,,Entregue
PED_SKU_1417_BIR_3,SKU_1417_BIR,2024-12-14,104,89.4,,2025-01-28,,Entregue
PED_SKU_1418_CLE_0,SKU_1418_CLE,2024-06-17,220,255.01,,2024-08-01,,Entregue
PED_SKU_1418_CLE_1,SKU_1418_CLE,2024-08-16,220,255.01,,2024-09-30,,Entregue
PED_SKU_1418_MOS_0,SKU_1418_MOS,2024-06-17,95,255.01,,2024-08-01,,Entregue
PED_SKU_1418_MOS_1,SKU_1418_MOS,2024-08-16,95,255.01,,2024-09-30,,Entregue
PED_SKU_1418_MOS_2,SKU_1418_MOS,2024-10-15,95,255.01,,2024-11-29,,Entregue
PED_SKU_1418_MOS_3,SKU_1418_MOS,2024-12-14,95,255.01,,2025-01-28,,Entregue
PED_SKU_1419_FLA_0,SKU_1419_FLA,2024-06-17,145,83.35,,2024-08-01,,Entregue
PED_SKU_1419_FLA_1,SKU_1419_FLA,2024-08-16,145,83.35,,2024-09-30,,Entregue
PED_SKU_1419_FLA_2,SKU_1419_FLA,2024-10-15,145,83.35,,2024-11-29,,Entregue
PED_SKU_1419_WHI_0,SKU_1419_WHI,2024-06-17,96,83.35,,2024-08-01,,Entregue
PED_SKU_1419_WHI_1,SKU_1419_WHI,2024-08-16,96,83.35,,2024-09-30,,Entregue
PED_SKU_1419_WHI_2,SKU_1419_WHI,2024-10-15,96,83.35,,2024-11-29,,Entregue
PED_SKU_1419_WHI_3,SKU_1419_WHI,2024-12-14,96,83.35,,2025-01-28,,Entregue
PED_SKU_1420_EGR_0,SKU_1420_EGR,2024-06-17,146,325.07,,2024-08-01,,Entregue
PED_SKU_1420_EGR_1,SKU_1420_EGR,2024-08-16,146,325.07,,2024-09-30,,Entregue
PED_SKU_1420_EGR_2,SKU_1420_EGR,2024-10-15,146,325.07,,2024-11-29,,Entregue
PED_SKU_1420_LIM_0,SKU_1420_LIM,2024-06-17,141,325.07,,2024-08-01,,Entregue
PED_SKU_1420_LIM_1,SKU_1420_LIM,2024-08-16,141,325.07,,2024-09-30,,Entregue
PED_SKU_1420_LIM_2,SKU_1420_LIM,2024-10-15,141,325.07,,2024-11-29,,Entregue
PED_SKU_1421_LIG_0,SKU_1421_LIG,2024-06-17,92,87.03,,2024-08-01,,Entregue
PED_SKU_1421_LIG_1,SKU_1421_LIG,2024-08-16,92,87.03,,2024-09-30,,Entregue
PED_SKU_1421_LIG_2,SKU_1421_LIG,2024-10-15,92,87.03,,2024-11-29,,Entregue
PED_SKU_1421_LIG_3,SKU_1421_LIG,2024-12-14,92,87.03,,2025-01-28,,Entregue
PED_SKU_1421_SER_0,SKU_1421_SER,2024-06-17,129,87.03,,2024-08-01,,Entregue
PED_SKU_1421_SER_1,SKU_1421_SER,2024-08-16,129,87.03,,2024-09-30,,Entregue
PED_SKU_1421_SER_2,SKU_1421_SER,2024-10-15,129,87.03,,2024-11-29,,Cancelado
PED_SKU_1422_PIN_0,SKU_1422_PIN,2024-06-17,111,119.96,,2024-08-01,,Entregue
PED_SKU_1422_PIN_1,SKU_1422_PIN,2024-08-16,111,119.96,,2024-09-30,,Entregue
PED_SKU_1422_PIN_2,SKU_1422_PIN,2024-10-15,111,119.96,,2024-11-29,,Entregue
PED_SKU_1422_PIN_3,SKU_1422_PIN,2024-12-14,111,119.96,,2025-01-28,,Entregue
PED_SKU_1422_MIN_0,SKU_1422_MIN,2024-06-17,151,119.96,,2024-08-01,,Entregue
PED_SKU_1422_MIN_1,SKU_1422_MIN,2024-08-16,151,119.96,,2024-09-30,,Entregue
PED_SKU_1422_MIN_2,SKU_1422_MIN,2024-10-15,151,119.96,,2024-11-29,,Entregue
PED_SKU_1423_JAD_0,SKU_1423_JAD,2024-06-17,226,395.01,,2024-08-01,,Entregue
PED_SKU_1423_JAD_1,SKU_1423_JAD,2024-08-16,226,395.01,,2024-09-30,,Entregue
PED_SKU_1423_SAG_0,SKU_1423_SAG,2024-06-17,113,395.01,,2024-08-01,,Entregue
PED_SKU_1423_SAG_1,SKU_1423_SAG,2024-08-16,113,395.01,,2024-09-30,,Entregue
PED_SKU_1423_SAG_2,SKU_1423_SAG,2024-10-15,113,395.01,,2024-11-29,,Entregue
PED_SKU_1423_SAG_3,SKU_1423_SAG,2024-12-14,113,395.01,,2025-01-28,,Entregue
PED_SKU_1424_VAN_0,SKU_1424_VAN,2024-06-17,143,327.52,,2024-08-01,,Entregue
PED_SKU_1424_VAN_1,SKU_1424_VAN,2024-08-16,143,327.52,,2024-09-30,,Entregue
PED_SKU_1424_VAN_2,SKU_1424_VAN,2024-10-15,143,327.52,,2024-11-29,,Entregue
PED_SKU_1424_BAB_0,SKU_1424_BAB,2024-06-17,208,327.52,,2024-08-01,,Entregue
PED_SKU_1424_BAB_1,SKU_1424_BAB,2024-08-16,208,327.52,,2024-09-30,,Entregue
PED_SKU_1425_WHI_0,SKU_1425_WHI,2024-06-17,147,66.75,,2024-08-01,,Entregue
PED_SKU_1425_WHI_1,SKU_1425_WHI,2024-08-16,147,66.75,,2024-09-30,,Cancelado
PED_SKU_1425_WHI_2,SKU_1425_WHI,2024-10-15,147,66.75,,2024-11-29,,Entregue
PED_SKU_1425_LIG_0,SKU_1425_LIG,2024-06-17,145,66.75,,2024-08-01,,Entregue
PED_SKU_1425_LIG_1,SKU_1425_LIG,2024-08-16,145,66.75,,2024-09-30,,Entregue
PED_SKU_1425_LIG_2,SKU_1425_LIG,2024-10-15,145,66.75,,2024-11-29,,Entregue
PED_SKU_1426_NAV_0,SKU_1426_NAV,2024-06-17,144,37.77,,2024-08-01,,Entregue
PED_SKU_1426_NAV_1,SKU_1426_NAV,2024-08-16,144,37.77,,2024-09-30,,Entregue
PED_SKU_1426_NAV_2,SKU_1426_NAV,2024-10-15,144,37.77,,2024-11-29,,Entregue
PED_SKU_1426_SEA_0,SKU_1426_SEA,2024-06-17,92,37.77,,2024-08-01,,Entregue
PED_SKU_1426_SEA_1,SKU_1426_SEA,2024-08-16,92,37.77,,2024-09-30,,Entregue
PED_SKU_1426_SEA_2,SKU_1426_SEA,2024-10-15,92,37.77,,2024-11-29,,Entregue
PED_SKU_1426_SEA_3,SKU_1426_SEA,2024-12-14,92,37.77,,2025-01-28,,Entregue
PED_SKU_1427_AQU_0,SKU_1427_AQU,2024-06-17,229,62.23,,2024-08-01,,Entregue
PED_SKU_1427_AQU_1,SKU_1427_AQU,2024-08-16,229,62.23,,2024-09-30,,Entregue
PED_SKU_1427_BLA_0,SKU_1427_BLA,2024-06-17,143,62.23,,2024-08-01,,Cancelado
PED_SKU_1427_BLA_1,SKU_1427_BLA,2024-08-16,143,62.23,,2024-09-30,,Entregue
PED_SKU_1427_BLA_2,SKU_1427_BLA,2024-10-15,143,62.23,,2024-11-29,,Entregue
PED_SKU_1428_COB_0,SKU_1428_COB,2024-06-17,141,134.3,,2024-08-01,,Entregue
PED_SKU_1428_COB_1,SKU_1428_COB,2024-08-16,141,134.3,,2024-09-30,,Entregue
PED_SKU_1428_COB_2,SKU_1428_COB,2024-10-15,141,134.3,,2024-11-29,,Cancelado
PED_SKU_1428_SKY_0,SKU_1428_SKY,2024-06-17,201,134.3,,2024-08-01,,Entregue
PED_SKU_1428_SKY_1,SKU_1428_SKY,2024-08-16,201,134.3,,2024-09-30,,Entregue
PED_SKU_1429_SPA_0,SKU_1429_SPA,2024-06-17,213,60.02,,2024-08-01,,Entregue
PED_SKU_1429_SPA_1,SKU_1429_SPA,2024-08-16,213,60.02,,2024-09-30,,Entregue
PED_SKU_1429_MAG_0,SKU_1429_MAG,2024-06-17,100,60.02,,2024-08-01,,Entregue
PED_SKU_1429_MAG_1,SKU_1429_MAG,2024-08-16,100,60.02,,2024-09-30,,Entregue
PED_SKU_1429_MAG_2,SKU_1429_MAG,2024-10-15,100,60.02,,2024-11-29,,Entregue
PED_SKU_1429_MAG_3,SKU_1429_MAG,2024-12-14,100,60.02,,2025-01-28,,Entregue
PED_SKU_1430_PEA_0,SKU_1430_PEA,2024-06-17,162,63.09,,2024-08-01,,Entregue
PED_SKU_1430_PEA_1,SKU_1430_PEA,2024-08-16,162,63.09,,2024-09-30,,Entregue
PED_SKU_1430_PEA_2,SKU_1430_PEA,2024-10-15,162,63.09,,2024-11-29,,Entregue
PED_SKU_1430_JAD_0,SKU_1430_JAD,2024-06-17,140,63.09,,2024-08-01,,Entregue
PED_SKU_1430_JAD_1,SKU_1430_JAD,2024-08-16,140,63.09,,2024-09-30,,Entregue
PED_SKU_1430_JAD_2,SKU_1430_JAD,2024-10-15,140,63.09,,2024-11-29,,Entregue
PED_SKU_1431_TEA_0,SKU_1431_TEA,2024-06-17,136,126.12,,2024-08-01,,Entregue
PED_SKU_1431_TEA_1,SKU_1431_TEA,2024-08-16,136,126.12,,2024-09-30,,Entregue
PED_SKU_1431_TEA_2,SKU_1431_TEA,2024-10-15,136,126.12,,2024-11-29,,Entregue
PED_SKU_1431_CRE_0,SKU_1431_CRE,2024-06-17,107,126.12,,2024-08-01,,Entregue
PED_SKU_1431_CRE_1,SKU_1431_CRE,2024-08-16,107,126.12,,2024-09-30,,Entregue
PED_SKU_1431_CRE_2,SKU_1431_CRE,2024-10-15,107,126.12,,2024-11-29,,Entregue
PED_SKU_1431_CRE_3,SKU_1431_CRE,2024-12-14,107,126.12,,2025-01-28,,Entregue
PED_SKU_1432_WHI_0,SKU_1432_WHI,2024-06-17,122,279.21,,2024-08-01,,Entregue
PED_SKU_1432_WHI_1,SKU_1432_WHI,2024-08-16,122,279.21,,2024-09-30,,Entregue
PED_SKU_1432_WHI_2,SKU_1432_WHI,2024-10-15,122,279.21,,2024-11-29,,Entregue
PED_SKU_1432_BRI_0,SKU_1432_BRI,2024-06-17,127,279.21,,2024-08-01,,Entregue
PED_SKU_1432_BRI_1,SKU_1432_BRI,2024-08-16,127,279.21,,2024-09-30,,Cancelado
PED_SKU_1432_BRI_2,SKU_1432_BRI,2024-10-15,127,279.21,,2024-11-29,,Entregue
PED_SKU_1433_OLI_0,SKU_1433_OLI,2024-06-17,134,103.67,,2024-08-01,,Entregue
PED_SKU_1433_OLI_1,SKU_1433_OLI,2024-08-16,134,103.67,,2024-09-30,,Entregue
PED_SKU_1433_OLI_2,SKU_1433_OLI,2024-10-15,134,103.67,,2024-11-29,,Entregue
PED_SKU_1433_SAP_0,SKU_1433_SAP,2024-06-17,196,103.67,,2024-08-01,,Entregue
PED_SKU_1433_SAP_1,SKU_1433_SAP,2024-08-16,196,103.67,,2024-09-30,,Entregue
PED_SKU_1434_ARM_0,SKU_1434_ARM,2024-06-17,151,66.75,,2024-08-01,,Entregue
PED_SKU_1434_ARM_1,SKU_1434_ARM,2024-08-16,151,66.75,,2024-09-30,,Entregue
PED_SKU_1434_ARM_2,SKU_1434_ARM,2024-10-15,151,66.75,,2024-11-29,,Entregue
PED_SKU_1434_MIN_0,SKU_1434_MIN,2024-06-17,132,66.75,,2024-08-01,,Entregue
PED_SKU_1434_MIN_1,SKU_1434_MIN,2024-08-16,132,66.75,,2024-09-30,,Entregue
PED_SKU_1434_MIN_2,SKU_1434_MIN,2024-10-15,132,66.75,,2024-11-29,,Entregue
PED_SKU_1435_SKY_0,SKU_1435_SKY,2024-06-17,133,304.81,,2024-08-01,,Entregue
PED_SKU_1435_SKY_1,SKU_1435_SKY,2024-08-16,133,304.81,,2024-09-30,,Entregue
PED_SKU_1435_SKY_2,SKU_1435_SKY,2024-10-15,133,304.81,,2024-11-29,,Entregue
PED_SKU_1435_OLI_0,SKU_1435_OLI,2024-06-17,125,304.81,,2024-08-01,,Entregue
PED_SKU_1435_OLI_1,SKU_1435_OLI,2024-08-16,125,304.81,,2024-09-30,,Entregue
PED_SKU_1435_OLI_2,SKU_1435_OLI,2024-10-15,125,304.81,,2024-11-29,,Entregue
PED_SKU_1436_BLU_0,SKU_1436_BLU,2024-06-17,186,82.88,,2024-08-01,,Entregue
PED_SKU_1436_BLU_1,SKU_1436_BLU,2024-08-16,186,82.88,,2024-09-30,,Entregue
PED_SKU_1436_PAS_0,SKU_1436_PAS,2024-06-17,201,82.88,,2024-08-01,,Entregue
PED_SKU_1436_PAS_1,SKU_1436_PAS,2024-08-16,201,82.88,,2024-09-30,,Cancelado
PED_SKU_1437_ROY_0,SKU_1437_ROY,2024-06-17,108,52.53,,2024-08-01,,Entregue
PED_SKU_1437_ROY_1,SKU_1437_ROY,2024-08-16,108,52.53,,2024-09-30,,Entregue
PED_SKU_1437_ROY_2,SKU_1437_ROY,2024-10-15,108,52.53,,2024-11-29,,Entregue
PED_SKU_1437_ROY_3,SKU_1437_ROY,2024-12-14,108,52.53,,2025-01-28,,Cancelado
PED_SKU_1437_AQU_0,SKU_1437_AQU,2024-06-17,153,52.53,,2024-08-01,,Entregue
PED_SKU_1437_AQU_1,SKU_1437_AQU,2024-08-16,153,52.53,,2024-09-30,,Entregue
PED_SKU_1437_AQU_2,SKU_1437_AQU,2024-10-15,153,52.53,,2024-11-29,,Entregue
PED_SKU_1438_MOS_0,SKU_1438_MOS,2024-06-17,223,76.92,,2024-08-01,,Entregue
PED_SKU_1438_MOS_1,SKU_1438_MOS,2024-08-16,223,76.92,,2024-09-30,,Entregue
PED_SKU_1438_DEE_0,SKU_1438_DEE,2024-06-17,145,76.92,,2024-08-01,,Entregue
PED_SKU_1438_DEE_1,SKU_1438_DEE,2024-08-16,145,76.92,,2024-09-30,,Entregue
PED_SKU_1438_DEE_2,SKU_1438_DEE,2024-10-15,145,76.92,,2024-11-29,,Entregue
PED_SKU_1439_CER_0,SKU_1439_CER,2024-06-17,149,61.2,,2024-08-01,,Entregue
PED_SKU_1439_CER_1,SKU_1439_CER,2024-08-16,149,61.2,,2024-09-30,,Entregue
PED_SKU_1439_CER_2,SKU_1439_CER,2024-10-15,149,61.2,,2024-11-29,,Entregue
PED_SKU_1439_SHO_0,SKU_1439_SHO,2024-06-17,139,61.2,,2024-08-01,,Entregue
PED_SKU_1439_SHO_1,SKU_1439_SHO,2024-08-16,139,61.2,,2024-09-30,,Entregue
PED_SKU_1439_SHO_2,SKU_1439_SHO,2024-10-15,139,61.2,,2024-11-29,,Entregue
PED_SKU_1440_PIS_0,SKU_1440_PIS,2024-06-17,133,462.93,,2024-08-01,,Entregue
PED_SKU_1440_PIS_1,SKU_1440_PIS,2024-08-16,133,462.93,,2024-09-30,,Entregue
PED_SKU_1440_PIS_2,SKU_1440_PIS,2024-10-15,133,462.93,,2024-11-29,,Entregue
PED_SKU_1440_BLU_0,SKU_1440_BLU,2024-06-17,135,462.93,,2024-08-01,,Entregue
PED_SKU_1440_BLU_1,SKU_1440_BLU,2024-08-16,135,462.93,,2024-09-30,,Entregue
PED_SKU_1440_BLU_2,SKU_1440_BLU,2024-10-15,135,462.93,,2024-11-29,,Entregue
PED_SKU_1441_COB_0,SKU_1441_COB,2024-06-17,106,447.85,,2024-08-01,,Entregue
PED_SKU_1441_COB_1,SKU_1441_COB,2024-08-16,106,447.85,,2024-09-30,,Entregue
PED_SKU_1441_COB_2,SKU_1441_COB,2024-10-15,106,447.85,,2024-11-29,,Entregue
PED_SKU_1441_COB_3,SKU_1441_COB,2024-12-14,106,447.85,,2025-01-28,,Entregue
PED_SKU_1441_IVO_0,SKU_1441_IVO,2024-06-17,207,447.85,,2024-08-01,,Entregue
PED_SKU_1441_IVO_1,SKU_1441_IVO,2024-08-16,207,447.85,,2024-09-30,,Entregue
PED_SKU_1442_OFF_0,SKU_1442_OFF,2024-06-17,191,95.96,,2024-08-01,,Entregue
PED_SKU_1442_OFF_1,SKU_1442_OFF,2024-08-16,191,95.96,,2024-09-30,,Entregue
PED_SKU_1442_EME_0,SKU_1442_EME,2024-06-17,101,95.96,,2024-08-01,,Entregue
PED_SKU_1442_EME_1,SKU_1442_EME,2024-08-16,101,95.96,,2024-09-30,,Entregue
PED_SKU_1442_EME_2,SKU_1442_EME,2024-10-15,101,95.96,,2024-11-29,,Entregue
PED_SKU_1442_EME_3,SKU_1442_EME,2024-12-14,101,95.96,,2025-01-28,,Entregue
PED_SKU_1443_BLU_0,SKU_1443_BLU,2024-06-17,230,89.34,,2024-08-01,,Entregue
PED_SKU_1443_BLU_1,SKU_1443_BLU,2024-08-16,230,89.34,,2024-09-30,,Entregue
PED_SKU_1443_PRI_0,SKU_1443_PRI,2024-06-17,139,89.34,,2024-08-01,,Cancelado
PED_SKU_1443_PRI_1,SKU_1443_PRI,2024-08-16,139,89.34,,2024-09-30,,Entregue
PED_SKU_1443_PRI_2,SKU_1443_PRI,2024-10-15,139,89.34,,2024-11-29,,Entregue
PED_SKU_1444_HUN_0,SKU_1444_HUN,2024-06-17,99,91.17,,2024-08-01,,Cancelado
PED_SKU_1444_HUN_1,SKU_1444_HUN,2024-08-16,99,91.17,,2024-09-30,,Entregue
PED_SKU_1444_HUN_2,SKU_1444_HUN,2024-10-15,99,91.17,,2024-11-29,,Entregue
PED_SKU_1444_HUN_3,SKU_1444_HUN,2024-12-14,99,91.17,,2025-01-28,,Entregue
PED_SKU_1444_OLI_0,SKU_1444_OLI,2024-06-17,95,91.17,,2024-08-01,,Entregue
PED_SKU_1444_OLI_1,SKU_1444_OLI,2024-08-16,95,91.17,,2024-09-30,,Cancelado
PED_SKU_1444_OLI_2,SKU_1444_OLI,2024-10-15,95,91.17,,2024-11-29,,Entregue
PED_SKU_1444_OLI_3,SKU_1444_OLI,2024-12-14,95,91.17,,2025-01-28,,Entregue
PED_SKU_1445_TEA_0,SKU_1445_TEA,2024-06-17,109,158.06,,2024-08-01,,Entregue
PED_SKU_1445_TEA_1,SKU_1445_TEA,2024-08-16,109,158.06,,2024-09-30,,Entregue
PED_SKU_1445_TEA_2,SKU_1445_TEA,2024-10-15,109,158.06,,2024-11-29,,Entregue
PED_SKU_1445_TEA_3,SKU_1445_TEA,2024-12-14,109,158.06,,2025-01-28,,Entregue
PED_SKU_1445_PRI_0,SKU_1445_PRI,2024-06-17,105,158.06,,2024-08-01,,Entregue
PED_SKU_1445_PRI_1,SKU_1445_PRI,2024-08-16,105,158.06,,2024-09-30,,Entregue
PED_SKU_1445_PRI_2,SKU_1445_PRI,2024-10-15,105,158.06,,2024-11-29,,Entregue
PED_SKU_1445_PRI_3,SKU_1445_PRI,2024-12-14,105,158.06,,2025-01-28,,Entregue
PED_SKU_1446_SHO_0,SKU_1446_SHO,2024-06-17,196,105.58,,2024-08-01,,Entregue
PED_SKU_1446_SHO_1,SKU_1446_SHO,2024-08-16,196,105.58,,2024-09-30,,Entregue
PED_SKU_1446_GAR_0,SKU_1446_GAR,2024-06-17,208,105.58,,2024-08-01,,Entregue
PED_SKU_1446_GAR_1,SKU_1446_GAR,2024-08-16,208,105.58,,2024-09-30,,Entregue
PED_SKU_1447_BLU_0,SKU_1447_BLU,2024-06-17,139,78.98,,2024-08-01,,Entregue
PED_SKU_1447_BLU_1,SKU_1447_BLU,2024-08-16,139,78.98,,2024-09-30,,Entregue
PED_SKU_1447_BLU_2,SKU_1447_BLU,2024-10-15,139,78.98,,2024-11-29,,Entregue
PED_SKU_1447_OLI_0,SKU_1447_OLI,2024-06-17,225,78.98,,2024-08-01,,Entregue
PED_SKU_1447_OLI_1,SKU_1447_OLI,2024-08-16,225,78.98,,2024-09-30,,Entregue
PED_SKU_1448_SKY_0,SKU_1448_SKY,2024-06-17,128,59.22,,2024-08-01,,Entregue
PED_SKU_1448_SKY_1,SKU_1448_SKY,2024-08-16,128,59.22,,2024-09-30,,Entregue
PED_SKU_1448_SKY_2,SKU_1448_SKY,2024-10-15,128,59.22,,2024-11-29,,Entregue
PED_SKU_1448_SEA_0,SKU_1448_SEA,2024-06-17,186,59.22,,2024-08-01,,Entregue
PED_SKU_1448_SEA_1,SKU_1448_SEA,2024-08-16,186,59.22,,2024-09-30,,Entregue
PED_SKU_1449_BLA_0,SKU_1449_BLA,2024-06-17,125,107.54,,2024-08-01,,Entregue
PED_SKU_1449_BLA_1,SKU_1449_BLA,2024-08-16,125,107.54,,2024-09-30,,Entregue
PED_SKU_1449_BLA_2,SKU_1449_BLA,2024-10-15,125,107.54,,2024-11-29,,Entregue
PED_SKU_1449_NAV_0,SKU_1449_NAV,2024-06-17,144,107.54,,2024-08-01,,Entregue
PED_SKU_1449_NAV_1,SKU_1449_NAV,2024-08-16,144,107.54,,2024-09-30,,Entregue
PED_SKU_1449_NAV_2,SKU_1449_NAV,2024-10-15,144,107.54,,2024-11-29,,Entregue
PED_SKU_1450_MAG_0,SKU_1450_MAG,2024-06-17,206,132.56,,2024-08-01,,Entregue
PED_SKU_1450_MAG_1,SKU_1450_MAG,2024-08-16,206,132.56,,2024-09-30,,Entregue
PED_SKU_1450_JAD_0,SKU_1450_JAD,2024-06-17,117,132.56,,2024-08-01,,Entregue
PED_SKU_1450_JAD_1,SKU_1450_JAD,2024-08-16,117,132.56,,2024-09-30,,Cancelado
PED_SKU_1450_JAD_2,SKU_1450_JAD,2024-10-15,117,132.56,,2024-11-29,,Entregue
PED_SKU_1451_WHI_0,SKU_1451_WHI,2024-06-17,125,79.28,,2024-08-01,,Entregue
PED_SKU_1451_WHI_1,SKU_1451_WHI,2024-08-16,125,79.28,,2024-09-30,,Entregue
PED_SKU_1451_WHI_2,SKU_1451_WHI,2024-10-15,125,79.28,,2024-11-29,,Entregue
PED_SKU_1451_BIR_0,SKU_1451_BIR,2024-06-17,216,79.28,,2024-08-01,,Entregue
PED_SKU_1451_BIR_1,SKU_1451_BIR,2024-08-16,216,79.28,,2024-09-30,,Entregue
PED_SKU_1452_SKY_0,SKU_1452_SKY,2024-06-17,197,38.73,,2024-08-01,,Entregue
PED_SKU_1452_SKY_1,SKU_1452_SKY,2024-08-16,197,38.73,,2024-09-30,,Entregue
PED_SKU_1452_DEE_0,SKU_1452_DEE,2024-06-17,97,38.73,,2024-08-01,,Entregue
PED_SKU_1452_DEE_1,SKU_1452_DEE,2024-08-16,97,38.73,,2024-09-30,,Entregue
PED_SKU_1452_DEE_2,SKU_1452_DEE,2024-10-15,97,38.73,,2024-11-29,,Entregue
PED_SKU_1452_DEE_3,SKU_1452_DEE,2024-12-14,97,38.73,,2025-01-28,,Entregue
PED_SKU_1453_SAP_0,SKU_1453_SAP,2024-06-17,137,74.46,,2024-08-01,,Cancelado
PED_SKU_1453_SAP_1,SKU_1453_SAP,2024-08-16,137,74.46,,2024-09-30,,Entregue
PED_SKU_1453_SAP_2,SKU_1453_SAP,2024-10-15,137,74.46,,2024-11-29,,Entregue
PED_SKU_1453_PRI_0,SKU_1453_PRI,2024-06-17,99,74.46,,2024-08-01,,Entregue
PED_SKU_1453_PRI_1,SKU_1453_PRI,2024-08-16,99,74.46,,2024-09-30,,Entregue
PED_SKU_1453_PRI_2,SKU_1453_PRI,2024-10-15,99,74.46,,2024-11-29,,Entregue
PED_SKU_1453_PRI_3,SKU_1453_PRI,2024-12-14,99,74.46,,2025-01-28,,Entregue
PED_SKU_1454_BRI_0,SKU_1454_BRI,2024-06-17,104,57.02,,2024-08-01,,Entregue
PED_SKU_1454_BRI_1,SKU_1454_BRI,2024-08-16,104,57.02,,2024-09-30,,Entregue
PED_SKU_1454_BRI_2,SKU_1454_BRI,2024-10-15,104,57.02,,2024-11-29,,Entregue
PED_SKU_1454_BRI_3,SKU_1454_BRI,2024-12-14,104,57.02,,2025-01-28,,Entregue
PED_SKU_1454_BUB_0,SKU_1454_BUB,2024-06-17,136,57.02,,2024-08-01,,Entregue
PED_SKU_1454_BUB_1,SKU_1454_BUB,2024-08-16,136,57.02,,2024-09-30,,Entregue
PED_SKU_1454_BUB_2,SKU_1454_BUB,2024-10-15,136,57.02,,2024-11-29,,Entregue
PED_SKU_1455_TEA_0,SKU_1455_TEA,2024-06-17,103,110.85,,2024-08-01,,Entregue
PED_SKU_1455_TEA_1,SKU_1455_TEA,2024-08-16,103,110.85,,2024-09-30,,Entregue
PED_SKU_1455_TEA_2,SKU_1455_TEA,2024-10-15,103,110.85,,2024-11-29,,Entregue
PED_SKU_1455_TEA_3,SKU_1455_TEA,2024-12-14,103,110.85,,2025-01-28,,Entregue
PED_SKU_1455_ROY_0,SKU_1455_ROY,2024-06-17,92,110.85,,2024-08-01,,Entregue
PED_SKU_1455_ROY_1,SKU_1455_ROY,2024-08-16,92,110.85,,2024-09-30,,Entregue
PED_SKU_1455_ROY_2,SKU_1455_ROY,2024-10-15,92,110.85,,2024-11-29,,Entregue
PED_SKU_1455_ROY_3,SKU_1455_ROY,2024-12-14,92,110.85,,2025-01-28,,Entregue
PED_SKU_1456_EME_0,SKU_1456_EME,2024-06-17,164,104.23,,2024-08-01,,Entregue
PED_SKU_1456_EME_1,SKU_1456_EME,2024-08-16,164,104.23,,2024-09-30,,Entregue
PED_SKU_1456_EME_2,SKU_1456_EME,2024-10-15,164,104.23,,2024-11-29,,Entregue
PED_SKU_1456_DEN_0,SKU_1456_DEN,2024-06-17,205,104.23,,2024-08-01,,Entregue
PED_SKU_1456_DEN_1,SKU_1456_DEN,2024-08-16,205,104.23,,2024-09-30,,Entregue
PED_SKU_1457_SNO_0,SKU_1457_SNO,2024-06-17,98,52.93,,2024-08-01,,Entregue
PED_SKU_1457_SNO_1,SKU_1457_SNO,2024-08-16,98,52.93,,2024-09-30,,Entregue
PED_SKU_1457_SNO_2,SKU_1457_SNO,2024-10-15,98,52.93,,2024-11-29,,Entregue
PED_SKU_1457_SNO_3,SKU_1457_SNO,2024-12-14,98,52.93,,2025-01-28,,Entregue
PED_SKU_1457_MAG_0,SKU_1457_MAG,2024-06-17,107,52.93,,2024-08-01,,Entregue
PED_SKU_1457_MAG_1,SKU_1457_MAG,2024-08-16,107,52.93,,2024-09-30,,Entregue
PED_SKU_1457_MAG_2,SKU_1457_MAG,2024-10-15,107,52.93,,2024-11-29,,Entregue
PED_SKU_1457_MAG_3,SKU_1457_MAG,2024-12-14,107,52.93,,2025-01-28,,Entregue
PED_SKU_1458_PEA_0,SKU_1458_PEA,2024-06-17,143,115.82,,2024-08-01,,Entregue
PED_SKU_1458_PEA_1,SKU_1458_PEA,2024-08-16,143,115.82,,2024-09-30,,Entregue
PED_SKU_1458_PEA_2,SKU_1458_PEA,2024-10-15,143,115.82,,2024-11-29,,Entregue
PED_SKU_1458_MIN_0,SKU_1458_MIN,2024-06-17,211,115.82,,2024-08-01,,Entregue
PED_SKU_1458_MIN_1,SKU_1458_MIN,2024-08-16,211,115.82,,2024-09-30,,Entregue
PED_SKU_1459_OFF_0,SKU_1459_OFF,2024-06-17,106,69.1,,2024-08-01,,Entregue
PED_SKU_1459_OFF_1,SKU_1459_OFF,2024-08-16,106,69.1,,2024-09-30,,Entregue
PED_SKU_1459_OFF_2,SKU_1459_OFF,2024-10-15,106,69.1,,2024-11-29,,Entregue
PED_SKU_1459_OFF_3,SKU_1459_OFF,2024-12-14,106,69.1,,2025-01-28,,Entregue
PED_SKU_1459_CRE_0,SKU_1459_CRE,2024-06-17,99,69.1,,2024-08-01,,Entregue
PED_SKU_1459_CRE_1,SKU_1459_CRE,2024-08-16,99,69.1,,2024-09-30,,Entregue
PED_SKU_1459_CRE_2,SKU_1459_CRE,2024-10-15,99,69.1,,2024-11-29,,Entregue
PED_SKU_1459_CRE_3,SKU_1459_CRE,2024-12-14,99,69.1,,2025-01-28,,Entregue
PED_SKU_1460_FUC_0,SKU_1460_FUC,2024-06-17,105,55.44,,2024-08-01,,Entregue
PED_SKU_1460_FUC_1,SKU_1460_FUC,2024-08-16,105,55.44,,2024-09-30,,Entregue
PED_SKU_1460_FUC_2,SKU_1460_FUC,2024-10-15,105,55.44,,2024-11-29,,Entregue
PED_SKU_1460_FUC_3,SKU_1460_FUC,2024-12-14,105,55.44,,2025-01-28,,Entregue
PED_SKU_1460_OLI_0,SKU_1460_OLI,2024-06-17,215,55.44,,2024-08-01,,Entregue
PED_SKU_1460_OLI_1,SKU_1460_OLI,2024-08-16,215,55.44,,2024-09-30,,Entregue
PED_SKU_1461_NAV_0,SKU_1461_NAV,2024-06-17,193,345.94,,2024-08-01,,Entregue
PED_SKU_1461_NAV_1,SKU_1461_NAV,2024-08-16,193,345.94,,2024-09-30,,Entregue
PED_SKU_1461_PRI_0,SKU_1461_PRI,2024-06-17,133,345.94,,2024-08-01,,Entregue
PED_SKU_1461_PRI_1,SKU_1461_PRI,2024-08-16,133,345.94,,2024-09-30,,Entregue
PED_SKU_1461_PRI_2,SKU_1461_PRI,2024-10-15,133,345.94,,2024-11-29,,Entregue
PED_SKU_1462_MID_0,SKU_1462_MID,2024-06-17,111,97.54,,2024-08-01,,Entregue
PED_SKU_1462_MID_1,SKU_1462_MID,2024-08-16,111,97.54,,2024-09-30,,Entregue
PED_SKU_1462_MID_2,SKU_1462_MID,2024-10-15,111,97.54,,2024-11-29,,Entregue
PED_SKU_1462_MID_3,SKU_1462_MID,2024-12-14,111,97.54,,2025-01-28,,Entregue
PED_SKU_1462_OFF_0,SKU_1462_OFF,2024-06-17,203,97.54,,2024-08-01,,Entregue
PED_SKU_1462_OFF_1,SKU_1462_OFF,2024-08-16,203,97.54,,2024-09-30,,Entregue
PED_SKU_1463_LIG_0,SKU_1463_LIG,2024-06-17,217,84.99,,2024-08-01,,Entregue
PED_SKU_1463_LIG_1,SKU_1463_LIG,2024-08-16,217,84.99,,2024-09-30,,Entregue
PED_SKU_1463_DUS_0,SKU_1463_DUS,2024-06-17,113,84.99,,2024-08-01,,Entregue
PED_SKU_1463_DUS_1,SKU_1463_DUS,2024-08-16,113,84.99,,2024-09-30,,Entregue
PED_SKU_1463_DUS_2,SKU_1463_DUS,2024-10-15,113,84.99,,2024-11-29,,Entregue
PED_SKU_1464_MOS_0,SKU_1464_MOS,2024-06-17,94,87.45,,2024-08-01,,Entregue
PED_SKU_1464_MOS_1,SKU_1464_MOS,2024-08-16,94,87.45,,2024-09-30,,Entregue
PED_SKU_1464_MOS_2,SKU_1464_MOS,2024-10-15,94,87.45,,2024-11-29,,Entregue
PED_SKU_1464_MOS_3,SKU_1464_MOS,2024-12-14,94,87.45,,2025-01-28,,Entregue
PED_SKU_1464_BIR_0,SKU_1464_BIR,2024-06-17,210,87.45,,2024-08-01,,Entregue
PED_SKU_1464_BIR_1,SKU_1464_BIR,2024-08-16,210,87.45,,2024-09-30,,Entregue
PED_SKU_1465_CLE_0,SKU_1465_CLE,2024-06-17,218,119.71,,2024-08-01,,Entregue
PED_SKU_1465_CLE_1,SKU_1465_CLE,2024-08-16,218,119.71,,2024-09-30,,Entregue
PED_SKU_1465_OFF_0,SKU_1465_OFF,2024-06-17,140,119.71,,2024-08-01,,Entregue
PED_SKU_1465_OFF_1,SKU_1465_OFF,2024-08-16,140,119.71,,2024-09-30,,Entregue
PED_SKU_1465_OFF_2,SKU_1465_OFF,2024-10-15,140,119.71,,2024-11-29,,Entregue
PED_SKU_1466_PRI_0,SKU_1466_PRI,2024-06-17,130,88.85,,2024-08-01,,Entregue
PED_SKU_1466_PRI_1,SKU_1466_PRI,2024-08-16,130,88.85,,2024-09-30,,Entregue
PED_SKU_1466_PRI_2,SKU_1466_PRI,2024-10-15,130,88.85,,2024-11-29,,Entregue
PED_SKU_1466_SAP_0,SKU_1466_SAP,2024-06-17,138,88.85,,2024-08-01,,Entregue
PED_SKU_1466_SAP_1,SKU_1466_SAP,2024-08-16,138,88.85,,2024-09-30,,Entregue
PED_SKU_1466_SAP_2,SKU_1466_SAP,2024-10-15,138,88.85,,2024-11-29,,Entregue
PED_SKU_1467_OLI_0,SKU_1467_OLI,2024-06-17,226,65.16,,2024-08-01,,Entregue
PED_SKU_1467_OLI_1,SKU_1467_OLI,2024-08-16,226,65.16,,2024-09-30,,Entregue
PED_SKU_1467_FUC_0,SKU_1467_FUC,2024-06-17,105,65.16,,2024-08-01,,Entregue
PED_SKU_1467_FUC_1,SKU_1467_FUC,2024-08-16,105,65.16,,2024-09-30,,Entregue
PED_SKU_1467_FUC_2,SKU_1467_FUC,2024-10-15,105,65.16,,2024-11-29,,Entregue
PED_SKU_1467_FUC_3,SKU_1467_FUC,2024-12-14,105,65.16,,2025-01-28,,Entregue
PED_SKU_1468_BAB_0,SKU_1468_BAB,2024-06-17,112,175.4,,2024-08-01,,Entregue
PED_SKU_1468_BAB_1,SKU_1468_BAB,2024-08-16,112,175.4,,2024-09-30,,Entregue
PED_SKU_1468_BAB_2,SKU_1468_BAB,2024-10-15,112,175.4,,2024-11-29,,Cancelado
PED_SKU_1468_BAB_3,SKU_1468_BAB,2024-12-14,112,175.4,,2025-01-28,,Entregue
PED_SKU_1468_MYS_0,SKU_1468_MYS,2024-06-17,97,175.4,,2024-08-01,,Entregue
PED_SKU_1468_MYS_1,SKU_1468_MYS,2024-08-16,97,175.4,,2024-09-30,,Entregue
PED_SKU_1468_MYS_2,SKU_1468_MYS,2024-10-15,97,175.4,,2024-11-29,,Entregue
PED_SKU_1468_MYS_3,SKU_1468_MYS,2024-12-14,97,175.4,,2025-01-28,,Entregue
PED_SKU_1469_ARM_0,SKU_1469_ARM,2024-06-17,104,93.78,,2024-08-01,,Entregue
PED_SKU_1469_ARM_1,SKU_1469_ARM,2024-08-16,104,93.78,,2024-09-30,,Entregue
PED_SKU_1469_ARM_2,SKU_1469_ARM,2024-10-15,104,93.78,,2024-11-29,,Entregue
PED_SKU_1469_ARM_3,SKU_1469_ARM,2024-12-14,104,93.78,,2025-01-28,,Entregue
PED_SKU_1469_SAL_0,SKU_1469_SAL,2024-06-17,143,93.78,,2024-08-01,,Entregue
PED_SKU_1469_SAL_1,SKU_1469_SAL,2024-08-16,143,93.78,,2024-09-30,,Entregue
PED_SKU_1469_SAL_2,SKU_1469_SAL,2024-10-15,143,93.78,,2024-11-29,,Entregue
PED_SKU_1470_WHI_0,SKU_1470_WHI,2024-06-17,151,298.4,,2024-08-01,,Entregue
PED_SKU_1470_WHI_1,SKU_1470_WHI,2024-08-16,151,298.4,,2024-09-30,,Cancelado
PED_SKU_1470_WHI_2,SKU_1470_WHI,2024-10-15,151,298.4,,2024-11-29,,Entregue
PED_SKU_1470_MAR_0,SKU_1470_MAR,2024-06-17,180,298.4,,2024-08-01,,Entregue
PED_SKU_1470_MAR_1,SKU_1470_MAR,2024-08-16,180,298.4,,2024-09-30,,Entregue
PED_SKU_1471_ROS_0,SKU_1471_ROS,2024-06-17,111,55.38,,2024-08-01,,Entregue
PED_SKU_1471_ROS_1,SKU_1471_ROS,2024-08-16,111,55.38,,2024-09-30,,Entregue
PED_SKU_1471_ROS_2,SKU_1471_ROS,2024-10-15,111,55.38,,2024-11-29,,Entregue
PED_SKU_1471_ROS_3,SKU_1471_ROS,2024-12-14,111,55.38,,2025-01-28,,Entregue
PED_SKU_1471_LIG_0,SKU_1471_LIG,2024-06-17,150,55.38,,2024-08-01,,Cancelado
PED_SKU_1471_LIG_1,SKU_1471_LIG,2024-08-16,150,55.38,,2024-09-30,,Entregue
PED_SKU_1471_LIG_2,SKU_1471_LIG,2024-10-15,150,55.38,,2024-11-29,,Entregue
PED_SKU_1472_EME_0,SKU_1472_EME,2024-06-17,133,148.02,,2024-08-01,,Entregue
PED_SKU_1472_EME_1,SKU_1472_EME,2024-08-16,133,148.02,,2024-09-30,,Entregue
PED_SKU_1472_EME_2,SKU_1472_EME,2024-10-15,133,148.02,,2024-11-29,,Entregue
PED_SKU_1472_MYS_0,SKU_1472_MYS,2024-06-17,202,148.02,,2024-08-01,,Entregue
PED_SKU_1472_MYS_1,SKU_1472_MYS,2024-08-16,202,148.02,,2024-09-30,,Entregue
PED_SKU_1473_BLU_0,SKU_1473_BLU,2024-06-17,98,48.09,,2024-08-01,,Entregue
PED_SKU_1473_BLU_1,SKU_1473_BLU,2024-08-16,98,48.09,,2024-09-30,,Entregue
PED_SKU_1473_BLU_2,SKU_1473_BLU,2024-10-15,98,48.09,,2024-11-29,,Entregue
PED_SKU_1473_BLU_3,SKU_1473_BLU,2024-12-14,98,48.09,,2025-01-28,,Entregue
PED_SKU_1473_BAB_0,SKU_1473_BAB,2024-06-17,208,48.09,,2024-08-01,,Entregue
PED_SKU_1473_BAB_1,SKU_1473_BAB,2024-08-16,208,48.09,,2024-09-30,,Entregue
PED_SKU_1474_BRI_0,SKU_1474_BRI,2024-06-17,104,346.59,,2024-08-01,,Entregue
PED_SKU_1474_BRI_1,SKU_1474_BRI,2024-08-16,104,346.59,,2024-09-30,,Cancelado
PED_SKU_1474_BRI_2,SKU_1474_BRI,2024-10-15,104,346.59,,2024-11-29,,Entregue
PED_SKU_1474_BRI_3,SKU_1474_BRI,2024-12-14,104,346.59,,2025-01-28,,Entregue
PED_SKU_1474_DEN_0,SKU_1474_DEN,2024-06-17,135,346.59,,2024-08-01,,Entregue
PED_SKU_1474_DEN_1,SKU_1474_DEN,2024-08-16,135,346.59,,2024-09-30,,Entregue
PED_SKU_1474_DEN_2,SKU_1474_DEN,2024-10-15,135,346.59,,2024-11-29,,Entregue
PED_SKU_1475_VAN_0,SKU_1475_VAN,2024-06-17,138,95.06,,2024-08-01,,Entregue
PED_SKU_1475_VAN_1,SKU_1475_VAN,2024-08-16,138,95.06,,2024-09-30,,Entregue
PED_SKU_1475_VAN_2,SKU_1475_VAN,2024-10-15,138,95.06,,2024-11-29,,Entregue
PED_SKU_1475_MIN_0,SKU_1475_MIN,2024-06-17,132,95.06,,2024-08-01,,Entregue
PED_SKU_1475_MIN_1,SKU_1475_MIN,2024-08-16,132,95.06,,2024-09-30,,Entregue
PED_SKU_1475_MIN_2,SKU_1475_MIN,2024-10-15,132,95.06,,2024-11-29,,Entregue
PED_SKU_1476_WHI_0,SKU_1476_WHI,2024-06-17,145,90.5,,2024-08-01,,Entregue
PED_SKU_1476_WHI_1,SKU_1476_WHI,2024-08-16,145,90.5,,2024-09-30,,Entregue
PED_SKU_1476_WHI_2,SKU_1476_WHI,2024-10-15,145,90.5,,2024-11-29,,Entregue
PED_SKU_1476_CLO_0,SKU_1476_CLO,2024-06-17,94,90.5,,2024-08-01,,Entregue
PED_SKU_1476_CLO_1,SKU_1476_CLO,2024-08-16,94,90.5,,2024-09-30,,Entregue
PED_SKU_1476_CLO_2,SKU_1476_CLO,2024-10-15,94,90.5,,2024-11-29,,Entregue
PED_SKU_1476_CLO_3,SKU_1476_CLO,2024-12-14,94,90.5,,2025-01-28,,Entregue
PED_SKU_1477_CLE_0,SKU_1477_CLE,2024-06-17,199,74.44,,2024-08-01,,Entregue
PED_SKU_1477_CLE_1,SKU_1477_CLE,2024-08-16,199,74.44,,2024-09-30,,Entregue
PED_SKU_1477_EME_0,SKU_1477_EME,2024-06-17,207,74.44,,2024-08-01,,Entregue
PED_SKU_1477_EME_1,SKU_1477_EME,2024-08-16,207,74.44,,2024-09-30,,Entregue
PED_SKU_1478_TEA_0,SKU_1478_TEA,2024-06-17,221,64.16,,2024-08-01,,Entregue
PED_SKU_1478_TEA_1,SKU_1478_TEA,2024-08-16,221,64.16,,2024-09-30,,Entregue
PED_SKU_1478_COB_0,SKU_1478_COB,2024-06-17,113,64.16,,2024-08-01,,Entregue
PED_SKU_1478_COB_1,SKU_1478_COB,2024-08-16,113,64.16,,2024-09-30,,Entregue
PED_SKU_1478_COB_2,SKU_1478_COB,2024-10-15,113,64.16,,2024-11-29,,Entregue
PED_SKU_1478_COB_3,SKU_1478_COB,2024-12-14,113,64.16,,2025-01-28,,Entregue
PED_SKU_1479_MIN_0,SKU_1479_MIN,2024-06-17,97,183.67,,2024-08-01,,Entregue
PED_SKU_1479_MIN_1,SKU_1479_MIN,2024-08-16,97,183.67,,2024-09-30,,Entregue
PED_SKU_1479_MIN_2,SKU_1479_MIN,2024-10-15,97,183.67,,2024-11-29,,Entregue
PED_SKU_1479_MIN_3,SKU_1479_MIN,2024-12-14,97,183.67,,2025-01-28,,Entregue
PED_SKU_1479_FUC_0,SKU_1479_FUC,2024-06-17,189,183.67,,2024-08-01,,Entregue
PED_SKU_1479_FUC_1,SKU_1479_FUC,2024-08-16,189,183.67,,2024-09-30,,Entregue
PED_SKU_1480_SNO_0,SKU_1480_SNO,2024-06-17,95,122.44,,2024-08-01,,Entregue
PED_SKU_1480_SNO_1,SKU_1480_SNO,2024-08-16,95,122.44,,2024-09-30,,Entregue
PED_SKU_1480_SNO_2,SKU_1480_SNO,2024-10-15,95,122.44,,2024-11-29,,Entregue
PED_SKU_1480_SNO_3,SKU_1480_SNO,2024-12-14,95,122.44,,2025-01-28,,Entregue
PED_SKU_1480_MEX_0,SKU_1480_MEX,2024-06-17,97,122.44,,2024-08-01,,Entregue
PED_SKU_1480_MEX_1,SKU_1480_MEX,2024-08-16,97,122.44,,2024-09-30,,Entregue
PED_SKU_1480_MEX_2,SKU_1480_MEX,2024-10-15,97,122.44,,2024-11-29,,Entregue
PED_SKU_1480_MEX_3,SKU_1480_MEX,2024-12-14,97,122.44,,2025-01-28,,Entregue
PED_SKU_1481_BLA_0,SKU_1481_BLA,2024-06-17,132,246.3,,2024-08-01,,Entregue
PED_SKU_1481_BLA_1,SKU_1481_BLA,2024-08-16,132,246.3,,2024-09-30,,Entregue
PED_SKU_1481_BLA_2,SKU_1481_BLA,2024-10-15,132,246.3,,2024-11-29,,Entregue
PED_SKU_1481_TEA_0,SKU_1481_TEA,2024-06-17,194,246.3,,2024-08-01,,Entregue
PED_SKU_1481_TEA_1,SKU_1481_TEA,2024-08-16,194,246.3,,2024-09-30,,Entregue
PED_SKU_1482_MOS_0,SKU_1482_MOS,2024-06-17,106,124.21,,2024-08-01,,Entregue
PED_SKU_1482_MOS_1,SKU_1482_MOS,2024-08-16,106,124.21,,2024-09-30,,Entregue
PED_SKU_1482_MOS_2,SKU_1482_MOS,2024-10-15,106,124.21,,2024-11-29,,Entregue
PED_SKU_1482_MOS_3,SKU_1482_MOS,2024-12-14,106,124.21,,2025-01-28,,Entregue
PED_SKU_1482_SHO_0,SKU_1482_SHO,2024-06-17,126,124.21,,2024-08-01,,Entregue
PED_SKU_1482_SHO_1,SKU_1482_SHO,2024-08-16,126,124.21,,2024-09-30,,Entregue
PED_SKU_1482_SHO_2,SKU_1482_SHO,2024-10-15,126,124.21,,2024-11-29,,Entregue
PED_SKU_1483_WHI_0,SKU_1483_WHI,2024-06-17,132,95.62,,2024-08-01,,Entregue
PED_SKU_1483_WHI_1,SKU_1483_WHI,2024-08-16,132,95.62,,2024-09-30,,Entregue
PED_SKU_1483_WHI_2,SKU_1483_WHI,2024-10-15,132,95.62,,2024-11-29,,Entregue
PED_SKU_1483_POW_0,SKU_1483_POW,2024-06-17,190,95.62,,2024-08-01,,Entregue
PED_SKU_1483_POW_1,SKU_1483_POW,2024-08-16,190,95.62,,2024-09-30,,Entregue
PED_SKU_1484_MOS_0,SKU_1484_MOS,2024-06-17,96,136.59,,2024-08-01,,Entregue
PED_SKU_1484_MOS_1,SKU_1484_MOS,2024-08-16,96,136.59,,2024-09-30,,Entregue
PED_SKU_1484_MOS_2,SKU_1484_MOS,2024-10-15,96,136.59,,2024-11-29,,Entregue
PED_SKU_1484_MOS_3,SKU_1484_MOS,2024-12-14,96,136.59,,2025-01-28,,Entregue
PED_SKU_1484_EGR_0,SKU_1484_EGR,2024-06-17,204,136.59,,2024-08-01,,Entregue
PED_SKU_1484_EGR_1,SKU_1484_EGR,2024-08-16,204,136.59,,2024-09-30,,Entregue
PED_SKU_1485_PAS_0,SKU_1485_PAS,2024-06-17,155,260.91,,2024-08-01,,Entregue
PED_SKU_1485_PAS_1,SKU_1485_PAS,2024-08-16,155,260.91,,2024-09-30,,Entregue
PED_SKU_1485_PAS_2,SKU_1485_PAS,2024-10-15,155,260.91,,2024-11-29,,Entregue
PED_SKU_1485_CER_0,SKU_1485_CER,2024-06-17,110,260.91,,2024-08-01,,Entregue
PED_SKU_1485_CER_1,SKU_1485_CER,2024-08-16,110,260.91,,2024-09-30,,Entregue
PED_SKU_1485_CER_2,SKU_1485_CER,2024-10-15,110,260.91,,2024-11-29,,Entregue
PED_SKU_1485_CER_3,SKU_1485_CER,2024-12-14,110,260.91,,2025-01-28,,Entregue
PED_SKU_1486_OLI_0,SKU_1486_OLI,2024-06-17,112,95.96,,2024-08-01,,Entregue
PED_SKU_1486_OLI_1,SKU_1486_OLI,2024-08-16,112,95.96,,2024-09-30,,Cancelado
PED_SKU_1486_OLI_2,SKU_1486_OLI,2024-10-15,112,95.96,,2024-11-29,,Cancelado
PED_SKU_1486_OLI_3,SKU_1486_OLI,2024-12-14,112,95.96,,2025-01-28,,Entregue
PED_SKU_1486_PAL_0,SKU_1486_PAL,2024-06-17,113,95.96,,2024-08-01,,Entregue
PED_SKU_1486_PAL_1,SKU_1486_PAL,2024-08-16,113,95.96,,2024-09-30,,Entregue
PED_SKU_1486_PAL_2,SKU_1486_PAL,2024-10-15,113,95.96,,2024-11-29,,Entregue
PED_SKU_1486_PAL_3,SKU_1486_PAL,2024-12-14,113,95.96,,2025-01-28,,Entregue
PED_SKU_1487_BRI_0,SKU_1487_BRI,2024-06-17,129,106.5,,2024-08-01,,Cancelado
PED_SKU_1487_BRI_1,SKU_1487_BRI,2024-08-16,129,106.5,,2024-09-30,,Entregue
PED_SKU_1487_BRI_2,SKU_1487_BRI,2024-10-15,129,106.5,,2024-11-29,,Entregue
PED_SKU_1487_CLE_0,SKU_1487_CLE,2024-06-17,210,106.5,,2024-08-01,,Entregue
PED_SKU_1487_CLE_1,SKU_1487_CLE,2024-08-16,210,106.5,,2024-09-30,,Entregue
PED_SKU_1488_IVO_0,SKU_1488_IVO,2024-06-17,202,108.09,,2024-08-01,,Entregue
PED_SKU_1488_IVO_1,SKU_1488_IVO,2024-08-16,202,108.09,,2024-09-30,,Entregue
PED_SKU_1488_PEA_0,SKU_1488_PEA,2024-06-17,99,108.09,,2024-08-01,,Entregue
PED_SKU_1488_PEA_1,SKU_1488_PEA,2024-08-16,99,108.09,,2024-09-30,,Entregue
PED_SKU_1488_PEA_2,SKU_1488_PEA,2024-10-15,99,108.09,,2024-11-29,,Entregue
PED_SKU_1488_PEA_3,SKU_1488_PEA,2024-12-14,99,108.09,,2025-01-28,,Cancelado
PED_SKU_1489_TEA_0,SKU_1489_TEA,2024-06-17,107,121.77,,2024-08-01,,Entregue
PED_SKU_1489_TEA_1,SKU_1489_TEA,2024-08-16,107,121.77,,2024-09-30,,Entregue
PED_SKU_1489_TEA_2,SKU_1489_TEA,2024-10-15,107,121.77,,2024-11-29,,Entregue
PED_SKU_1489_TEA_3,SKU_1489_TEA,2024-12-14,107,121.77,,2025-01-28,,Entregue
PED_SKU_1489_IVO_0,SKU_1489_IVO,2024-06-17,227,121.77,,2024-08-01,,Entregue
PED_SKU_1489_IVO_1,SKU_1489_IVO,2024-08-16,227,121.77,,2024-09-30,,Entregue
PED_SKU_1490_EME_0,SKU_1490_EME,2024-06-17,102,104.23,,2024-08-01,,Entregue
PED_SKU_1490_EME_1,SKU_1490_EME,2024-08-16,102,104.23,,2024-09-30,,Entregue
PED_SKU_1490_EME_2,SKU_1490_EME,2024-10-15,102,104.23,,2024-11-29,,Entregue
PED_SKU_1490_EME_3,SKU_1490_EME,2024-12-14,102,104.23,,2025-01-28,,Entregue
PED_SKU_1490_VAN_0,SKU_1490_VAN,2024-06-17,136,104.23,,2024-08-01,,Entregue
PED_SKU_1490_VAN_1,SKU_1490_VAN,2024-08-16,136,104.23,,2024-09-30,,Entregue
PED_SKU_1490_VAN_2,SKU_1490_VAN,2024-10-15,136,104.23,,2024-11-29,,Entregue
PED_SKU_1491_GAR_0,SKU_1491_GAR,2024-06-17,214,41.91,,2024-08-01,,Entregue
PED_SKU_1491_GAR_1,SKU_1491_GAR,2024-08-16,214,41.91,,2024-09-30,,Entregue
PED_SKU_1491_CER_0,SKU_1491_CER,2024-06-17,114,41.91,,2024-08-01,,Entregue
PED_SKU_1491_CER_1,SKU_1491_CER,2024-08-16,114,41.91,,2024-09-30,,Entregue
PED_SKU_1491_CER_2,SKU_1491_CER,2024-10-15,114,41.91,,2024-11-29,,Entregue
PED_SKU_1491_CER_3,SKU_1491_CER,2024-12-14,114,41.91,,2025-01-28,,Entregue
PED_SKU_1492_SKY_0,SKU_1492_SKY,2024-06-17,207,117.69,,2024-08-01,,Entregue
PED_SKU_1492_SKY_1,SKU_1492_SKY,2024-08-16,207,117.69,,2024-09-30,,Entregue
PED_SKU_1492_BIR_0,SKU_1492_BIR,2024-06-17,204,117.69,,2024-08-01,,Entregue
PED_SKU_1492_BIR_1,SKU_1492_BIR,2024-08-16,204,117.69,,2024-09-30,,Entregue
PED_SKU_1493_PEA_0,SKU_1493_PEA,2024-06-17,91,88.18,,2024-08-01,,Entregue
PED_SKU_1493_PEA_1,SKU_1493_PEA,2024-08-16,91,88.18,,2024-09-30,,Entregue
PED_SKU_1493_PEA_2,SKU_1493_PEA,2024-10-15,91,88.18,,2024-11-29,,Entregue
PED_SKU_1493_PEA_3,SKU_1493_PEA,2024-12-14,91,88.18,,2025-01-28,,Entregue
PED_SKU_1493_CLO_0,SKU_1493_CLO,2024-06-17,157,88.18,,2024-08-01,,Entregue
PED_SKU_1493_CLO_1,SKU_1493_CLO,2024-08-16,157,88.18,,2024-09-30,,Entregue
PED_SKU_1493_CLO_2,SKU_1493_CLO,2024-10-15,157,88.18,,2024-11-29,,Entregue
PED_SKU_1494_EGR_0,SKU_1494_EGR,2024-06-17,113,343.91,,2024-08-01,,Entregue
PED_SKU_1494_EGR_1,SKU_1494_EGR,2024-08-16,113,343.91,,2024-09-30,,Entregue
PED_SKU_1494_EGR_2,SKU_1494_EGR,2024-10-15,113,343.91,,2024-11-29,,Entregue
PED_SKU_1494_EGR_3,SKU_1494_EGR,2024-12-14,113,343.91,,2025-01-28,,Entregue
PED_SKU_1494_HOT_0,SKU_1494_HOT,2024-06-17,125,343.91,,2024-08-01,,Entregue
PED_SKU_1494_HOT_1,SKU_1494_HOT,2024-08-16,125,343.91,,2024-09-30,,Entregue
PED_SKU_1494_HOT_2,SKU_1494_HOT,2024-10-15,125,343.91,,2024-11-29,,Entregue
PED_SKU_1495_FUC_0,SKU_1495_FUC,2024-06-17,130,117.58,,2024-08-01,,Entregue
PED_SKU_1495_FUC_1,SKU_1495_FUC,2024-08-16,130,117.58,,2024-09-30,,Cancelado
PED_SKU_1495_FUC_2,SKU_1495_FUC,2024-10-15,130,117.58,,2024-11-29,,Entregue
PED_SKU_1495_BLA_0,SKU_1495_BLA,2024-06-17,141,117.58,,2024-08-01,,Entregue
PED_SKU_1495_BLA_1,SKU_1495_BLA,2024-08-16,141,117.58,,2024-09-30,,Entregue
PED_SKU_1495_BLA_2,SKU_1495_BLA,2024-10-15,141,117.58,,2024-11-29,,Entregue
PED_SKU_1496_PAS_0,SKU_1496_PAS,2024-06-17,101,373.61,,2024-08-01,,Entregue
PED_SKU_1496_PAS_1,SKU_1496_PAS,2024-08-16,101,373.61,,2024-09-30,,Entregue
PED_SKU_1496_PAS_2,SKU_1496_PAS,2024-10-15,101,373.61,,2024-11-29,,Entregue
PED_SKU_1496_PAS_3,SKU_1496_PAS,2024-12-14,101,373.61,,2025-01-28,,Entregue
PED_SKU_1496_PEA_0,SKU_1496_PEA,2024-06-17,113,373.61,,2024-08-01,,Entregue
PED_SKU_1496_PEA_1,SKU_1496_PEA,2024-08-16,113,373.61,,2024-09-30,,Cancelado
PED_SKU_1496_PEA_2,SKU_1496_PEA,2024-10-15,113,373.61,,2024-11-29,,Entregue
PED_SKU_1496_PEA_3,SKU_1496_PEA,2024-12-14,113,373.61,,2025-01-28,,Cancelado
PED_SKU_1497_FUC_0,SKU_1497_FUC,2024-06-17,133,44.65,,2024-08-01,,Entregue
PED_SKU_1497_FUC_1,SKU_1497_FUC,2024-08-16,133,44.65,,2024-09-30,,Entregue
PED_SKU_1497_FUC_2,SKU_1497_FUC,2024-10-15,133,44.65,,2024-11-29,,Entregue
PED_SKU_1497_VAN_0,SKU_1497_VAN,2024-06-17,200,44.65,,2024-08-01,,Entregue
PED_SKU_1497_VAN_1,SKU_1497_VAN,2024-08-16,200,44.65,,2024-09-30,,Entregue
PED_SKU_1498_OLI_0,SKU_1498_OLI,2024-06-17,113,112.51,,2024-08-01,,Entregue
PED_SKU_1498_OLI_1,SKU_1498_OLI,2024-08-16,113,112.51,,2024-09-30,,Entregue
PED_SKU_1498_OLI_2,SKU_1498_OLI,2024-10-15,113,112.51,,2024-11-29,,Entregue
PED_SKU_1498_OLI_3,SKU_1498_OLI,2024-12-14,113,112.51,,2025-01-28,,Entregue
PED_SKU_1498_LIG_0,SKU_1498_LIG,2024-06-17,100,112.51,,2024-08-01,,Cancelado
PED_SKU_1498_LIG_1,SKU_1498_LIG,2024-08-16,100,112.51,,2024-09-30,,Entregue
PED_SKU_1498_LIG_2,SKU_1498_LIG,2024-10-15,100,112.51,,2024-11-29,,Entregue
PED_SKU_1498_LIG_3,SKU_1498_LIG,2024-12-14,100,112.51,,2025-01-28,,Entregue
PED_SKU_1499_HOT_0,SKU_1499_HOT,2024-06-17,97,82.65,,2024-08-01,,Entregue
PED_SKU_1499_HOT_1,SKU_1499_HOT,2024-08-16,97,82.65,,2024-09-30,,Entregue
PED_SKU_1499_HOT_2,SKU_1499_HOT,2024-10-15,97,82.65,,2024-11-29,,Entregue
PED_SKU_1499_HOT_3,SKU_1499_HOT,2024-12-14,97,82.65,,2025-01-28,,Entregue
PED_SKU_1499_RAS_0,SKU_1499_RAS,2024-06-17,132,82.65,,2024-08-01,,Entregue
PED_SKU_1499_RAS_1,SKU_1499_RAS,2024-08-16,132,82.65,,2024-09-30,,Entregue
PED_SKU_1499_RAS_2,SKU_1499_RAS,2024-10-15,132,82.65,,2024-11-29,,Entregue
PED_SKU_1500_MOS_0,SKU_1500_MOS,2024-06-17,109,85.56,,2024-08-01,,Entregue
PED_SKU_1500_MOS_1,SKU_1500_MOS,2024-08-16,109,85.56,,2024-09-30,,Entregue
PED_SKU_1500_MOS_2,SKU_1500_MOS,2024-10-15,109,85.56,,2024-11-29,,Entregue
PED_SKU_1500_MOS_3,SKU_1500_MOS,2024-12-14,109,85.56,,2025-01-28,,Entregue
PED_SKU_1500_PAS_0,SKU_1500_PAS,2024-06-17,147,85.56,,2024-08-01,,Entregue
PED_SKU_1500_PAS_1,SKU_1500_PAS,2024-08-16,147,85.56,,2024-09-30,,Entregue
PED_SKU_1500_PAS_2,SKU_1500_PAS,2024-10-15,147,85.56,,2024-11-29,,Entregue
PED_SKU_1501_OLI_0,SKU_1501_OLI,2024-06-17,101,56.24,,2024-08-01,,Entregue
PED_SKU_1501_OLI_1,SKU_1501_OLI,2024-08-16,101,56.24,,2024-09-30,,Entregue
PED_SKU_1501_OLI_2,SKU_1501_OLI,2024-10-15,101,56.24,,2024-11-29,,Entregue
PED_SKU_1501_OLI_3,SKU_1501_OLI,2024-12-14,101,56.24,,2025-01-28,,Entregue
PED_SKU_1501_SAL_0,SKU_1501_SAL,2024-06-17,126,56.24,,2024-08-01,,Entregue
PED_SKU_1501_SAL_1,SKU_1501_SAL,2024-08-16,126,56.24,,2024-09-30,,Entregue
PED_SKU_1501_SAL_2,SKU_1501_SAL,2024-10-15,126,56.24,,2024-11-29,,Entregue
PED_SKU_1502_PEA_0,SKU_1502_PEA,2024-06-17,197,69.1,,2024-08-01,,Entregue
PED_SKU_1502_PEA_1,SKU_1502_PEA,2024-08-16,197,69.1,,2024-09-30,,Entregue
PED_SKU_1502_VAN_0,SKU_1502_VAN,2024-06-17,112,69.1,,2024-08-01,,Entregue
PED_SKU_1502_VAN_1,SKU_1502_VAN,2024-08-16,112,69.1,,2024-09-30,,Entregue
PED_SKU_1502_VAN_2,SKU_1502_VAN,2024-10-15,112,69.1,,2024-11-29,,Entregue
PED_SKU_1502_VAN_3,SKU_1502_VAN,2024-12-14,112,69.1,,2025-01-28,,Entregue
PED_SKU_1503_VAN_0,SKU_1503_VAN,2024-06-17,207,75.68,,2024-08-01,,Entregue
PED_SKU_1503_VAN_1,SKU_1503_VAN,2024-08-16,207,75.68,,2024-09-30,,Entregue
PED_SKU_1503_CER_0,SKU_1503_CER,2024-06-17,109,75.68,,2024-08-01,,Entregue
PED_SKU_1503_CER_1,SKU_1503_CER,2024-08-16,109,75.68,,2024-09-30,,Entregue
PED_SKU_1503_CER_2,SKU_1503_CER,2024-10-15,109,75.68,,2024-11-29,,Entregue
PED_SKU_1503_CER_3,SKU_1503_CER,2024-12-14,109,75.68,,2025-01-28,,Entregue
PED_SKU_1504_EME_0,SKU_1504_EME,2024-06-17,121,112.51,,2024-08-01,,Entregue
PED_SKU_1504_EME_1,SKU_1504_EME,2024-08-16,121,112.51,,2024-09-30,,Entregue
PED_SKU_1504_EME_2,SKU_1504_EME,2024-10-15,121,112.51,,2024-11-29,,Entregue
PED_SKU_1504_NAV_0,SKU_1504_NAV,2024-06-17,99,112.51,,2024-08-01,,Entregue
PED_SKU_1504_NAV_1,SKU_1504_NAV,2024-08-16,99,112.51,,2024-09-30,,Entregue
PED_SKU_1504_NAV_2,SKU_1504_NAV,2024-10-15,99,112.51,,2024-11-29,,Entregue
PED_SKU_1504_NAV_3,SKU_1504_NAV,2024-12-14,99,112.51,,2025-01-28,,Entregue
PED_SKU_1505_BLU_0,SKU_1505_BLU,2024-06-17,213,77.75,,2024-08-01,,Entregue
PED_SKU_1505_BLU_1,SKU_1505_BLU,2024-08-16,213,77.75,,2024-09-30,,Entregue
PED_SKU_1505_SNO_0,SKU_1505_SNO,2024-06-17,199,77.75,,2024-08-01,,Entregue
PED_SKU_1505_SNO_1,SKU_1505_SNO,2024-08-16,199,77.75,,2024-09-30,,Entregue
PED_SKU_1506_PAL_0,SKU_1506_PAL,2024-06-17,209,73.11,,2024-08-01,,Entregue
PED_SKU_1506_PAL_1,SKU_1506_PAL,2024-08-16,209,73.11,,2024-09-30,,Entregue
PED_SKU_1506_BRI_0,SKU_1506_BRI,2024-06-17,194,73.11,,2024-08-01,,Cancelado
PED_SKU_1506_BRI_1,SKU_1506_BRI,2024-08-16,194,73.11,,2024-09-30,,Entregue
PED_SKU_1507_PAS_0,SKU_1507_PAS,2024-06-17,196,59.55,,2024-08-01,,Entregue
PED_SKU_1507_PAS_1,SKU_1507_PAS,2024-08-16,196,59.55,,2024-09-30,,Entregue
PED_SKU_1507_FLA_0,SKU_1507_FLA,2024-06-17,101,59.55,,2024-08-01,,Entregue
PED_SKU_1507_FLA_1,SKU_1507_FLA,2024-08-16,101,59.55,,2024-09-30,,Entregue
PED_SKU_1507_FLA_2,SKU_1507_FLA,2024-10-15,101,59.55,,2024-11-29,,Cancelado
PED_SKU_1507_FLA_3,SKU_1507_FLA,2024-12-14,101,59.55,,2025-01-28,,Entregue
PED_SKU_1508_LIM_0,SKU_1508_LIM,2024-06-17,147,69.1,,2024-08-01,,Entregue
PED_SKU_1508_LIM_1,SKU_1508_LIM,2024-08-16,147,69.1,,2024-09-30,,Entregue
PED_SKU_1508_LIM_2,SKU_1508_LIM,2024-10-15,147,69.1,,2024-11-29,,Entregue
PED_SKU_1508_DEE_0,SKU_1508_DEE,2024-06-17,123,69.1,,2024-08-01,,Entregue
PED_SKU_1508_DEE_1,SKU_1508_DEE,2024-08-16,123,69.1,,2024-09-30,,Entregue
PED_SKU_1508_DEE_2,SKU_1508_DEE,2024-10-15,123,69.1,,2024-11-29,,Entregue
PED_SKU_1509_HOT_0,SKU_1509_HOT,2024-06-17,104,105.89,,2024-08-01,,Entregue
PED_SKU_1509_HOT_1,SKU_1509_HOT,2024-08-16,104,105.89,,2024-09-30,,Entregue
PED_SKU_1509_HOT_2,SKU_1509_HOT,2024-10-15,104,105.89,,2024-11-29,,Entregue
PED_SKU_1509_HOT_3,SKU_1509_HOT,2024-12-14,104,105.89,,2025-01-28,,Entregue
PED_SKU_1509_MAG_0,SKU_1509_MAG,2024-06-17,116,105.89,,2024-08-01,,Entregue
PED_SKU_1509_MAG_1,SKU_1509_MAG,2024-08-16,116,105.89,,2024-09-30,,Cancelado
PED_SKU_1509_MAG_2,SKU_1509_MAG,2024-10-15,116,105.89,,2024-11-29,,Entregue
PED_SKU_1510_SNO_0,SKU_1510_SNO,2024-06-17,131,265.5,,2024-08-01,,Entregue
PED_SKU_1510_SNO_1,SKU_1510_SNO,2024-08-16,131,265.5,,2024-09-30,,Entregue
PED_SKU_1510_SNO_2,SKU_1510_SNO,2024-10-15,131,265.5,,2024-11-29,,Entregue
PED_SKU_1510_ROS_0,SKU_1510_ROS,2024-06-17,136,265.5,,2024-08-01,,Entregue
PED_SKU_1510_ROS_1,SKU_1510_ROS,2024-08-16,136,265.5,,2024-09-30,,Entregue
PED_SKU_1510_ROS_2,SKU_1510_ROS,2024-10-15,136,265.5,,2024-11-29,,Entregue
PED_SKU_1511_CLE_0,SKU_1511_CLE,2024-06-17,105,297.3,,2024-08-01,,Entregue
PED_SKU_1511_CLE_1,SKU_1511_CLE,2024-08-16,105,297.3,,2024-09-30,,Entregue
PED_SKU_1511_CLE_2,SKU_1511_CLE,2024-10-15,105,297.3,,2024-11-29,,Entregue
PED_SKU_1511_CLE_3,SKU_1511_CLE,2024-12-14,105,297.3,,2025-01-28,,Entregue
PED_SKU_1511_SKY_0,SKU_1511_SKY,2024-06-17,217,297.3,,2024-08-01,,Entregue
PED_SKU_1511_SKY_1,SKU_1511_SKY,2024-08-16,217,297.3,,2024-09-30,,Entregue
PED_SKU_1512_TEA_0,SKU_1512_TEA,2024-06-17,101,71.34,,2024-08-01,,Entregue
PED_SKU_1512_TEA_1,SKU_1512_TEA,2024-08-16,101,71.34,,2024-09-30,,Entregue
PED_SKU_1512_TEA_2,SKU_1512_TEA,2024-10-15,101,71.34,,2024-11-29,,Entregue
PED_SKU_1512_TEA_3,SKU_1512_TEA,2024-12-14,101,71.34,,2025-01-28,,Entregue
PED_SKU_1512_MYS_0,SKU_1512_MYS,2024-06-17,100,71.34,,2024-08-01,,Entregue
PED_SKU_1512_MYS_1,SKU_1512_MYS,2024-08-16,100,71.34,,2024-09-30,,Entregue
PED_SKU_1512_MYS_2,SKU_1512_MYS,2024-10-15,100,71.34,,2024-11-29,,Entregue
PED_SKU_1512_MYS_3,SKU_1512_MYS,2024-12-14,100,71.34,,2025-01-28,,Entregue
PED_SKU_1513_PAS_0,SKU_1513_PAS,2024-06-17,101,58.08,,2024-08-01,,Entregue
PED_SKU_1513_PAS_1,SKU_1513_PAS,2024-08-16,101,58.08,,2024-09-30,,Entregue
PED_SKU_1513_PAS_2,SKU_1513_PAS,2024-10-15,101,58.08,,2024-11-29,,Entregue
PED_SKU_1513_PAS_3,SKU_1513_PAS,2024-12-14,101,58.08,,2025-01-28,,Entregue
PED_SKU_1513_RAS_0,SKU_1513_RAS,2024-06-17,102,58.08,,2024-08-01,,Entregue
PED_SKU_1513_RAS_1,SKU_1513_RAS,2024-08-16,102,58.08,,2024-09-30,,Entregue
PED_SKU_1513_RAS_2,SKU_1513_RAS,2024-10-15,102,58.08,,2024-11-29,,Entregue
PED_SKU_1513_RAS_3,SKU_1513_RAS,2024-12-14,102,58.08,,2025-01-28,,Entregue
PED_SKU_1514_PEA_0,SKU_1514_PEA,2024-06-17,132,244.24,,2024-08-01,,Entregue
PED_SKU_1514_PEA_1,SKU_1514_PEA,2024-08-16,132,244.24,,2024-09-30,,Entregue
PED_SKU_1514_PEA_2,SKU_1514_PEA,2024-10-15,132,244.24,,2024-11-29,,Entregue
PED_SKU_1514_SPA_0,SKU_1514_SPA,2024-06-17,146,244.24,,2024-08-01,,Entregue
PED_SKU_1514_SPA_1,SKU_1514_SPA,2024-08-16,146,244.24,,2024-09-30,,Entregue
PED_SKU_1514_SPA_2,SKU_1514_SPA,2024-10-15,146,244.24,,2024-11-29,,Entregue
PED_SKU_1515_SEA_0,SKU_1515_SEA,2024-06-17,107,63.73,,2024-08-01,,Entregue
PED_SKU_1515_SEA_1,SKU_1515_SEA,2024-08-16,107,63.73,,2024-09-30,,Entregue
PED_SKU_1515_SEA_2,SKU_1515_SEA,2024-10-15,107,63.73,,2024-11-29,,Entregue
PED_SKU_1515_SEA_3,SKU_1515_SEA,2024-12-14,107,63.73,,2025-01-28,,Entregue
PED_SKU_1515_AQU_0,SKU_1515_AQU,2024-06-17,131,63.73,,2024-08-01,,Entregue
PED_SKU_1515_AQU_1,SKU_1515_AQU,2024-08-16,131,63.73,,2024-09-30,,Entregue
PED_SKU_1515_AQU_2,SKU_1515_AQU,2024-10-15,131,63.73,,2024-11-29,,Entregue
PED_SKU_1516_CRE_0,SKU_1516_CRE,2024-06-17,192,133.1,,2024-08-01,,Entregue
PED_SKU_1516_CRE_1,SKU_1516_CRE,2024-08-16,192,133.1,,2024-09-30,,Entregue
PED_SKU_1516_EME_0,SKU_1516_EME,2024-06-17,96,133.1,,2024-08-01,,Entregue
PED_SKU_1516_EME_1,SKU_1516_EME,2024-08-16,96,133.1,,2024-09-30,,Entregue
PED_SKU_1516_EME_2,SKU_1516_EME,2024-10-15,96,133.1,,2024-11-29,,Entregue
PED_SKU_1516_EME_3,SKU_1516_EME,2024-12-14,96,133.1,,2025-01-28,,Entregue
PED_SKU_1517_FOR_0,SKU_1517_FOR,2024-06-17,182,456.15,,2024-08-01,,Entregue
PED_SKU_1517_FOR_1,SKU_1517_FOR,2024-08-16,182,456.15,,2024-09-30,,Entregue
PED_SKU_1517_ROS_0,SKU_1517_ROS,2024-06-17,143,456.15,,2024-08-01,,Entregue
PED_SKU_1517_ROS_1,SKU_1517_ROS,2024-08-16,143,456.15,,2024-09-30,,Entregue
PED_SKU_1517_ROS_2,SKU_1517_ROS,2024-10-15,143,456.15,,2024-11-29,,Entregue
PED_SKU_1518_CLE_0,SKU_1518_CLE,2024-06-17,113,74.7,,2024-08-01,,Entregue
PED_SKU_1518_CLE_1,SKU_1518_CLE,2024-08-16,113,74.7,,2024-09-30,,Entregue
PED_SKU_1518_CLE_2,SKU_1518_CLE,2024-10-15,113,74.7,,2024-11-29,,Entregue
PED_SKU_1518_CLE_3,SKU_1518_CLE,2024-12-14,113,74.7,,2025-01-28,,Entregue
PED_SKU_1518_LIM_0,SKU_1518_LIM,2024-06-17,212,74.7,,2024-08-01,,Entregue
PED_SKU_1518_LIM_1,SKU_1518_LIM,2024-08-16,212,74.7,,2024-09-30,,Entregue
PED_SKU_1519_BLU_0,SKU_1519_BLU,2024-06-17,100,200.31,,2024-08-01,,Entregue
PED_SKU_1519_BLU_1,SKU_1519_BLU,2024-08-16,100,200.31,,2024-09-30,,Entregue
PED_SKU_1519_BLU_2,SKU_1519_BLU,2024-10-15,100,200.31,,2024-11-29,,Entregue
PED_SKU_1519_BLU_3,SKU_1519_BLU,2024-12-14,100,200.31,,2025-01-28,,Entregue
PED_SKU_1519_TEA_0,SKU_1519_TEA,2024-06-17,112,200.31,,2024-08-01,,Entregue
PED_SKU_1519_TEA_1,SKU_1519_TEA,2024-08-16,112,200.31,,2024-09-30,,Entregue
PED_SKU_1519_TEA_2,SKU_1519_TEA,2024-10-15,112,200.31,,2024-11-29,,Entregue
PED_SKU_1519_TEA_3,SKU_1519_TEA,2024-12-14,112,200.31,,2025-01-28,,Entregue
PED_SKU_1520_GAR_0,SKU_1520_GAR,2024-06-17,228,74.04,,2024-08-01,,Entregue
PED_SKU_1520_GAR_1,SKU_1520_GAR,2024-08-16,228,74.04,,2024-09-30,,Entregue
PED_SKU_1520_ROY_0,SKU_1520_ROY,2024-06-17,214,74.04,,2024-08-01,,Entregue
PED_SKU_1520_ROY_1,SKU_1520_ROY,2024-08-16,214,74.04,,2024-09-30,,Entregue
PED_SKU_1521_MOS_0,SKU_1521_MOS,2024-06-17,127,60.39,,2024-08-01,,Entregue
PED_SKU_1521_MOS_1,SKU_1521_MOS,2024-08-16,127,60.39,,2024-09-30,,Entregue
PED_SKU_1521_MOS_2,SKU_1521_MOS,2024-10-15,127,60.39,,2024-11-29,,Entregue
PED_SKU_1521_FRE_0,SKU_1521_FRE,2024-06-17,135,60.39,,2024-08-01,,Entregue
PED_SKU_1521_FRE_1,SKU_1521_FRE,2024-08-16,135,60.39,,2024-09-30,,Cancelado
PED_SKU_1521_FRE_2,SKU_1521_FRE,2024-10-15,135,60.39,,2024-11-29,,Entregue
PED_SKU_1522_MOS_0,SKU_1522_MOS,2024-06-17,104,40.96,,2024-08-01,,Entregue
PED_SKU_1522_MOS_1,SKU_1522_MOS,2024-08-16,104,40.96,,2024-09-30,,Entregue
PED_SKU_1522_MOS_2,SKU_1522_MOS,2024-10-15,104,40.96,,2024-11-29,,Entregue
PED_SKU_1522_MOS_3,SKU_1522_MOS,2024-12-14,104,40.96,,2025-01-28,,Entregue
PED_SKU_1522_BIR_0,SKU_1522_BIR,2024-06-17,111,40.96,,2024-08-01,,Entregue
PED_SKU_1522_BIR_1,SKU_1522_BIR,2024-08-16,111,40.96,,2024-09-30,,Entregue
PED_SKU_1522_BIR_2,SKU_1522_BIR,2024-10-15,111,40.96,,2024-11-29,,Entregue
PED_SKU_1522_BIR_3,SKU_1522_BIR,2024-12-14,111,40.96,,2025-01-28,,Entregue
PED_SKU_1523_HOT_0,SKU_1523_HOT,2024-06-17,132,103.55,,2024-08-01,,Entregue
PED_SKU_1523_HOT_1,SKU_1523_HOT,2024-08-16,132,103.55,,2024-09-30,,Entregue
PED_SKU_1523_HOT_2,SKU_1523_HOT,2024-10-15,132,103.55,,2024-11-29,,Entregue
PED_SKU_1523_CRE_0,SKU_1523_CRE,2024-06-17,101,103.55,,2024-08-01,,Entregue
PED_SKU_1523_CRE_1,SKU_1523_CRE,2024-08-16,101,103.55,,2024-09-30,,Entregue
PED_SKU_1523_CRE_2,SKU_1523_CRE,2024-10-15,101,103.55,,2024-11-29,,Entregue
PED_SKU_1523_CRE_3,SKU_1523_CRE,2024-12-14,101,103.55,,2025-01-28,,Entregue
PED_SKU_1524_BLU_0,SKU_1524_BLU,2024-06-17,118,108.86,,2024-08-01,,Cancelado
PED_SKU_1524_BLU_1,SKU_1524_BLU,2024-08-16,118,108.86,,2024-09-30,,Entregue
PED_SKU_1524_BLU_2,SKU_1524_BLU,2024-10-15,118,108.86,,2024-11-29,,Entregue
PED_SKU_1524_DEN_0,SKU_1524_DEN,2024-06-17,179,108.86,,2024-08-01,,Entregue
PED_SKU_1524_DEN_1,SKU_1524_DEN,2024-08-16,179,108.86,,2024-09-30,,Entregue
PED_SKU_1525_MYS_0,SKU_1525_MYS,2024-06-17,141,91.9,,2024-08-01,,Entregue
PED_SKU_1525_MYS_1,SKU_1525_MYS,2024-08-16,141,91.9,,2024-09-30,,Entregue
PED_SKU_1525_MYS_2,SKU_1525_MYS,2024-10-15,141,91.9,,2024-11-29,,Entregue
PED_SKU_1525_OLI_0,SKU_1525_OLI,2024-06-17,134,91.9,,2024-08-01,,Entregue
PED_SKU_1525_OLI_1,SKU_1525_OLI,2024-08-16,134,91.9,,2024-09-30,,Cancelado
PED_SKU_1525_OLI_2,SKU_1525_OLI,2024-10-15,134,91.9,,2024-11-29,,Entregue
PED_SKU_1526_POW_0,SKU_1526_POW,2024-06-17,205,60.55,,2024-08-01,,Cancelado
PED_SKU_1526_POW_1,SKU_1526_POW,2024-08-16,205,60.55,,2024-09-30,,Cancelado
PED_SKU_1526_FOR_0,SKU_1526_FOR,2024-06-17,95,60.55,,2024-08-01,,Entregue
PED_SKU_1526_FOR_1,SKU_1526_FOR,2024-08-16,95,60.55,,2024-09-30,,Entregue
PED_SKU_1526_FOR_2,SKU_1526_FOR,2024-10-15,95,60.55,,2024-11-29,,Entregue
PED_SKU_1526_FOR_3,SKU_1526_FOR,2024-12-14,95,60.55,,2025-01-28,,Entregue
PED_SKU_1527_FUC_0,SKU_1527_FUC,2024-06-17,211,299.54,,2024-08-01,,Entregue
PED_SKU_1527_FUC_1,SKU_1527_FUC,2024-08-16,211,299.54,,2024-09-30,,Entregue
PED_SKU_1527_TEA_0,SKU_1527_TEA,2024-06-17,103,299.54,,2024-08-01,,Entregue
PED_SKU_1527_TEA_1,SKU_1527_TEA,2024-08-16,103,299.54,,2024-09-30,,Entregue
PED_SKU_1527_TEA_2,SKU_1527_TEA,2024-10-15,103,299.54,,2024-11-29,,Entregue
PED_SKU_1527_TEA_3,SKU_1527_TEA,2024-12-14,103,299.54,,2025-01-28,,Entregue
PED_SKU_1528_PAS_0,SKU_1528_PAS,2024-06-17,139,71.13,,2024-08-01,,Entregue
PED_SKU_1528_PAS_1,SKU_1528_PAS,2024-08-16,139,71.13,,2024-09-30,,Entregue
PED_SKU_1528_PAS_2,SKU_1528_PAS,2024-10-15,139,71.13,,2024-11-29,,Entregue
PED_SKU_1528_DEN_0,SKU_1528_DEN,2024-06-17,153,71.13,,2024-08-01,,Entregue
PED_SKU_1528_DEN_1,SKU_1528_DEN,2024-08-16,153,71.13,,2024-09-30,,Entregue
PED_SKU_1528_DEN_2,SKU_1528_DEN,2024-10-15,153,71.13,,2024-11-29,,Entregue
PED_SKU_1529_HUN_0,SKU_1529_HUN,2024-06-17,107,80.62,,2024-08-01,,Entregue
PED_SKU_1529_HUN_1,SKU_1529_HUN,2024-08-16,107,80.62,,2024-09-30,,Entregue
PED_SKU_1529_HUN_2,SKU_1529_HUN,2024-10-15,107,80.62,,2024-11-29,,Entregue
PED_SKU_1529_HUN_3,SKU_1529_HUN,2024-12-14,107,80.62,,2025-01-28,,Entregue
PED_SKU_1529_MIN_0,SKU_1529_MIN,2024-06-17,101,80.62,,2024-08-01,,Entregue
PED_SKU_1529_MIN_1,SKU_1529_MIN,2024-08-16,101,80.62,,2024-09-30,,Entregue
PED_SKU_1529_MIN_2,SKU_1529_MIN,2024-10-15,101,80.62,,2024-11-29,,Entregue
PED_SKU_1529_MIN_3,SKU_1529_MIN,2024-12-14,101,80.62,,2025-01-28,,Entregue
PED_SKU_1530_HON_0,SKU_1530_HON,2024-06-17,143,42.76,,2024-08-01,,Entregue
PED_SKU_1530_HON_1,SKU_1530_HON,2024-08-16,143,42.76,,2024-09-30,,Entregue
PED_SKU_1530_HON_2,SKU_1530_HON,2024-10-15,143,42.76,,2024-11-29,,Entregue
PED_SKU_1530_PEA_0,SKU_1530_PEA,2024-06-17,212,42.76,,2024-08-01,,Entregue
PED_SKU_1530_PEA_1,SKU_1530_PEA,2024-08-16,212,42.76,,2024-09-30,,Entregue
PED_SKU_1531_TEA_0,SKU_1531_TEA,2024-06-17,210,182.02,,2024-08-01,,Entregue
PED_SKU_1531_TEA_1,SKU_1531_TEA,2024-08-16,210,182.02,,2024-09-30,,Entregue
PED_SKU_1531_SNO_0,SKU_1531_SNO,2024-06-17,218,182.02,,2024-08-01,,Entregue
PED_SKU_1531_SNO_1,SKU_1531_SNO,2024-08-16,218,182.02,,2024-09-30,,Entregue
PED_SKU_1532_BRI_0,SKU_1532_BRI,2024-06-17,140,273.57,,2024-08-01,,Entregue
PED_SKU_1532_BRI_1,SKU_1532_BRI,2024-08-16,140,273.57,,2024-09-30,,Entregue
PED_SKU_1532_BRI_2,SKU_1532_BRI,2024-10-15,140,273.57,,2024-11-29,,Entregue
PED_SKU_1532_EME_0,SKU_1532_EME,2024-06-17,140,273.57,,2024-08-01,,Entregue
PED_SKU_1532_EME_1,SKU_1532_EME,2024-08-16,140,273.57,,2024-09-30,,Entregue
PED_SKU_1532_EME_2,SKU_1532_EME,2024-10-15,140,273.57,,2024-11-29,,Entregue
PED_SKU_1533_CER_0,SKU_1533_CER,2024-06-17,148,49.66,,2024-08-01,,Entregue
PED_SKU_1533_CER_1,SKU_1533_CER,2024-08-16,148,49.66,,2024-09-30,,Entregue
PED_SKU_1533_CER_2,SKU_1533_CER,2024-10-15,148,49.66,,2024-11-29,,Entregue
PED_SKU_1533_DUS_0,SKU_1533_DUS,2024-06-17,115,49.66,,2024-08-01,,Entregue
PED_SKU_1533_DUS_1,SKU_1533_DUS,2024-08-16,115,49.66,,2024-09-30,,Entregue
PED_SKU_1533_DUS_2,SKU_1533_DUS,2024-10-15,115,49.66,,2024-11-29,,Entregue
PED_SKU_1533_DUS_3,SKU_1533_DUS,2024-12-14,115,49.66,,2025-01-28,,Entregue
PED_SKU_1534_MYS_0,SKU_1534_MYS,2024-06-17,133,58.83,,2024-08-01,,Entregue
PED_SKU_1534_MYS_1,SKU_1534_MYS,2024-08-16,133,58.83,,2024-09-30,,Entregue
PED_SKU_1534_MYS_2,SKU_1534_MYS,2024-10-15,133,58.83,,2024-11-29,,Entregue
PED_SKU_1534_HUN_0,SKU_1534_HUN,2024-06-17,193,58.83,,2024-08-01,,Entregue
PED_SKU_1534_HUN_1,SKU_1534_HUN,2024-08-16,193,58.83,,2024-09-30,,Entregue
PED_SKU_1535_NAV_0,SKU_1535_NAV,2024-06-17,103,96.65,,2024-08-01,,Entregue
PED_SKU_1535_NAV_1,SKU_1535_NAV,2024-08-16,103,96.65,,2024-09-30,,Entregue
PED_SKU_1535_NAV_2,SKU_1535_NAV,2024-10-15,103,96.65,,2024-11-29,,Entregue
PED_SKU_1535_NAV_3,SKU_1535_NAV,2024-12-14,103,96.65,,2025-01-28,,Entregue
PED_SKU_1535_MOS_0,SKU_1535_MOS,2024-06-17,103,96.65,,2024-08-01,,Entregue
PED_SKU_1535_MOS_1,SKU_1535_MOS,2024-08-16,103,96.65,,2024-09-30,,Entregue
PED_SKU_1535_MOS_2,SKU_1535_MOS,2024-10-15,103,96.65,,2024-11-29,,Entregue
PED_SKU_1535_MOS_3,SKU_1535_MOS,2024-12-14,103,96.65,,2025-01-28,,Entregue
PED_SKU_1536_MOS_0,SKU_1536_MOS,2024-06-17,207,122.92,,2024-08-01,,Entregue
PED_SKU_1536_MOS_1,SKU_1536_MOS,2024-08-16,207,122.92,,2024-09-30,,Entregue
PED_SKU_1536_FRE_0,SKU_1536_FRE,2024-06-17,92,122.92,,2024-08-01,,Entregue
PED_SKU_1536_FRE_1,SKU_1536_FRE,2024-08-16,92,122.92,,2024-09-30,,Entregue
PED_SKU_1536_FRE_2,SKU_1536_FRE,2024-10-15,92,122.92,,2024-11-29,,Entregue
PED_SKU_1536_FRE_3,SKU_1536_FRE,2024-12-14,92,122.92,,2025-01-28,,Entregue
PED_SKU_1537_SAP_0,SKU_1537_SAP,2024-06-17,96,84.37,,2024-08-01,,Entregue
PED_SKU_1537_SAP_1,SKU_1537_SAP,2024-08-16,96,84.37,,2024-09-30,,Entregue
PED_SKU_1537_SAP_2,SKU_1537_SAP,2024-10-15,96,84.37,,2024-11-29,,Entregue
PED_SKU_1537_SAP_3,SKU_1537_SAP,2024-12-14,96,84.37,,2025-01-28,,Entregue
PED_SKU_1537_BLA_0,SKU_1537_BLA,2024-06-17,127,84.37,,2024-08-01,,Entregue
PED_SKU_1537_BLA_1,SKU_1537_BLA,2024-08-16,127,84.37,,2024-09-30,,Entregue
PED_SKU_1537_BLA_2,SKU_1537_BLA,2024-10-15,127,84.37,,2024-11-29,,Entregue
PED_SKU_1538_MAG_0,SKU_1538_MAG,2024-06-17,222,69.48,,2024-08-01,,Entregue
PED_SKU_1538_MAG_1,SKU_1538_MAG,2024-08-16,222,69.48,,2024-09-30,,Entregue
PED_SKU_1538_PAS_0,SKU_1538_PAS,2024-06-17,96,69.48,,2024-08-01,,Entregue
PED_SKU_1538_PAS_1,SKU_1538_PAS,2024-08-16,96,69.48,,2024-09-30,,Cancelado
PED_SKU_1538_PAS_2,SKU_1538_PAS,2024-10-15,96,69.48,,2024-11-29,,Entregue
PED_SKU_1538_PAS_3,SKU_1538_PAS,2024-12-14,96,69.48,,2025-01-28,,Entregue
PED_SKU_1539_BLA_0,SKU_1539_BLA,2024-06-17,132,111.27,,2024-08-01,,Entregue
PED_SKU_1539_BLA_1,SKU_1539_BLA,2024-08-16,132,111.27,,2024-09-30,,Entregue
PED_SKU_1539_BLA_2,SKU_1539_BLA,2024-10-15,132,111.27,,2024-11-29,,Entregue
PED_SKU_1539_PEA_0,SKU_1539_PEA,2024-06-17,210,111.27,,2024-08-01,,Entregue
PED_SKU_1539_PEA_1,SKU_1539_PEA,2024-08-16,210,111.27,,2024-09-30,,Entregue
PED_SKU_1540_BAL_0,SKU_1540_BAL,2024-06-17,99,54.03,,2024-08-01,,Cancelado
PED_SKU_1540_BAL_1,SKU_1540_BAL,2024-08-16,99,54.03,,2024-09-30,,Entregue
PED_SKU_1540_BAL_2,SKU_1540_BAL,2024-10-15,99,54.03,,2024-11-29,,Cancelado
PED_SKU_1540_BAL_3,SKU_1540_BAL,2024-12-14,99,54.03,,2025-01-28,,Entregue
PED_SKU_1540_MAG_0,SKU_1540_MAG,2024-06-17,135,54.03,,2024-08-01,,Entregue
PED_SKU_1540_MAG_1,SKU_1540_MAG,2024-08-16,135,54.03,,2024-09-30,,Entregue
PED_SKU_1540_MAG_2,SKU_1540_MAG,2024-10-15,135,54.03,,2024-11-29,,Entregue
PED_SKU_1541_AQU_0,SKU_1541_AQU,2024-06-17,131,214.62,,2024-08-01,,Entregue
PED_SKU_1541_AQU_1,SKU_1541_AQU,2024-08-16,131,214.62,,2024-09-30,,Cancelado
PED_SKU_1541_AQU_2,SKU_1541_AQU,2024-10-15,131,214.62,,2024-11-29,,Entregue
PED_SKU_1541_POW_0,SKU_1541_POW,2024-06-17,217,214.62,,2024-08-01,,Entregue
PED_SKU_1541_POW_1,SKU_1541_POW,2024-08-16,217,214.62,,2024-09-30,,Entregue
PED_SKU_1542_DEE_0,SKU_1542_DEE,2024-06-17,197,154.69,,2024-08-01,,Entregue
PED_SKU_1542_DEE_1,SKU_1542_DEE,2024-08-16,197,154.69,,2024-09-30,,Entregue
PED_SKU_1542_PEA_0,SKU_1542_PEA,2024-06-17,145,154.69,,2024-08-01,,Entregue
PED_SKU_1542_PEA_1,SKU_1542_PEA,2024-08-16,145,154.69,,2024-09-30,,Entregue
PED_SKU_1542_PEA_2,SKU_1542_PEA,2024-10-15,145,154.69,,2024-11-29,,Entregue
PED_SKU_1543_BAB_0,SKU_1543_BAB,2024-06-17,151,233.7,,2024-08-01,,Entregue
PED_SKU_1543_BAB_1,SKU_1543_BAB,2024-08-16,151,233.7,,2024-09-30,,Entregue
PED_SKU_1543_BAB_2,SKU_1543_BAB,2024-10-15,151,233.7,,2024-11-29,,Entregue
PED_SKU_1543_FLA_0,SKU_1543_FLA,2024-06-17,145,233.7,,2024-08-01,,Entregue
PED_SKU_1543_FLA_1,SKU_1543_FLA,2024-08-16,145,233.7,,2024-09-30,,Entregue
PED_SKU_1543_FLA_2,SKU_1543_FLA,2024-10-15,145,233.7,,2024-11-29,,Entregue
PED_SKU_1544_OLI_0,SKU_1544_OLI,2024-06-17,148,63.57,,2024-08-01,,Entregue
PED_SKU_1544_OLI_1,SKU_1544_OLI,2024-08-16,148,63.57,,2024-09-30,,Entregue
PED_SKU_1544_OLI_2,SKU_1544_OLI,2024-10-15,148,63.57,,2024-11-29,,Entregue
PED_SKU_1544_PEA_0,SKU_1544_PEA,2024-06-17,97,63.57,,2024-08-01,,Entregue
PED_SKU_1544_PEA_1,SKU_1544_PEA,2024-08-16,97,63.57,,2024-09-30,,Entregue
PED_SKU_1544_PEA_2,SKU_1544_PEA,2024-10-15,97,63.57,,2024-11-29,,Entregue
PED_SKU_1544_PEA_3,SKU_1544_PEA,2024-12-14,97,63.57,,2025-01-28,,Entregue
PED_SKU_1545_TEA_0,SKU_1545_TEA,2024-06-17,134,82.65,,2024-08-01,,Entregue
PED_SKU_1545_TEA_1,SKU_1545_TEA,2024-08-16,134,82.65,,2024-09-30,,Entregue
PED_SKU_1545_TEA_2,SKU_1545_TEA,2024-10-15,134,82.65,,2024-11-29,,Entregue
PED_SKU_1545_HOT_0,SKU_1545_HOT,2024-06-17,223,82.65,,2024-08-01,,Entregue
PED_SKU_1545_HOT_1,SKU_1545_HOT,2024-08-16,223,82.65,,2024-09-30,,Entregue
PED_SKU_1546_PAS_0,SKU_1546_PAS,2024-06-17,133,55.62,,2024-08-01,,Entregue
PED_SKU_1546_PAS_1,SKU_1546_PAS,2024-08-16,133,55.62,,2024-09-30,,Entregue
PED_SKU_1546_PAS_2,SKU_1546_PAS,2024-10-15,133,55.62,,2024-11-29,,Entregue
PED_SKU_1546_IVO_0,SKU_1546_IVO,2024-06-17,128,55.62,,2024-08-01,,Entregue
PED_SKU_1546_IVO_1,SKU_1546_IVO,2024-08-16,128,55.62,,2024-09-30,,Entregue
PED_SKU_1546_IVO_2,SKU_1546_IVO,2024-10-15,128,55.62,,2024-11-29,,Entregue
PED_SKU_1547_IVO_0,SKU_1547_IVO,2024-06-17,107,109.2,,2024-08-01,,Entregue
PED_SKU_1547_IVO_1,SKU_1547_IVO,2024-08-16,107,109.2,,2024-09-30,,Entregue
PED_SKU_1547_IVO_2,SKU_1547_IVO,2024-10-15,107,109.2,,2024-11-29,,Entregue
PED_SKU_1547_IVO_3,SKU_1547_IVO,2024-12-14,107,109.2,,2025-01-28,,Entregue
PED_SKU_1547_FUC_0,SKU_1547_FUC,2024-06-17,199,109.2,,2024-08-01,,Entregue
PED_SKU_1547_FUC_1,SKU_1547_FUC,2024-08-16,199,109.2,,2024-09-30,,Entregue
PED_SKU_1548_HOT_0,SKU_1548_HOT,2024-06-17,93,157.19,,2024-08-01,,Entregue
PED_SKU_1548_HOT_1,SKU_1548_HOT,2024-08-16,93,157.19,,2024-09-30,,Entregue
PED_SKU_1548_HOT_2,SKU_1548_HOT,2024-10-15,93,157.19,,2024-11-29,,Entregue
PED_SKU_1548_HOT_3,SKU_1548_HOT,2024-12-14,93,157.19,,2025-01-28,,Entregue
PED_SKU_1548_CLO_0,SKU_1548_CLO,2024-06-17,222,157.19,,2024-08-01,,Entregue
PED_SKU_1548_CLO_1,SKU_1548_CLO,2024-08-16,222,157.19,,2024-09-30,,Entregue
PED_SKU_1549_BAL_0,SKU_1549_BAL,2024-06-17,105,58.8,,2024-08-01,,Entregue
PED_SKU_1549_BAL_1,SKU_1549_BAL,2024-08-16,105,58.8,,2024-09-30,,Entregue
PED_SKU_1549_BAL_2,SKU_1549_BAL,2024-10-15,105,58.8,,2024-11-29,,Entregue
PED_SKU_1549_BAL_3,SKU_1549_BAL,2024-12-14,105,58.8,,2025-01-28,,Entregue
PED_SKU_1549_PAS_0,SKU_1549_PAS,2024-06-17,219,58.8,,2024-08-01,,Entregue
PED_SKU_1549_PAS_1,SKU_1549_PAS,2024-08-16,219,58.8,,2024-09-30,,Entregue
PED_SKU_1550_PAL_0,SKU_1550_PAL,2024-06-17,144,54.29,,2024-08-01,,Entregue
PED_SKU_1550_PAL_1,SKU_1550_PAL,2024-08-16,144,54.29,,2024-09-30,,Entregue
PED_SKU_1550_PAL_2,SKU_1550_PAL,2024-10-15,144,54.29,,2024-11-29,,Entregue
PED_SKU_1550_IVO_0,SKU_1550_IVO,2024-06-17,97,54.29,,2024-08-01,,Entregue
PED_SKU_1550_IVO_1,SKU_1550_IVO,2024-08-16,97,54.29,,2024-09-30,,Entregue
PED_SKU_1550_IVO_2,SKU_1550_IVO,2024-10-15,97,54.29,,2024-11-29,,Entregue
PED_SKU_1550_IVO_3,SKU_1550_IVO,2024-12-14,97,54.29,,2025-01-28,,Entregue
PED_SKU_1551_DUS_0,SKU_1551_DUS,2024-06-17,192,72.79,,2024-08-01,,Entregue
PED_SKU_1551_DUS_1,SKU_1551_DUS,2024-08-16,192,72.79,,2024-09-30,,Entregue
PED_SKU_1551_ROS_0,SKU_1551_ROS,2024-06-17,103,72.79,,2024-08-01,,Entregue
PED_SKU_1551_ROS_1,SKU_1551_ROS,2024-08-16,103,72.79,,2024-09-30,,Entregue
PED_SKU_1551_ROS_2,SKU_1551_ROS,2024-10-15,103,72.79,,2024-11-29,,Entregue
PED_SKU_1551_ROS_3,SKU_1551_ROS,2024-12-14,103,72.79,,2025-01-28,,Entregue
PED_SKU_1552_CLE_0,SKU_1552_CLE,2024-06-17,189,217.24,,2024-08-01,,Entregue
PED_SKU_1552_CLE_1,SKU_1552_CLE,2024-08-16,189,217.24,,2024-09-30,,Entregue
PED_SKU_1552_SAP_0,SKU_1552_SAP,2024-06-17,90,217.24,,2024-08-01,,Entregue
PED_SKU_1552_SAP_1,SKU_1552_SAP,2024-08-16,90,217.24,,2024-09-30,,Cancelado
PED_SKU_1552_SAP_2,SKU_1552_SAP,2024-10-15,90,217.24,,2024-11-29,,Entregue
PED_SKU_1552_SAP_3,SKU_1552_SAP,2024-12-14,90,217.24,,2025-01-28,,Entregue
PED_SKU_1553_DEN_0,SKU_1553_DEN,2024-06-17,102,80.02,,2024-08-01,,Entregue
PED_SKU_1553_DEN_1,SKU_1553_DEN,2024-08-16,102,80.02,,2024-09-30,,Entregue
PED_SKU_1553_DEN_2,SKU_1553_DEN,2024-10-15,102,80.02,,2024-11-29,,Entregue
PED_SKU_1553_DEN_3,SKU_1553_DEN,2024-12-14,102,80.02,,2025-01-28,,Entregue
PED_SKU_1553_HOT_0,SKU_1553_HOT,2024-06-17,139,80.02,,2024-08-01,,Entregue
PED_SKU_1553_HOT_1,SKU_1553_HOT,2024-08-16,139,80.02,,2024-09-30,,Entregue
PED_SKU_1553_HOT_2,SKU_1553_HOT,2024-10-15,139,80.02,,2024-11-29,,Entregue
PED_SKU_1554_PIS_0,SKU_1554_PIS,2024-06-17,219,298.14,,2024-08-01,,Entregue
PED_SKU_1554_PIS_1,SKU_1554_PIS,2024-08-16,219,298.14,,2024-09-30,,Entregue
PED_SKU_1554_SKY_0,SKU_1554_SKY,2024-06-17,131,298.14,,2024-08-01,,Entregue
PED_SKU_1554_SKY_1,SKU_1554_SKY,2024-08-16,131,298.14,,2024-09-30,,Entregue
PED_SKU_1554_SKY_2,SKU_1554_SKY,2024-10-15,131,298.14,,2024-11-29,,Entregue
PED_SKU_1555_FUC_0,SKU_1555_FUC,2024-06-17,95,54.18,,2024-08-01,,Entregue
PED_SKU_1555_FUC_1,SKU_1555_FUC,2024-08-16,95,54.18,,2024-09-30,,Entregue
PED_SKU_1555_FUC_2,SKU_1555_FUC,2024-10-15,95,54.18,,2024-11-29,,Entregue
PED_SKU_1555_FUC_3,SKU_1555_FUC,2024-12-14,95,54.18,,2025-01-28,,Entregue
PED_SKU_1555_RAS_0,SKU_1555_RAS,2024-06-17,200,54.18,,2024-08-01,,Entregue
PED_SKU_1555_RAS_1,SKU_1555_RAS,2024-08-16,200,54.18,,2024-09-30,,Entregue
PED_SKU_1556_SAL_0,SKU_1556_SAL,2024-06-17,132,60.86,,2024-08-01,,Entregue
PED_SKU_1556_SAL_1,SKU_1556_SAL,2024-08-16,132,60.86,,2024-09-30,,Entregue
PED_SKU_1556_SAL_2,SKU_1556_SAL,2024-10-15,132,60.86,,2024-11-29,,Entregue
PED_SKU_1556_HUN_0,SKU_1556_HUN,2024-06-17,158,60.86,,2024-08-01,,Entregue
PED_SKU_1556_HUN_1,SKU_1556_HUN,2024-08-16,158,60.86,,2024-09-30,,Entregue
PED_SKU_1556_HUN_2,SKU_1556_HUN,2024-10-15,158,60.86,,2024-11-29,,Entregue
PED_SKU_1557_TUR_0,SKU_1557_TUR,2024-06-17,141,71.9,,2024-08-01,,Entregue
PED_SKU_1557_TUR_1,SKU_1557_TUR,2024-08-16,141,71.9,,2024-09-30,,Entregue
PED_SKU_1557_TUR_2,SKU_1557_TUR,2024-10-15,141,71.9,,2024-11-29,,Entregue
PED_SKU_1557_SAG_0,SKU_1557_SAG,2024-06-17,101,71.9,,2024-08-01,,Entregue
PED_SKU_1557_SAG_1,SKU_1557_SAG,2024-08-16,101,71.9,,2024-09-30,,Entregue
PED_SKU_1557_SAG_2,SKU_1557_SAG,2024-10-15,101,71.9,,2024-11-29,,Entregue
PED_SKU_1557_SAG_3,SKU_1557_SAG,2024-12-14,101,71.9,,2025-01-28,,Entregue
PED_SKU_1558_CLE_0,SKU_1558_CLE,2024-06-17,207,125.49,,2024-08-01,,Entregue
PED_SKU_1558_CLE_1,SKU_1558_CLE,2024-08-16,207,125.49,,2024-09-30,,Entregue
PED_SKU_1558_MEX_0,SKU_1558_MEX,2024-06-17,129,125.49,,2024-08-01,,Cancelado
PED_SKU_1558_MEX_1,SKU_1558_MEX,2024-08-16,129,125.49,,2024-09-30,,Entregue
PED_SKU_1558_MEX_2,SKU_1558_MEX,2024-10-15,129,125.49,,2024-11-29,,Entregue
PED_SKU_1559_BLU_0,SKU_1559_BLU,2024-06-17,194,463.28,,2024-08-01,,Entregue
PED_SKU_1559_BLU_1,SKU_1559_BLU,2024-08-16,194,463.28,,2024-09-30,,Entregue
PED_SKU_1559_SKY_0,SKU_1559_SKY,2024-06-17,102,463.28,,2024-08-01,,Cancelado
PED_SKU_1559_SKY_1,SKU_1559_SKY,2024-08-16,102,463.28,,2024-09-30,,Entregue
PED_SKU_1559_SKY_2,SKU_1559_SKY,2024-10-15,102,463.28,,2024-11-29,,Entregue
PED_SKU_1559_SKY_3,SKU_1559_SKY,2024-12-14,102,463.28,,2025-01-28,,Entregue
PED_SKU_1560_PAL_0,SKU_1560_PAL,2024-06-17,197,74.04,,2024-08-01,,Cancelado
PED_SKU_1560_PAL_1,SKU_1560_PAL,2024-08-16,197,74.04,,2024-09-30,,Entregue
PED_SKU_1560_CRE_0,SKU_1560_CRE,2024-06-17,102,74.04,,2024-08-01,,Entregue
PED_SKU_1560_CRE_1,SKU_1560_CRE,2024-08-16,102,74.04,,2024-09-30,,Entregue
PED_SKU_1560_CRE_2,SKU_1560_CRE,2024-10-15,102,74.04,,2024-11-29,,Entregue
PED_SKU_1560_CRE_3,SKU_1560_CRE,2024-12-14,102,74.04,,2025-01-28,,Entregue
PED_SKU_1561_LIM_0,SKU_1561_LIM,2024-06-17,104,112.13,,2024-08-01,,Entregue
PED_SKU_1561_LIM_1,SKU_1561_LIM,2024-08-16,104,112.13,,2024-09-30,,Entregue
PED_SKU_1561_LIM_2,SKU_1561_LIM,2024-10-15,104,112.13,,2024-11-29,,Entregue
PED_SKU_1561_LIM_3,SKU_1561_LIM,2024-12-14,104,112.13,,2025-01-28,,Entregue
PED_SKU_1561_VAN_0,SKU_1561_VAN,2024-06-17,230,112.13,,2024-08-01,,Entregue
PED_SKU_1561_VAN_1,SKU_1561_VAN,2024-08-16,230,112.13,,2024-09-30,,Entregue
PED_SKU_1562_CLO_0,SKU_1562_CLO,2024-06-17,195,96.47,,2024-08-01,,Entregue
PED_SKU_1562_CLO_1,SKU_1562_CLO,2024-08-16,195,96.47,,2024-09-30,,Entregue
PED_SKU_1562_BLU_0,SKU_1562_BLU,2024-06-17,195,96.47,,2024-08-01,,Cancelado
PED_SKU_1562_BLU_1,SKU_1562_BLU,2024-08-16,195,96.47,,2024-09-30,,Entregue
PED_SKU_1563_WHI_0,SKU_1563_WHI,2024-06-17,95,40.07,,2024-08-01,,Entregue
PED_SKU_1563_WHI_1,SKU_1563_WHI,2024-08-16,95,40.07,,2024-09-30,,Entregue
PED_SKU_1563_WHI_2,SKU_1563_WHI,2024-10-15,95,40.07,,2024-11-29,,Entregue
PED_SKU_1563_WHI_3,SKU_1563_WHI,2024-12-14,95,40.07,,2025-01-28,,Entregue
PED_SKU_1563_MEX_0,SKU_1563_MEX,2024-06-17,139,40.07,,2024-08-01,,Entregue
PED_SKU_1563_MEX_1,SKU_1563_MEX,2024-08-16,139,40.07,,2024-09-30,,Entregue
PED_SKU_1563_MEX_2,SKU_1563_MEX,2024-10-15,139,40.07,,2024-11-29,,Entregue
PED_SKU_1564_BLA_0,SKU_1564_BLA,2024-06-17,142,187.0,,2024-08-01,,Entregue
PED_SKU_1564_BLA_1,SKU_1564_BLA,2024-08-16,142,187.0,,2024-09-30,,Entregue
PED_SKU_1564_BLA_2,SKU_1564_BLA,2024-10-15,142,187.0,,2024-11-29,,Entregue
PED_SKU_1564_NAV_0,SKU_1564_NAV,2024-06-17,191,187.0,,2024-08-01,,Entregue
PED_SKU_1564_NAV_1,SKU_1564_NAV,2024-08-16,191,187.0,,2024-09-30,,Entregue
PED_SKU_1565_LIG_0,SKU_1565_LIG,2024-06-17,210,141.22,,2024-08-01,,Entregue
PED_SKU_1565_LIG_1,SKU_1565_LIG,2024-08-16,210,141.22,,2024-09-30,,Entregue
PED_SKU_1565_BAB_0,SKU_1565_BAB,2024-06-17,137,141.22,,2024-08-01,,Entregue
PED_SKU_1565_BAB_1,SKU_1565_BAB,2024-08-16,137,141.22,,2024-09-30,,Entregue
PED_SKU_1565_BAB_2,SKU_1565_BAB,2024-10-15,137,141.22,,2024-11-29,,Entregue
PED_SKU_1566_PEA_0,SKU_1566_PEA,2024-06-17,101,393.43,,2024-08-01,,Entregue
PED_SKU_1566_PEA_1,SKU_1566_PEA,2024-08-16,101,393.43,,2024-09-30,,Entregue
PED_SKU_1566_PEA_2,SKU_1566_PEA,2024-10-15,101,393.43,,2024-11-29,,Entregue
PED_SKU_1566_PEA_3,SKU_1566_PEA,2024-12-14,101,393.43,,2025-01-28,,Entregue
PED_SKU_1566_POW_0,SKU_1566_POW,2024-06-17,150,393.43,,2024-08-01,,Entregue
PED_SKU_1566_POW_1,SKU_1566_POW,2024-08-16,150,393.43,,2024-09-30,,Entregue
PED_SKU_1566_POW_2,SKU_1566_POW,2024-10-15,150,393.43,,2024-11-29,,Entregue
PED_SKU_1567_PRI_0,SKU_1567_PRI,2024-06-17,210,227.12,,2024-08-01,,Entregue
PED_SKU_1567_PRI_1,SKU_1567_PRI,2024-08-16,210,227.12,,2024-09-30,,Entregue
PED_SKU_1567_POW_0,SKU_1567_POW,2024-06-17,246,227.12,,2024-08-01,,Entregue
PED_SKU_1567_POW_1,SKU_1567_POW,2024-08-16,246,227.12,,2024-09-30,,Entregue
PED_SKU_1568_FRE_0,SKU_1568_FRE,2024-06-17,143,74.7,,2024-08-01,,Entregue
PED_SKU_1568_FRE_1,SKU_1568_FRE,2024-08-16,143,74.7,,2024-09-30,,Entregue
PED_SKU_1568_FRE_2,SKU_1568_FRE,2024-10-15,143,74.7,,2024-11-29,,Entregue
PED_SKU_1568_PIN_0,SKU_1568_PIN,2024-06-17,137,74.7,,2024-08-01,,Entregue
PED_SKU_1568_PIN_1,SKU_1568_PIN,2024-08-16,137,74.7,,2024-09-30,,Entregue
PED_SKU_1568_PIN_2,SKU_1568_PIN,2024-10-15,137,74.7,,2024-11-29,,Entregue
PED_SKU_1569_WHI_0,SKU_1569_WHI,2024-06-17,209,69.93,,2024-08-01,,Entregue
PED_SKU_1569_WHI_1,SKU_1569_WHI,2024-08-16,209,69.93,,2024-09-30,,Entregue
PED_SKU_1569_PAS_0,SKU_1569_PAS,2024-06-17,92,69.93,,2024-08-01,,Entregue
PED_SKU_1569_PAS_1,SKU_1569_PAS,2024-08-16,92,69.93,,2024-09-30,,Entregue
PED_SKU_1569_PAS_2,SKU_1569_PAS,2024-10-15,92,69.93,,2024-11-29,,Entregue
PED_SKU_1569_PAS_3,SKU_1569_PAS,2024-12-14,92,69.93,,2025-01-28,,Entregue
PED_SKU_1570_MEX_0,SKU_1570_MEX,2024-06-17,203,227.34,,2024-08-01,,Entregue
PED_SKU_1570_MEX_1,SKU_1570_MEX,2024-08-16,203,227.34,,2024-09-30,,Entregue
PED_SKU_1570_HON_0,SKU_1570_HON,2024-06-17,124,227.34,,2024-08-01,,Entregue
PED_SKU_1570_HON_1,SKU_1570_HON,2024-08-16,124,227.34,,2024-09-30,,Entregue
PED_SKU_1570_HON_2,SKU_1570_HON,2024-10-15,124,227.34,,2024-11-29,,Cancelado
PED_SKU_1571_WHI_0,SKU_1571_WHI,2024-06-17,139,72.53,,2024-08-01,,Entregue
PED_SKU_1571_WHI_1,SKU_1571_WHI,2024-08-16,139,72.53,,2024-09-30,,Entregue
PED_SKU_1571_WHI_2,SKU_1571_WHI,2024-10-15,139,72.53,,2024-11-29,,Entregue
PED_SKU_1571_BIR_0,SKU_1571_BIR,2024-06-17,145,72.53,,2024-08-01,,Entregue
PED_SKU_1571_BIR_1,SKU_1571_BIR,2024-08-16,145,72.53,,2024-09-30,,Entregue
PED_SKU_1571_BIR_2,SKU_1571_BIR,2024-10-15,145,72.53,,2024-11-29,,Entregue
PED_SKU_1572_BAL_0,SKU_1572_BAL,2024-06-17,200,40.8,,2024-08-01,,Entregue
PED_SKU_1572_BAL_1,SKU_1572_BAL,2024-08-16,200,40.8,,2024-09-30,,Entregue
PED_SKU_1572_MAR_0,SKU_1572_MAR,2024-06-17,108,40.8,,2024-08-01,,Entregue
PED_SKU_1572_MAR_1,SKU_1572_MAR,2024-08-16,108,40.8,,2024-09-30,,Entregue
PED_SKU_1572_MAR_2,SKU_1572_MAR,2024-10-15,108,40.8,,2024-11-29,,Cancelado
PED_SKU_1572_MAR_3,SKU_1572_MAR,2024-12-14,108,40.8,,2025-01-28,,Entregue
PED_SKU_1573_MIN_0,SKU_1573_MIN,2024-06-17,214,301.63,,2024-08-01,,Entregue
PED_SKU_1573_MIN_1,SKU_1573_MIN,2024-08-16,214,301.63,,2024-09-30,,Entregue
PED_SKU_1573_SAG_0,SKU_1573_SAG,2024-06-17,93,301.63,,2024-08-01,,Entregue
PED_SKU_1573_SAG_1,SKU_1573_SAG,2024-08-16,93,301.63,,2024-09-30,,Entregue
PED_SKU_1573_SAG_2,SKU_1573_SAG,2024-10-15,93,301.63,,2024-11-29,,Entregue
PED_SKU_1573_SAG_3,SKU_1573_SAG,2024-12-14,93,301.63,,2025-01-28,,Cancelado
PED_SKU_1574_GAR_0,SKU_1574_GAR,2024-06-17,99,179.66,,2024-08-01,,Entregue
PED_SKU_1574_GAR_1,SKU_1574_GAR,2024-08-16,99,179.66,,2024-09-30,,Entregue
PED_SKU_1574_GAR_2,SKU_1574_GAR,2024-10-15,99,179.66,,2024-11-29,,Entregue
PED_SKU_1574_GAR_3,SKU_1574_GAR,2024-12-14,99,179.66,,2025-01-28,,Entregue
PED_SKU_1574_COB_0,SKU_1574_COB,2024-06-17,107,179.66,,2024-08-01,,Entregue
PED_SKU_1574_COB_1,SKU_1574_COB,2024-08-16,107,179.66,,2024-09-30,,Entregue
PED_SKU_1574_COB_2,SKU_1574_COB,2024-10-15,107,179.66,,2024-11-29,,Entregue
PED_SKU_1574_COB_3,SKU_1574_COB,2024-12-14,107,179.66,,2025-01-28,,Entregue
PED_SKU_1575_JAD_0,SKU_1575_JAD,2024-06-17,101,329.01,,2024-08-01,,Entregue
PED_SKU_1575_JAD_1,SKU_1575_JAD,2024-08-16,101,329.01,,2024-09-30,,Entregue
PED_SKU_1575_JAD_2,SKU_1575_JAD,2024-10-15,101,329.01,,2024-11-29,,Entregue
PED_SKU_1575_JAD_3,SKU_1575_JAD,2024-12-14,101,329.01,,2025-01-28,,Entregue
PED_SKU_1575_AQU_0,SKU_1575_AQU,2024-06-17,138,329.01,,2024-08-01,,Entregue
PED_SKU_1575_AQU_1,SKU_1575_AQU,2024-08-16,138,329.01,,2024-09-30,,Entregue
PED_SKU_1575_AQU_2,SKU_1575_AQU,2024-10-15,138,329.01,,2024-11-29,,Entregue
PED_SKU_1576_AQU_0,SKU_1576_AQU,2024-06-17,106,80.62,,2024-08-01,,Entregue
PED_SKU_1576_AQU_1,SKU_1576_AQU,2024-08-16,106,80.62,,2024-09-30,,Entregue
PED_SKU_1576_AQU_2,SKU_1576_AQU,2024-10-15,106,80.62,,2024-11-29,,Entregue
PED_SKU_1576_AQU_3,SKU_1576_AQU,2024-12-14,106,80.62,,2025-01-28,,Entregue
PED_SKU_1576_BLU_0,SKU_1576_BLU,2024-06-17,98,80.62,,2024-08-01,,Entregue
PED_SKU_1576_BLU_1,SKU_1576_BLU,2024-08-16,98,80.62,,2024-09-30,,Entregue
PED_SKU_1576_BLU_2,SKU_1576_BLU,2024-10-15,98,80.62,,2024-11-29,,Entregue
PED_SKU_1576_BLU_3,SKU_1576_BLU,2024-12-14,98,80.62,,2025-01-28,,Entregue
PED_SKU_1577_FLA_0,SKU_1577_FLA,2024-06-17,110,50.85,,2024-08-01,,Cancelado
PED_SKU_1577_FLA_1,SKU_1577_FLA,2024-08-16,110,50.85,,2024-09-30,,Entregue
PED_SKU_1577_FLA_2,SKU_1577_FLA,2024-10-15,110,50.85,,2024-11-29,,Entregue
PED_SKU_1577_FLA_3,SKU_1577_FLA,2024-12-14,110,50.85,,2025-01-28,,Entregue
PED_SKU_1577_HUN_0,SKU_1577_HUN,2024-06-17,125,50.85,,2024-08-01,,Entregue
PED_SKU_1577_HUN_1,SKU_1577_HUN,2024-08-16,125,50.85,,2024-09-30,,Entregue
PED_SKU_1577_HUN_2,SKU_1577_HUN,2024-10-15,125,50.85,,2024-11-29,,Entregue
PED_SKU_1578_PAS_0,SKU_1578_PAS,2024-06-17,154,41.12,,2024-08-01,,Entregue
PED_SKU_1578_PAS_1,SKU_1578_PAS,2024-08-16,154,41.12,,2024-09-30,,Entregue
PED_SKU_1578_PAS_2,SKU_1578_PAS,2024-10-15,154,41.12,,2024-11-29,,Entregue
PED_SKU_1578_TEA_0,SKU_1578_TEA,2024-06-17,117,41.12,,2024-08-01,,Cancelado
PED_SKU_1578_TEA_1,SKU_1578_TEA,2024-08-16,117,41.12,,2024-09-30,,Entregue
PED_SKU_1578_TEA_2,SKU_1578_TEA,2024-10-15,117,41.12,,2024-11-29,,Entregue
PED_SKU_1578_TEA_3,SKU_1578_TEA,2024-12-14,117,41.12,,2025-01-28,,Entregue
PED_SKU_1579_DEN_0,SKU_1579_DEN,2024-06-17,137,75.68,,2024-08-01,,Entregue
PED_SKU_1579_DEN_1,SKU_1579_DEN,2024-08-16,137,75.68,,2024-09-30,,Entregue
PED_SKU_1579_DEN_2,SKU_1579_DEN,2024-10-15,137,75.68,,2024-11-29,,Entregue
PED_SKU_1579_SAG_0,SKU_1579_SAG,2024-06-17,145,75.68,,2024-08-01,,Entregue
PED_SKU_1579_SAG_1,SKU_1579_SAG,2024-08-16,145,75.68,,2024-09-30,,Entregue
PED_SKU_1579_SAG_2,SKU_1579_SAG,2024-10-15,145,75.68,,2024-11-29,,Entregue
PED_SKU_1580_WHI_0,SKU_1580_WHI,2024-06-17,185,60.39,,2024-08-01,,Entregue
PED_SKU_1580_WHI_1,SKU_1580_WHI,2024-08-16,185,60.39,,2024-09-30,,Entregue
PED_SKU_1580_MOS_0,SKU_1580_MOS,2024-06-17,134,60.39,,2024-08-01,,Entregue
PED_SKU_1580_MOS_1,SKU_1580_MOS,2024-08-16,134,60.39,,2024-09-30,,Entregue
PED_SKU_1580_MOS_2,SKU_1580_MOS,2024-10-15,134,60.39,,2024-11-29,,Entregue
PED_SKU_1581_BIR_0,SKU_1581_BIR,2024-06-17,154,234.46,,2024-08-01,,Entregue
PED_SKU_1581_BIR_1,SKU_1581_BIR,2024-08-16,154,234.46,,2024-09-30,,Entregue
PED_SKU_1581_BIR_2,SKU_1581_BIR,2024-10-15,154,234.46,,2024-11-29,,Entregue
PED_SKU_1581_COB_0,SKU_1581_COB,2024-06-17,101,234.46,,2024-08-01,,Entregue
PED_SKU_1581_COB_1,SKU_1581_COB,2024-08-16,101,234.46,,2024-09-30,,Entregue
PED_SKU_1581_COB_2,SKU_1581_COB,2024-10-15,101,234.46,,2024-11-29,,Entregue
PED_SKU_1581_COB_3,SKU_1581_COB,2024-12-14,101,234.46,,2025-01-28,,Entregue
PED_SKU_1582_WHI_0,SKU_1582_WHI,2024-06-17,224,67.4,,2024-08-01,,Entregue
PED_SKU_1582_WHI_1,SKU_1582_WHI,2024-08-16,224,67.4,,2024-09-30,,Entregue
PED_SKU_1582_PAS_0,SKU_1582_PAS,2024-06-17,104,67.4,,2024-08-01,,Entregue
PED_SKU_1582_PAS_1,SKU_1582_PAS,2024-08-16,104,67.4,,2024-09-30,,Entregue
PED_SKU_1582_PAS_2,SKU_1582_PAS,2024-10-15,104,67.4,,2024-11-29,,Entregue
PED_SKU_1582_PAS_3,SKU_1582_PAS,2024-12-14,104,67.4,,2025-01-28,,Entregue
PED_SKU_1583_WHI_0,SKU_1583_WHI,2024-06-17,107,68.13,,2024-08-01,,Entregue
PED_SKU_1583_WHI_1,SKU_1583_WHI,2024-08-16,107,68.13,,2024-09-30,,Entregue
PED_SKU_1583_WHI_2,SKU_1583_WHI,2024-10-15,107,68.13,,2024-11-29,,Entregue
PED_SKU_1583_WHI_3,SKU_1583_WHI,2024-12-14,107,68.13,,2025-01-28,,Entregue
PED_SKU_1583_BLU_0,SKU_1583_BLU,2024-06-17,139,68.13,,2024-08-01,,Entregue
PED_SKU_1583_BLU_1,SKU_1583_BLU,2024-08-16,139,68.13,,2024-09-30,,Entregue
PED_SKU_1583_BLU_2,SKU_1583_BLU,2024-10-15,139,68.13,,2024-11-29,,Entregue
PED_SKU_1584_AQU_0,SKU_1584_AQU,2024-06-17,120,60.46,,2024-08-01,,Entregue
PED_SKU_1584_AQU_1,SKU_1584_AQU,2024-08-16,120,60.46,,2024-09-30,,Entregue
PED_SKU_1584_AQU_2,SKU_1584_AQU,2024-10-15,120,60.46,,2024-11-29,,Cancelado
PED_SKU_1584_FLA_0,SKU_1584_FLA,2024-06-17,95,60.46,,2024-08-01,,Entregue
PED_SKU_1584_FLA_1,SKU_1584_FLA,2024-08-16,95,60.46,,2024-09-30,,Entregue
PED_SKU_1584_FLA_2,SKU_1584_FLA,2024-10-15,95,60.46,,2024-11-29,,Entregue
PED_SKU_1584_FLA_3,SKU_1584_FLA,2024-12-14,95,60.46,,2025-01-28,,Entregue
PED_SKU_1585_COR_0,SKU_1585_COR,2024-06-17,103,125.53,,2024-08-01,,Entregue
PED_SKU_1585_COR_1,SKU_1585_COR,2024-08-16,103,125.53,,2024-09-30,,Entregue
PED_SKU_1585_COR_2,SKU_1585_COR,2024-10-15,103,125.53,,2024-11-29,,Entregue
PED_SKU_1585_COR_3,SKU_1585_COR,2024-12-14,103,125.53,,2025-01-28,,Entregue
PED_SKU_1585_BLA_0,SKU_1585_BLA,2024-06-17,96,125.53,,2024-08-01,,Entregue
PED_SKU_1585_BLA_1,SKU_1585_BLA,2024-08-16,96,125.53,,2024-09-30,,Entregue
PED_SKU_1585_BLA_2,SKU_1585_BLA,2024-10-15,96,125.53,,2024-11-29,,Entregue
PED_SKU_1585_BLA_3,SKU_1585_BLA,2024-12-14,96,125.53,,2025-01-28,,Entregue
PED_SKU_1586_JAD_0,SKU_1586_JAD,2024-06-17,106,115.91,,2024-08-01,,Entregue
PED_SKU_1586_JAD_1,SKU_1586_JAD,2024-08-16,106,115.91,,2024-09-30,,Entregue
PED_SKU_1586_JAD_2,SKU_1586_JAD,2024-10-15,106,115.91,,2024-11-29,,Entregue
PED_SKU_1586_JAD_3,SKU_1586_JAD,2024-12-14,106,115.91,,2025-01-28,,Entregue
PED_SKU_1586_EGR_0,SKU_1586_EGR,2024-06-17,209,115.91,,2024-08-01,,Entregue
PED_SKU_1586_EGR_1,SKU_1586_EGR,2024-08-16,209,115.91,,2024-09-30,,Entregue
PED_SKU_1587_DEE_0,SKU_1587_DEE,2024-06-17,130,73.11,,2024-08-01,,Entregue
PED_SKU_1587_DEE_1,SKU_1587_DEE,2024-08-16,130,73.11,,2024-09-30,,Entregue
PED_SKU_1587_DEE_2,SKU_1587_DEE,2024-10-15,130,73.11,,2024-11-29,,Cancelado
PED_SKU_1587_LIG_0,SKU_1587_LIG,2024-06-17,112,73.11,,2024-08-01,,Entregue
PED_SKU_1587_LIG_1,SKU_1587_LIG,2024-08-16,112,73.11,,2024-09-30,,Entregue
PED_SKU_1587_LIG_2,SKU_1587_LIG,2024-10-15,112,73.11,,2024-11-29,,Entregue
PED_SKU_1587_LIG_3,SKU_1587_LIG,2024-12-14,112,73.11,,2025-01-28,,Entregue
PED_SKU_1588_PAS_0,SKU_1588_PAS,2024-06-17,99,155.79,,2024-08-01,,Entregue
PED_SKU_1588_PAS_1,SKU_1588_PAS,2024-08-16,99,155.79,,2024-09-30,,Entregue
PED_SKU_1588_PAS_2,SKU_1588_PAS,2024-10-15,99,155.79,,2024-11-29,,Entregue
PED_SKU_1588_PAS_3,SKU_1588_PAS,2024-12-14,99,155.79,,2025-01-28,,Entregue
PED_SKU_1588_CRE_0,SKU_1588_CRE,2024-06-17,218,155.79,,2024-08-01,,Entregue
PED_SKU_1588_CRE_1,SKU_1588_CRE,2024-08-16,218,155.79,,2024-09-30,,Entregue
PED_SKU_1589_TUR_0,SKU_1589_TUR,2024-06-17,93,225.05,,2024-08-01,,Entregue
PED_SKU_1589_TUR_1,SKU_1589_TUR,2024-08-16,93,225.05,,2024-09-30,,Entregue
PED_SKU_1589_TUR_2,SKU_1589_TUR,2024-10-15,93,225.05,,2024-11-29,,Entregue
PED_SKU_1589_TUR_3,SKU_1589_TUR,2024-12-14,93,225.05,,2025-01-28,,Entregue
PED_SKU_1589_CER_0,SKU_1589_CER,2024-06-17,128,225.05,,2024-08-01,,Entregue
PED_SKU_1589_CER_1,SKU_1589_CER,2024-08-16,128,225.05,,2024-09-30,,Entregue
PED_SKU_1589_CER_2,SKU_1589_CER,2024-10-15,128,225.05,,2024-11-29,,Entregue
PED_SKU_1590_MYS_0,SKU_1590_MYS,2024-06-17,213,62.52,,2024-08-01,,Entregue
PED_SKU_1590_MYS_1,SKU_1590_MYS,2024-08-16,213,62.52,,2024-09-30,,Entregue
PED_SKU_1590_HOT_0,SKU_1590_HOT,2024-06-17,102,62.52,,2024-08-01,,Entregue
PED_SKU_1590_HOT_1,SKU_1590_HOT,2024-08-16,102,62.52,,2024-09-30,,Entregue
PED_SKU_1590_HOT_2,SKU_1590_HOT,2024-10-15,102,62.52,,2024-11-29,,Entregue
PED_SKU_1590_HOT_3,SKU_1590_HOT,2024-12-14,102,62.52,,2025-01-28,,Entregue
PED_SKU_1591_HON_0,SKU_1591_HON,2024-06-17,102,282.99,,2024-08-01,,Cancelado
PED_SKU_1591_HON_1,SKU_1591_HON,2024-08-16,102,282.99,,2024-09-30,,Entregue
PED_SKU_1591_HON_2,SKU_1591_HON,2024-10-15,102,282.99,,2024-11-29,,Entregue
PED_SKU_1591_HON_3,SKU_1591_HON,2024-12-14,102,282.99,,2025-01-28,,Entregue
PED_SKU_1591_MYS_0,SKU_1591_MYS,2024-06-17,208,282.99,,2024-08-01,,Entregue
PED_SKU_1591_MYS_1,SKU_1591_MYS,2024-08-16,208,282.99,,2024-09-30,,Entregue
PED_SKU_1592_CER_0,SKU_1592_CER,2024-06-17,107,66.75,,2024-08-01,,Entregue
PED_SKU_1592_CER_1,SKU_1592_CER,2024-08-16,107,66.75,,2024-09-30,,Entregue
PED_SKU_1592_CER_2,SKU_1592_CER,2024-10-15,107,66.75,,2024-11-29,,Entregue
PED_SKU_1592_CER_3,SKU_1592_CER,2024-12-14,107,66.75,,2025-01-28,,Entregue
PED_SKU_1592_SAG_0,SKU_1592_SAG,2024-06-17,130,66.75,,2024-08-01,,Entregue
PED_SKU_1592_SAG_1,SKU_1592_SAG,2024-08-16,130,66.75,,2024-09-30,,Entregue
PED_SKU_1592_SAG_2,SKU_1592_SAG,2024-10-15,130,66.75,,2024-11-29,,Entregue
PED_SKU_1593_LIG_0,SKU_1593_LIG,2024-06-17,107,47.96,,2024-08-01,,Entregue
PED_SKU_1593_LIG_1,SKU_1593_LIG,2024-08-16,107,47.96,,2024-09-30,,Entregue
PED_SKU_1593_LIG_2,SKU_1593_LIG,2024-10-15,107,47.96,,2024-11-29,,Entregue
PED_SKU_1593_LIG_3,SKU_1593_LIG,2024-12-14,107,47.96,,2025-01-28,,Entregue
PED_SKU_1593_FUC_0,SKU_1593_FUC,2024-06-17,101,47.96,,2024-08-01,,Entregue
PED_SKU_1593_FUC_1,SKU_1593_FUC,2024-08-16,101,47.96,,2024-09-30,,Entregue
PED_SKU_1593_FUC_2,SKU_1593_FUC,2024-10-15,101,47.96,,2024-11-29,,Entregue
PED_SKU_1593_FUC_3,SKU_1593_FUC,2024-12-14,101,47.96,,2025-01-28,,Entregue
PED_SKU_1594_BAL_0,SKU_1594_BAL,2024-06-17,113,164.57,,2024-08-01,,Entregue
PED_SKU_1594_BAL_1,SKU_1594_BAL,2024-08-16,113,164.57,,2024-09-30,,Entregue
PED_SKU_1594_BAL_2,SKU_1594_BAL,2024-10-15,113,164.57,,2024-11-29,,Entregue
PED_SKU_1594_BAL_3,SKU_1594_BAL,2024-12-14,113,164.57,,2025-01-28,,Entregue
PED_SKU_1594_WHI_0,SKU_1594_WHI,2024-06-17,135,164.57,,2024-08-01,,Entregue
PED_SKU_1594_WHI_1,SKU_1594_WHI,2024-08-16,135,164.57,,2024-09-30,,Entregue
PED_SKU_1594_WHI_2,SKU_1594_WHI,2024-10-15,135,164.57,,2024-11-29,,Entregue
PED_SKU_1595_FLA_0,SKU_1595_FLA,2024-06-17,121,99.27,,2024-08-01,,Entregue
PED_SKU_1595_FLA_1,SKU_1595_FLA,2024-08-16,121,99.27,,2024-09-30,,Entregue
PED_SKU_1595_FLA_2,SKU_1595_FLA,2024-10-15,121,99.27,,2024-11-29,,Entregue
PED_SKU_1595_FLA_3,SKU_1595_FLA,2024-12-14,121,99.27,,2025-01-28,,Entregue
PED_SKU_1595_MYS_0,SKU_1595_MYS,2024-06-17,124,99.27,,2024-08-01,,Entregue
PED_SKU_1595_MYS_1,SKU_1595_MYS,2024-08-16,124,99.27,,2024-09-30,,Entregue
PED_SKU_1595_MYS_2,SKU_1595_MYS,2024-10-15,124,99.27,,2024-11-29,,Entregue
PED_SKU_1596_BIR_0,SKU_1596_BIR,2024-06-17,136,90.5,,2024-08-01,,Entregue
PED_SKU_1596_BIR_1,SKU_1596_BIR,2024-08-16,136,90.5,,2024-09-30,,Entregue
PED_SKU_1596_BIR_2,SKU_1596_BIR,2024-10-15,136,90.5,,2024-11-29,,Entregue
PED_SKU_1596_CER_0,SKU_1596_CER,2024-06-17,96,90.5,,2024-08-01,,Entregue
PED_SKU_1596_CER_1,SKU_1596_CER,2024-08-16,96,90.5,,2024-09-30,,Entregue
PED_SKU_1596_CER_2,SKU_1596_CER,2024-10-15,96,90.5,,2024-11-29,,Entregue
PED_SKU_1596_CER_3,SKU_1596_CER,2024-12-14,96,90.5,,2025-01-28,,Entregue
PED_SKU_1597_SHO_0,SKU_1597_SHO,2024-06-17,218,168.51,,2024-08-01,,Entregue
PED_SKU_1597_SHO_1,SKU_1597_SHO,2024-08-16,218,168.51,,2024-09-30,,Entregue
PED_SKU_1597_FLA_0,SKU_1597_FLA,2024-06-17,110,168.51,,2024-08-01,,Entregue
PED_SKU_1597_FLA_1,SKU_1597_FLA,2024-08-16,110,168.51,,2024-09-30,,Entregue
PED_SKU_1597_FLA_2,SKU_1597_FLA,2024-10-15,110,168.51,,2024-11-29,,Entregue
PED_SKU_1597_FLA_3,SKU_1597_FLA,2024-12-14,110,168.51,,2025-01-28,,Entregue
PED_SKU_1598_NAV_0,SKU_1598_NAV,2024-06-17,108,155.79,,2024-08-01,,Entregue
PED_SKU_1598_NAV_1,SKU_1598_NAV,2024-08-16,108,155.79,,2024-09-30,,Entregue
PED_SKU_1598_NAV_2,SKU_1598_NAV,2024-10-15,108,155.79,,2024-11-29,,Entregue
PED_SKU_1598_NAV_3,SKU_1598_NAV,2024-12-14,108,155.79,,2025-01-28,,Entregue
PED_SKU_1598_DUS_0,SKU_1598_DUS,2024-06-17,134,155.79,,2024-08-01,,Entregue
PED_SKU_1598_DUS_1,SKU_1598_DUS,2024-08-16,134,155.79,,2024-09-30,,Entregue
PED_SKU_1598_DUS_2,SKU_1598_DUS,2024-10-15,134,155.79,,2024-11-29,,Entregue
PED_SKU_1599_WHI_0,SKU_1599_WHI,2024-06-17,202,154.69,,2024-08-01,,Entregue
PED_SKU_1599_WHI_1,SKU_1599_WHI,2024-08-16,202,154.69,,2024-09-30,,Entregue
PED_SKU_1599_CER_0,SKU_1599_CER,2024-06-17,111,154.69,,2024-08-01,,Entregue
PED_SKU_1599_CER_1,SKU_1599_CER,2024-08-16,111,154.69,,2024-09-30,,Entregue
PED_SKU_1599_CER_2,SKU_1599_CER,2024-10-15,111,154.69,,2024-11-29,,Entregue
PED_SKU_1599_CER_3,SKU_1599_CER,2024-12-14,111,154.69,,2025-01-28,,Entregue
PED_SKU_1600_LIG_0,SKU_1600_LIG,2024-06-17,188,130.0,,2024-08-01,,Entregue
PED_SKU_1600_LIG_1,SKU_1600_LIG,2024-08-16,188,130.0,,2024-09-30,,Entregue
PED_SKU_1600_SHO_0,SKU_1600_SHO,2024-06-17,204,130.0,,2024-08-01,,Entregue
PED_SKU_1600_SHO_1,SKU_1600_SHO,2024-08-16,204,130.0,,2024-09-30,,Cancelado
PED_SKU_1601_EME_0,SKU_1601_EME,2024-06-17,226,243.25,,2024-08-01,,Entregue
PED_SKU_1601_EME_1,SKU_1601_EME,2024-08-16,226,243.25,,2024-09-30,,Entregue
PED_SKU_1601_AQU_0,SKU_1601_AQU,2024-06-17,137,243.25,,2024-08-01,,Entregue
PED_SKU_1601_AQU_1,SKU_1601_AQU,2024-08-16,137,243.25,,2024-09-30,,Entregue
PED_SKU_1601_AQU_2,SKU_1601_AQU,2024-10-15,137,243.25,,2024-11-29,,Entregue
PED_SKU_1602_AQU_0,SKU_1602_AQU,2024-06-17,212,68.1,,2024-08-01,,Entregue
PED_SKU_1602_AQU_1,SKU_1602_AQU,2024-08-16,212,68.1,,2024-09-30,,Entregue
PED_SKU_1602_PAS_0,SKU_1602_PAS,2024-06-17,94,68.1,,2024-08-01,,Entregue
PED_SKU_1602_PAS_1,SKU_1602_PAS,2024-08-16,94,68.1,,2024-09-30,,Entregue
PED_SKU_1602_PAS_2,SKU_1602_PAS,2024-10-15,94,68.1,,2024-11-29,,Entregue
PED_SKU_1602_PAS_3,SKU_1602_PAS,2024-12-14,94,68.1,,2025-01-28,,Entregue
PED_SKU_1603_BUB_0,SKU_1603_BUB,2024-06-17,188,207.25,,2024-08-01,,Entregue
PED_SKU_1603_BUB_1,SKU_1603_BUB,2024-08-16,188,207.25,,2024-09-30,,Entregue
PED_SKU_1603_PEA_0,SKU_1603_PEA,2024-06-17,200,207.25,,2024-08-01,,Cancelado
PED_SKU_1603_PEA_1,SKU_1603_PEA,2024-08-16,200,207.25,,2024-09-30,,Entregue
PED_SKU_1604_CLE_0,SKU_1604_CLE,2024-06-17,148,161.69,,2024-08-01,,Entregue
PED_SKU_1604_CLE_1,SKU_1604_CLE,2024-08-16,148,161.69,,2024-09-30,,Entregue
PED_SKU_1604_CLE_2,SKU_1604_CLE,2024-10-15,148,161.69,,2024-11-29,,Entregue
PED_SKU_1604_SNO_0,SKU_1604_SNO,2024-06-17,194,161.69,,2024-08-01,,Entregue
PED_SKU_1604_SNO_1,SKU_1604_SNO,2024-08-16,194,161.69,,2024-09-30,,Entregue
PED_SKU_1605_VAN_0,SKU_1605_VAN,2024-06-17,128,65.31,,2024-08-01,,Entregue
PED_SKU_1605_VAN_1,SKU_1605_VAN,2024-08-16,128,65.31,,2024-09-30,,Cancelado
PED_SKU_1605_VAN_2,SKU_1605_VAN,2024-10-15,128,65.31,,2024-11-29,,Entregue
PED_SKU_1605_COR_0,SKU_1605_COR,2024-06-17,139,65.31,,2024-08-01,,Entregue
PED_SKU_1605_COR_1,SKU_1605_COR,2024-08-16,139,65.31,,2024-09-30,,Entregue
PED_SKU_1605_COR_2,SKU_1605_COR,2024-10-15,139,65.31,,2024-11-29,,Entregue
PED_SKU_1606_COB_0,SKU_1606_COB,2024-06-17,126,386.66,,2024-08-01,,Entregue
PED_SKU_1606_COB_1,SKU_1606_COB,2024-08-16,126,386.66,,2024-09-30,,Entregue
PED_SKU_1606_COB_2,SKU_1606_COB,2024-10-15,126,386.66,,2024-11-29,,Entregue
PED_SKU_1606_SEA_0,SKU_1606_SEA,2024-06-17,105,386.66,,2024-08-01,,Entregue
PED_SKU_1606_SEA_1,SKU_1606_SEA,2024-08-16,105,386.66,,2024-09-30,,Entregue
PED_SKU_1606_SEA_2,SKU_1606_SEA,2024-10-15,105,386.66,,2024-11-29,,Entregue
PED_SKU_1606_SEA_3,SKU_1606_SEA,2024-12-14,105,386.66,,2025-01-28,,Entregue
PED_SKU_1607_GAR_0,SKU_1607_GAR,2024-06-17,212,99.27,,2024-08-01,,Entregue
PED_SKU_1607_GAR_1,SKU_1607_GAR,2024-08-16,212,99.27,,2024-09-30,,Entregue
PED_SKU_1607_MAR_0,SKU_1607_MAR,2024-06-17,105,99.27,,2024-08-01,,Entregue
PED_SKU_1607_MAR_1,SKU_1607_MAR,2024-08-16,105,99.27,,2024-09-30,,Entregue
PED_SKU_1607_MAR_2,SKU_1607_MAR,2024-10-15,105,99.27,,2024-11-29,,Entregue
PED_SKU_1607_MAR_3,SKU_1607_MAR,2024-12-14,105,99.27,,2025-01-28,,Entregue
PED_SKU_1608_WHI_0,SKU_1608_WHI,2024-06-17,134,100.37,,2024-08-01,,Entregue
PED_SKU_1608_WHI_1,SKU_1608_WHI,2024-08-16,134,100.37,,2024-09-30,,Entregue
PED_SKU_1608_WHI_2,SKU_1608_WHI,2024-10-15,134,100.37,,2024-11-29,,Cancelado
PED_SKU_1608_MID_0,SKU_1608_MID,2024-06-17,211,100.37,,2024-08-01,,Entregue
PED_SKU_1608_MID_1,SKU_1608_MID,2024-08-16,211,100.37,,2024-09-30,,Entregue
PED_SKU_1609_LIM_0,SKU_1609_LIM,2024-06-17,190,85.83,,2024-08-01,,Entregue
PED_SKU_1609_LIM_1,SKU_1609_LIM,2024-08-16,190,85.83,,2024-09-30,,Cancelado
PED_SKU_1609_SAP_0,SKU_1609_SAP,2024-06-17,101,85.83,,2024-08-01,,Entregue
PED_SKU_1609_SAP_1,SKU_1609_SAP,2024-08-16,101,85.83,,2024-09-30,,Entregue
PED_SKU_1609_SAP_2,SKU_1609_SAP,2024-10-15,101,85.83,,2024-11-29,,Entregue
PED_SKU_1609_SAP_3,SKU_1609_SAP,2024-12-14,101,85.83,,2025-01-28,,Entregue
PED_SKU_1610_PRI_0,SKU_1610_PRI,2024-06-17,113,60.87,,2024-08-01,,Entregue
PED_SKU_1610_PRI_1,SKU_1610_PRI,2024-08-16,113,60.87,,2024-09-30,,Entregue
PED_SKU_1610_PRI_2,SKU_1610_PRI,2024-10-15,113,60.87,,2024-11-29,,Entregue
PED_SKU_1610_PRI_3,SKU_1610_PRI,2024-12-14,113,60.87,,2025-01-28,,Entregue
PED_SKU_1610_MEX_0,SKU_1610_MEX,2024-06-17,107,60.87,,2024-08-01,,Entregue
PED_SKU_1610_MEX_1,SKU_1610_MEX,2024-08-16,107,60.87,,2024-09-30,,Entregue
PED_SKU_1610_MEX_2,SKU_1610_MEX,2024-10-15,107,60.87,,2024-11-29,,Entregue
PED_SKU_1610_MEX_3,SKU_1610_MEX,2024-12-14,107,60.87,,2025-01-28,,Entregue
PED_SKU_1611_MID_0,SKU_1611_MID,2024-06-17,101,72.39,,2024-08-01,,Entregue
PED_SKU_1611_MID_1,SKU_1611_MID,2024-08-16,101,72.39,,2024-09-30,,Entregue
PED_SKU_1611_MID_2,SKU_1611_MID,2024-10-15,101,72.39,,2024-11-29,,Entregue
PED_SKU_1611_MID_3,SKU_1611_MID,2024-12-14,101,72.39,,2025-01-28,,Entregue
PED_SKU_1611_BRI_0,SKU_1611_BRI,2024-06-17,101,72.39,,2024-08-01,,Entregue
PED_SKU_1611_BRI_1,SKU_1611_BRI,2024-08-16,101,72.39,,2024-09-30,,Entregue
PED_SKU_1611_BRI_2,SKU_1611_BRI,2024-10-15,101,72.39,,2024-11-29,,Entregue
PED_SKU_1611_BRI_3,SKU_1611_BRI,2024-12-14,101,72.39,,2025-01-28,,Entregue
PED_SKU_1612_PAL_0,SKU_1612_PAL,2024-06-17,110,101.75,,2024-08-01,,Entregue
PED_SKU_1612_PAL_1,SKU_1612_PAL,2024-08-16,110,101.75,,2024-09-30,,Entregue
PED_SKU_1612_PAL_2,SKU_1612_PAL,2024-10-15,110,101.75,,2024-11-29,,Entregue
PED_SKU_1612_PAL_3,SKU_1612_PAL,2024-12-14,110,101.75,,2025-01-28,,Entregue
PED_SKU_1612_SNO_0,SKU_1612_SNO,2024-06-17,196,101.75,,2024-08-01,,Entregue
PED_SKU_1612_SNO_1,SKU_1612_SNO,2024-08-16,196,101.75,,2024-09-30,,Entregue
PED_SKU_1613_BIR_0,SKU_1613_BIR,2024-06-17,110,53.84,,2024-08-01,,Entregue
PED_SKU_1613_BIR_1,SKU_1613_BIR,2024-08-16,110,53.84,,2024-09-30,,Entregue
PED_SKU_1613_BIR_2,SKU_1613_BIR,2024-10-15,110,53.84,,2024-11-29,,Entregue
PED_SKU_1613_BIR_3,SKU_1613_BIR,2024-12-14,110,53.84,,2025-01-28,,Entregue
PED_SKU_1613_AQU_0,SKU_1613_AQU,2024-06-17,142,53.84,,2024-08-01,,Entregue
PED_SKU_1613_AQU_1,SKU_1613_AQU,2024-08-16,142,53.84,,2024-09-30,,Entregue
PED_SKU_1613_AQU_2,SKU_1613_AQU,2024-10-15,142,53.84,,2024-11-29,,Entregue
PED_SKU_1614_VAN_0,SKU_1614_VAN,2024-06-17,141,126.93,,2024-08-01,,Entregue
PED_SKU_1614_VAN_1,SKU_1614_VAN,2024-08-16,141,126.93,,2024-09-30,,Entregue
PED_SKU_1614_VAN_2,SKU_1614_VAN,2024-10-15,141,126.93,,2024-11-29,,Entregue
PED_SKU_1614_IVO_0,SKU_1614_IVO,2024-06-17,218,126.93,,2024-08-01,,Entregue
PED_SKU_1614_IVO_1,SKU_1614_IVO,2024-08-16,218,126.93,,2024-09-30,,Entregue
PED_SKU_1615_MOS_0,SKU_1615_MOS,2024-06-17,200,147.37,,2024-08-01,,Entregue
PED_SKU_1615_MOS_1,SKU_1615_MOS,2024-08-16,200,147.37,,2024-09-30,,Entregue
PED_SKU_1615_SHO_0,SKU_1615_SHO,2024-06-17,194,147.37,,2024-08-01,,Entregue
PED_SKU_1615_SHO_1,SKU_1615_SHO,2024-08-16,194,147.37,,2024-09-30,,Entregue
PED_SKU_1616_SER_0,SKU_1616_SER,2024-06-17,102,389.87,,2024-08-01,,Entregue
PED_SKU_1616_SER_1,SKU_1616_SER,2024-08-16,102,389.87,,2024-09-30,,Entregue
PED_SKU_1616_SER_2,SKU_1616_SER,2024-10-15,102,389.87,,2024-11-29,,Entregue
PED_SKU_1616_SER_3,SKU_1616_SER,2024-12-14,102,389.87,,2025-01-28,,Cancelado
PED_SKU_1616_COR_0,SKU_1616_COR,2024-06-17,120,389.87,,2024-08-01,,Entregue
PED_SKU_1616_COR_1,SKU_1616_COR,2024-08-16,120,389.87,,2024-09-30,,Entregue
PED_SKU_1616_COR_2,SKU_1616_COR,2024-10-15,120,389.87,,2024-11-29,,Entregue
PED_SKU_1616_COR_3,SKU_1616_COR,2024-12-14,120,389.87,,2025-01-28,,Entregue
PED_SKU_1617_DEN_0,SKU_1617_DEN,2024-06-17,141,62.69,,2024-08-01,,Cancelado
PED_SKU_1617_DEN_1,SKU_1617_DEN,2024-08-16,141,62.69,,2024-09-30,,Entregue
PED_SKU_1617_DEN_2,SKU_1617_DEN,2024-10-15,141,62.69,,2024-11-29,,Entregue
PED_SKU_1617_MIN_0,SKU_1617_MIN,2024-06-17,214,62.69,,2024-08-01,,Entregue
PED_SKU_1617_MIN_1,SKU_1617_MIN,2024-08-16,214,62.69,,2024-09-30,,Entregue
PED_SKU_1618_SAL_0,SKU_1618_SAL,2024-06-17,208,59.55,,2024-08-01,,Entregue
PED_SKU_1618_SAL_1,SKU_1618_SAL,2024-08-16,208,59.55,,2024-09-30,,Entregue
PED_SKU_1618_SAP_0,SKU_1618_SAP,2024-06-17,202,59.55,,2024-08-01,,Entregue
PED_SKU_1618_SAP_1,SKU_1618_SAP,2024-08-16,202,59.55,,2024-09-30,,Entregue
PED_SKU_1619_IVO_0,SKU_1619_IVO,2024-06-17,140,65.81,,2024-08-01,,Entregue
PED_SKU_1619_IVO_1,SKU_1619_IVO,2024-08-16,140,65.81,,2024-09-30,,Entregue
PED_SKU_1619_IVO_2,SKU_1619_IVO,2024-10-15,140,65.81,,2024-11-29,,Entregue
PED_SKU_1619_PAS_0,SKU_1619_PAS,2024-06-17,192,65.81,,2024-08-01,,Entregue
PED_SKU_1619_PAS_1,SKU_1619_PAS,2024-08-16,192,65.81,,2024-09-30,,Entregue
PED_SKU_1620_SAG_0,SKU_1620_SAG,2024-06-17,94,87.68,,2024-08-01,,Entregue
PED_SKU_1620_SAG_1,SKU_1620_SAG,2024-08-16,94,87.68,,2024-09-30,,Entregue
PED_SKU_1620_SAG_2,SKU_1620_SAG,2024-10-15,94,87.68,,2024-11-29,,Entregue
PED_SKU_1620_SAG_3,SKU_1620_SAG,2024-12-14,94,87.68,,2025-01-28,,Entregue
PED_SKU_1620_BLU_0,SKU_1620_BLU,2024-06-17,137,87.68,,2024-08-01,,Cancelado
PED_SKU_1620_BLU_1,SKU_1620_BLU,2024-08-16,137,87.68,,2024-09-30,,Entregue
PED_SKU_1620_BLU_2,SKU_1620_BLU,2024-10-15,137,87.68,,2024-11-29,,Entregue
PED_SKU_1621_PAS_0,SKU_1621_PAS,2024-06-17,164,77.75,,2024-08-01,,Entregue
PED_SKU_1621_PAS_1,SKU_1621_PAS,2024-08-16,164,77.75,,2024-09-30,,Entregue
PED_SKU_1621_PAS_2,SKU_1621_PAS,2024-10-15,164,77.75,,2024-11-29,,Entregue
PED_SKU_1621_FUC_0,SKU_1621_FUC,2024-06-17,142,77.75,,2024-08-01,,Cancelado
PED_SKU_1621_FUC_1,SKU_1621_FUC,2024-08-16,142,77.75,,2024-09-30,,Entregue
PED_SKU_1621_FUC_2,SKU_1621_FUC,2024-10-15,142,77.75,,2024-11-29,,Entregue
PED_SKU_1622_VAN_0,SKU_1622_VAN,2024-06-17,105,82.02,,2024-08-01,,Entregue
PED_SKU_1622_VAN_1,SKU_1622_VAN,2024-08-16,105,82.02,,2024-09-30,,Entregue
PED_SKU_1622_VAN_2,SKU_1622_VAN,2024-10-15,105,82.02,,2024-11-29,,Entregue
PED_SKU_1622_VAN_3,SKU_1622_VAN,2024-12-14,105,82.02,,2025-01-28,,Entregue
PED_SKU_1622_CLO_0,SKU_1622_CLO,2024-06-17,92,82.02,,2024-08-01,,Entregue
PED_SKU_1622_CLO_1,SKU_1622_CLO,2024-08-16,92,82.02,,2024-09-30,,Entregue
PED_SKU_1622_CLO_2,SKU_1622_CLO,2024-10-15,92,82.02,,2024-11-29,,Entregue
PED_SKU_1622_CLO_3,SKU_1622_CLO,2024-12-14,92,82.02,,2025-01-28,,Entregue
PED_SKU_1623_EGR_0,SKU_1623_EGR,2024-06-17,103,261.73,,2024-08-01,,Cancelado
PED_SKU_1623_EGR_1,SKU_1623_EGR,2024-08-16,103,261.73,,2024-09-30,,Entregue
PED_SKU_1623_EGR_2,SKU_1623_EGR,2024-10-15,103,261.73,,2024-11-29,,Entregue
PED_SKU_1623_EGR_3,SKU_1623_EGR,2024-12-14,103,261.73,,2025-01-28,,Entregue
PED_SKU_1623_SER_0,SKU_1623_SER,2024-06-17,214,261.73,,2024-08-01,,Entregue
PED_SKU_1623_SER_1,SKU_1623_SER,2024-08-16,214,261.73,,2024-09-30,,Entregue
PED_SKU_1624_PRI_0,SKU_1624_PRI,2024-06-17,137,61.77,,2024-08-01,,Entregue
PED_SKU_1624_PRI_1,SKU_1624_PRI,2024-08-16,137,61.77,,2024-09-30,,Entregue
PED_SKU_1624_PRI_2,SKU_1624_PRI,2024-10-15,137,61.77,,2024-11-29,,Entregue
PED_SKU_1624_ARM_0,SKU_1624_ARM,2024-06-17,107,61.77,,2024-08-01,,Entregue
PED_SKU_1624_ARM_1,SKU_1624_ARM,2024-08-16,107,61.77,,2024-09-30,,Entregue
PED_SKU_1624_ARM_2,SKU_1624_ARM,2024-10-15,107,61.77,,2024-11-29,,Entregue
PED_SKU_1624_ARM_3,SKU_1624_ARM,2024-12-14,107,61.77,,2025-01-28,,Entregue
PED_SKU_1625_GAR_0,SKU_1625_GAR,2024-06-17,123,64.95,,2024-08-01,,Entregue
PED_SKU_1625_GAR_1,SKU_1625_GAR,2024-08-16,123,64.95,,2024-09-30,,Entregue
PED_SKU_1625_GAR_2,SKU_1625_GAR,2024-10-15,123,64.95,,2024-11-29,,Entregue
PED_SKU_1625_DUS_0,SKU_1625_DUS,2024-06-17,225,64.95,,2024-08-01,,Entregue
PED_SKU_1625_DUS_1,SKU_1625_DUS,2024-08-16,225,64.95,,2024-09-30,,Entregue
PED_SKU_1626_BAB_0,SKU_1626_BAB,2024-06-17,108,205.38,,2024-08-01,,Entregue
PED_SKU_1626_BAB_1,SKU_1626_BAB,2024-08-16,108,205.38,,2024-09-30,,Entregue
PED_SKU_1626_BAB_2,SKU_1626_BAB,2024-10-15,108,205.38,,2024-11-29,,Entregue
PED_SKU_1626_BAB_3,SKU_1626_BAB,2024-12-14,108,205.38,,2025-01-28,,Entregue
PED_SKU_1626_DEN_0,SKU_1626_DEN,2024-06-17,141,205.38,,2024-08-01,,Entregue
PED_SKU_1626_DEN_1,SKU_1626_DEN,2024-08-16,141,205.38,,2024-09-30,,Entregue
PED_SKU_1626_DEN_2,SKU_1626_DEN,2024-10-15,141,205.38,,2024-11-29,,Entregue
PED_SKU_1627_BAB_0,SKU_1627_BAB,2024-06-17,142,109.2,,2024-08-01,,Entregue
PED_SKU_1627_BAB_1,SKU_1627_BAB,2024-08-16,142,109.2,,2024-09-30,,Entregue
PED_SKU_1627_BAB_2,SKU_1627_BAB,2024-10-15,142,109.2,,2024-11-29,,Entregue
PED_SKU_1627_MOS_0,SKU_1627_MOS,2024-06-17,130,109.2,,2024-08-01,,Entregue
PED_SKU_1627_MOS_1,SKU_1627_MOS,2024-08-16,130,109.2,,2024-09-30,,Entregue
PED_SKU_1627_MOS_2,SKU_1627_MOS,2024-10-15,130,109.2,,2024-11-29,,Entregue
PED_SKU_1628_PEA_0,SKU_1628_PEA,2024-06-17,156,181.03,,2024-08-01,,Entregue
PED_SKU_1628_PEA_1,SKU_1628_PEA,2024-08-16,156,181.03,,2024-09-30,,Entregue
PED_SKU_1628_PEA_2,SKU_1628_PEA,2024-10-15,156,181.03,,2024-11-29,,Cancelado
PED_SKU_1628_POW_0,SKU_1628_POW,2024-06-17,109,181.03,,2024-08-01,,Entregue
PED_SKU_1628_POW_1,SKU_1628_POW,2024-08-16,109,181.03,,2024-09-30,,Entregue
PED_SKU_1628_POW_2,SKU_1628_POW,2024-10-15,109,181.03,,2024-11-29,,Entregue
PED_SKU_1628_POW_3,SKU_1628_POW,2024-12-14,109,181.03,,2025-01-28,,Entregue
PED_SKU_1629_CLO_0,SKU_1629_CLO,2024-06-17,99,81.06,,2024-08-01,,Entregue
PED_SKU_1629_CLO_1,SKU_1629_CLO,2024-08-16,99,81.06,,2024-09-30,,Entregue
PED_SKU_1629_CLO_2,SKU_1629_CLO,2024-10-15,99,81.06,,2024-11-29,,Entregue
PED_SKU_1629_CLO_3,SKU_1629_CLO,2024-12-14,99,81.06,,2025-01-28,,Entregue
PED_SKU_1629_ARM_0,SKU_1629_ARM,2024-06-17,93,81.06,,2024-08-01,,Entregue
PED_SKU_1629_ARM_1,SKU_1629_ARM,2024-08-16,93,81.06,,2024-09-30,,Entregue
PED_SKU_1629_ARM_2,SKU_1629_ARM,2024-10-15,93,81.06,,2024-11-29,,Entregue
PED_SKU_1629_ARM_3,SKU_1629_ARM,2024-12-14,93,81.06,,2025-01-28,,Entregue
PED_SKU_1630_LIM_0,SKU_1630_LIM,2024-06-17,136,110.85,,2024-08-01,,Cancelado
PED_SKU_1630_LIM_1,SKU_1630_LIM,2024-08-16,136,110.85,,2024-09-30,,Entregue
PED_SKU_1630_LIM_2,SKU_1630_LIM,2024-10-15,136,110.85,,2024-11-29,,Entregue
PED_SKU_1630_SNO_0,SKU_1630_SNO,2024-06-17,132,110.85,,2024-08-01,,Entregue
PED_SKU_1630_SNO_1,SKU_1630_SNO,2024-08-16,132,110.85,,2024-09-30,,Entregue
PED_SKU_1630_SNO_2,SKU_1630_SNO,2024-10-15,132,110.85,,2024-11-29,,Entregue
PED_SKU_1631_BAL_0,SKU_1631_BAL,2024-06-17,197,57.21,,2024-08-01,,Entregue
PED_SKU_1631_BAL_1,SKU_1631_BAL,2024-08-16,197,57.21,,2024-09-30,,Entregue
PED_SKU_1631_SNO_0,SKU_1631_SNO,2024-06-17,183,57.21,,2024-08-01,,Entregue
PED_SKU_1631_SNO_1,SKU_1631_SNO,2024-08-16,183,57.21,,2024-09-30,,Entregue
PED_SKU_1632_SAP_0,SKU_1632_SAP,2024-06-17,111,61.2,,2024-08-01,,Entregue
PED_SKU_1632_SAP_1,SKU_1632_SAP,2024-08-16,111,61.2,,2024-09-30,,Entregue
PED_SKU_1632_SAP_2,SKU_1632_SAP,2024-10-15,111,61.2,,2024-11-29,,Entregue
PED_SKU_1632_SAP_3,SKU_1632_SAP,2024-12-14,111,61.2,,2025-01-28,,Entregue
PED_SKU_1632_SPA_0,SKU_1632_SPA,2024-06-17,122,61.2,,2024-08-01,,Entregue
PED_SKU_1632_SPA_1,SKU_1632_SPA,2024-08-16,122,61.2,,2024-09-30,,Entregue
PED_SKU_1632_SPA_2,SKU_1632_SPA,2024-10-15,122,61.2,,2024-11-29,,Entregue
PED_SKU_1633_SER_0,SKU_1633_SER,2024-06-17,191,74.7,,2024-08-01,,Entregue
PED_SKU_1633_SER_1,SKU_1633_SER,2024-08-16,191,74.7,,2024-09-30,,Entregue
PED_SKU_1633_DEN_0,SKU_1633_DEN,2024-06-17,111,74.7,,2024-08-01,,Entregue
PED_SKU_1633_DEN_1,SKU_1633_DEN,2024-08-16,111,74.7,,2024-09-30,,Entregue
PED_SKU_1633_DEN_2,SKU_1633_DEN,2024-10-15,111,74.7,,2024-11-29,,Entregue
PED_SKU_1633_DEN_3,SKU_1633_DEN,2024-12-14,111,74.7,,2025-01-28,,Entregue
PED_SKU_1634_NAV_0,SKU_1634_NAV,2024-06-17,144,324.35,,2024-08-01,,Entregue
PED_SKU_1634_NAV_1,SKU_1634_NAV,2024-08-16,144,324.35,,2024-09-30,,Cancelado
PED_SKU_1634_NAV_2,SKU_1634_NAV,2024-10-15,144,324.35,,2024-11-29,,Cancelado
PED_SKU_1634_SAP_0,SKU_1634_SAP,2024-06-17,95,324.35,,2024-08-01,,Cancelado
PED_SKU_1634_SAP_1,SKU_1634_SAP,2024-08-16,95,324.35,,2024-09-30,,Entregue
PED_SKU_1634_SAP_2,SKU_1634_SAP,2024-10-15,95,324.35,,2024-11-29,,Entregue
PED_SKU_1634_SAP_3,SKU_1634_SAP,2024-12-14,95,324.35,,2025-01-28,,Entregue
PED_SKU_1635_TEA_0,SKU_1635_TEA,2024-06-17,102,192.36,,2024-08-01,,Entregue
PED_SKU_1635_TEA_1,SKU_1635_TEA,2024-08-16,102,192.36,,2024-09-30,,Entregue
PED_SKU_1635_TEA_2,SKU_1635_TEA,2024-10-15,102,192.36,,2024-11-29,,Entregue
PED_SKU_1635_TEA_3,SKU_1635_TEA,2024-12-14,102,192.36,,2025-01-28,,Entregue
PED_SKU_1635_SAG_0,SKU_1635_SAG,2024-06-17,192,192.36,,2024-08-01,,Entregue
PED_SKU_1635_SAG_1,SKU_1635_SAG,2024-08-16,192,192.36,,2024-09-30,,Entregue
PED_SKU_1636_LIG_0,SKU_1636_LIG,2024-06-17,100,144.82,,2024-08-01,,Entregue
PED_SKU_1636_LIG_1,SKU_1636_LIG,2024-08-16,100,144.82,,2024-09-30,,Entregue
PED_SKU_1636_LIG_2,SKU_1636_LIG,2024-10-15,100,144.82,,2024-11-29,,Entregue
PED_SKU_1636_LIG_3,SKU_1636_LIG,2024-12-14,100,144.82,,2025-01-28,,Entregue
PED_SKU_1636_SHO_0,SKU_1636_SHO,2024-06-17,101,144.82,,2024-08-01,,Entregue
PED_SKU_1636_SHO_1,SKU_1636_SHO,2024-08-16,101,144.82,,2024-09-30,,Entregue
PED_SKU_1636_SHO_2,SKU_1636_SHO,2024-10-15,101,144.82,,2024-11-29,,Entregue
PED_SKU_1636_SHO_3,SKU_1636_SHO,2024-12-14,101,144.82,,2025-01-28,,Entregue
PED_SKU_1637_BLU_0,SKU_1637_BLU,2024-06-17,106,292.53,,2024-08-01,,Entregue
PED_SKU_1637_BLU_1,SKU_1637_BLU,2024-08-16,106,292.53,,2024-09-30,,Entregue
PED_SKU_1637_BLU_2,SKU_1637_BLU,2024-10-15,106,292.53,,2024-11-29,,Entregue
PED_SKU_1637_BLU_3,SKU_1637_BLU,2024-12-14,106,292.53,,2025-01-28,,Entregue
PED_SKU_1637_WHI_0,SKU_1637_WHI,2024-06-17,98,292.53,,2024-08-01,,Entregue
PED_SKU_1637_WHI_1,SKU_1637_WHI,2024-08-16,98,292.53,,2024-09-30,,Entregue
PED_SKU_1637_WHI_2,SKU_1637_WHI,2024-10-15,98,292.53,,2024-11-29,,Entregue
PED_SKU_1637_WHI_3,SKU_1637_WHI,2024-12-14,98,292.53,,2025-01-28,,Entregue
PED_SKU_1638_PEA_0,SKU_1638_PEA,2024-06-17,188,362.49,,2024-08-01,,Entregue
PED_SKU_1638_PEA_1,SKU_1638_PEA,2024-08-16,188,362.49,,2024-09-30,,Entregue
PED_SKU_1638_SAP_0,SKU_1638_SAP,2024-06-17,92,362.49,,2024-08-01,,Entregue
PED_SKU_1638_SAP_1,SKU_1638_SAP,2024-08-16,92,362.49,,2024-09-30,,Entregue
PED_SKU_1638_SAP_2,SKU_1638_SAP,2024-10-15,92,362.49,,2024-11-29,,Entregue
PED_SKU_1638_SAP_3,SKU_1638_SAP,2024-12-14,92,362.49,,2025-01-28,,Entregue
PED_SKU_1639_FRE_0,SKU_1639_FRE,2024-06-17,132,60.39,,2024-08-01,,Entregue
PED_SKU_1639_FRE_1,SKU_1639_FRE,2024-08-16,132,60.39,,2024-09-30,,Entregue
PED_SKU_1639_FRE_2,SKU_1639_FRE,2024-10-15,132,60.39,,2024-11-29,,Entregue
PED_SKU_1639_WHI_0,SKU_1639_WHI,2024-06-17,223,60.39,,2024-08-01,,Entregue
PED_SKU_1639_WHI_1,SKU_1639_WHI,2024-08-16,223,60.39,,2024-09-30,,Entregue
PED_SKU_1640_IVO_0,SKU_1640_IVO,2024-06-17,104,72.39,,2024-08-01,,Entregue
PED_SKU_1640_IVO_1,SKU_1640_IVO,2024-08-16,104,72.39,,2024-09-30,,Cancelado
PED_SKU_1640_IVO_2,SKU_1640_IVO,2024-10-15,104,72.39,,2024-11-29,,Cancelado
PED_SKU_1640_IVO_3,SKU_1640_IVO,2024-12-14,104,72.39,,2025-01-28,,Entregue
PED_SKU_1640_TEA_0,SKU_1640_TEA,2024-06-17,196,72.39,,2024-08-01,,Entregue
PED_SKU_1640_TEA_1,SKU_1640_TEA,2024-08-16,196,72.39,,2024-09-30,,Entregue
PED_SKU_1641_MEX_0,SKU_1641_MEX,2024-06-17,214,103.32,,2024-08-01,,Entregue
PED_SKU_1641_MEX_1,SKU_1641_MEX,2024-08-16,214,103.32,,2024-09-30,,Entregue
PED_SKU_1641_SER_0,SKU_1641_SER,2024-06-17,183,103.32,,2024-08-01,,Cancelado
PED_SKU_1641_SER_1,SKU_1641_SER,2024-08-16,183,103.32,,2024-09-30,,Entregue
PED_SKU_1642_OFF_0,SKU_1642_OFF,2024-06-17,216,74.44,,2024-08-01,,Entregue
PED_SKU_1642_OFF_1,SKU_1642_OFF,2024-08-16,216,74.44,,2024-09-30,,Entregue
PED_SKU_1642_SAL_0,SKU_1642_SAL,2024-06-17,108,74.44,,2024-08-01,,Entregue
PED_SKU_1642_SAL_1,SKU_1642_SAL,2024-08-16,108,74.44,,2024-09-30,,Entregue
PED_SKU_1642_SAL_2,SKU_1642_SAL,2024-10-15,108,74.44,,2024-11-29,,Entregue
PED_SKU_1642_SAL_3,SKU_1642_SAL,2024-12-14,108,74.44,,2025-01-28,,Entregue
PED_SKU_1643_PAS_0,SKU_1643_PAS,2024-06-17,223,68.86,,2024-08-01,,Entregue
PED_SKU_1643_PAS_1,SKU_1643_PAS,2024-08-16,223,68.86,,2024-09-30,,Entregue
PED_SKU_1643_EGR_0,SKU_1643_EGR,2024-06-17,97,68.86,,2024-08-01,,Entregue
PED_SKU_1643_EGR_1,SKU_1643_EGR,2024-08-16,97,68.86,,2024-09-30,,Cancelado
PED_SKU_1643_EGR_2,SKU_1643_EGR,2024-10-15,97,68.86,,2024-11-29,,Entregue
PED_SKU_1643_EGR_3,SKU_1643_EGR,2024-12-14,97,68.86,,2025-01-28,,Entregue
PED_SKU_1644_BAB_0,SKU_1644_BAB,2024-06-17,110,91.97,,2024-08-01,,Entregue
PED_SKU_1644_BAB_1,SKU_1644_BAB,2024-08-16,110,91.97,,2024-09-30,,Entregue
PED_SKU_1644_BAB_2,SKU_1644_BAB,2024-10-15,110,91.97,,2024-11-29,,Entregue
PED_SKU_1644_BAB_3,SKU_1644_BAB,2024-12-14,110,91.97,,2025-01-28,,Entregue
PED_SKU_1644_PEA_0,SKU_1644_PEA,2024-06-17,197,91.97,,2024-08-01,,Entregue
PED_SKU_1644_PEA_1,SKU_1644_PEA,2024-08-16,197,91.97,,2024-09-30,,Entregue
PED_SKU_1645_MYS_0,SKU_1645_MYS,2024-06-17,218,114.09,,2024-08-01,,Entregue
PED_SKU_1645_MYS_1,SKU_1645_MYS,2024-08-16,218,114.09,,2024-09-30,,Entregue
PED_SKU_1645_MIN_0,SKU_1645_MIN,2024-06-17,225,114.09,,2024-08-01,,Entregue
PED_SKU_1645_MIN_1,SKU_1645_MIN,2024-08-16,225,114.09,,2024-09-30,,Entregue
PED_SKU_1646_BLU_0,SKU_1646_BLU,2024-06-17,96,64.95,,2024-08-01,,Entregue
PED_SKU_1646_BLU_1,SKU_1646_BLU,2024-08-16,96,64.95,,2024-09-30,,Entregue
PED_SKU_1646_BLU_2,SKU_1646_BLU,2024-10-15,96,64.95,,2024-11-29,,Entregue
PED_SKU_1646_BLU_3,SKU_1646_BLU,2024-12-14,96,64.95,,2025-01-28,,Entregue
PED_SKU_1646_CLE_0,SKU_1646_CLE,2024-06-17,124,64.95,,2024-08-01,,Entregue
PED_SKU_1646_CLE_1,SKU_1646_CLE,2024-08-16,124,64.95,,2024-09-30,,Entregue
PED_SKU_1646_CLE_2,SKU_1646_CLE,2024-10-15,124,64.95,,2024-11-29,,Entregue
PED_SKU_1647_BLA_0,SKU_1647_BLA,2024-06-17,215,111.05,,2024-08-01,,Entregue
PED_SKU_1647_BLA_1,SKU_1647_BLA,2024-08-16,215,111.05,,2024-09-30,,Entregue
PED_SKU_1647_ARM_0,SKU_1647_ARM,2024-06-17,126,111.05,,2024-08-01,,Entregue
PED_SKU_1647_ARM_1,SKU_1647_ARM,2024-08-16,126,111.05,,2024-09-30,,Entregue
PED_SKU_1647_ARM_2,SKU_1647_ARM,2024-10-15,126,111.05,,2024-11-29,,Entregue
PED_SKU_1648_RAS_0,SKU_1648_RAS,2024-06-17,136,249.44,,2024-08-01,,Entregue
PED_SKU_1648_RAS_1,SKU_1648_RAS,2024-08-16,136,249.44,,2024-09-30,,Entregue
PED_SKU_1648_RAS_2,SKU_1648_RAS,2024-10-15,136,249.44,,2024-11-29,,Entregue
PED_SKU_1648_FLA_0,SKU_1648_FLA,2024-06-17,204,249.44,,2024-08-01,,Cancelado
PED_SKU_1648_FLA_1,SKU_1648_FLA,2024-08-16,204,249.44,,2024-09-30,,Entregue
PED_SKU_1649_FLA_0,SKU_1649_FLA,2024-06-17,105,77.33,,2024-08-01,,Entregue
PED_SKU_1649_FLA_1,SKU_1649_FLA,2024-08-16,105,77.33,,2024-09-30,,Entregue
PED_SKU_1649_FLA_2,SKU_1649_FLA,2024-10-15,105,77.33,,2024-11-29,,Entregue
PED_SKU_1649_FLA_3,SKU_1649_FLA,2024-12-14,105,77.33,,2025-01-28,,Entregue
PED_SKU_1649_GAR_0,SKU_1649_GAR,2024-06-17,219,77.33,,2024-08-01,,Entregue
PED_SKU_1649_GAR_1,SKU_1649_GAR,2024-08-16,219,77.33,,2024-09-30,,Entregue
PED_SKU_1650_OLI_0,SKU_1650_OLI,2024-06-17,204,319.56,,2024-08-01,,Entregue
PED_SKU_1650_OLI_1,SKU_1650_OLI,2024-08-16,204,319.56,,2024-09-30,,Entregue
PED_SKU_1650_EGR_0,SKU_1650_EGR,2024-06-17,98,319.56,,2024-08-01,,Entregue
PED_SKU_1650_EGR_1,SKU_1650_EGR,2024-08-16,98,319.56,,2024-09-30,,Entregue
PED_SKU_1650_EGR_2,SKU_1650_EGR,2024-10-15,98,319.56,,2024-11-29,,Entregue
PED_SKU_1650_EGR_3,SKU_1650_EGR,2024-12-14,98,319.56,,2025-01-28,,Entregue
PED_SKU_1651_PAS_0,SKU_1651_PAS,2024-06-17,133,87.68,,2024-08-01,,Entregue
PED_SKU_1651_PAS_1,SKU_1651_PAS,2024-08-16,133,87.68,,2024-09-30,,Entregue
PED_SKU_1651_PAS_2,SKU_1651_PAS,2024-10-15,133,87.68,,2024-11-29,,Cancelado
PED_SKU_1651_SAL_0,SKU_1651_SAL,2024-06-17,95,87.68,,2024-08-01,,Entregue
PED_SKU_1651_SAL_1,SKU_1651_SAL,2024-08-16,95,87.68,,2024-09-30,,Entregue
PED_SKU_1651_SAL_2,SKU_1651_SAL,2024-10-15,95,87.68,,2024-11-29,,Cancelado
PED_SKU_1651_SAL_3,SKU_1651_SAL,2024-12-14,95,87.68,,2025-01-28,,Entregue
PED_SKU_1652_TEA_0,SKU_1652_TEA,2024-06-17,212,67.62,,2024-08-01,,Entregue
PED_SKU_1652_TEA_1,SKU_1652_TEA,2024-08-16,212,67.62,,2024-09-30,,Entregue
PED_SKU_1652_MOS_0,SKU_1652_MOS,2024-06-17,120,67.62,,2024-08-01,,Entregue
PED_SKU_1652_MOS_1,SKU_1652_MOS,2024-08-16,120,67.62,,2024-09-30,,Entregue
PED_SKU_1652_MOS_2,SKU_1652_MOS,2024-10-15,120,67.62,,2024-11-29,,Entregue
PED_SKU_1653_ROS_0,SKU_1653_ROS,2024-06-17,215,114.96,,2024-08-01,,Entregue
PED_SKU_1653_ROS_1,SKU_1653_ROS,2024-08-16,215,114.96,,2024-09-30,,Entregue
PED_SKU_1653_BAB_0,SKU_1653_BAB,2024-06-17,106,114.96,,2024-08-01,,Entregue
PED_SKU_1653_BAB_1,SKU_1653_BAB,2024-08-16,106,114.96,,2024-09-30,,Entregue
PED_SKU_1653_BAB_2,SKU_1653_BAB,2024-10-15,106,114.96,,2024-11-29,,Entregue
PED_SKU_1653_BAB_3,SKU_1653_BAB,2024-12-14,106,114.96,,2025-01-28,,Entregue
PED_SKU_1654_CRE_0,SKU_1654_CRE,2024-06-17,131,90.67,,2024-08-01,,Entregue
PED_SKU_1654_CRE_1,SKU_1654_CRE,2024-08-16,131,90.67,,2024-09-30,,Entregue
PED_SKU_1654_CRE_2,SKU_1654_CRE,2024-10-15,131,90.67,,2024-11-29,,Entregue
PED_SKU_1654_NAV_0,SKU_1654_NAV,2024-06-17,197,90.67,,2024-08-01,,Entregue
PED_SKU_1654_NAV_1,SKU_1654_NAV,2024-08-16,197,90.67,,2024-09-30,,Entregue
PED_SKU_1655_SNO_0,SKU_1655_SNO,2024-06-17,148,208.52,,2024-08-01,,Entregue
PED_SKU_1655_SNO_1,SKU_1655_SNO,2024-08-16,148,208.52,,2024-09-30,,Entregue
PED_SKU_1655_SNO_2,SKU_1655_SNO,2024-10-15,148,208.52,,2024-11-29,,Entregue
PED_SKU_1655_TEA_0,SKU_1655_TEA,2024-06-17,91,208.52,,2024-08-01,,Entregue
PED_SKU_1655_TEA_1,SKU_1655_TEA,2024-08-16,91,208.52,,2024-09-30,,Entregue
PED_SKU_1655_TEA_2,SKU_1655_TEA,2024-10-15,91,208.52,,2024-11-29,,Entregue
PED_SKU_1655_TEA_3,SKU_1655_TEA,2024-12-14,91,208.52,,2025-01-28,,Entregue
PED_SKU_1656_FUC_0,SKU_1656_FUC,2024-06-17,117,84.93,,2024-08-01,,Entregue
PED_SKU_1656_FUC_1,SKU_1656_FUC,2024-08-16,117,84.93,,2024-09-30,,Cancelado
PED_SKU_1656_FUC_2,SKU_1656_FUC,2024-10-15,117,84.93,,2024-11-29,,Entregue
PED_SKU_1656_FUC_3,SKU_1656_FUC,2024-12-14,117,84.93,,2025-01-28,,Entregue
PED_SKU_1656_SNO_0,SKU_1656_SNO,2024-06-17,160,84.93,,2024-08-01,,Entregue
PED_SKU_1656_SNO_1,SKU_1656_SNO,2024-08-16,160,84.93,,2024-09-30,,Entregue
PED_SKU_1656_SNO_2,SKU_1656_SNO,2024-10-15,160,84.93,,2024-11-29,,Entregue
PED_SKU_1657_SPA_0,SKU_1657_SPA,2024-06-17,216,76.22,,2024-08-01,,Entregue
PED_SKU_1657_SPA_1,SKU_1657_SPA,2024-08-16,216,76.22,,2024-09-30,,Entregue
PED_SKU_1657_EME_0,SKU_1657_EME,2024-06-17,100,76.22,,2024-08-01,,Entregue
PED_SKU_1657_EME_1,SKU_1657_EME,2024-08-16,100,76.22,,2024-09-30,,Entregue
PED_SKU_1657_EME_2,SKU_1657_EME,2024-10-15,100,76.22,,2024-11-29,,Entregue
PED_SKU_1657_EME_3,SKU_1657_EME,2024-12-14,100,76.22,,2025-01-28,,Entregue
PED_SKU_1658_BAB_0,SKU_1658_BAB,2024-06-17,99,335.2,,2024-08-01,,Entregue
PED_SKU_1658_BAB_1,SKU_1658_BAB,2024-08-16,99,335.2,,2024-09-30,,Entregue
PED_SKU_1658_BAB_2,SKU_1658_BAB,2024-10-15,99,335.2,,2024-11-29,,Entregue
PED_SKU_1658_BAB_3,SKU_1658_BAB,2024-12-14,99,335.2,,2025-01-28,,Entregue
PED_SKU_1658_MYS_0,SKU_1658_MYS,2024-06-17,137,335.2,,2024-08-01,,Entregue
PED_SKU_1658_MYS_1,SKU_1658_MYS,2024-08-16,137,335.2,,2024-09-30,,Entregue
PED_SKU_1658_MYS_2,SKU_1658_MYS,2024-10-15,137,335.2,,2024-11-29,,Entregue
PED_SKU_1659_MOS_0,SKU_1659_MOS,2024-06-17,146,339.24,,2024-08-01,,Entregue
PED_SKU_1659_MOS_1,SKU_1659_MOS,2024-08-16,146,339.24,,2024-09-30,,Entregue
PED_SKU_1659_MOS_2,SKU_1659_MOS,2024-10-15,146,339.24,,2024-11-29,,Entregue
PED_SKU_1659_SNO_0,SKU_1659_SNO,2024-06-17,136,339.24,,2024-08-01,,Entregue
PED_SKU_1659_SNO_1,SKU_1659_SNO,2024-08-16,136,339.24,,2024-09-30,,Entregue
PED_SKU_1659_SNO_2,SKU_1659_SNO,2024-10-15,136,339.24,,2024-11-29,,Entregue
PED_SKU_1660_NAV_0,SKU_1660_NAV,2024-06-17,105,103.67,,2024-08-01,,Entregue
PED_SKU_1660_NAV_1,SKU_1660_NAV,2024-08-16,105,103.67,,2024-09-30,,Entregue
PED_SKU_1660_NAV_2,SKU_1660_NAV,2024-10-15,105,103.67,,2024-11-29,,Entregue
PED_SKU_1660_NAV_3,SKU_1660_NAV,2024-12-14,105,103.67,,2025-01-28,,Entregue
PED_SKU_1660_MAG_0,SKU_1660_MAG,2024-06-17,217,103.67,,2024-08-01,,Entregue
PED_SKU_1660_MAG_1,SKU_1660_MAG,2024-08-16,217,103.67,,2024-09-30,,Entregue
PED_SKU_1661_WHI_0,SKU_1661_WHI,2024-06-17,188,327.66,,2024-08-01,,Entregue
PED_SKU_1661_WHI_1,SKU_1661_WHI,2024-08-16,188,327.66,,2024-09-30,,Entregue
PED_SKU_1661_CER_0,SKU_1661_CER,2024-06-17,128,327.66,,2024-08-01,,Entregue
PED_SKU_1661_CER_1,SKU_1661_CER,2024-08-16,128,327.66,,2024-09-30,,Entregue
PED_SKU_1661_CER_2,SKU_1661_CER,2024-10-15,128,327.66,,2024-11-29,,Entregue
PED_SKU_1662_PIS_0,SKU_1662_PIS,2024-06-17,140,62.04,,2024-08-01,,Entregue
PED_SKU_1662_PIS_1,SKU_1662_PIS,2024-08-16,140,62.04,,2024-09-30,,Entregue
PED_SKU_1662_PIS_2,SKU_1662_PIS,2024-10-15,140,62.04,,2024-11-29,,Entregue
PED_SKU_1662_LIG_0,SKU_1662_LIG,2024-06-17,142,62.04,,2024-08-01,,Entregue
PED_SKU_1662_LIG_1,SKU_1662_LIG,2024-08-16,142,62.04,,2024-09-30,,Entregue
PED_SKU_1662_LIG_2,SKU_1662_LIG,2024-10-15,142,62.04,,2024-11-29,,Entregue
PED_SKU_1663_SNO_0,SKU_1663_SNO,2024-06-17,204,255.25,,2024-08-01,,Entregue
PED_SKU_1663_SNO_1,SKU_1663_SNO,2024-08-16,204,255.25,,2024-09-30,,Entregue
PED_SKU_1663_FLA_0,SKU_1663_FLA,2024-06-17,217,255.25,,2024-08-01,,Entregue
PED_SKU_1663_FLA_1,SKU_1663_FLA,2024-08-16,217,255.25,,2024-09-30,,Entregue
PED_SKU_1664_PIN_0,SKU_1664_PIN,2024-06-17,236,99.57,,2024-08-01,,Entregue
PED_SKU_1664_PIN_1,SKU_1664_PIN,2024-08-16,236,99.57,,2024-09-30,,Entregue
PED_SKU_1664_MIN_0,SKU_1664_MIN,2024-06-17,190,99.57,,2024-08-01,,Entregue
PED_SKU_1664_MIN_1,SKU_1664_MIN,2024-08-16,190,99.57,,2024-09-30,,Entregue
PED_SKU_1665_SAG_0,SKU_1665_SAG,2024-06-17,122,74.0,,2024-08-01,,Entregue
PED_SKU_1665_SAG_1,SKU_1665_SAG,2024-08-16,122,74.0,,2024-09-30,,Cancelado
PED_SKU_1665_SAG_2,SKU_1665_SAG,2024-10-15,122,74.0,,2024-11-29,,Entregue
PED_SKU_1665_RAS_0,SKU_1665_RAS,2024-06-17,149,74.0,,2024-08-01,,Entregue
PED_SKU_1665_RAS_1,SKU_1665_RAS,2024-08-16,149,74.0,,2024-09-30,,Entregue
PED_SKU_1665_RAS_2,SKU_1665_RAS,2024-10-15,149,74.0,,2024-11-29,,Entregue
PED_SKU_1666_FUC_0,SKU_1666_FUC,2024-06-17,138,280.53,,2024-08-01,,Entregue
PED_SKU_1666_FUC_1,SKU_1666_FUC,2024-08-16,138,280.53,,2024-09-30,,Entregue
PED_SKU_1666_FUC_2,SKU_1666_FUC,2024-10-15,138,280.53,,2024-11-29,,Entregue
PED_SKU_1666_PAS_0,SKU_1666_PAS,2024-06-17,198,280.53,,2024-08-01,,Entregue
PED_SKU_1666_PAS_1,SKU_1666_PAS,2024-08-16,198,280.53,,2024-09-30,,Entregue
PED_SKU_1667_LIG_0,SKU_1667_LIG,2024-06-17,95,76.39,,2024-08-01,,Entregue
PED_SKU_1667_LIG_1,SKU_1667_LIG,2024-08-16,95,76.39,,2024-09-30,,Entregue
PED_SKU_1667_LIG_2,SKU_1667_LIG,2024-10-15,95,76.39,,2024-11-29,,Entregue
PED_SKU_1667_LIG_3,SKU_1667_LIG,2024-12-14,95,76.39,,2025-01-28,,Entregue
PED_SKU_1667_MID_0,SKU_1667_MID,2024-06-17,120,76.39,,2024-08-01,,Entregue
PED_SKU_1667_MID_1,SKU_1667_MID,2024-08-16,120,76.39,,2024-09-30,,Entregue
PED_SKU_1667_MID_2,SKU_1667_MID,2024-10-15,120,76.39,,2024-11-29,,Entregue
PED_SKU_1667_MID_3,SKU_1667_MID,2024-12-14,120,76.39,,2025-01-28,,Entregue
PED_SKU_1668_DEN_0,SKU_1668_DEN,2024-06-17,226,104.68,,2024-08-01,,Entregue
PED_SKU_1668_DEN_1,SKU_1668_DEN,2024-08-16,226,104.68,,2024-09-30,,Entregue
PED_SKU_1668_VAN_0,SKU_1668_VAN,2024-06-17,91,104.68,,2024-08-01,,Entregue
PED_SKU_1668_VAN_1,SKU_1668_VAN,2024-08-16,91,104.68,,2024-09-30,,Entregue
PED_SKU_1668_VAN_2,SKU_1668_VAN,2024-10-15,91,104.68,,2024-11-29,,Cancelado
PED_SKU_1668_VAN_3,SKU_1668_VAN,2024-12-14,91,104.68,,2025-01-28,,Cancelado
PED_SKU_1669_COR_0,SKU_1669_COR,2024-06-17,90,77.12,,2024-08-01,,Entregue
PED_SKU_1669_COR_1,SKU_1669_COR,2024-08-16,90,77.12,,2024-09-30,,Entregue
PED_SKU_1669_COR_2,SKU_1669_COR,2024-10-15,90,77.12,,2024-11-29,,Entregue
PED_SKU_1669_COR_3,SKU_1669_COR,2024-12-14,90,77.12,,2025-01-28,,Entregue
PED_SKU_1669_TEA_0,SKU_1669_TEA,2024-06-17,143,77.12,,2024-08-01,,Entregue
PED_SKU_1669_TEA_1,SKU_1669_TEA,2024-08-16,143,77.12,,2024-09-30,,Entregue
PED_SKU_1669_TEA_2,SKU_1669_TEA,2024-10-15,143,77.12,,2024-11-29,,Entregue
PED_SKU_1670_SAP_0,SKU_1670_SAP,2024-06-17,120,47.96,,2024-08-01,,Entregue
PED_SKU_1670_SAP_1,SKU_1670_SAP,2024-08-16,120,47.96,,2024-09-30,,Entregue
PED_SKU_1670_SAP_2,SKU_1670_SAP,2024-10-15,120,47.96,,2024-11-29,,Entregue
PED_SKU_1670_SAP_3,SKU_1670_SAP,2024-12-14,120,47.96,,2025-01-28,,Entregue
PED_SKU_1670_PEA_0,SKU_1670_PEA,2024-06-17,98,47.96,,2024-08-01,,Cancelado
PED_SKU_1670_PEA_1,SKU_1670_PEA,2024-08-16,98,47.96,,2024-09-30,,Cancelado
PED_SKU_1670_PEA_2,SKU_1670_PEA,2024-10-15,98,47.96,,2024-11-29,,Entregue
PED_SKU_1670_PEA_3,SKU_1670_PEA,2024-12-14,98,47.96,,2025-01-28,,Entregue
PED_SKU_1671_SEA_0,SKU_1671_SEA,2024-06-17,135,105.61,,2024-08-01,,Entregue
PED_SKU_1671_SEA_1,SKU_1671_SEA,2024-08-16,135,105.61,,2024-09-30,,Entregue
PED_SKU_1671_SEA_2,SKU_1671_SEA,2024-10-15,135,105.61,,2024-11-29,,Entregue
PED_SKU_1671_MIN_0,SKU_1671_MIN,2024-06-17,137,105.61,,2024-08-01,,Entregue
PED_SKU_1671_MIN_1,SKU_1671_MIN,2024-08-16,137,105.61,,2024-09-30,,Entregue
PED_SKU_1671_MIN_2,SKU_1671_MIN,2024-10-15,137,105.61,,2024-11-29,,Entregue
PED_SKU_1672_TEA_0,SKU_1672_TEA,2024-06-17,137,93.2,,2024-08-01,,Entregue
PED_SKU_1672_TEA_1,SKU_1672_TEA,2024-08-16,137,93.2,,2024-09-30,,Entregue
PED_SKU_1672_TEA_2,SKU_1672_TEA,2024-10-15,137,93.2,,2024-11-29,,Entregue
PED_SKU_1672_FOR_0,SKU_1672_FOR,2024-06-17,128,93.2,,2024-08-01,,Entregue
PED_SKU_1672_FOR_1,SKU_1672_FOR,2024-08-16,128,93.2,,2024-09-30,,Entregue
PED_SKU_1672_FOR_2,SKU_1672_FOR,2024-10-15,128,93.2,,2024-11-29,,Entregue
PED_SKU_1673_PEA_0,SKU_1673_PEA,2024-06-17,105,139.36,,2024-08-01,,Entregue
PED_SKU_1673_PEA_1,SKU_1673_PEA,2024-08-16,105,139.36,,2024-09-30,,Entregue
PED_SKU_1673_PEA_2,SKU_1673_PEA,2024-10-15,105,139.36,,2024-11-29,,Entregue
PED_SKU_1673_PEA_3,SKU_1673_PEA,2024-12-14,105,139.36,,2025-01-28,,Entregue
PED_SKU_1673_FUC_0,SKU_1673_FUC,2024-06-17,213,139.36,,2024-08-01,,Entregue
PED_SKU_1673_FUC_1,SKU_1673_FUC,2024-08-16,213,139.36,,2024-09-30,,Entregue
PED_SKU_1674_PAS_0,SKU_1674_PAS,2024-06-17,194,83.66,,2024-08-01,,Entregue
PED_SKU_1674_PAS_1,SKU_1674_PAS,2024-08-16,194,83.66,,2024-09-30,,Entregue
PED_SKU_1674_WHI_0,SKU_1674_WHI,2024-06-17,218,83.66,,2024-08-01,,Entregue
PED_SKU_1674_WHI_1,SKU_1674_WHI,2024-08-16,218,83.66,,2024-09-30,,Entregue
PED_SKU_1675_CRE_0,SKU_1675_CRE,2024-06-17,204,253.18,,2024-08-01,,Entregue
PED_SKU_1675_CRE_1,SKU_1675_CRE,2024-08-16,204,253.18,,2024-09-30,,Entregue
PED_SKU_1675_DEN_0,SKU_1675_DEN,2024-06-17,128,253.18,,2024-08-01,,Entregue
PED_SKU_1675_DEN_1,SKU_1675_DEN,2024-08-16,128,253.18,,2024-09-30,,Entregue
PED_SKU_1675_DEN_2,SKU_1675_DEN,2024-10-15,128,253.18,,2024-11-29,,Entregue
PED_SKU_1676_PIN_0,SKU_1676_PIN,2024-06-17,104,55.93,,2024-08-01,,Entregue
PED_SKU_1676_PIN_1,SKU_1676_PIN,2024-08-16,104,55.93,,2024-09-30,,Entregue
PED_SKU_1676_PIN_2,SKU_1676_PIN,2024-10-15,104,55.93,,2024-11-29,,Entregue
PED_SKU_1676_PIN_3,SKU_1676_PIN,2024-12-14,104,55.93,,2025-01-28,,Entregue
PED_SKU_1676_NAV_0,SKU_1676_NAV,2024-06-17,113,55.93,,2024-08-01,,Entregue
PED_SKU_1676_NAV_1,SKU_1676_NAV,2024-08-16,113,55.93,,2024-09-30,,Entregue
PED_SKU_1676_NAV_2,SKU_1676_NAV,2024-10-15,113,55.93,,2024-11-29,,Entregue
PED_SKU_1676_NAV_3,SKU_1676_NAV,2024-12-14,113,55.93,,2025-01-28,,Entregue
PED_SKU_1677_POW_0,SKU_1677_POW,2024-06-17,134,221.0,,2024-08-01,,Entregue
PED_SKU_1677_POW_1,SKU_1677_POW,2024-08-16,134,221.0,,2024-09-30,,Entregue
PED_SKU_1677_POW_2,SKU_1677_POW,2024-10-15,134,221.0,,2024-11-29,,Entregue
PED_SKU_1677_VAN_0,SKU_1677_VAN,2024-06-17,204,221.0,,2024-08-01,,Entregue
PED_SKU_1677_VAN_1,SKU_1677_VAN,2024-08-16,204,221.0,,2024-09-30,,Entregue
PED_SKU_1678_LIG_0,SKU_1678_LIG,2024-06-17,107,263.72,,2024-08-01,,Entregue
PED_SKU_1678_LIG_1,SKU_1678_LIG,2024-08-16,107,263.72,,2024-09-30,,Entregue
PED_SKU_1678_LIG_2,SKU_1678_LIG,2024-10-15,107,263.72,,2024-11-29,,Entregue
PED_SKU_1678_LIG_3,SKU_1678_LIG,2024-12-14,107,263.72,,2025-01-28,,Entregue
PED_SKU_1678_MAG_0,SKU_1678_MAG,2024-06-17,102,263.72,,2024-08-01,,Entregue
PED_SKU_1678_MAG_1,SKU_1678_MAG,2024-08-16,102,263.72,,2024-09-30,,Entregue
PED_SKU_1678_MAG_2,SKU_1678_MAG,2024-10-15,102,263.72,,2024-11-29,,Entregue
PED_SKU_1678_MAG_3,SKU_1678_MAG,2024-12-14,102,263.72,,2025-01-28,,Entregue
PED_SKU_1679_SHO_0,SKU_1679_SHO,2024-06-17,142,344.47,,2024-08-01,,Entregue
PED_SKU_1679_SHO_1,SKU_1679_SHO,2024-08-16,142,344.47,,2024-09-30,,Entregue
PED_SKU_1679_SHO_2,SKU_1679_SHO,2024-10-15,142,344.47,,2024-11-29,,Entregue
PED_SKU_1679_GAR_0,SKU_1679_GAR,2024-06-17,202,344.47,,2024-08-01,,Cancelado
PED_SKU_1679_GAR_1,SKU_1679_GAR,2024-08-16,202,344.47,,2024-09-30,,Entregue
PED_SKU_1680_NAV_0,SKU_1680_NAV,2025-01-01,416,110.85,,2025-02-15,,Entregue
PED_SKU_1680_NAV_1,SKU_1680_NAV,2025-03-02,416,110.85,,2025-04-16,,Entregue
PED_SKU_1680_SEA_0,SKU_1680_SEA,2025-01-01,450,110.85,,2025-02-15,,Entregue
PED_SKU_1680_SEA_1,SKU_1680_SEA,2025-03-02,450,110.85,,2025-04-16,,Entregue
PED_SKU_1681_OFF_0,SKU_1681_OFF,2025-01-01,295,77.33,,2025-02-15,,Entregue
PED_SKU_1681_OFF_1,SKU_1681_OFF,2025-03-02,295,77.33,,2025-04-16,,Entregue
PED_SKU_1681_OFF_2,SKU_1681_OFF,2025-05-01,295,77.33,,2025-06-15,,Entregue
PED_SKU_1681_PIS_0,SKU_1681_PIS,2025-01-01,212,77.33,,2025-02-15,,Entregue
PED_SKU_1681_PIS_1,SKU_1681_PIS,2025-03-02,212,77.33,,2025-04-16,,Entregue
PED_SKU_1681_PIS_2,SKU_1681_PIS,2025-05-01,212,77.33,,2025-06-15,,Entregue
PED_SKU_1681_PIS_3,SKU_1681_PIS,2025-06-30,212,77.33,,2025-08-14,,Entregue
PED_SKU_1682_OLI_0,SKU_1682_OLI,2025-01-01,424,91.89,,2025-02-15,,Entregue
PED_SKU_1682_OLI_1,SKU_1682_OLI,2025-03-02,424,91.89,,2025-04-16,,Entregue
PED_SKU_1682_BIR_0,SKU_1682_BIR,2025-01-01,427,91.89,,2025-02-15,,Entregue
PED_SKU_1682_BIR_1,SKU_1682_BIR,2025-03-02,427,91.89,,2025-04-16,,Entregue
PED_SKU_1683_PAL_0,SKU_1683_PAL,2025-01-01,220,124.94,,2025-02-15,,Entregue
PED_SKU_1683_PAL_1,SKU_1683_PAL,2025-03-02,220,124.94,,2025-04-16,,Entregue
PED_SKU_1683_PAL_2,SKU_1683_PAL,2025-05-01,220,124.94,,2025-06-15,,Entregue
PED_SKU_1683_PAL_3,SKU_1683_PAL,2025-06-30,220,124.94,,2025-08-14,,Entregue
PED_SKU_1683_SHO_0,SKU_1683_SHO,2025-01-01,220,124.94,,2025-02-15,,Entregue
PED_SKU_1683_SHO_1,SKU_1683_SHO,2025-03-02,220,124.94,,2025-04-16,,Entregue
PED_SKU_1683_SHO_2,SKU_1683_SHO,2025-05-01,220,124.94,,2025-06-15,,Entregue
PED_SKU_1683_SHO_3,SKU_1683_SHO,2025-06-30,220,124.94,,2025-08-14,,Entregue
PED_SKU_1684_HON_0,SKU_1684_HON,2025-01-01,413,61.2,,2025-02-15,,Entregue
PED_SKU_1684_HON_1,SKU_1684_HON,2025-03-02,413,61.2,,2025-04-16,,Entregue
PED_SKU_1684_SHO_0,SKU_1684_SHO,2025-01-01,299,61.2,,2025-02-15,,Entregue
PED_SKU_1684_SHO_1,SKU_1684_SHO,2025-03-02,299,61.2,,2025-04-16,,Entregue
PED_SKU_1684_SHO_2,SKU_1684_SHO,2025-05-01,299,61.2,,2025-06-15,,Entregue
PED_SKU_1685_COB_0,SKU_1685_COB,2025-01-01,264,220.08,,2025-02-15,,Entregue
PED_SKU_1685_COB_1,SKU_1685_COB,2025-03-02,264,220.08,,2025-04-16,,Entregue
PED_SKU_1685_COB_2,SKU_1685_COB,2025-05-01,264,220.08,,2025-06-15,,Entregue
PED_SKU_1685_BIR_0,SKU_1685_BIR,2025-01-01,227,220.08,,2025-02-15,,Entregue
PED_SKU_1685_BIR_1,SKU_1685_BIR,2025-03-02,227,220.08,,2025-04-16,,Cancelado
PED_SKU_1685_BIR_2,SKU_1685_BIR,2025-05-01,227,220.08,,2025-06-15,,Entregue
PED_SKU_1685_BIR_3,SKU_1685_BIR,2025-06-30,227,220.08,,2025-08-14,,Entregue
PED_SKU_1686_MOS_0,SKU_1686_MOS,2025-01-01,271,67.37,,2025-02-15,,Entregue
PED_SKU_1686_MOS_1,SKU_1686_MOS,2025-03-02,271,67.37,,2025-04-16,,Entregue
PED_SKU_1686_MOS_2,SKU_1686_MOS,2025-05-01,271,67.37,,2025-06-15,,Entregue
PED_SKU_1686_SKY_0,SKU_1686_SKY,2025-01-01,201,67.37,,2025-02-15,,Entregue
PED_SKU_1686_SKY_1,SKU_1686_SKY,2025-03-02,201,67.37,,2025-04-16,,Entregue
PED_SKU_1686_SKY_2,SKU_1686_SKY,2025-05-01,201,67.37,,2025-06-15,,Entregue
PED_SKU_1686_SKY_3,SKU_1686_SKY,2025-06-30,201,67.37,,2025-08-14,,Entregue
PED_SKU_1687_FOR_0,SKU_1687_FOR,2025-01-01,232,282.42,,2025-02-15,,Entregue
PED_SKU_1687_FOR_1,SKU_1687_FOR,2025-03-02,232,282.42,,2025-04-16,,Entregue
PED_SKU_1687_FOR_2,SKU_1687_FOR,2025-05-01,232,282.42,,2025-06-15,,Entregue
PED_SKU_1687_FOR_3,SKU_1687_FOR,2025-06-30,232,282.42,,2025-08-14,,Cancelado
PED_SKU_1687_WHI_0,SKU_1687_WHI,2025-01-01,480,282.42,,2025-02-15,,Entregue
PED_SKU_1687_WHI_1,SKU_1687_WHI,2025-03-02,480,282.42,,2025-04-16,,Entregue
PED_SKU_1688_WHI_0,SKU_1688_WHI,2025-01-01,233,126.52,,2025-02-15,,Entregue
PED_SKU_1688_WHI_1,SKU_1688_WHI,2025-03-02,233,126.52,,2025-04-16,,Entregue
PED_SKU_1688_WHI_2,SKU_1688_WHI,2025-05-01,233,126.52,,2025-06-15,,Entregue
PED_SKU_1688_WHI_3,SKU_1688_WHI,2025-06-30,233,126.52,,2025-08-14,,Entregue
PED_SKU_1688_LIG_0,SKU_1688_LIG,2025-01-01,322,126.52,,2025-02-15,,Entregue
PED_SKU_1688_LIG_1,SKU_1688_LIG,2025-03-02,322,126.52,,2025-04-16,,Entregue
PED_SKU_1688_LIG_2,SKU_1688_LIG,2025-05-01,322,126.52,,2025-06-15,,Entregue
PED_SKU_1689_MAG_0,SKU_1689_MAG,2025-01-01,211,315.52,,2025-02-15,,Entregue
PED_SKU_1689_MAG_1,SKU_1689_MAG,2025-03-02,211,315.52,,2025-04-16,,Entregue
PED_SKU_1689_MAG_2,SKU_1689_MAG,2025-05-01,211,315.52,,2025-06-15,,Entregue
PED_SKU_1689_MAG_3,SKU_1689_MAG,2025-06-30,211,315.52,,2025-08-14,,Entregue
PED_SKU_1689_IVO_0,SKU_1689_IVO,2025-01-01,216,315.52,,2025-02-15,,Entregue
PED_SKU_1689_IVO_1,SKU_1689_IVO,2025-03-02,216,315.52,,2025-04-16,,Entregue
PED_SKU_1689_IVO_2,SKU_1689_IVO,2025-05-01,216,315.52,,2025-06-15,,Entregue
PED_SKU_1689_IVO_3,SKU_1689_IVO,2025-06-30,216,315.52,,2025-08-14,,Entregue
PED_SKU_1690_MAG_0,SKU_1690_MAG,2025-01-01,192,192.42,,2025-02-15,,Entregue
PED_SKU_1690_MAG_1,SKU_1690_MAG,2025-03-02,192,192.42,,2025-04-16,,Entregue
PED_SKU_1690_MAG_2,SKU_1690_MAG,2025-05-01,192,192.42,,2025-06-15,,Entregue
PED_SKU_1690_MAG_3,SKU_1690_MAG,2025-06-30,192,192.42,,2025-08-14,,Entregue
PED_SKU_1690_MYS_0,SKU_1690_MYS,2025-01-01,405,192.42,,2025-02-15,,Entregue
PED_SKU_1690_MYS_1,SKU_1690_MYS,2025-03-02,405,192.42,,2025-04-16,,Entregue
PED_SKU_1691_HUN_0,SKU_1691_HUN,2025-01-01,262,102.02,,2025-02-15,,Entregue
PED_SKU_1691_HUN_1,SKU_1691_HUN,2025-03-02,262,102.02,,2025-04-16,,Entregue
PED_SKU_1691_HUN_2,SKU_1691_HUN,2025-05-01,262,102.02,,2025-06-15,,Entregue
PED_SKU_1691_ROS_0,SKU_1691_ROS,2025-01-01,283,102.02,,2025-02-15,,Entregue
PED_SKU_1691_ROS_1,SKU_1691_ROS,2025-03-02,283,102.02,,2025-04-16,,Entregue
PED_SKU_1691_ROS_2,SKU_1691_ROS,2025-05-01,283,102.02,,2025-06-15,,Entregue
PED_SKU_1692_OLI_0,SKU_1692_OLI,2025-01-01,231,72.79,,2025-02-15,,Entregue
PED_SKU_1692_OLI_1,SKU_1692_OLI,2025-03-02,231,72.79,,2025-04-16,,Entregue
PED_SKU_1692_OLI_2,SKU_1692_OLI,2025-05-01,231,72.79,,2025-06-15,,Entregue
PED_SKU_1692_OLI_3,SKU_1692_OLI,2025-06-30,231,72.79,,2025-08-14,,Entregue
PED_SKU_1692_BLU_0,SKU_1692_BLU,2025-01-01,220,72.79,,2025-02-15,,Entregue
PED_SKU_1692_BLU_1,SKU_1692_BLU,2025-03-02,220,72.79,,2025-04-16,,Entregue
PED_SKU_1692_BLU_2,SKU_1692_BLU,2025-05-01,220,72.79,,2025-06-15,,Entregue
PED_SKU_1692_BLU_3,SKU_1692_BLU,2025-06-30,220,72.79,,2025-08-14,,Entregue
PED_SKU_1693_MEX_0,SKU_1693_MEX,2025-01-01,482,67.82,,2025-02-15,,Entregue
PED_SKU_1693_MEX_1,SKU_1693_MEX,2025-03-02,482,67.82,,2025-04-16,,Entregue
PED_SKU_1693_FLA_0,SKU_1693_FLA,2025-01-01,293,67.82,,2025-02-15,,Entregue
PED_SKU_1693_FLA_1,SKU_1693_FLA,2025-03-02,293,67.82,,2025-04-16,,Entregue
PED_SKU_1693_FLA_2,SKU_1693_FLA,2025-05-01,293,67.82,,2025-06-15,,Entregue
PED_SKU_1694_PIS_0,SKU_1694_PIS,2025-01-01,218,92.65,,2025-02-15,,Entregue
PED_SKU_1694_PIS_1,SKU_1694_PIS,2025-03-02,218,92.65,,2025-04-16,,Entregue
PED_SKU_1694_PIS_2,SKU_1694_PIS,2025-05-01,218,92.65,,2025-06-15,,Entregue
PED_SKU_1694_PIS_3,SKU_1694_PIS,2025-06-30,218,92.65,,2025-08-14,,Entregue
PED_SKU_1694_SER_0,SKU_1694_SER,2025-01-01,223,92.65,,2025-02-15,,Entregue
PED_SKU_1694_SER_1,SKU_1694_SER,2025-03-02,223,92.65,,2025-04-16,,Entregue
PED_SKU_1694_SER_2,SKU_1694_SER,2025-05-01,223,92.65,,2025-06-15,,Entregue
PED_SKU_1694_SER_3,SKU_1694_SER,2025-06-30,223,92.65,,2025-08-14,,Entregue
PED_SKU_1695_CRE_0,SKU_1695_CRE,2025-01-01,210,66.75,,2025-02-15,,Entregue
PED_SKU_1695_CRE_1,SKU_1695_CRE,2025-03-02,210,66.75,,2025-04-16,,Entregue
PED_SKU_1695_CRE_2,SKU_1695_CRE,2025-05-01,210,66.75,,2025-06-15,,Entregue
PED_SKU_1695_CRE_3,SKU_1695_CRE,2025-06-30,210,66.75,,2025-08-14,,Entregue
PED_SKU_1695_LIM_0,SKU_1695_LIM,2025-01-01,419,66.75,,2025-02-15,,Entregue
PED_SKU_1695_LIM_1,SKU_1695_LIM,2025-03-02,419,66.75,,2025-04-16,,Entregue
PED_SKU_1696_SER_0,SKU_1696_SER,2025-01-01,287,83.13,,2025-02-15,,Entregue
PED_SKU_1696_SER_1,SKU_1696_SER,2025-03-02,287,83.13,,2025-04-16,,Entregue
PED_SKU_1696_SER_2,SKU_1696_SER,2025-05-01,287,83.13,,2025-06-15,,Entregue
PED_SKU_1696_SHO_0,SKU_1696_SHO,2025-01-01,311,83.13,,2025-02-15,,Entregue
PED_SKU_1696_SHO_1,SKU_1696_SHO,2025-03-02,311,83.13,,2025-04-16,,Entregue
PED_SKU_1696_SHO_2,SKU_1696_SHO,2025-05-01,311,83.13,,2025-06-15,,Entregue
PED_SKU_1697_PIS_0,SKU_1697_PIS,2025-01-01,203,66.62,,2025-02-15,,Entregue
PED_SKU_1697_PIS_1,SKU_1697_PIS,2025-03-02,203,66.62,,2025-04-16,,Entregue
PED_SKU_1697_PIS_2,SKU_1697_PIS,2025-05-01,203,66.62,,2025-06-15,,Entregue
PED_SKU_1697_PIS_3,SKU_1697_PIS,2025-06-30,203,66.62,,2025-08-14,,Entregue
PED_SKU_1697_MIN_0,SKU_1697_MIN,2025-01-01,291,66.62,,2025-02-15,,Entregue
PED_SKU_1697_MIN_1,SKU_1697_MIN,2025-03-02,291,66.62,,2025-04-16,,Entregue
PED_SKU_1697_MIN_2,SKU_1697_MIN,2025-05-01,291,66.62,,2025-06-15,,Entregue
PED_SKU_1698_PRI_0,SKU_1698_PRI,2025-01-01,307,123.58,,2025-02-15,,Entregue
PED_SKU_1698_PRI_1,SKU_1698_PRI,2025-03-02,307,123.58,,2025-04-16,,Entregue
PED_SKU_1698_PRI_2,SKU_1698_PRI,2025-05-01,307,123.58,,2025-06-15,,Cancelado
PED_SKU_1698_SNO_0,SKU_1698_SNO,2025-01-01,239,123.58,,2025-02-15,,Entregue
PED_SKU_1698_SNO_1,SKU_1698_SNO,2025-03-02,239,123.58,,2025-04-16,,Cancelado
PED_SKU_1698_SNO_2,SKU_1698_SNO,2025-05-01,239,123.58,,2025-06-15,,Entregue
PED_SKU_1698_SNO_3,SKU_1698_SNO,2025-06-30,239,123.58,,2025-08-14,,Entregue
PED_SKU_1699_CLO_0,SKU_1699_CLO,2025-01-01,218,107.88,,2025-02-15,,Entregue
PED_SKU_1699_CLO_1,SKU_1699_CLO,2025-03-02,218,107.88,,2025-04-16,,Entregue
PED_SKU_1699_CLO_2,SKU_1699_CLO,2025-05-01,218,107.88,,2025-06-15,,Entregue
PED_SKU_1699_CLO_3,SKU_1699_CLO,2025-06-30,218,107.88,,2025-08-14,,Entregue
PED_SKU_1699_COB_0,SKU_1699_COB,2025-01-01,283,107.88,,2025-02-15,,Entregue
PED_SKU_1699_COB_1,SKU_1699_COB,2025-03-02,283,107.88,,2025-04-16,,Entregue
PED_SKU_1699_COB_2,SKU_1699_COB,2025-05-01,283,107.88,,2025-06-15,,Entregue
PED_SKU_1700_HUN_0,SKU_1700_HUN,2025-01-01,411,274.64,,2025-02-15,,Entregue
PED_SKU_1700_HUN_1,SKU_1700_HUN,2025-03-02,411,274.64,,2025-04-16,,Entregue
PED_SKU_1700_PIS_0,SKU_1700_PIS,2025-01-01,211,274.64,,2025-02-15,,Entregue
PED_SKU_1700_PIS_1,SKU_1700_PIS,2025-03-02,211,274.64,,2025-04-16,,Entregue
PED_SKU_1700_PIS_2,SKU_1700_PIS,2025-05-01,211,274.64,,2025-06-15,,Entregue
PED_SKU_1700_PIS_3,SKU_1700_PIS,2025-06-30,211,274.64,,2025-08-14,,Entregue
PED_SKU_1701_SPA_0,SKU_1701_SPA,2025-01-01,214,129.22,,2025-02-15,,Entregue
PED_SKU_1701_SPA_1,SKU_1701_SPA,2025-03-02,214,129.22,,2025-04-16,,Entregue
PED_SKU_1701_SPA_2,SKU_1701_SPA,2025-05-01,214,129.22,,2025-06-15,,Entregue
PED_SKU_1701_SPA_3,SKU_1701_SPA,2025-06-30,214,129.22,,2025-08-14,,Entregue
PED_SKU_1701_BLU_0,SKU_1701_BLU,2025-01-01,411,129.22,,2025-02-15,,Entregue
PED_SKU_1701_BLU_1,SKU_1701_BLU,2025-03-02,411,129.22,,2025-04-16,,Entregue
PED_SKU_1702_LIG_0,SKU_1702_LIG,2025-01-01,316,205.19,,2025-02-15,,Entregue
PED_SKU_1702_LIG_1,SKU_1702_LIG,2025-03-02,316,205.19,,2025-04-16,,Entregue
PED_SKU_1702_LIG_2,SKU_1702_LIG,2025-05-01,316,205.19,,2025-06-15,,Entregue
PED_SKU_1702_COR_0,SKU_1702_COR,2025-01-01,322,205.19,,2025-02-15,,Entregue
PED_SKU_1702_COR_1,SKU_1702_COR,2025-03-02,322,205.19,,2025-04-16,,Entregue
PED_SKU_1702_COR_2,SKU_1702_COR,2025-05-01,322,205.19,,2025-06-15,,Entregue
PED_SKU_1703_PAS_0,SKU_1703_PAS,2025-01-01,408,85.83,,2025-02-15,,Entregue
PED_SKU_1703_PAS_1,SKU_1703_PAS,2025-03-02,408,85.83,,2025-04-16,,Entregue
PED_SKU_1703_BLU_0,SKU_1703_BLU,2025-01-01,462,85.83,,2025-02-15,,Entregue
PED_SKU_1703_BLU_1,SKU_1703_BLU,2025-03-02,462,85.83,,2025-04-16,,Entregue
PED_SKU_1704_BAB_0,SKU_1704_BAB,2025-01-01,208,106.5,,2025-02-15,,Entregue
PED_SKU_1704_BAB_1,SKU_1704_BAB,2025-03-02,208,106.5,,2025-04-16,,Entregue
PED_SKU_1704_BAB_2,SKU_1704_BAB,2025-05-01,208,106.5,,2025-06-15,,Entregue
PED_SKU_1704_BAB_3,SKU_1704_BAB,2025-06-30,208,106.5,,2025-08-14,,Entregue
PED_SKU_1704_PEA_0,SKU_1704_PEA,2025-01-01,271,106.5,,2025-02-15,,Entregue
PED_SKU_1704_PEA_1,SKU_1704_PEA,2025-03-02,271,106.5,,2025-04-16,,Entregue
PED_SKU_1704_PEA_2,SKU_1704_PEA,2025-05-01,271,106.5,,2025-06-15,,Entregue
PED_SKU_1705_SER_0,SKU_1705_SER,2025-01-01,419,135.68,,2025-02-15,,Entregue
PED_SKU_1705_SER_1,SKU_1705_SER,2025-03-02,419,135.68,,2025-04-16,,Entregue
PED_SKU_1705_JAD_0,SKU_1705_JAD,2025-01-01,220,135.68,,2025-02-15,,Entregue
PED_SKU_1705_JAD_1,SKU_1705_JAD,2025-03-02,220,135.68,,2025-04-16,,Entregue
PED_SKU_1705_JAD_2,SKU_1705_JAD,2025-05-01,220,135.68,,2025-06-15,,Entregue
PED_SKU_1705_JAD_3,SKU_1705_JAD,2025-06-30,220,135.68,,2025-08-14,,Entregue
PED_SKU_1706_BLA_0,SKU_1706_BLA,2025-01-01,444,59.98,,2025-02-15,,Entregue
PED_SKU_1706_BLA_1,SKU_1706_BLA,2025-03-02,444,59.98,,2025-04-16,,Entregue
PED_SKU_1706_JAD_0,SKU_1706_JAD,2025-01-01,216,59.98,,2025-02-15,,Entregue
PED_SKU_1706_JAD_1,SKU_1706_JAD,2025-03-02,216,59.98,,2025-04-16,,Entregue
PED_SKU_1706_JAD_2,SKU_1706_JAD,2025-05-01,216,59.98,,2025-06-15,,Entregue
PED_SKU_1706_JAD_3,SKU_1706_JAD,2025-06-30,216,59.98,,2025-08-14,,Entregue
PED_SKU_1707_ARM_0,SKU_1707_ARM,2025-01-01,420,75.65,,2025-02-15,,Entregue
PED_SKU_1707_ARM_1,SKU_1707_ARM,2025-03-02,420,75.65,,2025-04-16,,Entregue
PED_SKU_1707_SAP_0,SKU_1707_SAP,2025-01-01,242,75.65,,2025-02-15,,Entregue
PED_SKU_1707_SAP_1,SKU_1707_SAP,2025-03-02,242,75.65,,2025-04-16,,Entregue
PED_SKU_1707_SAP_2,SKU_1707_SAP,2025-05-01,242,75.65,,2025-06-15,,Entregue
PED_SKU_1707_SAP_3,SKU_1707_SAP,2025-06-30,242,75.65,,2025-08-14,,Cancelado
PED_SKU_1708_FLA_0,SKU_1708_FLA,2025-01-01,438,53.52,,2025-02-15,,Entregue
PED_SKU_1708_FLA_1,SKU_1708_FLA,2025-03-02,438,53.52,,2025-04-16,,Entregue
PED_SKU_1708_FRE_0,SKU_1708_FRE,2025-01-01,431,53.52,,2025-02-15,,Entregue
PED_SKU_1708_FRE_1,SKU_1708_FRE,2025-03-02,431,53.52,,2025-04-16,,Entregue
PED_SKU_1709_CRE_0,SKU_1709_CRE,2025-01-01,456,61.77,,2025-02-15,,Entregue
PED_SKU_1709_CRE_1,SKU_1709_CRE,2025-03-02,456,61.77,,2025-04-16,,Entregue
PED_SKU_1709_MAR_0,SKU_1709_MAR,2025-01-01,317,61.77,,2025-02-15,,Entregue
PED_SKU_1709_MAR_1,SKU_1709_MAR,2025-03-02,317,61.77,,2025-04-16,,Entregue
PED_SKU_1709_MAR_2,SKU_1709_MAR,2025-05-01,317,61.77,,2025-06-15,,Entregue
PED_SKU_1710_OLI_0,SKU_1710_OLI,2025-01-01,290,240.54,,2025-02-15,,Entregue
PED_SKU_1710_OLI_1,SKU_1710_OLI,2025-03-02,290,240.54,,2025-04-16,,Entregue
PED_SKU_1710_OLI_2,SKU_1710_OLI,2025-05-01,290,240.54,,2025-06-15,,Entregue
PED_SKU_1710_MEX_0,SKU_1710_MEX,2025-01-01,290,240.54,,2025-02-15,,Entregue
PED_SKU_1710_MEX_1,SKU_1710_MEX,2025-03-02,290,240.54,,2025-04-16,,Entregue
PED_SKU_1710_MEX_2,SKU_1710_MEX,2025-05-01,290,240.54,,2025-06-15,,Entregue
PED_SKU_1711_VAN_0,SKU_1711_VAN,2025-01-01,425,378.46,,2025-02-15,,Entregue
PED_SKU_1711_VAN_1,SKU_1711_VAN,2025-03-02,425,378.46,,2025-04-16,,Entregue
PED_SKU_1711_ARM_0,SKU_1711_ARM,2025-01-01,282,378.46,,2025-02-15,,Entregue
PED_SKU_1711_ARM_1,SKU_1711_ARM,2025-03-02,282,378.46,,2025-04-16,,Entregue
PED_SKU_1711_ARM_2,SKU_1711_ARM,2025-05-01,282,378.46,,2025-06-15,,Entregue
PED_SKU_1712_NAV_0,SKU_1712_NAV,2025-01-01,476,59.55,,2025-02-15,,Entregue
PED_SKU_1712_NAV_1,SKU_1712_NAV,2025-03-02,476,59.55,,2025-04-16,,Entregue
PED_SKU_1712_MOS_0,SKU_1712_MOS,2025-01-01,292,59.55,,2025-02-15,,Entregue
PED_SKU_1712_MOS_1,SKU_1712_MOS,2025-03-02,292,59.55,,2025-04-16,,Entregue
PED_SKU_1712_MOS_2,SKU_1712_MOS,2025-05-01,292,59.55,,2025-06-15,,Entregue
PED_SKU_1713_SAL_0,SKU_1713_SAL,2025-01-01,294,167.12,,2025-02-15,,Entregue
PED_SKU_1713_SAL_1,SKU_1713_SAL,2025-03-02,294,167.12,,2025-04-16,,Entregue
PED_SKU_1713_SAL_2,SKU_1713_SAL,2025-05-01,294,167.12,,2025-06-15,,Entregue
PED_SKU_1713_SNO_0,SKU_1713_SNO,2025-01-01,329,167.12,,2025-02-15,,Entregue
PED_SKU_1713_SNO_1,SKU_1713_SNO,2025-03-02,329,167.12,,2025-04-16,,Entregue
PED_SKU_1713_SNO_2,SKU_1713_SNO,2025-05-01,329,167.12,,2025-06-15,,Entregue
PED_SKU_1714_DEE_0,SKU_1714_DEE,2025-01-01,262,96.96,,2025-02-15,,Entregue
PED_SKU_1714_DEE_1,SKU_1714_DEE,2025-03-02,262,96.96,,2025-04-16,,Entregue
PED_SKU_1714_DEE_2,SKU_1714_DEE,2025-05-01,262,96.96,,2025-06-15,,Entregue
PED_SKU_1714_MID_0,SKU_1714_MID,2025-01-01,443,96.96,,2025-02-15,,Entregue
PED_SKU_1714_MID_1,SKU_1714_MID,2025-03-02,443,96.96,,2025-04-16,,Entregue
PED_SKU_1715_HON_0,SKU_1715_HON,2025-01-01,411,69.93,,2025-02-15,,Entregue
PED_SKU_1715_HON_1,SKU_1715_HON,2025-03-02,411,69.93,,2025-04-16,,Entregue
PED_SKU_1715_JAD_0,SKU_1715_JAD,2025-01-01,202,69.93,,2025-02-15,,Entregue
PED_SKU_1715_JAD_1,SKU_1715_JAD,2025-03-02,202,69.93,,2025-04-16,,Entregue
PED_SKU_1715_JAD_2,SKU_1715_JAD,2025-05-01,202,69.93,,2025-06-15,,Cancelado
PED_SKU_1715_JAD_3,SKU_1715_JAD,2025-06-30,202,69.93,,2025-08-14,,Cancelado
PED_SKU_1716_AQU_0,SKU_1716_AQU,2025-01-01,279,54.29,,2025-02-15,,Cancelado
PED_SKU_1716_AQU_1,SKU_1716_AQU,2025-03-02,279,54.29,,2025-04-16,,Entregue
PED_SKU_1716_AQU_2,SKU_1716_AQU,2025-05-01,279,54.29,,2025-06-15,,Entregue
PED_SKU_1716_SAL_0,SKU_1716_SAL,2025-01-01,265,54.29,,2025-02-15,,Entregue
PED_SKU_1716_SAL_1,SKU_1716_SAL,2025-03-02,265,54.29,,2025-04-16,,Entregue
PED_SKU_1716_SAL_2,SKU_1716_SAL,2025-05-01,265,54.29,,2025-06-15,,Entregue
PED_SKU_1717_MIN_0,SKU_1717_MIN,2025-01-01,279,76.62,,2025-02-15,,Entregue
PED_SKU_1717_MIN_1,SKU_1717_MIN,2025-03-02,279,76.62,,2025-04-16,,Entregue
PED_SKU_1717_MIN_2,SKU_1717_MIN,2025-05-01,279,76.62,,2025-06-15,,Entregue
PED_SKU_1717_CRE_0,SKU_1717_CRE,2025-01-01,421,76.62,,2025-02-15,,Entregue
PED_SKU_1717_CRE_1,SKU_1717_CRE,2025-03-02,421,76.62,,2025-04-16,,Entregue
PED_SKU_1718_DUS_0,SKU_1718_DUS,2025-01-01,275,110.22,,2025-02-15,,Entregue
PED_SKU_1718_DUS_1,SKU_1718_DUS,2025-03-02,275,110.22,,2025-04-16,,Entregue
PED_SKU_1718_DUS_2,SKU_1718_DUS,2025-05-01,275,110.22,,2025-06-15,,Entregue
PED_SKU_1718_SEA_0,SKU_1718_SEA,2025-01-01,290,110.22,,2025-02-15,,Cancelado
PED_SKU_1718_SEA_1,SKU_1718_SEA,2025-03-02,290,110.22,,2025-04-16,,Entregue
PED_SKU_1718_SEA_2,SKU_1718_SEA,2025-05-01,290,110.22,,2025-06-15,,Entregue
PED_SKU_1719_OFF_0,SKU_1719_OFF,2025-01-01,293,91.27,,2025-02-15,,Entregue
PED_SKU_1719_OFF_1,SKU_1719_OFF,2025-03-02,293,91.27,,2025-04-16,,Entregue
PED_SKU_1719_OFF_2,SKU_1719_OFF,2025-05-01,293,91.27,,2025-06-15,,Entregue
PED_SKU_1719_WHI_0,SKU_1719_WHI,2025-01-01,210,91.27,,2025-02-15,,Entregue
PED_SKU_1719_WHI_1,SKU_1719_WHI,2025-03-02,210,91.27,,2025-04-16,,Entregue
PED_SKU_1719_WHI_2,SKU_1719_WHI,2025-05-01,210,91.27,,2025-06-15,,Entregue
PED_SKU_1719_WHI_3,SKU_1719_WHI,2025-06-30,210,91.27,,2025-08-14,,Entregue
PED_SKU_1720_PAL_0,SKU_1720_PAL,2025-01-01,223,66.8,,2025-02-15,,Entregue
PED_SKU_1720_PAL_1,SKU_1720_PAL,2025-03-02,223,66.8,,2025-04-16,,Entregue
PED_SKU_1720_PAL_2,SKU_1720_PAL,2025-05-01,223,66.8,,2025-06-15,,Entregue
PED_SKU_1720_PAL_3,SKU_1720_PAL,2025-06-30,223,66.8,,2025-08-14,,Entregue
PED_SKU_1720_PAS_0,SKU_1720_PAS,2025-01-01,211,66.8,,2025-02-15,,Entregue
PED_SKU_1720_PAS_1,SKU_1720_PAS,2025-03-02,211,66.8,,2025-04-16,,Entregue
PED_SKU_1720_PAS_2,SKU_1720_PAS,2025-05-01,211,66.8,,2025-06-15,,Entregue
PED_SKU_1720_PAS_3,SKU_1720_PAS,2025-06-30,211,66.8,,2025-08-14,,Entregue
PED_SKU_1721_COR_0,SKU_1721_COR,2025-01-01,282,159.73,,2025-02-15,,Entregue
PED_SKU_1721_COR_1,SKU_1721_COR,2025-03-02,282,159.73,,2025-04-16,,Entregue
PED_SKU_1721_COR_2,SKU_1721_COR,2025-05-01,282,159.73,,2025-06-15,,Entregue
PED_SKU_1721_FRE_0,SKU_1721_FRE,2025-01-01,451,159.73,,2025-02-15,,Entregue
PED_SKU_1721_FRE_1,SKU_1721_FRE,2025-03-02,451,159.73,,2025-04-16,,Entregue
PED_SKU_1722_AQU_0,SKU_1722_AQU,2025-01-01,230,107.54,,2025-02-15,,Entregue
PED_SKU_1722_AQU_1,SKU_1722_AQU,2025-03-02,230,107.54,,2025-04-16,,Entregue
PED_SKU_1722_AQU_2,SKU_1722_AQU,2025-05-01,230,107.54,,2025-06-15,,Entregue
PED_SKU_1722_AQU_3,SKU_1722_AQU,2025-06-30,230,107.54,,2025-08-14,,Entregue
PED_SKU_1722_PAS_0,SKU_1722_PAS,2025-01-01,414,107.54,,2025-02-15,,Entregue
PED_SKU_1722_PAS_1,SKU_1722_PAS,2025-03-02,414,107.54,,2025-04-16,,Entregue
PED_SKU_1723_MOS_0,SKU_1723_MOS,2025-01-01,378,143.95,,2025-02-15,,Entregue
PED_SKU_1723_MOS_1,SKU_1723_MOS,2025-03-02,378,143.95,,2025-04-16,,Entregue
PED_SKU_1723_COB_0,SKU_1723_COB,2025-01-01,408,143.95,,2025-02-15,,Entregue
PED_SKU_1723_COB_1,SKU_1723_COB,2025-03-02,408,143.95,,2025-04-16,,Entregue
PED_SKU_1724_PIN_0,SKU_1724_PIN,2025-01-01,300,354.54,,2025-02-15,,Entregue
PED_SKU_1724_PIN_1,SKU_1724_PIN,2025-03-02,300,354.54,,2025-04-16,,Entregue
PED_SKU_1724_PIN_2,SKU_1724_PIN,2025-05-01,300,354.54,,2025-06-15,,Entregue
PED_SKU_1724_PEA_0,SKU_1724_PEA,2025-01-01,447,354.54,,2025-02-15,,Entregue
PED_SKU_1724_PEA_1,SKU_1724_PEA,2025-03-02,447,354.54,,2025-04-16,,Entregue
PED_SKU_1725_BAB_0,SKU_1725_BAB,2025-01-01,408,77.88,,2025-02-15,,Cancelado
PED_SKU_1725_BAB_1,SKU_1725_BAB,2025-03-02,408,77.88,,2025-04-16,,Entregue
PED_SKU_1725_OFF_0,SKU_1725_OFF,2025-01-01,207,77.88,,2025-02-15,,Entregue
PED_SKU_1725_OFF_1,SKU_1725_OFF,2025-03-02,207,77.88,,2025-04-16,,Entregue
PED_SKU_1725_OFF_2,SKU_1725_OFF,2025-05-01,207,77.88,,2025-06-15,,Entregue
PED_SKU_1725_OFF_3,SKU_1725_OFF,2025-06-30,207,77.88,,2025-08-14,,Entregue
PED_SKU_1726_PAS_0,SKU_1726_PAS,2025-01-01,472,141.52,,2025-02-15,,Entregue
PED_SKU_1726_PAS_1,SKU_1726_PAS,2025-03-02,472,141.52,,2025-04-16,,Entregue
PED_SKU_1726_BUB_0,SKU_1726_BUB,2025-01-01,421,141.52,,2025-02-15,,Entregue
PED_SKU_1726_BUB_1,SKU_1726_BUB,2025-03-02,421,141.52,,2025-04-16,,Entregue
PED_SKU_1727_LIG_0,SKU_1727_LIG,2025-01-01,291,46.65,,2025-02-15,,Entregue
PED_SKU_1727_LIG_1,SKU_1727_LIG,2025-03-02,291,46.65,,2025-04-16,,Entregue
PED_SKU_1727_LIG_2,SKU_1727_LIG,2025-05-01,291,46.65,,2025-06-15,,Entregue
PED_SKU_1727_WHI_0,SKU_1727_WHI,2025-01-01,420,46.65,,2025-02-15,,Entregue
PED_SKU_1727_WHI_1,SKU_1727_WHI,2025-03-02,420,46.65,,2025-04-16,,Entregue
PED_SKU_1728_MID_0,SKU_1728_MID,2025-01-01,276,103.56,,2025-02-15,,Entregue
PED_SKU_1728_MID_1,SKU_1728_MID,2025-03-02,276,103.56,,2025-04-16,,Entregue
PED_SKU_1728_MID_2,SKU_1728_MID,2025-05-01,276,103.56,,2025-06-15,,Entregue
PED_SKU_1728_EGR_0,SKU_1728_EGR,2025-01-01,205,103.56,,2025-02-15,,Cancelado
PED_SKU_1728_EGR_1,SKU_1728_EGR,2025-03-02,205,103.56,,2025-04-16,,Entregue
PED_SKU_1728_EGR_2,SKU_1728_EGR,2025-05-01,205,103.56,,2025-06-15,,Entregue
PED_SKU_1728_EGR_3,SKU_1728_EGR,2025-06-30,205,103.56,,2025-08-14,,Entregue
PED_SKU_1729_FUC_0,SKU_1729_FUC,2025-01-01,275,51.47,,2025-02-15,,Entregue
PED_SKU_1729_FUC_1,SKU_1729_FUC,2025-03-02,275,51.47,,2025-04-16,,Entregue
PED_SKU_1729_FUC_2,SKU_1729_FUC,2025-05-01,275,51.47,,2025-06-15,,Entregue
PED_SKU_1729_CLE_0,SKU_1729_CLE,2025-01-01,454,51.47,,2025-02-15,,Entregue
PED_SKU_1729_CLE_1,SKU_1729_CLE,2025-03-02,454,51.47,,2025-04-16,,Entregue
PED_SKU_1730_OFF_0,SKU_1730_OFF,2025-01-01,288,95.01,,2025-02-15,,Entregue
PED_SKU_1730_OFF_1,SKU_1730_OFF,2025-03-02,288,95.01,,2025-04-16,,Entregue
PED_SKU_1730_OFF_2,SKU_1730_OFF,2025-05-01,288,95.01,,2025-06-15,,Entregue
PED_SKU_1730_MIN_0,SKU_1730_MIN,2025-01-01,231,95.01,,2025-02-15,,Entregue
PED_SKU_1730_MIN_1,SKU_1730_MIN,2025-03-02,231,95.01,,2025-04-16,,Entregue
PED_SKU_1730_MIN_2,SKU_1730_MIN,2025-05-01,231,95.01,,2025-06-15,,Entregue
PED_SKU_1730_MIN_3,SKU_1730_MIN,2025-06-30,231,95.01,,2025-08-14,,Entregue
PED_SKU_1731_MIN_0,SKU_1731_MIN,2025-01-01,443,346.13,,2025-02-15,,Cancelado
PED_SKU_1731_MIN_1,SKU_1731_MIN,2025-03-02,443,346.13,,2025-04-16,,Entregue
PED_SKU_1731_ARM_0,SKU_1731_ARM,2025-01-01,278,346.13,,2025-02-15,,Entregue
PED_SKU_1731_ARM_1,SKU_1731_ARM,2025-03-02,278,346.13,,2025-04-16,,Entregue
PED_SKU_1731_ARM_2,SKU_1731_ARM,2025-05-01,278,346.13,,2025-06-15,,Entregue
PED_SKU_1732_OFF_0,SKU_1732_OFF,2025-01-01,226,367.03,,2025-02-15,,Entregue
PED_SKU_1732_OFF_1,SKU_1732_OFF,2025-03-02,226,367.03,,2025-04-16,,Entregue
PED_SKU_1732_OFF_2,SKU_1732_OFF,2025-05-01,226,367.03,,2025-06-15,,Entregue
PED_SKU_1732_OFF_3,SKU_1732_OFF,2025-06-30,226,367.03,,2025-08-14,,Cancelado
PED_SKU_1732_WHI_0,SKU_1732_WHI,2025-01-01,287,367.03,,2025-02-15,,Entregue
PED_SKU_1732_WHI_1,SKU_1732_WHI,2025-03-02,287,367.03,,2025-04-16,,Entregue
PED_SKU_1732_WHI_2,SKU_1732_WHI,2025-05-01,287,367.03,,2025-06-15,,Entregue
PED_SKU_1733_NAV_0,SKU_1733_NAV,2025-01-01,311,115.82,,2025-02-15,,Entregue
PED_SKU_1733_NAV_1,SKU_1733_NAV,2025-03-02,311,115.82,,2025-04-16,,Entregue
PED_SKU_1733_NAV_2,SKU_1733_NAV,2025-05-01,311,115.82,,2025-06-15,,Entregue
PED_SKU_1733_SAG_0,SKU_1733_SAG,2025-01-01,420,115.82,,2025-02-15,,Entregue
PED_SKU_1733_SAG_1,SKU_1733_SAG,2025-03-02,420,115.82,,2025-04-16,,Entregue
PED_SKU_1734_FRE_0,SKU_1734_FRE,2025-01-01,230,111.27,,2025-02-15,,Entregue
PED_SKU_1734_FRE_1,SKU_1734_FRE,2025-03-02,230,111.27,,2025-04-16,,Entregue
PED_SKU_1734_FRE_2,SKU_1734_FRE,2025-05-01,230,111.27,,2025-06-15,,Entregue
PED_SKU_1734_FRE_3,SKU_1734_FRE,2025-06-30,230,111.27,,2025-08-14,,Entregue
PED_SKU_1734_BRI_0,SKU_1734_BRI,2025-01-01,295,111.27,,2025-02-15,,Entregue
PED_SKU_1734_BRI_1,SKU_1734_BRI,2025-03-02,295,111.27,,2025-04-16,,Entregue
PED_SKU_1734_BRI_2,SKU_1734_BRI,2025-05-01,295,111.27,,2025-06-15,,Entregue
PED_SKU_1735_MOS_0,SKU_1735_MOS,2025-01-01,477,88.85,,2025-02-15,,Entregue
PED_SKU_1735_MOS_1,SKU_1735_MOS,2025-03-02,477,88.85,,2025-04-16,,Entregue
PED_SKU_1735_COR_0,SKU_1735_COR,2025-01-01,452,88.85,,2025-02-15,,Entregue
PED_SKU_1735_COR_1,SKU_1735_COR,2025-03-02,452,88.85,,2025-04-16,,Entregue
PED_SKU_1736_PAS_0,SKU_1736_PAS,2025-01-01,207,106.96,,2025-02-15,,Entregue
PED_SKU_1736_PAS_1,SKU_1736_PAS,2025-03-02,207,106.96,,2025-04-16,,Entregue
PED_SKU_1736_PAS_2,SKU_1736_PAS,2025-05-01,207,106.96,,2025-06-15,,Entregue
PED_SKU_1736_PAS_3,SKU_1736_PAS,2025-06-30,207,106.96,,2025-08-14,,Entregue
PED_SKU_1736_JAD_0,SKU_1736_JAD,2025-01-01,289,106.96,,2025-02-15,,Entregue
PED_SKU_1736_JAD_1,SKU_1736_JAD,2025-03-02,289,106.96,,2025-04-16,,Entregue
PED_SKU_1736_JAD_2,SKU_1736_JAD,2025-05-01,289,106.96,,2025-06-15,,Entregue
PED_SKU_1737_SAG_0,SKU_1737_SAG,2025-01-01,451,254.84,,2025-02-15,,Cancelado
PED_SKU_1737_SAG_1,SKU_1737_SAG,2025-03-02,451,254.84,,2025-04-16,,Entregue
PED_SKU_1737_DEE_0,SKU_1737_DEE,2025-01-01,297,254.84,,2025-02-15,,Entregue
PED_SKU_1737_DEE_1,SKU_1737_DEE,2025-03-02,297,254.84,,2025-04-16,,Entregue
PED_SKU_1737_DEE_2,SKU_1737_DEE,2025-05-01,297,254.84,,2025-06-15,,Entregue
PED_SKU_1738_BLU_0,SKU_1738_BLU,2025-01-01,204,64.51,,2025-02-15,,Entregue
PED_SKU_1738_BLU_1,SKU_1738_BLU,2025-03-02,204,64.51,,2025-04-16,,Entregue
PED_SKU_1738_BLU_2,SKU_1738_BLU,2025-05-01,204,64.51,,2025-06-15,,Entregue
PED_SKU_1738_BLU_3,SKU_1738_BLU,2025-06-30,204,64.51,,2025-08-14,,Entregue
PED_SKU_1738_ROY_0,SKU_1738_ROY,2025-01-01,274,64.51,,2025-02-15,,Entregue
PED_SKU_1738_ROY_1,SKU_1738_ROY,2025-03-02,274,64.51,,2025-04-16,,Entregue
PED_SKU_1738_ROY_2,SKU_1738_ROY,2025-05-01,274,64.51,,2025-06-15,,Entregue
PED_SKU_1739_AQU_0,SKU_1739_AQU,2025-01-01,438,83.91,,2025-02-15,,Entregue
PED_SKU_1739_AQU_1,SKU_1739_AQU,2025-03-02,438,83.91,,2025-04-16,,Entregue
PED_SKU_1739_MOS_0,SKU_1739_MOS,2025-01-01,217,83.91,,2025-02-15,,Entregue
PED_SKU_1739_MOS_1,SKU_1739_MOS,2025-03-02,217,83.91,,2025-04-16,,Entregue
PED_SKU_1739_MOS_2,SKU_1739_MOS,2025-05-01,217,83.91,,2025-06-15,,Entregue
PED_SKU_1739_MOS_3,SKU_1739_MOS,2025-06-30,217,83.91,,2025-08-14,,Entregue
PED_SKU_1740_FRE_0,SKU_1740_FRE,2025-01-01,225,70.75,,2025-02-15,,Entregue
PED_SKU_1740_FRE_1,SKU_1740_FRE,2025-03-02,225,70.75,,2025-04-16,,Entregue
PED_SKU_1740_FRE_2,SKU_1740_FRE,2025-05-01,225,70.75,,2025-06-15,,Entregue
PED_SKU_1740_FRE_3,SKU_1740_FRE,2025-06-30,225,70.75,,2025-08-14,,Entregue
PED_SKU_1740_OLI_0,SKU_1740_OLI,2025-01-01,446,70.75,,2025-02-15,,Entregue
PED_SKU_1740_OLI_1,SKU_1740_OLI,2025-03-02,446,70.75,,2025-04-16,,Entregue
PED_SKU_1741_PEA_0,SKU_1741_PEA,2025-01-01,450,78.98,,2025-02-15,,Entregue
PED_SKU_1741_PEA_1,SKU_1741_PEA,2025-03-02,450,78.98,,2025-04-16,,Entregue
PED_SKU_1741_PIN_0,SKU_1741_PIN,2025-01-01,450,78.98,,2025-02-15,,Entregue
PED_SKU_1741_PIN_1,SKU_1741_PIN,2025-03-02,450,78.98,,2025-04-16,,Entregue
PED_SKU_1742_DEN_0,SKU_1742_DEN,2025-01-01,226,86.03,,2025-02-15,,Entregue
PED_SKU_1742_DEN_1,SKU_1742_DEN,2025-03-02,226,86.03,,2025-04-16,,Entregue
PED_SKU_1742_DEN_2,SKU_1742_DEN,2025-05-01,226,86.03,,2025-06-15,,Entregue
PED_SKU_1742_DEN_3,SKU_1742_DEN,2025-06-30,226,86.03,,2025-08-14,,Entregue
PED_SKU_1742_EME_0,SKU_1742_EME,2025-01-01,221,86.03,,2025-02-15,,Cancelado
PED_SKU_1742_EME_1,SKU_1742_EME,2025-03-02,221,86.03,,2025-04-16,,Entregue
PED_SKU_1742_EME_2,SKU_1742_EME,2025-05-01,221,86.03,,2025-06-15,,Entregue
PED_SKU_1742_EME_3,SKU_1742_EME,2025-06-30,221,86.03,,2025-08-14,,Entregue
PED_SKU_1743_DEE_0,SKU_1743_DEE,2025-01-01,229,139.89,,2025-02-15,,Entregue
PED_SKU_1743_DEE_1,SKU_1743_DEE,2025-03-02,229,139.89,,2025-04-16,,Entregue
PED_SKU_1743_DEE_2,SKU_1743_DEE,2025-05-01,229,139.89,,2025-06-15,,Entregue
PED_SKU_1743_DEE_3,SKU_1743_DEE,2025-06-30,229,139.89,,2025-08-14,,Entregue
PED_SKU_1743_CLO_0,SKU_1743_CLO,2025-01-01,283,139.89,,2025-02-15,,Entregue
PED_SKU_1743_CLO_1,SKU_1743_CLO,2025-03-02,283,139.89,,2025-04-16,,Cancelado
PED_SKU_1743_CLO_2,SKU_1743_CLO,2025-05-01,283,139.89,,2025-06-15,,Entregue
PED_SKU_1744_LIG_0,SKU_1744_LIG,2025-01-01,311,87.21,,2025-02-15,,Entregue
PED_SKU_1744_LIG_1,SKU_1744_LIG,2025-03-02,311,87.21,,2025-04-16,,Entregue
PED_SKU_1744_LIG_2,SKU_1744_LIG,2025-05-01,311,87.21,,2025-06-15,,Entregue
PED_SKU_1744_EME_0,SKU_1744_EME,2025-01-01,203,87.21,,2025-02-15,,Entregue
PED_SKU_1744_EME_1,SKU_1744_EME,2025-03-02,203,87.21,,2025-04-16,,Entregue
PED_SKU_1744_EME_2,SKU_1744_EME,2025-05-01,203,87.21,,2025-06-15,,Entregue
PED_SKU_1744_EME_3,SKU_1744_EME,2025-06-30,203,87.21,,2025-08-14,,Entregue
PED_SKU_1745_PEA_0,SKU_1745_PEA,2025-01-01,234,134.94,,2025-02-15,,Entregue
PED_SKU_1745_PEA_1,SKU_1745_PEA,2025-03-02,234,134.94,,2025-04-16,,Entregue
PED_SKU_1745_PEA_2,SKU_1745_PEA,2025-05-01,234,134.94,,2025-06-15,,Entregue
PED_SKU_1745_PEA_3,SKU_1745_PEA,2025-06-30,234,134.94,,2025-08-14,,Entregue
PED_SKU_1745_FOR_0,SKU_1745_FOR,2025-01-01,230,134.94,,2025-02-15,,Entregue
PED_SKU_1745_FOR_1,SKU_1745_FOR,2025-03-02,230,134.94,,2025-04-16,,Entregue
PED_SKU_1745_FOR_2,SKU_1745_FOR,2025-05-01,230,134.94,,2025-06-15,,Entregue
PED_SKU_1745_FOR_3,SKU_1745_FOR,2025-06-30,230,134.94,,2025-08-14,,Entregue
PED_SKU_1746_EME_0,SKU_1746_EME,2025-01-01,219,59.22,,2025-02-15,,Entregue
PED_SKU_1746_EME_1,SKU_1746_EME,2025-03-02,219,59.22,,2025-04-16,,Entregue
PED_SKU_1746_EME_2,SKU_1746_EME,2025-05-01,219,59.22,,2025-06-15,,Entregue
PED_SKU_1746_EME_3,SKU_1746_EME,2025-06-30,219,59.22,,2025-08-14,,Entregue
PED_SKU_1746_NAV_0,SKU_1746_NAV,2025-01-01,231,59.22,,2025-02-15,,Entregue
PED_SKU_1746_NAV_1,SKU_1746_NAV,2025-03-02,231,59.22,,2025-04-16,,Entregue
PED_SKU_1746_NAV_2,SKU_1746_NAV,2025-05-01,231,59.22,,2025-06-15,,Entregue
PED_SKU_1746_NAV_3,SKU_1746_NAV,2025-06-30,231,59.22,,2025-08-14,,Entregue
PED_SKU_1747_FUC_0,SKU_1747_FUC,2025-01-01,206,55.62,,2025-02-15,,Entregue
PED_SKU_1747_FUC_1,SKU_1747_FUC,2025-03-02,206,55.62,,2025-04-16,,Entregue
PED_SKU_1747_FUC_2,SKU_1747_FUC,2025-05-01,206,55.62,,2025-06-15,,Entregue
PED_SKU_1747_FUC_3,SKU_1747_FUC,2025-06-30,206,55.62,,2025-08-14,,Entregue
PED_SKU_1747_TEA_0,SKU_1747_TEA,2025-01-01,262,55.62,,2025-02-15,,Entregue
PED_SKU_1747_TEA_1,SKU_1747_TEA,2025-03-02,262,55.62,,2025-04-16,,Entregue
PED_SKU_1747_TEA_2,SKU_1747_TEA,2025-05-01,262,55.62,,2025-06-15,,Cancelado
PED_SKU_1748_BAB_0,SKU_1748_BAB,2025-01-01,411,95.29,,2025-02-15,,Entregue
PED_SKU_1748_BAB_1,SKU_1748_BAB,2025-03-02,411,95.29,,2025-04-16,,Entregue
PED_SKU_1748_COB_0,SKU_1748_COB,2025-01-01,441,95.29,,2025-02-15,,Entregue
PED_SKU_1748_COB_1,SKU_1748_COB,2025-03-02,441,95.29,,2025-04-16,,Cancelado
PED_SKU_1749_SNO_0,SKU_1749_SNO,2025-01-01,395,100.94,,2025-02-15,,Entregue
PED_SKU_1749_SNO_1,SKU_1749_SNO,2025-03-02,395,100.94,,2025-04-16,,Entregue
PED_SKU_1749_BIR_0,SKU_1749_BIR,2025-01-01,232,100.94,,2025-02-15,,Entregue
PED_SKU_1749_BIR_1,SKU_1749_BIR,2025-03-02,232,100.94,,2025-04-16,,Entregue
PED_SKU_1749_BIR_2,SKU_1749_BIR,2025-05-01,232,100.94,,2025-06-15,,Entregue
PED_SKU_1749_BIR_3,SKU_1749_BIR,2025-06-30,232,100.94,,2025-08-14,,Entregue
PED_SKU_1750_MIN_0,SKU_1750_MIN,2025-01-01,271,98.87,,2025-02-15,,Entregue
PED_SKU_1750_MIN_1,SKU_1750_MIN,2025-03-02,271,98.87,,2025-04-16,,Entregue
PED_SKU_1750_MIN_2,SKU_1750_MIN,2025-05-01,271,98.87,,2025-06-15,,Entregue
PED_SKU_1750_SNO_0,SKU_1750_SNO,2025-01-01,455,98.87,,2025-02-15,,Entregue
PED_SKU_1750_SNO_1,SKU_1750_SNO,2025-03-02,455,98.87,,2025-04-16,,Entregue
PED_SKU_1751_BLU_0,SKU_1751_BLU,2025-01-01,422,97.98,,2025-02-15,,Entregue
PED_SKU_1751_BLU_1,SKU_1751_BLU,2025-03-02,422,97.98,,2025-04-16,,Entregue
PED_SKU_1751_MIN_0,SKU_1751_MIN,2025-01-01,289,97.98,,2025-02-15,,Entregue
PED_SKU_1751_MIN_1,SKU_1751_MIN,2025-03-02,289,97.98,,2025-04-16,,Entregue
PED_SKU_1751_MIN_2,SKU_1751_MIN,2025-05-01,289,97.98,,2025-06-15,,Entregue
PED_SKU_1752_SNO_0,SKU_1752_SNO,2025-01-01,425,153.22,,2025-02-15,,Entregue
PED_SKU_1752_SNO_1,SKU_1752_SNO,2025-03-02,425,153.22,,2025-04-16,,Entregue
PED_SKU_1752_SPA_0,SKU_1752_SPA,2025-01-01,449,153.22,,2025-02-15,,Entregue
PED_SKU_1752_SPA_1,SKU_1752_SPA,2025-03-02,449,153.22,,2025-04-16,,Entregue
PED_SKU_1753_WHI_0,SKU_1753_WHI,2025-01-01,214,300.29,,2025-02-15,,Entregue
PED_SKU_1753_WHI_1,SKU_1753_WHI,2025-03-02,214,300.29,,2025-04-16,,Entregue
PED_SKU_1753_WHI_2,SKU_1753_WHI,2025-05-01,214,300.29,,2025-06-15,,Entregue
PED_SKU_1753_WHI_3,SKU_1753_WHI,2025-06-30,214,300.29,,2025-08-14,,Entregue
PED_SKU_1753_PAL_0,SKU_1753_PAL,2025-01-01,452,300.29,,2025-02-15,,Entregue
PED_SKU_1753_PAL_1,SKU_1753_PAL,2025-03-02,452,300.29,,2025-04-16,,Entregue
PED_SKU_1754_IVO_0,SKU_1754_IVO,2025-01-01,453,112.51,,2025-02-15,,Cancelado
PED_SKU_1754_IVO_1,SKU_1754_IVO,2025-03-02,453,112.51,,2025-04-16,,Entregue
PED_SKU_1754_SER_0,SKU_1754_SER,2025-01-01,275,112.51,,2025-02-15,,Entregue
PED_SKU_1754_SER_1,SKU_1754_SER,2025-03-02,275,112.51,,2025-04-16,,Entregue
PED_SKU_1754_SER_2,SKU_1754_SER,2025-05-01,275,112.51,,2025-06-15,,Entregue
PED_SKU_1755_BIR_0,SKU_1755_BIR,2025-01-01,405,110.25,,2025-02-15,,Entregue
PED_SKU_1755_BIR_1,SKU_1755_BIR,2025-03-02,405,110.25,,2025-04-16,,Entregue
PED_SKU_1755_AQU_0,SKU_1755_AQU,2025-01-01,438,110.25,,2025-02-15,,Entregue
PED_SKU_1755_AQU_1,SKU_1755_AQU,2025-03-02,438,110.25,,2025-04-16,,Entregue
PED_SKU_1756_FLA_0,SKU_1756_FLA,2025-01-01,208,57.21,,2025-02-15,,Entregue
PED_SKU_1756_FLA_1,SKU_1756_FLA,2025-03-02,208,57.21,,2025-04-16,,Entregue
PED_SKU_1756_FLA_2,SKU_1756_FLA,2025-05-01,208,57.21,,2025-06-15,,Entregue
PED_SKU_1756_FLA_3,SKU_1756_FLA,2025-06-30,208,57.21,,2025-08-14,,Entregue
PED_SKU_1756_BUB_0,SKU_1756_BUB,2025-01-01,206,57.21,,2025-02-15,,Entregue
PED_SKU_1756_BUB_1,SKU_1756_BUB,2025-03-02,206,57.21,,2025-04-16,,Entregue
PED_SKU_1756_BUB_2,SKU_1756_BUB,2025-05-01,206,57.21,,2025-06-15,,Entregue
PED_SKU_1756_BUB_3,SKU_1756_BUB,2025-06-30,206,57.21,,2025-08-14,,Cancelado
PED_SKU_1757_PIN_0,SKU_1757_PIN,2025-01-01,220,84.24,,2025-02-15,,Entregue
PED_SKU_1757_PIN_1,SKU_1757_PIN,2025-03-02,220,84.24,,2025-04-16,,Entregue
PED_SKU_1757_PIN_2,SKU_1757_PIN,2025-05-01,220,84.24,,2025-06-15,,Entregue
PED_SKU_1757_PIN_3,SKU_1757_PIN,2025-06-30,220,84.24,,2025-08-14,,Entregue
PED_SKU_1757_TUR_0,SKU_1757_TUR,2025-01-01,270,84.24,,2025-02-15,,Entregue
PED_SKU_1757_TUR_1,SKU_1757_TUR,2025-03-02,270,84.24,,2025-04-16,,Entregue
PED_SKU_1757_TUR_2,SKU_1757_TUR,2025-05-01,270,84.24,,2025-06-15,,Entregue
PED_SKU_1758_CLO_0,SKU_1758_CLO,2025-01-01,292,49.16,,2025-02-15,,Entregue
PED_SKU_1758_CLO_1,SKU_1758_CLO,2025-03-02,292,49.16,,2025-04-16,,Entregue
PED_SKU_1758_CLO_2,SKU_1758_CLO,2025-05-01,292,49.16,,2025-06-15,,Entregue
PED_SKU_1758_HON_0,SKU_1758_HON,2025-01-01,209,49.16,,2025-02-15,,Entregue
PED_SKU_1758_HON_1,SKU_1758_HON,2025-03-02,209,49.16,,2025-04-16,,Entregue
PED_SKU_1758_HON_2,SKU_1758_HON,2025-05-01,209,49.16,,2025-06-15,,Entregue
PED_SKU_1758_HON_3,SKU_1758_HON,2025-06-30,209,49.16,,2025-08-14,,Entregue
PED_SKU_1759_CLE_0,SKU_1759_CLE,2025-01-01,426,82.08,,2025-02-15,,Entregue
PED_SKU_1759_CLE_1,SKU_1759_CLE,2025-03-02,426,82.08,,2025-04-16,,Entregue
PED_SKU_1759_COB_0,SKU_1759_COB,2025-01-01,295,82.08,,2025-02-15,,Entregue
PED_SKU_1759_COB_1,SKU_1759_COB,2025-03-02,295,82.08,,2025-04-16,,Entregue
PED_SKU_1759_COB_2,SKU_1759_COB,2025-05-01,295,82.08,,2025-06-15,,Entregue
PED_SKU_1760_PAS_0,SKU_1760_PAS,2025-01-01,206,73.55,,2025-02-15,,Entregue
PED_SKU_1760_PAS_1,SKU_1760_PAS,2025-03-02,206,73.55,,2025-04-16,,Entregue
PED_SKU_1760_PAS_2,SKU_1760_PAS,2025-05-01,206,73.55,,2025-06-15,,Entregue
PED_SKU_1760_PAS_3,SKU_1760_PAS,2025-06-30,206,73.55,,2025-08-14,,Entregue
PED_SKU_1760_OFF_0,SKU_1760_OFF,2025-01-01,437,73.55,,2025-02-15,,Entregue
PED_SKU_1760_OFF_1,SKU_1760_OFF,2025-03-02,437,73.55,,2025-04-16,,Entregue
PED_SKU_1761_MOS_0,SKU_1761_MOS,2025-01-01,229,350.25,,2025-02-15,,Entregue
PED_SKU_1761_MOS_1,SKU_1761_MOS,2025-03-02,229,350.25,,2025-04-16,,Entregue
PED_SKU_1761_MOS_2,SKU_1761_MOS,2025-05-01,229,350.25,,2025-06-15,,Entregue
PED_SKU_1761_MOS_3,SKU_1761_MOS,2025-06-30,229,350.25,,2025-08-14,,Entregue
PED_SKU_1761_SAP_0,SKU_1761_SAP,2025-01-01,211,350.25,,2025-02-15,,Entregue
PED_SKU_1761_SAP_1,SKU_1761_SAP,2025-03-02,211,350.25,,2025-04-16,,Entregue
PED_SKU_1761_SAP_2,SKU_1761_SAP,2025-05-01,211,350.25,,2025-06-15,,Entregue
PED_SKU_1761_SAP_3,SKU_1761_SAP,2025-06-30,211,350.25,,2025-08-14,,Entregue
PED_SKU_1762_DEN_0,SKU_1762_DEN,2025-01-01,201,90.85,,2025-02-15,,Entregue
PED_SKU_1762_DEN_1,SKU_1762_DEN,2025-03-02,201,90.85,,2025-04-16,,Entregue
PED_SKU_1762_DEN_2,SKU_1762_DEN,2025-05-01,201,90.85,,2025-06-15,,Cancelado
PED_SKU_1762_DEN_3,SKU_1762_DEN,2025-06-30,201,90.85,,2025-08-14,,Cancelado
PED_SKU_1762_BRI_0,SKU_1762_BRI,2025-01-01,430,90.85,,2025-02-15,,Entregue
PED_SKU_1762_BRI_1,SKU_1762_BRI,2025-03-02,430,90.85,,2025-04-16,,Entregue
PED_SKU_1763_MAR_0,SKU_1763_MAR,2025-01-01,280,99.27,,2025-02-15,,Entregue
PED_SKU_1763_MAR_1,SKU_1763_MAR,2025-03-02,280,99.27,,2025-04-16,,Cancelado
PED_SKU_1763_MAR_2,SKU_1763_MAR,2025-05-01,280,99.27,,2025-06-15,,Entregue
PED_SKU_1763_HOT_0,SKU_1763_HOT,2025-01-01,400,99.27,,2025-02-15,,Entregue
PED_SKU_1763_HOT_1,SKU_1763_HOT,2025-03-02,400,99.27,,2025-04-16,,Entregue
PED_SKU_1764_FUC_0,SKU_1764_FUC,2025-01-01,429,77.33,,2025-02-15,,Entregue
PED_SKU_1764_FUC_1,SKU_1764_FUC,2025-03-02,429,77.33,,2025-04-16,,Entregue
PED_SKU_1764_MAR_0,SKU_1764_MAR,2025-01-01,225,77.33,,2025-02-15,,Entregue
PED_SKU_1764_MAR_1,SKU_1764_MAR,2025-03-02,225,77.33,,2025-04-16,,Entregue
PED_SKU_1764_MAR_2,SKU_1764_MAR,2025-05-01,225,77.33,,2025-06-15,,Entregue
PED_SKU_1764_MAR_3,SKU_1764_MAR,2025-06-30,225,77.33,,2025-08-14,,Entregue
PED_SKU_1765_MYS_0,SKU_1765_MYS,2025-01-01,269,82.65,,2025-02-15,,Entregue
PED_SKU_1765_MYS_1,SKU_1765_MYS,2025-03-02,269,82.65,,2025-04-16,,Entregue
PED_SKU_1765_MYS_2,SKU_1765_MYS,2025-05-01,269,82.65,,2025-06-15,,Entregue
PED_SKU_1765_PAS_0,SKU_1765_PAS,2025-01-01,407,82.65,,2025-02-15,,Entregue
PED_SKU_1765_PAS_1,SKU_1765_PAS,2025-03-02,407,82.65,,2025-04-16,,Entregue
PED_SKU_1766_CLE_0,SKU_1766_CLE,2025-01-01,412,125.58,,2025-02-15,,Entregue
PED_SKU_1766_CLE_1,SKU_1766_CLE,2025-03-02,412,125.58,,2025-04-16,,Entregue
PED_SKU_1766_MYS_0,SKU_1766_MYS,2025-01-01,307,125.58,,2025-02-15,,Entregue
PED_SKU_1766_MYS_1,SKU_1766_MYS,2025-03-02,307,125.58,,2025-04-16,,Entregue
PED_SKU_1766_MYS_2,SKU_1766_MYS,2025-05-01,307,125.58,,2025-06-15,,Entregue
PED_SKU_1767_PRI_0,SKU_1767_PRI,2025-01-01,208,65.16,,2025-02-15,,Entregue
PED_SKU_1767_PRI_1,SKU_1767_PRI,2025-03-02,208,65.16,,2025-04-16,,Entregue
PED_SKU_1767_PRI_2,SKU_1767_PRI,2025-05-01,208,65.16,,2025-06-15,,Entregue
PED_SKU_1767_PRI_3,SKU_1767_PRI,2025-06-30,208,65.16,,2025-08-14,,Entregue
PED_SKU_1767_FUC_0,SKU_1767_FUC,2025-01-01,218,65.16,,2025-02-15,,Entregue
PED_SKU_1767_FUC_1,SKU_1767_FUC,2025-03-02,218,65.16,,2025-04-16,,Entregue
PED_SKU_1767_FUC_2,SKU_1767_FUC,2025-05-01,218,65.16,,2025-06-15,,Entregue
PED_SKU_1767_FUC_3,SKU_1767_FUC,2025-06-30,218,65.16,,2025-08-14,,Cancelado
PED_SKU_1768_PEA_0,SKU_1768_PEA,2025-01-01,218,186.21,,2025-02-15,,Entregue
PED_SKU_1768_PEA_1,SKU_1768_PEA,2025-03-02,218,186.21,,2025-04-16,,Entregue
PED_SKU_1768_PEA_2,SKU_1768_PEA,2025-05-01,218,186.21,,2025-06-15,,Entregue
PED_SKU_1768_PEA_3,SKU_1768_PEA,2025-06-30,218,186.21,,2025-08-14,,Cancelado
PED_SKU_1768_MIN_0,SKU_1768_MIN,2025-01-01,437,186.21,,2025-02-15,,Entregue
PED_SKU_1768_MIN_1,SKU_1768_MIN,2025-03-02,437,186.21,,2025-04-16,,Entregue
PED_SKU_1769_WHI_0,SKU_1769_WHI,2025-01-01,244,91.67,,2025-02-15,,Entregue
PED_SKU_1769_WHI_1,SKU_1769_WHI,2025-03-02,244,91.67,,2025-04-16,,Entregue
PED_SKU_1769_WHI_2,SKU_1769_WHI,2025-05-01,244,91.67,,2025-06-15,,Entregue
PED_SKU_1769_WHI_3,SKU_1769_WHI,2025-06-30,244,91.67,,2025-08-14,,Entregue
PED_SKU_1769_EME_0,SKU_1769_EME,2025-01-01,287,91.67,,2025-02-15,,Entregue
PED_SKU_1769_EME_1,SKU_1769_EME,2025-03-02,287,91.67,,2025-04-16,,Entregue
PED_SKU_1769_EME_2,SKU_1769_EME,2025-05-01,287,91.67,,2025-06-15,,Cancelado
PED_SKU_1770_JAD_0,SKU_1770_JAD,2025-01-01,210,64.72,,2025-02-15,,Entregue
PED_SKU_1770_JAD_1,SKU_1770_JAD,2025-03-02,210,64.72,,2025-04-16,,Entregue
PED_SKU_1770_JAD_2,SKU_1770_JAD,2025-05-01,210,64.72,,2025-06-15,,Entregue
PED_SKU_1770_JAD_3,SKU_1770_JAD,2025-06-30,210,64.72,,2025-08-14,,Entregue
PED_SKU_1770_DEE_0,SKU_1770_DEE,2025-01-01,286,64.72,,2025-02-15,,Entregue
PED_SKU_1770_DEE_1,SKU_1770_DEE,2025-03-02,286,64.72,,2025-04-16,,Entregue
PED_SKU_1770_DEE_2,SKU_1770_DEE,2025-05-01,286,64.72,,2025-06-15,,Entregue
PED_SKU_1771_PIN_0,SKU_1771_PIN,2025-01-01,295,86.62,,2025-02-15,,Entregue
PED_SKU_1771_PIN_1,SKU_1771_PIN,2025-03-02,295,86.62,,2025-04-16,,Entregue
PED_SKU_1771_PIN_2,SKU_1771_PIN,2025-05-01,295,86.62,,2025-06-15,,Entregue
PED_SKU_1771_EME_0,SKU_1771_EME,2025-01-01,290,86.62,,2025-02-15,,Entregue
PED_SKU_1771_EME_1,SKU_1771_EME,2025-03-02,290,86.62,,2025-04-16,,Entregue
PED_SKU_1771_EME_2,SKU_1771_EME,2025-05-01,290,86.62,,2025-06-15,,Entregue
PED_SKU_1772_BLU_0,SKU_1772_BLU,2025-01-01,210,162.81,,2025-02-15,,Entregue
PED_SKU_1772_BLU_1,SKU_1772_BLU,2025-03-02,210,162.81,,2025-04-16,,Entregue
PED_SKU_1772_BLU_2,SKU_1772_BLU,2025-05-01,210,162.81,,2025-06-15,,Entregue
PED_SKU_1772_BLU_3,SKU_1772_BLU,2025-06-30,210,162.81,,2025-08-14,,Entregue
PED_SKU_1772_SNO_0,SKU_1772_SNO,2025-01-01,210,162.81,,2025-02-15,,Cancelado
PED_SKU_1772_SNO_1,SKU_1772_SNO,2025-03-02,210,162.81,,2025-04-16,,Entregue
PED_SKU_1772_SNO_2,SKU_1772_SNO,2025-05-01,210,162.81,,2025-06-15,,Entregue
PED_SKU_1772_SNO_3,SKU_1772_SNO,2025-06-30,210,162.81,,2025-08-14,,Entregue
PED_SKU_1773_OLI_0,SKU_1773_OLI,2025-01-01,222,106.96,,2025-02-15,,Entregue
PED_SKU_1773_OLI_1,SKU_1773_OLI,2025-03-02,222,106.96,,2025-04-16,,Entregue
PED_SKU_1773_OLI_2,SKU_1773_OLI,2025-05-01,222,106.96,,2025-06-15,,Entregue
PED_SKU_1773_OLI_3,SKU_1773_OLI,2025-06-30,222,106.96,,2025-08-14,,Entregue
PED_SKU_1773_FRE_0,SKU_1773_FRE,2025-01-01,224,106.96,,2025-02-15,,Entregue
PED_SKU_1773_FRE_1,SKU_1773_FRE,2025-03-02,224,106.96,,2025-04-16,,Entregue
PED_SKU_1773_FRE_2,SKU_1773_FRE,2025-05-01,224,106.96,,2025-06-15,,Entregue
PED_SKU_1773_FRE_3,SKU_1773_FRE,2025-06-30,224,106.96,,2025-08-14,,Entregue
PED_SKU_1774_COB_0,SKU_1774_COB,2025-01-01,278,65.16,,2025-02-15,,Entregue
PED_SKU_1774_COB_1,SKU_1774_COB,2025-03-02,278,65.16,,2025-04-16,,Cancelado
PED_SKU_1774_COB_2,SKU_1774_COB,2025-05-01,278,65.16,,2025-06-15,,Entregue
PED_SKU_1774_MOS_0,SKU_1774_MOS,2025-01-01,418,65.16,,2025-02-15,,Entregue
PED_SKU_1774_MOS_1,SKU_1774_MOS,2025-03-02,418,65.16,,2025-04-16,,Entregue
PED_SKU_1775_PAS_0,SKU_1775_PAS,2025-01-01,442,92.14,,2025-02-15,,Entregue
PED_SKU_1775_PAS_1,SKU_1775_PAS,2025-03-02,442,92.14,,2025-04-16,,Entregue
PED_SKU_1775_PAL_0,SKU_1775_PAL,2025-01-01,413,92.14,,2025-02-15,,Entregue
PED_SKU_1775_PAL_1,SKU_1775_PAL,2025-03-02,413,92.14,,2025-04-16,,Entregue
PED_SKU_1776_BIR_0,SKU_1776_BIR,2025-01-01,443,109.2,,2025-02-15,,Entregue
PED_SKU_1776_BIR_1,SKU_1776_BIR,2025-03-02,443,109.2,,2025-04-16,,Cancelado
PED_SKU_1776_PAS_0,SKU_1776_PAS,2025-01-01,222,109.2,,2025-02-15,,Entregue
PED_SKU_1776_PAS_1,SKU_1776_PAS,2025-03-02,222,109.2,,2025-04-16,,Entregue
PED_SKU_1776_PAS_2,SKU_1776_PAS,2025-05-01,222,109.2,,2025-06-15,,Cancelado
PED_SKU_1776_PAS_3,SKU_1776_PAS,2025-06-30,222,109.2,,2025-08-14,,Entregue
PED_SKU_1777_TUR_0,SKU_1777_TUR,2025-01-01,220,76.29,,2025-02-15,,Cancelado
PED_SKU_1777_TUR_1,SKU_1777_TUR,2025-03-02,220,76.29,,2025-04-16,,Entregue
PED_SKU_1777_TUR_2,SKU_1777_TUR,2025-05-01,220,76.29,,2025-06-15,,Entregue
PED_SKU_1777_TUR_3,SKU_1777_TUR,2025-06-30,220,76.29,,2025-08-14,,Entregue
PED_SKU_1777_FRE_0,SKU_1777_FRE,2025-01-01,222,76.29,,2025-02-15,,Entregue
PED_SKU_1777_FRE_1,SKU_1777_FRE,2025-03-02,222,76.29,,2025-04-16,,Entregue
PED_SKU_1777_FRE_2,SKU_1777_FRE,2025-05-01,222,76.29,,2025-06-15,,Entregue
PED_SKU_1777_FRE_3,SKU_1777_FRE,2025-06-30,222,76.29,,2025-08-14,,Entregue
PED_SKU_1778_TEA_0,SKU_1778_TEA,2025-01-01,425,94.3,,2025-02-15,,Cancelado
PED_SKU_1778_TEA_1,SKU_1778_TEA,2025-03-02,425,94.3,,2025-04-16,,Entregue
PED_SKU_1778_MIN_0,SKU_1778_MIN,2025-01-01,300,94.3,,2025-02-15,,Entregue
PED_SKU_1778_MIN_1,SKU_1778_MIN,2025-03-02,300,94.3,,2025-04-16,,Entregue
PED_SKU_1778_MIN_2,SKU_1778_MIN,2025-05-01,300,94.3,,2025-06-15,,Entregue
PED_SKU_1779_LIG_0,SKU_1779_LIG,2025-01-01,306,70.75,,2025-02-15,,Entregue
PED_SKU_1779_LIG_1,SKU_1779_LIG,2025-03-02,306,70.75,,2025-04-16,,Entregue
PED_SKU_1779_LIG_2,SKU_1779_LIG,2025-05-01,306,70.75,,2025-06-15,,Entregue
PED_SKU_1779_MIN_0,SKU_1779_MIN,2025-01-01,223,70.75,,2025-02-15,,Entregue
PED_SKU_1779_MIN_1,SKU_1779_MIN,2025-03-02,223,70.75,,2025-04-16,,Entregue
PED_SKU_1779_MIN_2,SKU_1779_MIN,2025-05-01,223,70.75,,2025-06-15,,Entregue
PED_SKU_1779_MIN_3,SKU_1779_MIN,2025-06-30,223,70.75,,2025-08-14,,Entregue
PED_SKU_1780_AQU_0,SKU_1780_AQU,2025-01-01,301,110.85,,2025-02-15,,Entregue
PED_SKU_1780_AQU_1,SKU_1780_AQU,2025-03-02,301,110.85,,2025-04-16,,Entregue
PED_SKU_1780_AQU_2,SKU_1780_AQU,2025-05-01,301,110.85,,2025-06-15,,Entregue
PED_SKU_1780_LIG_0,SKU_1780_LIG,2025-01-01,453,110.85,,2025-02-15,,Entregue
PED_SKU_1780_LIG_1,SKU_1780_LIG,2025-03-02,453,110.85,,2025-04-16,,Entregue
PED_SKU_1781_CLE_0,SKU_1781_CLE,2025-01-01,419,41.31,,2025-02-15,,Entregue
PED_SKU_1781_CLE_1,SKU_1781_CLE,2025-03-02,419,41.31,,2025-04-16,,Entregue
PED_SKU_1781_AQU_0,SKU_1781_AQU,2025-01-01,436,41.31,,2025-02-15,,Entregue
PED_SKU_1781_AQU_1,SKU_1781_AQU,2025-03-02,436,41.31,,2025-04-16,,Entregue
PED_SKU_1782_NAV_0,SKU_1782_NAV,2025-01-01,295,82.72,,2025-02-15,,Cancelado
PED_SKU_1782_NAV_1,SKU_1782_NAV,2025-03-02,295,82.72,,2025-04-16,,Entregue
PED_SKU_1782_NAV_2,SKU_1782_NAV,2025-05-01,295,82.72,,2025-06-15,,Entregue
PED_SKU_1782_HUN_0,SKU_1782_HUN,2025-01-01,215,82.72,,2025-02-15,,Entregue
PED_SKU_1782_HUN_1,SKU_1782_HUN,2025-03-02,215,82.72,,2025-04-16,,Entregue
PED_SKU_1782_HUN_2,SKU_1782_HUN,2025-05-01,215,82.72,,2025-06-15,,Entregue
PED_SKU_1782_HUN_3,SKU_1782_HUN,2025-06-30,215,82.72,,2025-08-14,,Entregue
PED_SKU_1783_EGR_0,SKU_1783_EGR,2025-01-01,282,381.57,,2025-02-15,,Entregue
PED_SKU_1783_EGR_1,SKU_1783_EGR,2025-03-02,282,381.57,,2025-04-16,,Cancelado
PED_SKU_1783_EGR_2,SKU_1783_EGR,2025-05-01,282,381.57,,2025-06-15,,Entregue
PED_SKU_1783_BAB_0,SKU_1783_BAB,2025-01-01,443,381.57,,2025-02-15,,Entregue
PED_SKU_1783_BAB_1,SKU_1783_BAB,2025-03-02,443,381.57,,2025-04-16,,Entregue
PED_SKU_1784_EGR_0,SKU_1784_EGR,2025-01-01,233,102.58,,2025-02-15,,Entregue
PED_SKU_1784_EGR_1,SKU_1784_EGR,2025-03-02,233,102.58,,2025-04-16,,Entregue
PED_SKU_1784_EGR_2,SKU_1784_EGR,2025-05-01,233,102.58,,2025-06-15,,Entregue
PED_SKU_1784_EGR_3,SKU_1784_EGR,2025-06-30,233,102.58,,2025-08-14,,Entregue
PED_SKU_1784_BLA_0,SKU_1784_BLA,2025-01-01,297,102.58,,2025-02-15,,Entregue
PED_SKU_1784_BLA_1,SKU_1784_BLA,2025-03-02,297,102.58,,2025-04-16,,Entregue
PED_SKU_1784_BLA_2,SKU_1784_BLA,2025-05-01,297,102.58,,2025-06-15,,Entregue
PED_SKU_1785_HUN_0,SKU_1785_HUN,2025-01-01,299,77.88,,2025-02-15,,Entregue
PED_SKU_1785_HUN_1,SKU_1785_HUN,2025-03-02,299,77.88,,2025-04-16,,Entregue
PED_SKU_1785_HUN_2,SKU_1785_HUN,2025-05-01,299,77.88,,2025-06-15,,Entregue
PED_SKU_1785_PAS_0,SKU_1785_PAS,2025-01-01,298,77.88,,2025-02-15,,Entregue
PED_SKU_1785_PAS_1,SKU_1785_PAS,2025-03-02,298,77.88,,2025-04-16,,Entregue
PED_SKU_1785_PAS_2,SKU_1785_PAS,2025-05-01,298,77.88,,2025-06-15,,Entregue
PED_SKU_1786_TEA_0,SKU_1786_TEA,2025-01-01,205,59.22,,2025-02-15,,Entregue
PED_SKU_1786_TEA_1,SKU_1786_TEA,2025-03-02,205,59.22,,2025-04-16,,Entregue
PED_SKU_1786_TEA_2,SKU_1786_TEA,2025-05-01,205,59.22,,2025-06-15,,Entregue
PED_SKU_1786_TEA_3,SKU_1786_TEA,2025-06-30,205,59.22,,2025-08-14,,Cancelado
PED_SKU_1786_POW_0,SKU_1786_POW,2025-01-01,276,59.22,,2025-02-15,,Entregue
PED_SKU_1786_POW_1,SKU_1786_POW,2025-03-02,276,59.22,,2025-04-16,,Entregue
PED_SKU_1786_POW_2,SKU_1786_POW,2025-05-01,276,59.22,,2025-06-15,,Entregue
PED_SKU_1787_BAB_0,SKU_1787_BAB,2025-01-01,842,92.19,,2025-02-15,,Entregue
PED_SKU_1787_BAB_1,SKU_1787_BAB,2025-03-02,842,92.19,,2025-04-16,,Entregue
PED_SKU_1788_EME_0,SKU_1788_EME,2025-01-01,205,82.72,,2025-02-15,,Entregue
PED_SKU_1788_EME_1,SKU_1788_EME,2025-03-02,205,82.72,,2025-04-16,,Entregue
PED_SKU_1788_EME_2,SKU_1788_EME,2025-05-01,205,82.72,,2025-06-15,,Entregue
PED_SKU_1788_EME_3,SKU_1788_EME,2025-06-30,205,82.72,,2025-08-14,,Entregue
PED_SKU_1788_MYS_0,SKU_1788_MYS,2025-01-01,289,82.72,,2025-02-15,,Entregue
PED_SKU_1788_MYS_1,SKU_1788_MYS,2025-03-02,289,82.72,,2025-04-16,,Entregue
PED_SKU_1788_MYS_2,SKU_1788_MYS,2025-05-01,289,82.72,,2025-06-15,,Entregue
PED_SKU_1789_SNO_0,SKU_1789_SNO,2025-01-01,218,82.14,,2025-02-15,,Entregue
PED_SKU_1789_SNO_1,SKU_1789_SNO,2025-03-02,218,82.14,,2025-04-16,,Entregue
PED_SKU_1789_SNO_2,SKU_1789_SNO,2025-05-01,218,82.14,,2025-06-15,,Entregue
PED_SKU_1789_SNO_3,SKU_1789_SNO,2025-06-30,218,82.14,,2025-08-14,,Entregue
PED_SKU_1789_EME_0,SKU_1789_EME,2025-01-01,460,82.14,,2025-02-15,,Entregue
PED_SKU_1789_EME_1,SKU_1789_EME,2025-03-02,460,82.14,,2025-04-16,,Entregue
PED_SKU_1790_EGR_0,SKU_1790_EGR,2025-01-01,260,74.87,,2025-02-15,,Entregue
PED_SKU_1790_EGR_1,SKU_1790_EGR,2025-03-02,260,74.87,,2025-04-16,,Cancelado
PED_SKU_1790_EGR_2,SKU_1790_EGR,2025-05-01,260,74.87,,2025-06-15,,Entregue
PED_SKU_1790_ROY_0,SKU_1790_ROY,2025-01-01,396,74.87,,2025-02-15,,Entregue
PED_SKU_1790_ROY_1,SKU_1790_ROY,2025-03-02,396,74.87,,2025-04-16,,Entregue
PED_SKU_1791_ARM_0,SKU_1791_ARM,2025-01-01,221,70.81,,2025-02-15,,Entregue
PED_SKU_1791_ARM_1,SKU_1791_ARM,2025-03-02,221,70.81,,2025-04-16,,Entregue
PED_SKU_1791_ARM_2,SKU_1791_ARM,2025-05-01,221,70.81,,2025-06-15,,Entregue
PED_SKU_1791_ARM_3,SKU_1791_ARM,2025-06-30,221,70.81,,2025-08-14,,Entregue
PED_SKU_1791_IVO_0,SKU_1791_IVO,2025-01-01,457,70.81,,2025-02-15,,Entregue
PED_SKU_1791_IVO_1,SKU_1791_IVO,2025-03-02,457,70.81,,2025-04-16,,Entregue
PED_SKU_1792_MIN_0,SKU_1792_MIN,2025-01-01,286,130.65,,2025-02-15,,Entregue
PED_SKU_1792_MIN_1,SKU_1792_MIN,2025-03-02,286,130.65,,2025-04-16,,Entregue
PED_SKU_1792_MIN_2,SKU_1792_MIN,2025-05-01,286,130.65,,2025-06-15,,Entregue
PED_SKU_1792_AQU_0,SKU_1792_AQU,2025-01-01,281,130.65,,2025-02-15,,Entregue
PED_SKU_1792_AQU_1,SKU_1792_AQU,2025-03-02,281,130.65,,2025-04-16,,Entregue
PED_SKU_1792_AQU_2,SKU_1792_AQU,2025-05-01,281,130.65,,2025-06-15,,Entregue
PED_SKU_1793_WHI_0,SKU_1793_WHI,2025-01-01,201,66.22,,2025-02-15,,Entregue
PED_SKU_1793_WHI_1,SKU_1793_WHI,2025-03-02,201,66.22,,2025-04-16,,Entregue
PED_SKU_1793_WHI_2,SKU_1793_WHI,2025-05-01,201,66.22,,2025-06-15,,Entregue
PED_SKU_1793_WHI_3,SKU_1793_WHI,2025-06-30,201,66.22,,2025-08-14,,Entregue
PED_SKU_1793_MIN_0,SKU_1793_MIN,2025-01-01,457,66.22,,2025-02-15,,Cancelado
PED_SKU_1793_MIN_1,SKU_1793_MIN,2025-03-02,457,66.22,,2025-04-16,,Entregue
PED_SKU_1794_FLA_0,SKU_1794_FLA,2025-01-01,209,79.85,,2025-02-15,,Entregue
PED_SKU_1794_FLA_1,SKU_1794_FLA,2025-03-02,209,79.85,,2025-04-16,,Entregue
PED_SKU_1794_FLA_2,SKU_1794_FLA,2025-05-01,209,79.85,,2025-06-15,,Entregue
PED_SKU_1794_FLA_3,SKU_1794_FLA,2025-06-30,209,79.85,,2025-08-14,,Entregue
PED_SKU_1794_LIG_0,SKU_1794_LIG,2025-01-01,209,79.85,,2025-02-15,,Entregue
PED_SKU_1794_LIG_1,SKU_1794_LIG,2025-03-02,209,79.85,,2025-04-16,,Entregue
PED_SKU_1794_LIG_2,SKU_1794_LIG,2025-05-01,209,79.85,,2025-06-15,,Entregue
PED_SKU_1794_LIG_3,SKU_1794_LIG,2025-06-30,209,79.85,,2025-08-14,,Entregue
PED_SKU_1795_RAS_0,SKU_1795_RAS,2025-01-01,276,98.73,,2025-02-15,,Entregue
PED_SKU_1795_RAS_1,SKU_1795_RAS,2025-03-02,276,98.73,,2025-04-16,,Entregue
PED_SKU_1795_RAS_2,SKU_1795_RAS,2025-05-01,276,98.73,,2025-06-15,,Entregue
PED_SKU_1795_HUN_0,SKU_1795_HUN,2025-01-01,442,98.73,,2025-02-15,,Entregue
PED_SKU_1795_HUN_1,SKU_1795_HUN,2025-03-02,442,98.73,,2025-04-16,,Entregue
PED_SKU_1796_OLI_0,SKU_1796_OLI,2025-01-01,288,166.21,,2025-02-15,,Entregue
PED_SKU_1796_OLI_1,SKU_1796_OLI,2025-03-02,288,166.21,,2025-04-16,,Entregue
PED_SKU_1796_OLI_2,SKU_1796_OLI,2025-05-01,288,166.21,,2025-06-15,,Cancelado
PED_SKU_1796_SHO_0,SKU_1796_SHO,2025-01-01,224,166.21,,2025-02-15,,Entregue
PED_SKU_1796_SHO_1,SKU_1796_SHO,2025-03-02,224,166.21,,2025-04-16,,Entregue
PED_SKU_1796_SHO_2,SKU_1796_SHO,2025-05-01,224,166.21,,2025-06-15,,Entregue
PED_SKU_1796_SHO_3,SKU_1796_SHO,2025-06-30,224,166.21,,2025-08-14,,Entregue
PED_SKU_1797_GAR_0,SKU_1797_GAR,2025-01-01,209,110.57,,2025-02-15,,Entregue
PED_SKU_1797_GAR_1,SKU_1797_GAR,2025-03-02,209,110.57,,2025-04-16,,Entregue
PED_SKU_1797_GAR_2,SKU_1797_GAR,2025-05-01,209,110.57,,2025-06-15,,Entregue
PED_SKU_1797_GAR_3,SKU_1797_GAR,2025-06-30,209,110.57,,2025-08-14,,Cancelado
PED_SKU_1797_BLU_0,SKU_1797_BLU,2025-01-01,276,110.57,,2025-02-15,,Cancelado
PED_SKU_1797_BLU_1,SKU_1797_BLU,2025-03-02,276,110.57,,2025-04-16,,Entregue
PED_SKU_1797_BLU_2,SKU_1797_BLU,2025-05-01,276,110.57,,2025-06-15,,Entregue
PED_SKU_1798_OFF_0,SKU_1798_OFF,2025-01-01,262,130.71,,2025-02-15,,Entregue
PED_SKU_1798_OFF_1,SKU_1798_OFF,2025-03-02,262,130.71,,2025-04-16,,Entregue
PED_SKU_1798_OFF_2,SKU_1798_OFF,2025-05-01,262,130.71,,2025-06-15,,Entregue
PED_SKU_1798_MOS_0,SKU_1798_MOS,2025-01-01,227,130.71,,2025-02-15,,Entregue
PED_SKU_1798_MOS_1,SKU_1798_MOS,2025-03-02,227,130.71,,2025-04-16,,Entregue
PED_SKU_1798_MOS_2,SKU_1798_MOS,2025-05-01,227,130.71,,2025-06-15,,Entregue
PED_SKU_1798_MOS_3,SKU_1798_MOS,2025-06-30,227,130.71,,2025-08-14,,Entregue
PED_SKU_1799_DEN_0,SKU_1799_DEN,2025-01-01,216,79.43,,2025-02-15,,Entregue
PED_SKU_1799_DEN_1,SKU_1799_DEN,2025-03-02,216,79.43,,2025-04-16,,Entregue
PED_SKU_1799_DEN_2,SKU_1799_DEN,2025-05-01,216,79.43,,2025-06-15,,Entregue
PED_SKU_1799_DEN_3,SKU_1799_DEN,2025-06-30,216,79.43,,2025-08-14,,Entregue
PED_SKU_1799_POW_0,SKU_1799_POW,2025-01-01,455,79.43,,2025-02-15,,Entregue
PED_SKU_1799_POW_1,SKU_1799_POW,2025-03-02,455,79.43,,2025-04-16,,Entregue
PED_SKU_1800_SKY_0,SKU_1800_SKY,2025-01-01,230,83.13,,2025-02-15,,Entregue
PED_SKU_1800_SKY_1,SKU_1800_SKY,2025-03-02,230,83.13,,2025-04-16,,Entregue
PED_SKU_1800_SKY_2,SKU_1800_SKY,2025-05-01,230,83.13,,2025-06-15,,Entregue
PED_SKU_1800_SKY_3,SKU_1800_SKY,2025-06-30,230,83.13,,2025-08-14,,Entregue
PED_SKU_1800_MOS_0,SKU_1800_MOS,2025-01-01,442,83.13,,2025-02-15,,Entregue
PED_SKU_1800_MOS_1,SKU_1800_MOS,2025-03-02,442,83.13,,2025-04-16,,Entregue
PED_SKU_1801_MOS_0,SKU_1801_MOS,2025-01-01,220,147.11,,2025-02-15,,Entregue
PED_SKU_1801_MOS_1,SKU_1801_MOS,2025-03-02,220,147.11,,2025-04-16,,Entregue
PED_SKU_1801_MOS_2,SKU_1801_MOS,2025-05-01,220,147.11,,2025-06-15,,Entregue
PED_SKU_1801_MOS_3,SKU_1801_MOS,2025-06-30,220,147.11,,2025-08-14,,Entregue
PED_SKU_1801_FLA_0,SKU_1801_FLA,2025-01-01,226,147.11,,2025-02-15,,Entregue
PED_SKU_1801_FLA_1,SKU_1801_FLA,2025-03-02,226,147.11,,2025-04-16,,Entregue
PED_SKU_1801_FLA_2,SKU_1801_FLA,2025-05-01,226,147.11,,2025-06-15,,Entregue
PED_SKU_1801_FLA_3,SKU_1801_FLA,2025-06-30,226,147.11,,2025-08-14,,Entregue
PED_SKU_1802_OLI_0,SKU_1802_OLI,2025-06-17,98,246.56,,2025-08-01,,Entregue
PED_SKU_1802_OLI_1,SKU_1802_OLI,2025-08-16,98,246.56,,2025-09-30,,Entregue
PED_SKU_1802_OLI_2,SKU_1802_OLI,2025-10-15,98,246.56,,2025-11-29,,Entregue
PED_SKU_1802_DEN_0,SKU_1802_DEN,2025-06-17,77,246.56,,2025-08-01,,Cancelado
PED_SKU_1802_DEN_1,SKU_1802_DEN,2025-08-16,77,246.56,,2025-09-30,,Entregue
PED_SKU_1802_DEN_2,SKU_1802_DEN,2025-10-15,77,246.56,,2025-11-29,,Entregue
PED_SKU_1802_DEN_3,SKU_1802_DEN,2025-12-14,77,246.56,,2026-01-28,,Entregue
PED_SKU_1803_DUS_0,SKU_1803_DUS,2025-06-17,140,66.17,,2025-08-01,,Entregue
PED_SKU_1803_DUS_1,SKU_1803_DUS,2025-08-16,140,66.17,,2025-09-30,,Entregue
PED_SKU_1803_SER_0,SKU_1803_SER,2025-06-17,93,66.17,,2025-08-01,,Entregue
PED_SKU_1803_SER_1,SKU_1803_SER,2025-08-16,93,66.17,,2025-09-30,,Entregue
PED_SKU_1803_SER_2,SKU_1803_SER,2025-10-15,93,66.17,,2025-11-29,,Entregue
PED_SKU_1804_SPA_0,SKU_1804_SPA,2025-06-17,98,149.75,,2025-08-01,,Entregue
PED_SKU_1804_SPA_1,SKU_1804_SPA,2025-08-16,98,149.75,,2025-09-30,,Entregue
PED_SKU_1804_SPA_2,SKU_1804_SPA,2025-10-15,98,149.75,,2025-11-29,,Entregue
PED_SKU_1804_SEA_0,SKU_1804_SEA,2025-06-17,73,149.75,,2025-08-01,,Entregue
PED_SKU_1804_SEA_1,SKU_1804_SEA,2025-08-16,73,149.75,,2025-09-30,,Entregue
PED_SKU_1804_SEA_2,SKU_1804_SEA,2025-10-15,73,149.75,,2025-11-29,,Entregue
PED_SKU_1804_SEA_3,SKU_1804_SEA,2025-12-14,73,149.75,,2026-01-28,,Entregue
PED_SKU_1805_BLU_0,SKU_1805_BLU,2025-06-17,68,191.95,,2025-08-01,,Entregue
PED_SKU_1805_BLU_1,SKU_1805_BLU,2025-08-16,68,191.95,,2025-09-30,,Entregue
PED_SKU_1805_BLU_2,SKU_1805_BLU,2025-10-15,68,191.95,,2025-11-29,,Entregue
PED_SKU_1805_BLU_3,SKU_1805_BLU,2025-12-14,68,191.95,,2026-01-28,,Entregue
PED_SKU_1805_WHI_0,SKU_1805_WHI,2025-06-17,73,191.95,,2025-08-01,,Entregue
PED_SKU_1805_WHI_1,SKU_1805_WHI,2025-08-16,73,191.95,,2025-09-30,,Entregue
PED_SKU_1805_WHI_2,SKU_1805_WHI,2025-10-15,73,191.95,,2025-11-29,,Entregue
PED_SKU_1805_WHI_3,SKU_1805_WHI,2025-12-14,73,191.95,,2026-01-28,,Entregue
PED_SKU_1806_ROS_0,SKU_1806_ROS,2025-06-17,161,64.16,,2025-08-01,,Entregue
PED_SKU_1806_ROS_1,SKU_1806_ROS,2025-08-16,161,64.16,,2025-09-30,,Entregue
PED_SKU_1806_EME_0,SKU_1806_EME,2025-06-17,138,64.16,,2025-08-01,,Entregue
PED_SKU_1806_EME_1,SKU_1806_EME,2025-08-16,138,64.16,,2025-09-30,,Entregue
PED_SKU_1807_IVO_0,SKU_1807_IVO,2025-06-17,80,136.2,,2025-08-01,,Entregue
PED_SKU_1807_IVO_1,SKU_1807_IVO,2025-08-16,80,136.2,,2025-09-30,,Entregue
PED_SKU_1807_IVO_2,SKU_1807_IVO,2025-10-15,80,136.2,,2025-11-29,,Entregue
PED_SKU_1807_IVO_3,SKU_1807_IVO,2025-12-14,80,136.2,,2026-01-28,,Cancelado
PED_SKU_1807_BLU_0,SKU_1807_BLU,2025-06-17,100,136.2,,2025-08-01,,Entregue
PED_SKU_1807_BLU_1,SKU_1807_BLU,2025-08-16,100,136.2,,2025-09-30,,Entregue
PED_SKU_1807_BLU_2,SKU_1807_BLU,2025-10-15,100,136.2,,2025-11-29,,Entregue
PED_SKU_1808_SNO_0,SKU_1808_SNO,2025-06-17,93,279.91,,2025-08-01,,Entregue
PED_SKU_1808_SNO_1,SKU_1808_SNO,2025-08-16,93,279.91,,2025-09-30,,Entregue
PED_SKU_1808_SNO_2,SKU_1808_SNO,2025-10-15,93,279.91,,2025-11-29,,Entregue
PED_SKU_1808_PAS_0,SKU_1808_PAS,2025-06-17,81,279.91,,2025-08-01,,Entregue
PED_SKU_1808_PAS_1,SKU_1808_PAS,2025-08-16,81,279.91,,2025-09-30,,Entregue
PED_SKU_1808_PAS_2,SKU_1808_PAS,2025-10-15,81,279.91,,2025-11-29,,Entregue
PED_SKU_1808_PAS_3,SKU_1808_PAS,2025-12-14,81,279.91,,2026-01-28,,Entregue
PED_SKU_1809_PRI_0,SKU_1809_PRI,2025-06-17,147,68.44,,2025-08-01,,Entregue
PED_SKU_1809_PRI_1,SKU_1809_PRI,2025-08-16,147,68.44,,2025-09-30,,Entregue
PED_SKU_1809_SHO_0,SKU_1809_SHO,2025-06-17,102,68.44,,2025-08-01,,Entregue
PED_SKU_1809_SHO_1,SKU_1809_SHO,2025-08-16,102,68.44,,2025-09-30,,Entregue
PED_SKU_1809_SHO_2,SKU_1809_SHO,2025-10-15,102,68.44,,2025-11-29,,Entregue
PED_SKU_1810_OFF_0,SKU_1810_OFF,2025-06-17,71,50.69,,2025-08-01,,Entregue
PED_SKU_1810_OFF_1,SKU_1810_OFF,2025-08-16,71,50.69,,2025-09-30,,Entregue
PED_SKU_1810_OFF_2,SKU_1810_OFF,2025-10-15,71,50.69,,2025-11-29,,Entregue
PED_SKU_1810_OFF_3,SKU_1810_OFF,2025-12-14,71,50.69,,2026-01-28,,Entregue
PED_SKU_1810_COB_0,SKU_1810_COB,2025-06-17,141,50.69,,2025-08-01,,Entregue
PED_SKU_1810_COB_1,SKU_1810_COB,2025-08-16,141,50.69,,2025-09-30,,Entregue
PED_SKU_1811_BLU_0,SKU_1811_BLU,2025-06-17,151,270.72,,2025-08-01,,Entregue
PED_SKU_1811_BLU_1,SKU_1811_BLU,2025-08-16,151,270.72,,2025-09-30,,Entregue
PED_SKU_1811_PIN_0,SKU_1811_PIN,2025-06-17,159,270.72,,2025-08-01,,Entregue
PED_SKU_1811_PIN_1,SKU_1811_PIN,2025-08-16,159,270.72,,2025-09-30,,Entregue
PED_SKU_1812_BRI_0,SKU_1812_BRI,2025-06-17,87,250.87,,2025-08-01,,Entregue
PED_SKU_1812_BRI_1,SKU_1812_BRI,2025-08-16,87,250.87,,2025-09-30,,Entregue
PED_SKU_1812_BRI_2,SKU_1812_BRI,2025-10-15,87,250.87,,2025-11-29,,Entregue
PED_SKU_1812_HOT_0,SKU_1812_HOT,2025-06-17,97,250.87,,2025-08-01,,Entregue
PED_SKU_1812_HOT_1,SKU_1812_HOT,2025-08-16,97,250.87,,2025-09-30,,Entregue
PED_SKU_1812_HOT_2,SKU_1812_HOT,2025-10-15,97,250.87,,2025-11-29,,Entregue
PED_SKU_1813_BLU_0,SKU_1813_BLU,2025-06-17,79,84.37,,2025-08-01,,Entregue
PED_SKU_1813_BLU_1,SKU_1813_BLU,2025-08-16,79,84.37,,2025-09-30,,Entregue
PED_SKU_1813_BLU_2,SKU_1813_BLU,2025-10-15,79,84.37,,2025-11-29,,Entregue
PED_SKU_1813_BLU_3,SKU_1813_BLU,2025-12-14,79,84.37,,2026-01-28,,Entregue
PED_SKU_1813_RAS_0,SKU_1813_RAS,2025-06-17,79,84.37,,2025-08-01,,Entregue
PED_SKU_1813_RAS_1,SKU_1813_RAS,2025-08-16,79,84.37,,2025-09-30,,Entregue
PED_SKU_1813_RAS_2,SKU_1813_RAS,2025-10-15,79,84.37,,2025-11-29,,Entregue
PED_SKU_1813_RAS_3,SKU_1813_RAS,2025-12-14,79,84.37,,2026-01-28,,Entregue
PED_SKU_1814_PRI_0,SKU_1814_PRI,2025-06-17,163,125.06,,2025-08-01,,Entregue
PED_SKU_1814_PRI_1,SKU_1814_PRI,2025-08-16,163,125.06,,2025-09-30,,Entregue
PED_SKU_1814_PAS_0,SKU_1814_PAS,2025-06-17,74,125.06,,2025-08-01,,Entregue
PED_SKU_1814_PAS_1,SKU_1814_PAS,2025-08-16,74,125.06,,2025-09-30,,Entregue
PED_SKU_1814_PAS_2,SKU_1814_PAS,2025-10-15,74,125.06,,2025-11-29,,Entregue
PED_SKU_1814_PAS_3,SKU_1814_PAS,2025-12-14,74,125.06,,2026-01-28,,Entregue
PED_SKU_1815_WHI_0,SKU_1815_WHI,2025-06-17,101,145.61,,2025-08-01,,Entregue
PED_SKU_1815_WHI_1,SKU_1815_WHI,2025-08-16,101,145.61,,2025-09-30,,Entregue
PED_SKU_1815_WHI_2,SKU_1815_WHI,2025-10-15,101,145.61,,2025-11-29,,Entregue
PED_SKU_1815_LIM_0,SKU_1815_LIM,2025-06-17,80,145.61,,2025-08-01,,Entregue
PED_SKU_1815_LIM_1,SKU_1815_LIM,2025-08-16,80,145.61,,2025-09-30,,Entregue
PED_SKU_1815_LIM_2,SKU_1815_LIM,2025-10-15,80,145.61,,2025-11-29,,Entregue
PED_SKU_1815_LIM_3,SKU_1815_LIM,2025-12-14,80,145.61,,2026-01-28,,Entregue
PED_SKU_1816_MOS_0,SKU_1816_MOS,2025-06-17,70,78.98,,2025-08-01,,Entregue
PED_SKU_1816_MOS_1,SKU_1816_MOS,2025-08-16,70,78.98,,2025-09-30,,Entregue
PED_SKU_1816_MOS_2,SKU_1816_MOS,2025-10-15,70,78.98,,2025-11-29,,Entregue
PED_SKU_1816_MOS_3,SKU_1816_MOS,2025-12-14,70,78.98,,2026-01-28,,Entregue
PED_SKU_1816_WHI_0,SKU_1816_WHI,2025-06-17,106,78.98,,2025-08-01,,Entregue
PED_SKU_1816_WHI_1,SKU_1816_WHI,2025-08-16,106,78.98,,2025-09-30,,Entregue
PED_SKU_1816_WHI_2,SKU_1816_WHI,2025-10-15,106,78.98,,2025-11-29,,Entregue
PED_SKU_1817_BUB_0,SKU_1817_BUB,2025-06-17,138,60.31,,2025-08-01,,Entregue
PED_SKU_1817_BUB_1,SKU_1817_BUB,2025-08-16,138,60.31,,2025-09-30,,Entregue
PED_SKU_1817_PRI_0,SKU_1817_PRI,2025-06-17,83,60.31,,2025-08-01,,Entregue
PED_SKU_1817_PRI_1,SKU_1817_PRI,2025-08-16,83,60.31,,2025-09-30,,Entregue
PED_SKU_1817_PRI_2,SKU_1817_PRI,2025-10-15,83,60.31,,2025-11-29,,Entregue
PED_SKU_1817_PRI_3,SKU_1817_PRI,2025-12-14,83,60.31,,2026-01-28,,Cancelado
PED_SKU_1818_BRI_0,SKU_1818_BRI,2025-06-17,85,56.28,,2025-08-01,,Entregue
PED_SKU_1818_BRI_1,SKU_1818_BRI,2025-08-16,85,56.28,,2025-09-30,,Entregue
PED_SKU_1818_BRI_2,SKU_1818_BRI,2025-10-15,85,56.28,,2025-11-29,,Entregue
PED_SKU_1818_BRI_3,SKU_1818_BRI,2025-12-14,85,56.28,,2026-01-28,,Entregue
PED_SKU_1818_EGR_0,SKU_1818_EGR,2025-06-17,79,56.28,,2025-08-01,,Entregue
PED_SKU_1818_EGR_1,SKU_1818_EGR,2025-08-16,79,56.28,,2025-09-30,,Entregue
PED_SKU_1818_EGR_2,SKU_1818_EGR,2025-10-15,79,56.28,,2025-11-29,,Entregue
PED_SKU_1818_EGR_3,SKU_1818_EGR,2025-12-14,79,56.28,,2026-01-28,,Entregue
PED_SKU_1819_AQU_0,SKU_1819_AQU,2025-06-17,74,92.19,,2025-08-01,,Entregue
PED_SKU_1819_AQU_1,SKU_1819_AQU,2025-08-16,74,92.19,,2025-09-30,,Entregue
PED_SKU_1819_AQU_2,SKU_1819_AQU,2025-10-15,74,92.19,,2025-11-29,,Entregue
PED_SKU_1819_AQU_3,SKU_1819_AQU,2025-12-14,74,92.19,,2026-01-28,,Entregue
PED_SKU_1819_DEE_0,SKU_1819_DEE,2025-06-17,83,92.19,,2025-08-01,,Entregue
PED_SKU_1819_DEE_1,SKU_1819_DEE,2025-08-16,83,92.19,,2025-09-30,,Entregue
PED_SKU_1819_DEE_2,SKU_1819_DEE,2025-10-15,83,92.19,,2025-11-29,,Entregue
PED_SKU_1819_DEE_3,SKU_1819_DEE,2025-12-14,83,92.19,,2026-01-28,,Entregue
PED_SKU_1820_PEA_0,SKU_1820_PEA,2025-06-17,79,86.1,,2025-08-01,,Entregue
PED_SKU_1820_PEA_1,SKU_1820_PEA,2025-08-16,79,86.1,,2025-09-30,,Cancelado
PED_SKU_1820_PEA_2,SKU_1820_PEA,2025-10-15,79,86.1,,2025-11-29,,Entregue
PED_SKU_1820_PEA_3,SKU_1820_PEA,2025-12-14,79,86.1,,2026-01-28,,Entregue
PED_SKU_1820_SPA_0,SKU_1820_SPA,2025-06-17,99,86.1,,2025-08-01,,Entregue
PED_SKU_1820_SPA_1,SKU_1820_SPA,2025-08-16,99,86.1,,2025-09-30,,Entregue
PED_SKU_1820_SPA_2,SKU_1820_SPA,2025-10-15,99,86.1,,2025-11-29,,Cancelado
PED_SKU_1821_BUB_0,SKU_1821_BUB,2025-06-17,70,94.41,,2025-08-01,,Entregue
PED_SKU_1821_BUB_1,SKU_1821_BUB,2025-08-16,70,94.41,,2025-09-30,,Entregue
PED_SKU_1821_BUB_2,SKU_1821_BUB,2025-10-15,70,94.41,,2025-11-29,,Entregue
PED_SKU_1821_BUB_3,SKU_1821_BUB,2025-12-14,70,94.41,,2026-01-28,,Entregue
PED_SKU_1821_NAV_0,SKU_1821_NAV,2025-06-17,73,94.41,,2025-08-01,,Entregue
PED_SKU_1821_NAV_1,SKU_1821_NAV,2025-08-16,73,94.41,,2025-09-30,,Entregue
PED_SKU_1821_NAV_2,SKU_1821_NAV,2025-10-15,73,94.41,,2025-11-29,,Entregue
PED_SKU_1821_NAV_3,SKU_1821_NAV,2025-12-14,73,94.41,,2026-01-28,,Entregue
PED_SKU_1822_ARM_0,SKU_1822_ARM,2025-06-17,76,102.58,,2025-08-01,,Entregue
PED_SKU_1822_ARM_1,SKU_1822_ARM,2025-08-16,76,102.58,,2025-09-30,,Entregue
PED_SKU_1822_ARM_2,SKU_1822_ARM,2025-10-15,76,102.58,,2025-11-29,,Entregue
PED_SKU_1822_ARM_3,SKU_1822_ARM,2025-12-14,76,102.58,,2026-01-28,,Entregue
PED_SKU_1822_SEA_0,SKU_1822_SEA,2025-06-17,162,102.58,,2025-08-01,,Entregue
PED_SKU_1822_SEA_1,SKU_1822_SEA,2025-08-16,162,102.58,,2025-09-30,,Entregue
PED_SKU_1823_MIN_0,SKU_1823_MIN,2025-06-17,112,64.51,,2025-08-01,,Entregue
PED_SKU_1823_MIN_1,SKU_1823_MIN,2025-08-16,112,64.51,,2025-09-30,,Cancelado
PED_SKU_1823_MIN_2,SKU_1823_MIN,2025-10-15,112,64.51,,2025-11-29,,Entregue
PED_SKU_1823_COR_0,SKU_1823_COR,2025-06-17,90,64.51,,2025-08-01,,Entregue
PED_SKU_1823_COR_1,SKU_1823_COR,2025-08-16,90,64.51,,2025-09-30,,Entregue
PED_SKU_1823_COR_2,SKU_1823_COR,2025-10-15,90,64.51,,2025-11-29,,Entregue
PED_SKU_1824_COR_0,SKU_1824_COR,2025-06-17,102,118.48,,2025-08-01,,Entregue
PED_SKU_1824_COR_1,SKU_1824_COR,2025-08-16,102,118.48,,2025-09-30,,Entregue
PED_SKU_1824_COR_2,SKU_1824_COR,2025-10-15,102,118.48,,2025-11-29,,Entregue
PED_SKU_1824_BLU_0,SKU_1824_BLU,2025-06-17,153,118.48,,2025-08-01,,Entregue
PED_SKU_1824_BLU_1,SKU_1824_BLU,2025-08-16,153,118.48,,2025-09-30,,Entregue
PED_SKU_1825_MIN_0,SKU_1825_MIN,2025-06-17,158,57.58,,2025-08-01,,Entregue
PED_SKU_1825_MIN_1,SKU_1825_MIN,2025-08-16,158,57.58,,2025-09-30,,Entregue
PED_SKU_1825_MIN_2,SKU_1825_MIN,2025-10-15,158,57.58,,2025-11-29,,Entregue
PED_SKU_1825_MIN_3,SKU_1825_MIN,2025-12-14,158,57.58,,2026-01-28,,Entregue
PED_SKU_1826_SAP_0,SKU_1826_SAP,2025-06-17,65,160.5,,2025-08-01,,Entregue
PED_SKU_1826_SAP_1,SKU_1826_SAP,2025-08-16,65,160.5,,2025-09-30,,Entregue
PED_SKU_1826_SAP_2,SKU_1826_SAP,2025-10-15,65,160.5,,2025-11-29,,Entregue
PED_SKU_1826_SAP_3,SKU_1826_SAP,2025-12-14,65,160.5,,2026-01-28,,Entregue
PED_SKU_1826_IVO_0,SKU_1826_IVO,2025-06-17,74,160.5,,2025-08-01,,Entregue
PED_SKU_1826_IVO_1,SKU_1826_IVO,2025-08-16,74,160.5,,2025-09-30,,Entregue
PED_SKU_1826_IVO_2,SKU_1826_IVO,2025-10-15,74,160.5,,2025-11-29,,Entregue
PED_SKU_1826_IVO_3,SKU_1826_IVO,2025-12-14,74,160.5,,2026-01-28,,Entregue
PED_SKU_1827_PRI_0,SKU_1827_PRI,2025-06-17,155,61.98,,2025-08-01,,Entregue
PED_SKU_1827_PRI_1,SKU_1827_PRI,2025-08-16,155,61.98,,2025-09-30,,Entregue
PED_SKU_1827_BUB_0,SKU_1827_BUB,2025-06-17,142,61.98,,2025-08-01,,Entregue
PED_SKU_1827_BUB_1,SKU_1827_BUB,2025-08-16,142,61.98,,2025-09-30,,Entregue
PED_SKU_1828_FLA_0,SKU_1828_FLA,2025-06-17,105,81.06,,2025-08-01,,Entregue
PED_SKU_1828_FLA_1,SKU_1828_FLA,2025-08-16,105,81.06,,2025-09-30,,Entregue
PED_SKU_1828_FLA_2,SKU_1828_FLA,2025-10-15,105,81.06,,2025-11-29,,Entregue
PED_SKU_1828_CER_0,SKU_1828_CER,2025-06-17,104,81.06,,2025-08-01,,Entregue
PED_SKU_1828_CER_1,SKU_1828_CER,2025-08-16,104,81.06,,2025-09-30,,Entregue
PED_SKU_1828_CER_2,SKU_1828_CER,2025-10-15,104,81.06,,2025-11-29,,Entregue
PED_SKU_1829_MOS_0,SKU_1829_MOS,2025-06-17,77,86.03,,2025-08-01,,Entregue
PED_SKU_1829_MOS_1,SKU_1829_MOS,2025-08-16,77,86.03,,2025-09-30,,Entregue
PED_SKU_1829_MOS_2,SKU_1829_MOS,2025-10-15,77,86.03,,2025-11-29,,Entregue
PED_SKU_1829_MOS_3,SKU_1829_MOS,2025-12-14,77,86.03,,2026-01-28,,Entregue
PED_SKU_1829_HUN_0,SKU_1829_HUN,2025-06-17,73,86.03,,2025-08-01,,Entregue
PED_SKU_1829_HUN_1,SKU_1829_HUN,2025-08-16,73,86.03,,2025-09-30,,Entregue
PED_SKU_1829_HUN_2,SKU_1829_HUN,2025-10-15,73,86.03,,2025-11-29,,Entregue
PED_SKU_1829_HUN_3,SKU_1829_HUN,2025-12-14,73,86.03,,2026-01-28,,Entregue
PED_SKU_1830_IVO_0,SKU_1830_IVO,2025-06-17,103,86.03,,2025-08-01,,Entregue
PED_SKU_1830_IVO_1,SKU_1830_IVO,2025-08-16,103,86.03,,2025-09-30,,Entregue
PED_SKU_1830_IVO_2,SKU_1830_IVO,2025-10-15,103,86.03,,2025-11-29,,Entregue
PED_SKU_1830_NAV_0,SKU_1830_NAV,2025-06-17,132,86.03,,2025-08-01,,Entregue
PED_SKU_1830_NAV_1,SKU_1830_NAV,2025-08-16,132,86.03,,2025-09-30,,Entregue
PED_SKU_1831_MID_0,SKU_1831_MID,2025-06-17,99,110.25,,2025-08-01,,Entregue
PED_SKU_1831_MID_1,SKU_1831_MID,2025-08-16,99,110.25,,2025-09-30,,Entregue
PED_SKU_1831_MID_2,SKU_1831_MID,2025-10-15,99,110.25,,2025-11-29,,Entregue
PED_SKU_1831_HOT_0,SKU_1831_HOT,2025-06-17,92,110.25,,2025-08-01,,Entregue
PED_SKU_1831_HOT_1,SKU_1831_HOT,2025-08-16,92,110.25,,2025-09-30,,Entregue
PED_SKU_1831_HOT_2,SKU_1831_HOT,2025-10-15,92,110.25,,2025-11-29,,Entregue
PED_SKU_1832_COR_0,SKU_1832_COR,2025-06-17,80,93.78,,2025-08-01,,Entregue
PED_SKU_1832_COR_1,SKU_1832_COR,2025-08-16,80,93.78,,2025-09-30,,Entregue
PED_SKU_1832_COR_2,SKU_1832_COR,2025-10-15,80,93.78,,2025-11-29,,Entregue
PED_SKU_1832_COR_3,SKU_1832_COR,2025-12-14,80,93.78,,2026-01-28,,Entregue
PED_SKU_1832_MIN_0,SKU_1832_MIN,2025-06-17,79,93.78,,2025-08-01,,Entregue
PED_SKU_1832_MIN_1,SKU_1832_MIN,2025-08-16,79,93.78,,2025-09-30,,Entregue
PED_SKU_1832_MIN_2,SKU_1832_MIN,2025-10-15,79,93.78,,2025-11-29,,Entregue
PED_SKU_1832_MIN_3,SKU_1832_MIN,2025-12-14,79,93.78,,2026-01-28,,Entregue
PED_SKU_1833_NAV_0,SKU_1833_NAV,2025-06-17,101,73.11,,2025-08-01,,Entregue
PED_SKU_1833_NAV_1,SKU_1833_NAV,2025-08-16,101,73.11,,2025-09-30,,Entregue
PED_SKU_1833_NAV_2,SKU_1833_NAV,2025-10-15,101,73.11,,2025-11-29,,Entregue
PED_SKU_1833_LIG_0,SKU_1833_LIG,2025-06-17,92,73.11,,2025-08-01,,Entregue
PED_SKU_1833_LIG_1,SKU_1833_LIG,2025-08-16,92,73.11,,2025-09-30,,Entregue
PED_SKU_1833_LIG_2,SKU_1833_LIG,2025-10-15,92,73.11,,2025-11-29,,Entregue
PED_SKU_1834_SAL_0,SKU_1834_SAL,2025-06-17,77,132.37,,2025-08-01,,Entregue
PED_SKU_1834_SAL_1,SKU_1834_SAL,2025-08-16,77,132.37,,2025-09-30,,Entregue
PED_SKU_1834_SAL_2,SKU_1834_SAL,2025-10-15,77,132.37,,2025-11-29,,Entregue
PED_SKU_1834_SAL_3,SKU_1834_SAL,2025-12-14,77,132.37,,2026-01-28,,Entregue
PED_SKU_1834_MAG_0,SKU_1834_MAG,2025-06-17,137,132.37,,2025-08-01,,Entregue
PED_SKU_1834_MAG_1,SKU_1834_MAG,2025-08-16,137,132.37,,2025-09-30,,Entregue
PED_SKU_1835_BIR_0,SKU_1835_BIR,2025-06-17,75,61.2,,2025-08-01,,Entregue
PED_SKU_1835_BIR_1,SKU_1835_BIR,2025-08-16,75,61.2,,2025-09-30,,Entregue
PED_SKU_1835_BIR_2,SKU_1835_BIR,2025-10-15,75,61.2,,2025-11-29,,Entregue
PED_SKU_1835_BIR_3,SKU_1835_BIR,2025-12-14,75,61.2,,2026-01-28,,Entregue
PED_SKU_1835_BAB_0,SKU_1835_BAB,2025-06-17,166,61.2,,2025-08-01,,Entregue
PED_SKU_1835_BAB_1,SKU_1835_BAB,2025-08-16,166,61.2,,2025-09-30,,Entregue
PED_SKU_1836_CRE_0,SKU_1836_CRE,2025-06-17,61,227.34,,2025-08-01,,Entregue
PED_SKU_1836_CRE_1,SKU_1836_CRE,2025-08-16,61,227.34,,2025-09-30,,Entregue
PED_SKU_1836_CRE_2,SKU_1836_CRE,2025-10-15,61,227.34,,2025-11-29,,Entregue
PED_SKU_1836_CRE_3,SKU_1836_CRE,2025-12-14,61,227.34,,2026-01-28,,Entregue
PED_SKU_1836_MID_0,SKU_1836_MID,2025-06-17,135,227.34,,2025-08-01,,Entregue
PED_SKU_1836_MID_1,SKU_1836_MID,2025-08-16,135,227.34,,2025-09-30,,Entregue
PED_SKU_1837_SAP_0,SKU_1837_SAP,2025-06-17,176,82.27,,2025-08-01,,Entregue
PED_SKU_1837_SAP_1,SKU_1837_SAP,2025-08-16,176,82.27,,2025-09-30,,Entregue
PED_SKU_1837_EGR_0,SKU_1837_EGR,2025-06-17,149,82.27,,2025-08-01,,Entregue
PED_SKU_1837_EGR_1,SKU_1837_EGR,2025-08-16,149,82.27,,2025-09-30,,Cancelado
PED_SKU_1838_DEN_0,SKU_1838_DEN,2025-06-17,78,94.77,,2025-08-01,,Entregue
PED_SKU_1838_DEN_1,SKU_1838_DEN,2025-08-16,78,94.77,,2025-09-30,,Entregue
PED_SKU_1838_DEN_2,SKU_1838_DEN,2025-10-15,78,94.77,,2025-11-29,,Entregue
PED_SKU_1838_DEN_3,SKU_1838_DEN,2025-12-14,78,94.77,,2026-01-28,,Entregue
PED_SKU_1838_BAL_0,SKU_1838_BAL,2025-06-17,107,94.77,,2025-08-01,,Entregue
PED_SKU_1838_BAL_1,SKU_1838_BAL,2025-08-16,107,94.77,,2025-09-30,,Entregue
PED_SKU_1838_BAL_2,SKU_1838_BAL,2025-10-15,107,94.77,,2025-11-29,,Entregue
PED_SKU_1839_DUS_0,SKU_1839_DUS,2025-06-17,145,87.58,,2025-08-01,,Entregue
PED_SKU_1839_DUS_1,SKU_1839_DUS,2025-08-16,145,87.58,,2025-09-30,,Entregue
PED_SKU_1839_BAB_0,SKU_1839_BAB,2025-06-17,75,87.58,,2025-08-01,,Entregue
PED_SKU_1839_BAB_1,SKU_1839_BAB,2025-08-16,75,87.58,,2025-09-30,,Entregue
PED_SKU_1839_BAB_2,SKU_1839_BAB,2025-10-15,75,87.58,,2025-11-29,,Entregue
PED_SKU_1839_BAB_3,SKU_1839_BAB,2025-12-14,75,87.58,,2026-01-28,,Entregue
PED_SKU_1840_FOR_0,SKU_1840_FOR,2025-06-17,74,61.31,,2025-08-01,,Cancelado
PED_SKU_1840_FOR_1,SKU_1840_FOR,2025-08-16,74,61.31,,2025-09-30,,Entregue
PED_SKU_1840_FOR_2,SKU_1840_FOR,2025-10-15,74,61.31,,2025-11-29,,Entregue
PED_SKU_1840_FOR_3,SKU_1840_FOR,2025-12-14,74,61.31,,2026-01-28,,Entregue
PED_SKU_1840_LIM_0,SKU_1840_LIM,2025-06-17,108,61.31,,2025-08-01,,Entregue
PED_SKU_1840_LIM_1,SKU_1840_LIM,2025-08-16,108,61.31,,2025-09-30,,Entregue
PED_SKU_1840_LIM_2,SKU_1840_LIM,2025-10-15,108,61.31,,2025-11-29,,Entregue
PED_SKU_1841_WHI_0,SKU_1841_WHI,2025-06-17,150,47.38,,2025-08-01,,Entregue
PED_SKU_1841_WHI_1,SKU_1841_WHI,2025-08-16,150,47.38,,2025-09-30,,Cancelado
PED_SKU_1841_LIM_0,SKU_1841_LIM,2025-06-17,155,47.38,,2025-08-01,,Entregue
PED_SKU_1841_LIM_1,SKU_1841_LIM,2025-08-16,155,47.38,,2025-09-30,,Entregue
PED_SKU_1842_SAG_0,SKU_1842_SAG,2025-06-17,113,190.64,,2025-08-01,,Entregue
PED_SKU_1842_SAG_1,SKU_1842_SAG,2025-08-16,113,190.64,,2025-09-30,,Entregue
PED_SKU_1842_SAG_2,SKU_1842_SAG,2025-10-15,113,190.64,,2025-11-29,,Entregue
PED_SKU_1842_POW_0,SKU_1842_POW,2025-06-17,153,190.64,,2025-08-01,,Entregue
PED_SKU_1842_POW_1,SKU_1842_POW,2025-08-16,153,190.64,,2025-09-30,,Entregue
PED_SKU_1843_BIR_0,SKU_1843_BIR,2025-06-17,97,100.92,,2025-08-01,,Entregue
PED_SKU_1843_BIR_1,SKU_1843_BIR,2025-08-16,97,100.92,,2025-09-30,,Entregue
PED_SKU_1843_BIR_2,SKU_1843_BIR,2025-10-15,97,100.92,,2025-11-29,,Entregue
PED_SKU_1843_NAV_0,SKU_1843_NAV,2025-06-17,140,100.92,,2025-08-01,,Entregue
PED_SKU_1843_NAV_1,SKU_1843_NAV,2025-08-16,140,100.92,,2025-09-30,,Entregue
PED_SKU_1844_BAL_0,SKU_1844_BAL,2025-06-17,81,82.72,,2025-08-01,,Entregue
PED_SKU_1844_BAL_1,SKU_1844_BAL,2025-08-16,81,82.72,,2025-09-30,,Entregue
PED_SKU_1844_BAL_2,SKU_1844_BAL,2025-10-15,81,82.72,,2025-11-29,,Entregue
PED_SKU_1844_BAL_3,SKU_1844_BAL,2025-12-14,81,82.72,,2026-01-28,,Entregue
PED_SKU_1844_MOS_0,SKU_1844_MOS,2025-06-17,92,82.72,,2025-08-01,,Entregue
PED_SKU_1844_MOS_1,SKU_1844_MOS,2025-08-16,92,82.72,,2025-09-30,,Entregue
PED_SKU_1844_MOS_2,SKU_1844_MOS,2025-10-15,92,82.72,,2025-11-29,,Entregue
PED_SKU_1845_BAL_0,SKU_1845_BAL,2025-06-17,142,271.39,,2025-08-01,,Entregue
PED_SKU_1845_BAL_1,SKU_1845_BAL,2025-08-16,142,271.39,,2025-09-30,,Cancelado
PED_SKU_1845_TUR_0,SKU_1845_TUR,2025-06-17,88,271.39,,2025-08-01,,Entregue
PED_SKU_1845_TUR_1,SKU_1845_TUR,2025-08-16,88,271.39,,2025-09-30,,Entregue
PED_SKU_1845_TUR_2,SKU_1845_TUR,2025-10-15,88,271.39,,2025-11-29,,Entregue
PED_SKU_1845_TUR_3,SKU_1845_TUR,2025-12-14,88,271.39,,2026-01-28,,Entregue
PED_SKU_1846_PAS_0,SKU_1846_PAS,2025-06-17,152,111.27,,2025-08-01,,Entregue
PED_SKU_1846_PAS_1,SKU_1846_PAS,2025-08-16,152,111.27,,2025-09-30,,Entregue
PED_SKU_1846_SEA_0,SKU_1846_SEA,2025-06-17,111,111.27,,2025-08-01,,Entregue
PED_SKU_1846_SEA_1,SKU_1846_SEA,2025-08-16,111,111.27,,2025-09-30,,Entregue
PED_SKU_1846_SEA_2,SKU_1846_SEA,2025-10-15,111,111.27,,2025-11-29,,Entregue
PED_SKU_1847_PAS_0,SKU_1847_PAS,2025-06-17,94,88.85,,2025-08-01,,Entregue
PED_SKU_1847_PAS_1,SKU_1847_PAS,2025-08-16,94,88.85,,2025-09-30,,Entregue
PED_SKU_1847_PAS_2,SKU_1847_PAS,2025-10-15,94,88.85,,2025-11-29,,Entregue
PED_SKU_1847_MYS_0,SKU_1847_MYS,2025-06-17,163,88.85,,2025-08-01,,Entregue
PED_SKU_1847_MYS_1,SKU_1847_MYS,2025-08-16,163,88.85,,2025-09-30,,Entregue
PED_SKU_1848_BAL_0,SKU_1848_BAL,2025-06-17,95,65.75,,2025-08-01,,Entregue
PED_SKU_1848_BAL_1,SKU_1848_BAL,2025-08-16,95,65.75,,2025-09-30,,Entregue
PED_SKU_1848_BAL_2,SKU_1848_BAL,2025-10-15,95,65.75,,2025-11-29,,Entregue
PED_SKU_1848_ARM_0,SKU_1848_ARM,2025-06-17,171,65.75,,2025-08-01,,Entregue
PED_SKU_1848_ARM_1,SKU_1848_ARM,2025-08-16,171,65.75,,2025-09-30,,Entregue
PED_SKU_1849_BAB_0,SKU_1849_BAB,2025-06-17,158,102.98,,2025-08-01,,Entregue
PED_SKU_1849_BAB_1,SKU_1849_BAB,2025-08-16,158,102.98,,2025-09-30,,Entregue
PED_SKU_1849_GAR_0,SKU_1849_GAR,2025-06-17,104,102.98,,2025-08-01,,Entregue
PED_SKU_1849_GAR_1,SKU_1849_GAR,2025-08-16,104,102.98,,2025-09-30,,Entregue
PED_SKU_1849_GAR_2,SKU_1849_GAR,2025-10-15,104,102.98,,2025-11-29,,Entregue
PED_SKU_1850_DEE_0,SKU_1850_DEE,2025-06-17,144,60.3,,2025-08-01,,Entregue
PED_SKU_1850_DEE_1,SKU_1850_DEE,2025-08-16,144,60.3,,2025-09-30,,Entregue
PED_SKU_1850_PRI_0,SKU_1850_PRI,2025-06-17,173,60.3,,2025-08-01,,Entregue
PED_SKU_1850_PRI_1,SKU_1850_PRI,2025-08-16,173,60.3,,2025-09-30,,Entregue
PED_SKU_1851_DEE_0,SKU_1851_DEE,2025-06-17,75,70.27,,2025-08-01,,Entregue
PED_SKU_1851_DEE_1,SKU_1851_DEE,2025-08-16,75,70.27,,2025-09-30,,Entregue
PED_SKU_1851_DEE_2,SKU_1851_DEE,2025-10-15,75,70.27,,2025-11-29,,Entregue
PED_SKU_1851_DEE_3,SKU_1851_DEE,2025-12-14,75,70.27,,2026-01-28,,Entregue
PED_SKU_1851_BLU_0,SKU_1851_BLU,2025-06-17,80,70.27,,2025-08-01,,Entregue
PED_SKU_1851_BLU_1,SKU_1851_BLU,2025-08-16,80,70.27,,2025-09-30,,Entregue
PED_SKU_1851_BLU_2,SKU_1851_BLU,2025-10-15,80,70.27,,2025-11-29,,Entregue
PED_SKU_1851_BLU_3,SKU_1851_BLU,2025-12-14,80,70.27,,2026-01-28,,Entregue
PED_SKU_1852_BLA_0,SKU_1852_BLA,2025-06-17,157,190.16,,2025-08-01,,Entregue
PED_SKU_1852_BLA_1,SKU_1852_BLA,2025-08-16,157,190.16,,2025-09-30,,Entregue
PED_SKU_1852_FOR_0,SKU_1852_FOR,2025-06-17,108,190.16,,2025-08-01,,Entregue
PED_SKU_1852_FOR_1,SKU_1852_FOR,2025-08-16,108,190.16,,2025-09-30,,Entregue
PED_SKU_1852_FOR_2,SKU_1852_FOR,2025-10-15,108,190.16,,2025-11-29,,Entregue
PED_SKU_1853_ROS_0,SKU_1853_ROS,2025-06-17,72,297.87,,2025-08-01,,Entregue
PED_SKU_1853_ROS_1,SKU_1853_ROS,2025-08-16,72,297.87,,2025-09-30,,Entregue
PED_SKU_1853_ROS_2,SKU_1853_ROS,2025-10-15,72,297.87,,2025-11-29,,Entregue
PED_SKU_1853_ROS_3,SKU_1853_ROS,2025-12-14,72,297.87,,2026-01-28,,Entregue
PED_SKU_1853_BLU_0,SKU_1853_BLU,2025-06-17,87,297.87,,2025-08-01,,Entregue
PED_SKU_1853_BLU_1,SKU_1853_BLU,2025-08-16,87,297.87,,2025-09-30,,Entregue
PED_SKU_1853_BLU_2,SKU_1853_BLU,2025-10-15,87,297.87,,2025-11-29,,Cancelado
PED_SKU_1854_NAV_0,SKU_1854_NAV,2025-06-17,104,61.2,,2025-08-01,,Entregue
PED_SKU_1854_NAV_1,SKU_1854_NAV,2025-08-16,104,61.2,,2025-09-30,,Entregue
PED_SKU_1854_NAV_2,SKU_1854_NAV,2025-10-15,104,61.2,,2025-11-29,,Entregue
PED_SKU_1854_MID_0,SKU_1854_MID,2025-06-17,153,61.2,,2025-08-01,,Entregue
PED_SKU_1854_MID_1,SKU_1854_MID,2025-08-16,153,61.2,,2025-09-30,,Entregue
PED_SKU_1855_FLA_0,SKU_1855_FLA,2025-06-17,146,87.42,,2025-08-01,,Entregue
PED_SKU_1855_FLA_1,SKU_1855_FLA,2025-08-16,146,87.42,,2025-09-30,,Entregue
PED_SKU_1855_AQU_0,SKU_1855_AQU,2025-06-17,101,87.42,,2025-08-01,,Entregue
PED_SKU_1855_AQU_1,SKU_1855_AQU,2025-08-16,101,87.42,,2025-09-30,,Entregue
PED_SKU_1855_AQU_2,SKU_1855_AQU,2025-10-15,101,87.42,,2025-11-29,,Entregue
PED_SKU_1856_FLA_0,SKU_1856_FLA,2025-06-17,102,106.96,,2025-08-01,,Entregue
PED_SKU_1856_FLA_1,SKU_1856_FLA,2025-08-16,102,106.96,,2025-09-30,,Entregue
PED_SKU_1856_FLA_2,SKU_1856_FLA,2025-10-15,102,106.96,,2025-11-29,,Entregue
PED_SKU_1856_PAS_0,SKU_1856_PAS,2025-06-17,151,106.96,,2025-08-01,,Entregue
PED_SKU_1856_PAS_1,SKU_1856_PAS,2025-08-16,151,106.96,,2025-09-30,,Entregue
PED_SKU_1857_PAS_0,SKU_1857_PAS,2025-06-17,73,78.98,,2025-08-01,,Entregue
PED_SKU_1857_PAS_1,SKU_1857_PAS,2025-08-16,73,78.98,,2025-09-30,,Entregue
PED_SKU_1857_PAS_2,SKU_1857_PAS,2025-10-15,73,78.98,,2025-11-29,,Entregue
PED_SKU_1857_PAS_3,SKU_1857_PAS,2025-12-14,73,78.98,,2026-01-28,,Entregue
PED_SKU_1857_IVO_0,SKU_1857_IVO,2025-06-17,74,78.98,,2025-08-01,,Entregue
PED_SKU_1857_IVO_1,SKU_1857_IVO,2025-08-16,74,78.98,,2025-09-30,,Entregue
PED_SKU_1857_IVO_2,SKU_1857_IVO,2025-10-15,74,78.98,,2025-11-29,,Entregue
PED_SKU_1857_IVO_3,SKU_1857_IVO,2025-12-14,74,78.98,,2026-01-28,,Entregue
PED_SKU_1858_OLI_0,SKU_1858_OLI,2025-06-17,98,256.23,,2025-08-01,,Entregue
PED_SKU_1858_OLI_1,SKU_1858_OLI,2025-08-16,98,256.23,,2025-09-30,,Entregue
PED_SKU_1858_OLI_2,SKU_1858_OLI,2025-10-15,98,256.23,,2025-11-29,,Entregue
PED_SKU_1858_IVO_0,SKU_1858_IVO,2025-06-17,79,256.23,,2025-08-01,,Cancelado
PED_SKU_1858_IVO_1,SKU_1858_IVO,2025-08-16,79,256.23,,2025-09-30,,Entregue
PED_SKU_1858_IVO_2,SKU_1858_IVO,2025-10-15,79,256.23,,2025-11-29,,Entregue
PED_SKU_1858_IVO_3,SKU_1858_IVO,2025-12-14,79,256.23,,2026-01-28,,Entregue
PED_SKU_1859_LIG_0,SKU_1859_LIG,2025-06-17,81,131.26,,2025-08-01,,Entregue
PED_SKU_1859_LIG_1,SKU_1859_LIG,2025-08-16,81,131.26,,2025-09-30,,Entregue
PED_SKU_1859_LIG_2,SKU_1859_LIG,2025-10-15,81,131.26,,2025-11-29,,Entregue
PED_SKU_1859_LIG_3,SKU_1859_LIG,2025-12-14,81,131.26,,2026-01-28,,Entregue
PED_SKU_1859_PEA_0,SKU_1859_PEA,2025-06-17,137,131.26,,2025-08-01,,Entregue
PED_SKU_1859_PEA_1,SKU_1859_PEA,2025-08-16,137,131.26,,2025-09-30,,Entregue
PED_SKU_1860_BLA_0,SKU_1860_BLA,2025-06-17,69,85.51,,2025-08-01,,Entregue
PED_SKU_1860_BLA_1,SKU_1860_BLA,2025-08-16,69,85.51,,2025-09-30,,Entregue
PED_SKU_1860_BLA_2,SKU_1860_BLA,2025-10-15,69,85.51,,2025-11-29,,Entregue
PED_SKU_1860_BLA_3,SKU_1860_BLA,2025-12-14,69,85.51,,2026-01-28,,Entregue
PED_SKU_1860_SPA_0,SKU_1860_SPA,2025-06-17,148,85.51,,2025-08-01,,Entregue
PED_SKU_1860_SPA_1,SKU_1860_SPA,2025-08-16,148,85.51,,2025-09-30,,Entregue
PED_SKU_1861_DEE_0,SKU_1861_DEE,2025-06-17,80,57.89,,2025-08-01,,Entregue
PED_SKU_1861_DEE_1,SKU_1861_DEE,2025-08-16,80,57.89,,2025-09-30,,Entregue
PED_SKU_1861_DEE_2,SKU_1861_DEE,2025-10-15,80,57.89,,2025-11-29,,Entregue
PED_SKU_1861_DEE_3,SKU_1861_DEE,2025-12-14,80,57.89,,2026-01-28,,Entregue
PED_SKU_1861_SAP_0,SKU_1861_SAP,2025-06-17,164,57.89,,2025-08-01,,Entregue
PED_SKU_1861_SAP_1,SKU_1861_SAP,2025-08-16,164,57.89,,2025-09-30,,Entregue
PED_SKU_1862_PAS_0,SKU_1862_PAS,2025-06-17,110,80.15,,2025-08-01,,Entregue
PED_SKU_1862_PAS_1,SKU_1862_PAS,2025-08-16,110,80.15,,2025-09-30,,Cancelado
PED_SKU_1862_PAS_2,SKU_1862_PAS,2025-10-15,110,80.15,,2025-11-29,,Entregue
PED_SKU_1862_PIN_0,SKU_1862_PIN,2025-06-17,155,80.15,,2025-08-01,,Entregue
PED_SKU_1862_PIN_1,SKU_1862_PIN,2025-08-16,155,80.15,,2025-09-30,,Entregue
PED_SKU_1863_MOS_0,SKU_1863_MOS,2025-06-17,117,84.37,,2025-08-01,,Entregue
PED_SKU_1863_MOS_1,SKU_1863_MOS,2025-08-16,117,84.37,,2025-09-30,,Entregue
PED_SKU_1863_MOS_2,SKU_1863_MOS,2025-10-15,117,84.37,,2025-11-29,,Entregue
PED_SKU_1863_POW_0,SKU_1863_POW,2025-06-17,145,84.37,,2025-08-01,,Entregue
PED_SKU_1863_POW_1,SKU_1863_POW,2025-08-16,145,84.37,,2025-09-30,,Entregue
PED_SKU_1864_VAN_0,SKU_1864_VAN,2025-06-17,148,54.03,,2025-08-01,,Entregue
PED_SKU_1864_VAN_1,SKU_1864_VAN,2025-08-16,148,54.03,,2025-09-30,,Entregue
PED_SKU_1864_BRI_0,SKU_1864_BRI,2025-06-17,95,54.03,,2025-08-01,,Entregue
PED_SKU_1864_BRI_1,SKU_1864_BRI,2025-08-16,95,54.03,,2025-09-30,,Entregue
PED_SKU_1864_BRI_2,SKU_1864_BRI,2025-10-15,95,54.03,,2025-11-29,,Entregue
PED_SKU_1865_POW_0,SKU_1865_POW,2025-06-17,108,79.47,,2025-08-01,,Entregue
PED_SKU_1865_POW_1,SKU_1865_POW,2025-08-16,108,79.47,,2025-09-30,,Entregue
PED_SKU_1865_POW_2,SKU_1865_POW,2025-10-15,108,79.47,,2025-11-29,,Entregue
PED_SKU_1865_CRE_0,SKU_1865_CRE,2025-06-17,69,79.47,,2025-08-01,,Cancelado
PED_SKU_1865_CRE_1,SKU_1865_CRE,2025-08-16,69,79.47,,2025-09-30,,Entregue
PED_SKU_1865_CRE_2,SKU_1865_CRE,2025-10-15,69,79.47,,2025-11-29,,Entregue
PED_SKU_1865_CRE_3,SKU_1865_CRE,2025-12-14,69,79.47,,2026-01-28,,Entregue
PED_SKU_1866_ROS_0,SKU_1866_ROS,2025-06-17,102,107.54,,2025-08-01,,Entregue
PED_SKU_1866_ROS_1,SKU_1866_ROS,2025-08-16,102,107.54,,2025-09-30,,Entregue
PED_SKU_1866_ROS_2,SKU_1866_ROS,2025-10-15,102,107.54,,2025-11-29,,Entregue
PED_SKU_1866_DUS_0,SKU_1866_DUS,2025-06-17,104,107.54,,2025-08-01,,Entregue
PED_SKU_1866_DUS_1,SKU_1866_DUS,2025-08-16,104,107.54,,2025-09-30,,Entregue
PED_SKU_1866_DUS_2,SKU_1866_DUS,2025-10-15,104,107.54,,2025-11-29,,Entregue
PED_SKU_1867_TEA_0,SKU_1867_TEA,2025-06-17,92,65.81,,2025-08-01,,Entregue
PED_SKU_1867_TEA_1,SKU_1867_TEA,2025-08-16,92,65.81,,2025-09-30,,Entregue
PED_SKU_1867_TEA_2,SKU_1867_TEA,2025-10-15,92,65.81,,2025-11-29,,Entregue
PED_SKU_1867_LIG_0,SKU_1867_LIG,2025-06-17,89,65.81,,2025-08-01,,Entregue
PED_SKU_1867_LIG_1,SKU_1867_LIG,2025-08-16,89,65.81,,2025-09-30,,Entregue
PED_SKU_1867_LIG_2,SKU_1867_LIG,2025-10-15,89,65.81,,2025-11-29,,Entregue
PED_SKU_1868_ARM_0,SKU_1868_ARM,2025-06-17,141,261.46,,2025-08-01,,Entregue
PED_SKU_1868_ARM_1,SKU_1868_ARM,2025-08-16,141,261.46,,2025-09-30,,Entregue
PED_SKU_1868_SEA_0,SKU_1868_SEA,2025-06-17,105,261.46,,2025-08-01,,Entregue
PED_SKU_1868_SEA_1,SKU_1868_SEA,2025-08-16,105,261.46,,2025-09-30,,Entregue
PED_SKU_1868_SEA_2,SKU_1868_SEA,2025-10-15,105,261.46,,2025-11-29,,Entregue
PED_SKU_1869_CRE_0,SKU_1869_CRE,2025-06-17,86,155.79,,2025-08-01,,Entregue
PED_SKU_1869_CRE_1,SKU_1869_CRE,2025-08-16,86,155.79,,2025-09-30,,Entregue
PED_SKU_1869_CRE_2,SKU_1869_CRE,2025-10-15,86,155.79,,2025-11-29,,Entregue
PED_SKU_1869_CRE_3,SKU_1869_CRE,2025-12-14,86,155.79,,2026-01-28,,Entregue
PED_SKU_1869_AQU_0,SKU_1869_AQU,2025-06-17,74,155.79,,2025-08-01,,Entregue
PED_SKU_1869_AQU_1,SKU_1869_AQU,2025-08-16,74,155.79,,2025-09-30,,Entregue
PED_SKU_1869_AQU_2,SKU_1869_AQU,2025-10-15,74,155.79,,2025-11-29,,Entregue
PED_SKU_1869_AQU_3,SKU_1869_AQU,2025-12-14,74,155.79,,2026-01-28,,Entregue
PED_SKU_1870_SAG_0,SKU_1870_SAG,2025-06-17,95,76.1,,2025-08-01,,Entregue
PED_SKU_1870_SAG_1,SKU_1870_SAG,2025-08-16,95,76.1,,2025-09-30,,Entregue
PED_SKU_1870_SAG_2,SKU_1870_SAG,2025-10-15,95,76.1,,2025-11-29,,Entregue
PED_SKU_1870_AQU_0,SKU_1870_AQU,2025-06-17,91,76.1,,2025-08-01,,Entregue
PED_SKU_1870_AQU_1,SKU_1870_AQU,2025-08-16,91,76.1,,2025-09-30,,Cancelado
PED_SKU_1870_AQU_2,SKU_1870_AQU,2025-10-15,91,76.1,,2025-11-29,,Entregue
PED_SKU_1871_WHI_0,SKU_1871_WHI,2025-06-17,85,66.17,,2025-08-01,,Entregue
PED_SKU_1871_WHI_1,SKU_1871_WHI,2025-08-16,85,66.17,,2025-09-30,,Entregue
PED_SKU_1871_WHI_2,SKU_1871_WHI,2025-10-15,85,66.17,,2025-11-29,,Entregue
PED_SKU_1871_WHI_3,SKU_1871_WHI,2025-12-14,85,66.17,,2026-01-28,,Entregue
PED_SKU_1871_SNO_0,SKU_1871_SNO,2025-06-17,93,66.17,,2025-08-01,,Entregue
PED_SKU_1871_SNO_1,SKU_1871_SNO,2025-08-16,93,66.17,,2025-09-30,,Entregue
PED_SKU_1871_SNO_2,SKU_1871_SNO,2025-10-15,93,66.17,,2025-11-29,,Cancelado
PED_SKU_1872_FRE_0,SKU_1872_FRE,2025-06-17,105,282.97,,2025-08-01,,Entregue
PED_SKU_1872_FRE_1,SKU_1872_FRE,2025-08-16,105,282.97,,2025-09-30,,Entregue
PED_SKU_1872_FRE_2,SKU_1872_FRE,2025-10-15,105,282.97,,2025-11-29,,Entregue
PED_SKU_1872_SAP_0,SKU_1872_SAP,2025-06-17,106,282.97,,2025-08-01,,Entregue
PED_SKU_1872_SAP_1,SKU_1872_SAP,2025-08-16,106,282.97,,2025-09-30,,Entregue
PED_SKU_1872_SAP_2,SKU_1872_SAP,2025-10-15,106,282.97,,2025-11-29,,Entregue
PED_SKU_1873_BAB_0,SKU_1873_BAB,2025-06-17,107,148.92,,2025-08-01,,Entregue
PED_SKU_1873_BAB_1,SKU_1873_BAB,2025-08-16,107,148.92,,2025-09-30,,Entregue
PED_SKU_1873_BAB_2,SKU_1873_BAB,2025-10-15,107,148.92,,2025-11-29,,Entregue
PED_SKU_1873_BLA_0,SKU_1873_BLA,2025-06-17,119,148.92,,2025-08-01,,Entregue
PED_SKU_1873_BLA_1,SKU_1873_BLA,2025-08-16,119,148.92,,2025-09-30,,Entregue
PED_SKU_1873_BLA_2,SKU_1873_BLA,2025-10-15,119,148.92,,2025-11-29,,Entregue
PED_SKU_1874_JAD_0,SKU_1874_JAD,2025-06-17,79,72.79,,2025-08-01,,Entregue
PED_SKU_1874_JAD_1,SKU_1874_JAD,2025-08-16,79,72.79,,2025-09-30,,Entregue
PED_SKU_1874_JAD_2,SKU_1874_JAD,2025-10-15,79,72.79,,2025-11-29,,Cancelado
PED_SKU_1874_JAD_3,SKU_1874_JAD,2025-12-14,79,72.79,,2026-01-28,,Entregue
PED_SKU_1874_GAR_0,SKU_1874_GAR,2025-06-17,97,72.79,,2025-08-01,,Entregue
PED_SKU_1874_GAR_1,SKU_1874_GAR,2025-08-16,97,72.79,,2025-09-30,,Entregue
PED_SKU_1874_GAR_2,SKU_1874_GAR,2025-10-15,97,72.79,,2025-11-29,,Entregue
PED_SKU_1875_BAB_0,SKU_1875_BAB,2025-06-17,76,57.58,,2025-08-01,,Entregue
PED_SKU_1875_BAB_1,SKU_1875_BAB,2025-08-16,76,57.58,,2025-09-30,,Entregue
PED_SKU_1875_BAB_2,SKU_1875_BAB,2025-10-15,76,57.58,,2025-11-29,,Entregue
PED_SKU_1875_BAB_3,SKU_1875_BAB,2025-12-14,76,57.58,,2026-01-28,,Entregue
PED_SKU_1875_BIR_0,SKU_1875_BIR,2025-06-17,76,57.58,,2025-08-01,,Entregue
PED_SKU_1875_BIR_1,SKU_1875_BIR,2025-08-16,76,57.58,,2025-09-30,,Entregue
PED_SKU_1875_BIR_2,SKU_1875_BIR,2025-10-15,76,57.58,,2025-11-29,,Entregue
PED_SKU_1875_BIR_3,SKU_1875_BIR,2025-12-14,76,57.58,,2026-01-28,,Entregue
PED_SKU_1876_AQU_0,SKU_1876_AQU,2025-06-17,95,66.17,,2025-08-01,,Entregue
PED_SKU_1876_AQU_1,SKU_1876_AQU,2025-08-16,95,66.17,,2025-09-30,,Entregue
PED_SKU_1876_AQU_2,SKU_1876_AQU,2025-10-15,95,66.17,,2025-11-29,,Cancelado
PED_SKU_1876_CLO_0,SKU_1876_CLO,2025-06-17,83,66.17,,2025-08-01,,Entregue
PED_SKU_1876_CLO_1,SKU_1876_CLO,2025-08-16,83,66.17,,2025-09-30,,Entregue
PED_SKU_1876_CLO_2,SKU_1876_CLO,2025-10-15,83,66.17,,2025-11-29,,Entregue
PED_SKU_1876_CLO_3,SKU_1876_CLO,2025-12-14,83,66.17,,2026-01-28,,Entregue
PED_SKU_1877_SAP_0,SKU_1877_SAP,2025-06-17,74,182.82,,2025-08-01,,Entregue
PED_SKU_1877_SAP_1,SKU_1877_SAP,2025-08-16,74,182.82,,2025-09-30,,Entregue
PED_SKU_1877_SAP_2,SKU_1877_SAP,2025-10-15,74,182.82,,2025-11-29,,Entregue
PED_SKU_1877_SAP_3,SKU_1877_SAP,2025-12-14,74,182.82,,2026-01-28,,Entregue
PED_SKU_1877_TEA_0,SKU_1877_TEA,2025-06-17,150,182.82,,2025-08-01,,Entregue
PED_SKU_1877_TEA_1,SKU_1877_TEA,2025-08-16,150,182.82,,2025-09-30,,Entregue
PED_SKU_1878_SEA_0,SKU_1878_SEA,2025-06-17,102,144.82,,2025-08-01,,Entregue
PED_SKU_1878_SEA_1,SKU_1878_SEA,2025-08-16,102,144.82,,2025-09-30,,Entregue
PED_SKU_1878_SEA_2,SKU_1878_SEA,2025-10-15,102,144.82,,2025-11-29,,Cancelado
PED_SKU_1878_ROS_0,SKU_1878_ROS,2025-06-17,135,144.82,,2025-08-01,,Entregue
PED_SKU_1878_ROS_1,SKU_1878_ROS,2025-08-16,135,144.82,,2025-09-30,,Entregue
PED_SKU_1879_COR_0,SKU_1879_COR,2025-06-17,85,87.46,,2025-08-01,,Cancelado
PED_SKU_1879_COR_1,SKU_1879_COR,2025-08-16,85,87.46,,2025-09-30,,Entregue
PED_SKU_1879_COR_2,SKU_1879_COR,2025-10-15,85,87.46,,2025-11-29,,Entregue
PED_SKU_1879_COR_3,SKU_1879_COR,2025-12-14,85,87.46,,2026-01-28,,Entregue
PED_SKU_1879_WHI_0,SKU_1879_WHI,2025-06-17,100,87.46,,2025-08-01,,Entregue
PED_SKU_1879_WHI_1,SKU_1879_WHI,2025-08-16,100,87.46,,2025-09-30,,Entregue
PED_SKU_1879_WHI_2,SKU_1879_WHI,2025-10-15,100,87.46,,2025-11-29,,Entregue
PED_SKU_1880_DUS_0,SKU_1880_DUS,2025-06-17,103,260.8,,2025-08-01,,Entregue
PED_SKU_1880_DUS_1,SKU_1880_DUS,2025-08-16,103,260.8,,2025-09-30,,Entregue
PED_SKU_1880_DUS_2,SKU_1880_DUS,2025-10-15,103,260.8,,2025-11-29,,Entregue
PED_SKU_1880_TUR_0,SKU_1880_TUR,2025-06-17,113,260.8,,2025-08-01,,Entregue
PED_SKU_1880_TUR_1,SKU_1880_TUR,2025-08-16,113,260.8,,2025-09-30,,Entregue
PED_SKU_1880_TUR_2,SKU_1880_TUR,2025-10-15,113,260.8,,2025-11-29,,Entregue
PED_SKU_1881_CLO_0,SKU_1881_CLO,2025-06-17,67,69.87,,2025-08-01,,Entregue
PED_SKU_1881_CLO_1,SKU_1881_CLO,2025-08-16,67,69.87,,2025-09-30,,Cancelado
PED_SKU_1881_CLO_2,SKU_1881_CLO,2025-10-15,67,69.87,,2025-11-29,,Entregue
PED_SKU_1881_CLO_3,SKU_1881_CLO,2025-12-14,67,69.87,,2026-01-28,,Entregue
PED_SKU_1881_SNO_0,SKU_1881_SNO,2025-06-17,76,69.87,,2025-08-01,,Entregue
PED_SKU_1881_SNO_1,SKU_1881_SNO,2025-08-16,76,69.87,,2025-09-30,,Entregue
PED_SKU_1881_SNO_2,SKU_1881_SNO,2025-10-15,76,69.87,,2025-11-29,,Entregue
PED_SKU_1881_SNO_3,SKU_1881_SNO,2025-12-14,76,69.87,,2026-01-28,,Entregue
PED_SKU_1882_TUR_0,SKU_1882_TUR,2025-06-17,154,78.45,,2025-08-01,,Entregue
PED_SKU_1882_TUR_1,SKU_1882_TUR,2025-08-16,154,78.45,,2025-09-30,,Entregue
PED_SKU_1882_SPA_0,SKU_1882_SPA,2025-06-17,72,78.45,,2025-08-01,,Entregue
PED_SKU_1882_SPA_1,SKU_1882_SPA,2025-08-16,72,78.45,,2025-09-30,,Entregue
PED_SKU_1882_SPA_2,SKU_1882_SPA,2025-10-15,72,78.45,,2025-11-29,,Entregue
PED_SKU_1882_SPA_3,SKU_1882_SPA,2025-12-14,72,78.45,,2026-01-28,,Entregue
PED_SKU_1883_ARM_0,SKU_1883_ARM,2025-06-17,165,73.47,,2025-08-01,,Entregue
PED_SKU_1883_ARM_1,SKU_1883_ARM,2025-08-16,165,73.47,,2025-09-30,,Entregue
PED_SKU_1883_BLU_0,SKU_1883_BLU,2025-06-17,105,73.47,,2025-08-01,,Cancelado
PED_SKU_1883_BLU_1,SKU_1883_BLU,2025-08-16,105,73.47,,2025-09-30,,Entregue
PED_SKU_1883_BLU_2,SKU_1883_BLU,2025-10-15,105,73.47,,2025-11-29,,Cancelado
PED_SKU_1884_NAV_0,SKU_1884_NAV,2025-06-17,101,121.14,,2025-08-01,,Entregue
PED_SKU_1884_NAV_1,SKU_1884_NAV,2025-08-16,101,121.14,,2025-09-30,,Entregue
PED_SKU_1884_NAV_2,SKU_1884_NAV,2025-10-15,101,121.14,,2025-11-29,,Entregue
PED_SKU_1884_FOR_0,SKU_1884_FOR,2025-06-17,101,121.14,,2025-08-01,,Entregue
PED_SKU_1884_FOR_1,SKU_1884_FOR,2025-08-16,101,121.14,,2025-09-30,,Entregue
PED_SKU_1884_FOR_2,SKU_1884_FOR,2025-10-15,101,121.14,,2025-11-29,,Entregue
PED_SKU_1885_BLA_0,SKU_1885_BLA,2025-06-17,67,182.02,,2025-08-01,,Entregue
PED_SKU_1885_BLA_1,SKU_1885_BLA,2025-08-16,67,182.02,,2025-09-30,,Entregue
PED_SKU_1885_BLA_2,SKU_1885_BLA,2025-10-15,67,182.02,,2025-11-29,,Entregue
PED_SKU_1885_BLA_3,SKU_1885_BLA,2025-12-14,67,182.02,,2026-01-28,,Entregue
PED_SKU_1885_MAG_0,SKU_1885_MAG,2025-06-17,81,182.02,,2025-08-01,,Entregue
PED_SKU_1885_MAG_1,SKU_1885_MAG,2025-08-16,81,182.02,,2025-09-30,,Entregue
PED_SKU_1885_MAG_2,SKU_1885_MAG,2025-10-15,81,182.02,,2025-11-29,,Entregue
PED_SKU_1885_MAG_3,SKU_1885_MAG,2025-12-14,81,182.02,,2026-01-28,,Entregue
PED_SKU_1886_BAL_0,SKU_1886_BAL,2025-06-17,78,65.16,,2025-08-01,,Entregue
PED_SKU_1886_BAL_1,SKU_1886_BAL,2025-08-16,78,65.16,,2025-09-30,,Entregue
PED_SKU_1886_BAL_2,SKU_1886_BAL,2025-10-15,78,65.16,,2025-11-29,,Entregue
PED_SKU_1886_BAL_3,SKU_1886_BAL,2025-12-14,78,65.16,,2026-01-28,,Entregue
PED_SKU_1886_CLO_0,SKU_1886_CLO,2025-06-17,72,65.16,,2025-08-01,,Entregue
PED_SKU_1886_CLO_1,SKU_1886_CLO,2025-08-16,72,65.16,,2025-09-30,,Entregue
PED_SKU_1886_CLO_2,SKU_1886_CLO,2025-10-15,72,65.16,,2025-11-29,,Cancelado
PED_SKU_1886_CLO_3,SKU_1886_CLO,2025-12-14,72,65.16,,2026-01-28,,Entregue
PED_SKU_1887_PAS_0,SKU_1887_PAS,2025-06-17,76,65.81,,2025-08-01,,Entregue
PED_SKU_1887_PAS_1,SKU_1887_PAS,2025-08-16,76,65.81,,2025-09-30,,Entregue
PED_SKU_1887_PAS_2,SKU_1887_PAS,2025-10-15,76,65.81,,2025-11-29,,Entregue
PED_SKU_1887_PAS_3,SKU_1887_PAS,2025-12-14,76,65.81,,2026-01-28,,Entregue
PED_SKU_1887_CLE_0,SKU_1887_CLE,2025-06-17,71,65.81,,2025-08-01,,Cancelado
PED_SKU_1887_CLE_1,SKU_1887_CLE,2025-08-16,71,65.81,,2025-09-30,,Entregue
PED_SKU_1887_CLE_2,SKU_1887_CLE,2025-10-15,71,65.81,,2025-11-29,,Entregue
PED_SKU_1887_CLE_3,SKU_1887_CLE,2025-12-14,71,65.81,,2026-01-28,,Entregue
PED_SKU_1888_SEA_0,SKU_1888_SEA,2025-06-17,91,61.47,,2025-08-01,,Entregue
PED_SKU_1888_SEA_1,SKU_1888_SEA,2025-08-16,91,61.47,,2025-09-30,,Entregue
PED_SKU_1888_SEA_2,SKU_1888_SEA,2025-10-15,91,61.47,,2025-11-29,,Entregue
PED_SKU_1888_NAV_0,SKU_1888_NAV,2025-06-17,78,61.47,,2025-08-01,,Entregue
PED_SKU_1888_NAV_1,SKU_1888_NAV,2025-08-16,78,61.47,,2025-09-30,,Entregue
PED_SKU_1888_NAV_2,SKU_1888_NAV,2025-10-15,78,61.47,,2025-11-29,,Entregue
PED_SKU_1888_NAV_3,SKU_1888_NAV,2025-12-14,78,61.47,,2026-01-28,,Entregue
PED_SKU_1889_MAR_0,SKU_1889_MAR,2025-06-17,81,78.3,,2025-08-01,,Entregue
PED_SKU_1889_MAR_1,SKU_1889_MAR,2025-08-16,81,78.3,,2025-09-30,,Entregue
PED_SKU_1889_MAR_2,SKU_1889_MAR,2025-10-15,81,78.3,,2025-11-29,,Entregue
PED_SKU_1889_MAR_3,SKU_1889_MAR,2025-12-14,81,78.3,,2026-01-28,,Entregue
PED_SKU_1889_BIR_0,SKU_1889_BIR,2025-06-17,168,78.3,,2025-08-01,,Entregue
PED_SKU_1889_BIR_1,SKU_1889_BIR,2025-08-16,168,78.3,,2025-09-30,,Entregue
PED_SKU_1890_TEA_0,SKU_1890_TEA,2025-06-17,100,76.93,,2025-08-01,,Entregue
PED_SKU_1890_TEA_1,SKU_1890_TEA,2025-08-16,100,76.93,,2025-09-30,,Cancelado
PED_SKU_1890_TEA_2,SKU_1890_TEA,2025-10-15,100,76.93,,2025-11-29,,Entregue
PED_SKU_1890_ROY_0,SKU_1890_ROY,2025-06-17,77,76.93,,2025-08-01,,Entregue
PED_SKU_1890_ROY_1,SKU_1890_ROY,2025-08-16,77,76.93,,2025-09-30,,Entregue
PED_SKU_1890_ROY_2,SKU_1890_ROY,2025-10-15,77,76.93,,2025-11-29,,Entregue
PED_SKU_1890_ROY_3,SKU_1890_ROY,2025-12-14,77,76.93,,2026-01-28,,Entregue
PED_SKU_1891_MAR_0,SKU_1891_MAR,2025-06-17,109,106.67,,2025-08-01,,Entregue
PED_SKU_1891_MAR_1,SKU_1891_MAR,2025-08-16,109,106.67,,2025-09-30,,Entregue
PED_SKU_1891_MAR_2,SKU_1891_MAR,2025-10-15,109,106.67,,2025-11-29,,Entregue
PED_SKU_1891_BUB_0,SKU_1891_BUB,2025-06-17,136,106.67,,2025-08-01,,Entregue
PED_SKU_1891_BUB_1,SKU_1891_BUB,2025-08-16,136,106.67,,2025-09-30,,Entregue
PED_SKU_1892_AQU_0,SKU_1892_AQU,2025-06-17,146,95.2,,2025-08-01,,Entregue
PED_SKU_1892_AQU_1,SKU_1892_AQU,2025-08-16,146,95.2,,2025-09-30,,Entregue
PED_SKU_1892_ROS_0,SKU_1892_ROS,2025-06-17,152,95.2,,2025-08-01,,Entregue
PED_SKU_1892_ROS_1,SKU_1892_ROS,2025-08-16,152,95.2,,2025-09-30,,Entregue
PED_SKU_1893_BIR_0,SKU_1893_BIR,2025-06-17,75,245.97,,2025-08-01,,Entregue
PED_SKU_1893_BIR_1,SKU_1893_BIR,2025-08-16,75,245.97,,2025-09-30,,Entregue
PED_SKU_1893_BIR_2,SKU_1893_BIR,2025-10-15,75,245.97,,2025-11-29,,Entregue
PED_SKU_1893_BIR_3,SKU_1893_BIR,2025-12-14,75,245.97,,2026-01-28,,Entregue
PED_SKU_1893_TEA_0,SKU_1893_TEA,2025-06-17,72,245.97,,2025-08-01,,Entregue
PED_SKU_1893_TEA_1,SKU_1893_TEA,2025-08-16,72,245.97,,2025-09-30,,Entregue
PED_SKU_1893_TEA_2,SKU_1893_TEA,2025-10-15,72,245.97,,2025-11-29,,Entregue
PED_SKU_1893_TEA_3,SKU_1893_TEA,2025-12-14,72,245.97,,2026-01-28,,Entregue
PED_SKU_1894_IVO_0,SKU_1894_IVO,2025-06-17,164,90.5,,2025-08-01,,Entregue
PED_SKU_1894_IVO_1,SKU_1894_IVO,2025-08-16,164,90.5,,2025-09-30,,Entregue
PED_SKU_1894_AQU_0,SKU_1894_AQU,2025-06-17,73,90.5,,2025-08-01,,Entregue
PED_SKU_1894_AQU_1,SKU_1894_AQU,2025-08-16,73,90.5,,2025-09-30,,Entregue
PED_SKU_1894_AQU_2,SKU_1894_AQU,2025-10-15,73,90.5,,2025-11-29,,Entregue
PED_SKU_1894_AQU_3,SKU_1894_AQU,2025-12-14,73,90.5,,2026-01-28,,Entregue
PED_SKU_1895_PAS_0,SKU_1895_PAS,2025-06-17,157,64.51,,2025-08-01,,Entregue
PED_SKU_1895_PAS_1,SKU_1895_PAS,2025-08-16,157,64.51,,2025-09-30,,Entregue
PED_SKU_1895_BRI_0,SKU_1895_BRI,2025-06-17,70,64.51,,2025-08-01,,Entregue
PED_SKU_1895_BRI_1,SKU_1895_BRI,2025-08-16,70,64.51,,2025-09-30,,Entregue
PED_SKU_1895_BRI_2,SKU_1895_BRI,2025-10-15,70,64.51,,2025-11-29,,Entregue
PED_SKU_1895_BRI_3,SKU_1895_BRI,2025-12-14,70,64.51,,2026-01-28,,Entregue
PED_SKU_1896_ARM_0,SKU_1896_ARM,2025-06-17,169,334.28,,2025-08-01,,Entregue
PED_SKU_1896_ARM_1,SKU_1896_ARM,2025-08-16,169,334.28,,2025-09-30,,Entregue
PED_SKU_1896_PAS_0,SKU_1896_PAS,2025-06-17,72,334.28,,2025-08-01,,Entregue
PED_SKU_1896_PAS_1,SKU_1896_PAS,2025-08-16,72,334.28,,2025-09-30,,Entregue
PED_SKU_1896_PAS_2,SKU_1896_PAS,2025-10-15,72,334.28,,2025-11-29,,Entregue
PED_SKU_1896_PAS_3,SKU_1896_PAS,2025-12-14,72,334.28,,2026-01-28,,Entregue
PED_SKU_1897_JAD_0,SKU_1897_JAD,2025-06-17,158,74.7,,2025-08-01,,Entregue
PED_SKU_1897_JAD_1,SKU_1897_JAD,2025-08-16,158,74.7,,2025-09-30,,Entregue
PED_SKU_1897_SHO_0,SKU_1897_SHO,2025-06-17,79,74.7,,2025-08-01,,Entregue
PED_SKU_1897_SHO_1,SKU_1897_SHO,2025-08-16,79,74.7,,2025-09-30,,Entregue
PED_SKU_1897_SHO_2,SKU_1897_SHO,2025-10-15,79,74.7,,2025-11-29,,Entregue
PED_SKU_1897_SHO_3,SKU_1897_SHO,2025-12-14,79,74.7,,2026-01-28,,Entregue
PED_SKU_1898_EME_0,SKU_1898_EME,2025-06-17,79,140.99,,2025-08-01,,Entregue
PED_SKU_1898_EME_1,SKU_1898_EME,2025-08-16,79,140.99,,2025-09-30,,Entregue
PED_SKU_1898_EME_2,SKU_1898_EME,2025-10-15,79,140.99,,2025-11-29,,Entregue
PED_SKU_1898_EME_3,SKU_1898_EME,2025-12-14,79,140.99,,2026-01-28,,Entregue
PED_SKU_1898_WHI_0,SKU_1898_WHI,2025-06-17,71,140.99,,2025-08-01,,Entregue
PED_SKU_1898_WHI_1,SKU_1898_WHI,2025-08-16,71,140.99,,2025-09-30,,Entregue
PED_SKU_1898_WHI_2,SKU_1898_WHI,2025-10-15,71,140.99,,2025-11-29,,Entregue
PED_SKU_1898_WHI_3,SKU_1898_WHI,2025-12-14,71,140.99,,2026-01-28,,Entregue
PED_SKU_1899_SAG_0,SKU_1899_SAG,2025-06-17,72,70.01,,2025-08-01,,Entregue
PED_SKU_1899_SAG_1,SKU_1899_SAG,2025-08-16,72,70.01,,2025-09-30,,Cancelado
PED_SKU_1899_SAG_2,SKU_1899_SAG,2025-10-15,72,70.01,,2025-11-29,,Cancelado
PED_SKU_1899_SAG_3,SKU_1899_SAG,2025-12-14,72,70.01,,2026-01-28,,Entregue
PED_SKU_1899_SAP_0,SKU_1899_SAP,2025-06-17,107,70.01,,2025-08-01,,Entregue
PED_SKU_1899_SAP_1,SKU_1899_SAP,2025-08-16,107,70.01,,2025-09-30,,Entregue
PED_SKU_1899_SAP_2,SKU_1899_SAP,2025-10-15,107,70.01,,2025-11-29,,Entregue
PED_SKU_1900_HON_0,SKU_1900_HON,2025-06-17,70,124.32,,2025-08-01,,Entregue
PED_SKU_1900_HON_1,SKU_1900_HON,2025-08-16,70,124.32,,2025-09-30,,Entregue
PED_SKU_1900_HON_2,SKU_1900_HON,2025-10-15,70,124.32,,2025-11-29,,Entregue
PED_SKU_1900_HON_3,SKU_1900_HON,2025-12-14,70,124.32,,2026-01-28,,Entregue
PED_SKU_1900_FRE_0,SKU_1900_FRE,2025-06-17,148,124.32,,2025-08-01,,Entregue
PED_SKU_1900_FRE_1,SKU_1900_FRE,2025-08-16,148,124.32,,2025-09-30,,Entregue
PED_SKU_1901_LIM_0,SKU_1901_LIM,2025-06-17,89,74.24,,2025-08-01,,Entregue
PED_SKU_1901_LIM_1,SKU_1901_LIM,2025-08-16,89,74.24,,2025-09-30,,Entregue
PED_SKU_1901_LIM_2,SKU_1901_LIM,2025-10-15,89,74.24,,2025-11-29,,Entregue
PED_SKU_1901_MIN_0,SKU_1901_MIN,2025-06-17,158,74.24,,2025-08-01,,Entregue
PED_SKU_1901_MIN_1,SKU_1901_MIN,2025-08-16,158,74.24,,2025-09-30,,Entregue
PED_SKU_1902_BLU_0,SKU_1902_BLU,2025-06-17,74,282.15,,2025-08-01,,Entregue
PED_SKU_1902_BLU_1,SKU_1902_BLU,2025-08-16,74,282.15,,2025-09-30,,Entregue
PED_SKU_1902_BLU_2,SKU_1902_BLU,2025-10-15,74,282.15,,2025-11-29,,Entregue
PED_SKU_1902_BLU_3,SKU_1902_BLU,2025-12-14,74,282.15,,2026-01-28,,Entregue
PED_SKU_1902_HOT_0,SKU_1902_HOT,2025-06-17,107,282.15,,2025-08-01,,Entregue
PED_SKU_1902_HOT_1,SKU_1902_HOT,2025-08-16,107,282.15,,2025-09-30,,Entregue
PED_SKU_1902_HOT_2,SKU_1902_HOT,2025-10-15,107,282.15,,2025-11-29,,Entregue
PED_SKU_1903_PAS_0,SKU_1903_PAS,2025-06-17,164,120.06,,2025-08-01,,Entregue
PED_SKU_1903_PAS_1,SKU_1903_PAS,2025-08-16,164,120.06,,2025-09-30,,Entregue
PED_SKU_1903_DUS_0,SKU_1903_DUS,2025-06-17,97,120.06,,2025-08-01,,Entregue
PED_SKU_1903_DUS_1,SKU_1903_DUS,2025-08-16,97,120.06,,2025-09-30,,Entregue
PED_SKU_1903_DUS_2,SKU_1903_DUS,2025-10-15,97,120.06,,2025-11-29,,Entregue
PED_SKU_1904_SNO_0,SKU_1904_SNO,2025-06-17,151,270.68,,2025-08-01,,Entregue
PED_SKU_1904_SNO_1,SKU_1904_SNO,2025-08-16,151,270.68,,2025-09-30,,Entregue
PED_SKU_1904_CLE_0,SKU_1904_CLE,2025-06-17,167,270.68,,2025-08-01,,Cancelado
PED_SKU_1904_CLE_1,SKU_1904_CLE,2025-08-16,167,270.68,,2025-09-30,,Entregue
PED_SKU_1905_WHI_0,SKU_1905_WHI,2025-06-17,153,119.13,,2025-08-01,,Entregue
PED_SKU_1905_WHI_1,SKU_1905_WHI,2025-08-16,153,119.13,,2025-09-30,,Entregue
PED_SKU_1905_PRI_0,SKU_1905_PRI,2025-06-17,106,119.13,,2025-08-01,,Entregue
PED_SKU_1905_PRI_1,SKU_1905_PRI,2025-08-16,106,119.13,,2025-09-30,,Entregue
PED_SKU_1905_PRI_2,SKU_1905_PRI,2025-10-15,106,119.13,,2025-11-29,,Entregue
PED_SKU_1906_SHO_0,SKU_1906_SHO,2025-06-17,79,97.61,,2025-08-01,,Entregue
PED_SKU_1906_SHO_1,SKU_1906_SHO,2025-08-16,79,97.61,,2025-09-30,,Entregue
PED_SKU_1906_SHO_2,SKU_1906_SHO,2025-10-15,79,97.61,,2025-11-29,,Entregue
PED_SKU_1906_SHO_3,SKU_1906_SHO,2025-12-14,79,97.61,,2026-01-28,,Entregue
PED_SKU_1906_NAV_0,SKU_1906_NAV,2025-06-17,151,97.61,,2025-08-01,,Entregue
PED_SKU_1906_NAV_1,SKU_1906_NAV,2025-08-16,151,97.61,,2025-09-30,,Entregue
PED_SKU_1907_BLA_0,SKU_1907_BLA,2025-06-17,157,80.43,,2025-08-01,,Entregue
PED_SKU_1907_BLA_1,SKU_1907_BLA,2025-08-16,157,80.43,,2025-09-30,,Cancelado
PED_SKU_1907_TEA_0,SKU_1907_TEA,2025-06-17,71,80.43,,2025-08-01,,Entregue
PED_SKU_1907_TEA_1,SKU_1907_TEA,2025-08-16,71,80.43,,2025-09-30,,Entregue
PED_SKU_1907_TEA_2,SKU_1907_TEA,2025-10-15,71,80.43,,2025-11-29,,Entregue
PED_SKU_1907_TEA_3,SKU_1907_TEA,2025-12-14,71,80.43,,2026-01-28,,Entregue
PED_SKU_1908_BLA_0,SKU_1908_BLA,2025-06-17,90,93.24,,2025-08-01,,Cancelado
PED_SKU_1908_BLA_1,SKU_1908_BLA,2025-08-16,90,93.24,,2025-09-30,,Entregue
PED_SKU_1908_BLA_2,SKU_1908_BLA,2025-10-15,90,93.24,,2025-11-29,,Entregue
PED_SKU_1908_MID_0,SKU_1908_MID,2025-06-17,75,93.24,,2025-08-01,,Entregue
PED_SKU_1908_MID_1,SKU_1908_MID,2025-08-16,75,93.24,,2025-09-30,,Entregue
PED_SKU_1908_MID_2,SKU_1908_MID,2025-10-15,75,93.24,,2025-11-29,,Entregue
PED_SKU_1908_MID_3,SKU_1908_MID,2025-12-14,75,93.24,,2026-01-28,,Entregue
PED_SKU_1909_SPA_0,SKU_1909_SPA,2025-06-17,77,152.96,,2025-08-01,,Entregue
PED_SKU_1909_SPA_1,SKU_1909_SPA,2025-08-16,77,152.96,,2025-09-30,,Entregue
PED_SKU_1909_SPA_2,SKU_1909_SPA,2025-10-15,77,152.96,,2025-11-29,,Entregue
PED_SKU_1909_SPA_3,SKU_1909_SPA,2025-12-14,77,152.96,,2026-01-28,,Entregue
PED_SKU_1909_PEA_0,SKU_1909_PEA,2025-06-17,137,152.96,,2025-08-01,,Entregue
PED_SKU_1909_PEA_1,SKU_1909_PEA,2025-08-16,137,152.96,,2025-09-30,,Entregue
PED_SKU_1910_MID_0,SKU_1910_MID,2025-06-17,77,255.68,,2025-08-01,,Entregue
PED_SKU_1910_MID_1,SKU_1910_MID,2025-08-16,77,255.68,,2025-09-30,,Entregue
PED_SKU_1910_MID_2,SKU_1910_MID,2025-10-15,77,255.68,,2025-11-29,,Entregue
PED_SKU_1910_MID_3,SKU_1910_MID,2025-12-14,77,255.68,,2026-01-28,,Entregue
PED_SKU_1910_MYS_0,SKU_1910_MYS,2025-06-17,75,255.68,,2025-08-01,,Cancelado
PED_SKU_1910_MYS_1,SKU_1910_MYS,2025-08-16,75,255.68,,2025-09-30,,Entregue
PED_SKU_1910_MYS_2,SKU_1910_MYS,2025-10-15,75,255.68,,2025-11-29,,Entregue
PED_SKU_1910_MYS_3,SKU_1910_MYS,2025-12-14,75,255.68,,2026-01-28,,Entregue
PED_SKU_1911_RAS_0,SKU_1911_RAS,2025-06-17,82,83.35,,2025-08-01,,Entregue
PED_SKU_1911_RAS_1,SKU_1911_RAS,2025-08-16,82,83.35,,2025-09-30,,Entregue
PED_SKU_1911_RAS_2,SKU_1911_RAS,2025-10-15,82,83.35,,2025-11-29,,Entregue
PED_SKU_1911_RAS_3,SKU_1911_RAS,2025-12-14,82,83.35,,2026-01-28,,Entregue
PED_SKU_1911_LIG_0,SKU_1911_LIG,2025-06-17,77,83.35,,2025-08-01,,Entregue
PED_SKU_1911_LIG_1,SKU_1911_LIG,2025-08-16,77,83.35,,2025-09-30,,Entregue
PED_SKU_1911_LIG_2,SKU_1911_LIG,2025-10-15,77,83.35,,2025-11-29,,Entregue
PED_SKU_1911_LIG_3,SKU_1911_LIG,2025-12-14,77,83.35,,2026-01-28,,Entregue
PED_SKU_1912_PAS_0,SKU_1912_PAS,2025-06-17,103,126.71,,2025-08-01,,Entregue
PED_SKU_1912_PAS_1,SKU_1912_PAS,2025-08-16,103,126.71,,2025-09-30,,Entregue
PED_SKU_1912_PAS_2,SKU_1912_PAS,2025-10-15,103,126.71,,2025-11-29,,Entregue
PED_SKU_1912_MEX_0,SKU_1912_MEX,2025-06-17,94,126.71,,2025-08-01,,Entregue
PED_SKU_1912_MEX_1,SKU_1912_MEX,2025-08-16,94,126.71,,2025-09-30,,Entregue
PED_SKU_1912_MEX_2,SKU_1912_MEX,2025-10-15,94,126.71,,2025-11-29,,Entregue
PED_SKU_1913_PIS_0,SKU_1913_PIS,2025-06-17,162,70.81,,2025-08-01,,Entregue
PED_SKU_1913_PIS_1,SKU_1913_PIS,2025-08-16,162,70.81,,2025-09-30,,Entregue
PED_SKU_1913_MYS_0,SKU_1913_MYS,2025-06-17,145,70.81,,2025-08-01,,Entregue
PED_SKU_1913_MYS_1,SKU_1913_MYS,2025-08-16,145,70.81,,2025-09-30,,Entregue
PED_SKU_1914_SNO_0,SKU_1914_SNO,2025-06-17,160,73.74,,2025-08-01,,Entregue
PED_SKU_1914_SNO_1,SKU_1914_SNO,2025-08-16,160,73.74,,2025-09-30,,Entregue
PED_SKU_1914_BIR_0,SKU_1914_BIR,2025-06-17,140,73.74,,2025-08-01,,Entregue
PED_SKU_1914_BIR_1,SKU_1914_BIR,2025-08-16,140,73.74,,2025-09-30,,Entregue
PED_SKU_1915_SPA_0,SKU_1915_SPA,2025-06-17,100,436.21,,2025-08-01,,Entregue
PED_SKU_1915_SPA_1,SKU_1915_SPA,2025-08-16,100,436.21,,2025-09-30,,Entregue
PED_SKU_1915_SPA_2,SKU_1915_SPA,2025-10-15,100,436.21,,2025-11-29,,Entregue
PED_SKU_1915_DUS_0,SKU_1915_DUS,2025-06-17,146,436.21,,2025-08-01,,Entregue
PED_SKU_1915_DUS_1,SKU_1915_DUS,2025-08-16,146,436.21,,2025-09-30,,Entregue
PED_SKU_1916_TUR_0,SKU_1916_TUR,2025-06-17,91,84.37,,2025-08-01,,Entregue
PED_SKU_1916_TUR_1,SKU_1916_TUR,2025-08-16,91,84.37,,2025-09-30,,Entregue
PED_SKU_1916_TUR_2,SKU_1916_TUR,2025-10-15,91,84.37,,2025-11-29,,Entregue
PED_SKU_1916_HOT_0,SKU_1916_HOT,2025-06-17,151,84.37,,2025-08-01,,Entregue
PED_SKU_1916_HOT_1,SKU_1916_HOT,2025-08-16,151,84.37,,2025-09-30,,Entregue
PED_SKU_1917_IVO_0,SKU_1917_IVO,2025-06-17,77,124.09,,2025-08-01,,Entregue
PED_SKU_1917_IVO_1,SKU_1917_IVO,2025-08-16,77,124.09,,2025-09-30,,Entregue
PED_SKU_1917_IVO_2,SKU_1917_IVO,2025-10-15,77,124.09,,2025-11-29,,Entregue
PED_SKU_1917_IVO_3,SKU_1917_IVO,2025-12-14,77,124.09,,2026-01-28,,Entregue
PED_SKU_1917_LIG_0,SKU_1917_LIG,2025-06-17,163,124.09,,2025-08-01,,Entregue
PED_SKU_1917_LIG_1,SKU_1917_LIG,2025-08-16,163,124.09,,2025-09-30,,Entregue
PED_SKU_1918_SKY_0,SKU_1918_SKY,2025-06-17,150,66.17,,2025-08-01,,Entregue
PED_SKU_1918_SKY_1,SKU_1918_SKY,2025-08-16,150,66.17,,2025-09-30,,Entregue
PED_SKU_1918_WHI_0,SKU_1918_WHI,2025-06-17,107,66.17,,2025-08-01,,Cancelado
PED_SKU_1918_WHI_1,SKU_1918_WHI,2025-08-16,107,66.17,,2025-09-30,,Entregue
PED_SKU_1918_WHI_2,SKU_1918_WHI,2025-10-15,107,66.17,,2025-11-29,,Entregue
PED_SKU_1919_COB_0,SKU_1919_COB,2025-06-17,74,225.05,,2025-08-01,,Entregue
PED_SKU_1919_COB_1,SKU_1919_COB,2025-08-16,74,225.05,,2025-09-30,,Entregue
PED_SKU_1919_COB_2,SKU_1919_COB,2025-10-15,74,225.05,,2025-11-29,,Entregue
PED_SKU_1919_COB_3,SKU_1919_COB,2025-12-14,74,225.05,,2026-01-28,,Entregue
PED_SKU_1919_PEA_0,SKU_1919_PEA,2025-06-17,157,225.05,,2025-08-01,,Entregue
PED_SKU_1919_PEA_1,SKU_1919_PEA,2025-08-16,157,225.05,,2025-09-30,,Entregue
PED_SKU_1920_NAV_0,SKU_1920_NAV,2025-06-17,161,83.91,,2025-08-01,,Entregue
PED_SKU_1920_NAV_1,SKU_1920_NAV,2025-08-16,161,83.91,,2025-09-30,,Entregue
PED_SKU_1920_GAR_0,SKU_1920_GAR,2025-06-17,141,83.91,,2025-08-01,,Entregue
PED_SKU_1920_GAR_1,SKU_1920_GAR,2025-08-16,141,83.91,,2025-09-30,,Cancelado
PED_SKU_1921_PIN_0,SKU_1921_PIN,2025-06-17,96,79.47,,2025-08-01,,Entregue
PED_SKU_1921_PIN_1,SKU_1921_PIN,2025-08-16,96,79.47,,2025-09-30,,Entregue
PED_SKU_1921_PIN_2,SKU_1921_PIN,2025-10-15,96,79.47,,2025-11-29,,Entregue
PED_SKU_1921_VAN_0,SKU_1921_VAN,2025-06-17,137,79.47,,2025-08-01,,Entregue
PED_SKU_1921_VAN_1,SKU_1921_VAN,2025-08-16,137,79.47,,2025-09-30,,Entregue
PED_SKU_1922_TEA_0,SKU_1922_TEA,2025-06-17,143,204.12,,2025-08-01,,Entregue
PED_SKU_1922_TEA_1,SKU_1922_TEA,2025-08-16,143,204.12,,2025-09-30,,Entregue
PED_SKU_1922_BLU_0,SKU_1922_BLU,2025-06-17,98,204.12,,2025-08-01,,Entregue
PED_SKU_1922_BLU_1,SKU_1922_BLU,2025-08-16,98,204.12,,2025-09-30,,Entregue
PED_SKU_1922_BLU_2,SKU_1922_BLU,2025-10-15,98,204.12,,2025-11-29,,Entregue
PED_SKU_1923_TUR_0,SKU_1923_TUR,2025-06-17,158,55.84,,2025-08-01,,Entregue
PED_SKU_1923_TUR_1,SKU_1923_TUR,2025-08-16,158,55.84,,2025-09-30,,Entregue
PED_SKU_1923_PEA_0,SKU_1923_PEA,2025-06-17,114,55.84,,2025-08-01,,Entregue
PED_SKU_1923_PEA_1,SKU_1923_PEA,2025-08-16,114,55.84,,2025-09-30,,Entregue
PED_SKU_1923_PEA_2,SKU_1923_PEA,2025-10-15,114,55.84,,2025-11-29,,Entregue
PED_SKU_1924_BIR_0,SKU_1924_BIR,2025-06-17,160,189.79,,2025-08-01,,Entregue
PED_SKU_1924_BIR_1,SKU_1924_BIR,2025-08-16,160,189.79,,2025-09-30,,Entregue
PED_SKU_1924_TEA_0,SKU_1924_TEA,2025-06-17,106,189.79,,2025-08-01,,Entregue
PED_SKU_1924_TEA_1,SKU_1924_TEA,2025-08-16,106,189.79,,2025-09-30,,Entregue
PED_SKU_1924_TEA_2,SKU_1924_TEA,2025-10-15,106,189.79,,2025-11-29,,Entregue
PED_SKU_1925_PIN_0,SKU_1925_PIN,2025-06-17,137,115.67,,2025-08-01,,Entregue
PED_SKU_1925_PIN_1,SKU_1925_PIN,2025-08-16,137,115.67,,2025-09-30,,Entregue
PED_SKU_1925_PRI_0,SKU_1925_PRI,2025-06-17,170,115.67,,2025-08-01,,Entregue
PED_SKU_1925_PRI_1,SKU_1925_PRI,2025-08-16,170,115.67,,2025-09-30,,Entregue
PED_SKU_1926_SHO_0,SKU_1926_SHO,2025-06-17,112,102.67,,2025-08-01,,Entregue
PED_SKU_1926_SHO_1,SKU_1926_SHO,2025-08-16,112,102.67,,2025-09-30,,Entregue
PED_SKU_1926_SHO_2,SKU_1926_SHO,2025-10-15,112,102.67,,2025-11-29,,Cancelado
PED_SKU_1926_IVO_0,SKU_1926_IVO,2025-06-17,147,102.67,,2025-08-01,,Entregue
PED_SKU_1926_IVO_1,SKU_1926_IVO,2025-08-16,147,102.67,,2025-09-30,,Entregue
PED_SKU_1927_CER_0,SKU_1927_CER,2025-06-17,75,114.01,,2025-08-01,,Entregue
PED_SKU_1927_CER_1,SKU_1927_CER,2025-08-16,75,114.01,,2025-09-30,,Entregue
PED_SKU_1927_CER_2,SKU_1927_CER,2025-10-15,75,114.01,,2025-11-29,,Entregue
PED_SKU_1927_CER_3,SKU_1927_CER,2025-12-14,75,114.01,,2026-01-28,,Entregue
PED_SKU_1927_FUC_0,SKU_1927_FUC,2025-06-17,77,114.01,,2025-08-01,,Entregue
PED_SKU_1927_FUC_1,SKU_1927_FUC,2025-08-16,77,114.01,,2025-09-30,,Entregue
PED_SKU_1927_FUC_2,SKU_1927_FUC,2025-10-15,77,114.01,,2025-11-29,,Entregue
PED_SKU_1927_FUC_3,SKU_1927_FUC,2025-12-14,77,114.01,,2026-01-28,,Entregue
PED_SKU_1928_COR_0,SKU_1928_COR,2025-06-17,107,103.67,,2025-08-01,,Entregue
PED_SKU_1928_COR_1,SKU_1928_COR,2025-08-16,107,103.67,,2025-09-30,,Entregue
PED_SKU_1928_COR_2,SKU_1928_COR,2025-10-15,107,103.67,,2025-11-29,,Entregue
PED_SKU_1928_BLU_0,SKU_1928_BLU,2025-06-17,139,103.67,,2025-08-01,,Entregue
PED_SKU_1928_BLU_1,SKU_1928_BLU,2025-08-16,139,103.67,,2025-09-30,,Entregue
PED_SKU_1929_COB_0,SKU_1929_COB,2025-06-17,112,97.08,,2025-08-01,,Entregue
PED_SKU_1929_COB_1,SKU_1929_COB,2025-08-16,112,97.08,,2025-09-30,,Entregue
PED_SKU_1929_COB_2,SKU_1929_COB,2025-10-15,112,97.08,,2025-11-29,,Entregue
PED_SKU_1929_PEA_0,SKU_1929_PEA,2025-06-17,80,97.08,,2025-08-01,,Entregue
PED_SKU_1929_PEA_1,SKU_1929_PEA,2025-08-16,80,97.08,,2025-09-30,,Entregue
PED_SKU_1929_PEA_2,SKU_1929_PEA,2025-10-15,80,97.08,,2025-11-29,,Entregue
PED_SKU_1929_PEA_3,SKU_1929_PEA,2025-12-14,80,97.08,,2026-01-28,,Entregue
PED_SKU_1930_GAR_0,SKU_1930_GAR,2025-06-17,83,218.43,,2025-08-01,,Cancelado
PED_SKU_1930_GAR_1,SKU_1930_GAR,2025-08-16,83,218.43,,2025-09-30,,Entregue
PED_SKU_1930_GAR_2,SKU_1930_GAR,2025-10-15,83,218.43,,2025-11-29,,Entregue
PED_SKU_1930_GAR_3,SKU_1930_GAR,2025-12-14,83,218.43,,2026-01-28,,Entregue
PED_SKU_1930_SHO_0,SKU_1930_SHO,2025-06-17,170,218.43,,2025-08-01,,Entregue
PED_SKU_1930_SHO_1,SKU_1930_SHO,2025-08-16,170,218.43,,2025-09-30,,Entregue
PED_SKU_1931_MID_0,SKU_1931_MID,2025-06-17,78,245.22,,2025-08-01,,Entregue
PED_SKU_1931_MID_1,SKU_1931_MID,2025-08-16,78,245.22,,2025-09-30,,Entregue
PED_SKU_1931_MID_2,SKU_1931_MID,2025-10-15,78,245.22,,2025-11-29,,Cancelado
PED_SKU_1931_MID_3,SKU_1931_MID,2025-12-14,78,245.22,,2026-01-28,,Entregue
PED_SKU_1931_COR_0,SKU_1931_COR,2025-06-17,75,245.22,,2025-08-01,,Entregue
PED_SKU_1931_COR_1,SKU_1931_COR,2025-08-16,75,245.22,,2025-09-30,,Entregue
PED_SKU_1931_COR_2,SKU_1931_COR,2025-10-15,75,245.22,,2025-11-29,,Cancelado
PED_SKU_1931_COR_3,SKU_1931_COR,2025-12-14,75,245.22,,2026-01-28,,Entregue
PED_SKU_1932_NAV_0,SKU_1932_NAV,2025-06-17,110,57.89,,2025-08-01,,Entregue
PED_SKU_1932_NAV_1,SKU_1932_NAV,2025-08-16,110,57.89,,2025-09-30,,Entregue
PED_SKU_1932_NAV_2,SKU_1932_NAV,2025-10-15,110,57.89,,2025-11-29,,Entregue
PED_SKU_1932_COB_0,SKU_1932_COB,2025-06-17,146,57.89,,2025-08-01,,Entregue
PED_SKU_1932_COB_1,SKU_1932_COB,2025-08-16,146,57.89,,2025-09-30,,Entregue
PED_SKU_1933_GAR_0,SKU_1933_GAR,2025-06-17,140,72.72,,2025-08-01,,Entregue
PED_SKU_1933_GAR_1,SKU_1933_GAR,2025-08-16,140,72.72,,2025-09-30,,Entregue
PED_SKU_1933_SNO_0,SKU_1933_SNO,2025-06-17,157,72.72,,2025-08-01,,Entregue
PED_SKU_1933_SNO_1,SKU_1933_SNO,2025-08-16,157,72.72,,2025-09-30,,Entregue
PED_SKU_1934_HON_0,SKU_1934_HON,2025-06-17,109,69.47,,2025-08-01,,Entregue
PED_SKU_1934_HON_1,SKU_1934_HON,2025-08-16,109,69.47,,2025-09-30,,Entregue
PED_SKU_1934_HON_2,SKU_1934_HON,2025-10-15,109,69.47,,2025-11-29,,Entregue
PED_SKU_1934_COB_0,SKU_1934_COB,2025-06-17,154,69.47,,2025-08-01,,Entregue
PED_SKU_1934_COB_1,SKU_1934_COB,2025-08-16,154,69.47,,2025-09-30,,Entregue
PED_SKU_1935_DEN_0,SKU_1935_DEN,2025-06-17,73,57.03,,2025-08-01,,Entregue
PED_SKU_1935_DEN_1,SKU_1935_DEN,2025-08-16,73,57.03,,2025-09-30,,Entregue
PED_SKU_1935_DEN_2,SKU_1935_DEN,2025-10-15,73,57.03,,2025-11-29,,Entregue
PED_SKU_1935_DEN_3,SKU_1935_DEN,2025-12-14,73,57.03,,2026-01-28,,Entregue
PED_SKU_1935_HOT_0,SKU_1935_HOT,2025-06-17,79,57.03,,2025-08-01,,Entregue
PED_SKU_1935_HOT_1,SKU_1935_HOT,2025-08-16,79,57.03,,2025-09-30,,Entregue
PED_SKU_1935_HOT_2,SKU_1935_HOT,2025-10-15,79,57.03,,2025-11-29,,Entregue
PED_SKU_1935_HOT_3,SKU_1935_HOT,2025-12-14,79,57.03,,2026-01-28,,Entregue
PED_SKU_1936_HON_0,SKU_1936_HON,2025-06-17,109,50.97,,2025-08-01,,Entregue
PED_SKU_1936_HON_1,SKU_1936_HON,2025-08-16,109,50.97,,2025-09-30,,Entregue
PED_SKU_1936_HON_2,SKU_1936_HON,2025-10-15,109,50.97,,2025-11-29,,Entregue
PED_SKU_1936_WHI_0,SKU_1936_WHI,2025-06-17,155,50.97,,2025-08-01,,Cancelado
PED_SKU_1936_WHI_1,SKU_1936_WHI,2025-08-16,155,50.97,,2025-09-30,,Entregue
PED_SKU_1937_BUB_0,SKU_1937_BUB,2025-06-17,76,69.48,,2025-08-01,,Entregue
PED_SKU_1937_BUB_1,SKU_1937_BUB,2025-08-16,76,69.48,,2025-09-30,,Entregue
PED_SKU_1937_BUB_2,SKU_1937_BUB,2025-10-15,76,69.48,,2025-11-29,,Entregue
PED_SKU_1937_BUB_3,SKU_1937_BUB,2025-12-14,76,69.48,,2026-01-28,,Entregue
PED_SKU_1937_MIN_0,SKU_1937_MIN,2025-06-17,147,69.48,,2025-08-01,,Entregue
PED_SKU_1937_MIN_1,SKU_1937_MIN,2025-08-16,147,69.48,,2025-09-30,,Entregue
PED_SKU_1938_CRE_0,SKU_1938_CRE,2025-06-17,151,297.87,,2025-08-01,,Entregue
PED_SKU_1938_CRE_1,SKU_1938_CRE,2025-08-16,151,297.87,,2025-09-30,,Entregue
PED_SKU_1938_PAS_0,SKU_1938_PAS,2025-06-17,78,297.87,,2025-08-01,,Cancelado
PED_SKU_1938_PAS_1,SKU_1938_PAS,2025-08-16,78,297.87,,2025-09-30,,Entregue
PED_SKU_1938_PAS_2,SKU_1938_PAS,2025-10-15,78,297.87,,2025-11-29,,Entregue
PED_SKU_1938_PAS_3,SKU_1938_PAS,2025-12-14,78,297.87,,2026-01-28,,Entregue
PED_SKU_1939_ROS_0,SKU_1939_ROS,2025-06-17,104,50.85,,2025-08-01,,Entregue
PED_SKU_1939_ROS_1,SKU_1939_ROS,2025-08-16,104,50.85,,2025-09-30,,Entregue
PED_SKU_1939_ROS_2,SKU_1939_ROS,2025-10-15,104,50.85,,2025-11-29,,Entregue
PED_SKU_1939_LIG_0,SKU_1939_LIG,2025-06-17,97,50.85,,2025-08-01,,Entregue
PED_SKU_1939_LIG_1,SKU_1939_LIG,2025-08-16,97,50.85,,2025-09-30,,Entregue
PED_SKU_1939_LIG_2,SKU_1939_LIG,2025-10-15,97,50.85,,2025-11-29,,Entregue
PED_SKU_1940_HUN_0,SKU_1940_HUN,2025-06-17,159,357.15,,2025-08-01,,Entregue
PED_SKU_1940_HUN_1,SKU_1940_HUN,2025-08-16,159,357.15,,2025-09-30,,Entregue
PED_SKU_1940_BIR_0,SKU_1940_BIR,2025-06-17,144,357.15,,2025-08-01,,Entregue
PED_SKU_1940_BIR_1,SKU_1940_BIR,2025-08-16,144,357.15,,2025-09-30,,Entregue
PED_SKU_1941_MIN_0,SKU_1941_MIN,2025-06-17,215,345.63,,2025-08-01,,Entregue
PED_SKU_1941_MIN_1,SKU_1941_MIN,2025-08-16,215,345.63,,2025-09-30,,Entregue
PED_SKU_1941_MIN_2,SKU_1941_MIN,2025-10-15,215,345.63,,2025-11-29,,Entregue
PED_SKU_1942_MYS_0,SKU_1942_MYS,2025-06-17,144,384.37,,2025-08-01,,Entregue
PED_SKU_1942_MYS_1,SKU_1942_MYS,2025-08-16,144,384.37,,2025-09-30,,Entregue
PED_SKU_1942_SAL_0,SKU_1942_SAL,2025-06-17,160,384.37,,2025-08-01,,Entregue
PED_SKU_1942_SAL_1,SKU_1942_SAL,2025-08-16,160,384.37,,2025-09-30,,Entregue
PED_SKU_1943_FUC_0,SKU_1943_FUC,2025-06-17,112,80.74,,2025-08-01,,Entregue
PED_SKU_1943_FUC_1,SKU_1943_FUC,2025-08-16,112,80.74,,2025-09-30,,Entregue
PED_SKU_1943_FUC_2,SKU_1943_FUC,2025-10-15,112,80.74,,2025-11-29,,Entregue
PED_SKU_1943_AQU_0,SKU_1943_AQU,2025-06-17,109,80.74,,2025-08-01,,Entregue
PED_SKU_1943_AQU_1,SKU_1943_AQU,2025-08-16,109,80.74,,2025-09-30,,Entregue
PED_SKU_1943_AQU_2,SKU_1943_AQU,2025-10-15,109,80.74,,2025-11-29,,Entregue
PED_SKU_1944_FUC_0,SKU_1944_FUC,2025-06-17,102,126.77,,2025-08-01,,Entregue
PED_SKU_1944_FUC_1,SKU_1944_FUC,2025-08-16,102,126.77,,2025-09-30,,Entregue
PED_SKU_1944_FUC_2,SKU_1944_FUC,2025-10-15,102,126.77,,2025-11-29,,Entregue
PED_SKU_1944_PIS_0,SKU_1944_PIS,2025-06-17,156,126.77,,2025-08-01,,Entregue
PED_SKU_1944_PIS_1,SKU_1944_PIS,2025-08-16,156,126.77,,2025-09-30,,Entregue
PED_SKU_1945_BAB_0,SKU_1945_BAB,2025-06-17,144,63.25,,2025-08-01,,Entregue
PED_SKU_1945_BAB_1,SKU_1945_BAB,2025-08-16,144,63.25,,2025-09-30,,Entregue
PED_SKU_1945_BRI_0,SKU_1945_BRI,2025-06-17,82,63.25,,2025-08-01,,Entregue
PED_SKU_1945_BRI_1,SKU_1945_BRI,2025-08-16,82,63.25,,2025-09-30,,Entregue
PED_SKU_1945_BRI_2,SKU_1945_BRI,2025-10-15,82,63.25,,2025-11-29,,Entregue
PED_SKU_1945_BRI_3,SKU_1945_BRI,2025-12-14,82,63.25,,2026-01-28,,Cancelado
PED_SKU_1946_PEA_0,SKU_1946_PEA,2025-06-17,147,128.35,,2025-08-01,,Entregue
PED_SKU_1946_PEA_1,SKU_1946_PEA,2025-08-16,147,128.35,,2025-09-30,,Entregue
PED_SKU_1946_BUB_0,SKU_1946_BUB,2025-06-17,97,128.35,,2025-08-01,,Entregue
PED_SKU_1946_BUB_1,SKU_1946_BUB,2025-08-16,97,128.35,,2025-09-30,,Entregue
PED_SKU_1946_BUB_2,SKU_1946_BUB,2025-10-15,97,128.35,,2025-11-29,,Cancelado
PED_SKU_1947_SKY_0,SKU_1947_SKY,2025-06-17,74,167.34,,2025-08-01,,Entregue
PED_SKU_1947_SKY_1,SKU_1947_SKY,2025-08-16,74,167.34,,2025-09-30,,Entregue
PED_SKU_1947_SKY_2,SKU_1947_SKY,2025-10-15,74,167.34,,2025-11-29,,Entregue
PED_SKU_1947_SKY_3,SKU_1947_SKY,2025-12-14,74,167.34,,2026-01-28,,Entregue
PED_SKU_1947_CLE_0,SKU_1947_CLE,2025-06-17,168,167.34,,2025-08-01,,Entregue
PED_SKU_1947_CLE_1,SKU_1947_CLE,2025-08-16,168,167.34,,2025-09-30,,Entregue
PED_SKU_1948_WHI_0,SKU_1948_WHI,2025-06-17,71,65.81,,2025-08-01,,Entregue
PED_SKU_1948_WHI_1,SKU_1948_WHI,2025-08-16,71,65.81,,2025-09-30,,Entregue
PED_SKU_1948_WHI_2,SKU_1948_WHI,2025-10-15,71,65.81,,2025-11-29,,Entregue
PED_SKU_1948_WHI_3,SKU_1948_WHI,2025-12-14,71,65.81,,2026-01-28,,Entregue
PED_SKU_1948_PAL_0,SKU_1948_PAL,2025-06-17,98,65.81,,2025-08-01,,Entregue
PED_SKU_1948_PAL_1,SKU_1948_PAL,2025-08-16,98,65.81,,2025-09-30,,Entregue
PED_SKU_1948_PAL_2,SKU_1948_PAL,2025-10-15,98,65.81,,2025-11-29,,Entregue
PED_SKU_1949_VAN_0,SKU_1949_VAN,2025-06-17,98,54.29,,2025-08-01,,Entregue
PED_SKU_1949_VAN_1,SKU_1949_VAN,2025-08-16,98,54.29,,2025-09-30,,Entregue
PED_SKU_1949_VAN_2,SKU_1949_VAN,2025-10-15,98,54.29,,2025-11-29,,Entregue
PED_SKU_1949_SKY_0,SKU_1949_SKY,2025-06-17,69,54.29,,2025-08-01,,Entregue
PED_SKU_1949_SKY_1,SKU_1949_SKY,2025-08-16,69,54.29,,2025-09-30,,Entregue
PED_SKU_1949_SKY_2,SKU_1949_SKY,2025-10-15,69,54.29,,2025-11-29,,Entregue
PED_SKU_1949_SKY_3,SKU_1949_SKY,2025-12-14,69,54.29,,2026-01-28,,Entregue
PED_SKU_1950_BLU_0,SKU_1950_BLU,2025-06-17,159,131.94,,2025-08-01,,Entregue
PED_SKU_1950_BLU_1,SKU_1950_BLU,2025-08-16,159,131.94,,2025-09-30,,Entregue
PED_SKU_1950_FLA_0,SKU_1950_FLA,2025-06-17,67,131.94,,2025-08-01,,Entregue
PED_SKU_1950_FLA_1,SKU_1950_FLA,2025-08-16,67,131.94,,2025-09-30,,Entregue
PED_SKU_1950_FLA_2,SKU_1950_FLA,2025-10-15,67,131.94,,2025-11-29,,Entregue
PED_SKU_1950_FLA_3,SKU_1950_FLA,2025-12-14,67,131.94,,2026-01-28,,Entregue
PED_SKU_1951_COR_0,SKU_1951_COR,2025-06-17,72,83.91,,2025-08-01,,Entregue
PED_SKU_1951_COR_1,SKU_1951_COR,2025-08-16,72,83.91,,2025-09-30,,Entregue
PED_SKU_1951_COR_2,SKU_1951_COR,2025-10-15,72,83.91,,2025-11-29,,Entregue
PED_SKU_1951_COR_3,SKU_1951_COR,2025-12-14,72,83.91,,2026-01-28,,Entregue
PED_SKU_1951_GAR_0,SKU_1951_GAR,2025-06-17,102,83.91,,2025-08-01,,Entregue
PED_SKU_1951_GAR_1,SKU_1951_GAR,2025-08-16,102,83.91,,2025-09-30,,Entregue
PED_SKU_1951_GAR_2,SKU_1951_GAR,2025-10-15,102,83.91,,2025-11-29,,Entregue
PED_SKU_1952_TUR_0,SKU_1952_TUR,2025-06-17,71,67.45,,2025-08-01,,Entregue
PED_SKU_1952_TUR_1,SKU_1952_TUR,2025-08-16,71,67.45,,2025-09-30,,Entregue
PED_SKU_1952_TUR_2,SKU_1952_TUR,2025-10-15,71,67.45,,2025-11-29,,Entregue
PED_SKU_1952_TUR_3,SKU_1952_TUR,2025-12-14,71,67.45,,2026-01-28,,Cancelado
PED_SKU_1952_PIS_0,SKU_1952_PIS,2025-06-17,108,67.45,,2025-08-01,,Entregue
PED_SKU_1952_PIS_1,SKU_1952_PIS,2025-08-16,108,67.45,,2025-09-30,,Entregue
PED_SKU_1952_PIS_2,SKU_1952_PIS,2025-10-15,108,67.45,,2025-11-29,,Entregue
PED_SKU_1953_IVO_0,SKU_1953_IVO,2025-06-17,104,64.88,,2025-08-01,,Cancelado
PED_SKU_1953_IVO_1,SKU_1953_IVO,2025-08-16,104,64.88,,2025-09-30,,Entregue
PED_SKU_1953_IVO_2,SKU_1953_IVO,2025-10-15,104,64.88,,2025-11-29,,Entregue
PED_SKU_1953_LIM_0,SKU_1953_LIM,2025-06-17,92,64.88,,2025-08-01,,Entregue
PED_SKU_1953_LIM_1,SKU_1953_LIM,2025-08-16,92,64.88,,2025-09-30,,Entregue
PED_SKU_1953_LIM_2,SKU_1953_LIM,2025-10-15,92,64.88,,2025-11-29,,Entregue
PED_SKU_1954_WHI_0,SKU_1954_WHI,2025-06-17,81,62.55,,2025-08-01,,Entregue
PED_SKU_1954_WHI_1,SKU_1954_WHI,2025-08-16,81,62.55,,2025-09-30,,Entregue
PED_SKU_1954_WHI_2,SKU_1954_WHI,2025-10-15,81,62.55,,2025-11-29,,Entregue
PED_SKU_1954_WHI_3,SKU_1954_WHI,2025-12-14,81,62.55,,2026-01-28,,Entregue
PED_SKU_1954_ROY_0,SKU_1954_ROY,2025-06-17,95,62.55,,2025-08-01,,Entregue
PED_SKU_1954_ROY_1,SKU_1954_ROY,2025-08-16,95,62.55,,2025-09-30,,Entregue
PED_SKU_1954_ROY_2,SKU_1954_ROY,2025-10-15,95,62.55,,2025-11-29,,Entregue
PED_SKU_1955_FRE_0,SKU_1955_FRE,2025-06-17,106,267.27,,2025-08-01,,Entregue
PED_SKU_1955_FRE_1,SKU_1955_FRE,2025-08-16,106,267.27,,2025-09-30,,Entregue
PED_SKU_1955_FRE_2,SKU_1955_FRE,2025-10-15,106,267.27,,2025-11-29,,Entregue
PED_SKU_1955_SAL_0,SKU_1955_SAL,2025-06-17,100,267.27,,2025-08-01,,Entregue
PED_SKU_1955_SAL_1,SKU_1955_SAL,2025-08-16,100,267.27,,2025-09-30,,Entregue
PED_SKU_1955_SAL_2,SKU_1955_SAL,2025-10-15,100,267.27,,2025-11-29,,Entregue
PED_SKU_1956_CLO_0,SKU_1956_CLO,2025-06-17,137,62.34,,2025-08-01,,Entregue
PED_SKU_1956_CLO_1,SKU_1956_CLO,2025-08-16,137,62.34,,2025-09-30,,Entregue
PED_SKU_1956_PEA_0,SKU_1956_PEA,2025-06-17,117,62.34,,2025-08-01,,Entregue
PED_SKU_1956_PEA_1,SKU_1956_PEA,2025-08-16,117,62.34,,2025-09-30,,Entregue
PED_SKU_1956_PEA_2,SKU_1956_PEA,2025-10-15,117,62.34,,2025-11-29,,Entregue
PED_SKU_1957_PEA_0,SKU_1957_PEA,2025-06-17,71,67.68,,2025-08-01,,Entregue
PED_SKU_1957_PEA_1,SKU_1957_PEA,2025-08-16,71,67.68,,2025-09-30,,Entregue
PED_SKU_1957_PEA_2,SKU_1957_PEA,2025-10-15,71,67.68,,2025-11-29,,Entregue
PED_SKU_1957_PEA_3,SKU_1957_PEA,2025-12-14,71,67.68,,2026-01-28,,Entregue
PED_SKU_1957_CRE_0,SKU_1957_CRE,2025-06-17,105,67.68,,2025-08-01,,Entregue
PED_SKU_1957_CRE_1,SKU_1957_CRE,2025-08-16,105,67.68,,2025-09-30,,Entregue
PED_SKU_1957_CRE_2,SKU_1957_CRE,2025-10-15,105,67.68,,2025-11-29,,Entregue
PED_SKU_1958_PAS_0,SKU_1958_PAS,2025-06-17,78,61.2,,2025-08-01,,Entregue
PED_SKU_1958_PAS_1,SKU_1958_PAS,2025-08-16,78,61.2,,2025-09-30,,Entregue
PED_SKU_1958_PAS_2,SKU_1958_PAS,2025-10-15,78,61.2,,2025-11-29,,Entregue
PED_SKU_1958_PAS_3,SKU_1958_PAS,2025-12-14,78,61.2,,2026-01-28,,Entregue
PED_SKU_1958_BLU_0,SKU_1958_BLU,2025-06-17,155,61.2,,2025-08-01,,Entregue
PED_SKU_1958_BLU_1,SKU_1958_BLU,2025-08-16,155,61.2,,2025-09-30,,Entregue
PED_SKU_1959_TUR_0,SKU_1959_TUR,2025-06-17,158,235.29,,2025-08-01,,Entregue
PED_SKU_1959_TUR_1,SKU_1959_TUR,2025-08-16,158,235.29,,2025-09-30,,Entregue
PED_SKU_1959_WHI_0,SKU_1959_WHI,2025-06-17,110,235.29,,2025-08-01,,Entregue
PED_SKU_1959_WHI_1,SKU_1959_WHI,2025-08-16,110,235.29,,2025-09-30,,Cancelado
PED_SKU_1959_WHI_2,SKU_1959_WHI,2025-10-15,110,235.29,,2025-11-29,,Entregue
PED_SKU_1960_NAV_0,SKU_1960_NAV,2025-06-17,90,57.58,,2025-08-01,,Entregue
PED_SKU_1960_NAV_1,SKU_1960_NAV,2025-08-16,90,57.58,,2025-09-30,,Entregue
PED_SKU_1960_NAV_2,SKU_1960_NAV,2025-10-15,90,57.58,,2025-11-29,,Entregue
PED_SKU_1960_BAL_0,SKU_1960_BAL,2025-06-17,106,57.58,,2025-08-01,,Entregue
PED_SKU_1960_BAL_1,SKU_1960_BAL,2025-08-16,106,57.58,,2025-09-30,,Entregue
PED_SKU_1960_BAL_2,SKU_1960_BAL,2025-10-15,106,57.58,,2025-11-29,,Entregue
PED_SKU_1961_LIG_0,SKU_1961_LIG,2025-06-17,105,137.33,,2025-08-01,,Entregue
PED_SKU_1961_LIG_1,SKU_1961_LIG,2025-08-16,105,137.33,,2025-09-30,,Entregue
PED_SKU_1961_LIG_2,SKU_1961_LIG,2025-10-15,105,137.33,,2025-11-29,,Entregue
PED_SKU_1961_SHO_0,SKU_1961_SHO,2025-06-17,138,137.33,,2025-08-01,,Entregue
PED_SKU_1961_SHO_1,SKU_1961_SHO,2025-08-16,138,137.33,,2025-09-30,,Entregue
PED_SKU_1962_FRE_0,SKU_1962_FRE,2025-06-17,100,70.75,,2025-08-01,,Entregue
PED_SKU_1962_FRE_1,SKU_1962_FRE,2025-08-16,100,70.75,,2025-09-30,,Entregue
PED_SKU_1962_FRE_2,SKU_1962_FRE,2025-10-15,100,70.75,,2025-11-29,,Entregue
PED_SKU_1962_LIG_0,SKU_1962_LIG,2025-06-17,158,70.75,,2025-08-01,,Entregue
PED_SKU_1962_LIG_1,SKU_1962_LIG,2025-08-16,158,70.75,,2025-09-30,,Entregue
PED_SKU_1963_SER_0,SKU_1963_SER,2025-06-17,101,196.07,,2025-08-01,,Entregue
PED_SKU_1963_SER_1,SKU_1963_SER,2025-08-16,101,196.07,,2025-09-30,,Entregue
PED_SKU_1963_SER_2,SKU_1963_SER,2025-10-15,101,196.07,,2025-11-29,,Entregue
PED_SKU_1963_IVO_0,SKU_1963_IVO,2025-06-17,169,196.07,,2025-08-01,,Entregue
PED_SKU_1963_IVO_1,SKU_1963_IVO,2025-08-16,169,196.07,,2025-09-30,,Entregue
PED_SKU_1964_SAL_0,SKU_1964_SAL,2025-06-17,139,89.74,,2025-08-01,,Entregue
PED_SKU_1964_SAL_1,SKU_1964_SAL,2025-08-16,139,89.74,,2025-09-30,,Entregue
PED_SKU_1964_BRI_0,SKU_1964_BRI,2025-06-17,92,89.74,,2025-08-01,,Entregue
PED_SKU_1964_BRI_1,SKU_1964_BRI,2025-08-16,92,89.74,,2025-09-30,,Entregue
PED_SKU_1964_BRI_2,SKU_1964_BRI,2025-10-15,92,89.74,,2025-11-29,,Entregue
PED_SKU_1965_GAR_0,SKU_1965_GAR,2025-06-17,101,67.02,,2025-08-01,,Entregue
PED_SKU_1965_GAR_1,SKU_1965_GAR,2025-08-16,101,67.02,,2025-09-30,,Entregue
PED_SKU_1965_GAR_2,SKU_1965_GAR,2025-10-15,101,67.02,,2025-11-29,,Entregue
PED_SKU_1965_DEN_0,SKU_1965_DEN,2025-06-17,80,67.02,,2025-08-01,,Entregue
PED_SKU_1965_DEN_1,SKU_1965_DEN,2025-08-16,80,67.02,,2025-09-30,,Entregue
PED_SKU_1965_DEN_2,SKU_1965_DEN,2025-10-15,80,67.02,,2025-11-29,,Entregue
PED_SKU_1965_DEN_3,SKU_1965_DEN,2025-12-14,80,67.02,,2026-01-28,,Entregue
PED_SKU_1966_FOR_0,SKU_1966_FOR,2025-06-17,85,200.45,,2025-08-01,,Entregue
PED_SKU_1966_FOR_1,SKU_1966_FOR,2025-08-16,85,200.45,,2025-09-30,,Entregue
PED_SKU_1966_FOR_2,SKU_1966_FOR,2025-10-15,85,200.45,,2025-11-29,,Entregue
PED_SKU_1966_FOR_3,SKU_1966_FOR,2025-12-14,85,200.45,,2026-01-28,,Entregue
PED_SKU_1966_CER_0,SKU_1966_CER,2025-06-17,102,200.45,,2025-08-01,,Entregue
PED_SKU_1966_CER_1,SKU_1966_CER,2025-08-16,102,200.45,,2025-09-30,,Entregue
PED_SKU_1966_CER_2,SKU_1966_CER,2025-10-15,102,200.45,,2025-11-29,,Entregue
PED_SKU_1967_PAL_0,SKU_1967_PAL,2025-06-17,88,76.48,,2025-08-01,,Entregue
PED_SKU_1967_PAL_1,SKU_1967_PAL,2025-08-16,88,76.48,,2025-09-30,,Entregue
PED_SKU_1967_PAL_2,SKU_1967_PAL,2025-10-15,88,76.48,,2025-11-29,,Entregue
PED_SKU_1967_BAB_0,SKU_1967_BAB,2025-06-17,102,76.48,,2025-08-01,,Entregue
PED_SKU_1967_BAB_1,SKU_1967_BAB,2025-08-16,102,76.48,,2025-09-30,,Entregue
PED_SKU_1967_BAB_2,SKU_1967_BAB,2025-10-15,102,76.48,,2025-11-29,,Entregue
PED_SKU_1968_JAD_0,SKU_1968_JAD,2025-06-17,161,57.89,,2025-08-01,,Entregue
PED_SKU_1968_JAD_1,SKU_1968_JAD,2025-08-16,161,57.89,,2025-09-30,,Entregue
PED_SKU_1968_PAS_0,SKU_1968_PAS,2025-06-17,75,57.89,,2025-08-01,,Entregue
PED_SKU_1968_PAS_1,SKU_1968_PAS,2025-08-16,75,57.89,,2025-09-30,,Entregue
PED_SKU_1968_PAS_2,SKU_1968_PAS,2025-10-15,75,57.89,,2025-11-29,,Entregue
PED_SKU_1968_PAS_3,SKU_1968_PAS,2025-12-14,75,57.89,,2026-01-28,,Entregue
PED_SKU_1969_SER_0,SKU_1969_SER,2025-06-17,143,135.68,,2025-08-01,,Entregue
PED_SKU_1969_SER_1,SKU_1969_SER,2025-08-16,143,135.68,,2025-09-30,,Entregue
PED_SKU_1969_SNO_0,SKU_1969_SNO,2025-06-17,105,135.68,,2025-08-01,,Entregue
PED_SKU_1969_SNO_1,SKU_1969_SNO,2025-08-16,105,135.68,,2025-09-30,,Entregue
PED_SKU_1969_SNO_2,SKU_1969_SNO,2025-10-15,105,135.68,,2025-11-29,,Entregue
PED_SKU_1970_PEA_0,SKU_1970_PEA,2025-06-17,92,244.83,,2025-08-01,,Entregue
PED_SKU_1970_PEA_1,SKU_1970_PEA,2025-08-16,92,244.83,,2025-09-30,,Entregue
PED_SKU_1970_PEA_2,SKU_1970_PEA,2025-10-15,92,244.83,,2025-11-29,,Entregue
PED_SKU_1970_TUR_0,SKU_1970_TUR,2025-06-17,69,244.83,,2025-08-01,,Entregue
PED_SKU_1970_TUR_1,SKU_1970_TUR,2025-08-16,69,244.83,,2025-09-30,,Entregue
PED_SKU_1970_TUR_2,SKU_1970_TUR,2025-10-15,69,244.83,,2025-11-29,,Entregue
PED_SKU_1970_TUR_3,SKU_1970_TUR,2025-12-14,69,244.83,,2026-01-28,,Entregue
PED_SKU_1971_RAS_0,SKU_1971_RAS,2025-06-17,75,273.2,,2025-08-01,,Entregue
PED_SKU_1971_RAS_1,SKU_1971_RAS,2025-08-16,75,273.2,,2025-09-30,,Entregue
PED_SKU_1971_RAS_2,SKU_1971_RAS,2025-10-15,75,273.2,,2025-11-29,,Entregue
PED_SKU_1971_RAS_3,SKU_1971_RAS,2025-12-14,75,273.2,,2026-01-28,,Entregue
PED_SKU_1971_PIN_0,SKU_1971_PIN,2025-06-17,103,273.2,,2025-08-01,,Entregue
PED_SKU_1971_PIN_1,SKU_1971_PIN,2025-08-16,103,273.2,,2025-09-30,,Cancelado
PED_SKU_1971_PIN_2,SKU_1971_PIN,2025-10-15,103,273.2,,2025-11-29,,Entregue
PED_SKU_1972_PAS_0,SKU_1972_PAS,2025-06-17,137,114.16,,2025-08-01,,Entregue
PED_SKU_1972_PAS_1,SKU_1972_PAS,2025-08-16,137,114.16,,2025-09-30,,Entregue
PED_SKU_1972_AQU_0,SKU_1972_AQU,2025-06-17,83,114.16,,2025-08-01,,Entregue
PED_SKU_1972_AQU_1,SKU_1972_AQU,2025-08-16,83,114.16,,2025-09-30,,Cancelado
PED_SKU_1972_AQU_2,SKU_1972_AQU,2025-10-15,83,114.16,,2025-11-29,,Entregue
PED_SKU_1972_AQU_3,SKU_1972_AQU,2025-12-14,83,114.16,,2026-01-28,,Entregue
PED_SKU_1973_SKY_0,SKU_1973_SKY,2025-06-17,112,101.73,,2025-08-01,,Entregue
PED_SKU_1973_SKY_1,SKU_1973_SKY,2025-08-16,112,101.73,,2025-09-30,,Entregue
PED_SKU_1973_SKY_2,SKU_1973_SKY,2025-10-15,112,101.73,,2025-11-29,,Entregue
PED_SKU_1973_MYS_0,SKU_1973_MYS,2025-06-17,82,101.73,,2025-08-01,,Entregue
PED_SKU_1973_MYS_1,SKU_1973_MYS,2025-08-16,82,101.73,,2025-09-30,,Entregue
PED_SKU_1973_MYS_2,SKU_1973_MYS,2025-10-15,82,101.73,,2025-11-29,,Entregue
PED_SKU_1973_MYS_3,SKU_1973_MYS,2025-12-14,82,101.73,,2026-01-28,,Cancelado
PED_SKU_1974_JAD_0,SKU_1974_JAD,2025-06-17,158,63.57,,2025-08-01,,Entregue
PED_SKU_1974_JAD_1,SKU_1974_JAD,2025-08-16,158,63.57,,2025-09-30,,Entregue
PED_SKU_1974_MIN_0,SKU_1974_MIN,2025-06-17,138,63.57,,2025-08-01,,Entregue
PED_SKU_1974_MIN_1,SKU_1974_MIN,2025-08-16,138,63.57,,2025-09-30,,Entregue
PED_SKU_1975_MYS_0,SKU_1975_MYS,2025-06-17,165,141.48,,2025-08-01,,Entregue
PED_SKU_1975_MYS_1,SKU_1975_MYS,2025-08-16,165,141.48,,2025-09-30,,Entregue
PED_SKU_1975_PAS_0,SKU_1975_PAS,2025-06-17,70,141.48,,2025-08-01,,Cancelado
PED_SKU_1975_PAS_1,SKU_1975_PAS,2025-08-16,70,141.48,,2025-09-30,,Entregue
PED_SKU_1975_PAS_2,SKU_1975_PAS,2025-10-15,70,141.48,,2025-11-29,,Entregue
PED_SKU_1975_PAS_3,SKU_1975_PAS,2025-12-14,70,141.48,,2026-01-28,,Entregue
PED_SKU_1976_SKY_0,SKU_1976_SKY,2025-06-17,78,177.74,,2025-08-01,,Cancelado
PED_SKU_1976_SKY_1,SKU_1976_SKY,2025-08-16,78,177.74,,2025-09-30,,Entregue
PED_SKU_1976_SKY_2,SKU_1976_SKY,2025-10-15,78,177.74,,2025-11-29,,Entregue
PED_SKU_1976_SKY_3,SKU_1976_SKY,2025-12-14,78,177.74,,2026-01-28,,Entregue
PED_SKU_1976_JAD_0,SKU_1976_JAD,2025-06-17,84,177.74,,2025-08-01,,Entregue
PED_SKU_1976_JAD_1,SKU_1976_JAD,2025-08-16,84,177.74,,2025-09-30,,Cancelado
PED_SKU_1976_JAD_2,SKU_1976_JAD,2025-10-15,84,177.74,,2025-11-29,,Entregue
PED_SKU_1976_JAD_3,SKU_1976_JAD,2025-12-14,84,177.74,,2026-01-28,,Entregue
PED_SKU_1977_NAV_0,SKU_1977_NAV,2025-06-17,84,71.13,,2025-08-01,,Entregue
PED_SKU_1977_NAV_1,SKU_1977_NAV,2025-08-16,84,71.13,,2025-09-30,,Entregue
PED_SKU_1977_NAV_2,SKU_1977_NAV,2025-10-15,84,71.13,,2025-11-29,,Entregue
PED_SKU_1977_NAV_3,SKU_1977_NAV,2025-12-14,84,71.13,,2026-01-28,,Entregue
PED_SKU_1977_TEA_0,SKU_1977_TEA,2025-06-17,97,71.13,,2025-08-01,,Entregue
PED_SKU_1977_TEA_1,SKU_1977_TEA,2025-08-16,97,71.13,,2025-09-30,,Entregue
PED_SKU_1977_TEA_2,SKU_1977_TEA,2025-10-15,97,71.13,,2025-11-29,,Entregue
PED_SKU_1978_BAL_0,SKU_1978_BAL,2025-06-17,135,82.72,,2025-08-01,,Entregue
PED_SKU_1978_BAL_1,SKU_1978_BAL,2025-08-16,135,82.72,,2025-09-30,,Entregue
PED_SKU_1978_ROS_0,SKU_1978_ROS,2025-06-17,153,82.72,,2025-08-01,,Entregue
PED_SKU_1978_ROS_1,SKU_1978_ROS,2025-08-16,153,82.72,,2025-09-30,,Cancelado
PED_SKU_1979_MAR_0,SKU_1979_MAR,2025-06-17,99,64.51,,2025-08-01,,Entregue
PED_SKU_1979_MAR_1,SKU_1979_MAR,2025-08-16,99,64.51,,2025-09-30,,Entregue
PED_SKU_1979_MAR_2,SKU_1979_MAR,2025-10-15,99,64.51,,2025-11-29,,Entregue
PED_SKU_1979_DEN_0,SKU_1979_DEN,2025-06-17,76,64.51,,2025-08-01,,Entregue
PED_SKU_1979_DEN_1,SKU_1979_DEN,2025-08-16,76,64.51,,2025-09-30,,Entregue
PED_SKU_1979_DEN_2,SKU_1979_DEN,2025-10-15,76,64.51,,2025-11-29,,Entregue
PED_SKU_1979_DEN_3,SKU_1979_DEN,2025-12-14,76,64.51,,2026-01-28,,Entregue
PED_SKU_1980_DEN_0,SKU_1980_DEN,2025-06-17,157,50.99,,2025-08-01,,Entregue
PED_SKU_1980_DEN_1,SKU_1980_DEN,2025-08-16,157,50.99,,2025-09-30,,Entregue
PED_SKU_1980_DEE_0,SKU_1980_DEE,2025-06-17,144,50.99,,2025-08-01,,Entregue
PED_SKU_1980_DEE_1,SKU_1980_DEE,2025-08-16,144,50.99,,2025-09-30,,Entregue
PED_SKU_1981_FOR_0,SKU_1981_FOR,2025-06-17,70,163.74,,2025-08-01,,Entregue
PED_SKU_1981_FOR_1,SKU_1981_FOR,2025-08-16,70,163.74,,2025-09-30,,Entregue
PED_SKU_1981_FOR_2,SKU_1981_FOR,2025-10-15,70,163.74,,2025-11-29,,Entregue
PED_SKU_1981_FOR_3,SKU_1981_FOR,2025-12-14,70,163.74,,2026-01-28,,Entregue
PED_SKU_1981_SEA_0,SKU_1981_SEA,2025-06-17,155,163.74,,2025-08-01,,Entregue
PED_SKU_1981_SEA_1,SKU_1981_SEA,2025-08-16,155,163.74,,2025-09-30,,Cancelado
PED_SKU_1982_PIS_0,SKU_1982_PIS,2025-06-17,79,74.04,,2025-08-01,,Entregue
PED_SKU_1982_PIS_1,SKU_1982_PIS,2025-08-16,79,74.04,,2025-09-30,,Entregue
PED_SKU_1982_PIS_2,SKU_1982_PIS,2025-10-15,79,74.04,,2025-11-29,,Entregue
PED_SKU_1982_PIS_3,SKU_1982_PIS,2025-12-14,79,74.04,,2026-01-28,,Entregue
PED_SKU_1982_VAN_0,SKU_1982_VAN,2025-06-17,159,74.04,,2025-08-01,,Entregue
PED_SKU_1982_VAN_1,SKU_1982_VAN,2025-08-16,159,74.04,,2025-09-30,,Entregue
PED_SKU_1983_GAR_0,SKU_1983_GAR,2025-06-17,145,71.52,,2025-08-01,,Cancelado
PED_SKU_1983_GAR_1,SKU_1983_GAR,2025-08-16,145,71.52,,2025-09-30,,Entregue
PED_SKU_1983_SAP_0,SKU_1983_SAP,2025-06-17,153,71.52,,2025-08-01,,Entregue
PED_SKU_1983_SAP_1,SKU_1983_SAP,2025-08-16,153,71.52,,2025-09-30,,Entregue
PED_SKU_1984_PIN_0,SKU_1984_PIN,2025-06-17,107,95.13,,2025-08-01,,Entregue
PED_SKU_1984_PIN_1,SKU_1984_PIN,2025-08-16,107,95.13,,2025-09-30,,Cancelado
PED_SKU_1984_PIN_2,SKU_1984_PIN,2025-10-15,107,95.13,,2025-11-29,,Entregue
PED_SKU_1984_PAS_0,SKU_1984_PAS,2025-06-17,133,95.13,,2025-08-01,,Entregue
PED_SKU_1984_PAS_1,SKU_1984_PAS,2025-08-16,133,95.13,,2025-09-30,,Entregue
PED_SKU_1985_WHI_0,SKU_1985_WHI,2025-06-17,77,118.24,,2025-08-01,,Entregue
PED_SKU_1985_WHI_1,SKU_1985_WHI,2025-08-16,77,118.24,,2025-09-30,,Entregue
PED_SKU_1985_WHI_2,SKU_1985_WHI,2025-10-15,77,118.24,,2025-11-29,,Entregue
PED_SKU_1985_WHI_3,SKU_1985_WHI,2025-12-14,77,118.24,,2026-01-28,,Entregue
PED_SKU_1985_PAS_0,SKU_1985_PAS,2025-06-17,76,118.24,,2025-08-01,,Entregue
PED_SKU_1985_PAS_1,SKU_1985_PAS,2025-08-16,76,118.24,,2025-09-30,,Entregue
PED_SKU_1985_PAS_2,SKU_1985_PAS,2025-10-15,76,118.24,,2025-11-29,,Entregue
PED_SKU_1985_PAS_3,SKU_1985_PAS,2025-12-14,76,118.24,,2026-01-28,,Entregue
PED_SKU_1986_BUB_0,SKU_1986_BUB,2025-06-17,169,61.77,,2025-08-01,,Entregue
PED_SKU_1986_BUB_1,SKU_1986_BUB,2025-08-16,169,61.77,,2025-09-30,,Entregue
PED_SKU_1986_TEA_0,SKU_1986_TEA,2025-06-17,140,61.77,,2025-08-01,,Entregue
PED_SKU_1986_TEA_1,SKU_1986_TEA,2025-08-16,140,61.77,,2025-09-30,,Entregue
PED_SKU_1987_MYS_0,SKU_1987_MYS,2025-06-17,152,355.01,,2025-08-01,,Entregue
PED_SKU_1987_MYS_1,SKU_1987_MYS,2025-08-16,152,355.01,,2025-09-30,,Entregue
PED_SKU_1987_CLO_0,SKU_1987_CLO,2025-06-17,112,355.01,,2025-08-01,,Entregue
PED_SKU_1987_CLO_1,SKU_1987_CLO,2025-08-16,112,355.01,,2025-09-30,,Entregue
PED_SKU_1987_CLO_2,SKU_1987_CLO,2025-10-15,112,355.01,,2025-11-29,,Entregue
PED_SKU_1988_WHI_0,SKU_1988_WHI,2025-06-17,153,161.63,,2025-08-01,,Entregue
PED_SKU_1988_WHI_1,SKU_1988_WHI,2025-08-16,153,161.63,,2025-09-30,,Entregue
PED_SKU_1988_WHI_2,SKU_1988_WHI,2025-10-15,153,161.63,,2025-11-29,,Entregue
PED_SKU_1988_WHI_3,SKU_1988_WHI,2025-12-14,153,161.63,,2026-01-28,,Entregue
PED_SKU_1989_HOT_0,SKU_1989_HOT,2025-06-17,81,115.19,,2025-08-01,,Entregue
PED_SKU_1989_HOT_1,SKU_1989_HOT,2025-08-16,81,115.19,,2025-09-30,,Entregue
PED_SKU_1989_HOT_2,SKU_1989_HOT,2025-10-15,81,115.19,,2025-11-29,,Entregue
PED_SKU_1989_HOT_3,SKU_1989_HOT,2025-12-14,81,115.19,,2026-01-28,,Entregue
PED_SKU_1989_MAG_0,SKU_1989_MAG,2025-06-17,158,115.19,,2025-08-01,,Entregue
PED_SKU_1989_MAG_1,SKU_1989_MAG,2025-08-16,158,115.19,,2025-09-30,,Entregue
PED_SKU_1990_LIM_0,SKU_1990_LIM,2025-06-17,133,59.55,,2025-08-01,,Entregue
PED_SKU_1990_LIM_1,SKU_1990_LIM,2025-08-16,133,59.55,,2025-09-30,,Entregue
PED_SKU_1990_IVO_0,SKU_1990_IVO,2025-06-17,82,59.55,,2025-08-01,,Entregue
PED_SKU_1990_IVO_1,SKU_1990_IVO,2025-08-16,82,59.55,,2025-09-30,,Entregue
PED_SKU_1990_IVO_2,SKU_1990_IVO,2025-10-15,82,59.55,,2025-11-29,,Entregue
PED_SKU_1990_IVO_3,SKU_1990_IVO,2025-12-14,82,59.55,,2026-01-28,,Entregue
PED_SKU_1991_GAR_0,SKU_1991_GAR,2025-06-17,156,95.37,,2025-08-01,,Entregue
PED_SKU_1991_GAR_1,SKU_1991_GAR,2025-08-16,156,95.37,,2025-09-30,,Entregue
PED_SKU_1991_PIN_0,SKU_1991_PIN,2025-06-17,83,95.37,,2025-08-01,,Entregue
PED_SKU_1991_PIN_1,SKU_1991_PIN,2025-08-16,83,95.37,,2025-09-30,,Entregue
PED_SKU_1991_PIN_2,SKU_1991_PIN,2025-10-15,83,95.37,,2025-11-29,,Cancelado
PED_SKU_1991_PIN_3,SKU_1991_PIN,2025-12-14,83,95.37,,2026-01-28,,Entregue
PED_SKU_1992_BAL_0,SKU_1992_BAL,2025-06-17,150,304.48,,2025-08-01,,Entregue
PED_SKU_1992_BAL_1,SKU_1992_BAL,2025-08-16,150,304.48,,2025-09-30,,Entregue
PED_SKU_1992_DEE_0,SKU_1992_DEE,2025-06-17,108,304.48,,2025-08-01,,Entregue
PED_SKU_1992_DEE_1,SKU_1992_DEE,2025-08-16,108,304.48,,2025-09-30,,Entregue
PED_SKU_1992_DEE_2,SKU_1992_DEE,2025-10-15,108,304.48,,2025-11-29,,Cancelado
PED_SKU_1993_SAP_0,SKU_1993_SAP,2025-06-17,138,65.16,,2025-08-01,,Entregue
PED_SKU_1993_SAP_1,SKU_1993_SAP,2025-08-16,138,65.16,,2025-09-30,,Entregue
PED_SKU_1993_MEX_0,SKU_1993_MEX,2025-06-17,96,65.16,,2025-08-01,,Entregue
PED_SKU_1993_MEX_1,SKU_1993_MEX,2025-08-16,96,65.16,,2025-09-30,,Entregue
PED_SKU_1993_MEX_2,SKU_1993_MEX,2025-10-15,96,65.16,,2025-11-29,,Entregue
PED_SKU_1994_COB_0,SKU_1994_COB,2025-06-17,72,73.75,,2025-08-01,,Entregue
PED_SKU_1994_COB_1,SKU_1994_COB,2025-08-16,72,73.75,,2025-09-30,,Entregue
PED_SKU_1994_COB_2,SKU_1994_COB,2025-10-15,72,73.75,,2025-11-29,,Entregue
PED_SKU_1994_COB_3,SKU_1994_COB,2025-12-14,72,73.75,,2026-01-28,,Entregue
PED_SKU_1994_LIM_0,SKU_1994_LIM,2025-06-17,125,73.75,,2025-08-01,,Entregue
PED_SKU_1994_LIM_1,SKU_1994_LIM,2025-08-16,125,73.75,,2025-09-30,,Entregue
PED_SKU_1994_LIM_2,SKU_1994_LIM,2025-10-15,125,73.75,,2025-11-29,,Entregue
PED_SKU_1995_WHI_0,SKU_1995_WHI,2025-06-17,156,71.44,,2025-08-01,,Entregue
PED_SKU_1995_WHI_1,SKU_1995_WHI,2025-08-16,156,71.44,,2025-09-30,,Entregue
PED_SKU_1995_EME_0,SKU_1995_EME,2025-06-17,96,71.44,,2025-08-01,,Entregue
PED_SKU_1995_EME_1,SKU_1995_EME,2025-08-16,96,71.44,,2025-09-30,,Entregue
PED_SKU_1995_EME_2,SKU_1995_EME,2025-10-15,96,71.44,,2025-11-29,,Entregue
PED_SKU_1996_SHO_0,SKU_1996_SHO,2025-06-17,74,65.46,,2025-08-01,,Entregue
PED_SKU_1996_SHO_1,SKU_1996_SHO,2025-08-16,74,65.46,,2025-09-30,,Entregue
PED_SKU_1996_SHO_2,SKU_1996_SHO,2025-10-15,74,65.46,,2025-11-29,,Entregue
PED_SKU_1996_SHO_3,SKU_1996_SHO,2025-12-14,74,65.46,,2026-01-28,,Entregue
PED_SKU_1996_BLA_0,SKU_1996_BLA,2025-06-17,88,65.46,,2025-08-01,,Entregue
PED_SKU_1996_BLA_1,SKU_1996_BLA,2025-08-16,88,65.46,,2025-09-30,,Entregue
PED_SKU_1996_BLA_2,SKU_1996_BLA,2025-10-15,88,65.46,,2025-11-29,,Entregue
PED_SKU_1996_BLA_3,SKU_1996_BLA,2025-12-14,88,65.46,,2026-01-28,,Entregue
PED_SKU_1997_MID_0,SKU_1997_MID,2025-06-17,72,60.2,,2025-08-01,,Entregue
PED_SKU_1997_MID_1,SKU_1997_MID,2025-08-16,72,60.2,,2025-09-30,,Entregue
PED_SKU_1997_MID_2,SKU_1997_MID,2025-10-15,72,60.2,,2025-11-29,,Entregue
PED_SKU_1997_MID_3,SKU_1997_MID,2025-12-14,72,60.2,,2026-01-28,,Entregue
PED_SKU_1997_SPA_0,SKU_1997_SPA,2025-06-17,139,60.2,,2025-08-01,,Entregue
PED_SKU_1997_SPA_1,SKU_1997_SPA,2025-08-16,139,60.2,,2025-09-30,,Entregue
PED_SKU_1998_COR_0,SKU_1998_COR,2025-06-17,99,135.0,,2025-08-01,,Entregue
PED_SKU_1998_COR_1,SKU_1998_COR,2025-08-16,99,135.0,,2025-09-30,,Entregue
PED_SKU_1998_COR_2,SKU_1998_COR,2025-10-15,99,135.0,,2025-11-29,,Entregue
PED_SKU_1998_SAL_0,SKU_1998_SAL,2025-06-17,148,135.0,,2025-08-01,,Entregue
PED_SKU_1998_SAL_1,SKU_1998_SAL,2025-08-16,148,135.0,,2025-09-30,,Entregue
PED_SKU_1999_COB_0,SKU_1999_COB,2025-06-17,163,77.75,,2025-08-01,,Entregue
PED_SKU_1999_COB_1,SKU_1999_COB,2025-08-16,163,77.75,,2025-09-30,,Entregue
PED_SKU_1999_SKY_0,SKU_1999_SKY,2025-06-17,104,77.75,,2025-08-01,,Entregue
PED_SKU_1999_SKY_1,SKU_1999_SKY,2025-08-16,104,77.75,,2025-09-30,,Entregue
PED_SKU_1999_SKY_2,SKU_1999_SKY,2025-10-15,104,77.75,,2025-11-29,,Entregue
PED_SKU_2000_SHO_0,SKU_2000_SHO,2025-06-17,165,70.75,,2025-08-01,,Entregue
PED_SKU_2000_SHO_1,SKU_2000_SHO,2025-08-16,165,70.75,,2025-09-30,,Entregue
PED_SKU_2000_SAG_0,SKU_2000_SAG,2025-06-17,65,70.75,,2025-08-01,,Entregue
PED_SKU_2000_SAG_1,SKU_2000_SAG,2025-08-16,65,70.75,,2025-09-30,,Entregue
PED_SKU_2000_SAG_2,SKU_2000_SAG,2025-10-15,65,70.75,,2025-11-29,,Entregue
PED_SKU_2000_SAG_3,SKU_2000_SAG,2025-12-14,65,70.75,,2026-01-28,,Cancelado
PED_SKU_2001_DEN_0,SKU_2001_DEN,2025-06-17,159,122.4,,2025-08-01,,Entregue
PED_SKU_2001_DEN_1,SKU_2001_DEN,2025-08-16,159,122.4,,2025-09-30,,Entregue
PED_SKU_2001_MAR_0,SKU_2001_MAR,2025-06-17,141,122.4,,2025-08-01,,Entregue
PED_SKU_2001_MAR_1,SKU_2001_MAR,2025-08-16,141,122.4,,2025-09-30,,Entregue
PED_SKU_2002_WHI_0,SKU_2002_WHI,2025-06-17,149,67.45,,2025-08-01,,Entregue
PED_SKU_2002_WHI_1,SKU_2002_WHI,2025-08-16,149,67.45,,2025-09-30,,Entregue
PED_SKU_2002_VAN_0,SKU_2002_VAN,2025-06-17,75,67.45,,2025-08-01,,Entregue
PED_SKU_2002_VAN_1,SKU_2002_VAN,2025-08-16,75,67.45,,2025-09-30,,Entregue
PED_SKU_2002_VAN_2,SKU_2002_VAN,2025-10-15,75,67.45,,2025-11-29,,Entregue
PED_SKU_2002_VAN_3,SKU_2002_VAN,2025-12-14,75,67.45,,2026-01-28,,Entregue
PED_SKU_2003_BAL_0,SKU_2003_BAL,2025-06-17,95,79.41,,2025-08-01,,Entregue
PED_SKU_2003_BAL_1,SKU_2003_BAL,2025-08-16,95,79.41,,2025-09-30,,Entregue
PED_SKU_2003_BAL_2,SKU_2003_BAL,2025-10-15,95,79.41,,2025-11-29,,Entregue
PED_SKU_2003_FOR_0,SKU_2003_FOR,2025-06-17,159,79.41,,2025-08-01,,Entregue
PED_SKU_2003_FOR_1,SKU_2003_FOR,2025-08-16,159,79.41,,2025-09-30,,Entregue
PED_SKU_2004_MIN_0,SKU_2004_MIN,2025-06-17,143,62.79,,2025-08-01,,Entregue
PED_SKU_2004_MIN_1,SKU_2004_MIN,2025-08-16,143,62.79,,2025-09-30,,Cancelado
PED_SKU_2004_AQU_0,SKU_2004_AQU,2025-06-17,85,62.79,,2025-08-01,,Entregue
PED_SKU_2004_AQU_1,SKU_2004_AQU,2025-08-16,85,62.79,,2025-09-30,,Entregue
PED_SKU_2004_AQU_2,SKU_2004_AQU,2025-10-15,85,62.79,,2025-11-29,,Entregue
PED_SKU_2004_AQU_3,SKU_2004_AQU,2025-12-14,85,62.79,,2026-01-28,,Entregue
PED_SKU_2005_FUC_0,SKU_2005_FUC,2025-06-17,79,50.76,,2025-08-01,,Entregue
PED_SKU_2005_FUC_1,SKU_2005_FUC,2025-08-16,79,50.76,,2025-09-30,,Entregue
PED_SKU_2005_FUC_2,SKU_2005_FUC,2025-10-15,79,50.76,,2025-11-29,,Entregue
PED_SKU_2005_FUC_3,SKU_2005_FUC,2025-12-14,79,50.76,,2026-01-28,,Entregue
PED_SKU_2005_TEA_0,SKU_2005_TEA,2025-06-17,110,50.76,,2025-08-01,,Entregue
PED_SKU_2005_TEA_1,SKU_2005_TEA,2025-08-16,110,50.76,,2025-09-30,,Entregue
PED_SKU_2005_TEA_2,SKU_2005_TEA,2025-10-15,110,50.76,,2025-11-29,,Entregue
PED_SKU_2006_PRI_0,SKU_2006_PRI,2025-06-17,113,241.88,,2025-08-01,,Entregue
PED_SKU_2006_PRI_1,SKU_2006_PRI,2025-08-16,113,241.88,,2025-09-30,,Entregue
PED_SKU_2006_PRI_2,SKU_2006_PRI,2025-10-15,113,241.88,,2025-11-29,,Entregue
PED_SKU_2006_DEN_0,SKU_2006_DEN,2025-06-17,76,241.88,,2025-08-01,,Entregue
PED_SKU_2006_DEN_1,SKU_2006_DEN,2025-08-16,76,241.88,,2025-09-30,,Entregue
PED_SKU_2006_DEN_2,SKU_2006_DEN,2025-10-15,76,241.88,,2025-11-29,,Entregue
PED_SKU_2006_DEN_3,SKU_2006_DEN,2025-12-14,76,241.88,,2026-01-28,,Entregue
PED_SKU_2007_LIG_0,SKU_2007_LIG,2025-06-17,151,62.34,,2025-08-01,,Entregue
PED_SKU_2007_LIG_1,SKU_2007_LIG,2025-08-16,151,62.34,,2025-09-30,,Entregue
PED_SKU_2007_SAG_0,SKU_2007_SAG,2025-06-17,75,62.34,,2025-08-01,,Entregue
PED_SKU_2007_SAG_1,SKU_2007_SAG,2025-08-16,75,62.34,,2025-09-30,,Cancelado
PED_SKU_2007_SAG_2,SKU_2007_SAG,2025-10-15,75,62.34,,2025-11-29,,Entregue
PED_SKU_2007_SAG_3,SKU_2007_SAG,2025-12-14,75,62.34,,2026-01-28,,Entregue
PED_SKU_2008_HOT_0,SKU_2008_HOT,2025-06-17,138,87.28,,2025-08-01,,Entregue
PED_SKU_2008_HOT_1,SKU_2008_HOT,2025-08-16,138,87.28,,2025-09-30,,Entregue
PED_SKU_2008_SAL_0,SKU_2008_SAL,2025-06-17,79,87.28,,2025-08-01,,Entregue
PED_SKU_2008_SAL_1,SKU_2008_SAL,2025-08-16,79,87.28,,2025-09-30,,Entregue
PED_SKU_2008_SAL_2,SKU_2008_SAL,2025-10-15,79,87.28,,2025-11-29,,Entregue
PED_SKU_2008_SAL_3,SKU_2008_SAL,2025-12-14,79,87.28,,2026-01-28,,Entregue
PED_SKU_2009_WHI_0,SKU_2009_WHI,2025-06-17,65,95.0,,2025-08-01,,Entregue
PED_SKU_2009_WHI_1,SKU_2009_WHI,2025-08-16,65,95.0,,2025-09-30,,Entregue
PED_SKU_2009_WHI_2,SKU_2009_WHI,2025-10-15,65,95.0,,2025-11-29,,Entregue
PED_SKU_2009_WHI_3,SKU_2009_WHI,2025-12-14,65,95.0,,2026-01-28,,Entregue
PED_SKU_2009_DUS_0,SKU_2009_DUS,2025-06-17,145,95.0,,2025-08-01,,Entregue
PED_SKU_2009_DUS_1,SKU_2009_DUS,2025-08-16,145,95.0,,2025-09-30,,Entregue
PED_SKU_2010_SPA_0,SKU_2010_SPA,2025-06-17,162,304.49,,2025-08-01,,Entregue
PED_SKU_2010_SPA_1,SKU_2010_SPA,2025-08-16,162,304.49,,2025-09-30,,Entregue
PED_SKU_2010_BIR_0,SKU_2010_BIR,2025-06-17,141,304.49,,2025-08-01,,Entregue
PED_SKU_2010_BIR_1,SKU_2010_BIR,2025-08-16,141,304.49,,2025-09-30,,Cancelado
PED_SKU_2011_TUR_0,SKU_2011_TUR,2025-06-17,79,83.91,,2025-08-01,,Entregue
PED_SKU_2011_TUR_1,SKU_2011_TUR,2025-08-16,79,83.91,,2025-09-30,,Entregue
PED_SKU_2011_TUR_2,SKU_2011_TUR,2025-10-15,79,83.91,,2025-11-29,,Entregue
PED_SKU_2011_TUR_3,SKU_2011_TUR,2025-12-14,79,83.91,,2026-01-28,,Entregue
PED_SKU_2011_PIN_0,SKU_2011_PIN,2025-06-17,82,83.91,,2025-08-01,,Entregue
PED_SKU_2011_PIN_1,SKU_2011_PIN,2025-08-16,82,83.91,,2025-09-30,,Entregue
PED_SKU_2011_PIN_2,SKU_2011_PIN,2025-10-15,82,83.91,,2025-11-29,,Entregue
PED_SKU_2011_PIN_3,SKU_2011_PIN,2025-12-14,82,83.91,,2026-01-28,,Entregue
PED_SKU_2012_ROY_0,SKU_2012_ROY,2025-06-17,97,260.73,,2025-08-01,,Entregue
PED_SKU_2012_ROY_1,SKU_2012_ROY,2025-08-16,97,260.73,,2025-09-30,,Entregue
PED_SKU_2012_ROY_2,SKU_2012_ROY,2025-10-15,97,260.73,,2025-11-29,,Entregue
PED_SKU_2012_SKY_0,SKU_2012_SKY,2025-06-17,148,260.73,,2025-08-01,,Entregue
PED_SKU_2012_SKY_1,SKU_2012_SKY,2025-08-16,148,260.73,,2025-09-30,,Entregue
PED_SKU_2013_TEA_0,SKU_2013_TEA,2025-06-17,130,61.2,,2025-08-01,,Entregue
PED_SKU_2013_TEA_1,SKU_2013_TEA,2025-08-16,130,61.2,,2025-09-30,,Entregue
PED_SKU_2013_MYS_0,SKU_2013_MYS,2025-06-17,101,61.2,,2025-08-01,,Entregue
PED_SKU_2013_MYS_1,SKU_2013_MYS,2025-08-16,101,61.2,,2025-09-30,,Entregue
PED_SKU_2013_MYS_2,SKU_2013_MYS,2025-10-15,101,61.2,,2025-11-29,,Entregue
PED_SKU_2014_BLA_0,SKU_2014_BLA,2025-06-17,160,105.31,,2025-08-01,,Entregue
PED_SKU_2014_BLA_1,SKU_2014_BLA,2025-08-16,160,105.31,,2025-09-30,,Entregue
PED_SKU_2014_BRI_0,SKU_2014_BRI,2025-06-17,104,105.31,,2025-08-01,,Cancelado
PED_SKU_2014_BRI_1,SKU_2014_BRI,2025-08-16,104,105.31,,2025-09-30,,Entregue
PED_SKU_2014_BRI_2,SKU_2014_BRI,2025-10-15,104,105.31,,2025-11-29,,Entregue
PED_SKU_2015_OLI_0,SKU_2015_OLI,2025-06-17,103,100.14,,2025-08-01,,Entregue
PED_SKU_2015_OLI_1,SKU_2015_OLI,2025-08-16,103,100.14,,2025-09-30,,Cancelado
PED_SKU_2015_OLI_2,SKU_2015_OLI,2025-10-15,103,100.14,,2025-11-29,,Entregue
PED_SKU_2015_HUN_0,SKU_2015_HUN,2025-06-17,142,100.14,,2025-08-01,,Entregue
PED_SKU_2015_HUN_1,SKU_2015_HUN,2025-08-16,142,100.14,,2025-09-30,,Entregue
PED_SKU_2016_SAP_0,SKU_2016_SAP,2025-06-17,101,74.04,,2025-08-01,,Entregue
PED_SKU_2016_SAP_1,SKU_2016_SAP,2025-08-16,101,74.04,,2025-09-30,,Entregue
PED_SKU_2016_SAP_2,SKU_2016_SAP,2025-10-15,101,74.04,,2025-11-29,,Entregue
PED_SKU_2016_PEA_0,SKU_2016_PEA,2025-06-17,69,74.04,,2025-08-01,,Entregue
PED_SKU_2016_PEA_1,SKU_2016_PEA,2025-08-16,69,74.04,,2025-09-30,,Entregue
PED_SKU_2016_PEA_2,SKU_2016_PEA,2025-10-15,69,74.04,,2025-11-29,,Entregue
PED_SKU_2016_PEA_3,SKU_2016_PEA,2025-12-14,69,74.04,,2026-01-28,,Entregue
PED_SKU_2017_SHO_0,SKU_2017_SHO,2025-06-17,107,93.79,,2025-08-01,,Entregue
PED_SKU_2017_SHO_1,SKU_2017_SHO,2025-08-16,107,93.79,,2025-09-30,,Entregue
PED_SKU_2017_SHO_2,SKU_2017_SHO,2025-10-15,107,93.79,,2025-11-29,,Entregue
PED_SKU_2017_FRE_0,SKU_2017_FRE,2025-06-17,155,93.79,,2025-08-01,,Entregue
PED_SKU_2017_FRE_1,SKU_2017_FRE,2025-08-16,155,93.79,,2025-09-30,,Entregue
PED_SKU_2018_OFF_0,SKU_2018_OFF,2025-06-17,71,157.98,,2025-08-01,,Entregue
PED_SKU_2018_OFF_1,SKU_2018_OFF,2025-08-16,71,157.98,,2025-09-30,,Entregue
PED_SKU_2018_OFF_2,SKU_2018_OFF,2025-10-15,71,157.98,,2025-11-29,,Entregue
PED_SKU_2018_OFF_3,SKU_2018_OFF,2025-12-14,71,157.98,,2026-01-28,,Entregue
PED_SKU_2018_BAB_0,SKU_2018_BAB,2025-06-17,106,157.98,,2025-08-01,,Entregue
PED_SKU_2018_BAB_1,SKU_2018_BAB,2025-08-16,106,157.98,,2025-09-30,,Entregue
PED_SKU_2018_BAB_2,SKU_2018_BAB,2025-10-15,106,157.98,,2025-11-29,,Entregue
PED_SKU_2019_SAG_0,SKU_2019_SAG,2025-06-17,140,182.02,,2025-08-01,,Entregue
PED_SKU_2019_SAG_1,SKU_2019_SAG,2025-08-16,140,182.02,,2025-09-30,,Entregue
PED_SKU_2019_TUR_0,SKU_2019_TUR,2025-06-17,87,182.02,,2025-08-01,,Cancelado
PED_SKU_2019_TUR_1,SKU_2019_TUR,2025-08-16,87,182.02,,2025-09-30,,Entregue
PED_SKU_2019_TUR_2,SKU_2019_TUR,2025-10-15,87,182.02,,2025-11-29,,Cancelado
PED_SKU_2019_TUR_3,SKU_2019_TUR,2025-12-14,87,182.02,,2026-01-28,,Entregue
PED_SKU_2020_FOR_0,SKU_2020_FOR,2025-06-17,81,74.7,,2025-08-01,,Entregue
PED_SKU_2020_FOR_1,SKU_2020_FOR,2025-08-16,81,74.7,,2025-09-30,,Entregue
PED_SKU_2020_FOR_2,SKU_2020_FOR,2025-10-15,81,74.7,,2025-11-29,,Entregue
PED_SKU_2020_FOR_3,SKU_2020_FOR,2025-12-14,81,74.7,,2026-01-28,,Entregue
PED_SKU_2020_BAB_0,SKU_2020_BAB,2025-06-17,155,74.7,,2025-08-01,,Entregue
PED_SKU_2020_BAB_1,SKU_2020_BAB,2025-08-16,155,74.7,,2025-09-30,,Entregue
PED_SKU_2021_NAV_0,SKU_2021_NAV,2025-06-17,72,62.86,,2025-08-01,,Entregue
PED_SKU_2021_NAV_1,SKU_2021_NAV,2025-08-16,72,62.86,,2025-09-30,,Entregue
PED_SKU_2021_NAV_2,SKU_2021_NAV,2025-10-15,72,62.86,,2025-11-29,,Entregue
PED_SKU_2021_NAV_3,SKU_2021_NAV,2025-12-14,72,62.86,,2026-01-28,,Entregue
PED_SKU_2021_SAL_0,SKU_2021_SAL,2025-06-17,165,62.86,,2025-08-01,,Entregue
PED_SKU_2021_SAL_1,SKU_2021_SAL,2025-08-16,165,62.86,,2025-09-30,,Entregue
PED_SKU_2022_SHO_0,SKU_2022_SHO,2025-06-17,70,89.01,,2025-08-01,,Entregue
PED_SKU_2022_SHO_1,SKU_2022_SHO,2025-08-16,70,89.01,,2025-09-30,,Entregue
PED_SKU_2022_SHO_2,SKU_2022_SHO,2025-10-15,70,89.01,,2025-11-29,,Cancelado
PED_SKU_2022_SHO_3,SKU_2022_SHO,2025-12-14,70,89.01,,2026-01-28,,Entregue
PED_SKU_2022_ROY_0,SKU_2022_ROY,2025-06-17,101,89.01,,2025-08-01,,Cancelado
PED_SKU_2022_ROY_1,SKU_2022_ROY,2025-08-16,101,89.01,,2025-09-30,,Entregue
PED_SKU_2022_ROY_2,SKU_2022_ROY,2025-10-15,101,89.01,,2025-11-29,,Cancelado
PED_SKU_2023_MID_0,SKU_2023_MID,2025-06-17,145,52.93,,2025-08-01,,Entregue
PED_SKU_2023_MID_1,SKU_2023_MID,2025-08-16,145,52.93,,2025-09-30,,Entregue
PED_SKU_2023_SPA_0,SKU_2023_SPA,2025-06-17,95,52.93,,2025-08-01,,Cancelado
PED_SKU_2023_SPA_1,SKU_2023_SPA,2025-08-16,95,52.93,,2025-09-30,,Entregue
PED_SKU_2023_SPA_2,SKU_2023_SPA,2025-10-15,95,52.93,,2025-11-29,,Entregue
PED_SKU_2024_MIN_0,SKU_2024_MIN,2025-06-17,108,122.4,,2025-08-01,,Entregue
PED_SKU_2024_MIN_1,SKU_2024_MIN,2025-08-16,108,122.4,,2025-09-30,,Entregue
PED_SKU_2024_MIN_2,SKU_2024_MIN,2025-10-15,108,122.4,,2025-11-29,,Entregue
PED_SKU_2024_LIG_0,SKU_2024_LIG,2025-06-17,107,122.4,,2025-08-01,,Entregue
PED_SKU_2024_LIG_1,SKU_2024_LIG,2025-08-16,107,122.4,,2025-09-30,,Entregue
PED_SKU_2024_LIG_2,SKU_2024_LIG,2025-10-15,107,122.4,,2025-11-29,,Entregue
PED_SKU_2025_BAB_0,SKU_2025_BAB,2025-06-17,76,69.96,,2025-08-01,,Entregue
PED_SKU_2025_BAB_1,SKU_2025_BAB,2025-08-16,76,69.96,,2025-09-30,,Entregue
PED_SKU_2025_BAB_2,SKU_2025_BAB,2025-10-15,76,69.96,,2025-11-29,,Entregue
PED_SKU_2025_BAB_3,SKU_2025_BAB,2025-12-14,76,69.96,,2026-01-28,,Entregue
PED_SKU_2025_SAP_0,SKU_2025_SAP,2025-06-17,162,69.96,,2025-08-01,,Entregue
PED_SKU_2025_SAP_1,SKU_2025_SAP,2025-08-16,162,69.96,,2025-09-30,,Entregue
PED_SKU_2026_HON_0,SKU_2026_HON,2025-06-17,76,316.68,,2025-08-01,,Entregue
PED_SKU_2026_HON_1,SKU_2026_HON,2025-08-16,76,316.68,,2025-09-30,,Entregue
PED_SKU_2026_HON_2,SKU_2026_HON,2025-10-15,76,316.68,,2025-11-29,,Entregue
PED_SKU_2026_HON_3,SKU_2026_HON,2025-12-14,76,316.68,,2026-01-28,,Entregue
PED_SKU_2026_ROY_0,SKU_2026_ROY,2025-06-17,130,316.68,,2025-08-01,,Entregue
PED_SKU_2026_ROY_1,SKU_2026_ROY,2025-08-16,130,316.68,,2025-09-30,,Entregue
PED_SKU_2027_CLE_0,SKU_2027_CLE,2025-06-17,83,99.83,,2025-08-01,,Entregue
PED_SKU_2027_CLE_1,SKU_2027_CLE,2025-08-16,83,99.83,,2025-09-30,,Entregue
PED_SKU_2027_CLE_2,SKU_2027_CLE,2025-10-15,83,99.83,,2025-11-29,,Entregue
PED_SKU_2027_CLE_3,SKU_2027_CLE,2025-12-14,83,99.83,,2026-01-28,,Entregue
PED_SKU_2027_MAR_0,SKU_2027_MAR,2025-06-17,111,99.83,,2025-08-01,,Entregue
PED_SKU_2027_MAR_1,SKU_2027_MAR,2025-08-16,111,99.83,,2025-09-30,,Entregue
PED_SKU_2027_MAR_2,SKU_2027_MAR,2025-10-15,111,99.83,,2025-11-29,,Cancelado
PED_SKU_2028_PIS_0,SKU_2028_PIS,2025-06-17,155,72.74,,2025-08-01,,Entregue
PED_SKU_2028_PIS_1,SKU_2028_PIS,2025-08-16,155,72.74,,2025-09-30,,Entregue
PED_SKU_2028_PAL_0,SKU_2028_PAL,2025-06-17,135,72.74,,2025-08-01,,Entregue
PED_SKU_2028_PAL_1,SKU_2028_PAL,2025-08-16,135,72.74,,2025-09-30,,Entregue
PED_SKU_2029_BAB_0,SKU_2029_BAB,2025-06-17,76,347.07,,2025-08-01,,Entregue
PED_SKU_2029_BAB_1,SKU_2029_BAB,2025-08-16,76,347.07,,2025-09-30,,Entregue
PED_SKU_2029_BAB_2,SKU_2029_BAB,2025-10-15,76,347.07,,2025-11-29,,Entregue
PED_SKU_2029_BAB_3,SKU_2029_BAB,2025-12-14,76,347.07,,2026-01-28,,Entregue
PED_SKU_2029_PRI_0,SKU_2029_PRI,2025-06-17,97,347.07,,2025-08-01,,Entregue
PED_SKU_2029_PRI_1,SKU_2029_PRI,2025-08-16,97,347.07,,2025-09-30,,Entregue
PED_SKU_2029_PRI_2,SKU_2029_PRI,2025-10-15,97,347.07,,2025-11-29,,Entregue
PED_SKU_2030_SER_0,SKU_2030_SER,2025-06-17,116,131.2,,2025-08-01,,Entregue
PED_SKU_2030_SER_1,SKU_2030_SER,2025-08-16,116,131.2,,2025-09-30,,Entregue
PED_SKU_2030_SER_2,SKU_2030_SER,2025-10-15,116,131.2,,2025-11-29,,Entregue
PED_SKU_2030_BRI_0,SKU_2030_BRI,2025-06-17,160,131.2,,2025-08-01,,Entregue
PED_SKU_2030_BRI_1,SKU_2030_BRI,2025-08-16,160,131.2,,2025-09-30,,Entregue
PED_SKU_2031_SNO_0,SKU_2031_SNO,2025-06-17,141,135.1,,2025-08-01,,Entregue
PED_SKU_2031_SNO_1,SKU_2031_SNO,2025-08-16,141,135.1,,2025-09-30,,Entregue
PED_SKU_2031_NAV_0,SKU_2031_NAV,2025-06-17,69,135.1,,2025-08-01,,Entregue
PED_SKU_2031_NAV_1,SKU_2031_NAV,2025-08-16,69,135.1,,2025-09-30,,Entregue
PED_SKU_2031_NAV_2,SKU_2031_NAV,2025-10-15,69,135.1,,2025-11-29,,Entregue
PED_SKU_2031_NAV_3,SKU_2031_NAV,2025-12-14,69,135.1,,2026-01-28,,Entregue
PED_SKU_2032_LIM_0,SKU_2032_LIM,2025-06-17,107,83.91,,2025-08-01,,Entregue
PED_SKU_2032_LIM_1,SKU_2032_LIM,2025-08-16,107,83.91,,2025-09-30,,Entregue
PED_SKU_2032_LIM_2,SKU_2032_LIM,2025-10-15,107,83.91,,2025-11-29,,Entregue
PED_SKU_2032_WHI_0,SKU_2032_WHI,2025-06-17,155,83.91,,2025-08-01,,Entregue
PED_SKU_2032_WHI_1,SKU_2032_WHI,2025-08-16,155,83.91,,2025-09-30,,Entregue
PED_SKU_2033_PRI_0,SKU_2033_PRI,2025-06-17,154,99.31,,2025-08-01,,Entregue
PED_SKU_2033_PRI_1,SKU_2033_PRI,2025-08-16,154,99.31,,2025-09-30,,Entregue
PED_SKU_2033_RAS_0,SKU_2033_RAS,2025-06-17,137,99.31,,2025-08-01,,Entregue
PED_SKU_2033_RAS_1,SKU_2033_RAS,2025-08-16,137,99.31,,2025-09-30,,Entregue
PED_SKU_2034_DUS_0,SKU_2034_DUS,2025-06-17,101,54.56,,2025-08-01,,Entregue
PED_SKU_2034_DUS_1,SKU_2034_DUS,2025-08-16,101,54.56,,2025-09-30,,Entregue
PED_SKU_2034_DUS_2,SKU_2034_DUS,2025-10-15,101,54.56,,2025-11-29,,Cancelado
PED_SKU_2034_PAS_0,SKU_2034_PAS,2025-06-17,95,54.56,,2025-08-01,,Entregue
PED_SKU_2034_PAS_1,SKU_2034_PAS,2025-08-16,95,54.56,,2025-09-30,,Entregue
PED_SKU_2034_PAS_2,SKU_2034_PAS,2025-10-15,95,54.56,,2025-11-29,,Entregue
PED_SKU_2035_LIG_0,SKU_2035_LIG,2025-06-17,173,66.19,,2025-08-01,,Cancelado
PED_SKU_2035_LIG_1,SKU_2035_LIG,2025-08-16,173,66.19,,2025-09-30,,Entregue
PED_SKU_2035_AQU_0,SKU_2035_AQU,2025-06-17,143,66.19,,2025-08-01,,Entregue
PED_SKU_2035_AQU_1,SKU_2035_AQU,2025-08-16,143,66.19,,2025-09-30,,Entregue
PED_SKU_2036_SPA_0,SKU_2036_SPA,2025-06-17,143,78.45,,2025-08-01,,Entregue
PED_SKU_2036_SPA_1,SKU_2036_SPA,2025-08-16,143,78.45,,2025-09-30,,Entregue
PED_SKU_2036_MAR_0,SKU_2036_MAR,2025-06-17,65,78.45,,2025-08-01,,Entregue
PED_SKU_2036_MAR_1,SKU_2036_MAR,2025-08-16,65,78.45,,2025-09-30,,Entregue
PED_SKU_2036_MAR_2,SKU_2036_MAR,2025-10-15,65,78.45,,2025-11-29,,Entregue
PED_SKU_2036_MAR_3,SKU_2036_MAR,2025-12-14,65,78.45,,2026-01-28,,Entregue
PED_SKU_2037_SNO_0,SKU_2037_SNO,2025-06-17,91,258.35,,2025-08-01,,Entregue
PED_SKU_2037_SNO_1,SKU_2037_SNO,2025-08-16,91,258.35,,2025-09-30,,Entregue
PED_SKU_2037_SNO_2,SKU_2037_SNO,2025-10-15,91,258.35,,2025-11-29,,Entregue
PED_SKU_2037_SNO_3,SKU_2037_SNO,2025-12-14,91,258.35,,2026-01-28,,Entregue
PED_SKU_2037_SEA_0,SKU_2037_SEA,2025-06-17,155,258.35,,2025-08-01,,Entregue
PED_SKU_2037_SEA_1,SKU_2037_SEA,2025-08-16,155,258.35,,2025-09-30,,Entregue
PED_SKU_2038_OFF_0,SKU_2038_OFF,2025-06-17,70,375.65,,2025-08-01,,Entregue
PED_SKU_2038_OFF_1,SKU_2038_OFF,2025-08-16,70,375.65,,2025-09-30,,Entregue
PED_SKU_2038_OFF_2,SKU_2038_OFF,2025-10-15,70,375.65,,2025-11-29,,Entregue
PED_SKU_2038_OFF_3,SKU_2038_OFF,2025-12-14,70,375.65,,2026-01-28,,Entregue
PED_SKU_2038_COB_0,SKU_2038_COB,2025-06-17,154,375.65,,2025-08-01,,Entregue
PED_SKU_2038_COB_1,SKU_2038_COB,2025-08-16,154,375.65,,2025-09-30,,Entregue
PED_SKU_2039_OLI_0,SKU_2039_OLI,2025-06-17,72,339.24,,2025-08-01,,Entregue
PED_SKU_2039_OLI_1,SKU_2039_OLI,2025-08-16,72,339.24,,2025-09-30,,Entregue
PED_SKU_2039_OLI_2,SKU_2039_OLI,2025-10-15,72,339.24,,2025-11-29,,Entregue
PED_SKU_2039_OLI_3,SKU_2039_OLI,2025-12-14,72,339.24,,2026-01-28,,Entregue
PED_SKU_2039_EME_0,SKU_2039_EME,2025-06-17,98,339.24,,2025-08-01,,Entregue
PED_SKU_2039_EME_1,SKU_2039_EME,2025-08-16,98,339.24,,2025-09-30,,Entregue
PED_SKU_2039_EME_2,SKU_2039_EME,2025-10-15,98,339.24,,2025-11-29,,Entregue
PED_SKU_2040_BIR_0,SKU_2040_BIR,2025-06-17,106,97.61,,2025-08-01,,Entregue
PED_SKU_2040_BIR_1,SKU_2040_BIR,2025-08-16,106,97.61,,2025-09-30,,Entregue
PED_SKU_2040_BIR_2,SKU_2040_BIR,2025-10-15,106,97.61,,2025-11-29,,Entregue
PED_SKU_2040_MIN_0,SKU_2040_MIN,2025-06-17,76,97.61,,2025-08-01,,Entregue
PED_SKU_2040_MIN_1,SKU_2040_MIN,2025-08-16,76,97.61,,2025-09-30,,Entregue
PED_SKU_2040_MIN_2,SKU_2040_MIN,2025-10-15,76,97.61,,2025-11-29,,Entregue
PED_SKU_2040_MIN_3,SKU_2040_MIN,2025-12-14,76,97.61,,2026-01-28,,Entregue
PED_SKU_2041_POW_0,SKU_2041_POW,2025-06-17,73,72.39,,2025-08-01,,Entregue
PED_SKU_2041_POW_1,SKU_2041_POW,2025-08-16,73,72.39,,2025-09-30,,Cancelado
PED_SKU_2041_POW_2,SKU_2041_POW,2025-10-15,73,72.39,,2025-11-29,,Entregue
PED_SKU_2041_POW_3,SKU_2041_POW,2025-12-14,73,72.39,,2026-01-28,,Entregue
PED_SKU_2041_MOS_0,SKU_2041_MOS,2025-06-17,94,72.39,,2025-08-01,,Entregue
PED_SKU_2041_MOS_1,SKU_2041_MOS,2025-08-16,94,72.39,,2025-09-30,,Entregue
PED_SKU_2041_MOS_2,SKU_2041_MOS,2025-10-15,94,72.39,,2025-11-29,,Entregue
PED_SKU_2042_WHI_0,SKU_2042_WHI,2025-06-17,74,253.18,,2025-08-01,,Entregue
PED_SKU_2042_WHI_1,SKU_2042_WHI,2025-08-16,74,253.18,,2025-09-30,,Entregue
PED_SKU_2042_WHI_2,SKU_2042_WHI,2025-10-15,74,253.18,,2025-11-29,,Entregue
PED_SKU_2042_WHI_3,SKU_2042_WHI,2025-12-14,74,253.18,,2026-01-28,,Entregue
PED_SKU_2042_SER_0,SKU_2042_SER,2025-06-17,144,253.18,,2025-08-01,,Entregue
PED_SKU_2042_SER_1,SKU_2042_SER,2025-08-16,144,253.18,,2025-09-30,,Entregue
PED_SKU_2043_ROS_0,SKU_2043_ROS,2025-06-17,73,104.76,,2025-08-01,,Entregue
PED_SKU_2043_ROS_1,SKU_2043_ROS,2025-08-16,73,104.76,,2025-09-30,,Cancelado
PED_SKU_2043_ROS_2,SKU_2043_ROS,2025-10-15,73,104.76,,2025-11-29,,Entregue
PED_SKU_2043_ROS_3,SKU_2043_ROS,2025-12-14,73,104.76,,2026-01-28,,Entregue
PED_SKU_2043_WHI_0,SKU_2043_WHI,2025-06-17,114,104.76,,2025-08-01,,Entregue
PED_SKU_2043_WHI_1,SKU_2043_WHI,2025-08-16,114,104.76,,2025-09-30,,Entregue
PED_SKU_2043_WHI_2,SKU_2043_WHI,2025-10-15,114,104.76,,2025-11-29,,Entregue
PED_SKU_2044_PAS_0,SKU_2044_PAS,2025-06-17,79,72.87,,2025-08-01,,Entregue
PED_SKU_2044_PAS_1,SKU_2044_PAS,2025-08-16,79,72.87,,2025-09-30,,Entregue
PED_SKU_2044_PAS_2,SKU_2044_PAS,2025-10-15,79,72.87,,2025-11-29,,Entregue
PED_SKU_2044_PAS_3,SKU_2044_PAS,2025-12-14,79,72.87,,2026-01-28,,Entregue
PED_SKU_2044_COB_0,SKU_2044_COB,2025-06-17,92,72.87,,2025-08-01,,Entregue
PED_SKU_2044_COB_1,SKU_2044_COB,2025-08-16,92,72.87,,2025-09-30,,Entregue
PED_SKU_2044_COB_2,SKU_2044_COB,2025-10-15,92,72.87,,2025-11-29,,Entregue
PED_SKU_2045_AQU_0,SKU_2045_AQU,2025-06-17,97,57.36,,2025-08-01,,Entregue
PED_SKU_2045_AQU_1,SKU_2045_AQU,2025-08-16,97,57.36,,2025-09-30,,Entregue
PED_SKU_2045_AQU_2,SKU_2045_AQU,2025-10-15,97,57.36,,2025-11-29,,Entregue
PED_SKU_2045_MID_0,SKU_2045_MID,2025-06-17,70,57.36,,2025-08-01,,Entregue
PED_SKU_2045_MID_1,SKU_2045_MID,2025-08-16,70,57.36,,2025-09-30,,Entregue
PED_SKU_2045_MID_2,SKU_2045_MID,2025-10-15,70,57.36,,2025-11-29,,Entregue
PED_SKU_2045_MID_3,SKU_2045_MID,2025-12-14,70,57.36,,2026-01-28,,Entregue
PED_SKU_2046_BLA_0,SKU_2046_BLA,2025-06-17,66,152.93,,2025-08-01,,Entregue
PED_SKU_2046_BLA_1,SKU_2046_BLA,2025-08-16,66,152.93,,2025-09-30,,Entregue
PED_SKU_2046_BLA_2,SKU_2046_BLA,2025-10-15,66,152.93,,2025-11-29,,Cancelado
PED_SKU_2046_BLA_3,SKU_2046_BLA,2025-12-14,66,152.93,,2026-01-28,,Entregue
PED_SKU_2046_MAR_0,SKU_2046_MAR,2025-06-17,106,152.93,,2025-08-01,,Entregue
PED_SKU_2046_MAR_1,SKU_2046_MAR,2025-08-16,106,152.93,,2025-09-30,,Entregue
PED_SKU_2046_MAR_2,SKU_2046_MAR,2025-10-15,106,152.93,,2025-11-29,,Entregue
PED_SKU_2047_HUN_0,SKU_2047_HUN,2025-06-17,145,427.91,,2025-08-01,,Entregue
PED_SKU_2047_HUN_1,SKU_2047_HUN,2025-08-16,145,427.91,,2025-09-30,,Entregue
PED_SKU_2047_FUC_0,SKU_2047_FUC,2025-06-17,96,427.91,,2025-08-01,,Entregue
PED_SKU_2047_FUC_1,SKU_2047_FUC,2025-08-16,96,427.91,,2025-09-30,,Entregue
PED_SKU_2047_FUC_2,SKU_2047_FUC,2025-10-15,96,427.91,,2025-11-29,,Entregue
PED_SKU_2048_MAR_0,SKU_2048_MAR,2025-06-17,89,126.71,,2025-08-01,,Entregue
PED_SKU_2048_MAR_1,SKU_2048_MAR,2025-08-16,89,126.71,,2025-09-30,,Entregue
PED_SKU_2048_MAR_2,SKU_2048_MAR,2025-10-15,89,126.71,,2025-11-29,,Entregue
PED_SKU_2048_FOR_0,SKU_2048_FOR,2025-06-17,75,126.71,,2025-08-01,,Entregue
PED_SKU_2048_FOR_1,SKU_2048_FOR,2025-08-16,75,126.71,,2025-09-30,,Entregue
PED_SKU_2048_FOR_2,SKU_2048_FOR,2025-10-15,75,126.71,,2025-11-29,,Entregue
PED_SKU_2048_FOR_3,SKU_2048_FOR,2025-12-14,75,126.71,,2026-01-28,,Entregue
PED_SKU_2049_TEA_0,SKU_2049_TEA,2025-06-17,69,68.34,,2025-08-01,,Entregue
PED_SKU_2049_TEA_1,SKU_2049_TEA,2025-08-16,69,68.34,,2025-09-30,,Cancelado
PED_SKU_2049_TEA_2,SKU_2049_TEA,2025-10-15,69,68.34,,2025-11-29,,Entregue
PED_SKU_2049_TEA_3,SKU_2049_TEA,2025-12-14,69,68.34,,2026-01-28,,Entregue
PED_SKU_2049_PAS_0,SKU_2049_PAS,2025-06-17,149,68.34,,2025-08-01,,Cancelado
PED_SKU_2049_PAS_1,SKU_2049_PAS,2025-08-16,149,68.34,,2025-09-30,,Entregue
PED_SKU_2050_MOS_0,SKU_2050_MOS,2025-06-17,175,150.57,,2025-08-01,,Entregue
PED_SKU_2050_MOS_1,SKU_2050_MOS,2025-08-16,175,150.57,,2025-09-30,,Entregue
PED_SKU_2050_BLU_0,SKU_2050_BLU,2025-06-17,83,150.57,,2025-08-01,,Entregue
PED_SKU_2050_BLU_1,SKU_2050_BLU,2025-08-16,83,150.57,,2025-09-30,,Entregue
PED_SKU_2050_BLU_2,SKU_2050_BLU,2025-10-15,83,150.57,,2025-11-29,,Entregue
PED_SKU_2050_BLU_3,SKU_2050_BLU,2025-12-14,83,150.57,,2026-01-28,,Entregue
PED_SKU_2051_FOR_0,SKU_2051_FOR,2025-06-17,69,253.45,,2025-08-01,,Entregue
PED_SKU_2051_FOR_1,SKU_2051_FOR,2025-08-16,69,253.45,,2025-09-30,,Entregue
PED_SKU_2051_FOR_2,SKU_2051_FOR,2025-10-15,69,253.45,,2025-11-29,,Entregue
PED_SKU_2051_FOR_3,SKU_2051_FOR,2025-12-14,69,253.45,,2026-01-28,,Entregue
PED_SKU_2051_MEX_0,SKU_2051_MEX,2025-06-17,97,253.45,,2025-08-01,,Entregue
PED_SKU_2051_MEX_1,SKU_2051_MEX,2025-08-16,97,253.45,,2025-09-30,,Entregue
PED_SKU_2051_MEX_2,SKU_2051_MEX,2025-10-15,97,253.45,,2025-11-29,,Entregue
PED_SKU_2052_NAV_0,SKU_2052_NAV,2025-06-17,150,95.37,,2025-08-01,,Entregue
PED_SKU_2052_NAV_1,SKU_2052_NAV,2025-08-16,150,95.37,,2025-09-30,,Entregue
PED_SKU_2052_FLA_0,SKU_2052_FLA,2025-06-17,105,95.37,,2025-08-01,,Entregue
PED_SKU_2052_FLA_1,SKU_2052_FLA,2025-08-16,105,95.37,,2025-09-30,,Entregue
PED_SKU_2052_FLA_2,SKU_2052_FLA,2025-10-15,105,95.37,,2025-11-29,,Entregue
PED_SKU_2053_DEN_0,SKU_2053_DEN,2025-06-17,162,105.65,,2025-08-01,,Entregue
PED_SKU_2053_DEN_1,SKU_2053_DEN,2025-08-16,162,105.65,,2025-09-30,,Entregue
PED_SKU_2053_EGR_0,SKU_2053_EGR,2025-06-17,100,105.65,,2025-08-01,,Entregue
PED_SKU_2053_EGR_1,SKU_2053_EGR,2025-08-16,100,105.65,,2025-09-30,,Entregue
PED_SKU_2053_EGR_2,SKU_2053_EGR,2025-10-15,100,105.65,,2025-11-29,,Entregue
PED_SKU_2054_ROY_0,SKU_2054_ROY,2025-06-17,149,123.96,,2025-08-01,,Cancelado
PED_SKU_2054_ROY_1,SKU_2054_ROY,2025-08-16,149,123.96,,2025-09-30,,Entregue
PED_SKU_2054_SAL_0,SKU_2054_SAL,2025-06-17,158,123.96,,2025-08-01,,Entregue
PED_SKU_2054_SAL_1,SKU_2054_SAL,2025-08-16,158,123.96,,2025-09-30,,Entregue
PED_SKU_2055_RAS_0,SKU_2055_RAS,2025-06-17,167,122.93,,2025-08-01,,Entregue
PED_SKU_2055_RAS_1,SKU_2055_RAS,2025-08-16,167,122.93,,2025-09-30,,Entregue
PED_SKU_2055_SAP_0,SKU_2055_SAP,2025-06-17,83,122.93,,2025-08-01,,Cancelado
PED_SKU_2055_SAP_1,SKU_2055_SAP,2025-08-16,83,122.93,,2025-09-30,,Cancelado
PED_SKU_2055_SAP_2,SKU_2055_SAP,2025-10-15,83,122.93,,2025-11-29,,Entregue
PED_SKU_2055_SAP_3,SKU_2055_SAP,2025-12-14,83,122.93,,2026-01-28,,Entregue
PED_SKU_2056_DEN_0,SKU_2056_DEN,2025-06-17,156,338.41,,2025-08-01,,Entregue
PED_SKU_2056_DEN_1,SKU_2056_DEN,2025-08-16,156,338.41,,2025-09-30,,Cancelado
PED_SKU_2056_SKY_0,SKU_2056_SKY,2025-06-17,157,338.41,,2025-08-01,,Entregue
PED_SKU_2056_SKY_1,SKU_2056_SKY,2025-08-16,157,338.41,,2025-09-30,,Entregue
PED_SKU_2057_SNO_0,SKU_2057_SNO,2025-06-17,166,359.44,,2025-08-01,,Entregue
PED_SKU_2057_SNO_1,SKU_2057_SNO,2025-08-16,166,359.44,,2025-09-30,,Entregue
PED_SKU_2057_VAN_0,SKU_2057_VAN,2025-06-17,98,359.44,,2025-08-01,,Entregue
PED_SKU_2057_VAN_1,SKU_2057_VAN,2025-08-16,98,359.44,,2025-09-30,,Cancelado
PED_SKU_2057_VAN_2,SKU_2057_VAN,2025-10-15,98,359.44,,2025-11-29,,Entregue
PED_SKU_2058_BUB_0,SKU_2058_BUB,2025-06-17,160,69.1,,2025-08-01,,Entregue
PED_SKU_2058_BUB_1,SKU_2058_BUB,2025-08-16,160,69.1,,2025-09-30,,Entregue
PED_SKU_2058_MOS_0,SKU_2058_MOS,2025-06-17,137,69.1,,2025-08-01,,Entregue
PED_SKU_2058_MOS_1,SKU_2058_MOS,2025-08-16,137,69.1,,2025-09-30,,Entregue
PED_SKU_2059_WHI_0,SKU_2059_WHI,2025-06-17,102,203.49,,2025-08-01,,Entregue
PED_SKU_2059_WHI_1,SKU_2059_WHI,2025-08-16,102,203.49,,2025-09-30,,Entregue
PED_SKU_2059_WHI_2,SKU_2059_WHI,2025-10-15,102,203.49,,2025-11-29,,Entregue
PED_SKU_2059_SNO_0,SKU_2059_SNO,2025-06-17,99,203.49,,2025-08-01,,Cancelado
PED_SKU_2059_SNO_1,SKU_2059_SNO,2025-08-16,99,203.49,,2025-09-30,,Entregue
PED_SKU_2059_SNO_2,SKU_2059_SNO,2025-10-15,99,203.49,,2025-11-29,,Entregue
PED_SKU_2060_MEX_0,SKU_2060_MEX,2025-06-17,158,297.3,,2025-08-01,,Entregue
PED_SKU_2060_MEX_1,SKU_2060_MEX,2025-08-16,158,297.3,,2025-09-30,,Entregue
PED_SKU_2060_VAN_0,SKU_2060_VAN,2025-06-17,147,297.3,,2025-08-01,,Entregue
PED_SKU_2060_VAN_1,SKU_2060_VAN,2025-08-16,147,297.3,,2025-09-30,,Entregue
PED_SKU_2061_POW_0,SKU_2061_POW,2025-06-17,105,69.1,,2025-08-01,,Entregue
PED_SKU_2061_POW_1,SKU_2061_POW,2025-08-16,105,69.1,,2025-09-30,,Entregue
PED_SKU_2061_POW_2,SKU_2061_POW,2025-10-15,105,69.1,,2025-11-29,,Entregue
PED_SKU_2061_BRI_0,SKU_2061_BRI,2025-06-17,146,69.1,,2025-08-01,,Entregue
PED_SKU_2061_BRI_1,SKU_2061_BRI,2025-08-16,146,69.1,,2025-09-30,,Entregue
PED_SKU_2062_BAB_0,SKU_2062_BAB,2025-06-17,134,46.06,,2025-08-01,,Entregue
PED_SKU_2062_BAB_1,SKU_2062_BAB,2025-08-16,134,46.06,,2025-09-30,,Entregue
PED_SKU_2062_DUS_0,SKU_2062_DUS,2025-06-17,94,46.06,,2025-08-01,,Entregue
PED_SKU_2062_DUS_1,SKU_2062_DUS,2025-08-16,94,46.06,,2025-09-30,,Entregue
PED_SKU_2062_DUS_2,SKU_2062_DUS,2025-10-15,94,46.06,,2025-11-29,,Entregue
PED_SKU_2063_POW_0,SKU_2063_POW,2025-06-17,157,72.79,,2025-08-01,,Cancelado
PED_SKU_2063_POW_1,SKU_2063_POW,2025-08-16,157,72.79,,2025-09-30,,Entregue
PED_SKU_2063_SHO_0,SKU_2063_SHO,2025-06-17,104,72.79,,2025-08-01,,Entregue
PED_SKU_2063_SHO_1,SKU_2063_SHO,2025-08-16,104,72.79,,2025-09-30,,Entregue
PED_SKU_2063_SHO_2,SKU_2063_SHO,2025-10-15,104,72.79,,2025-11-29,,Entregue
PED_SKU_2064_PIS_0,SKU_2064_PIS,2025-06-17,145,131.65,,2025-08-01,,Entregue
PED_SKU_2064_PIS_1,SKU_2064_PIS,2025-08-16,145,131.65,,2025-09-30,,Entregue
PED_SKU_2064_SAP_0,SKU_2064_SAP,2025-06-17,133,131.65,,2025-08-01,,Entregue
PED_SKU_2064_SAP_1,SKU_2064_SAP,2025-08-16,133,131.65,,2025-09-30,,Entregue
PED_SKU_2065_OFF_0,SKU_2065_OFF,2025-06-17,154,65.81,,2025-08-01,,Entregue
PED_SKU_2065_OFF_1,SKU_2065_OFF,2025-08-16,154,65.81,,2025-09-30,,Cancelado
PED_SKU_2065_DUS_0,SKU_2065_DUS,2025-06-17,150,65.81,,2025-08-01,,Entregue
PED_SKU_2065_DUS_1,SKU_2065_DUS,2025-08-16,150,65.81,,2025-09-30,,Entregue
PED_SKU_2066_TEA_0,SKU_2066_TEA,2025-06-17,92,157.19,,2025-08-01,,Entregue
PED_SKU_2066_TEA_1,SKU_2066_TEA,2025-08-16,92,157.19,,2025-09-30,,Entregue
PED_SKU_2066_TEA_2,SKU_2066_TEA,2025-10-15,92,157.19,,2025-11-29,,Entregue
PED_SKU_2066_BLA_0,SKU_2066_BLA,2025-06-17,112,157.19,,2025-08-01,,Entregue
PED_SKU_2066_BLA_1,SKU_2066_BLA,2025-08-16,112,157.19,,2025-09-30,,Entregue
PED_SKU_2066_BLA_2,SKU_2066_BLA,2025-10-15,112,157.19,,2025-11-29,,Entregue
PED_SKU_2067_MIN_0,SKU_2067_MIN,2025-06-17,146,111.27,,2025-08-01,,Entregue
PED_SKU_2067_MIN_1,SKU_2067_MIN,2025-08-16,146,111.27,,2025-09-30,,Entregue
PED_SKU_2067_DUS_0,SKU_2067_DUS,2025-06-17,106,111.27,,2025-08-01,,Entregue
PED_SKU_2067_DUS_1,SKU_2067_DUS,2025-08-16,106,111.27,,2025-09-30,,Entregue
PED_SKU_2067_DUS_2,SKU_2067_DUS,2025-10-15,106,111.27,,2025-11-29,,Entregue
PED_SKU_2068_IVO_0,SKU_2068_IVO,2025-06-17,88,133.29,,2025-08-01,,Entregue
PED_SKU_2068_IVO_1,SKU_2068_IVO,2025-08-16,88,133.29,,2025-09-30,,Entregue
PED_SKU_2068_IVO_2,SKU_2068_IVO,2025-10-15,88,133.29,,2025-11-29,,Entregue
PED_SKU_2068_HON_0,SKU_2068_HON,2025-06-17,71,133.29,,2025-08-01,,Entregue
PED_SKU_2068_HON_1,SKU_2068_HON,2025-08-16,71,133.29,,2025-09-30,,Entregue
PED_SKU_2068_HON_2,SKU_2068_HON,2025-10-15,71,133.29,,2025-11-29,,Entregue
PED_SKU_2068_HON_3,SKU_2068_HON,2025-12-14,71,133.29,,2026-01-28,,Entregue
PED_SKU_2069_TEA_0,SKU_2069_TEA,2025-06-17,138,69.93,,2025-08-01,,Entregue
PED_SKU_2069_TEA_1,SKU_2069_TEA,2025-08-16,138,69.93,,2025-09-30,,Entregue
PED_SKU_2069_BUB_0,SKU_2069_BUB,2025-06-17,106,69.93,,2025-08-01,,Entregue
PED_SKU_2069_BUB_1,SKU_2069_BUB,2025-08-16,106,69.93,,2025-09-30,,Entregue
PED_SKU_2069_BUB_2,SKU_2069_BUB,2025-10-15,106,69.93,,2025-11-29,,Entregue
PED_SKU_2070_COR_0,SKU_2070_COR,2025-06-17,154,70.75,,2025-08-01,,Entregue
PED_SKU_2070_COR_1,SKU_2070_COR,2025-08-16,154,70.75,,2025-09-30,,Entregue
PED_SKU_2070_SPA_0,SKU_2070_SPA,2025-06-17,82,70.75,,2025-08-01,,Entregue
PED_SKU_2070_SPA_1,SKU_2070_SPA,2025-08-16,82,70.75,,2025-09-30,,Entregue
PED_SKU_2070_SPA_2,SKU_2070_SPA,2025-10-15,82,70.75,,2025-11-29,,Entregue
PED_SKU_2070_SPA_3,SKU_2070_SPA,2025-12-14,82,70.75,,2026-01-28,,Entregue
PED_SKU_2071_PAS_0,SKU_2071_PAS,2025-06-17,96,85.56,,2025-08-01,,Entregue
PED_SKU_2071_PAS_1,SKU_2071_PAS,2025-08-16,96,85.56,,2025-09-30,,Entregue
PED_SKU_2071_PAS_2,SKU_2071_PAS,2025-10-15,96,85.56,,2025-11-29,,Entregue
PED_SKU_2071_PEA_0,SKU_2071_PEA,2025-06-17,74,85.56,,2025-08-01,,Entregue
PED_SKU_2071_PEA_1,SKU_2071_PEA,2025-08-16,74,85.56,,2025-09-30,,Entregue
PED_SKU_2071_PEA_2,SKU_2071_PEA,2025-10-15,74,85.56,,2025-11-29,,Entregue
PED_SKU_2071_PEA_3,SKU_2071_PEA,2025-12-14,74,85.56,,2026-01-28,,Entregue
PED_SKU_2072_BAB_0,SKU_2072_BAB,2025-06-17,162,89.34,,2025-08-01,,Entregue
PED_SKU_2072_BAB_1,SKU_2072_BAB,2025-08-16,162,89.34,,2025-09-30,,Entregue
PED_SKU_2072_MIN_0,SKU_2072_MIN,2025-06-17,72,89.34,,2025-08-01,,Entregue
PED_SKU_2072_MIN_1,SKU_2072_MIN,2025-08-16,72,89.34,,2025-09-30,,Entregue
PED_SKU_2072_MIN_2,SKU_2072_MIN,2025-10-15,72,89.34,,2025-11-29,,Entregue
PED_SKU_2072_MIN_3,SKU_2072_MIN,2025-12-14,72,89.34,,2026-01-28,,Entregue
PED_SKU_2073_HUN_0,SKU_2073_HUN,2025-06-17,155,95.44,,2025-08-01,,Entregue
PED_SKU_2073_HUN_1,SKU_2073_HUN,2025-08-16,155,95.44,,2025-09-30,,Entregue
PED_SKU_2073_PAL_0,SKU_2073_PAL,2025-06-17,95,95.44,,2025-08-01,,Entregue
PED_SKU_2073_PAL_1,SKU_2073_PAL,2025-08-16,95,95.44,,2025-09-30,,Entregue
PED_SKU_2073_PAL_2,SKU_2073_PAL,2025-10-15,95,95.44,,2025-11-29,,Entregue
PED_SKU_2074_PAS_0,SKU_2074_PAS,2025-06-17,79,73.52,,2025-08-01,,Entregue
PED_SKU_2074_PAS_1,SKU_2074_PAS,2025-08-16,79,73.52,,2025-09-30,,Entregue
PED_SKU_2074_PAS_2,SKU_2074_PAS,2025-10-15,79,73.52,,2025-11-29,,Entregue
PED_SKU_2074_PAS_3,SKU_2074_PAS,2025-12-14,79,73.52,,2026-01-28,,Entregue
PED_SKU_2074_ARM_0,SKU_2074_ARM,2025-06-17,94,73.52,,2025-08-01,,Entregue
PED_SKU_2074_ARM_1,SKU_2074_ARM,2025-08-16,94,73.52,,2025-09-30,,Entregue
PED_SKU_2074_ARM_2,SKU_2074_ARM,2025-10-15,94,73.52,,2025-11-29,,Entregue
PED_SKU_2075_COB_0,SKU_2075_COB,2025-06-17,124,71.24,,2025-08-01,,Entregue
PED_SKU_2075_COB_1,SKU_2075_COB,2025-08-16,124,71.24,,2025-09-30,,Entregue
PED_SKU_2075_COR_0,SKU_2075_COR,2025-06-17,103,71.24,,2025-08-01,,Entregue
PED_SKU_2075_COR_1,SKU_2075_COR,2025-08-16,103,71.24,,2025-09-30,,Entregue
PED_SKU_2075_COR_2,SKU_2075_COR,2025-10-15,103,71.24,,2025-11-29,,Cancelado
PED_SKU_2076_MIN_0,SKU_2076_MIN,2025-06-17,99,126.94,,2025-08-01,,Entregue
PED_SKU_2076_MIN_1,SKU_2076_MIN,2025-08-16,99,126.94,,2025-09-30,,Entregue
PED_SKU_2076_MIN_2,SKU_2076_MIN,2025-10-15,99,126.94,,2025-11-29,,Cancelado
PED_SKU_2076_SAG_0,SKU_2076_SAG,2025-06-17,110,126.94,,2025-08-01,,Entregue
PED_SKU_2076_SAG_1,SKU_2076_SAG,2025-08-16,110,126.94,,2025-09-30,,Entregue
PED_SKU_2076_SAG_2,SKU_2076_SAG,2025-10-15,110,126.94,,2025-11-29,,Entregue
PED_SKU_2077_MOS_0,SKU_2077_MOS,2025-06-17,159,67.0,,2025-08-01,,Entregue
PED_SKU_2077_MOS_1,SKU_2077_MOS,2025-08-16,159,67.0,,2025-09-30,,Entregue
PED_SKU_2077_PIS_0,SKU_2077_PIS,2025-06-17,128,67.0,,2025-08-01,,Entregue
PED_SKU_2077_PIS_1,SKU_2077_PIS,2025-08-16,128,67.0,,2025-09-30,,Entregue
PED_SKU_2078_ARM_0,SKU_2078_ARM,2025-06-17,68,91.26,,2025-08-01,,Entregue
PED_SKU_2078_ARM_1,SKU_2078_ARM,2025-08-16,68,91.26,,2025-09-30,,Entregue
PED_SKU_2078_ARM_2,SKU_2078_ARM,2025-10-15,68,91.26,,2025-11-29,,Entregue
PED_SKU_2078_ARM_3,SKU_2078_ARM,2025-12-14,68,91.26,,2026-01-28,,Entregue
PED_SKU_2078_CLE_0,SKU_2078_CLE,2025-06-17,155,91.26,,2025-08-01,,Entregue
PED_SKU_2078_CLE_1,SKU_2078_CLE,2025-08-16,155,91.26,,2025-09-30,,Entregue
PED_SKU_2079_TUR_0,SKU_2079_TUR,2025-06-17,111,352.21,,2025-08-01,,Entregue
PED_SKU_2079_TUR_1,SKU_2079_TUR,2025-08-16,111,352.21,,2025-09-30,,Entregue
PED_SKU_2079_TUR_2,SKU_2079_TUR,2025-10-15,111,352.21,,2025-11-29,,Entregue
PED_SKU_2079_WHI_0,SKU_2079_WHI,2025-06-17,149,352.21,,2025-08-01,,Entregue
PED_SKU_2079_WHI_1,SKU_2079_WHI,2025-08-16,149,352.21,,2025-09-30,,Entregue
PED_SKU_2080_FLA_0,SKU_2080_FLA,2025-06-17,142,78.98,,2025-08-01,,Entregue
PED_SKU_2080_FLA_1,SKU_2080_FLA,2025-08-16,142,78.98,,2025-09-30,,Entregue
PED_SKU_2080_VAN_0,SKU_2080_VAN,2025-06-17,89,78.98,,2025-08-01,,Entregue
PED_SKU_2080_VAN_1,SKU_2080_VAN,2025-08-16,89,78.98,,2025-09-30,,Entregue
PED_SKU_2080_VAN_2,SKU_2080_VAN,2025-10-15,89,78.98,,2025-11-29,,Entregue
PED_SKU_2080_VAN_3,SKU_2080_VAN,2025-12-14,89,78.98,,2026-01-28,,Entregue
PED_SKU_2081_PAL_0,SKU_2081_PAL,2025-06-17,77,123.99,,2025-08-01,,Entregue
PED_SKU_2081_PAL_1,SKU_2081_PAL,2025-08-16,77,123.99,,2025-09-30,,Entregue
PED_SKU_2081_PAL_2,SKU_2081_PAL,2025-10-15,77,123.99,,2025-11-29,,Entregue
PED_SKU_2081_PAL_3,SKU_2081_PAL,2025-12-14,77,123.99,,2026-01-28,,Entregue
PED_SKU_2081_HUN_0,SKU_2081_HUN,2025-06-17,142,123.99,,2025-08-01,,Entregue
PED_SKU_2081_HUN_1,SKU_2081_HUN,2025-08-16,142,123.99,,2025-09-30,,Entregue
PED_SKU_2082_PAS_0,SKU_2082_PAS,2025-06-17,166,168.78,,2025-08-01,,Entregue
PED_SKU_2082_PAS_1,SKU_2082_PAS,2025-08-16,166,168.78,,2025-09-30,,Entregue
PED_SKU_2082_HON_0,SKU_2082_HON,2025-06-17,156,168.78,,2025-08-01,,Entregue
PED_SKU_2082_HON_1,SKU_2082_HON,2025-08-16,156,168.78,,2025-09-30,,Entregue
PED_SKU_2083_GAR_0,SKU_2083_GAR,2025-06-17,153,77.33,,2025-08-01,,Entregue
PED_SKU_2083_GAR_1,SKU_2083_GAR,2025-08-16,153,77.33,,2025-09-30,,Entregue
PED_SKU_2083_VAN_0,SKU_2083_VAN,2025-06-17,67,77.33,,2025-08-01,,Entregue
PED_SKU_2083_VAN_1,SKU_2083_VAN,2025-08-16,67,77.33,,2025-09-30,,Entregue
PED_SKU_2083_VAN_2,SKU_2083_VAN,2025-10-15,67,77.33,,2025-11-29,,Entregue
PED_SKU_2083_VAN_3,SKU_2083_VAN,2025-12-14,67,77.33,,2026-01-28,,Entregue
PED_SKU_2084_MAR_0,SKU_2084_MAR,2025-06-17,156,78.62,,2025-08-01,,Entregue
PED_SKU_2084_MAR_1,SKU_2084_MAR,2025-08-16,156,78.62,,2025-09-30,,Entregue
PED_SKU_2084_GAR_0,SKU_2084_GAR,2025-06-17,122,78.62,,2025-08-01,,Entregue
PED_SKU_2084_GAR_1,SKU_2084_GAR,2025-08-16,122,78.62,,2025-09-30,,Entregue
PED_SKU_2084_GAR_2,SKU_2084_GAR,2025-10-15,122,78.62,,2025-11-29,,Entregue
PED_SKU_2085_ARM_0,SKU_2085_ARM,2025-06-17,111,142.0,,2025-08-01,,Entregue
PED_SKU_2085_ARM_1,SKU_2085_ARM,2025-08-16,111,142.0,,2025-09-30,,Entregue
PED_SKU_2085_ARM_2,SKU_2085_ARM,2025-10-15,111,142.0,,2025-11-29,,Entregue
PED_SKU_2085_OLI_0,SKU_2085_OLI,2025-06-17,147,142.0,,2025-08-01,,Entregue
PED_SKU_2085_OLI_1,SKU_2085_OLI,2025-08-16,147,142.0,,2025-09-30,,Entregue
PED_SKU_2086_SHO_0,SKU_2086_SHO,2025-06-17,127,86.85,,2025-08-01,,Entregue
PED_SKU_2086_SHO_1,SKU_2086_SHO,2025-08-16,127,86.85,,2025-09-30,,Cancelado
PED_SKU_2086_MAG_0,SKU_2086_MAG,2025-06-17,154,86.85,,2025-08-01,,Entregue
PED_SKU_2086_MAG_1,SKU_2086_MAG,2025-08-16,154,86.85,,2025-09-30,,Entregue
PED_SKU_2087_DEN_0,SKU_2087_DEN,2025-06-17,79,81.72,,2025-08-01,,Entregue
PED_SKU_2087_DEN_1,SKU_2087_DEN,2025-08-16,79,81.72,,2025-09-30,,Entregue
PED_SKU_2087_DEN_2,SKU_2087_DEN,2025-10-15,79,81.72,,2025-11-29,,Entregue
PED_SKU_2087_DEN_3,SKU_2087_DEN,2025-12-14,79,81.72,,2026-01-28,,Entregue
PED_SKU_2087_CER_0,SKU_2087_CER,2025-06-17,80,81.72,,2025-08-01,,Entregue
PED_SKU_2087_CER_1,SKU_2087_CER,2025-08-16,80,81.72,,2025-09-30,,Entregue
PED_SKU_2087_CER_2,SKU_2087_CER,2025-10-15,80,81.72,,2025-11-29,,Entregue
PED_SKU_2087_CER_3,SKU_2087_CER,2025-12-14,80,81.72,,2026-01-28,,Entregue
PED_SKU_2088_VAN_0,SKU_2088_VAN,2025-06-17,160,416.5,,2025-08-01,,Entregue
PED_SKU_2088_VAN_1,SKU_2088_VAN,2025-08-16,160,416.5,,2025-09-30,,Entregue
PED_SKU_2088_DUS_0,SKU_2088_DUS,2025-06-17,158,416.5,,2025-08-01,,Entregue
PED_SKU_2088_DUS_1,SKU_2088_DUS,2025-08-16,158,416.5,,2025-09-30,,Entregue
PED_SKU_2089_EGR_0,SKU_2089_EGR,2025-06-17,76,163.81,,2025-08-01,,Entregue
PED_SKU_2089_EGR_1,SKU_2089_EGR,2025-08-16,76,163.81,,2025-09-30,,Entregue
PED_SKU_2089_EGR_2,SKU_2089_EGR,2025-10-15,76,163.81,,2025-11-29,,Entregue
PED_SKU_2089_EGR_3,SKU_2089_EGR,2025-12-14,76,163.81,,2026-01-28,,Cancelado
PED_SKU_2089_CLO_0,SKU_2089_CLO,2025-06-17,175,163.81,,2025-08-01,,Entregue
PED_SKU_2089_CLO_1,SKU_2089_CLO,2025-08-16,175,163.81,,2025-09-30,,Entregue
PED_SKU_2090_LIG_0,SKU_2090_LIG,2025-06-17,150,87.68,,2025-08-01,,Entregue
PED_SKU_2090_LIG_1,SKU_2090_LIG,2025-08-16,150,87.68,,2025-09-30,,Entregue
PED_SKU_2090_BUB_0,SKU_2090_BUB,2025-06-17,71,87.68,,2025-08-01,,Entregue
PED_SKU_2090_BUB_1,SKU_2090_BUB,2025-08-16,71,87.68,,2025-09-30,,Entregue
PED_SKU_2090_BUB_2,SKU_2090_BUB,2025-10-15,71,87.68,,2025-11-29,,Entregue
PED_SKU_2090_BUB_3,SKU_2090_BUB,2025-12-14,71,87.68,,2026-01-28,,Entregue
PED_SKU_2091_BIR_0,SKU_2091_BIR,2025-06-17,72,79.41,,2025-08-01,,Entregue
PED_SKU_2091_BIR_1,SKU_2091_BIR,2025-08-16,72,79.41,,2025-09-30,,Cancelado
PED_SKU_2091_BIR_2,SKU_2091_BIR,2025-10-15,72,79.41,,2025-11-29,,Entregue
PED_SKU_2091_BIR_3,SKU_2091_BIR,2025-12-14,72,79.41,,2026-01-28,,Entregue
PED_SKU_2091_AQU_0,SKU_2091_AQU,2025-06-17,91,79.41,,2025-08-01,,Entregue
PED_SKU_2091_AQU_1,SKU_2091_AQU,2025-08-16,91,79.41,,2025-09-30,,Entregue
PED_SKU_2091_AQU_2,SKU_2091_AQU,2025-10-15,91,79.41,,2025-11-29,,Entregue
PED_SKU_2092_EGR_0,SKU_2092_EGR,2025-06-17,93,87.42,,2025-08-01,,Entregue
PED_SKU_2092_EGR_1,SKU_2092_EGR,2025-08-16,93,87.42,,2025-09-30,,Entregue
PED_SKU_2092_EGR_2,SKU_2092_EGR,2025-10-15,93,87.42,,2025-11-29,,Entregue
PED_SKU_2092_FUC_0,SKU_2092_FUC,2025-06-17,76,87.42,,2025-08-01,,Entregue
PED_SKU_2092_FUC_1,SKU_2092_FUC,2025-08-16,76,87.42,,2025-09-30,,Entregue
PED_SKU_2092_FUC_2,SKU_2092_FUC,2025-10-15,76,87.42,,2025-11-29,,Entregue
PED_SKU_2092_FUC_3,SKU_2092_FUC,2025-12-14,76,87.42,,2026-01-28,,Entregue
PED_SKU_2093_SKY_0,SKU_2093_SKY,2025-06-17,84,74.04,,2025-08-01,,Entregue
PED_SKU_2093_SKY_1,SKU_2093_SKY,2025-08-16,84,74.04,,2025-09-30,,Entregue
PED_SKU_2093_SKY_2,SKU_2093_SKY,2025-10-15,84,74.04,,2025-11-29,,Entregue
PED_SKU_2093_SKY_3,SKU_2093_SKY,2025-12-14,84,74.04,,2026-01-28,,Cancelado
PED_SKU_2093_MYS_0,SKU_2093_MYS,2025-06-17,166,74.04,,2025-08-01,,Entregue
PED_SKU_2093_MYS_1,SKU_2093_MYS,2025-08-16,166,74.04,,2025-09-30,,Entregue
PED_SKU_2094_MYS_0,SKU_2094_MYS,2025-06-17,138,56.19,,2025-08-01,,Entregue
PED_SKU_2094_MYS_1,SKU_2094_MYS,2025-08-16,138,56.19,,2025-09-30,,Entregue
PED_SKU_2094_OLI_0,SKU_2094_OLI,2025-06-17,104,56.19,,2025-08-01,,Entregue
PED_SKU_2094_OLI_1,SKU_2094_OLI,2025-08-16,104,56.19,,2025-09-30,,Entregue
PED_SKU_2094_OLI_2,SKU_2094_OLI,2025-10-15,104,56.19,,2025-11-29,,Entregue
PED_SKU_2095_CLO_0,SKU_2095_CLO,2025-06-17,84,73.25,,2025-08-01,,Entregue
PED_SKU_2095_CLO_1,SKU_2095_CLO,2025-08-16,84,73.25,,2025-09-30,,Entregue
PED_SKU_2095_CLO_2,SKU_2095_CLO,2025-10-15,84,73.25,,2025-11-29,,Entregue
PED_SKU_2095_CLO_3,SKU_2095_CLO,2025-12-14,84,73.25,,2026-01-28,,Cancelado
PED_SKU_2095_SEA_0,SKU_2095_SEA,2025-06-17,80,73.25,,2025-08-01,,Entregue
PED_SKU_2095_SEA_1,SKU_2095_SEA,2025-08-16,80,73.25,,2025-09-30,,Cancelado
PED_SKU_2095_SEA_2,SKU_2095_SEA,2025-10-15,80,73.25,,2025-11-29,,Entregue
PED_SKU_2095_SEA_3,SKU_2095_SEA,2025-12-14,80,73.25,,2026-01-28,,Entregue
PED_SKU_2096_TEA_0,SKU_2096_TEA,2025-06-17,81,76.49,,2025-08-01,,Entregue
PED_SKU_2096_TEA_1,SKU_2096_TEA,2025-08-16,81,76.49,,2025-09-30,,Entregue
PED_SKU_2096_TEA_2,SKU_2096_TEA,2025-10-15,81,76.49,,2025-11-29,,Entregue
PED_SKU_2096_TEA_3,SKU_2096_TEA,2025-12-14,81,76.49,,2026-01-28,,Entregue
PED_SKU_2096_SNO_0,SKU_2096_SNO,2025-06-17,82,76.49,,2025-08-01,,Entregue
PED_SKU_2096_SNO_1,SKU_2096_SNO,2025-08-16,82,76.49,,2025-09-30,,Entregue
PED_SKU_2096_SNO_2,SKU_2096_SNO,2025-10-15,82,76.49,,2025-11-29,,Entregue
PED_SKU_2096_SNO_3,SKU_2096_SNO,2025-12-14,82,76.49,,2026-01-28,,Entregue
PED_SKU_2097_SPA_0,SKU_2097_SPA,2025-06-17,103,59.37,,2025-08-01,,Cancelado
PED_SKU_2097_SPA_1,SKU_2097_SPA,2025-08-16,103,59.37,,2025-09-30,,Entregue
PED_SKU_2097_SPA_2,SKU_2097_SPA,2025-10-15,103,59.37,,2025-11-29,,Entregue
PED_SKU_2097_ROS_0,SKU_2097_ROS,2025-06-17,149,59.37,,2025-08-01,,Entregue
PED_SKU_2097_ROS_1,SKU_2097_ROS,2025-08-16,149,59.37,,2025-09-30,,Entregue
PED_SKU_2098_EME_0,SKU_2098_EME,2025-06-17,101,115.72,,2025-08-01,,Entregue
PED_SKU_2098_EME_1,SKU_2098_EME,2025-08-16,101,115.72,,2025-09-30,,Entregue
PED_SKU_2098_EME_2,SKU_2098_EME,2025-10-15,101,115.72,,2025-11-29,,Entregue
PED_SKU_2098_SPA_0,SKU_2098_SPA,2025-06-17,77,115.72,,2025-08-01,,Entregue
PED_SKU_2098_SPA_1,SKU_2098_SPA,2025-08-16,77,115.72,,2025-09-30,,Entregue
PED_SKU_2098_SPA_2,SKU_2098_SPA,2025-10-15,77,115.72,,2025-11-29,,Entregue
PED_SKU_2098_SPA_3,SKU_2098_SPA,2025-12-14,77,115.72,,2026-01-28,,Entregue
PED_SKU_2099_DEE_0,SKU_2099_DEE,2025-06-17,96,89.34,,2025-08-01,,Cancelado
PED_SKU_2099_DEE_1,SKU_2099_DEE,2025-08-16,96,89.34,,2025-09-30,,Entregue
PED_SKU_2099_DEE_2,SKU_2099_DEE,2025-10-15,96,89.34,,2025-11-29,,Entregue
PED_SKU_2099_LIG_0,SKU_2099_LIG,2025-06-17,109,89.34,,2025-08-01,,Cancelado
PED_SKU_2099_LIG_1,SKU_2099_LIG,2025-08-16,109,89.34,,2025-09-30,,Entregue
PED_SKU_2099_LIG_2,SKU_2099_LIG,2025-10-15,109,89.34,,2025-11-29,,Entregue
PED_SKU_2100_BLU_0,SKU_2100_BLU,2025-06-17,85,334.11,,2025-08-01,,Entregue
PED_SKU_2100_BLU_1,SKU_2100_BLU,2025-08-16,85,334.11,,2025-09-30,,Entregue
PED_SKU_2100_BLU_2,SKU_2100_BLU,2025-10-15,85,334.11,,2025-11-29,,Entregue
PED_SKU_2100_BLU_3,SKU_2100_BLU,2025-12-14,85,334.11,,2026-01-28,,Entregue
PED_SKU_2100_MAG_0,SKU_2100_MAG,2025-06-17,142,334.11,,2025-08-01,,Entregue
PED_SKU_2100_MAG_1,SKU_2100_MAG,2025-08-16,142,334.11,,2025-09-30,,Entregue
PED_SKU_2101_PAS_0,SKU_2101_PAS,2025-06-17,157,81.06,,2025-08-01,,Entregue
PED_SKU_2101_PAS_1,SKU_2101_PAS,2025-08-16,157,81.06,,2025-09-30,,Entregue
PED_SKU_2101_BUB_0,SKU_2101_BUB,2025-06-17,167,81.06,,2025-08-01,,Entregue
PED_SKU_2101_BUB_1,SKU_2101_BUB,2025-08-16,167,81.06,,2025-09-30,,Entregue
PED_SKU_2102_WHI_0,SKU_2102_WHI,2025-06-17,94,236.88,,2025-08-01,,Cancelado
PED_SKU_2102_WHI_1,SKU_2102_WHI,2025-08-16,94,236.88,,2025-09-30,,Entregue
PED_SKU_2102_WHI_2,SKU_2102_WHI,2025-10-15,94,236.88,,2025-11-29,,Entregue
PED_SKU_2102_CLO_0,SKU_2102_CLO,2025-06-17,100,236.88,,2025-08-01,,Entregue
PED_SKU_2102_CLO_1,SKU_2102_CLO,2025-08-16,100,236.88,,2025-09-30,,Entregue
PED_SKU_2102_CLO_2,SKU_2102_CLO,2025-10-15,100,236.88,,2025-11-29,,Entregue
PED_SKU_2103_RAS_0,SKU_2103_RAS,2025-06-17,126,149.43,,2025-08-01,,Entregue
PED_SKU_2103_RAS_1,SKU_2103_RAS,2025-08-16,126,149.43,,2025-09-30,,Entregue
PED_SKU_2103_FUC_0,SKU_2103_FUC,2025-06-17,75,149.43,,2025-08-01,,Entregue
PED_SKU_2103_FUC_1,SKU_2103_FUC,2025-08-16,75,149.43,,2025-09-30,,Entregue
PED_SKU_2103_FUC_2,SKU_2103_FUC,2025-10-15,75,149.43,,2025-11-29,,Entregue
PED_SKU_2103_FUC_3,SKU_2103_FUC,2025-12-14,75,149.43,,2026-01-28,,Entregue
PED_SKU_2104_LIG_0,SKU_2104_LIG,2025-06-17,98,71.52,,2025-08-01,,Entregue
PED_SKU_2104_LIG_1,SKU_2104_LIG,2025-08-16,98,71.52,,2025-09-30,,Entregue
PED_SKU_2104_LIG_2,SKU_2104_LIG,2025-10-15,98,71.52,,2025-11-29,,Entregue
PED_SKU_2104_PEA_0,SKU_2104_PEA,2025-06-17,75,71.52,,2025-08-01,,Entregue
PED_SKU_2104_PEA_1,SKU_2104_PEA,2025-08-16,75,71.52,,2025-09-30,,Entregue
PED_SKU_2104_PEA_2,SKU_2104_PEA,2025-10-15,75,71.52,,2025-11-29,,Entregue
PED_SKU_2104_PEA_3,SKU_2104_PEA,2025-12-14,75,71.52,,2026-01-28,,Cancelado
PED_SKU_2105_RAS_0,SKU_2105_RAS,2025-06-17,164,108.09,,2025-08-01,,Entregue
PED_SKU_2105_RAS_1,SKU_2105_RAS,2025-08-16,164,108.09,,2025-09-30,,Entregue
PED_SKU_2105_LIG_0,SKU_2105_LIG,2025-06-17,111,108.09,,2025-08-01,,Entregue
PED_SKU_2105_LIG_1,SKU_2105_LIG,2025-08-16,111,108.09,,2025-09-30,,Entregue
PED_SKU_2105_LIG_2,SKU_2105_LIG,2025-10-15,111,108.09,,2025-11-29,,Entregue
PED_SKU_2106_HON_0,SKU_2106_HON,2025-06-17,67,77.33,,2025-08-01,,Entregue
PED_SKU_2106_HON_1,SKU_2106_HON,2025-08-16,67,77.33,,2025-09-30,,Entregue
PED_SKU_2106_HON_2,SKU_2106_HON,2025-10-15,67,77.33,,2025-11-29,,Entregue
PED_SKU_2106_HON_3,SKU_2106_HON,2025-12-14,67,77.33,,2026-01-28,,Entregue
PED_SKU_2106_FUC_0,SKU_2106_FUC,2025-06-17,66,77.33,,2025-08-01,,Entregue
PED_SKU_2106_FUC_1,SKU_2106_FUC,2025-08-16,66,77.33,,2025-09-30,,Entregue
PED_SKU_2106_FUC_2,SKU_2106_FUC,2025-10-15,66,77.33,,2025-11-29,,Entregue
PED_SKU_2106_FUC_3,SKU_2106_FUC,2025-12-14,66,77.33,,2026-01-28,,Entregue
PED_SKU_2107_SNO_0,SKU_2107_SNO,2025-06-17,93,140.64,,2025-08-01,,Entregue
PED_SKU_2107_SNO_1,SKU_2107_SNO,2025-08-16,93,140.64,,2025-09-30,,Cancelado
PED_SKU_2107_SNO_2,SKU_2107_SNO,2025-10-15,93,140.64,,2025-11-29,,Entregue
PED_SKU_2107_WHI_0,SKU_2107_WHI,2025-06-17,129,140.64,,2025-08-01,,Entregue
PED_SKU_2107_WHI_1,SKU_2107_WHI,2025-08-16,129,140.64,,2025-09-30,,Entregue
PED_SKU_2108_BLU_0,SKU_2108_BLU,2025-06-17,103,95.37,,2025-08-01,,Entregue
PED_SKU_2108_BLU_1,SKU_2108_BLU,2025-08-16,103,95.37,,2025-09-30,,Entregue
PED_SKU_2108_BLU_2,SKU_2108_BLU,2025-10-15,103,95.37,,2025-11-29,,Cancelado
PED_SKU_2108_MAR_0,SKU_2108_MAR,2025-06-17,158,95.37,,2025-08-01,,Entregue
PED_SKU_2108_MAR_1,SKU_2108_MAR,2025-08-16,158,95.37,,2025-09-30,,Entregue
PED_SKU_2109_TEA_0,SKU_2109_TEA,2025-06-17,98,101.73,,2025-08-01,,Entregue
PED_SKU_2109_TEA_1,SKU_2109_TEA,2025-08-16,98,101.73,,2025-09-30,,Entregue
PED_SKU_2109_TEA_2,SKU_2109_TEA,2025-10-15,98,101.73,,2025-11-29,,Entregue
PED_SKU_2109_WHI_0,SKU_2109_WHI,2025-06-17,75,101.73,,2025-08-01,,Entregue
PED_SKU_2109_WHI_1,SKU_2109_WHI,2025-08-16,75,101.73,,2025-09-30,,Entregue
PED_SKU_2109_WHI_2,SKU_2109_WHI,2025-10-15,75,101.73,,2025-11-29,,Entregue
PED_SKU_2109_WHI_3,SKU_2109_WHI,2025-12-14,75,101.73,,2026-01-28,,Entregue
PED_SKU_2110_SPA_0,SKU_2110_SPA,2025-06-17,77,69.93,,2025-08-01,,Entregue
PED_SKU_2110_SPA_1,SKU_2110_SPA,2025-08-16,77,69.93,,2025-09-30,,Entregue
PED_SKU_2110_SPA_2,SKU_2110_SPA,2025-10-15,77,69.93,,2025-11-29,,Entregue
PED_SKU_2110_SPA_3,SKU_2110_SPA,2025-12-14,77,69.93,,2026-01-28,,Entregue
PED_SKU_2110_TEA_0,SKU_2110_TEA,2025-06-17,103,69.93,,2025-08-01,,Entregue
PED_SKU_2110_TEA_1,SKU_2110_TEA,2025-08-16,103,69.93,,2025-09-30,,Entregue
PED_SKU_2110_TEA_2,SKU_2110_TEA,2025-10-15,103,69.93,,2025-11-29,,Entregue
PED_SKU_2111_SNO_0,SKU_2111_SNO,2025-06-17,81,74.7,,2025-08-01,,Entregue
PED_SKU_2111_SNO_1,SKU_2111_SNO,2025-08-16,81,74.7,,2025-09-30,,Cancelado
PED_SKU_2111_SNO_2,SKU_2111_SNO,2025-10-15,81,74.7,,2025-11-29,,Entregue
PED_SKU_2111_SNO_3,SKU_2111_SNO,2025-12-14,81,74.7,,2026-01-28,,Entregue
PED_SKU_2111_ARM_0,SKU_2111_ARM,2025-06-17,163,74.7,,2025-08-01,,Entregue
PED_SKU_2111_ARM_1,SKU_2111_ARM,2025-08-16,163,74.7,,2025-09-30,,Entregue
PED_SKU_2112_MID_0,SKU_2112_MID,2025-06-17,100,106.5,,2025-08-01,,Entregue
PED_SKU_2112_MID_1,SKU_2112_MID,2025-08-16,100,106.5,,2025-09-30,,Entregue
PED_SKU_2112_MID_2,SKU_2112_MID,2025-10-15,100,106.5,,2025-11-29,,Entregue
PED_SKU_2112_TEA_0,SKU_2112_TEA,2025-06-17,90,106.5,,2025-08-01,,Entregue
PED_SKU_2112_TEA_1,SKU_2112_TEA,2025-08-16,90,106.5,,2025-09-30,,Entregue
PED_SKU_2112_TEA_2,SKU_2112_TEA,2025-10-15,90,106.5,,2025-11-29,,Entregue
PED_SKU_2113_DUS_0,SKU_2113_DUS,2025-06-17,69,54.58,,2025-08-01,,Entregue
PED_SKU_2113_DUS_1,SKU_2113_DUS,2025-08-16,69,54.58,,2025-09-30,,Entregue
PED_SKU_2113_DUS_2,SKU_2113_DUS,2025-10-15,69,54.58,,2025-11-29,,Entregue
PED_SKU_2113_DUS_3,SKU_2113_DUS,2025-12-14,69,54.58,,2026-01-28,,Entregue
PED_SKU_2113_NAV_0,SKU_2113_NAV,2025-06-17,140,54.58,,2025-08-01,,Entregue
PED_SKU_2113_NAV_1,SKU_2113_NAV,2025-08-16,140,54.58,,2025-09-30,,Entregue
PED_SKU_2114_DUS_0,SKU_2114_DUS,2025-06-17,83,123.99,,2025-08-01,,Entregue
PED_SKU_2114_DUS_1,SKU_2114_DUS,2025-08-16,83,123.99,,2025-09-30,,Entregue
PED_SKU_2114_DUS_2,SKU_2114_DUS,2025-10-15,83,123.99,,2025-11-29,,Entregue
PED_SKU_2114_BIR_0,SKU_2114_BIR,2025-06-17,110,123.99,,2025-08-01,,Entregue
PED_SKU_2114_BIR_1,SKU_2114_BIR,2025-08-16,110,123.99,,2025-09-30,,Entregue
PED_SKU_2114_BIR_2,SKU_2114_BIR,2025-10-15,110,123.99,,2025-11-29,,Entregue
PED_SKU_2115_CER_0,SKU_2115_CER,2025-06-17,186,121.56,,2025-08-01,,Entregue
PED_SKU_2115_CER_1,SKU_2115_CER,2025-08-16,186,121.56,,2025-09-30,,Entregue
PED_SKU_2115_PEA_0,SKU_2115_PEA,2025-06-17,157,121.56,,2025-08-01,,Entregue
PED_SKU_2115_PEA_1,SKU_2115_PEA,2025-08-16,157,121.56,,2025-09-30,,Entregue
PED_SKU_2116_SNO_0,SKU_2116_SNO,2025-06-17,74,120.25,,2025-08-01,,Entregue
PED_SKU_2116_SNO_1,SKU_2116_SNO,2025-08-16,74,120.25,,2025-09-30,,Entregue
PED_SKU_2116_SNO_2,SKU_2116_SNO,2025-10-15,74,120.25,,2025-11-29,,Entregue
PED_SKU_2116_SNO_3,SKU_2116_SNO,2025-12-14,74,120.25,,2026-01-28,,Entregue
PED_SKU_2116_BLA_0,SKU_2116_BLA,2025-06-17,148,120.25,,2025-08-01,,Entregue
PED_SKU_2116_BLA_1,SKU_2116_BLA,2025-08-16,148,120.25,,2025-09-30,,Entregue
PED_SKU_2117_RAS_0,SKU_2117_RAS,2025-06-17,99,205.79,,2025-08-01,,Entregue
PED_SKU_2117_RAS_1,SKU_2117_RAS,2025-08-16,99,205.79,,2025-09-30,,Entregue
PED_SKU_2117_RAS_2,SKU_2117_RAS,2025-10-15,99,205.79,,2025-11-29,,Entregue
PED_SKU_2117_SAL_0,SKU_2117_SAL,2025-06-17,154,205.79,,2025-08-01,,Entregue
PED_SKU_2117_SAL_1,SKU_2117_SAL,2025-08-16,154,205.79,,2025-09-30,,Entregue
