Código (SKU),Data da Posição de Estoque,Quantidade em Estoque,Valor ao Custo (R$),Valor a Preço de Venda (R$),Localização / CD
SKU_1321_SER,2025-01-01,284,15313.0,42571.6,principal
SKU_1322_MOS,2025-01-01,0,0.0,0.0,principal
SKU_1322_IVO,2025-01-01,234,29365.59,77196.6,principal
SKU_1323_AQU,2025-01-01,251,28094.53,72764.9,principal
SKU_1323_FRE,2025-01-01,220,24624.69,63778.0,principal
SKU_1324_MID,2025-01-01,237,25879.67,78186.3,principal
SKU_1324_SNO,2025-01-01,366,39966.07,120743.4,principal
SKU_1325_LIG,2025-01-01,331,30838.26,99266.9,principal
SKU_1325_PEA,2025-01-01,187,17422.22,56081.3,principal
SKU_1326_PAS,2025-01-01,244,35930.49,123195.6,principal
SKU_1326_BAB,2025-01-01,311,45796.65,157023.9,principal
SKU_1327_GAR,2025-01-01,313,23208.78,81348.7,principal
SKU_1327_HON,2025-01-01,293,21725.79,76150.7,principal
SKU_1328_EGR,2025-01-01,267,21006.31,70728.3,principal
SKU_1328_LIG,2025-01-01,0,0.0,0.0,principal
SKU_1329_NAV,2025-01-01,179,17537.41,49207.1,principal
SKU_1329_MIN,2025-01-01,207,20280.69,56904.3,principal
SKU_1330_PRI,2025-01-01,237,24310.73,73446.3,principal
SKU_1330_LIM,2025-01-01,341,34978.72,105675.9,principal
SKU_1331_ARM,2025-01-01,290,25812.38,81171.0,principal
SKU_1331_AQU,2025-01-01,294,26168.41,82290.6,principal
SKU_1332_MOS,2025-01-01,300,16374.57,49470.0,principal
SKU_1332_MOS,2025-01-01,300,16374.57,49470.0,principal
SKU_1333_PIS,2025-01-01,292,18354.21,55450.8,principal
SKU_1333_MOS,2025-01-01,224,14079.95,42537.6,principal
SKU_1334_TEA,2025-01-01,160,24356.3,73584.0,principal
SKU_1334_ROY,2025-01-01,0,0.0,0.0,principal
SKU_1335_CRE,2025-01-01,169,19222.49,64203.1,principal
SKU_1335_BRI,2025-01-01,0,0.0,0.0,principal
SKU_1336_LIM,2025-01-01,243,23229.9,85025.7,principal
SKU_1336_PIN,2025-01-01,296,28296.5,103570.4,principal
SKU_1337_DUS,2025-01-01,175,9522.81,32357.5,principal
SKU_1337_MAG,2025-01-01,308,16760.15,56949.2,principal
SKU_1338_OLI,2025-01-01,179,11993.41,36677.1,principal
SKU_1338_PAS,2025-01-01,232,15544.53,47536.8,principal
SKU_1339_JAD,2025-01-01,248,27391.19,76855.2,principal
SKU_1339_EME,2025-01-01,266,29379.26,82433.4,principal
SKU_1340_SNO,2025-01-01,0,0.0,0.0,principal
SKU_1340_POW,2025-01-01,337,127015.66,385831.3,principal
SKU_1341_HOT,2025-01-01,312,17848.96,56128.8,principal
SKU_1341_PEA,2025-01-01,163,9324.94,29323.7,principal
SKU_1342_CRE,2025-01-01,269,29931.15,94123.1,principal
SKU_1342_BAB,2025-01-01,152,16912.77,53184.8,principal
SKU_1343_NAV,2025-01-01,161,16781.34,50698.9,principal
SKU_1343_IVO,2025-01-01,257,26787.6,80929.3,principal
SKU_1344_PAS,2025-01-01,276,27638.14,86912.4,principal
SKU_1344_MID,2025-01-01,197,19727.23,62035.3,principal
SKU_1345_ARM,2025-01-01,195,64169.11,233980.5,principal
SKU_1345_FOR,2025-01-01,204,67130.76,244779.6,principal
SKU_1346_HON,2025-01-01,289,22443.31,76556.1,principal
SKU_1346_PEA,2025-01-01,159,12347.7,42119.1,principal
SKU_1347_DUS,2025-01-01,0,0.0,0.0,principal
SKU_1347_LIM,2025-01-01,226,17512.8,65517.4,principal
SKU_1348_NAV,2025-01-01,296,62905.12,192370.4,principal
SKU_1348_PIS,2025-01-01,0,0.0,0.0,principal
SKU_1349_HON,2025-01-01,278,22897.4,58352.2,principal
SKU_1349_SEA,2025-01-01,144,11860.53,30225.6,principal
SKU_1350_SNO,2025-01-01,173,16314.23,49287.7,principal
SKU_1350_BAB,2025-01-01,290,27347.55,82621.0,principal
SKU_1351_SAG,2025-01-01,280,63939.93,193172.0,principal
SKU_1351_HON,2025-01-01,322,73530.92,222147.8,principal
SKU_1352_CER,2025-01-01,316,29276.42,88448.4,principal
SKU_1352_HUN,2025-01-01,238,22049.96,66616.2,principal
SKU_1353_MAG,2025-01-01,299,18794.21,56780.1,principal
SKU_1353_MAR,2025-01-01,374,23508.48,71022.6,principal
SKU_1354_AQU,2025-01-01,342,104131.16,316315.8,principal
SKU_1354_CLE,2025-01-01,231,70334.21,213651.9,principal
SKU_1355_PAS,2025-01-01,312,17964.05,54568.8,principal
SKU_1355_DEE,2025-01-01,195,11227.53,34105.5,principal
SKU_1356_BLU,2025-01-01,203,14361.25,43624.7,principal
SKU_1356_DEN,2025-01-01,0,0.0,0.0,principal
SKU_1357_BRI,2025-01-01,190,41815.56,126331.0,principal
SKU_1357_BLU,2025-01-01,344,75708.17,228725.6,principal
SKU_1358_DUS,2025-01-01,192,12634.96,38380.8,principal
SKU_1358_MAR,2025-01-01,216,14214.33,43178.4,principal
SKU_1359_BLU,2025-01-01,180,24321.28,76482.0,principal
SKU_1359_NAV,2025-01-01,184,24861.75,78181.6,principal
SKU_1360_WHI,2025-01-01,332,35154.45,106206.8,principal
SKU_1360_FRE,2025-01-01,0,0.0,0.0,principal
SKU_1361_MEX,2025-01-01,322,19445.0,61147.8,principal
SKU_1361_BLU,2025-01-01,173,10447.16,32852.7,principal
SKU_1362_POW,2025-01-01,325,98688.92,310342.5,principal
SKU_1362_SEA,2025-01-01,203,61642.61,193844.7,principal
SKU_1363_RAS,2025-01-01,206,62226.05,195679.4,principal
SKU_1363_HUN,2025-01-01,305,92130.8,289719.5,principal
SKU_1364_OFF,2025-01-01,274,40072.01,126012.6,principal
SKU_1364_TEA,2025-01-01,0,0.0,0.0,principal
SKU_1365_BUB,2025-01-01,0,0.0,0.0,principal
SKU_1365_NAV,2025-01-01,0,0.0,0.0,principal
SKU_1366_TEA,2025-01-01,292,39252.19,128450.8,principal
SKU_1366_PAL,2025-01-01,257,34547.3,113054.3,principal
SKU_1367_VAN,2025-01-01,185,10195.24,33281.5,principal
SKU_1367_BLA,2025-01-01,286,15761.29,51451.4,principal
SKU_1368_SNO,2025-01-01,248,52704.95,184735.2,principal
SKU_1368_TUR,2025-01-01,211,44841.71,157173.9,principal
SKU_1369_SNO,2025-01-01,184,9326.65,29421.6,principal
SKU_1369_RAS,2025-01-01,283,14344.79,45251.7,principal
SKU_1370_PRI,2025-01-01,0,0.0,0.0,principal
SKU_1370_MYS,2025-01-01,328,23154.43,59007.2,principal
SKU_1371_WHI,2025-01-01,277,25204.76,76147.3,principal
SKU_1371_HOT,2025-01-01,0,0.0,0.0,principal
SKU_1372_SEA,2025-01-01,184,20701.27,62541.6,principal
SKU_1372_DEN,2025-01-01,230,25876.59,78177.0,principal
SKU_1373_SKY,2025-01-01,161,10064.93,30573.9,principal
SKU_1373_CRE,2025-01-01,269,16816.56,51083.1,principal
SKU_1374_SAL,2025-01-01,0,0.0,0.0,principal
SKU_1374_BLU,2025-01-01,0,0.0,0.0,principal
SKU_1375_COR,2025-01-01,290,25427.75,76821.0,principal
SKU_1375_CLE,2025-01-01,285,24989.34,75496.5,principal
SKU_1376_SNO,2025-01-01,212,16919.54,60398.8,principal
SKU_1376_BIR,2025-01-01,224,17877.25,63817.6,principal
SKU_1377_PRI,2025-01-01,0,0.0,0.0,principal
SKU_1377_CLO,2025-01-01,273,21470.87,70952.7,principal
SKU_1378_SPA,2025-01-01,166,9704.02,34013.4,principal
SKU_1378_MOS,2025-01-01,292,17069.73,59830.8,principal
SKU_1379_SNO,2025-01-01,257,39504.32,124619.3,principal
SKU_1379_WHI,2025-01-01,325,49956.82,157592.5,principal
SKU_1380_TUR,2025-01-01,0,0.0,0.0,principal
SKU_1380_MIN,2025-01-01,295,26612.76,67820.5,principal
SKU_1381_WHI,2025-01-01,230,20928.14,63227.0,principal
SKU_1381_PAS,2025-01-01,171,15559.61,47007.9,principal
SKU_1382_ARM,2025-01-01,289,17452.19,54881.1,principal
SKU_1382_HOT,2025-01-01,201,12138.03,38169.9,principal
SKU_1383_CLE,2025-01-01,263,15660.83,47313.7,principal
SKU_1383_TUR,2025-01-01,313,18638.18,56308.7,principal
SKU_1384_CRE,2025-01-01,253,43301.22,131534.7,principal
SKU_1384_SKY,2025-01-01,336,57506.76,174686.4,principal
SKU_1385_PRI,2025-01-01,323,30994.08,93637.7,principal
SKU_1385_NAV,2025-01-01,142,13625.88,41165.8,principal
SKU_1386_SER,2025-01-01,156,10509.73,33524.4,principal
SKU_1386_COB,2025-01-01,341,22973.19,73280.9,principal
SKU_1387_BRI,2025-01-01,189,8645.36,30221.1,principal
SKU_1387_BAB,2025-01-01,333,15232.3,53246.7,principal
SKU_1388_BRI,2025-01-01,326,32668.71,122217.4,principal
SKU_1388_VAN,2025-01-01,335,33570.61,125591.5,principal
SKU_1389_SHO,2025-01-01,174,7229.75,24342.6,principal
SKU_1389_BAB,2025-01-01,182,7562.15,25461.8,principal
SKU_1390_SAP,2025-01-01,71,6405.11,16322.9,principal
SKU_1390_PAS,2025-01-01,0,0.0,0.0,principal
SKU_1391_LIG,2025-01-01,75,7072.64,21367.5,principal
SKU_1391_SEA,2025-01-01,211,19897.7,60113.9,principal
SKU_1392_LIM,2025-01-01,121,11811.04,35682.9,principal
SKU_1392_BLU,2025-01-01,205,20010.44,60454.5,principal
SKU_1393_COB,2025-01-01,89,8770.79,27581.1,principal
SKU_1393_SKY,2025-01-01,201,19808.19,62289.9,principal
SKU_1394_FOR,2025-01-01,128,19126.81,60147.2,principal
SKU_1394_EME,2025-01-01,98,14643.96,46050.2,principal
SKU_1395_BLA,2025-01-01,145,13367.29,42035.5,principal
SKU_1395_TUR,2025-01-01,109,10048.51,31599.1,principal
SKU_1396_FUC,2025-01-01,189,8393.32,25496.1,principal
SKU_1396_PAS,2025-01-01,82,3641.54,11061.8,principal
SKU_1397_SNO,2025-01-01,205,15852.46,48154.5,principal
SKU_1397_BUB,2025-01-01,197,15233.83,46275.3,principal
SKU_1398_AQU,2025-01-01,219,48656.78,147803.1,principal
SKU_1398_SPA,2025-01-01,232,51545.08,156576.8,principal
SKU_1399_PAL,2025-01-01,103,8840.3,27799.7,principal
SKU_1399_CRE,2025-01-01,0,0.0,0.0,principal
SKU_1400_FOR,2025-01-01,80,5527.93,16792.0,principal
SKU_1400_PAL,2025-01-01,203,14027.11,42609.7,principal
SKU_1401_GAR,2025-01-01,92,7305.43,22070.8,principal
SKU_1401_BLU,2025-01-01,175,13896.21,41982.5,principal
SKU_1402_WHI,2025-01-01,186,13893.87,43691.4,principal
SKU_1402_VAN,2025-01-01,187,13968.56,43926.3,principal
SKU_1403_AQU,2025-01-01,96,12164.07,36950.4,principal
SKU_1403_DUS,2025-01-01,54,6842.29,20784.6,principal
SKU_1404_SAP,2025-01-01,193,65154.27,196840.7,principal
SKU_1404_ARM,2025-01-01,193,65154.27,196840.7,principal
SKU_1405_FLA,2025-01-01,97,6899.79,20845.3,principal
SKU_1405_CLO,2025-01-01,66,4694.71,14183.4,principal
SKU_1406_PRI,2025-01-01,49,5644.17,17145.1,principal
SKU_1406_SHO,2025-01-01,205,23613.35,71729.5,principal
SKU_1407_OFF,2025-01-01,175,10787.43,37607.5,principal
SKU_1407_EME,2025-01-01,198,12205.21,42550.2,principal
SKU_1408_PAS,2025-01-01,100,29118.15,91990.0,principal
SKU_1408_FUC,2025-01-01,101,29409.33,92909.9,principal
SKU_1409_PEA,2025-01-01,461,28477.62,96763.9,principal
SKU_1409_PEA,2025-01-01,461,28477.62,96763.9,principal
SKU_1410_ROS,2025-01-01,180,60939.05,205182.0,principal
SKU_1410_JAD,2025-01-01,88,29792.43,100311.2,principal
SKU_1411_BLU,2025-01-01,223,17488.25,50152.7,principal
SKU_1411_RAS,2025-01-01,204,15998.22,45879.6,principal
SKU_1412_SHO,2025-01-01,206,65702.13,184349.4,principal
SKU_1412_BAB,2025-01-01,168,53582.32,150343.2,principal
SKU_1413_SAG,2025-01-01,196,11995.57,36240.4,principal
SKU_1413_JAD,2025-01-01,196,11995.57,36240.4,principal
SKU_1414_DUS,2025-01-01,95,10268.38,32290.5,principal
SKU_1414_CLO,2025-01-01,200,21617.64,67980.0,principal
SKU_1415_BAB,2025-01-01,202,22797.36,71689.8,principal
SKU_1415_MID,2025-01-01,197,22233.07,69915.3,principal
SKU_1416_CLE,2025-01-01,179,15405.89,50102.1,principal
SKU_1416_AQU,2025-01-01,229,19709.22,64097.1,principal
SKU_1417_SNO,2025-01-01,175,15645.68,48982.5,principal
SKU_1417_BIR,2025-01-01,95,8493.37,26590.5,principal
SKU_1418_CLE,2025-01-01,227,57886.94,191792.3,principal
SKU_1418_MOS,2025-01-01,78,19890.67,65902.2,principal
SKU_1419_FLA,2025-01-01,222,18504.07,55477.8,principal
SKU_1419_WHI,2025-01-01,83,6918.19,20741.7,principal
SKU_1420_EGR,2025-01-01,219,71189.53,216788.1,principal
SKU_1420_LIM,2025-01-01,206,66963.66,203919.4,principal
SKU_1421_LIG,2025-01-01,82,7136.36,18851.8,principal
SKU_1421_SER,2025-01-01,22,1914.63,5057.8,principal
SKU_1422_PIN,2025-01-01,104,12476.03,32749.6,principal
SKU_1422_MIN,2025-01-01,223,26751.48,70222.7,principal
SKU_1423_JAD,2025-01-01,221,87296.56,265177.9,principal
SKU_1423_SAG,2025-01-01,115,45425.81,137988.5,principal
SKU_1424_VAN,2025-01-01,220,72054.64,218878.0,principal
SKU_1424_BAB,2025-01-01,201,65831.74,199974.9,principal
SKU_1425_WHI,2025-01-01,74,4939.37,15532.6,principal
SKU_1425_LIG,2025-01-01,193,12882.4,40510.7,principal
SKU_1426_NAV,2025-01-01,215,8120.57,27928.5,principal
SKU_1426_SEA,2025-01-01,78,2946.07,10132.2,principal
SKU_1427_AQU,2025-01-01,237,14747.96,47376.3,principal
SKU_1427_BLA,2025-01-01,45,2800.25,8995.5,principal
SKU_1428_COB,2025-01-01,87,11683.82,42621.3,principal
SKU_1428_SKY,2025-01-01,179,24039.12,87692.1,principal
SKU_1429_SPA,2025-01-01,221,13263.91,41967.9,principal
SKU_1429_MAG,2025-01-01,81,4861.43,15381.9,principal
SKU_1430_PEA,2025-01-01,255,16088.53,45874.5,principal
SKU_1430_JAD,2025-01-01,208,13123.19,37419.2,principal
SKU_1431_TEA,2025-01-01,192,24214.97,71020.8,principal
SKU_1431_CRE,2025-01-01,120,15134.35,44388.0,principal
SKU_1432_WHI,2025-01-01,165,46070.12,118783.5,principal
SKU_1432_BRI,2025-01-01,58,16194.35,41754.2,principal
SKU_1433_OLI,2025-01-01,188,19489.04,59201.2,principal
SKU_1433_SAP,2025-01-01,178,18452.38,56052.2,principal
SKU_1434_ARM,2025-01-01,234,15619.08,49116.6,principal
SKU_1434_MIN,2025-01-01,202,13483.14,42399.8,principal
SKU_1435_SKY,2025-01-01,195,59437.76,196930.5,principal
SKU_1435_OLI,2025-01-01,179,54560.82,180772.1,principal
SKU_1436_BLU,2025-01-01,168,13923.99,47023.2,principal
SKU_1436_PAS,2025-01-01,0,0.0,0.0,principal
SKU_1437_ROY,2025-01-01,105,5515.23,17314.5,principal
SKU_1437_AQU,2025-01-01,219,11503.2,36113.1,principal
SKU_1438_MOS,2025-01-01,220,16922.1,45078.0,principal
SKU_1438_DEE,2025-01-01,203,15614.48,41594.7,principal
SKU_1439_CER,2025-01-01,201,12301.58,37164.9,principal
SKU_1439_SHO,2025-01-01,196,11995.57,36240.4,principal
SKU_1440_PIS,2025-01-01,168,77771.4,201583.2,principal
SKU_1440_BLU,2025-01-01,184,85178.2,220781.6,principal
SKU_1441_COB,2025-01-01,127,56876.81,146672.3,principal
SKU_1441_IVO,2025-01-01,194,86882.69,224050.6,principal
SKU_1442_OFF,2025-01-01,174,16696.5,50442.6,principal
SKU_1442_EME,2025-01-01,101,9691.65,29279.9,principal
SKU_1443_BLU,2025-01-01,223,19922.13,60187.7,principal
SKU_1443_PRI,2025-01-01,63,5628.22,17003.7,principal
SKU_1444_HUN,2025-01-01,0,0.0,0.0,principal
SKU_1444_OLI,2025-01-01,0,0.0,0.0,principal
SKU_1445_TEA,2025-01-01,125,19757.8,51237.5,principal
SKU_1445_PRI,2025-01-01,99,15648.18,40580.1,principal
SKU_1446_SHO,2025-01-01,181,19110.19,48851.9,principal
SKU_1446_GAR,2025-01-01,211,22277.62,56948.9,principal
SKU_1447_BLU,2025-01-01,219,17295.54,52538.1,principal
SKU_1447_OLI,2025-01-01,213,16821.69,51098.7,principal
SKU_1448_SKY,2025-01-01,181,10719.38,32561.9,principal
SKU_1448_SEA,2025-01-01,189,11193.16,34001.1,principal
SKU_1449_BLA,2025-01-01,164,17636.87,53283.6,principal
SKU_1449_NAV,2025-01-01,208,22368.72,67579.2,principal
SKU_1450_MAG,2025-01-01,204,27042.83,83619.6,principal
SKU_1450_JAD,2025-01-01,35,4639.7,14346.5,principal
SKU_1451_WHI,2025-01-01,162,12843.6,39673.8,principal
SKU_1451_BIR,2025-01-01,212,16807.67,51918.8,principal
SKU_1452_SKY,2025-01-01,175,6778.06,25357.5,principal
SKU_1452_DEE,2025-01-01,87,3369.66,12606.3,principal
SKU_1453_SAP,2025-01-01,41,3053.0,9630.9,principal
SKU_1453_PRI,2025-01-01,78,5808.14,18322.2,principal
SKU_1454_BRI,2025-01-01,91,5189.0,13640.9,principal
SKU_1454_BUB,2025-01-01,182,10378.0,27281.8,principal
SKU_1455_TEA,2025-01-01,90,9976.67,30141.0,principal
SKU_1455_ROY,2025-01-01,75,8313.89,25117.5,principal
SKU_1456_EME,2025-01-01,260,27100.29,81874.0,principal
SKU_1456_DEN,2025-01-01,195,20325.22,61405.5,principal
SKU_1457_SNO,2025-01-01,97,5133.91,15510.3,principal
SKU_1457_MAG,2025-01-01,81,4287.08,12951.9,principal
SKU_1458_PEA,2025-01-01,220,25479.72,76978.0,principal
SKU_1458_MIN,2025-01-01,191,22121.03,66830.9,principal
SKU_1459_OFF,2025-01-01,98,6771.71,20570.2,principal
SKU_1459_CRE,2025-01-01,84,5804.32,17631.6,principal
SKU_1460_FUC,2025-01-01,100,5544.33,17490.0,principal
SKU_1460_OLI,2025-01-01,231,12807.4,40401.9,principal
SKU_1461_NAV,2025-01-01,199,68842.35,212910.1,principal
SKU_1461_PRI,2025-01-01,192,66420.76,205420.8,principal
SKU_1462_MID,2025-01-01,121,11802.07,44152.9,principal
SKU_1462_OFF,2025-01-01,200,19507.55,72980.0,principal
SKU_1463_LIG,2025-01-01,220,18697.21,57178.0,principal
SKU_1463_DUS,2025-01-01,150,12748.09,38985.0,principal
SKU_1464_MOS,2025-01-01,80,6996.32,18392.0,principal
SKU_1464_BIR,2025-01-01,199,17403.34,45750.1,principal
SKU_1465_CLE,2025-01-01,191,22865.07,60145.9,principal
SKU_1465_OFF,2025-01-01,205,24541.04,64554.5,principal
SKU_1466_PRI,2025-01-01,171,15193.53,46152.9,principal
SKU_1466_SAP,2025-01-01,209,18569.88,56409.1,principal
SKU_1467_OLI,2025-01-01,219,14269.65,44873.1,principal
SKU_1467_FUC,2025-01-01,91,5929.4,18645.9,principal
SKU_1468_BAB,2025-01-01,0,0.0,0.0,principal
SKU_1468_MYS,2025-01-01,79,13856.36,41862.1,principal
SKU_1469_ARM,2025-01-01,99,9284.04,29195.1,principal
SKU_1469_SAL,2025-01-01,204,19130.75,60159.6,principal
SKU_1470_WHI,2025-01-01,81,24170.62,74511.9,principal
SKU_1470_MAR,2025-01-01,165,49236.46,151783.5,principal
SKU_1471_ROS,2025-01-01,110,6091.62,22539.0,principal
SKU_1471_LIG,2025-01-01,70,3876.48,14343.0,principal
SKU_1472_EME,2025-01-01,206,30491.81,96799.4,principal
SKU_1472_MYS,2025-01-01,195,28863.61,91630.5,principal
SKU_1473_BLU,2025-01-01,74,3558.46,13312.6,principal
SKU_1473_BAB,2025-01-01,190,9136.58,34181.0,principal
SKU_1474_BRI,2025-01-01,10,3465.87,10599.0,principal
SKU_1474_DEN,2025-01-01,167,57880.08,177003.3,principal
SKU_1475_VAN,2025-01-01,197,18727.21,49230.3,principal
SKU_1475_MIN,2025-01-01,181,17206.21,45231.9,principal
SKU_1476_WHI,2025-01-01,213,19275.88,58553.7,principal
SKU_1476_CLO,2025-01-01,77,6968.28,21167.3,principal
SKU_1477_CLE,2025-01-01,170,12655.12,38233.0,principal
SKU_1477_EME,2025-01-01,195,14516.17,43855.5,principal
SKU_1478_TEA,2025-01-01,214,13730.47,41708.6,principal
SKU_1478_COB,2025-01-01,109,6993.56,21244.1,principal
SKU_1479_MIN,2025-01-01,92,16897.81,51050.8,principal
SKU_1479_FUC,2025-01-01,178,32693.6,98772.2,principal
SKU_1480_SNO,2025-01-01,88,10774.45,32551.2,principal
SKU_1480_MEX,2025-01-01,62,7591.09,22933.8,principal
SKU_1481_BLA,2025-01-01,198,48767.14,160360.2,principal
SKU_1481_TEA,2025-01-01,183,45072.66,148211.7,principal
SKU_1482_MOS,2025-01-01,88,10930.23,39151.2,principal
SKU_1482_SHO,2025-01-01,175,21736.26,77857.5,principal
SKU_1483_WHI,2025-01-01,183,17498.11,59456.7,principal
SKU_1483_POW,2025-01-01,180,17211.25,58482.0,principal
SKU_1484_MOS,2025-01-01,67,9151.55,30813.3,principal
SKU_1484_EGR,2025-01-01,219,29913.28,100718.1,principal
SKU_1485_PAS,2025-01-01,230,60008.55,152927.0,principal
SKU_1485_CER,2025-01-01,83,21655.26,55186.7,principal
SKU_1486_OLI,2025-01-01,0,0.0,0.0,principal
SKU_1486_PAL,2025-01-01,119,11418.87,34498.1,principal
SKU_1487_BRI,2025-01-01,38,4046.93,12726.2,principal
SKU_1487_CLE,2025-01-01,178,18956.68,59612.2,principal
SKU_1488_IVO,2025-01-01,185,19996.32,62881.5,principal
SKU_1488_PEA,2025-01-01,85,9187.5,28891.5,principal
SKU_1489_TEA,2025-01-01,95,11568.25,35140.5,principal
SKU_1489_IVO,2025-01-01,216,26302.55,79898.4,principal
SKU_1490_EME,2025-01-01,101,10527.42,31804.9,principal
SKU_1490_VAN,2025-01-01,208,21680.24,65499.2,principal
SKU_1491_GAR,2025-01-01,202,8465.15,27249.8,principal
SKU_1491_CER,2025-01-01,110,4609.74,14839.0,principal
SKU_1492_SKY,2025-01-01,208,24479.23,77979.2,principal
SKU_1492_BIR,2025-01-01,196,23066.97,73480.4,principal
SKU_1493_PEA,2025-01-01,73,6437.31,24082.7,principal
SKU_1493_CLO,2025-01-01,246,21692.84,81155.4,principal
SKU_1494_EGR,2025-01-01,124,42645.25,134527.6,principal
SKU_1494_HOT,2025-01-01,172,59153.09,186602.8,principal
SKU_1495_FUC,2025-01-01,63,7407.31,20783.7,principal
SKU_1495_BLA,2025-01-01,194,22809.81,64000.6,principal
SKU_1496_PAS,2025-01-01,98,36613.69,111220.2,principal
SKU_1496_PEA,2025-01-01,0,0.0,0.0,principal
SKU_1497_FUC,2025-01-01,190,8483.86,25631.0,principal
SKU_1497_VAN,2025-01-01,198,8841.08,26710.2,principal
SKU_1498_OLI,2025-01-01,109,12263.25,37049.1,principal
SKU_1498_LIG,2025-01-01,0,0.0,0.0,principal
SKU_1499_HOT,2025-01-01,67,5537.43,17413.3,principal
SKU_1499_RAS,2025-01-01,212,17521.42,55098.8,principal
SKU_1500_MOS,2025-01-01,99,8470.35,25730.1,principal
SKU_1500_PAS,2025-01-01,215,18395.2,55878.5,principal
SKU_1501_OLI,2025-01-01,72,4049.06,12232.8,principal
SKU_1501_SAL,2025-01-01,168,9447.8,28543.2,principal
SKU_1502_PEA,2025-01-01,163,11263.15,34213.7,principal
SKU_1502_VAN,2025-01-01,103,7117.21,21619.7,principal
SKU_1503_VAN,2025-01-01,194,14682.52,44600.6,principal
SKU_1503_CER,2025-01-01,89,6735.79,20461.1,principal
SKU_1504_EME,2025-01-01,157,17663.58,53364.3,principal
SKU_1504_NAV,2025-01-01,75,8438.02,25492.5,principal
SKU_1505_BLU,2025-01-01,221,17183.17,51912.9,principal
SKU_1505_SNO,2025-01-01,199,15472.63,46745.1,principal
SKU_1506_PAL,2025-01-01,203,14840.96,46669.7,principal
SKU_1506_BRI,2025-01-01,2,146.22,459.8,principal
SKU_1507_PAS,2025-01-01,197,11730.74,35440.3,principal
SKU_1507_FLA,2025-01-01,0,0.0,0.0,principal
SKU_1508_LIM,2025-01-01,231,15961.89,48486.9,principal
SKU_1508_DEE,2025-01-01,151,10433.96,31694.9,principal
SKU_1509_HOT,2025-01-01,116,12282.88,37108.4,principal
SKU_1509_MAG,2025-01-01,47,4976.68,15035.3,principal
SKU_1510_SNO,2025-01-01,196,52037.65,163640.4,principal
SKU_1510_ROS,2025-01-01,202,53630.64,168649.8,principal
SKU_1511_CLE,2025-01-01,80,23783.86,74792.0,principal
SKU_1511_SKY,2025-01-01,205,60946.13,191654.5,principal
SKU_1512_TEA,2025-01-01,97,6919.6,21815.3,principal
SKU_1512_MYS,2025-01-01,97,6919.6,21815.3,principal
SKU_1513_PAS,2025-01-01,79,4588.4,16977.1,principal
SKU_1513_RAS,2025-01-01,92,5343.45,19770.8,principal
SKU_1514_PEA,2025-01-01,206,50313.35,170959.4,principal
SKU_1514_SPA,2025-01-01,195,47626.72,161830.5,principal
SKU_1515_SEA,2025-01-01,78,4971.12,15202.2,principal
SKU_1515_AQU,2025-01-01,174,11089.42,33912.6,principal
SKU_1516_CRE,2025-01-01,179,23825.25,62632.1,principal
SKU_1516_EME,2025-01-01,84,11180.56,29391.6,principal
SKU_1517_FOR,2025-01-01,172,78458.49,206382.8,principal
SKU_1517_ROS,2025-01-01,203,92599.26,243579.7,principal
SKU_1518_CLE,2025-01-01,97,7245.73,22785.3,principal
SKU_1518_LIM,2025-01-01,210,15686.62,49329.0,principal
SKU_1519_BLU,2025-01-01,93,18628.66,58580.7,principal
SKU_1519_TEA,2025-01-01,130,26040.07,81887.0,principal
SKU_1520_GAR,2025-01-01,236,17472.75,53076.4,principal
SKU_1520_ROY,2025-01-01,210,15547.79,47229.0,principal
SKU_1521_MOS,2025-01-01,155,9360.17,29434.5,principal
SKU_1521_FRE,2025-01-01,72,4347.95,13672.8,principal
SKU_1522_MOS,2025-01-01,91,3727.24,13640.9,principal
SKU_1522_BIR,2025-01-01,96,3932.03,14390.4,principal
SKU_1523_HOT,2025-01-01,195,20192.47,73105.5,principal
SKU_1523_CRE,2025-01-01,94,9733.81,35240.6,principal
SKU_1524_BLU,2025-01-01,54,5878.52,19974.6,principal
SKU_1524_DEN,2025-01-01,176,19159.64,65102.4,principal
SKU_1525_MYS,2025-01-01,204,18747.25,59139.6,principal
SKU_1525_OLI,2025-01-01,62,5697.69,17973.8,principal
SKU_1526_FOR,2025-01-01,81,4904.74,13761.9,principal
SKU_1527_FUC,2025-01-01,197,59009.2,179250.3,principal
SKU_1527_TEA,2025-01-01,93,27857.13,84620.7,principal
SKU_1528_PAS,2025-01-01,205,14582.04,44054.5,principal
SKU_1528_DEN,2025-01-01,231,16431.47,49641.9,principal
SKU_1529_HUN,2025-01-01,117,9432.67,28653.3,principal
SKU_1529_MIN,2025-01-01,116,9352.05,28408.4,principal
SKU_1530_HON,2025-01-01,202,8638.14,26239.8,principal
SKU_1530_PEA,2025-01-01,213,9108.54,27668.7,principal
SKU_1531_TEA,2025-01-01,206,37495.48,113279.4,principal
SKU_1531_SNO,2025-01-01,213,38769.6,117128.7,principal
SKU_1532_BRI,2025-01-01,214,58543.66,209698.6,principal
SKU_1532_EME,2025-01-01,193,52798.72,189120.7,principal
SKU_1533_CER,2025-01-01,223,11074.1,36772.7,principal
SKU_1533_DUS,2025-01-01,120,5959.16,19788.0,principal
SKU_1534_MYS,2025-01-01,209,12295.59,41779.1,principal
SKU_1534_HUN,2025-01-01,173,10177.69,34582.7,principal
SKU_1535_NAV,2025-01-01,82,7925.57,25001.8,principal
SKU_1535_MOS,2025-01-01,90,8698.8,27441.0,principal
SKU_1536_MOS,2025-01-01,207,25444.93,71394.3,principal
SKU_1536_FRE,2025-01-01,70,8604.57,24143.0,principal
SKU_1537_SAP,2025-01-01,105,8859.05,26764.5,principal
SKU_1537_BLA,2025-01-01,162,13668.25,41293.8,principal
SKU_1538_MAG,2025-01-01,236,16396.55,49536.4,principal
SKU_1538_PAS,2025-01-01,0,0.0,0.0,principal
SKU_1539_BLA,2025-01-01,196,21808.57,68580.4,principal
SKU_1539_PEA,2025-01-01,198,22031.1,69280.2,principal
SKU_1540_BAL,2025-01-01,0,0.0,0.0,principal
SKU_1540_MAG,2025-01-01,181,9779.1,30751.9,principal
SKU_1541_AQU,2025-01-01,59,12662.47,39819.1,principal
SKU_1541_POW,2025-01-01,206,44211.35,139029.4,principal
SKU_1542_DEE,2025-01-01,197,30474.14,92570.3,principal
SKU_1542_PEA,2025-01-01,208,32175.74,97739.2,principal
SKU_1543_BAB,2025-01-01,209,48842.92,153594.1,principal
SKU_1543_FLA,2025-01-01,195,45571.15,143305.5,principal
SKU_1544_OLI,2025-01-01,222,14112.14,44377.8,principal
SKU_1544_PEA,2025-01-01,93,5911.84,18590.7,principal
SKU_1545_TEA,2025-01-01,209,17273.47,54319.1,principal
SKU_1545_HOT,2025-01-01,237,19587.62,61596.3,principal
SKU_1546_PAS,2025-01-01,183,10178.13,32006.7,principal
SKU_1546_IVO,2025-01-01,174,9677.57,30432.6,principal
SKU_1547_IVO,2025-01-01,99,10810.49,32660.1,principal
SKU_1547_FUC,2025-01-01,170,18563.47,56083.0,principal
SKU_1548_HOT,2025-01-01,100,15719.19,47490.0,principal
SKU_1548_CLO,2025-01-01,223,35053.79,105902.7,principal
SKU_1549_BAL,2025-01-01,96,5644.63,17750.4,principal
SKU_1549_PAS,2025-01-01,201,11818.44,37164.9,principal
SKU_1550_PAL,2025-01-01,210,11399.87,34629.0,principal
SKU_1550_IVO,2025-01-01,93,5048.51,15335.7,principal
SKU_1551_DUS,2025-01-01,187,13611.15,41121.3,principal
SKU_1551_ROS,2025-01-01,102,7424.26,22429.8,principal
SKU_1552_CLE,2025-01-01,171,37147.88,112842.9,principal
SKU_1552_SAP,2025-01-01,0,0.0,0.0,principal
SKU_1553_DEN,2025-01-01,88,7041.6,22431.2,principal
SKU_1553_HOT,2025-01-01,195,15603.55,49705.5,principal
SKU_1554_PIS,2025-01-01,223,66486.19,230782.7,principal
SKU_1554_SKY,2025-01-01,199,59330.72,205945.1,principal
SKU_1555_FUC,2025-01-01,84,4550.99,15951.6,principal
SKU_1555_RAS,2025-01-01,188,10185.55,35701.2,principal
SKU_1556_SAL,2025-01-01,196,11927.64,40160.4,principal
SKU_1556_HUN,2025-01-01,247,15031.26,50610.3,principal
SKU_1557_TUR,2025-01-01,209,15027.94,41779.1,principal
SKU_1557_SAG,2025-01-01,99,7118.5,19790.1,principal
SKU_1558_CLE,2025-01-01,180,22588.91,59382.0,principal
SKU_1558_MEX,2025-01-01,37,4643.28,12206.3,principal
SKU_1559_BLU,2025-01-01,183,84780.49,219581.7,principal
SKU_1559_SKY,2025-01-01,0,0.0,0.0,principal
SKU_1560_PAL,2025-01-01,0,0.0,0.0,principal
SKU_1560_CRE,2025-01-01,60,4442.22,13494.0,principal
SKU_1561_LIM,2025-01-01,93,10427.99,32540.7,principal
SKU_1561_VAN,2025-01-01,207,23210.69,72429.3,principal
SKU_1562_CLO,2025-01-01,183,17654.01,56711.7,principal
SKU_1562_BLU,2025-01-01,0,0.0,0.0,principal
SKU_1563_WHI,2025-01-01,82,3285.6,12291.8,principal
SKU_1563_MEX,2025-01-01,179,7172.22,26832.1,principal
SKU_1564_BLA,2025-01-01,206,38521.65,121519.4,principal
SKU_1564_NAV,2025-01-01,166,31041.72,97923.4,principal
SKU_1565_LIG,2025-01-01,183,25844.13,65861.7,principal
SKU_1565_BAB,2025-01-01,187,26409.03,67301.3,principal
SKU_1566_PEA,2025-01-01,104,40916.47,107629.6,principal
SKU_1566_POW,2025-01-01,229,90094.92,236992.1,principal
SKU_1567_PRI,2025-01-01,201,45650.13,138669.9,principal
SKU_1567_POW,2025-01-01,251,57005.89,173164.9,principal
SKU_1568_FRE,2025-01-01,223,16657.7,52382.7,principal
SKU_1568_PIN,2025-01-01,181,13520.37,42516.9,principal
SKU_1569_WHI,2025-01-01,197,13775.86,43320.3,principal
SKU_1569_PAS,2025-01-01,67,4685.19,14733.3,principal
SKU_1570_MEX,2025-01-01,200,45467.64,142980.0,principal
SKU_1570_HON,2025-01-01,58,13185.62,41464.2,principal
SKU_1571_WHI,2025-01-01,187,13563.54,46731.3,principal
SKU_1571_BIR,2025-01-01,217,15739.5,54228.3,principal
SKU_1572_BAL,2025-01-01,185,7547.26,25881.5,principal
SKU_1572_MAR,2025-01-01,0,0.0,0.0,principal
SKU_1573_MIN,2025-01-01,220,66358.18,225478.0,principal
SKU_1573_SAG,2025-01-01,86,25940.01,88141.4,principal
SKU_1574_GAR,2025-01-01,77,13833.46,46577.3,principal
SKU_1574_COB,2025-01-01,109,19582.43,65934.1,principal
SKU_1575_JAD,2025-01-01,83,27307.66,71786.7,principal
SKU_1575_AQU,2025-01-01,193,63498.54,166925.7,principal
SKU_1576_AQU,2025-01-01,92,7417.14,22530.8,principal
SKU_1576_BLU,2025-01-01,78,6288.44,19102.2,principal
SKU_1577_FLA,2025-01-01,9,457.63,1439.1,principal
SKU_1577_HUN,2025-01-01,173,8796.74,27662.7,principal
SKU_1578_PAS,2025-01-01,251,10320.39,31349.9,principal
SKU_1578_TEA,2025-01-01,9,370.05,1124.1,principal
SKU_1579_DEN,2025-01-01,200,15136.62,45980.0,principal
SKU_1579_SAG,2025-01-01,211,15969.13,48508.9,principal
SKU_1580_WHI,2025-01-01,151,9118.62,28674.9,principal
SKU_1580_MOS,2025-01-01,212,12802.3,40258.8,principal
SKU_1581_BIR,2025-01-01,236,55331.65,201756.4,principal
SKU_1581_COB,2025-01-01,91,21335.51,77795.9,principal
SKU_1582_WHI,2025-01-01,232,15636.3,53336.8,principal
SKU_1582_PAS,2025-01-01,92,6200.6,21150.8,principal
SKU_1583_WHI,2025-01-01,122,8312.44,31097.8,principal
SKU_1583_BLU,2025-01-01,207,14103.9,52764.3,principal
SKU_1584_AQU,2025-01-01,56,3385.89,10354.4,principal
SKU_1584_FLA,2025-01-01,88,5320.68,16271.2,principal
SKU_1585_COR,2025-01-01,63,7908.31,20153.7,principal
SKU_1585_BLA,2025-01-01,66,8284.9,21113.4,principal
SKU_1586_JAD,2025-01-01,86,9968.33,26221.4,principal
SKU_1586_EGR,2025-01-01,192,22254.87,58540.8,principal
SKU_1587_DEE,2025-01-01,54,3947.84,12414.6,principal
SKU_1587_LIG,2025-01-01,94,6872.17,21610.6,principal
SKU_1588_PAS,2025-01-01,75,11684.11,36742.5,principal
SKU_1588_CRE,2025-01-01,214,33338.67,104838.6,principal
SKU_1589_TUR,2025-01-01,73,16428.42,49632.7,principal
SKU_1589_CER,2025-01-01,161,36232.55,109463.9,principal
SKU_1590_MYS,2025-01-01,209,13065.65,39689.1,principal
SKU_1590_HOT,2025-01-01,94,5876.42,17850.6,principal
SKU_1591_HON,2025-01-01,0,0.0,0.0,principal
SKU_1591_MYS,2025-01-01,216,61125.45,192218.4,principal
SKU_1592_CER,2025-01-01,86,5740.35,18051.4,principal
SKU_1592_SAG,2025-01-01,182,12148.17,38201.8,principal
SKU_1593_LIG,2025-01-01,119,5707.47,17243.1,principal
SKU_1593_FUC,2025-01-01,78,3741.03,11302.2,principal
SKU_1594_BAL,2025-01-01,104,17114.98,51989.6,principal
SKU_1594_WHI,2025-01-01,193,31761.45,96480.7,principal
SKU_1595_FLA,2025-01-01,125,12408.36,37487.5,principal
SKU_1595_MYS,2025-01-01,166,16478.31,49783.4,principal
SKU_1596_BIR,2025-01-01,189,17103.95,51956.1,principal
SKU_1596_CER,2025-01-01,74,6696.78,20342.6,principal
SKU_1597_SHO,2025-01-01,223,37577.33,118167.7,principal
SKU_1597_FLA,2025-01-01,104,17524.85,55109.6,principal
SKU_1598_NAV,2025-01-01,122,19006.16,59767.8,principal
SKU_1598_DUS,2025-01-01,182,28353.45,89161.8,principal
SKU_1599_WHI,2025-01-01,175,27070.94,82232.5,principal
SKU_1599_CER,2025-01-01,80,12375.29,37592.0,principal
SKU_1600_LIG,2025-01-01,171,22230.18,67527.9,principal
SKU_1600_SHO,2025-01-01,0,0.0,0.0,principal
SKU_1601_EME,2025-01-01,232,56434.44,170496.8,principal
SKU_1601_AQU,2025-01-01,189,45974.61,138896.1,principal
SKU_1602_AQU,2025-01-01,183,12463.17,42071.7,principal
SKU_1602_PAS,2025-01-01,72,4903.54,16552.8,principal
SKU_1603_BUB,2025-01-01,181,37512.83,134826.9,principal
SKU_1603_PEA,2025-01-01,0,0.0,0.0,principal
SKU_1604_CLE,2025-01-01,220,35571.75,133078.0,principal
SKU_1604_SNO,2025-01-01,191,30882.75,115535.9,principal
SKU_1605_VAN,2025-01-01,52,3396.14,11434.8,principal
SKU_1605_COR,2025-01-01,209,13649.85,45959.1,principal
SKU_1606_COB,2025-01-01,170,65731.92,184433.0,principal
SKU_1606_SEA,2025-01-01,92,35572.57,99810.8,principal
SKU_1607_GAR,2025-01-01,200,19853.38,59980.0,principal
SKU_1607_MAR,2025-01-01,86,8536.95,25791.4,principal
SKU_1608_WHI,2025-01-01,46,4617.16,14025.4,principal
SKU_1608_MID,2025-01-01,190,19070.89,57931.0,principal
SKU_1609_LIM,2025-01-01,0,0.0,0.0,principal
SKU_1609_SAP,2025-01-01,74,6351.29,19972.6,principal
SKU_1610_PRI,2025-01-01,111,6756.47,20523.9,principal
SKU_1610_MEX,2025-01-01,84,5113.0,15531.6,principal
SKU_1611_MID,2025-01-01,87,6298.02,19131.3,principal
SKU_1611_BRI,2025-01-01,66,4777.81,14513.4,principal
SKU_1612_PAL,2025-01-01,130,13227.48,42887.0,principal
SKU_1612_SNO,2025-01-01,182,18518.48,60041.8,principal
SKU_1613_BIR,2025-01-01,116,6245.41,22028.4,principal
SKU_1613_AQU,2025-01-01,215,11575.54,40828.5,principal
SKU_1614_VAN,2025-01-01,204,25893.71,90759.6,principal
SKU_1614_IVO,2025-01-01,216,27416.87,96098.4,principal
SKU_1615_MOS,2025-01-01,202,29769.41,93909.8,principal
SKU_1615_SHO,2025-01-01,180,26527.19,83682.0,principal
SKU_1616_SER,2025-01-01,90,35088.48,92241.0,principal
SKU_1616_COR,2025-01-01,111,43275.79,113763.9,principal
SKU_1617_DEN,2025-01-01,75,4701.63,12367.5,principal
SKU_1617_MIN,2025-01-01,215,13478.0,35453.5,principal
SKU_1618_SAL,2025-01-01,205,12207.11,36879.5,principal
SKU_1618_SAP,2025-01-01,221,13159.86,39757.9,principal
SKU_1619_IVO,2025-01-01,210,13819.49,41979.0,principal
SKU_1619_PAS,2025-01-01,173,11384.62,34582.7,principal
SKU_1620_SAG,2025-01-01,91,7979.05,24105.9,principal
SKU_1620_BLU,2025-01-01,70,6137.73,18543.0,principal
SKU_1621_PAS,2025-01-01,240,18660.46,56376.0,principal
SKU_1621_FUC,2025-01-01,54,4198.6,12684.6,principal
SKU_1622_VAN,2025-01-01,68,5577.68,18353.2,principal
SKU_1622_CLO,2025-01-01,62,5085.53,16733.8,principal
SKU_1623_EGR,2025-01-01,0,0.0,0.0,principal
SKU_1623_SER,2025-01-01,198,51821.71,181150.2,principal
SKU_1624_PRI,2025-01-01,192,11860.53,40300.8,principal
SKU_1624_ARM,2025-01-01,110,6795.09,23089.0,principal
SKU_1625_GAR,2025-01-01,180,11691.59,36882.0,principal
SKU_1625_DUS,2025-01-01,220,14289.73,45078.0,principal
SKU_1626_BAB,2025-01-01,98,20127.04,52910.2,principal
SKU_1626_DEN,2025-01-01,181,37173.41,97721.9,principal
SKU_1627_BAB,2025-01-01,210,22931.35,69279.0,principal
SKU_1627_MOS,2025-01-01,179,19546.25,59052.1,principal
SKU_1628_PEA,2025-01-01,82,14844.22,45091.8,principal
SKU_1628_POW,2025-01-01,111,20094.01,61038.9,principal
SKU_1629_CLO,2025-01-01,86,6971.01,21921.4,principal
SKU_1629_ARM,2025-01-01,85,6889.95,21666.5,principal
SKU_1630_LIM,2025-01-01,69,7648.78,23108.1,principal
SKU_1630_SNO,2025-01-01,178,19731.64,59612.2,principal
SKU_1631_BAL,2025-01-01,190,10869.56,34181.0,principal
SKU_1631_SNO,2025-01-01,152,8695.65,27344.8,principal
SKU_1632_SAP,2025-01-01,93,5691.78,17195.7,principal
SKU_1632_SPA,2025-01-01,168,10281.92,31063.2,principal
SKU_1633_SER,2025-01-01,162,12101.11,38053.8,principal
SKU_1633_DEN,2025-01-01,107,7992.71,25134.3,principal
SKU_1634_NAV,2025-01-01,0,0.0,0.0,principal
SKU_1634_SAP,2025-01-01,0,0.0,0.0,principal
SKU_1635_TEA,2025-01-01,88,16927.52,53231.2,principal
SKU_1635_SAG,2025-01-01,172,33085.61,104042.8,principal
SKU_1636_LIG,2025-01-01,77,11150.76,33872.3,principal
SKU_1636_SHO,2025-01-01,96,13902.25,42230.4,principal
SKU_1637_BLU,2025-01-01,94,27497.65,86470.6,principal
SKU_1637_WHI,2025-01-01,66,19306.86,60713.4,principal
SKU_1638_PEA,2025-01-01,174,63072.95,198342.6,principal
SKU_1638_SAP,2025-01-01,59,21386.8,67254.1,principal
SKU_1639_FRE,2025-01-01,172,10386.77,32662.8,principal
SKU_1639_WHI,2025-01-01,202,12198.42,38359.8,principal
SKU_1640_IVO,2025-01-01,0,0.0,0.0,principal
SKU_1640_TEA,2025-01-01,179,12958.0,39362.1,principal
SKU_1641_MEX,2025-01-01,189,19527.14,61406.1,principal
SKU_1641_SER,2025-01-01,0,0.0,0.0,principal
SKU_1642_OFF,2025-01-01,227,16898.31,51052.3,principal
SKU_1642_SAL,2025-01-01,114,8486.38,25638.6,principal
SKU_1643_PAS,2025-01-01,211,14528.42,47453.9,principal
SKU_1643_EGR,2025-01-01,0,0.0,0.0,principal
SKU_1644_BAB,2025-01-01,107,9840.79,34229.3,principal
SKU_1644_PEA,2025-01-01,191,17566.26,61100.9,principal
SKU_1645_MYS,2025-01-01,216,24643.76,86378.4,principal
SKU_1645_MIN,2025-01-01,224,25556.49,89577.6,principal
SKU_1646_BLU,2025-01-01,87,5650.94,17826.3,principal
SKU_1646_CLE,2025-01-01,165,10717.29,33808.5,principal
SKU_1647_BLA,2025-01-01,210,23319.52,71379.0,principal
SKU_1647_ARM,2025-01-01,183,20321.3,62201.7,principal
SKU_1648_RAS,2025-01-01,189,47144.98,132281.1,principal
SKU_1648_FLA,2025-01-01,0,0.0,0.0,principal
SKU_1649_FLA,2025-01-01,95,7346.26,22315.5,principal
SKU_1649_GAR,2025-01-01,212,16393.76,49798.8,principal
SKU_1650_OLI,2025-01-01,188,60076.94,188921.2,principal
SKU_1650_EGR,2025-01-01,76,24286.42,76372.4,principal
SKU_1651_PAS,2025-01-01,57,4997.87,15099.3,principal
SKU_1651_SAL,2025-01-01,0,0.0,0.0,principal
SKU_1652_TEA,2025-01-01,201,13591.03,44199.9,principal
SKU_1652_MOS,2025-01-01,161,10886.35,35403.9,principal
SKU_1653_ROS,2025-01-01,227,26095.23,81697.3,principal
SKU_1653_BAB,2025-01-01,106,12185.44,38149.4,principal
SKU_1654_CRE,2025-01-01,186,16865.35,57641.4,principal
SKU_1654_NAV,2025-01-01,190,17228.05,58881.0,principal
SKU_1655_SNO,2025-01-01,218,45457.79,140588.2,principal
SKU_1655_TEA,2025-01-01,70,14596.54,45143.0,principal
SKU_1656_FUC,2025-01-01,0,0.0,0.0,principal
SKU_1656_SNO,2025-01-01,221,18769.26,51912.9,principal
SKU_1657_SPA,2025-01-01,198,15091.17,42550.2,principal
SKU_1657_EME,2025-01-01,75,5716.35,16117.5,principal
SKU_1658_BAB,2025-01-01,74,24804.78,65112.6,principal
SKU_1658_MYS,2025-01-01,186,62347.14,163661.4,principal
SKU_1659_MOS,2025-01-01,237,80400.33,242901.3,principal
SKU_1659_SNO,2025-01-01,191,64795.2,195755.9,principal
SKU_1660_NAV,2025-01-01,92,9537.19,28970.8,principal
SKU_1660_MAG,2025-01-01,217,22495.32,68333.3,principal
SKU_1661_WHI,2025-01-01,162,53080.42,160363.8,principal
SKU_1661_CER,2025-01-01,186,60944.18,184121.4,principal
SKU_1662_PIS,2025-01-01,214,13276.04,42778.6,principal
SKU_1662_LIG,2025-01-01,187,11601.02,37381.3,principal
SKU_1663_SNO,2025-01-01,183,46711.39,145466.7,principal
SKU_1663_FLA,2025-01-01,190,48498.17,151031.0,principal
SKU_1664_PIN,2025-01-01,232,23100.41,76536.8,principal
SKU_1664_MIN,2025-01-01,176,17524.45,58062.4,principal
SKU_1665_SAG,2025-01-01,59,4365.86,14744.1,principal
SKU_1665_RAS,2025-01-01,214,15835.49,53478.6,principal
SKU_1666_FUC,2025-01-01,213,59753.09,170378.7,principal
SKU_1666_PAS,2025-01-01,193,54142.47,154380.7,principal
SKU_1667_LIG,2025-01-01,79,6034.49,16582.1,principal
SKU_1667_MID,2025-01-01,106,8096.91,22249.4,principal
SKU_1668_DEN,2025-01-01,226,23657.81,60997.4,principal
SKU_1668_VAN,2025-01-01,0,0.0,0.0,principal
SKU_1669_COR,2025-01-01,67,5167.18,13393.3,principal
SKU_1669_TEA,2025-01-01,227,17506.7,45377.3,principal
SKU_1670_SAP,2025-01-01,115,5515.62,16663.5,principal
SKU_1670_PEA,2025-01-01,0,0.0,0.0,principal
SKU_1671_SEA,2025-01-01,165,17425.18,57733.5,principal
SKU_1671_MIN,2025-01-01,199,21015.83,69630.1,principal
SKU_1672_TEA,2025-01-01,175,16310.5,51607.5,principal
SKU_1672_FOR,2025-01-01,185,17242.53,54556.5,principal
SKU_1673_PEA,2025-01-01,86,11984.86,35251.4,principal
SKU_1673_FUC,2025-01-01,186,25920.74,76241.4,principal
SKU_1674_PAS,2025-01-01,201,16816.52,46209.9,principal
SKU_1674_WHI,2025-01-01,188,15728.89,43221.2,principal
SKU_1675_CRE,2025-01-01,181,45825.92,138446.9,principal
SKU_1675_DEN,2025-01-01,172,43547.29,131562.8,principal
SKU_1676_PIN,2025-01-01,95,5313.45,16140.5,principal
SKU_1676_NAV,2025-01-01,89,4977.87,15121.1,principal
SKU_1677_POW,2025-01-01,188,41547.38,107141.2,principal
SKU_1677_VAN,2025-01-01,199,43978.35,113410.1,principal
SKU_1678_LIG,2025-01-01,90,23734.75,64341.0,principal
SKU_1678_MAG,2025-01-01,97,25580.78,69345.3,principal
SKU_1679_SHO,2025-01-01,216,74405.39,198698.4,principal
SKU_1679_GAR,2025-01-01,0,0.0,0.0,principal
SKU_1000_COR,2025-02-01,0,0.0,0.0,principal
SKU_1000_EME,2025-02-01,134,8007.44,27456.6,principal
SKU_1000_ROY,2025-02-01,179,10696.51,36677.1,principal
SKU_1001_AQU,2025-02-01,92,23113.64,86470.8,principal
SKU_1001_SAP,2025-02-01,165,41453.82,155083.5,principal
SKU_1002_COR,2025-02-01,63,4839.17,14798.7,principal
SKU_1002_MYS,2025-02-01,59,4531.93,13859.1,principal
SKU_1003_SNO,2025-02-01,120,17182.41,43788.0,principal
SKU_1003_DUS,2025-02-01,160,22909.88,58384.0,principal
SKU_1004_FOR,2025-02-01,0,0.0,0.0,principal
SKU_1004_MEX,2025-02-01,97,11058.97,29090.3,principal
SKU_1005_OLI,2025-02-01,0,0.0,0.0,principal
SKU_1005_MYS,2025-02-01,0,0.0,0.0,principal
SKU_1006_MOS,2025-02-01,90,5434.94,17091.0,principal
SKU_1006_FOR,2025-02-01,81,4891.44,15381.9,principal
SKU_1007_COB,2025-02-01,148,13879.17,43645.2,principal
SKU_1007_FOR,2025-02-01,130,12191.17,38337.0,principal
SKU_1008_MEX,2025-02-01,146,15701.12,47435.4,principal
SKU_1008_WHI,2025-02-01,123,13227.65,39962.7,principal
SKU_1009_BAB,2025-02-01,169,24035.27,87018.1,principal
SKU_1009_MAG,2025-02-01,0,0.0,0.0,principal
SKU_1010_SNO,2025-02-01,120,13584.31,45588.0,principal
SKU_1010_BRI,2025-02-01,0,0.0,0.0,principal
SKU_1011_CER,2025-02-01,72,5001.93,18712.8,principal
SKU_1011_MIN,2025-02-01,54,3751.45,14034.6,principal
SKU_1012_VAN,2025-02-01,124,35719.48,120267.6,principal
SKU_1012_CLO,2025-02-01,157,45225.47,152274.3,principal
SKU_1013_LIG,2025-02-01,92,6295.92,16550.8,principal
SKU_1013_LIG,2025-02-01,92,6295.92,16550.8,principal
SKU_1014_FLA,2025-02-01,135,17869.53,53986.5,principal
SKU_1014_MIN,2025-02-01,155,20516.87,61984.5,principal
SKU_1015_ROY,2025-02-01,152,47036.69,142104.8,principal
SKU_1015_TUR,2025-02-01,51,15782.05,47679.9,principal
SKU_1016_HON,2025-02-01,55,3912.25,11819.5,principal
SKU_1016_SNO,2025-02-01,0,0.0,0.0,principal
SKU_1017_PAS,2025-02-01,164,7817.58,24583.6,principal
SKU_1017_BAL,2025-02-01,87,4147.13,13041.3,principal
SKU_1018_TEA,2025-02-01,158,6024.26,18944.2,principal
SKU_1018_ARM,2025-02-01,165,6291.15,19783.5,principal
SKU_1019_NAV,2025-02-01,65,5348.93,17218.5,principal
SKU_1019_GAR,2025-02-01,81,6665.59,21456.9,principal
SKU_1020_NAV,2025-02-01,54,3285.01,10794.6,principal
SKU_1020_LIG,2025-02-01,100,6083.36,19990.0,principal
SKU_1021_CRE,2025-02-01,87,6625.38,24786.3,principal
SKU_1021_PAS,2025-02-01,176,13403.06,50142.4,principal
SKU_1022_PAL,2025-02-01,142,14854.24,45425.8,principal
SKU_1022_DEN,2025-02-01,63,6590.26,20153.7,principal
SKU_1023_DEN,2025-02-01,142,15596.25,39745.8,principal
SKU_1023_FOR,2025-02-01,180,19769.9,50382.0,principal
SKU_1024_VAN,2025-02-01,165,13166.27,34633.5,principal
SKU_1024_DEN,2025-02-01,76,6064.46,15952.4,principal
SKU_1025_WHI,2025-02-01,119,18349.59,57703.1,principal
SKU_1025_MIN,2025-02-01,104,16036.61,50429.6,principal
SKU_1026_CLO,2025-02-01,0,0.0,0.0,principal
SKU_1026_SPA,2025-02-01,62,8468.27,25723.8,principal
SKU_1027_MAR,2025-02-01,189,25236.83,79361.1,principal
SKU_1027_BIR,2025-02-01,174,23233.91,73062.6,principal
SKU_1028_BLU,2025-02-01,99,19830.51,62360.1,principal
SKU_1028_AQU,2025-02-01,59,11818.18,37164.1,principal
SKU_1029_BLU,2025-02-01,179,13940.2,43837.1,principal
SKU_1029_BAL,2025-02-01,76,5918.74,18612.4,principal
SKU_1030_CRE,2025-02-01,92,19013.47,59790.8,principal
SKU_1030_DEN,2025-02-01,69,14260.11,44843.1,principal
SKU_1031_COR,2025-02-01,154,24207.55,73134.6,principal
SKU_1031_HON,2025-02-01,0,0.0,0.0,principal
SKU_1032_EME,2025-02-01,153,16780.76,52769.7,principal
SKU_1032_HON,2025-02-01,154,16890.44,53114.6,principal
SKU_1033_NAV,2025-02-01,164,33893.58,106583.6,principal
SKU_1033_LIM,2025-02-01,111,22940.17,72138.9,principal
SKU_1034_PAS,2025-02-01,87,6154.82,18696.3,principal
SKU_1034_PIS,2025-02-01,109,7711.21,23424.1,principal
SKU_1035_SAP,2025-02-01,172,35820.41,112642.8,principal
SKU_1035_FUC,2025-02-01,160,33321.31,104784.0,principal
SKU_1036_BIR,2025-02-01,80,19749.37,59992.0,principal
SKU_1036_MID,2025-02-01,88,21724.3,65991.2,principal
SKU_1037_PRI,2025-02-01,54,3604.4,11334.6,principal
SKU_1037_SPA,2025-02-01,107,7142.06,22459.3,principal
SKU_1038_LIG,2025-02-01,51,4133.97,12999.9,principal
SKU_1038_FLA,2025-02-01,116,9402.75,29568.4,principal
SKU_1039_ARM,2025-02-01,71,3640.3,10997.9,principal
SKU_1039_MIN,2025-02-01,87,4460.66,13476.3,principal
SKU_1040_BLA,2025-02-01,85,9145.21,29741.5,principal
SKU_1040_BAB,2025-02-01,85,9145.21,29741.5,principal
SKU_1041_EME,2025-02-01,106,6936.18,23309.4,principal
SKU_1041_SNO,2025-02-01,66,4318.75,14513.4,principal
SKU_1042_SEA,2025-02-01,124,11491.71,39047.6,principal
SKU_1042_EME,2025-02-01,163,15106.04,51328.7,principal
SKU_1043_SPA,2025-02-01,55,14291.49,48119.5,principal
SKU_1043_CER,2025-02-01,78,20267.93,68242.2,principal
SKU_1044_SER,2025-02-01,186,60841.71,159941.4,principal
SKU_1044_COR,2025-02-01,125,40888.24,107487.5,principal
SKU_1045_FOR,2025-02-01,50,4845.14,12745.0,principal
SKU_1045_BUB,2025-02-01,131,12694.26,33391.9,principal
SKU_1046_SNO,2025-02-01,0,0.0,0.0,principal
SKU_1046_PAS,2025-02-01,74,3916.59,11832.6,principal
SKU_1047_ROY,2025-02-01,168,11672.12,35263.2,principal
SKU_1047_DEE,2025-02-01,62,4307.57,13013.8,principal
SKU_1048_MAR,2025-02-01,146,11530.36,35025.4,principal
SKU_1048_PEA,2025-02-01,0,0.0,0.0,principal
SKU_1049_BAL,2025-02-01,153,38022.5,115499.7,principal
SKU_1049_LIG,2025-02-01,176,43738.3,132862.4,principal
SKU_1050_BUB,2025-02-01,0,0.0,0.0,principal
SKU_1050_PRI,2025-02-01,154,13693.84,46954.6,principal
SKU_1051_CLE,2025-02-01,126,28734.56,94487.4,principal
SKU_1051_LIG,2025-02-01,170,38768.86,127483.0,principal
SKU_1052_PAS,2025-02-01,142,13162.54,46135.8,principal
SKU_1052_FRE,2025-02-01,112,10381.72,36388.8,principal
SKU_1053_SHO,2025-02-01,0,0.0,0.0,principal
SKU_1053_NAV,2025-02-01,59,6171.83,18874.1,principal
SKU_1054_DEE,2025-02-01,105,13281.07,37264.5,principal
SKU_1054_PAS,2025-02-01,72,9107.02,25552.8,principal
SKU_1055_LIG,2025-02-01,188,70622.56,213361.2,principal
SKU_1055_PAL,2025-02-01,0,0.0,0.0,principal
SKU_1056_CRE,2025-02-01,135,10496.51,31711.5,principal
SKU_1056_OLI,2025-02-01,162,12595.81,38053.8,principal
SKU_1057_ROY,2025-02-01,58,3530.41,10724.2,principal
SKU_1057_SNO,2025-02-01,0,0.0,0.0,principal
SKU_1058_MID,2025-02-01,66,4090.56,12863.4,principal
SKU_1058_SHO,2025-02-01,122,7561.34,23777.8,principal
SKU_1059_PEA,2025-02-01,92,8773.87,27590.8,principal
SKU_1059_OFF,2025-02-01,156,14877.44,46784.4,principal
SKU_1060_CRE,2025-02-01,142,48444.87,157605.8,principal
SKU_1060_LIM,2025-02-01,59,20128.5,65484.1,principal
SKU_1061_PAS,2025-02-01,153,17694.95,62714.7,principal
SKU_1061_EGR,2025-02-01,60,6939.2,24594.0,principal
SKU_1062_OLI,2025-02-01,166,9467.22,33183.4,principal
SKU_1062_MID,2025-02-01,130,7414.09,25987.0,principal
SKU_1063_SNO,2025-02-01,111,6506.08,20523.9,principal
SKU_1063_SAP,2025-02-01,60,3516.8,11094.0,principal
SKU_1064_PRI,2025-02-01,100,6768.04,18990.0,principal
SKU_1064_BIR,2025-02-01,140,9475.25,26586.0,principal
SKU_1065_CLE,2025-02-01,141,29934.45,90930.9,principal
SKU_1065_COB,2025-02-01,126,26749.94,81257.4,principal
SKU_1066_IVO,2025-02-01,173,10301.61,31122.7,principal
SKU_1066_WHI,2025-02-01,80,4763.75,14392.0,principal
SKU_1067_EME,2025-02-01,79,6654.82,20927.1,principal
SKU_1067_WHI,2025-02-01,74,6233.63,19602.6,principal
SKU_1068_COR,2025-02-01,75,19733.39,59617.5,principal
SKU_1068_BAL,2025-02-01,0,0.0,0.0,principal
SKU_1069_OLI,2025-02-01,0,0.0,0.0,principal
SKU_1069_CRE,2025-02-01,88,15434.93,46631.2,principal
SKU_1070_LIG,2025-02-01,0,0.0,0.0,principal
SKU_1070_MID,2025-02-01,153,17466.77,52769.7,principal
SKU_1071_BAB,2025-02-01,176,15637.79,47502.4,principal
SKU_1071_SKY,2025-02-01,146,12972.26,39405.4,principal
SKU_1072_PAS,2025-02-01,152,23138.49,69904.8,principal
SKU_1072_CER,2025-02-01,133,20246.18,61166.7,principal
SKU_1073_FRE,2025-02-01,91,9635.71,29110.9,principal
SKU_1073_BLU,2025-02-01,116,12282.88,37108.4,principal
SKU_1074_JAD,2025-02-01,137,9241.07,28071.3,principal
SKU_1074_PRI,2025-02-01,174,11736.84,35652.6,principal
SKU_1075_NAV,2025-02-01,101,9311.01,29279.9,principal
SKU_1075_LIG,2025-02-01,166,15303.24,48123.4,principal
SKU_1076_BLU,2025-02-01,0,0.0,0.0,principal
SKU_1076_POW,2025-02-01,140,9904.31,30086.0,principal
SKU_1077_NAV,2025-02-01,65,4752.03,14943.5,principal
SKU_1077_MAR,2025-02-01,84,6141.09,19311.6,principal
SKU_1078_GAR,2025-02-01,0,0.0,0.0,principal
SKU_1078_BLU,2025-02-01,161,15866.26,49893.9,principal
SKU_1079_BAB,2025-02-01,103,9321.2,28314.7,principal
SKU_1079_JAD,2025-02-01,153,13846.05,42059.7,principal
SKU_1080_TEA,2025-02-01,109,16460.98,51764.1,principal
SKU_1080_MAR,2025-02-01,72,10873.31,34192.8,principal
SKU_1081_EGR,2025-02-01,58,5096.24,16234.2,principal
SKU_1081_PAS,2025-02-01,125,10983.28,34987.5,principal
SKU_1082_PIN,2025-02-01,156,10068.58,32744.4,principal
SKU_1082_LIG,2025-02-01,172,11101.25,36102.8,principal
SKU_1083_OFF,2025-02-01,56,7579.52,25754.4,principal
SKU_1083_BAB,2025-02-01,133,18001.36,61166.7,principal
SKU_1084_DUS,2025-02-01,63,20392.93,62363.7,principal
SKU_1084_PAS,2025-02-01,81,26219.48,80181.9,principal
SKU_1085_COB,2025-02-01,114,18618.18,56988.6,principal
SKU_1085_CRE,2025-02-01,84,13718.66,41991.6,principal
SKU_1086_PRI,2025-02-01,177,15620.38,39807.3,principal
SKU_1086_CRE,2025-02-01,72,6354.05,16192.8,principal
SKU_1087_BIR,2025-02-01,84,12158.91,31491.6,principal
SKU_1087_SNO,2025-02-01,142,20554.34,53235.8,principal
SKU_1088_CER,2025-02-01,130,30594.86,92937.0,principal
SKU_1088_HON,2025-02-01,141,33183.66,100800.9,principal
SKU_1089_GAR,2025-02-01,180,17545.68,60282.0,principal
SKU_1089_EGR,2025-02-01,120,11697.12,40188.0,principal
SKU_1090_PAL,2025-02-01,175,7580.7,23607.5,principal
SKU_1090_WHI,2025-02-01,88,3812.01,11871.2,principal
SKU_1091_OFF,2025-02-01,65,5471.23,20468.5,principal
SKU_1091_MOS,2025-02-01,126,10605.77,39677.4,principal
SKU_1092_TUR,2025-02-01,142,15318.58,46845.8,principal
SKU_1092_MIN,2025-02-01,186,20065.18,61361.4,principal
SKU_1093_GAR,2025-02-01,0,0.0,0.0,principal
SKU_1093_TEA,2025-02-01,83,34459.14,96686.7,principal
SKU_1094_FOR,2025-02-01,80,7143.97,18792.0,principal
SKU_1094_DEE,2025-02-01,179,15984.63,42047.1,principal
SKU_1095_COB,2025-02-01,139,18527.74,56281.1,principal
SKU_1095_MAG,2025-02-01,0,0.0,0.0,principal
SKU_1096_HOT,2025-02-01,139,12807.89,38906.1,principal
SKU_1096_CLE,2025-02-01,53,4883.58,14834.7,principal
SKU_1097_AQU,2025-02-01,0,0.0,0.0,principal
SKU_1097_PAL,2025-02-01,126,8962.62,27077.4,principal
SKU_1098_HON,2025-02-01,0,0.0,0.0,principal
SKU_1098_HUN,2025-02-01,161,18380.07,55528.9,principal
SKU_1099_SAL,2025-02-01,61,4564.04,15243.9,principal
SKU_1099_PRI,2025-02-01,84,6284.91,20991.6,principal
SKU_1100_PEA,2025-02-01,78,3940.29,14422.2,principal
SKU_1100_COB,2025-02-01,0,0.0,0.0,principal
SKU_1101_CLE,2025-02-01,0,0.0,0.0,principal
SKU_1101_DEE,2025-02-01,120,13308.33,49788.0,principal
SKU_1102_FLA,2025-02-01,189,54443.4,183311.1,principal
SKU_1102_OFF,2025-02-01,136,39176.2,131906.4,principal
SKU_1103_EGR,2025-02-01,73,3607.22,9482.7,principal
SKU_1103_LIG,2025-02-01,51,2520.11,6624.9,principal
SKU_1104_POW,2025-02-01,73,4346.92,13132.7,principal
SKU_1104_MEX,2025-02-01,118,7026.53,21228.2,principal
SKU_1105_ARM,2025-02-01,0,0.0,0.0,principal
SKU_1105_SER,2025-02-01,172,11601.93,35242.8,principal
SKU_1106_MYS,2025-02-01,118,29264.97,92028.2,principal
SKU_1106_SNO,2025-02-01,78,19344.64,60832.2,principal
SKU_1107_BAL,2025-02-01,148,48473.12,147245.2,principal
SKU_1107_PAS,2025-02-01,52,17031.1,51734.8,principal
SKU_1108_PRI,2025-02-01,115,9512.44,28738.5,principal
SKU_1108_SNO,2025-02-01,97,8023.54,24240.3,principal
SKU_1109_SAG,2025-02-01,0,0.0,0.0,principal
SKU_1109_CER,2025-02-01,187,11790.36,42991.3,principal
SKU_1110_FLA,2025-02-01,157,9913.86,36094.3,principal
SKU_1110_HUN,2025-02-01,0,0.0,0.0,principal
SKU_1111_CRE,2025-02-01,46,2580.89,9655.4,principal
SKU_1111_BLU,2025-02-01,83,4656.82,17421.7,principal
SKU_1112_MIN,2025-02-01,110,8980.98,30239.0,principal
SKU_1112_EGR,2025-02-01,89,7266.43,24466.1,principal
SKU_1113_VAN,2025-02-01,0,0.0,0.0,principal
SKU_1113_OLI,2025-02-01,0,0.0,0.0,principal
SKU_1114_GAR,2025-02-01,91,12045.39,36390.9,principal
SKU_1114_PRI,2025-02-01,131,17340.06,52386.9,principal
SKU_1115_LIM,2025-02-01,135,9602.81,29011.5,principal
SKU_1115_TEA,2025-02-01,0,0.0,0.0,principal
SKU_1116_MOS,2025-02-01,92,7265.71,22070.8,principal
SKU_1116_SNO,2025-02-01,106,8371.36,25429.4,principal
SKU_1117_MOS,2025-02-01,113,8224.92,24848.7,principal
SKU_1117_MIN,2025-02-01,159,11573.12,34964.1,principal
SKU_1118_FUC,2025-02-01,111,10834.92,32733.9,principal
SKU_1118_DUS,2025-02-01,76,7418.5,22412.4,principal
SKU_1119_PAS,2025-02-01,63,2901.47,8813.7,principal
SKU_1119_LIG,2025-02-01,0,0.0,0.0,principal
SKU_1120_AQU,2025-02-01,76,5797.9,18232.4,principal
SKU_1120_SAL,2025-02-01,141,10756.64,33825.9,principal
SKU_1121_MYS,2025-02-01,126,10365.65,31487.4,principal
SKU_1121_MIN,2025-02-01,158,12998.2,39484.2,principal
SKU_1122_ROY,2025-02-01,93,13079.7,39515.7,principal
SKU_1122_PIS,2025-02-01,178,25034.26,75632.2,principal
SKU_1123_BAB,2025-02-01,72,10245.38,30952.8,principal
SKU_1123_SER,2025-02-01,0,0.0,0.0,principal
SKU_1124_BLU,2025-02-01,172,21510.85,65342.8,principal
SKU_1124_FOR,2025-02-01,137,17133.64,52046.3,principal
SKU_1125_MIN,2025-02-01,151,7948.5,24144.9,principal
SKU_1125_SAP,2025-02-01,86,4526.96,13751.4,principal
SKU_1126_WHI,2025-02-01,145,32871.78,99310.5,principal
SKU_1126_WHI,2025-02-01,145,32871.78,99310.5,principal
SKU_1127_SAL,2025-02-01,158,10397.52,31584.2,principal
SKU_1127_BLU,2025-02-01,68,4474.88,13593.2,principal
SKU_1128_PRI,2025-02-01,141,19026.41,57795.9,principal
SKU_1128_TEA,2025-02-01,0,0.0,0.0,principal
SKU_1129_VAN,2025-02-01,123,15670.43,47342.7,principal
SKU_1129_SAG,2025-02-01,78,9937.35,30022.2,principal
SKU_1130_CRE,2025-02-01,50,3701.48,12495.0,principal
SKU_1130_MEX,2025-02-01,123,9105.63,30737.7,principal
SKU_1131_CLO,2025-02-01,147,39847.97,130080.3,principal
SKU_1131_JAD,2025-02-01,63,17077.7,55748.7,principal
SKU_1132_NAV,2025-02-01,0,0.0,0.0,principal
SKU_1132_CLE,2025-02-01,181,9316.63,31656.9,principal
SKU_1133_MOS,2025-02-01,78,21078.74,70972.2,principal
SKU_1133_PEA,2025-02-01,158,42697.97,143764.2,principal
SKU_1134_DUS,2025-02-01,68,6001.05,15293.2,principal
SKU_1134_PIN,2025-02-01,163,14384.87,36658.7,principal
SKU_1135_ROS,2025-02-01,118,8070.11,21228.2,principal
SKU_1135_MAR,2025-02-01,82,5608.04,14751.8,principal
SKU_1136_SNO,2025-02-01,113,9296.18,28238.7,principal
SKU_1136_FUC,2025-02-01,60,4936.02,14994.0,principal
SKU_1137_DEE,2025-02-01,71,9141.83,28747.9,principal
SKU_1137_PAL,2025-02-01,149,19184.97,60330.1,principal
SKU_1138_PEA,2025-02-01,155,11085.32,34859.5,principal
SKU_1138_HON,2025-02-01,124,8868.26,27887.6,principal
SKU_1139_PRI,2025-02-01,111,10651.22,32178.9,principal
SKU_1139_EGR,2025-02-01,140,13433.97,40586.0,principal
SKU_1140_SNO,2025-02-01,149,8905.58,29785.1,principal
SKU_1140_ROS,2025-02-01,0,0.0,0.0,principal
SKU_1141_SKY,2025-02-01,73,8060.79,26637.7,principal
SKU_1141_CLE,2025-02-01,183,20207.18,66776.7,principal
SKU_1142_MIN,2025-02-01,86,7813.55,29231.4,principal
SKU_1142_PAS,2025-02-01,77,6995.86,26172.3,principal
SKU_1143_IVO,2025-02-01,131,8348.93,25531.9,principal
SKU_1143_SNO,2025-02-01,58,3696.47,11304.2,principal
SKU_1144_SEA,2025-02-01,147,18447.61,48495.3,principal
SKU_1144_BUB,2025-02-01,178,22337.92,58722.2,principal
SKU_1145_MOS,2025-02-01,115,17125.44,51738.5,principal
SKU_1145_LIG,2025-02-01,0,0.0,0.0,principal
SKU_1146_FRE,2025-02-01,61,9436.16,28663.9,principal
SKU_1146_CER,2025-02-01,134,20728.6,62966.6,principal
SKU_1147_COR,2025-02-01,182,21078.68,63681.8,principal
SKU_1147_MEX,2025-02-01,0,0.0,0.0,principal
SKU_1148_TEA,2025-02-01,88,12667.77,38271.2,principal
SKU_1148_SPA,2025-02-01,160,23032.3,69584.0,principal
SKU_1149_IVO,2025-02-01,108,5491.61,17269.2,principal
SKU_1149_OLI,2025-02-01,127,6457.72,20307.3,principal
SKU_1150_SAG,2025-02-01,135,26870.12,85711.5,principal
SKU_1150_VAN,2025-02-01,171,34035.48,108567.9,principal
SKU_1151_CRE,2025-02-01,128,31653.16,103667.2,principal
SKU_1151_JAD,2025-02-01,131,32395.03,106096.9,principal
SKU_1152_CLO,2025-02-01,176,47745.77,178622.4,principal
SKU_1152_WHI,2025-02-01,108,29298.54,109609.2,principal
SKU_1153_PEA,2025-02-01,167,18594.67,62608.3,principal
SKU_1153_MOS,2025-02-01,68,7571.48,25493.2,principal
SKU_1154_VAN,2025-02-01,93,19520.21,49745.7,principal
SKU_1154_PEA,2025-02-01,116,24347.79,62048.4,principal
SKU_1155_ARM,2025-02-01,146,43009.55,113135.4,principal
SKU_1155_BAB,2025-02-01,99,29164.01,76715.1,principal
SKU_1156_FLA,2025-02-01,162,14676.91,46153.8,principal
SKU_1156_EGR,2025-02-01,91,8244.44,25925.9,principal
SKU_1157_DEE,2025-02-01,128,8001.93,24307.2,principal
SKU_1157_PAS,2025-02-01,106,6626.6,20129.4,principal
SKU_1158_AQU,2025-02-01,168,36857.22,115903.2,principal
SKU_1158_MYS,2025-02-01,96,21061.27,66230.4,principal
SKU_1159_PAS,2025-02-01,95,5656.96,17090.5,principal
SKU_1159_PRI,2025-02-01,103,6133.33,18529.7,principal
SKU_1160_DUS,2025-02-01,157,10648.04,32169.3,principal
SKU_1160_LIM,2025-02-01,57,3865.85,11679.3,principal
SKU_1161_MEX,2025-02-01,87,12235.85,36966.3,principal
SKU_1161_DUS,2025-02-01,0,0.0,0.0,principal
SKU_1162_HOT,2025-02-01,169,40838.55,128423.1,principal
SKU_1162_BUB,2025-02-01,163,39388.66,123863.7,principal
SKU_1163_HUN,2025-02-01,140,11517.39,34986.0,principal
SKU_1163_SPA,2025-02-01,141,11599.66,35235.9,principal
SKU_1164_BRI,2025-02-01,166,10552.32,33183.4,principal
SKU_1164_MIN,2025-02-01,81,5149.02,16191.9,principal
SKU_1165_HUN,2025-02-01,0,0.0,0.0,principal
SKU_1165_MAR,2025-02-01,169,18266.91,57443.1,principal
SKU_1166_PIS,2025-02-01,85,16350.45,51416.5,principal
SKU_1166_FRE,2025-02-01,145,27891.94,87710.5,principal
SKU_1167_WHI,2025-02-01,105,24872.21,78214.5,principal
SKU_1167_JAD,2025-02-01,85,20134.65,63316.5,principal
SKU_1168_GAR,2025-02-01,140,35213.77,106386.0,principal
SKU_1168_BLU,2025-02-01,0,0.0,0.0,principal
SKU_1169_BUB,2025-02-01,124,7882.46,24787.6,principal
SKU_1169_MEX,2025-02-01,132,8391.0,26386.8,principal
SKU_1170_GAR,2025-02-01,110,32406.12,98439.0,principal
SKU_1170_OFF,2025-02-01,65,19149.07,58168.5,principal
SKU_1171_MIN,2025-02-01,68,3849.39,12573.2,principal
SKU_1171_EME,2025-02-01,128,7245.92,23667.2,principal
SKU_1172_ARM,2025-02-01,51,5632.31,18354.9,principal
SKU_1172_PIN,2025-02-01,53,5853.19,19074.7,principal
SKU_1173_GAR,2025-02-01,57,4946.98,16809.3,principal
SKU_1173_AQU,2025-02-01,61,5294.13,17988.9,principal
SKU_1174_PEA,2025-02-01,92,6121.52,19310.8,principal
SKU_1174_BLU,2025-02-01,79,5256.53,16582.1,principal
SKU_1175_FUC,2025-02-01,58,5114.23,15654.2,principal
SKU_1175_CLE,2025-02-01,77,6789.58,20782.3,principal
SKU_1176_GAR,2025-02-01,183,22617.33,59456.7,principal
SKU_1176_NAV,2025-02-01,165,20392.67,53608.5,principal
SKU_1177_MIN,2025-02-01,157,12399.09,37664.3,principal
SKU_1177_PEA,2025-02-01,97,7660.58,23270.3,principal
SKU_1178_RAS,2025-02-01,159,16174.78,50864.1,principal
SKU_1178_MID,2025-02-01,118,12003.93,37748.2,principal
SKU_1179_TUR,2025-02-01,123,13294.85,41807.7,principal
SKU_1179_VAN,2025-02-01,157,16969.85,53364.3,principal
SKU_1180_ROY,2025-02-01,147,22440.86,77895.3,principal
SKU_1180_AQU,2025-02-01,92,14044.62,48750.8,principal
SKU_1181_AQU,2025-02-01,169,15170.5,48993.1,principal
SKU_1181_SER,2025-02-01,116,10412.89,33628.4,principal
SKU_1182_BIR,2025-02-01,106,26870.94,89029.4,principal
SKU_1182_PIN,2025-02-01,112,28391.94,94068.8,principal
SKU_1183_POW,2025-02-01,107,23194.14,69539.3,principal
SKU_1183_MOS,2025-02-01,162,35116.36,105283.8,principal
SKU_1184_HOT,2025-02-01,128,15249.11,43507.2,principal
SKU_1184_BAB,2025-02-01,0,0.0,0.0,principal
SKU_1185_BAL,2025-02-01,76,28479.29,75232.4,principal
SKU_1185_MAG,2025-02-01,122,45716.75,120767.8,principal
SKU_1186_FLA,2025-02-01,0,0.0,0.0,principal
SKU_1186_MEX,2025-02-01,151,23606.9,71709.9,principal
SKU_1187_JAD,2025-02-01,79,8103.58,24482.1,principal
SKU_1187_OLI,2025-02-01,108,11078.31,33469.2,principal
SKU_1188_TEA,2025-02-01,57,4526.19,13674.3,principal
SKU_1188_BAB,2025-02-01,63,5002.63,15113.7,principal
SKU_1189_FUC,2025-02-01,0,0.0,0.0,principal
SKU_1189_ROY,2025-02-01,176,13684.33,41342.4,principal
SKU_1190_TEA,2025-02-01,87,14669.37,50451.3,principal
SKU_1190_MAG,2025-02-01,120,20233.62,69588.0,principal
SKU_1191_MIN,2025-02-01,52,2993.03,9614.8,principal
SKU_1191_MYS,2025-02-01,118,6791.87,21818.2,principal
SKU_1192_MAR,2025-02-01,79,5087.08,18557.1,principal
SKU_1192_RAS,2025-02-01,0,0.0,0.0,principal
SKU_1193_CLE,2025-02-01,108,15185.9,48049.2,principal
SKU_1193_ROS,2025-02-01,66,9280.27,29363.4,principal
SKU_1194_FLA,2025-02-01,105,8097.66,23089.5,principal
SKU_1194_SAG,2025-02-01,90,6940.85,19791.0,principal
SKU_1195_HUN,2025-02-01,114,18264.54,53568.6,principal
SKU_1195_SAL,2025-02-01,0,0.0,0.0,principal
SKU_1196_PEA,2025-02-01,0,0.0,0.0,principal
SKU_1196_RAS,2025-02-01,0,0.0,0.0,principal
SKU_1197_ROS,2025-02-01,95,24859.7,75515.5,principal
SKU_1197_COR,2025-02-01,57,14915.82,45309.3,principal
SKU_1198_SEA,2025-02-01,126,13418.77,42197.4,principal
SKU_1198_SAL,2025-02-01,64,6815.88,21433.6,principal
SKU_1199_PAL,2025-02-01,133,7652.83,27916.7,principal
SKU_1199_TEA,2025-02-01,114,6559.57,23928.6,principal
SKU_1200_MID,2025-02-01,176,9375.52,31662.4,principal
SKU_1200_PAS,2025-02-01,134,7138.18,24106.6,principal
SKU_1201_BIR,2025-02-01,0,0.0,0.0,principal
SKU_1201_SAG,2025-02-01,153,23631.83,74189.7,principal
SKU_1202_LIG,2025-02-01,160,47448.82,130384.0,principal
SKU_1202_CLE,2025-02-01,152,45076.38,123864.8,principal
SKU_1203_OFF,2025-02-01,0,0.0,0.0,principal
SKU_1203_FLA,2025-02-01,101,27889.34,76749.9,principal
SKU_1204_AQU,2025-02-01,44,5939.67,15395.6,principal
SKU_1204_MIN,2025-02-01,138,18628.96,48286.2,principal
SKU_1205_RAS,2025-02-01,109,28679.2,86644.1,principal
SKU_1205_COR,2025-02-01,82,21575.18,65181.8,principal
SKU_1206_HUN,2025-02-01,133,18265.14,55181.7,principal
SKU_1206_BLA,2025-02-01,53,7278.59,21989.7,principal
SKU_1207_POW,2025-02-01,113,37939.87,115248.7,principal
SKU_1207_BLA,2025-02-01,67,22495.32,68333.3,principal
SKU_1208_PAS,2025-02-01,84,20587.27,54171.6,principal
SKU_1208_MOS,2025-02-01,84,20587.27,54171.6,principal
SKU_1209_BLA,2025-02-01,117,12628.14,32748.3,principal
SKU_1209_DUS,2025-02-01,94,10145.68,26310.6,principal
SKU_1210_SHO,2025-02-01,112,8977.25,22948.8,principal
SKU_1210_WHI,2025-02-01,146,11702.49,29915.4,principal
SKU_1211_GAR,2025-02-01,169,17797.57,54063.1,principal
SKU_1211_CRE,2025-02-01,179,18850.68,57262.1,principal
SKU_1212_COB,2025-02-01,179,12517.15,39362.1,principal
SKU_1212_SNO,2025-02-01,97,6783.04,21330.3,principal
SKU_1213_MAG,2025-02-01,95,27361.62,83115.5,principal
SKU_1213_POW,2025-02-01,81,23329.38,70866.9,principal
SKU_1214_BLA,2025-02-01,113,10624.55,33888.7,principal
SKU_1214_RAS,2025-02-01,119,11188.68,35688.1,principal
SKU_1215_MAG,2025-02-01,130,8971.46,28587.0,principal
SKU_1215_BRI,2025-02-01,63,4347.71,13853.7,principal
SKU_1216_WHI,2025-02-01,170,25896.83,96883.0,principal
SKU_1216_CRE,2025-02-01,171,26049.16,97452.9,principal
SKU_1217_ROS,2025-02-01,106,27550.28,86909.4,principal
SKU_1217_RAS,2025-02-01,95,24691.29,77890.5,principal
SKU_1218_BLU,2025-02-01,103,26469.22,67454.7,principal
SKU_1218_SNO,2025-02-01,50,12849.14,32745.0,principal
SKU_1219_MAR,2025-02-01,129,19366.15,50942.1,principal
SKU_1219_LIM,2025-02-01,0,0.0,0.0,principal
SKU_1220_TUR,2025-02-01,87,8780.21,26526.3,principal
SKU_1220_HOT,2025-02-01,56,5651.63,17074.4,principal
SKU_1221_SAG,2025-02-01,121,28277.48,88922.9,principal
SKU_1221_PAL,2025-02-01,0,0.0,0.0,principal
SKU_1222_PAS,2025-02-01,101,28092.25,85334.9,principal
SKU_1222_HON,2025-02-01,115,31986.22,97163.5,principal
SKU_1223_TEA,2025-02-01,176,8395.39,25502.4,principal
SKU_1223_BLA,2025-02-01,87,4149.99,12606.3,principal
SKU_1224_OLI,2025-02-01,0,0.0,0.0,principal
SKU_1224_ARM,2025-02-01,61,8276.01,25308.9,principal
SKU_1225_POW,2025-02-01,112,7291.4,24068.8,principal
SKU_1225_IVO,2025-02-01,171,11132.41,36747.9,principal
SKU_1226_PAL,2025-02-01,166,22964.77,80493.4,principal
SKU_1226_LIG,2025-02-01,135,18676.17,65461.5,principal
SKU_1227_CLO,2025-02-01,117,13896.13,46788.3,principal
SKU_1227_PAS,2025-02-01,137,16271.53,54786.3,principal
SKU_1228_WHI,2025-02-01,173,19679.92,50152.7,principal
SKU_1228_SPA,2025-02-01,83,9441.81,24061.7,principal
SKU_1229_SAL,2025-02-01,79,22363.25,67932.1,principal
SKU_1229_CLO,2025-02-01,143,40480.31,122965.7,principal
SKU_1230_ROS,2025-02-01,118,15534.36,47188.2,principal
SKU_1230_NAV,2025-02-01,134,17640.71,53586.6,principal
SKU_1231_LIG,2025-02-01,134,21285.48,64306.6,principal
SKU_1231_BIR,2025-02-01,0,0.0,0.0,principal
SKU_1232_AQU,2025-02-01,54,6343.48,19164.6,principal
SKU_1232_FOR,2025-02-01,0,0.0,0.0,principal
SKU_1233_JAD,2025-02-01,93,7344.68,22310.7,principal
SKU_1233_SEA,2025-02-01,140,11056.51,33586.0,principal
SKU_1234_MOS,2025-02-01,62,4120.94,12703.8,principal
SKU_1234_SAL,2025-02-01,0,0.0,0.0,principal
SKU_1235_HUN,2025-02-01,0,0.0,0.0,principal
SKU_1235_COR,2025-02-01,143,19383.94,67195.7,principal
SKU_1236_DEE,2025-02-01,100,17666.9,56990.0,principal
SKU_1236_LIM,2025-02-01,185,32683.76,105431.5,principal
SKU_1237_BAB,2025-02-01,100,28527.15,99990.0,principal
SKU_1237_GAR,2025-02-01,171,48781.42,170982.9,principal
SKU_1238_SAP,2025-02-01,134,19535.63,61626.6,principal
SKU_1238_TUR,2025-02-01,0,0.0,0.0,principal
SKU_1239_BAB,2025-02-01,56,6601.61,17354.4,principal
SKU_1239_MID,2025-02-01,58,6837.39,17974.2,principal
SKU_1240_PAL,2025-02-01,192,63200.08,191980.8,principal
SKU_1240_MOS,2025-02-01,0,0.0,0.0,principal
SKU_1241_BAL,2025-02-01,66,7819.62,23753.4,principal
SKU_1241_FLA,2025-02-01,69,8175.06,24833.1,principal
SKU_1242_AQU,2025-02-01,167,16723.08,52588.3,principal
SKU_1242_SKY,2025-02-01,167,16723.08,52588.3,principal
SKU_1243_SNO,2025-02-01,87,7052.39,21306.3,principal
SKU_1243_PIN,2025-02-01,178,14429.02,43592.2,principal
SKU_1244_COB,2025-02-01,178,16409.5,51602.2,principal
SKU_1244_GAR,2025-02-01,85,7836.0,24641.5,principal
SKU_1245_COB,2025-02-01,87,5383.61,18261.3,principal
SKU_1245_SNO,2025-02-01,0,0.0,0.0,principal
SKU_1246_PAL,2025-02-01,116,9550.3,34208.4,principal
SKU_1246_COR,2025-02-01,78,6421.75,23002.2,principal
SKU_1247_SAP,2025-02-01,56,2874.23,10074.4,principal
SKU_1247_SKY,2025-02-01,124,6364.36,22307.6,principal
SKU_1248_AQU,2025-02-01,58,3222.32,9854.2,principal
SKU_1248_SAG,2025-02-01,86,4777.93,14611.4,principal
SKU_1249_WHI,2025-02-01,97,9958.99,26180.3,principal
SKU_1249_ARM,2025-02-01,154,15811.17,41564.6,principal
SKU_1250_AQU,2025-02-01,83,7101.4,21571.7,principal
SKU_1250_BAB,2025-02-01,105,8983.7,27289.5,principal
SKU_1251_SHO,2025-02-01,67,20289.68,61633.3,principal
SKU_1251_COB,2025-02-01,0,0.0,0.0,principal
SKU_1252_NAV,2025-02-01,108,7723.97,24289.2,principal
SKU_1252_FLA,2025-02-01,74,5292.35,16642.6,principal
SKU_1253_SEA,2025-02-01,181,21444.71,65141.9,principal
SKU_1253_FRE,2025-02-01,114,13506.62,41028.6,principal
SKU_1254_SEA,2025-02-01,0,0.0,0.0,principal
SKU_1254_BAB,2025-02-01,45,2828.56,8545.5,principal
SKU_1255_VAN,2025-02-01,42,6261.4,20155.8,principal
SKU_1255_SHO,2025-02-01,178,26536.41,85422.2,principal
SKU_1256_SEA,2025-02-01,157,31051.08,102034.3,principal
SKU_1256_MID,2025-02-01,176,34808.85,114382.4,principal
SKU_1257_SPA,2025-02-01,86,5027.39,17621.4,principal
SKU_1257_EME,2025-02-01,85,4968.93,17416.5,principal
SKU_1258_AQU,2025-02-01,93,7316.8,24635.7,principal
SKU_1258_LIG,2025-02-01,0,0.0,0.0,principal
SKU_1259_ARM,2025-02-01,75,9620.13,26992.5,principal
SKU_1259_POW,2025-02-01,0,0.0,0.0,principal
SKU_1260_WHI,2025-02-01,154,17326.06,52344.6,principal
SKU_1260_ROY,2025-02-01,174,19576.2,59142.6,principal
SKU_1261_PAS,2025-02-01,283,46106.67,140056.7,principal
SKU_1261_PAS,2025-02-01,283,46106.67,140056.7,principal
SKU_1262_BLU,2025-02-01,165,15013.66,45358.5,principal
SKU_1262_OFF,2025-02-01,0,0.0,0.0,principal
SKU_1263_COB,2025-02-01,0,0.0,0.0,principal
SKU_1263_SKY,2025-02-01,145,8826.02,26810.5,principal
SKU_1264_EGR,2025-02-01,190,37152.26,116831.0,principal
SKU_1264_BRI,2025-02-01,128,25028.89,78707.2,principal
SKU_1265_CRE,2025-02-01,113,8224.92,24848.7,principal
SKU_1265_JAD,2025-02-01,113,8224.92,24848.7,principal
SKU_1266_MEX,2025-02-01,109,10761.25,32689.1,principal
SKU_1266_SPA,2025-02-01,177,17474.69,53082.3,principal
SKU_1267_SKY,2025-02-01,137,15186.71,45881.3,principal
SKU_1267_SAP,2025-02-01,0,0.0,0.0,principal
SKU_1268_MYS,2025-02-01,85,9052.35,28466.5,principal
SKU_1268_MAR,2025-02-01,105,11182.31,35164.5,principal
SKU_1269_BAB,2025-02-01,111,37999.19,115428.9,principal
SKU_1269_CER,2025-02-01,58,19855.43,60314.2,principal
SKU_1270_CRE,2025-02-01,187,11690.32,35511.3,principal
SKU_1270_TUR,2025-02-01,129,8064.45,24497.1,principal
SKU_1271_OLI,2025-02-01,89,26073.0,79201.1,principal
SKU_1271_FLA,2025-02-01,50,14647.75,44495.0,principal
SKU_1272_PAS,2025-02-01,0,0.0,0.0,principal
SKU_1272_TEA,2025-02-01,109,13706.41,41409.1,principal
SKU_1273_PAS,2025-02-01,130,31620.97,99437.0,principal
SKU_1273_EGR,2025-02-01,0,0.0,0.0,principal
SKU_1274_MEX,2025-02-01,120,10108.58,31788.0,principal
SKU_1274_BAL,2025-02-01,177,14910.16,46887.3,principal
SKU_1275_MIN,2025-02-01,161,9799.92,29768.9,principal
SKU_1275_BIR,2025-02-01,113,6878.21,20893.7,principal
SKU_1276_WHI,2025-02-01,0,0.0,0.0,principal
SKU_1276_LIG,2025-02-01,230,11589.0,40227.0,principal
SKU_1277_MYS,2025-02-01,176,12600.64,46622.4,principal
SKU_1277_BAB,2025-02-01,271,19402.12,71787.9,principal
SKU_1278_BAB,2025-02-01,142,41723.93,146245.8,principal
SKU_1278_MOS,2025-02-01,266,78158.91,273953.4,principal
SKU_1279_FUC,2025-02-01,287,38775.22,130556.3,principal
SKU_1279_IVO,2025-02-01,224,30263.59,101897.6,principal
SKU_1280_LIM,2025-02-01,284,50598.68,141971.6,principal
SKU_1280_PRI,2025-02-01,0,0.0,0.0,principal
SKU_1281_PIS,2025-02-01,127,25583.74,67297.3,principal
SKU_1281_CER,2025-02-01,0,0.0,0.0,principal
SKU_1282_PIN,2025-02-01,206,14653.17,44269.4,principal
SKU_1282_BAL,2025-02-01,130,9247.15,27937.0,principal
SKU_1283_SNO,2025-02-01,314,18961.89,59628.6,principal
SKU_1283_BAB,2025-02-01,230,13889.29,43677.0,principal
SKU_1284_COR,2025-02-01,0,0.0,0.0,principal
SKU_1284_HOT,2025-02-01,259,60528.06,183864.1,principal
SKU_1285_WHI,2025-02-01,200,58249.38,175980.0,principal
SKU_1285_CLO,2025-02-01,291,84752.85,256050.9,principal
SKU_1286_MAR,2025-02-01,116,8546.38,28408.4,principal
SKU_1286_HOT,2025-02-01,238,17534.82,58286.2,principal
SKU_1287_NAV,2025-02-01,185,20719.69,70281.5,principal
SKU_1287_CER,2025-02-01,158,17695.73,60024.2,principal
SKU_1288_SAG,2025-02-01,117,8260.5,28068.3,principal
SKU_1288_BAB,2025-02-01,305,21533.78,73169.5,principal
SKU_1289_AQU,2025-02-01,542,182533.3,558205.8,principal
SKU_1289_AQU,2025-02-01,542,182533.3,558205.8,principal
SKU_1290_BIR,2025-02-01,282,54162.04,142381.8,principal
SKU_1290_PIN,2025-02-01,0,0.0,0.0,principal
SKU_1291_SAL,2025-02-01,115,9082.13,27588.5,principal
SKU_1291_SPA,2025-02-01,169,13346.79,40543.1,principal
SKU_1292_TEA,2025-02-01,276,28311.22,85532.4,principal
SKU_1292_FLA,2025-02-01,236,24208.15,73136.4,principal
SKU_1293_TEA,2025-02-01,243,24390.66,74090.7,principal
SKU_1293_OFF,2025-02-01,137,13751.11,41771.3,principal
SKU_1294_SEA,2025-02-01,112,7410.69,22388.8,principal
SKU_1294_COR,2025-02-01,0,0.0,0.0,principal
SKU_1295_PIS,2025-02-01,287,48647.96,147776.3,principal
SKU_1295_FLA,2025-02-01,0,0.0,0.0,principal
SKU_1296_DEE,2025-02-01,265,48081.36,172223.5,principal
SKU_1296_PEA,2025-02-01,0,0.0,0.0,principal
SKU_1297_WHI,2025-02-01,0,0.0,0.0,principal
SKU_1297_MIN,2025-02-01,278,18032.83,63912.2,principal
SKU_1298_OFF,2025-02-01,0,0.0,0.0,principal
SKU_1298_IVO,2025-02-01,0,0.0,0.0,principal
SKU_1299_BRI,2025-02-01,0,0.0,0.0,principal
SKU_1299_HOT,2025-02-01,135,8816.89,29686.5,principal
SKU_1300_BIR,2025-02-01,0,0.0,0.0,principal
SKU_1300_TEA,2025-02-01,205,84013.99,235729.5,principal
SKU_1301_AQU,2025-02-01,258,46280.32,140584.2,principal
SKU_1301_GAR,2025-02-01,300,53814.32,163470.0,principal
SKU_1302_EME,2025-02-01,173,23913.98,72642.7,principal
SKU_1302_DUS,2025-02-01,224,30963.76,94057.6,principal
SKU_1303_BIR,2025-02-01,169,9224.34,27868.1,principal
SKU_1303_SAP,2025-02-01,206,11243.87,33969.4,principal
SKU_1304_TUR,2025-02-01,281,44223.27,139066.9,principal
SKU_1304_GAR,2025-02-01,291,45797.06,144015.9,principal
SKU_1305_MAR,2025-02-01,204,23498.16,71379.6,principal
SKU_1305_OFF,2025-02-01,160,18429.93,55984.0,principal
SKU_1306_FRE,2025-02-01,165,45118.95,141883.5,principal
SKU_1306_SPA,2025-02-01,129,35274.82,110927.1,principal
SKU_1307_MAG,2025-02-01,235,17104.92,51676.5,principal
SKU_1307_FOR,2025-02-01,324,23582.96,71247.6,principal
SKU_1308_PAS,2025-02-01,197,27380.42,82720.3,principal
SKU_1308_CER,2025-02-01,263,36553.55,110433.7,principal
SKU_1309_OLI,2025-02-01,0,0.0,0.0,principal
SKU_1309_LIG,2025-02-01,263,31592.9,95968.7,principal
SKU_1310_MOS,2025-02-01,184,14610.87,44141.6,principal
SKU_1310_EGR,2025-02-01,269,21360.46,64533.1,principal
SKU_1311_BAB,2025-02-01,267,77340.04,234933.3,principal
SKU_1311_NAV,2025-02-01,306,88636.9,269249.4,principal
SKU_1312_HOT,2025-02-01,293,24236.05,73220.7,principal
SKU_1312_NAV,2025-02-01,0,0.0,0.0,principal
SKU_1313_SPA,2025-02-01,176,54167.36,164542.4,principal
SKU_1313_SHO,2025-02-01,0,0.0,0.0,principal
SKU_1314_BLU,2025-02-01,163,15555.92,47253.7,principal
SKU_1314_SNO,2025-02-01,0,0.0,0.0,principal
SKU_1315_WHI,2025-02-01,248,28312.15,85535.2,principal
SKU_1315_BLA,2025-02-01,208,23745.68,71739.2,principal
SKU_1316_DEN,2025-02-01,118,20001.6,60758.2,principal
SKU_1316_AQU,2025-02-01,144,24408.73,74145.6,principal
SKU_1317_BLU,2025-02-01,0,0.0,0.0,principal
SKU_1317_ROS,2025-02-01,272,17788.36,58452.8,principal
SKU_1318_PAS,2025-02-01,301,22904.26,72209.9,principal
SKU_1318_MYS,2025-02-01,0,0.0,0.0,principal
SKU_1319_MAR,2025-02-01,135,7314.09,25636.5,principal
SKU_1319_ROS,2025-02-01,302,16361.9,57349.8,principal
SKU_1320_PIS,2025-02-01,0,0.0,0.0,principal
SKU_1320_FOR,2025-02-01,223,9928.03,33427.7,principal
SKU_1321_FLA,2025-02-01,216,11646.51,32378.4,principal
SKU_1321_SER,2025-02-01,256,13803.27,38374.4,principal
SKU_1322_MOS,2025-02-01,0,0.0,0.0,principal
SKU_1322_IVO,2025-02-01,212,26604.72,69938.8,principal
SKU_1323_AQU,2025-02-01,222,24848.55,64357.8,principal
SKU_1323_FRE,2025-02-01,189,21154.84,54791.1,principal
SKU_1324_MID,2025-02-01,205,22385.36,67629.5,principal
SKU_1324_SNO,2025-02-01,318,34724.61,104908.2,principal
SKU_1325_LIG,2025-02-01,293,27297.91,87870.7,principal
SKU_1325_PEA,2025-02-01,151,14068.21,45284.9,principal
SKU_1326_PAS,2025-02-01,211,31071.04,106533.9,principal
SKU_1326_BAB,2025-02-01,278,40937.2,140362.2,principal
SKU_1327_GAR,2025-02-01,292,21651.65,75890.8,principal
SKU_1327_HON,2025-02-01,262,19427.16,68093.8,principal
SKU_1328_EGR,2025-02-01,235,18488.7,62251.5,principal
SKU_1328_LIG,2025-02-01,0,0.0,0.0,principal
SKU_1329_NAV,2025-02-01,134,13128.56,36836.6,principal
SKU_1329_MIN,2025-02-01,171,16753.62,47007.9,principal
SKU_1330_PRI,2025-02-01,219,22464.34,67868.1,principal
SKU_1330_LIM,2025-02-01,311,31901.42,96378.9,principal
SKU_1331_ARM,2025-02-01,261,23231.14,73053.9,principal
SKU_1331_AQU,2025-02-01,267,23765.19,74733.3,principal
SKU_1332_MOS,2025-02-01,229,12499.26,37762.1,principal
SKU_1332_MOS,2025-02-01,229,12499.26,37762.1,principal
SKU_1333_PIS,2025-02-01,256,16091.37,48614.4,principal
SKU_1333_MOS,2025-02-01,190,11942.81,36081.0,principal
SKU_1334_TEA,2025-02-01,130,19789.5,59787.0,principal
SKU_1334_ROY,2025-02-01,0,0.0,0.0,principal
SKU_1335_CRE,2025-02-01,147,16720.15,55845.3,principal
SKU_1335_BRI,2025-02-01,0,0.0,0.0,principal
SKU_1336_LIM,2025-02-01,215,20553.2,75228.5,principal
SKU_1336_PIN,2025-02-01,252,24090.26,88174.8,principal
SKU_1337_DUS,2025-02-01,143,7781.5,26440.7,principal
SKU_1337_MAG,2025-02-01,285,15508.58,52696.5,principal
SKU_1338_OLI,2025-02-01,149,9983.34,30530.1,principal
SKU_1338_PAS,2025-02-01,206,13802.47,42209.4,principal
SKU_1339_JAD,2025-02-01,214,23635.95,66318.6,principal
SKU_1339_EME,2025-02-01,241,26618.05,74685.9,principal
SKU_1340_SNO,2025-02-01,0,0.0,0.0,principal
SKU_1340_POW,2025-02-01,299,112693.42,342325.1,principal
SKU_1341_HOT,2025-02-01,274,15675.05,49292.6,principal
SKU_1341_PEA,2025-02-01,136,7780.32,24466.4,principal
SKU_1342_CRE,2025-02-01,239,26593.1,83626.1,principal
SKU_1342_BAB,2025-02-01,124,13797.26,43387.6,principal
SKU_1343_NAV,2025-02-01,129,13445.92,40622.1,principal
SKU_1343_IVO,2025-02-01,233,24286.03,73371.7,principal
SKU_1344_PAS,2025-02-01,246,24634.0,77465.4,principal
SKU_1344_MID,2025-02-01,176,17624.32,55422.4,principal
SKU_1345_ARM,2025-02-01,164,53967.86,196783.6,principal
SKU_1345_FOR,2025-02-01,167,54955.08,200383.3,principal
SKU_1346_HON,2025-02-01,254,19725.26,67284.6,principal
SKU_1346_PEA,2025-02-01,131,10173.26,34701.9,principal
SKU_1347_DUS,2025-02-01,0,0.0,0.0,principal
SKU_1347_LIM,2025-02-01,196,15188.09,56820.4,principal
SKU_1348_NAV,2025-02-01,266,56529.6,172873.4,principal
SKU_1348_PIS,2025-02-01,0,0.0,0.0,principal
SKU_1349_HON,2025-02-01,241,19849.91,50585.9,principal
SKU_1349_SEA,2025-02-01,120,9883.77,25188.0,principal
SKU_1350_SNO,2025-02-01,139,13107.96,39601.1,principal
SKU_1350_BAB,2025-02-01,256,24141.29,72934.4,principal
SKU_1351_SAG,2025-02-01,245,55947.44,169025.5,principal
SKU_1351_HON,2025-02-01,296,67593.64,204210.4,principal
SKU_1352_CER,2025-02-01,272,25199.96,76132.8,principal
SKU_1352_HUN,2025-02-01,207,19177.91,57939.3,principal
SKU_1353_MAG,2025-02-01,276,17348.5,52412.4,principal
SKU_1353_MAR,2025-02-01,343,21559.92,65135.7,principal
SKU_1354_AQU,2025-02-01,308,93778.94,284869.2,principal
SKU_1354_CLE,2025-02-01,203,61808.85,187754.7,principal
SKU_1355_PAS,2025-02-01,286,16467.04,50021.4,principal
SKU_1355_DEE,2025-02-01,169,9730.53,29558.1,principal
SKU_1356_BLU,2025-02-01,176,12451.13,37822.4,principal
SKU_1356_DEN,2025-02-01,0,0.0,0.0,principal
SKU_1357_BRI,2025-02-01,160,35213.1,106384.0,principal
SKU_1357_BLU,2025-02-01,321,70646.29,213432.9,principal
SKU_1358_DUS,2025-02-01,157,10331.71,31384.3,principal
SKU_1358_MAR,2025-02-01,180,11845.27,35982.0,principal
SKU_1359_BLU,2025-02-01,159,21483.79,67559.1,principal
SKU_1359_NAV,2025-02-01,149,20132.61,63310.1,principal
SKU_1360_WHI,2025-02-01,302,31977.84,96609.8,principal
SKU_1360_FRE,2025-02-01,0,0.0,0.0,principal
SKU_1361_MEX,2025-02-01,295,17814.52,56020.5,principal
SKU_1361_BLU,2025-02-01,143,8635.51,27155.7,principal
SKU_1362_POW,2025-02-01,293,88971.85,279785.7,principal
SKU_1362_SEA,2025-02-01,171,51925.55,163287.9,principal
SKU_1363_RAS,2025-02-01,177,53466.07,168132.3,principal
SKU_1363_HUN,2025-02-01,278,83974.96,264072.2,principal
SKU_1364_OFF,2025-02-01,244,35684.56,112215.6,principal
SKU_1364_TEA,2025-02-01,0,0.0,0.0,principal
SKU_1365_BUB,2025-02-01,0,0.0,0.0,principal
SKU_1365_NAV,2025-02-01,0,0.0,0.0,principal
SKU_1366_TEA,2025-02-01,247,33203.05,108655.3,principal
SKU_1366_PAL,2025-02-01,225,30245.69,98977.5,principal
SKU_1367_VAN,2025-02-01,147,8101.08,26445.3,principal
SKU_1367_BLA,2025-02-01,251,13832.46,45154.9,principal
SKU_1368_SNO,2025-02-01,205,43566.59,152704.5,principal
SKU_1368_TUR,2025-02-01,178,37828.55,132592.2,principal
SKU_1369_SNO,2025-02-01,151,7653.93,24144.9,principal
SKU_1369_RAS,2025-02-01,252,12773.45,40294.8,principal
SKU_1370_PRI,2025-02-01,0,0.0,0.0,principal
SKU_1370_MYS,2025-02-01,288,20330.71,51811.2,principal
SKU_1371_WHI,2025-02-01,242,22020.04,66525.8,principal
SKU_1371_HOT,2025-02-01,0,0.0,0.0,principal
SKU_1372_SEA,2025-02-01,155,17438.57,52684.5,principal
SKU_1372_DEN,2025-02-01,197,22163.86,66960.3,principal
SKU_1373_SKY,2025-02-01,129,8064.45,24497.1,principal
SKU_1373_CRE,2025-02-01,241,15066.13,45765.9,principal
SKU_1374_SAL,2025-02-01,0,0.0,0.0,principal
SKU_1374_BLU,2025-02-01,0,0.0,0.0,principal
SKU_1375_COR,2025-02-01,251,22008.16,66489.9,principal
SKU_1375_CLE,2025-02-01,258,22621.93,68344.2,principal
SKU_1376_SNO,2025-02-01,188,15004.12,53561.2,principal
SKU_1376_BIR,2025-02-01,195,15562.78,55555.5,principal
SKU_1377_PRI,2025-02-01,0,0.0,0.0,principal
SKU_1377_CLO,2025-02-01,241,18954.14,62635.9,principal
SKU_1378_SPA,2025-02-01,131,7657.99,26841.9,principal
SKU_1378_MOS,2025-02-01,257,15023.7,52659.3,principal
SKU_1379_SNO,2025-02-01,223,34278.07,108132.7,principal
SKU_1379_WHI,2025-02-01,298,45806.56,144500.2,principal
SKU_1380_TUR,2025-02-01,0,0.0,0.0,principal
SKU_1380_MIN,2025-02-01,271,24447.66,62302.9,principal
SKU_1381_WHI,2025-02-01,188,17106.48,51681.2,principal
SKU_1381_PAS,2025-02-01,149,13557.79,40960.1,principal
SKU_1382_ARM,2025-02-01,259,15640.54,49184.1,principal
SKU_1382_HOT,2025-02-01,168,10145.22,31903.2,principal
SKU_1383_CLE,2025-02-01,224,13338.51,40297.6,principal
SKU_1383_TUR,2025-02-01,283,16851.77,50911.7,principal
SKU_1384_CRE,2025-02-01,217,37139.78,112818.3,principal
SKU_1384_SKY,2025-02-01,313,53570.29,162728.7,principal
SKU_1385_PRI,2025-02-01,298,28595.16,86390.2,principal
SKU_1385_NAV,2025-02-01,108,10363.35,31309.2,principal
SKU_1386_SER,2025-02-01,133,8960.22,28581.7,principal
SKU_1386_COB,2025-02-01,305,20547.87,65544.5,principal
SKU_1387_BRI,2025-02-01,155,7090.11,24784.5,principal
SKU_1387_BAB,2025-02-01,303,13860.03,48449.7,principal
SKU_1388_BRI,2025-02-01,291,29161.33,109095.9,principal
SKU_1388_VAN,2025-02-01,299,29963.02,112095.1,principal
SKU_1389_SHO,2025-02-01,142,5900.14,19865.8,principal
SKU_1389_BAB,2025-02-01,145,6024.79,20285.5,principal
SKU_1390_SAP,2025-02-01,135,12178.72,31036.5,principal
SKU_1390_PAS,2025-02-01,58,5232.34,13334.2,principal
SKU_1391_LIG,2025-02-01,134,12636.45,38176.6,principal
SKU_1391_SEA,2025-02-01,169,15937.02,48148.1,principal
SKU_1392_LIM,2025-02-01,188,18351.04,55441.2,principal
SKU_1392_BLU,2025-02-01,169,16496.41,49838.1,principal
SKU_1393_COB,2025-02-01,149,14683.68,46175.1,principal
SKU_1393_SKY,2025-02-01,159,15669.16,49274.1,principal
SKU_1394_FOR,2025-02-01,199,29736.21,93510.1,principal
SKU_1394_EME,2025-02-01,168,25103.94,78943.2,principal
SKU_1395_BLA,2025-02-01,122,11246.96,35367.8,principal
SKU_1395_TUR,2025-02-01,186,17147.01,53921.4,principal
SKU_1396_FUC,2025-02-01,145,6439.32,19560.5,principal
SKU_1396_PAS,2025-02-01,143,6350.5,19290.7,principal
SKU_1397_SNO,2025-02-01,173,13377.93,40637.7,principal
SKU_1397_BUB,2025-02-01,162,12527.31,38053.8,principal
SKU_1398_AQU,2025-02-01,186,41324.94,125531.4,principal
SKU_1398_SPA,2025-02-01,195,43324.53,131605.5,principal
SKU_1399_PAL,2025-02-01,174,14934.11,46962.6,principal
SKU_1399_CRE,2025-02-01,0,0.0,0.0,principal
SKU_1400_FOR,2025-02-01,149,10295.76,31275.1,principal
SKU_1400_PAL,2025-02-01,170,11746.84,35683.0,principal
SKU_1401_GAR,2025-02-01,160,12705.1,38384.0,principal
SKU_1401_BLU,2025-02-01,139,11037.56,33346.1,principal
SKU_1402_WHI,2025-02-01,152,11354.13,35704.8,principal
SKU_1402_VAN,2025-02-01,155,11578.22,36409.5,principal
SKU_1403_AQU,2025-02-01,62,7855.96,23863.8,principal
SKU_1403_DUS,2025-02-01,110,13938.0,42339.0,principal
SKU_1404_SAP,2025-02-01,164,55364.25,167263.6,principal
SKU_1404_ARM,2025-02-01,155,52325.97,158084.5,principal
SKU_1405_FLA,2025-02-01,165,11736.76,35458.5,principal
SKU_1405_CLO,2025-02-01,138,9816.2,29656.2,principal
SKU_1406_PRI,2025-02-01,10,1151.87,3499.0,principal
SKU_1406_SHO,2025-02-01,170,19581.8,59483.0,principal
SKU_1407_OFF,2025-02-01,128,7890.24,27507.2,principal
SKU_1407_EME,2025-02-01,166,10232.65,35673.4,principal
SKU_1408_PAS,2025-02-01,166,48336.12,152703.4,principal
SKU_1408_FUC,2025-02-01,171,49792.03,157302.9,principal
SKU_1409_PEA,2025-02-01,373,23041.54,78292.7,principal
SKU_1409_PEA,2025-02-01,373,23041.54,78292.7,principal
SKU_1410_ROS,2025-02-01,154,52136.75,175544.6,principal
SKU_1410_JAD,2025-02-01,159,53829.5,181244.1,principal
SKU_1411_BLU,2025-02-01,191,14978.72,42955.9,principal
SKU_1411_RAS,2025-02-01,168,13175.0,37783.2,principal
SKU_1412_SHO,2025-02-01,176,56133.86,157502.4,principal
SKU_1412_BAB,2025-02-01,146,46565.58,130655.4,principal
SKU_1413_SAG,2025-02-01,164,10037.11,30323.6,principal
SKU_1413_JAD,2025-02-01,158,9669.9,29214.2,principal
SKU_1414_DUS,2025-02-01,174,18807.35,59142.6,principal
SKU_1414_CLO,2025-02-01,160,17294.11,54384.0,principal
SKU_1415_BAB,2025-02-01,162,18283.03,57493.8,principal
SKU_1415_MID,2025-02-01,163,18395.89,57848.7,principal
SKU_1416_CLE,2025-02-01,153,13168.17,42824.7,principal
SKU_1416_AQU,2025-02-01,191,16438.69,53460.9,principal
SKU_1417_SNO,2025-02-01,145,12963.56,40585.5,principal
SKU_1417_BIR,2025-02-01,170,15198.66,47583.0,principal
SKU_1418_CLE,2025-02-01,185,47176.58,156306.5,principal
SKU_1418_MOS,2025-02-01,137,34936.17,115751.3,principal
SKU_1419_FLA,2025-02-01,185,15420.05,46231.5,principal
SKU_1419_WHI,2025-02-01,140,11669.23,34986.0,principal
SKU_1420_EGR,2025-02-01,186,60462.34,184121.4,principal
SKU_1420_LIM,2025-02-01,164,53310.88,162343.6,principal
SKU_1421_LIG,2025-02-01,142,12358.09,32645.8,principal
SKU_1421_SER,2025-02-01,0,0.0,0.0,principal
SKU_1422_PIN,2025-02-01,183,21953.01,57626.7,principal
SKU_1422_MIN,2025-02-01,182,21833.04,57311.8,principal
SKU_1423_JAD,2025-02-01,183,72286.3,219581.7,principal
SKU_1423_SAG,2025-02-01,188,74261.33,225581.2,principal
SKU_1424_VAN,2025-02-01,183,59936.36,182066.7,principal
SKU_1424_BAB,2025-02-01,163,53385.94,162168.7,principal
SKU_1425_WHI,2025-02-01,34,2269.44,7136.6,principal
SKU_1425_LIG,2025-02-01,150,10012.23,31485.0,principal
SKU_1426_NAV,2025-02-01,157,5929.91,20394.3,principal
SKU_1426_SEA,2025-02-01,137,5174.51,17796.3,principal
SKU_1427_AQU,2025-02-01,193,12009.94,38580.7,principal
SKU_1427_BLA,2025-02-01,4,248.91,799.6,principal
SKU_1428_COB,2025-02-01,47,6311.95,23025.3,principal
SKU_1428_SKY,2025-02-01,139,18667.25,68096.1,principal
SKU_1429_SPA,2025-02-01,181,10863.2,34371.9,principal
SKU_1429_MAG,2025-02-01,149,8942.64,28295.1,principal
SKU_1430_PEA,2025-02-01,203,12807.73,36519.7,principal
SKU_1430_JAD,2025-02-01,175,11041.15,31482.5,principal
SKU_1431_TEA,2025-02-01,155,19548.54,57334.5,principal
SKU_1431_CRE,2025-02-01,183,23079.89,67691.7,principal
SKU_1432_WHI,2025-02-01,133,37135.31,95746.7,principal
SKU_1432_BRI,2025-02-01,30,8376.39,21597.0,principal
SKU_1433_OLI,2025-02-01,148,15342.43,46605.2,principal
SKU_1433_SAP,2025-02-01,136,14098.45,42826.4,principal
SKU_1434_ARM,2025-02-01,193,12882.4,40510.7,principal
SKU_1434_MIN,2025-02-01,163,10879.96,34213.7,principal
SKU_1435_SKY,2025-02-01,169,51512.73,170673.1,principal
SKU_1435_OLI,2025-02-01,128,39015.56,129267.2,principal
SKU_1436_BLU,2025-02-01,136,11271.8,38066.4,principal
SKU_1436_PAS,2025-02-01,0,0.0,0.0,principal
SKU_1437_ROY,2025-02-01,75,3939.45,12367.5,principal
SKU_1437_AQU,2025-02-01,187,9822.36,30836.3,principal
SKU_1438_MOS,2025-02-01,176,13537.68,36062.4,principal
SKU_1438_DEE,2025-02-01,177,13614.6,36267.3,principal
SKU_1439_CER,2025-02-01,165,10098.31,30508.5,principal
SKU_1439_SHO,2025-02-01,165,10098.31,30508.5,principal
SKU_1440_PIS,2025-02-01,127,58791.48,152387.3,principal
SKU_1440_BLU,2025-02-01,154,71290.45,184784.6,principal
SKU_1441_COB,2025-02-01,197,88226.24,227515.3,principal
SKU_1441_IVO,2025-02-01,155,69416.59,179009.5,principal
SKU_1442_OFF,2025-02-01,134,12858.22,38846.6,principal
SKU_1442_EME,2025-02-01,164,15736.93,47543.6,principal
SKU_1443_BLU,2025-02-01,181,16169.98,48851.9,principal
SKU_1443_PRI,2025-02-01,24,2144.09,6477.6,principal
SKU_1444_HUN,2025-02-01,66,6017.29,15833.4,principal
SKU_1444_OLI,2025-02-01,37,3373.33,8876.3,principal
SKU_1445_TEA,2025-02-01,192,30347.98,78700.8,principal
SKU_1445_PRI,2025-02-01,172,27186.73,70502.8,principal
SKU_1446_SHO,2025-02-01,142,14992.52,38325.8,principal
SKU_1446_GAR,2025-02-01,170,17948.79,45883.0,principal
SKU_1447_BLU,2025-02-01,172,13583.71,41262.8,principal
SKU_1447_OLI,2025-02-01,170,13425.76,40783.0,principal
SKU_1448_SKY,2025-02-01,144,8528.12,25905.6,principal
SKU_1448_SEA,2025-02-01,149,8824.24,26805.1,principal
SKU_1449_BLA,2025-02-01,131,14087.99,42561.9,principal
SKU_1449_NAV,2025-02-01,171,18389.66,55557.9,principal
SKU_1450_MAG,2025-02-01,161,21342.63,65993.9,principal
SKU_1450_JAD,2025-02-01,7,927.94,2869.3,principal
SKU_1451_WHI,2025-02-01,122,9672.34,29877.8,principal
SKU_1451_BIR,2025-02-01,169,13398.57,41388.1,principal
SKU_1452_SKY,2025-02-01,142,5499.91,20575.8,principal
SKU_1452_DEE,2025-02-01,150,5809.77,21735.0,principal
SKU_1453_SAP,2025-02-01,0,0.0,0.0,principal
SKU_1453_PRI,2025-02-01,143,10648.25,33590.7,principal
SKU_1454_BRI,2025-02-01,152,8667.34,22784.8,principal
SKU_1454_BUB,2025-02-01,155,8838.4,23234.5,principal
SKU_1455_TEA,2025-02-01,161,17847.16,53918.9,principal
SKU_1455_ROY,2025-02-01,133,14743.3,44541.7,principal
SKU_1456_EME,2025-02-01,216,22514.09,68018.4,principal
SKU_1456_DEN,2025-02-01,161,16781.34,50698.9,principal
SKU_1457_SNO,2025-02-01,149,7886.11,23825.1,principal
SKU_1457_MAG,2025-02-01,151,7991.96,24144.9,principal
SKU_1458_PEA,2025-02-01,183,21194.49,64031.7,principal
SKU_1458_MIN,2025-02-01,158,18299.07,55284.2,principal
SKU_1459_OFF,2025-02-01,162,11194.05,34003.8,principal
SKU_1459_CRE,2025-02-01,152,10503.06,31904.8,principal
SKU_1460_FUC,2025-02-01,169,9369.92,29558.1,principal
SKU_1460_OLI,2025-02-01,198,10977.77,34630.2,principal
SKU_1461_NAV,2025-02-01,163,56388.46,174393.7,principal
SKU_1461_PRI,2025-02-01,151,52237.16,161554.9,principal
SKU_1462_MID,2025-02-01,198,19312.48,72250.2,principal
SKU_1462_OFF,2025-02-01,164,15996.19,59843.6,principal
SKU_1463_LIG,2025-02-01,183,15552.68,47561.7,principal
SKU_1463_DUS,2025-02-01,120,10198.48,31188.0,principal
SKU_1464_MOS,2025-02-01,140,12243.55,32186.0,principal
SKU_1464_BIR,2025-02-01,170,14867.17,39083.0,principal
SKU_1465_CLE,2025-02-01,165,19752.54,51958.5,principal
SKU_1465_OFF,2025-02-01,167,19991.97,52588.3,principal
SKU_1466_PRI,2025-02-01,134,11906.04,36166.6,principal
SKU_1466_SAP,2025-02-01,164,14571.58,44263.6,principal
SKU_1467_OLI,2025-02-01,187,12184.58,38316.3,principal
SKU_1467_FUC,2025-02-01,162,10555.63,33193.8,principal
SKU_1468_BAB,2025-02-01,70,12277.78,37093.0,principal
SKU_1468_MYS,2025-02-01,135,23678.58,71536.5,principal
SKU_1469_ARM,2025-02-01,157,14723.18,46299.3,principal
SKU_1469_SAL,2025-02-01,164,15379.62,48363.6,principal
SKU_1470_WHI,2025-02-01,40,11936.11,36796.0,principal
SKU_1470_MAR,2025-02-01,126,37598.75,115907.4,principal
SKU_1471_ROS,2025-02-01,187,10355.75,38316.3,principal
SKU_1471_LIG,2025-02-01,37,2049.0,7581.3,principal
SKU_1472_EME,2025-02-01,170,25163.14,79883.0,principal
SKU_1472_MYS,2025-02-01,163,24127.02,76593.7,principal
SKU_1473_BLU,2025-02-01,133,6395.61,23926.7,principal
SKU_1473_BAB,2025-02-01,162,7790.14,29143.8,principal
SKU_1474_BRI,2025-02-01,70,24261.11,74193.0,principal
SKU_1474_DEN,2025-02-01,146,50601.75,154745.4,principal
SKU_1475_VAN,2025-02-01,166,15780.29,41483.4,principal
SKU_1475_MIN,2025-02-01,148,14069.17,36985.2,principal
SKU_1476_WHI,2025-02-01,178,16108.48,48932.2,principal
SKU_1476_CLO,2025-02-01,130,11764.62,35737.0,principal
SKU_1477_CLE,2025-02-01,134,9975.21,30136.6,principal
SKU_1477_EME,2025-02-01,157,11687.38,35309.3,principal
SKU_1478_TEA,2025-02-01,165,10586.58,32158.5,principal
SKU_1478_COB,2025-02-01,190,12190.61,37031.0,principal
SKU_1479_MIN,2025-02-01,156,28652.82,86564.4,principal
SKU_1479_FUC,2025-02-01,138,25346.72,76576.2,principal
SKU_1480_SNO,2025-02-01,147,17998.22,54375.3,principal
SKU_1480_MEX,2025-02-01,132,16161.67,48826.8,principal
SKU_1481_BLA,2025-02-01,150,36944.8,121485.0,principal
SKU_1481_TEA,2025-02-01,148,36452.21,119865.2,principal
SKU_1482_MOS,2025-02-01,152,18879.49,67624.8,principal
SKU_1482_SHO,2025-02-01,141,17513.21,62730.9,principal
SKU_1483_WHI,2025-02-01,146,13960.24,47435.4,principal
SKU_1483_POW,2025-02-01,145,13864.62,47110.5,principal
SKU_1484_MOS,2025-02-01,125,17073.79,57487.5,principal
SKU_1484_EGR,2025-02-01,182,24859.43,83701.8,principal
SKU_1485_PAS,2025-02-01,197,51398.63,130985.3,principal
SKU_1485_CER,2025-02-01,147,38353.29,97740.3,principal
SKU_1486_OLI,2025-02-01,0,0.0,0.0,principal
SKU_1486_PAL,2025-02-01,200,19191.38,57980.0,principal
SKU_1487_BRI,2025-02-01,12,1277.98,4018.8,principal
SKU_1487_CLE,2025-02-01,143,15229.24,47890.7,principal
SKU_1488_IVO,2025-02-01,138,14916.17,46906.2,principal
SKU_1488_PEA,2025-02-01,47,5080.15,15975.3,principal
SKU_1489_TEA,2025-02-01,160,19483.37,59184.0,principal
SKU_1489_IVO,2025-02-01,173,21066.4,63992.7,principal
SKU_1490_EME,2025-02-01,166,17302.5,52273.4,principal
SKU_1490_VAN,2025-02-01,172,17927.89,54162.8,principal
SKU_1491_GAR,2025-02-01,163,6830.79,21988.7,principal
SKU_1491_CER,2025-02-01,183,7668.92,24686.7,principal
SKU_1492_SKY,2025-02-01,173,20360.13,64857.7,principal
SKU_1492_BIR,2025-02-01,152,17888.67,56984.8,principal
SKU_1493_PEA,2025-02-01,123,10846.42,40577.7,principal
SKU_1493_CLO,2025-02-01,209,18430.09,68949.1,principal
SKU_1494_EGR,2025-02-01,198,68094.83,214810.2,principal
SKU_1494_HOT,2025-02-01,129,44364.82,139952.1,principal
SKU_1495_FUC,2025-02-01,37,4350.33,12206.3,principal
SKU_1495_BLA,2025-02-01,151,17754.03,49814.9,principal
SKU_1496_PAS,2025-02-01,165,61645.5,187258.5,principal
SKU_1496_PEA,2025-02-01,0,0.0,0.0,principal
SKU_1497_FUC,2025-02-01,149,6653.13,20100.1,principal
SKU_1497_VAN,2025-02-01,154,6876.39,20774.6,principal
SKU_1498_OLI,2025-02-01,195,21938.85,66280.5,principal
SKU_1498_LIG,2025-02-01,62,6975.43,21073.8,principal
SKU_1499_HOT,2025-02-01,138,11405.45,35866.2,principal
SKU_1499_RAS,2025-02-01,172,14215.49,44702.8,principal
SKU_1500_MOS,2025-02-01,168,14373.93,43663.2,principal
SKU_1500_PAS,2025-02-01,173,14801.72,44962.7,principal
SKU_1501_OLI,2025-02-01,137,7704.46,23276.3,principal
SKU_1501_SAL,2025-02-01,135,7591.98,22936.5,principal
SKU_1502_PEA,2025-02-01,118,8153.69,24768.2,principal
SKU_1502_VAN,2025-02-01,172,11885.04,36102.8,principal
SKU_1503_VAN,2025-02-01,148,11201.1,34025.2,principal
SKU_1503_CER,2025-02-01,168,12714.76,38623.2,principal
SKU_1504_EME,2025-02-01,118,13275.81,40108.2,principal
SKU_1504_NAV,2025-02-01,144,16200.99,48945.6,principal
SKU_1505_BLU,2025-02-01,189,14695.11,44396.1,principal
SKU_1505_SNO,2025-02-01,155,12051.54,36409.5,principal
SKU_1506_PAL,2025-02-01,162,11843.53,37243.8,principal
SKU_1506_BRI,2025-02-01,0,0.0,0.0,principal
SKU_1507_PAS,2025-02-01,166,9884.79,29863.4,principal
SKU_1507_FLA,2025-02-01,40,2381.88,7196.0,principal
SKU_1508_LIM,2025-02-01,200,13819.82,41980.0,principal
SKU_1508_DEE,2025-02-01,123,8499.19,25817.7,principal
SKU_1509_HOT,2025-02-01,174,18424.32,55662.6,principal
SKU_1509_MAG,2025-02-01,21,2223.62,6717.9,principal
SKU_1510_SNO,2025-02-01,150,39824.73,125235.0,principal
SKU_1510_ROS,2025-02-01,145,38497.24,121060.5,principal
SKU_1511_CLE,2025-02-01,144,42810.94,134625.6,principal
SKU_1511_SKY,2025-02-01,161,47865.01,150518.9,principal
SKU_1512_TEA,2025-02-01,166,11841.78,37333.4,principal
SKU_1512_MYS,2025-02-01,163,11627.77,36658.7,principal
SKU_1513_PAS,2025-02-01,145,8421.75,31160.5,principal
SKU_1513_RAS,2025-02-01,155,9002.56,33309.5,principal
SKU_1514_PEA,2025-02-01,168,41032.25,139423.2,principal
SKU_1514_SPA,2025-02-01,161,39322.57,133613.9,principal
SKU_1515_SEA,2025-02-01,159,10133.44,30989.1,principal
SKU_1515_AQU,2025-02-01,138,8795.06,26896.2,principal
SKU_1516_CRE,2025-02-01,148,19699.09,51785.2,principal
SKU_1516_EME,2025-02-01,141,18767.38,49335.9,principal
SKU_1517_FOR,2025-02-01,135,61580.79,161986.5,principal
SKU_1517_ROS,2025-02-01,166,75721.56,199183.4,principal
SKU_1518_CLE,2025-02-01,180,13445.68,42282.0,principal
SKU_1518_LIM,2025-02-01,177,13221.58,41577.3,principal
SKU_1519_BLU,2025-02-01,154,30847.46,97004.6,principal
SKU_1519_TEA,2025-02-01,196,39260.41,123460.4,principal
SKU_1520_GAR,2025-02-01,195,14437.23,43855.5,principal
SKU_1520_ROY,2025-02-01,175,12956.49,39357.5,principal
SKU_1521_MOS,2025-02-01,118,7125.81,22408.2,principal
SKU_1521_FRE,2025-02-01,33,1992.81,6266.7,principal
SKU_1522_MOS,2025-02-01,168,6881.06,25183.2,principal
SKU_1522_BIR,2025-02-01,173,7085.85,25932.7,principal
SKU_1523_HOT,2025-02-01,155,16050.42,58109.5,principal
SKU_1523_CRE,2025-02-01,170,17603.69,63733.0,principal
SKU_1524_BLU,2025-02-01,16,1741.79,5918.4,principal
SKU_1524_DEN,2025-02-01,144,15676.07,53265.6,principal
SKU_1525_MYS,2025-02-01,170,15622.71,49283.0,principal
SKU_1525_OLI,2025-02-01,20,1837.97,5798.0,principal
SKU_1526_FOR,2025-02-01,144,8719.54,24465.6,principal
SKU_1527_FUC,2025-02-01,161,48225.79,146493.9,principal
SKU_1527_TEA,2025-02-01,162,48525.33,147403.8,principal
SKU_1528_PAS,2025-02-01,180,12803.74,38682.0,principal
SKU_1528_DEN,2025-02-01,199,14155.25,42765.1,principal
SKU_1529_HUN,2025-02-01,180,14511.79,44082.0,principal
SKU_1529_MIN,2025-02-01,180,14511.79,44082.0,principal
SKU_1530_HON,2025-02-01,160,6842.09,20784.0,principal
SKU_1530_PEA,2025-02-01,166,7098.67,21563.4,principal
SKU_1531_TEA,2025-02-01,172,31306.91,94582.8,principal
SKU_1531_SNO,2025-02-01,180,32763.04,98982.0,principal
SKU_1532_BRI,2025-02-01,177,48421.62,173442.3,principal
SKU_1532_EME,2025-02-01,158,43223.82,154824.2,principal
SKU_1533_CER,2025-02-01,180,8938.73,29682.0,principal
SKU_1533_DUS,2025-02-01,205,10180.23,33804.5,principal
SKU_1534_MYS,2025-02-01,180,10589.5,35982.0,principal
SKU_1534_HUN,2025-02-01,141,8295.11,28185.9,principal
SKU_1535_NAV,2025-02-01,147,14208.04,44820.3,principal
SKU_1535_MOS,2025-02-01,163,15754.49,49698.7,principal
SKU_1536_MOS,2025-02-01,163,20036.34,56218.7,principal
SKU_1536_FRE,2025-02-01,130,15979.91,44837.0,principal
SKU_1537_SAP,2025-02-01,168,14174.48,42823.2,principal
SKU_1537_BLA,2025-02-01,130,10968.35,33137.0,principal
SKU_1538_MAG,2025-02-01,187,12992.18,39251.3,principal
SKU_1538_PAS,2025-02-01,29,2014.83,6087.1,principal
SKU_1539_BLA,2025-02-01,152,16912.77,53184.8,principal
SKU_1539_PEA,2025-02-01,161,17914.18,56333.9,principal
SKU_1540_BAL,2025-02-01,0,0.0,0.0,principal
SKU_1540_MAG,2025-02-01,153,8266.31,25994.7,principal
SKU_1541_AQU,2025-02-01,24,5150.84,16197.6,principal
SKU_1541_POW,2025-02-01,172,36914.33,116082.8,principal
SKU_1542_DEE,2025-02-01,160,24750.57,75184.0,principal
SKU_1542_PEA,2025-02-01,182,28153.78,85521.8,principal
SKU_1543_BAB,2025-02-01,179,41831.98,131547.1,principal
SKU_1543_FLA,2025-02-01,154,35989.52,113174.6,principal
SKU_1544_OLI,2025-02-01,181,11505.84,36181.9,principal
SKU_1544_PEA,2025-02-01,153,9725.93,30584.7,principal
SKU_1545_TEA,2025-02-01,178,14711.38,46262.2,principal
SKU_1545_HOT,2025-02-01,199,16446.99,51720.1,principal
SKU_1546_PAS,2025-02-01,137,7619.69,23961.3,principal
SKU_1546_IVO,2025-02-01,145,8064.64,25360.5,principal
SKU_1547_IVO,2025-02-01,175,19109.46,57732.5,principal
SKU_1547_FUC,2025-02-01,142,15505.96,46845.8,principal
SKU_1548_HOT,2025-02-01,160,25150.7,75984.0,principal
SKU_1548_CLO,2025-02-01,184,28923.31,87381.6,principal
SKU_1549_BAL,2025-02-01,171,10054.49,31617.9,principal
SKU_1549_PAS,2025-02-01,156,9172.52,28844.4,principal
SKU_1550_PAL,2025-02-01,171,9282.75,28197.9,principal
SKU_1550_IVO,2025-02-01,152,8251.33,25064.8,principal
SKU_1551_DUS,2025-02-01,151,10990.82,33204.9,principal
SKU_1551_ROS,2025-02-01,169,12300.99,37163.1,principal
SKU_1552_CLE,2025-02-01,138,29978.99,91066.2,principal
SKU_1552_SAP,2025-02-01,27,5865.46,17817.3,principal
SKU_1553_DEN,2025-02-01,158,12642.88,40274.2,principal
SKU_1553_HOT,2025-02-01,158,12642.88,40274.2,principal
SKU_1554_PIS,2025-02-01,185,55156.7,191456.5,principal
SKU_1554_SKY,2025-02-01,157,46808.66,162479.3,principal
SKU_1555_FUC,2025-02-01,140,7584.99,26586.0,principal
SKU_1555_RAS,2025-02-01,146,7910.06,27725.4,principal
SKU_1556_SAL,2025-02-01,152,9250.01,31144.8,principal
SKU_1556_HUN,2025-02-01,196,11927.64,40160.4,principal
SKU_1557_TUR,2025-02-01,174,12511.3,34782.6,principal
SKU_1557_SAG,2025-02-01,157,11288.93,31384.3,principal
SKU_1558_CLE,2025-02-01,141,17694.65,46515.9,principal
SKU_1558_MEX,2025-02-01,12,1505.93,3958.8,principal
SKU_1559_BLU,2025-02-01,152,70418.77,182384.8,principal
SKU_1559_SKY,2025-02-01,58,26870.32,69594.2,principal
SKU_1560_PAL,2025-02-01,0,0.0,0.0,principal
SKU_1560_CRE,2025-02-01,137,10143.08,30811.3,principal
SKU_1561_LIM,2025-02-01,157,17604.25,54934.3,principal
SKU_1561_VAN,2025-02-01,167,18725.54,58433.3,principal
SKU_1562_CLO,2025-02-01,144,13891.68,44625.6,principal
SKU_1562_BLU,2025-02-01,0,0.0,0.0,principal
SKU_1563_WHI,2025-02-01,142,5689.69,21285.8,principal
SKU_1563_MEX,2025-02-01,141,5649.63,21135.9,principal
SKU_1564_BLA,2025-02-01,177,33098.7,104412.3,principal
SKU_1564_NAV,2025-02-01,126,23561.79,74327.4,principal
SKU_1565_LIG,2025-02-01,154,21748.61,55424.6,principal
SKU_1565_BAB,2025-02-01,154,21748.61,55424.6,principal
SKU_1566_PEA,2025-02-01,175,68849.83,181107.5,principal
SKU_1566_POW,2025-02-01,188,73964.39,194561.2,principal
SKU_1567_PRI,2025-02-01,171,38836.68,117972.9,principal
SKU_1567_POW,2025-02-01,207,47012.82,142809.3,principal
SKU_1568_FRE,2025-02-01,172,12848.09,40402.8,principal
SKU_1568_PIN,2025-02-01,150,11204.73,35235.0,principal
SKU_1569_WHI,2025-02-01,169,11817.87,37163.1,principal
SKU_1569_PAS,2025-02-01,123,8601.17,27047.7,principal
SKU_1570_MEX,2025-02-01,155,35237.42,110809.5,principal
SKU_1570_HON,2025-02-01,16,3637.41,11438.4,principal
SKU_1571_WHI,2025-02-01,151,10952.37,37734.9,principal
SKU_1571_BIR,2025-02-01,188,13636.07,46981.2,principal
SKU_1572_BAL,2025-02-01,140,5711.44,19586.0,principal
SKU_1572_MAR,2025-02-01,47,1917.41,6575.3,principal
SKU_1573_MIN,2025-02-01,186,56102.82,190631.4,principal
SKU_1573_SAG,2025-02-01,42,12668.38,43045.8,principal
SKU_1574_GAR,2025-02-01,150,26948.3,90735.0,principal
SKU_1574_COB,2025-02-01,182,32697.26,110091.8,principal
SKU_1575_JAD,2025-02-01,151,49680.2,130599.9,principal
SKU_1575_AQU,2025-02-01,166,54615.32,143573.4,principal
SKU_1576_AQU,2025-02-01,168,13544.34,41143.2,principal
SKU_1576_BLU,2025-02-01,141,11367.57,34530.9,principal
SKU_1577_FLA,2025-02-01,77,3915.31,12312.3,principal
SKU_1577_HUN,2025-02-01,138,7017.05,22066.2,principal
SKU_1578_PAS,2025-02-01,203,8346.77,25354.7,principal
SKU_1578_TEA,2025-02-01,87,3577.19,10866.3,principal
SKU_1579_DEN,2025-02-01,162,12260.66,37243.8,principal
SKU_1579_SAG,2025-02-01,180,13622.95,41382.0,principal
SKU_1580_WHI,2025-02-01,132,7971.24,25066.8,principal
SKU_1580_MOS,2025-02-01,169,10205.61,32093.1,principal
SKU_1581_BIR,2025-02-01,196,45953.41,167560.4,principal
SKU_1581_COB,2025-02-01,163,38216.35,139348.7,principal
SKU_1582_WHI,2025-02-01,187,12603.4,42991.3,principal
SKU_1582_PAS,2025-02-01,166,11188.04,38163.4,principal
SKU_1583_WHI,2025-02-01,186,12673.07,47411.4,principal
SKU_1583_BLU,2025-02-01,174,11855.45,44352.6,principal
SKU_1584_AQU,2025-02-01,18,1088.32,3328.2,principal
SKU_1584_FLA,2025-02-01,156,9432.12,28844.4,principal
SKU_1585_COR,2025-02-01,126,15816.62,40307.4,principal
SKU_1585_BLA,2025-02-01,126,15816.62,40307.4,principal
SKU_1586_JAD,2025-02-01,162,18777.55,49393.8,principal
SKU_1586_EGR,2025-02-01,171,19820.74,52137.9,principal
SKU_1587_DEE,2025-02-01,13,950.41,2988.7,principal
SKU_1587_LIG,2025-02-01,172,12574.61,39542.8,principal
SKU_1588_PAS,2025-02-01,141,21966.14,69075.9,principal
SKU_1588_CRE,2025-02-01,173,26951.36,84752.7,principal
SKU_1589_TUR,2025-02-01,135,30381.33,91786.5,principal
SKU_1589_CER,2025-02-01,123,27680.77,83627.7,principal
SKU_1590_MYS,2025-02-01,180,11252.71,34182.0,principal
SKU_1590_HOT,2025-02-01,168,10502.53,31903.2,principal
SKU_1591_HON,2025-02-01,53,14998.37,47164.7,principal
SKU_1591_MYS,2025-02-01,178,50371.9,158402.2,principal
SKU_1592_CER,2025-02-01,148,9878.73,31065.2,principal
SKU_1592_SAG,2025-02-01,147,9811.99,30855.3,principal
SKU_1593_LIG,2025-02-01,196,9400.53,28400.4,principal
SKU_1593_FUC,2025-02-01,150,7194.28,21735.0,principal
SKU_1594_BAL,2025-02-01,186,30609.48,92981.4,principal
SKU_1594_WHI,2025-02-01,156,25672.46,77984.4,principal
SKU_1595_FLA,2025-02-01,208,20647.52,62379.2,principal
SKU_1595_MYS,2025-02-01,120,11912.03,35988.0,principal
SKU_1596_BIR,2025-02-01,144,13031.58,39585.6,principal
SKU_1596_CER,2025-02-01,140,12669.59,38486.0,principal
SKU_1597_SHO,2025-02-01,181,30499.98,95911.9,principal
SKU_1597_FLA,2025-02-01,175,29488.93,92732.5,principal
SKU_1598_NAV,2025-02-01,181,28197.66,88671.9,principal
SKU_1598_DUS,2025-02-01,145,22589.29,71035.5,principal
SKU_1599_WHI,2025-02-01,141,21811.44,66255.9,principal
SKU_1599_CER,2025-02-01,164,25369.34,77063.6,principal
SKU_1600_LIG,2025-02-01,143,18590.15,56470.7,principal
SKU_1600_SHO,2025-02-01,0,0.0,0.0,principal
SKU_1601_EME,2025-02-01,183,44515.1,134486.7,principal
SKU_1601_AQU,2025-02-01,153,37217.54,112439.7,principal
SKU_1602_AQU,2025-02-01,153,10420.03,35174.7,principal
SKU_1602_PAS,2025-02-01,134,9126.04,30806.6,principal
SKU_1603_BUB,2025-02-01,145,30051.72,108010.5,principal
SKU_1603_PEA,2025-02-01,0,0.0,0.0,principal
SKU_1604_CLE,2025-02-01,182,29427.54,110091.8,principal
SKU_1604_SNO,2025-02-01,150,24253.47,90735.0,principal
SKU_1605_VAN,2025-02-01,16,1044.96,3518.4,principal
SKU_1605_COR,2025-02-01,158,10319.03,34744.2,principal
SKU_1606_COB,2025-02-01,130,50265.59,141037.0,principal
SKU_1606_SEA,2025-02-01,158,61092.02,171414.2,principal
SKU_1607_GAR,2025-02-01,158,15684.17,47384.2,principal
SKU_1607_MAR,2025-02-01,148,14691.5,44385.2,principal
SKU_1608_WHI,2025-02-01,4,401.49,1219.6,principal
SKU_1608_MID,2025-02-01,164,16461.19,50003.6,principal
SKU_1609_LIM,2025-02-01,0,0.0,0.0,principal
SKU_1609_SAP,2025-02-01,134,11500.98,36166.6,principal
SKU_1610_PRI,2025-02-01,186,11321.65,34391.4,principal
SKU_1610_MEX,2025-02-01,158,9617.31,29214.2,principal
SKU_1611_MID,2025-02-01,144,10424.32,31665.6,principal
SKU_1611_BRI,2025-02-01,137,9917.58,30126.3,principal
SKU_1612_PAL,2025-02-01,193,19637.72,63670.7,principal
SKU_1612_SNO,2025-02-01,152,15465.98,50144.8,principal
SKU_1613_BIR,2025-02-01,189,10175.71,35891.1,principal
SKU_1613_AQU,2025-02-01,181,9744.99,34371.9,principal
SKU_1614_VAN,2025-02-01,169,21451.16,75188.1,principal
SKU_1614_IVO,2025-02-01,191,24243.62,84975.9,principal
SKU_1615_MOS,2025-02-01,159,23432.35,73919.1,principal
SKU_1615_SHO,2025-02-01,143,21074.38,66480.7,principal
SKU_1616_SER,2025-02-01,71,27680.91,72767.9,principal
SKU_1616_COR,2025-02-01,191,74465.54,195755.9,principal
SKU_1617_DEN,2025-02-01,44,2758.29,7255.6,principal
SKU_1617_MIN,2025-02-01,172,10782.4,28362.8,principal
SKU_1618_SAL,2025-02-01,166,9884.79,29863.4,principal
SKU_1618_SAP,2025-02-01,181,10777.99,32561.9,principal
SKU_1619_IVO,2025-02-01,185,12174.31,36981.5,principal
SKU_1619_PAS,2025-02-01,138,9081.38,27586.2,principal
SKU_1620_SAG,2025-02-01,154,13503.01,40794.6,principal
SKU_1620_BLU,2025-02-01,36,3156.55,9536.4,principal
SKU_1621_PAS,2025-02-01,195,15161.62,45805.5,principal
SKU_1621_FUC,2025-02-01,19,1477.29,4463.1,principal
SKU_1622_VAN,2025-02-01,146,11975.61,39405.4,principal
SKU_1622_CLO,2025-02-01,115,9432.85,31038.5,principal
SKU_1623_EGR,2025-02-01,42,10992.48,38425.8,principal
SKU_1623_SER,2025-02-01,150,39258.87,137235.0,principal
SKU_1624_PRI,2025-02-01,161,9945.54,33793.9,principal
SKU_1624_ARM,2025-02-01,185,11428.11,38831.5,principal
SKU_1625_GAR,2025-02-01,141,9158.42,28890.9,principal
SKU_1625_DUS,2025-02-01,188,12211.22,38521.2,principal
SKU_1626_BAB,2025-02-01,167,34298.12,90163.3,principal
SKU_1626_DEN,2025-02-01,146,29985.18,78825.4,principal
SKU_1627_BAB,2025-02-01,175,19109.46,57732.5,principal
SKU_1627_MOS,2025-02-01,145,15833.55,47835.5,principal
SKU_1628_PEA,2025-02-01,38,6879.03,20896.2,principal
SKU_1628_POW,2025-02-01,186,33671.04,102281.4,principal
SKU_1629_CLO,2025-02-01,150,12158.73,38235.0,principal
SKU_1629_ARM,2025-02-01,151,12239.79,38489.9,principal
SKU_1630_LIM,2025-02-01,34,3768.96,11386.6,principal
SKU_1630_SNO,2025-02-01,140,15519.27,46886.0,principal
SKU_1631_BAL,2025-02-01,154,8810.06,27704.6,principal
SKU_1631_SNO,2025-02-01,126,7208.23,22667.4,principal
SKU_1632_SAP,2025-02-01,171,10465.52,31617.9,principal
SKU_1632_SPA,2025-02-01,143,8751.87,26440.7,principal
SKU_1633_SER,2025-02-01,128,9561.37,30067.2,principal
SKU_1633_DEN,2025-02-01,184,13744.47,43221.6,principal
SKU_1634_NAV,2025-02-01,0,0.0,0.0,principal
SKU_1634_SAP,2025-02-01,21,6811.28,20577.9,principal
SKU_1635_TEA,2025-02-01,146,28084.3,88315.4,principal
SKU_1635_SAG,2025-02-01,143,27507.22,86500.7,principal
SKU_1636_LIG,2025-02-01,143,20708.56,62905.7,principal
SKU_1636_SHO,2025-02-01,163,23604.86,71703.7,principal
SKU_1637_BLU,2025-02-01,157,45926.93,144424.3,principal
SKU_1637_WHI,2025-02-01,126,36858.55,115907.4,principal
SKU_1638_PEA,2025-02-01,144,52198.3,164145.6,principal
SKU_1638_SAP,2025-02-01,120,43498.58,136788.0,principal
SKU_1639_FRE,2025-02-01,135,8152.41,25636.5,principal
SKU_1639_WHI,2025-02-01,157,9480.95,29814.3,principal
SKU_1640_IVO,2025-02-01,0,0.0,0.0,principal
SKU_1640_TEA,2025-02-01,140,10134.75,30786.0,principal
SKU_1641_MEX,2025-02-01,156,16117.64,50684.4,principal
SKU_1641_SER,2025-02-01,0,0.0,0.0,principal
SKU_1642_OFF,2025-02-01,189,14069.52,42506.1,principal
SKU_1642_SAL,2025-02-01,179,13325.1,40257.1,principal
SKU_1643_PAS,2025-02-01,173,11911.93,38907.7,principal
SKU_1643_EGR,2025-02-01,58,3993.59,13044.2,principal
SKU_1644_BAB,2025-02-01,178,16370.65,56942.2,principal
SKU_1644_PEA,2025-02-01,151,13887.47,48304.9,principal
SKU_1645_MYS,2025-02-01,171,19509.64,68382.9,principal
SKU_1645_MIN,2025-02-01,184,20992.83,73581.6,principal
SKU_1646_BLU,2025-02-01,138,8963.56,28276.2,principal
SKU_1646_CLE,2025-02-01,139,9028.51,28481.1,principal
SKU_1647_BLA,2025-02-01,171,18988.75,58122.9,principal
SKU_1647_ARM,2025-02-01,154,17100.98,52344.6,principal
SKU_1648_RAS,2025-02-01,146,36418.88,102185.4,principal
SKU_1648_FLA,2025-02-01,0,0.0,0.0,principal
SKU_1649_FLA,2025-02-01,172,13300.6,40402.8,principal
SKU_1649_GAR,2025-02-01,175,13532.59,41107.5,principal
SKU_1650_OLI,2025-02-01,145,46335.94,145710.5,principal
SKU_1650_EGR,2025-02-01,138,44099.03,138676.2,principal
SKU_1651_PAS,2025-02-01,12,1052.18,3178.8,principal
SKU_1651_SAL,2025-02-01,46,4033.37,12185.4,principal
SKU_1652_TEA,2025-02-01,166,11224.43,36503.4,principal
SKU_1652_MOS,2025-02-01,124,8384.51,27267.6,principal
SKU_1653_ROS,2025-02-01,178,20462.34,64062.2,principal
SKU_1653_BAB,2025-02-01,165,18967.9,59383.5,principal
SKU_1654_CRE,2025-02-01,152,13782.44,47104.8,principal
SKU_1654_NAV,2025-02-01,168,15233.22,52063.2,principal
SKU_1655_SNO,2025-02-01,183,38159.52,118016.7,principal
SKU_1655_TEA,2025-02-01,124,25856.72,79967.6,principal
SKU_1656_FUC,2025-02-01,62,5265.59,14563.8,principal
SKU_1656_SNO,2025-02-01,190,16136.47,44631.0,principal
SKU_1657_SPA,2025-02-01,162,12347.32,34813.8,principal
SKU_1657_EME,2025-02-01,132,10060.78,28366.8,principal
SKU_1658_BAB,2025-02-01,132,44246.36,116146.8,principal
SKU_1658_MYS,2025-02-01,141,47263.15,124065.9,principal
SKU_1659_MOS,2025-02-01,209,70901.56,214204.1,principal
SKU_1659_SNO,2025-02-01,175,59367.33,179357.5,principal
SKU_1660_NAV,2025-02-01,163,16897.41,51328.7,principal
SKU_1660_MAG,2025-02-01,182,18867.04,57311.8,principal
SKU_1661_WHI,2025-02-01,130,42595.4,128687.0,principal
SKU_1661_CER,2025-02-01,150,49148.54,148485.0,principal
SKU_1662_PIS,2025-02-01,174,10794.54,34782.6,principal
SKU_1662_LIG,2025-02-01,150,9305.63,29985.0,principal
SKU_1663_SNO,2025-02-01,146,37267.01,116055.4,principal
SKU_1663_FLA,2025-02-01,152,38798.53,120824.8,principal
SKU_1664_PIN,2025-02-01,194,19316.73,64000.6,principal
SKU_1664_MIN,2025-02-01,140,13939.9,46186.0,principal
SKU_1665_SAG,2025-02-01,21,1553.95,5247.9,principal
SKU_1665_RAS,2025-02-01,192,14207.55,47980.8,principal
SKU_1666_FUC,2025-02-01,176,49373.44,140782.4,principal
SKU_1666_PAS,2025-02-01,152,42640.7,121584.8,principal
SKU_1667_LIG,2025-02-01,139,10617.65,29176.1,principal
SKU_1667_MID,2025-02-01,192,14666.11,40300.8,principal
SKU_1668_DEN,2025-02-01,183,19156.55,49391.7,principal
SKU_1668_VAN,2025-02-01,0,0.0,0.0,principal
SKU_1669_COR,2025-02-01,131,10102.98,26186.9,principal
SKU_1669_TEA,2025-02-01,180,13881.96,35982.0,principal
SKU_1670_SAP,2025-02-01,194,9304.61,28110.6,principal
SKU_1670_PEA,2025-02-01,0,0.0,0.0,principal
SKU_1671_SEA,2025-02-01,142,14996.22,49685.8,principal
SKU_1671_MIN,2025-02-01,165,17425.18,57733.5,principal
SKU_1672_TEA,2025-02-01,144,13421.21,42465.6,principal
SKU_1672_FOR,2025-02-01,142,13234.8,41875.8,principal
SKU_1673_PEA,2025-02-01,169,23551.64,69273.1,principal
SKU_1673_FUC,2025-02-01,156,21739.98,63944.4,principal
SKU_1674_PAS,2025-02-01,164,13720.94,37703.6,principal
SKU_1674_WHI,2025-02-01,155,12967.96,35634.5,principal
SKU_1675_CRE,2025-02-01,151,38230.47,115499.9,principal
SKU_1675_DEN,2025-02-01,142,35951.83,108615.8,principal
SKU_1676_PIN,2025-02-01,152,8501.52,25824.8,principal
SKU_1676_NAV,2025-02-01,164,9172.7,27863.6,principal
SKU_1677_POW,2025-02-01,154,34033.49,87764.6,principal
SKU_1677_VAN,2025-02-01,159,35138.48,90614.1,principal
SKU_1678_LIG,2025-02-01,161,42458.82,115098.9,principal
SKU_1678_MAG,2025-02-01,167,44041.14,119388.3,principal
SKU_1679_SHO,2025-02-01,184,63382.37,169261.6,principal
SKU_1679_GAR,2025-02-01,0,0.0,0.0,principal
SKU_1000_COR,2025-03-01,0,0.0,0.0,principal
SKU_1000_EME,2025-03-01,134,8007.44,27456.6,principal
SKU_1000_ROY,2025-03-01,179,10696.51,36677.1,principal
SKU_1001_AQU,2025-03-01,92,23113.64,86470.8,principal
SKU_1001_SAP,2025-03-01,165,41453.82,155083.5,principal
SKU_1002_COR,2025-03-01,63,4839.17,14798.7,principal
SKU_1002_MYS,2025-03-01,59,4531.93,13859.1,principal
SKU_1003_SNO,2025-03-01,120,17182.41,43788.0,principal
SKU_1003_DUS,2025-03-01,160,22909.88,58384.0,principal
SKU_1004_FOR,2025-03-01,0,0.0,0.0,principal
SKU_1004_MEX,2025-03-01,97,11058.97,29090.3,principal
SKU_1005_OLI,2025-03-01,0,0.0,0.0,principal
SKU_1005_MYS,2025-03-01,0,0.0,0.0,principal
SKU_1006_MOS,2025-03-01,90,5434.94,17091.0,principal
SKU_1006_FOR,2025-03-01,81,4891.44,15381.9,principal
SKU_1007_COB,2025-03-01,148,13879.17,43645.2,principal
SKU_1007_FOR,2025-03-01,130,12191.17,38337.0,principal
SKU_1008_MEX,2025-03-01,146,15701.12,47435.4,principal
SKU_1008_WHI,2025-03-01,123,13227.65,39962.7,principal
SKU_1009_BAB,2025-03-01,169,24035.27,87018.1,principal
SKU_1009_MAG,2025-03-01,0,0.0,0.0,principal
SKU_1010_SNO,2025-03-01,120,13584.31,45588.0,principal
SKU_1010_BRI,2025-03-01,0,0.0,0.0,principal
SKU_1011_CER,2025-03-01,72,5001.93,18712.8,principal
SKU_1011_MIN,2025-03-01,54,3751.45,14034.6,principal
SKU_1012_VAN,2025-03-01,124,35719.48,120267.6,principal
SKU_1012_CLO,2025-03-01,157,45225.47,152274.3,principal
SKU_1013_LIG,2025-03-01,92,6295.92,16550.8,principal
SKU_1013_LIG,2025-03-01,92,6295.92,16550.8,principal
SKU_1014_FLA,2025-03-01,135,17869.53,53986.5,principal
SKU_1014_MIN,2025-03-01,155,20516.87,61984.5,principal
SKU_1015_ROY,2025-03-01,152,47036.69,142104.8,principal
SKU_1015_TUR,2025-03-01,51,15782.05,47679.9,principal
SKU_1016_HON,2025-03-01,55,3912.25,11819.5,principal
SKU_1016_SNO,2025-03-01,0,0.0,0.0,principal
SKU_1017_PAS,2025-03-01,164,7817.58,24583.6,principal
SKU_1017_BAL,2025-03-01,87,4147.13,13041.3,principal
SKU_1018_TEA,2025-03-01,158,6024.26,18944.2,principal
SKU_1018_ARM,2025-03-01,165,6291.15,19783.5,principal
SKU_1019_NAV,2025-03-01,65,5348.93,17218.5,principal
SKU_1019_GAR,2025-03-01,81,6665.59,21456.9,principal
SKU_1020_NAV,2025-03-01,54,3285.01,10794.6,principal
SKU_1020_LIG,2025-03-01,100,6083.36,19990.0,principal
SKU_1021_CRE,2025-03-01,87,6625.38,24786.3,principal
SKU_1021_PAS,2025-03-01,176,13403.06,50142.4,principal
SKU_1022_PAL,2025-03-01,142,14854.24,45425.8,principal
SKU_1022_DEN,2025-03-01,63,6590.26,20153.7,principal
SKU_1023_DEN,2025-03-01,142,15596.25,39745.8,principal
SKU_1023_FOR,2025-03-01,180,19769.9,50382.0,principal
SKU_1024_VAN,2025-03-01,165,13166.27,34633.5,principal
SKU_1024_DEN,2025-03-01,76,6064.46,15952.4,principal
SKU_1025_WHI,2025-03-01,119,18349.59,57703.1,principal
SKU_1025_MIN,2025-03-01,104,16036.61,50429.6,principal
SKU_1026_CLO,2025-03-01,0,0.0,0.0,principal
SKU_1026_SPA,2025-03-01,62,8468.27,25723.8,principal
SKU_1027_MAR,2025-03-01,189,25236.83,79361.1,principal
SKU_1027_BIR,2025-03-01,174,23233.91,73062.6,principal
SKU_1028_BLU,2025-03-01,99,19830.51,62360.1,principal
SKU_1028_AQU,2025-03-01,59,11818.18,37164.1,principal
SKU_1029_BLU,2025-03-01,179,13940.2,43837.1,principal
SKU_1029_BAL,2025-03-01,76,5918.74,18612.4,principal
SKU_1030_CRE,2025-03-01,92,19013.47,59790.8,principal
SKU_1030_DEN,2025-03-01,69,14260.11,44843.1,principal
SKU_1031_COR,2025-03-01,154,24207.55,73134.6,principal
SKU_1031_HON,2025-03-01,0,0.0,0.0,principal
SKU_1032_EME,2025-03-01,153,16780.76,52769.7,principal
SKU_1032_HON,2025-03-01,154,16890.44,53114.6,principal
SKU_1033_NAV,2025-03-01,164,33893.58,106583.6,principal
SKU_1033_LIM,2025-03-01,111,22940.17,72138.9,principal
SKU_1034_PAS,2025-03-01,87,6154.82,18696.3,principal
SKU_1034_PIS,2025-03-01,109,7711.21,23424.1,principal
SKU_1035_SAP,2025-03-01,172,35820.41,112642.8,principal
SKU_1035_FUC,2025-03-01,160,33321.31,104784.0,principal
SKU_1036_BIR,2025-03-01,80,19749.37,59992.0,principal
SKU_1036_MID,2025-03-01,88,21724.3,65991.2,principal
SKU_1037_PRI,2025-03-01,54,3604.4,11334.6,principal
SKU_1037_SPA,2025-03-01,107,7142.06,22459.3,principal
SKU_1038_LIG,2025-03-01,51,4133.97,12999.9,principal
SKU_1038_FLA,2025-03-01,116,9402.75,29568.4,principal
SKU_1039_ARM,2025-03-01,71,3640.3,10997.9,principal
SKU_1039_MIN,2025-03-01,87,4460.66,13476.3,principal
SKU_1040_BLA,2025-03-01,85,9145.21,29741.5,principal
SKU_1040_BAB,2025-03-01,85,9145.21,29741.5,principal
SKU_1041_EME,2025-03-01,106,6936.18,23309.4,principal
SKU_1041_SNO,2025-03-01,66,4318.75,14513.4,principal
SKU_1042_SEA,2025-03-01,124,11491.71,39047.6,principal
SKU_1042_EME,2025-03-01,163,15106.04,51328.7,principal
SKU_1043_SPA,2025-03-01,55,14291.49,48119.5,principal
SKU_1043_CER,2025-03-01,78,20267.93,68242.2,principal
SKU_1044_SER,2025-03-01,186,60841.71,159941.4,principal
SKU_1044_COR,2025-03-01,125,40888.24,107487.5,principal
SKU_1045_FOR,2025-03-01,50,4845.14,12745.0,principal
SKU_1045_BUB,2025-03-01,131,12694.26,33391.9,principal
SKU_1046_SNO,2025-03-01,0,0.0,0.0,principal
SKU_1046_PAS,2025-03-01,74,3916.59,11832.6,principal
SKU_1047_ROY,2025-03-01,168,11672.12,35263.2,principal
SKU_1047_DEE,2025-03-01,62,4307.57,13013.8,principal
SKU_1048_MAR,2025-03-01,146,11530.36,35025.4,principal
SKU_1048_PEA,2025-03-01,0,0.0,0.0,principal
SKU_1049_BAL,2025-03-01,153,38022.5,115499.7,principal
SKU_1049_LIG,2025-03-01,176,43738.3,132862.4,principal
SKU_1050_BUB,2025-03-01,0,0.0,0.0,principal
SKU_1050_PRI,2025-03-01,154,13693.84,46954.6,principal
SKU_1051_CLE,2025-03-01,126,28734.56,94487.4,principal
SKU_1051_LIG,2025-03-01,170,38768.86,127483.0,principal
SKU_1052_PAS,2025-03-01,142,13162.54,46135.8,principal
SKU_1052_FRE,2025-03-01,112,10381.72,36388.8,principal
SKU_1053_SHO,2025-03-01,0,0.0,0.0,principal
SKU_1053_NAV,2025-03-01,59,6171.83,18874.1,principal
SKU_1054_DEE,2025-03-01,105,13281.07,37264.5,principal
SKU_1054_PAS,2025-03-01,72,9107.02,25552.8,principal
SKU_1055_LIG,2025-03-01,188,70622.56,213361.2,principal
SKU_1055_PAL,2025-03-01,0,0.0,0.0,principal
SKU_1056_CRE,2025-03-01,135,10496.51,31711.5,principal
SKU_1056_OLI,2025-03-01,162,12595.81,38053.8,principal
SKU_1057_ROY,2025-03-01,58,3530.41,10724.2,principal
SKU_1057_SNO,2025-03-01,0,0.0,0.0,principal
SKU_1058_MID,2025-03-01,66,4090.56,12863.4,principal
SKU_1058_SHO,2025-03-01,122,7561.34,23777.8,principal
SKU_1059_PEA,2025-03-01,92,8773.87,27590.8,principal
SKU_1059_OFF,2025-03-01,156,14877.44,46784.4,principal
SKU_1060_CRE,2025-03-01,142,48444.87,157605.8,principal
SKU_1060_LIM,2025-03-01,59,20128.5,65484.1,principal
SKU_1061_PAS,2025-03-01,153,17694.95,62714.7,principal
SKU_1061_EGR,2025-03-01,60,6939.2,24594.0,principal
SKU_1062_OLI,2025-03-01,166,9467.22,33183.4,principal
SKU_1062_MID,2025-03-01,130,7414.09,25987.0,principal
SKU_1063_SNO,2025-03-01,111,6506.08,20523.9,principal
SKU_1063_SAP,2025-03-01,60,3516.8,11094.0,principal
SKU_1064_PRI,2025-03-01,100,6768.04,18990.0,principal
SKU_1064_BIR,2025-03-01,140,9475.25,26586.0,principal
SKU_1065_CLE,2025-03-01,141,29934.45,90930.9,principal
SKU_1065_COB,2025-03-01,126,26749.94,81257.4,principal
SKU_1066_IVO,2025-03-01,173,10301.61,31122.7,principal
SKU_1066_WHI,2025-03-01,80,4763.75,14392.0,principal
SKU_1067_EME,2025-03-01,79,6654.82,20927.1,principal
SKU_1067_WHI,2025-03-01,74,6233.63,19602.6,principal
SKU_1068_COR,2025-03-01,75,19733.39,59617.5,principal
SKU_1068_BAL,2025-03-01,0,0.0,0.0,principal
SKU_1069_OLI,2025-03-01,0,0.0,0.0,principal
SKU_1069_CRE,2025-03-01,88,15434.93,46631.2,principal
SKU_1070_LIG,2025-03-01,0,0.0,0.0,principal
SKU_1070_MID,2025-03-01,153,17466.77,52769.7,principal
SKU_1071_BAB,2025-03-01,176,15637.79,47502.4,principal
SKU_1071_SKY,2025-03-01,146,12972.26,39405.4,principal
SKU_1072_PAS,2025-03-01,152,23138.49,69904.8,principal
SKU_1072_CER,2025-03-01,133,20246.18,61166.7,principal
SKU_1073_FRE,2025-03-01,91,9635.71,29110.9,principal
SKU_1073_BLU,2025-03-01,116,12282.88,37108.4,principal
SKU_1074_JAD,2025-03-01,137,9241.07,28071.3,principal
SKU_1074_PRI,2025-03-01,174,11736.84,35652.6,principal
SKU_1075_NAV,2025-03-01,101,9311.01,29279.9,principal
SKU_1075_LIG,2025-03-01,166,15303.24,48123.4,principal
SKU_1076_BLU,2025-03-01,0,0.0,0.0,principal
SKU_1076_POW,2025-03-01,140,9904.31,30086.0,principal
SKU_1077_NAV,2025-03-01,65,4752.03,14943.5,principal
SKU_1077_MAR,2025-03-01,84,6141.09,19311.6,principal
SKU_1078_GAR,2025-03-01,0,0.0,0.0,principal
SKU_1078_BLU,2025-03-01,161,15866.26,49893.9,principal
SKU_1079_BAB,2025-03-01,103,9321.2,28314.7,principal
SKU_1079_JAD,2025-03-01,153,13846.05,42059.7,principal
SKU_1080_TEA,2025-03-01,109,16460.98,51764.1,principal
SKU_1080_MAR,2025-03-01,72,10873.31,34192.8,principal
SKU_1081_EGR,2025-03-01,58,5096.24,16234.2,principal
SKU_1081_PAS,2025-03-01,125,10983.28,34987.5,principal
SKU_1082_PIN,2025-03-01,156,10068.58,32744.4,principal
SKU_1082_LIG,2025-03-01,172,11101.25,36102.8,principal
SKU_1083_OFF,2025-03-01,56,7579.52,25754.4,principal
SKU_1083_BAB,2025-03-01,133,18001.36,61166.7,principal
SKU_1084_DUS,2025-03-01,63,20392.93,62363.7,principal
SKU_1084_PAS,2025-03-01,81,26219.48,80181.9,principal
SKU_1085_COB,2025-03-01,114,18618.18,56988.6,principal
SKU_1085_CRE,2025-03-01,84,13718.66,41991.6,principal
SKU_1086_PRI,2025-03-01,177,15620.38,39807.3,principal
SKU_1086_CRE,2025-03-01,72,6354.05,16192.8,principal
SKU_1087_BIR,2025-03-01,84,12158.91,31491.6,principal
SKU_1087_SNO,2025-03-01,142,20554.34,53235.8,principal
SKU_1088_CER,2025-03-01,130,30594.86,92937.0,principal
SKU_1088_HON,2025-03-01,141,33183.66,100800.9,principal
SKU_1089_GAR,2025-03-01,180,17545.68,60282.0,principal
SKU_1089_EGR,2025-03-01,120,11697.12,40188.0,principal
SKU_1090_PAL,2025-03-01,175,7580.7,23607.5,principal
SKU_1090_WHI,2025-03-01,88,3812.01,11871.2,principal
SKU_1091_OFF,2025-03-01,65,5471.23,20468.5,principal
SKU_1091_MOS,2025-03-01,126,10605.77,39677.4,principal
SKU_1092_TUR,2025-03-01,142,15318.58,46845.8,principal
SKU_1092_MIN,2025-03-01,186,20065.18,61361.4,principal
SKU_1093_GAR,2025-03-01,0,0.0,0.0,principal
SKU_1093_TEA,2025-03-01,83,34459.14,96686.7,principal
SKU_1094_FOR,2025-03-01,80,7143.97,18792.0,principal
SKU_1094_DEE,2025-03-01,179,15984.63,42047.1,principal
SKU_1095_COB,2025-03-01,139,18527.74,56281.1,principal
SKU_1095_MAG,2025-03-01,0,0.0,0.0,principal
SKU_1096_HOT,2025-03-01,139,12807.89,38906.1,principal
SKU_1096_CLE,2025-03-01,53,4883.58,14834.7,principal
SKU_1097_AQU,2025-03-01,0,0.0,0.0,principal
SKU_1097_PAL,2025-03-01,126,8962.62,27077.4,principal
SKU_1098_HON,2025-03-01,0,0.0,0.0,principal
SKU_1098_HUN,2025-03-01,161,18380.07,55528.9,principal
SKU_1099_SAL,2025-03-01,61,4564.04,15243.9,principal
SKU_1099_PRI,2025-03-01,84,6284.91,20991.6,principal
SKU_1100_PEA,2025-03-01,78,3940.29,14422.2,principal
SKU_1100_COB,2025-03-01,0,0.0,0.0,principal
SKU_1101_CLE,2025-03-01,0,0.0,0.0,principal
SKU_1101_DEE,2025-03-01,120,13308.33,49788.0,principal
SKU_1102_FLA,2025-03-01,189,54443.4,183311.1,principal
SKU_1102_OFF,2025-03-01,136,39176.2,131906.4,principal
SKU_1103_EGR,2025-03-01,73,3607.22,9482.7,principal
SKU_1103_LIG,2025-03-01,51,2520.11,6624.9,principal
SKU_1104_POW,2025-03-01,73,4346.92,13132.7,principal
SKU_1104_MEX,2025-03-01,118,7026.53,21228.2,principal
SKU_1105_ARM,2025-03-01,0,0.0,0.0,principal
SKU_1105_SER,2025-03-01,172,11601.93,35242.8,principal
SKU_1106_MYS,2025-03-01,118,29264.97,92028.2,principal
SKU_1106_SNO,2025-03-01,78,19344.64,60832.2,principal
SKU_1107_BAL,2025-03-01,148,48473.12,147245.2,principal
SKU_1107_PAS,2025-03-01,52,17031.1,51734.8,principal
SKU_1108_PRI,2025-03-01,115,9512.44,28738.5,principal
SKU_1108_SNO,2025-03-01,97,8023.54,24240.3,principal
SKU_1109_SAG,2025-03-01,0,0.0,0.0,principal
SKU_1109_CER,2025-03-01,187,11790.36,42991.3,principal
SKU_1110_FLA,2025-03-01,157,9913.86,36094.3,principal
SKU_1110_HUN,2025-03-01,0,0.0,0.0,principal
SKU_1111_CRE,2025-03-01,46,2580.89,9655.4,principal
SKU_1111_BLU,2025-03-01,83,4656.82,17421.7,principal
SKU_1112_MIN,2025-03-01,110,8980.98,30239.0,principal
SKU_1112_EGR,2025-03-01,89,7266.43,24466.1,principal
SKU_1113_VAN,2025-03-01,0,0.0,0.0,principal
SKU_1113_OLI,2025-03-01,0,0.0,0.0,principal
SKU_1114_GAR,2025-03-01,91,12045.39,36390.9,principal
SKU_1114_PRI,2025-03-01,131,17340.06,52386.9,principal
SKU_1115_LIM,2025-03-01,135,9602.81,29011.5,principal
SKU_1115_TEA,2025-03-01,0,0.0,0.0,principal
SKU_1116_MOS,2025-03-01,92,7265.71,22070.8,principal
SKU_1116_SNO,2025-03-01,106,8371.36,25429.4,principal
SKU_1117_MOS,2025-03-01,113,8224.92,24848.7,principal
SKU_1117_MIN,2025-03-01,159,11573.12,34964.1,principal
SKU_1118_FUC,2025-03-01,111,10834.92,32733.9,principal
SKU_1118_DUS,2025-03-01,76,7418.5,22412.4,principal
SKU_1119_PAS,2025-03-01,63,2901.47,8813.7,principal
SKU_1119_LIG,2025-03-01,0,0.0,0.0,principal
SKU_1120_AQU,2025-03-01,76,5797.9,18232.4,principal
SKU_1120_SAL,2025-03-01,141,10756.64,33825.9,principal
SKU_1121_MYS,2025-03-01,126,10365.65,31487.4,principal
SKU_1121_MIN,2025-03-01,158,12998.2,39484.2,principal
SKU_1122_ROY,2025-03-01,93,13079.7,39515.7,principal
SKU_1122_PIS,2025-03-01,178,25034.26,75632.2,principal
SKU_1123_BAB,2025-03-01,72,10245.38,30952.8,principal
SKU_1123_SER,2025-03-01,0,0.0,0.0,principal
SKU_1124_BLU,2025-03-01,172,21510.85,65342.8,principal
SKU_1124_FOR,2025-03-01,137,17133.64,52046.3,principal
SKU_1125_MIN,2025-03-01,151,7948.5,24144.9,principal
SKU_1125_SAP,2025-03-01,86,4526.96,13751.4,principal
SKU_1126_WHI,2025-03-01,145,32871.78,99310.5,principal
SKU_1126_WHI,2025-03-01,145,32871.78,99310.5,principal
SKU_1127_SAL,2025-03-01,158,10397.52,31584.2,principal
SKU_1127_BLU,2025-03-01,68,4474.88,13593.2,principal
SKU_1128_PRI,2025-03-01,141,19026.41,57795.9,principal
SKU_1128_TEA,2025-03-01,0,0.0,0.0,principal
SKU_1129_VAN,2025-03-01,123,15670.43,47342.7,principal
SKU_1129_SAG,2025-03-01,78,9937.35,30022.2,principal
SKU_1130_CRE,2025-03-01,50,3701.48,12495.0,principal
SKU_1130_MEX,2025-03-01,123,9105.63,30737.7,principal
SKU_1131_CLO,2025-03-01,147,39847.97,130080.3,principal
SKU_1131_JAD,2025-03-01,63,17077.7,55748.7,principal
SKU_1132_NAV,2025-03-01,0,0.0,0.0,principal
SKU_1132_CLE,2025-03-01,181,9316.63,31656.9,principal
SKU_1133_MOS,2025-03-01,78,21078.74,70972.2,principal
SKU_1133_PEA,2025-03-01,158,42697.97,143764.2,principal
SKU_1134_DUS,2025-03-01,68,6001.05,15293.2,principal
SKU_1134_PIN,2025-03-01,163,14384.87,36658.7,principal
SKU_1135_ROS,2025-03-01,118,8070.11,21228.2,principal
SKU_1135_MAR,2025-03-01,82,5608.04,14751.8,principal
SKU_1136_SNO,2025-03-01,113,9296.18,28238.7,principal
SKU_1136_FUC,2025-03-01,60,4936.02,14994.0,principal
SKU_1137_DEE,2025-03-01,71,9141.83,28747.9,principal
SKU_1137_PAL,2025-03-01,149,19184.97,60330.1,principal
SKU_1138_PEA,2025-03-01,155,11085.32,34859.5,principal
SKU_1138_HON,2025-03-01,124,8868.26,27887.6,principal
SKU_1139_PRI,2025-03-01,111,10651.22,32178.9,principal
SKU_1139_EGR,2025-03-01,140,13433.97,40586.0,principal
SKU_1140_SNO,2025-03-01,149,8905.58,29785.1,principal
SKU_1140_ROS,2025-03-01,0,0.0,0.0,principal
SKU_1141_SKY,2025-03-01,73,8060.79,26637.7,principal
SKU_1141_CLE,2025-03-01,183,20207.18,66776.7,principal
SKU_1142_MIN,2025-03-01,86,7813.55,29231.4,principal
SKU_1142_PAS,2025-03-01,77,6995.86,26172.3,principal
SKU_1143_IVO,2025-03-01,131,8348.93,25531.9,principal
SKU_1143_SNO,2025-03-01,58,3696.47,11304.2,principal
SKU_1144_SEA,2025-03-01,147,18447.61,48495.3,principal
SKU_1144_BUB,2025-03-01,178,22337.92,58722.2,principal
SKU_1145_MOS,2025-03-01,115,17125.44,51738.5,principal
SKU_1145_LIG,2025-03-01,0,0.0,0.0,principal
SKU_1146_FRE,2025-03-01,61,9436.16,28663.9,principal
SKU_1146_CER,2025-03-01,134,20728.6,62966.6,principal
SKU_1147_COR,2025-03-01,182,21078.68,63681.8,principal
SKU_1147_MEX,2025-03-01,0,0.0,0.0,principal
SKU_1148_TEA,2025-03-01,88,12667.77,38271.2,principal
SKU_1148_SPA,2025-03-01,160,23032.3,69584.0,principal
SKU_1149_IVO,2025-03-01,108,5491.61,17269.2,principal
SKU_1149_OLI,2025-03-01,127,6457.72,20307.3,principal
SKU_1150_SAG,2025-03-01,135,26870.12,85711.5,principal
SKU_1150_VAN,2025-03-01,171,34035.48,108567.9,principal
SKU_1151_CRE,2025-03-01,128,31653.16,103667.2,principal
SKU_1151_JAD,2025-03-01,131,32395.03,106096.9,principal
SKU_1152_CLO,2025-03-01,176,47745.77,178622.4,principal
SKU_1152_WHI,2025-03-01,108,29298.54,109609.2,principal
SKU_1153_PEA,2025-03-01,167,18594.67,62608.3,principal
SKU_1153_MOS,2025-03-01,68,7571.48,25493.2,principal
SKU_1154_VAN,2025-03-01,93,19520.21,49745.7,principal
SKU_1154_PEA,2025-03-01,116,24347.79,62048.4,principal
SKU_1155_ARM,2025-03-01,146,43009.55,113135.4,principal
SKU_1155_BAB,2025-03-01,99,29164.01,76715.1,principal
SKU_1156_FLA,2025-03-01,162,14676.91,46153.8,principal
SKU_1156_EGR,2025-03-01,91,8244.44,25925.9,principal
SKU_1157_DEE,2025-03-01,128,8001.93,24307.2,principal
SKU_1157_PAS,2025-03-01,106,6626.6,20129.4,principal
SKU_1158_AQU,2025-03-01,168,36857.22,115903.2,principal
SKU_1158_MYS,2025-03-01,96,21061.27,66230.4,principal
SKU_1159_PAS,2025-03-01,95,5656.96,17090.5,principal
SKU_1159_PRI,2025-03-01,103,6133.33,18529.7,principal
SKU_1160_DUS,2025-03-01,157,10648.04,32169.3,principal
SKU_1160_LIM,2025-03-01,57,3865.85,11679.3,principal
SKU_1161_MEX,2025-03-01,87,12235.85,36966.3,principal
SKU_1161_DUS,2025-03-01,0,0.0,0.0,principal
SKU_1162_HOT,2025-03-01,169,40838.55,128423.1,principal
SKU_1162_BUB,2025-03-01,163,39388.66,123863.7,principal
SKU_1163_HUN,2025-03-01,140,11517.39,34986.0,principal
SKU_1163_SPA,2025-03-01,141,11599.66,35235.9,principal
SKU_1164_BRI,2025-03-01,166,10552.32,33183.4,principal
SKU_1164_MIN,2025-03-01,81,5149.02,16191.9,principal
SKU_1165_HUN,2025-03-01,0,0.0,0.0,principal
SKU_1165_MAR,2025-03-01,169,18266.91,57443.1,principal
SKU_1166_PIS,2025-03-01,85,16350.45,51416.5,principal
SKU_1166_FRE,2025-03-01,145,27891.94,87710.5,principal
SKU_1167_WHI,2025-03-01,105,24872.21,78214.5,principal
SKU_1167_JAD,2025-03-01,85,20134.65,63316.5,principal
SKU_1168_GAR,2025-03-01,140,35213.77,106386.0,principal
SKU_1168_BLU,2025-03-01,0,0.0,0.0,principal
SKU_1169_BUB,2025-03-01,124,7882.46,24787.6,principal
SKU_1169_MEX,2025-03-01,132,8391.0,26386.8,principal
SKU_1170_GAR,2025-03-01,110,32406.12,98439.0,principal
SKU_1170_OFF,2025-03-01,65,19149.07,58168.5,principal
SKU_1171_MIN,2025-03-01,68,3849.39,12573.2,principal
SKU_1171_EME,2025-03-01,128,7245.92,23667.2,principal
SKU_1172_ARM,2025-03-01,51,5632.31,18354.9,principal
SKU_1172_PIN,2025-03-01,53,5853.19,19074.7,principal
SKU_1173_GAR,2025-03-01,57,4946.98,16809.3,principal
SKU_1173_AQU,2025-03-01,61,5294.13,17988.9,principal
SKU_1174_PEA,2025-03-01,92,6121.52,19310.8,principal
SKU_1174_BLU,2025-03-01,79,5256.53,16582.1,principal
SKU_1175_FUC,2025-03-01,58,5114.23,15654.2,principal
SKU_1175_CLE,2025-03-01,77,6789.58,20782.3,principal
SKU_1176_GAR,2025-03-01,183,22617.33,59456.7,principal
SKU_1176_NAV,2025-03-01,165,20392.67,53608.5,principal
SKU_1177_MIN,2025-03-01,157,12399.09,37664.3,principal
SKU_1177_PEA,2025-03-01,97,7660.58,23270.3,principal
SKU_1178_RAS,2025-03-01,159,16174.78,50864.1,principal
SKU_1178_MID,2025-03-01,118,12003.93,37748.2,principal
SKU_1179_TUR,2025-03-01,123,13294.85,41807.7,principal
SKU_1179_VAN,2025-03-01,157,16969.85,53364.3,principal
SKU_1180_ROY,2025-03-01,147,22440.86,77895.3,principal
SKU_1180_AQU,2025-03-01,92,14044.62,48750.8,principal
SKU_1181_AQU,2025-03-01,169,15170.5,48993.1,principal
SKU_1181_SER,2025-03-01,116,10412.89,33628.4,principal
SKU_1182_BIR,2025-03-01,106,26870.94,89029.4,principal
SKU_1182_PIN,2025-03-01,112,28391.94,94068.8,principal
SKU_1183_POW,2025-03-01,107,23194.14,69539.3,principal
SKU_1183_MOS,2025-03-01,162,35116.36,105283.8,principal
SKU_1184_HOT,2025-03-01,128,15249.11,43507.2,principal
SKU_1184_BAB,2025-03-01,0,0.0,0.0,principal
SKU_1185_BAL,2025-03-01,76,28479.29,75232.4,principal
SKU_1185_MAG,2025-03-01,122,45716.75,120767.8,principal
SKU_1186_FLA,2025-03-01,0,0.0,0.0,principal
SKU_1186_MEX,2025-03-01,151,23606.9,71709.9,principal
SKU_1187_JAD,2025-03-01,79,8103.58,24482.1,principal
SKU_1187_OLI,2025-03-01,108,11078.31,33469.2,principal
SKU_1188_TEA,2025-03-01,57,4526.19,13674.3,principal
SKU_1188_BAB,2025-03-01,63,5002.63,15113.7,principal
SKU_1189_FUC,2025-03-01,0,0.0,0.0,principal
SKU_1189_ROY,2025-03-01,176,13684.33,41342.4,principal
SKU_1190_TEA,2025-03-01,87,14669.37,50451.3,principal
SKU_1190_MAG,2025-03-01,120,20233.62,69588.0,principal
SKU_1191_MIN,2025-03-01,52,2993.03,9614.8,principal
SKU_1191_MYS,2025-03-01,118,6791.87,21818.2,principal
SKU_1192_MAR,2025-03-01,79,5087.08,18557.1,principal
SKU_1192_RAS,2025-03-01,0,0.0,0.0,principal
SKU_1193_CLE,2025-03-01,108,15185.9,48049.2,principal
SKU_1193_ROS,2025-03-01,66,9280.27,29363.4,principal
SKU_1194_FLA,2025-03-01,105,8097.66,23089.5,principal
SKU_1194_SAG,2025-03-01,90,6940.85,19791.0,principal
SKU_1195_HUN,2025-03-01,114,18264.54,53568.6,principal
SKU_1195_SAL,2025-03-01,0,0.0,0.0,principal
SKU_1196_PEA,2025-03-01,0,0.0,0.0,principal
SKU_1196_RAS,2025-03-01,0,0.0,0.0,principal
SKU_1197_ROS,2025-03-01,95,24859.7,75515.5,principal
SKU_1197_COR,2025-03-01,57,14915.82,45309.3,principal
SKU_1198_SEA,2025-03-01,126,13418.77,42197.4,principal
SKU_1198_SAL,2025-03-01,64,6815.88,21433.6,principal
SKU_1199_PAL,2025-03-01,133,7652.83,27916.7,principal
SKU_1199_TEA,2025-03-01,114,6559.57,23928.6,principal
SKU_1200_MID,2025-03-01,176,9375.52,31662.4,principal
SKU_1200_PAS,2025-03-01,134,7138.18,24106.6,principal
SKU_1201_BIR,2025-03-01,0,0.0,0.0,principal
SKU_1201_SAG,2025-03-01,153,23631.83,74189.7,principal
SKU_1202_LIG,2025-03-01,160,47448.82,130384.0,principal
SKU_1202_CLE,2025-03-01,152,45076.38,123864.8,principal
SKU_1203_OFF,2025-03-01,0,0.0,0.0,principal
SKU_1203_FLA,2025-03-01,101,27889.34,76749.9,principal
SKU_1204_AQU,2025-03-01,44,5939.67,15395.6,principal
SKU_1204_MIN,2025-03-01,138,18628.96,48286.2,principal
SKU_1205_RAS,2025-03-01,109,28679.2,86644.1,principal
SKU_1205_COR,2025-03-01,82,21575.18,65181.8,principal
SKU_1206_HUN,2025-03-01,133,18265.14,55181.7,principal
SKU_1206_BLA,2025-03-01,53,7278.59,21989.7,principal
SKU_1207_POW,2025-03-01,113,37939.87,115248.7,principal
SKU_1207_BLA,2025-03-01,67,22495.32,68333.3,principal
SKU_1208_PAS,2025-03-01,84,20587.27,54171.6,principal
SKU_1208_MOS,2025-03-01,84,20587.27,54171.6,principal
SKU_1209_BLA,2025-03-01,117,12628.14,32748.3,principal
SKU_1209_DUS,2025-03-01,94,10145.68,26310.6,principal
SKU_1210_SHO,2025-03-01,112,8977.25,22948.8,principal
SKU_1210_WHI,2025-03-01,146,11702.49,29915.4,principal
SKU_1211_GAR,2025-03-01,169,17797.57,54063.1,principal
SKU_1211_CRE,2025-03-01,179,18850.68,57262.1,principal
SKU_1212_COB,2025-03-01,179,12517.15,39362.1,principal
SKU_1212_SNO,2025-03-01,97,6783.04,21330.3,principal
SKU_1213_MAG,2025-03-01,95,27361.62,83115.5,principal
SKU_1213_POW,2025-03-01,81,23329.38,70866.9,principal
SKU_1214_BLA,2025-03-01,113,10624.55,33888.7,principal
SKU_1214_RAS,2025-03-01,119,11188.68,35688.1,principal
SKU_1215_MAG,2025-03-01,130,8971.46,28587.0,principal
SKU_1215_BRI,2025-03-01,63,4347.71,13853.7,principal
SKU_1216_WHI,2025-03-01,170,25896.83,96883.0,principal
SKU_1216_CRE,2025-03-01,171,26049.16,97452.9,principal
SKU_1217_ROS,2025-03-01,106,27550.28,86909.4,principal
SKU_1217_RAS,2025-03-01,95,24691.29,77890.5,principal
SKU_1218_BLU,2025-03-01,103,26469.22,67454.7,principal
SKU_1218_SNO,2025-03-01,50,12849.14,32745.0,principal
SKU_1219_MAR,2025-03-01,129,19366.15,50942.1,principal
SKU_1219_LIM,2025-03-01,0,0.0,0.0,principal
SKU_1220_TUR,2025-03-01,87,8780.21,26526.3,principal
SKU_1220_HOT,2025-03-01,56,5651.63,17074.4,principal
SKU_1221_SAG,2025-03-01,121,28277.48,88922.9,principal
SKU_1221_PAL,2025-03-01,0,0.0,0.0,principal
SKU_1222_PAS,2025-03-01,101,28092.25,85334.9,principal
SKU_1222_HON,2025-03-01,115,31986.22,97163.5,principal
SKU_1223_TEA,2025-03-01,176,8395.39,25502.4,principal
SKU_1223_BLA,2025-03-01,87,4149.99,12606.3,principal
SKU_1224_OLI,2025-03-01,0,0.0,0.0,principal
SKU_1224_ARM,2025-03-01,61,8276.01,25308.9,principal
SKU_1225_POW,2025-03-01,112,7291.4,24068.8,principal
SKU_1225_IVO,2025-03-01,171,11132.41,36747.9,principal
SKU_1226_PAL,2025-03-01,166,22964.77,80493.4,principal
SKU_1226_LIG,2025-03-01,135,18676.17,65461.5,principal
SKU_1227_CLO,2025-03-01,117,13896.13,46788.3,principal
SKU_1227_PAS,2025-03-01,137,16271.53,54786.3,principal
SKU_1228_WHI,2025-03-01,173,19679.92,50152.7,principal
SKU_1228_SPA,2025-03-01,83,9441.81,24061.7,principal
SKU_1229_SAL,2025-03-01,79,22363.25,67932.1,principal
SKU_1229_CLO,2025-03-01,143,40480.31,122965.7,principal
SKU_1230_ROS,2025-03-01,118,15534.36,47188.2,principal
SKU_1230_NAV,2025-03-01,134,17640.71,53586.6,principal
SKU_1231_LIG,2025-03-01,134,21285.48,64306.6,principal
SKU_1231_BIR,2025-03-01,0,0.0,0.0,principal
SKU_1232_AQU,2025-03-01,54,6343.48,19164.6,principal
SKU_1232_FOR,2025-03-01,0,0.0,0.0,principal
SKU_1233_JAD,2025-03-01,93,7344.68,22310.7,principal
SKU_1233_SEA,2025-03-01,140,11056.51,33586.0,principal
SKU_1234_MOS,2025-03-01,62,4120.94,12703.8,principal
SKU_1234_SAL,2025-03-01,0,0.0,0.0,principal
SKU_1235_HUN,2025-03-01,0,0.0,0.0,principal
SKU_1235_COR,2025-03-01,143,19383.94,67195.7,principal
SKU_1236_DEE,2025-03-01,100,17666.9,56990.0,principal
SKU_1236_LIM,2025-03-01,185,32683.76,105431.5,principal
SKU_1237_BAB,2025-03-01,100,28527.15,99990.0,principal
SKU_1237_GAR,2025-03-01,171,48781.42,170982.9,principal
SKU_1238_SAP,2025-03-01,134,19535.63,61626.6,principal
SKU_1238_TUR,2025-03-01,0,0.0,0.0,principal
SKU_1239_BAB,2025-03-01,56,6601.61,17354.4,principal
SKU_1239_MID,2025-03-01,58,6837.39,17974.2,principal
SKU_1240_PAL,2025-03-01,192,63200.08,191980.8,principal
SKU_1240_MOS,2025-03-01,0,0.0,0.0,principal
SKU_1241_BAL,2025-03-01,66,7819.62,23753.4,principal
SKU_1241_FLA,2025-03-01,69,8175.06,24833.1,principal
SKU_1242_AQU,2025-03-01,167,16723.08,52588.3,principal
SKU_1242_SKY,2025-03-01,167,16723.08,52588.3,principal
SKU_1243_SNO,2025-03-01,87,7052.39,21306.3,principal
SKU_1243_PIN,2025-03-01,178,14429.02,43592.2,principal
SKU_1244_COB,2025-03-01,178,16409.5,51602.2,principal
SKU_1244_GAR,2025-03-01,85,7836.0,24641.5,principal
SKU_1245_COB,2025-03-01,87,5383.61,18261.3,principal
SKU_1245_SNO,2025-03-01,0,0.0,0.0,principal
SKU_1246_PAL,2025-03-01,116,9550.3,34208.4,principal
SKU_1246_COR,2025-03-01,78,6421.75,23002.2,principal
SKU_1247_SAP,2025-03-01,56,2874.23,10074.4,principal
SKU_1247_SKY,2025-03-01,124,6364.36,22307.6,principal
SKU_1248_AQU,2025-03-01,58,3222.32,9854.2,principal
SKU_1248_SAG,2025-03-01,86,4777.93,14611.4,principal
SKU_1249_WHI,2025-03-01,97,9958.99,26180.3,principal
SKU_1249_ARM,2025-03-01,154,15811.17,41564.6,principal
SKU_1250_AQU,2025-03-01,83,7101.4,21571.7,principal
SKU_1250_BAB,2025-03-01,105,8983.7,27289.5,principal
SKU_1251_SHO,2025-03-01,67,20289.68,61633.3,principal
SKU_1251_COB,2025-03-01,0,0.0,0.0,principal
SKU_1252_NAV,2025-03-01,108,7723.97,24289.2,principal
SKU_1252_FLA,2025-03-01,74,5292.35,16642.6,principal
SKU_1253_SEA,2025-03-01,181,21444.71,65141.9,principal
SKU_1253_FRE,2025-03-01,114,13506.62,41028.6,principal
SKU_1254_SEA,2025-03-01,0,0.0,0.0,principal
SKU_1254_BAB,2025-03-01,45,2828.56,8545.5,principal
SKU_1255_VAN,2025-03-01,42,6261.4,20155.8,principal
SKU_1255_SHO,2025-03-01,178,26536.41,85422.2,principal
SKU_1256_SEA,2025-03-01,157,31051.08,102034.3,principal
SKU_1256_MID,2025-03-01,176,34808.85,114382.4,principal
SKU_1257_SPA,2025-03-01,86,5027.39,17621.4,principal
SKU_1257_EME,2025-03-01,85,4968.93,17416.5,principal
SKU_1258_AQU,2025-03-01,93,7316.8,24635.7,principal
SKU_1258_LIG,2025-03-01,0,0.0,0.0,principal
SKU_1259_ARM,2025-03-01,75,9620.13,26992.5,principal
SKU_1259_POW,2025-03-01,0,0.0,0.0,principal
SKU_1260_WHI,2025-03-01,154,17326.06,52344.6,principal
SKU_1260_ROY,2025-03-01,174,19576.2,59142.6,principal
SKU_1261_PAS,2025-03-01,283,46106.67,140056.7,principal
SKU_1261_PAS,2025-03-01,283,46106.67,140056.7,principal
SKU_1262_BLU,2025-03-01,165,15013.66,45358.5,principal
SKU_1262_OFF,2025-03-01,0,0.0,0.0,principal
SKU_1263_COB,2025-03-01,0,0.0,0.0,principal
SKU_1263_SKY,2025-03-01,145,8826.02,26810.5,principal
SKU_1264_EGR,2025-03-01,190,37152.26,116831.0,principal
SKU_1264_BRI,2025-03-01,128,25028.89,78707.2,principal
SKU_1265_CRE,2025-03-01,113,8224.92,24848.7,principal
SKU_1265_JAD,2025-03-01,113,8224.92,24848.7,principal
SKU_1266_MEX,2025-03-01,109,10761.25,32689.1,principal
SKU_1266_SPA,2025-03-01,177,17474.69,53082.3,principal
SKU_1267_SKY,2025-03-01,137,15186.71,45881.3,principal
SKU_1267_SAP,2025-03-01,0,0.0,0.0,principal
SKU_1268_MYS,2025-03-01,85,9052.35,28466.5,principal
SKU_1268_MAR,2025-03-01,105,11182.31,35164.5,principal
SKU_1269_BAB,2025-03-01,111,37999.19,115428.9,principal
SKU_1269_CER,2025-03-01,58,19855.43,60314.2,principal
SKU_1270_CRE,2025-03-01,187,11690.32,35511.3,principal
SKU_1270_TUR,2025-03-01,129,8064.45,24497.1,principal
SKU_1271_OLI,2025-03-01,89,26073.0,79201.1,principal
SKU_1271_FLA,2025-03-01,50,14647.75,44495.0,principal
SKU_1272_PAS,2025-03-01,0,0.0,0.0,principal
SKU_1272_TEA,2025-03-01,109,13706.41,41409.1,principal
SKU_1273_PAS,2025-03-01,130,31620.97,99437.0,principal
SKU_1273_EGR,2025-03-01,0,0.0,0.0,principal
SKU_1274_MEX,2025-03-01,120,10108.58,31788.0,principal
SKU_1274_BAL,2025-03-01,177,14910.16,46887.3,principal
SKU_1275_MIN,2025-03-01,161,9799.92,29768.9,principal
SKU_1275_BIR,2025-03-01,113,6878.21,20893.7,principal
SKU_1276_WHI,2025-03-01,0,0.0,0.0,principal
SKU_1276_LIG,2025-03-01,202,10178.16,35329.8,principal
SKU_1277_MYS,2025-03-01,138,9880.04,36556.2,principal
SKU_1277_BAB,2025-03-01,237,16967.9,62781.3,principal
SKU_1278_BAB,2025-03-01,111,32615.18,114318.9,principal
SKU_1278_MOS,2025-03-01,234,68756.33,240996.6,principal
SKU_1279_FUC,2025-03-01,265,35802.9,120548.5,principal
SKU_1279_IVO,2025-03-01,196,26480.64,89160.4,principal
SKU_1280_LIM,2025-03-01,256,45610.08,127974.4,principal
SKU_1280_PRI,2025-03-01,0,0.0,0.0,principal
SKU_1281_PIS,2025-03-01,105,21151.91,55639.5,principal
SKU_1281_CER,2025-03-01,0,0.0,0.0,principal
SKU_1282_PIN,2025-03-01,181,12874.87,38896.9,principal
SKU_1282_BAL,2025-03-01,99,7042.06,21275.1,principal
SKU_1283_SNO,2025-03-01,293,17693.74,55640.7,principal
SKU_1283_BAB,2025-03-01,194,11715.31,36840.6,principal
SKU_1284_COR,2025-03-01,0,0.0,0.0,principal
SKU_1284_HOT,2025-03-01,232,54218.19,164696.8,principal
SKU_1285_WHI,2025-03-01,175,50968.21,153982.5,principal
SKU_1285_CLO,2025-03-01,263,76597.93,231413.7,principal
SKU_1286_MAR,2025-03-01,93,6851.84,22775.7,principal
SKU_1286_HOT,2025-03-01,205,15103.52,50204.5,principal
SKU_1287_NAV,2025-03-01,153,17135.74,58124.7,principal
SKU_1287_CER,2025-03-01,123,13775.79,46727.7,principal
SKU_1288_SAG,2025-03-01,91,6424.83,21830.9,principal
SKU_1288_BAB,2025-03-01,281,19839.32,67411.9,principal
SKU_1289_AQU,2025-03-01,489,164684.1,503621.1,principal
SKU_1289_AQU,2025-03-01,489,164684.1,503621.1,principal
SKU_1290_BIR,2025-03-01,251,48208.05,126729.9,principal
SKU_1290_PIN,2025-03-01,0,0.0,0.0,principal
SKU_1291_SAL,2025-03-01,86,6791.86,20631.4,principal
SKU_1291_SPA,2025-03-01,148,11688.31,35505.2,principal
SKU_1292_TEA,2025-03-01,252,25849.38,78094.8,principal
SKU_1292_FLA,2025-03-01,201,20617.96,62289.9,principal
SKU_1293_TEA,2025-03-01,219,21981.7,66773.1,principal
SKU_1293_OFF,2025-03-01,108,10840.29,32929.2,principal
SKU_1294_SEA,2025-03-01,81,5359.52,16191.9,principal
SKU_1294_COR,2025-03-01,0,0.0,0.0,principal
SKU_1295_PIS,2025-03-01,268,45427.36,137993.2,principal
SKU_1295_FLA,2025-03-01,0,0.0,0.0,principal
SKU_1296_DEE,2025-03-01,234,42456.75,152076.6,principal
SKU_1296_PEA,2025-03-01,0,0.0,0.0,principal
SKU_1297_WHI,2025-03-01,0,0.0,0.0,principal
SKU_1297_MIN,2025-03-01,245,15892.24,56325.5,principal
SKU_1298_OFF,2025-03-01,0,0.0,0.0,principal
SKU_1298_IVO,2025-03-01,0,0.0,0.0,principal
SKU_1299_BRI,2025-03-01,0,0.0,0.0,principal
SKU_1299_HOT,2025-03-01,108,7053.51,23749.2,principal
SKU_1300_BIR,2025-03-01,0,0.0,0.0,principal
SKU_1300_TEA,2025-03-01,182,74588.03,209281.8,principal
SKU_1301_AQU,2025-03-01,233,41795.79,126961.7,principal
SKU_1301_GAR,2025-03-01,280,50226.7,152572.0,principal
SKU_1302_EME,2025-03-01,144,19905.28,60465.6,principal
SKU_1302_DUS,2025-03-01,194,26816.83,81460.6,principal
SKU_1303_BIR,2025-03-01,146,7968.96,24075.4,principal
SKU_1303_SAP,2025-03-01,178,9715.58,29352.2,principal
SKU_1304_TUR,2025-03-01,251,39501.93,124219.9,principal
SKU_1304_GAR,2025-03-01,267,42019.98,132138.3,principal
SKU_1305_MAR,2025-03-01,176,20272.93,61582.4,principal
SKU_1305_OFF,2025-03-01,136,15665.44,47586.4,principal
SKU_1306_FRE,2025-03-01,142,38829.64,122105.8,principal
SKU_1306_SPA,2025-03-01,104,28438.61,89429.6,principal
SKU_1307_MAG,2025-03-01,206,14994.1,45299.4,principal
SKU_1307_FOR,2025-03-01,294,21399.35,64650.6,principal
SKU_1308_PAS,2025-03-01,177,24600.68,74322.3,principal
SKU_1308_CER,2025-03-01,244,33912.8,102455.6,principal
SKU_1309_OLI,2025-03-01,0,0.0,0.0,principal
SKU_1309_LIG,2025-03-01,229,27508.64,83562.1,principal
SKU_1310_MOS,2025-03-01,155,12308.07,37184.5,principal
SKU_1310_EGR,2025-03-01,243,19295.88,58295.7,principal
SKU_1311_BAB,2025-03-01,246,71257.12,216455.4,principal
SKU_1311_NAV,2025-03-01,281,81395.33,247251.9,principal
SKU_1312_HOT,2025-03-01,269,22250.85,67223.1,principal
SKU_1312_NAV,2025-03-01,0,0.0,0.0,principal
SKU_1313_SPA,2025-03-01,144,44318.75,134625.6,principal
SKU_1313_SHO,2025-03-01,0,0.0,0.0,principal
SKU_1314_BLU,2025-03-01,140,13360.91,40586.0,principal
SKU_1314_SNO,2025-03-01,0,0.0,0.0,principal
SKU_1315_WHI,2025-03-01,221,25229.78,76222.9,principal
SKU_1315_BLA,2025-03-01,182,20777.47,62771.8,principal
SKU_1316_DEN,2025-03-01,88,14916.45,45311.2,principal
SKU_1316_AQU,2025-03-01,105,17798.03,54064.5,principal
SKU_1317_BLU,2025-03-01,0,0.0,0.0,principal
SKU_1317_ROS,2025-03-01,248,16218.8,53295.2,principal
SKU_1318_PAS,2025-03-01,274,20849.72,65732.6,principal
SKU_1318_MYS,2025-03-01,0,0.0,0.0,principal
SKU_1319_MAR,2025-03-01,110,5959.63,20889.0,principal
SKU_1319_ROS,2025-03-01,277,15007.44,52602.3,principal
SKU_1320_PIS,2025-03-01,0,0.0,0.0,principal
SKU_1320_FOR,2025-03-01,194,8636.94,29080.6,principal
SKU_1321_FLA,2025-03-01,180,9705.43,26982.0,principal
SKU_1321_SER,2025-03-01,231,12455.3,34626.9,principal
SKU_1322_MOS,2025-03-01,0,0.0,0.0,principal
SKU_1322_IVO,2025-03-01,187,23467.37,61691.3,principal
SKU_1323_AQU,2025-03-01,193,21602.57,55950.7,principal
SKU_1323_FRE,2025-03-01,160,17908.86,46384.0,principal
SKU_1324_MID,2025-03-01,173,18891.06,57072.7,principal
SKU_1324_SNO,2025-03-01,294,32103.89,96990.6,principal
SKU_1325_LIG,2025-03-01,273,25434.57,81872.7,principal
SKU_1325_PEA,2025-03-01,122,11366.37,36587.8,principal
SKU_1326_PAS,2025-03-01,179,26358.84,90377.1,principal
SKU_1326_BAB,2025-03-01,253,37255.79,127739.7,principal
SKU_1327_GAR,2025-03-01,257,19056.41,66794.3,principal
SKU_1327_HON,2025-03-01,224,16609.48,58217.6,principal
SKU_1328_EGR,2025-03-01,206,16207.11,54569.4,principal
SKU_1328_LIG,2025-03-01,0,0.0,0.0,principal
SKU_1329_NAV,2025-03-01,107,10483.26,29414.3,principal
SKU_1329_MIN,2025-03-01,141,13814.38,38760.9,principal
SKU_1330_PRI,2025-03-01,194,19899.92,60120.6,principal
SKU_1330_LIM,2025-03-01,284,29131.84,88011.6,principal
SKU_1331_ARM,2025-03-01,228,20293.87,63817.2,principal
SKU_1331_AQU,2025-03-01,242,21539.98,67735.8,principal
SKU_1332_MOS,2025-03-01,177,9661.0,29187.3,principal
SKU_1332_MOS,2025-03-01,177,9661.0,29187.3,principal
SKU_1333_PIS,2025-03-01,231,14519.94,43866.9,principal
SKU_1333_MOS,2025-03-01,158,9931.39,30004.2,principal
SKU_1334_TEA,2025-03-01,101,15374.92,46449.9,principal
SKU_1334_ROY,2025-03-01,0,0.0,0.0,principal
SKU_1335_CRE,2025-03-01,127,14445.3,48247.3,principal
SKU_1335_BRI,2025-03-01,0,0.0,0.0,principal
SKU_1336_LIM,2025-03-01,179,17111.73,62632.1,principal
SKU_1336_PIN,2025-03-01,215,20553.2,75228.5,principal
SKU_1337_DUS,2025-03-01,117,6366.68,21633.3,principal
SKU_1337_MAG,2025-03-01,257,13984.93,47519.3,principal
SKU_1338_OLI,2025-03-01,112,7504.26,22948.8,principal
SKU_1338_PAS,2025-03-01,184,12328.42,37701.6,principal
SKU_1339_JAD,2025-03-01,191,21095.64,59190.9,principal
SKU_1339_EME,2025-03-01,215,23746.4,66628.5,principal
SKU_1340_SNO,2025-03-01,0,0.0,0.0,principal
SKU_1340_POW,2025-03-01,273,102893.99,312557.7,principal
SKU_1341_HOT,2025-03-01,236,13501.14,42456.4,principal
SKU_1341_PEA,2025-03-01,110,6292.9,19789.0,principal
SKU_1342_CRE,2025-03-01,211,23477.59,73828.9,principal
SKU_1342_BAB,2025-03-01,100,11126.82,34990.0,principal
SKU_1343_NAV,2025-03-01,99,10318.96,31175.1,principal
SKU_1343_IVO,2025-03-01,213,22201.39,67073.7,principal
SKU_1344_PAS,2025-03-01,222,22230.68,69907.8,principal
SKU_1344_MID,2025-03-01,149,14920.59,46920.1,principal
SKU_1345_ARM,2025-03-01,142,46728.27,170385.8,principal
SKU_1345_FOR,2025-03-01,142,46728.27,170385.8,principal
SKU_1346_HON,2025-03-01,231,17939.12,61191.9,principal
SKU_1346_PEA,2025-03-01,107,8309.46,28344.3,principal
SKU_1347_DUS,2025-03-01,0,0.0,0.0,principal
SKU_1347_LIM,2025-03-01,167,12940.88,48413.3,principal
SKU_1348_NAV,2025-03-01,245,52066.74,159225.5,principal
SKU_1348_PIS,2025-03-01,0,0.0,0.0,principal
SKU_1349_HON,2025-03-01,222,18284.98,46597.8,principal
SKU_1349_SEA,2025-03-01,95,7824.65,19940.5,principal
SKU_1350_SNO,2025-03-01,107,10090.3,30484.3,principal
SKU_1350_BAB,2025-03-01,224,21123.63,63817.6,principal
SKU_1351_SAG,2025-03-01,216,49325.09,149018.4,principal
SKU_1351_HON,2025-03-01,273,62341.43,188342.7,principal
SKU_1352_CER,2025-03-01,250,23161.73,69975.0,principal
SKU_1352_HUN,2025-03-01,178,16491.15,49822.2,principal
SKU_1353_MAG,2025-03-01,254,15965.65,48234.6,principal
SKU_1353_MAR,2025-03-01,303,19045.64,57539.7,principal
SKU_1354_AQU,2025-03-01,281,85558.06,259896.9,principal
SKU_1354_CLE,2025-03-01,180,54805.87,166482.0,principal
SKU_1355_PAS,2025-03-01,260,14970.04,45474.0,principal
SKU_1355_DEE,2025-03-01,149,8578.98,26060.1,principal
SKU_1356_BLU,2025-03-01,148,10470.27,31805.2,principal
SKU_1356_DEN,2025-03-01,0,0.0,0.0,principal
SKU_1357_BRI,2025-03-01,134,29490.97,89096.6,principal
SKU_1357_BLU,2025-03-01,288,63383.59,191491.2,principal
SKU_1358_DUS,2025-03-01,130,8554.92,25987.0,principal
SKU_1358_MAR,2025-03-01,157,10331.71,31384.3,principal
SKU_1359_BLU,2025-03-01,132,17835.6,56086.8,principal
SKU_1359_NAV,2025-03-01,126,17024.89,53537.4,principal
SKU_1360_WHI,2025-03-01,279,29542.45,89252.1,principal
SKU_1360_FRE,2025-03-01,0,0.0,0.0,principal
SKU_1361_MEX,2025-03-01,269,16244.43,51083.1,principal
SKU_1361_BLU,2025-03-01,122,7367.36,23167.8,principal
SKU_1362_POW,2025-03-01,269,81684.06,256868.1,principal
SKU_1362_SEA,2025-03-01,146,44334.1,139415.4,principal
SKU_1363_RAS,2025-03-01,149,45008.16,141535.1,principal
SKU_1363_HUN,2025-03-01,253,76423.25,240324.7,principal
SKU_1364_OFF,2025-03-01,210,30712.12,96579.0,principal
SKU_1364_TEA,2025-03-01,0,0.0,0.0,principal
SKU_1365_BUB,2025-03-01,0,0.0,0.0,principal
SKU_1365_NAV,2025-03-01,0,0.0,0.0,principal
SKU_1366_TEA,2025-03-01,225,30245.69,98977.5,principal
SKU_1366_PAL,2025-03-01,201,27019.49,88419.9,principal
SKU_1367_VAN,2025-03-01,117,6447.8,21048.3,principal
SKU_1367_BLA,2025-03-01,223,12289.4,40117.7,principal
SKU_1368_SNO,2025-03-01,175,37190.99,130357.5,principal
SKU_1368_TUR,2025-03-01,155,32940.6,115459.5,principal
SKU_1369_SNO,2025-03-01,131,6640.17,20946.9,principal
SKU_1369_RAS,2025-03-01,214,10847.3,34218.6,principal
SKU_1370_PRI,2025-03-01,0,0.0,0.0,principal
SKU_1370_MYS,2025-03-01,266,18777.67,47853.4,principal
SKU_1371_WHI,2025-03-01,212,19290.28,58278.8,principal
SKU_1371_HOT,2025-03-01,0,0.0,0.0,principal
SKU_1372_SEA,2025-03-01,131,14738.4,44526.9,principal
SKU_1372_DEN,2025-03-01,165,18563.64,56083.5,principal
SKU_1373_SKY,2025-03-01,104,6501.57,19749.6,principal
SKU_1373_CRE,2025-03-01,204,12753.08,38739.6,principal
SKU_1374_SAL,2025-03-01,0,0.0,0.0,principal
SKU_1374_BLU,2025-03-01,0,0.0,0.0,principal
SKU_1375_COR,2025-03-01,223,19553.06,59072.7,principal
SKU_1375_CLE,2025-03-01,231,20254.52,61191.9,principal
SKU_1376_SNO,2025-03-01,166,13248.32,47293.4,principal
SKU_1376_BIR,2025-03-01,163,13008.89,46438.7,principal
SKU_1377_PRI,2025-03-01,0,0.0,0.0,principal
SKU_1377_CLO,2025-03-01,219,17223.88,56918.1,principal
SKU_1378_SPA,2025-03-01,104,6079.63,21309.6,principal
SKU_1378_MOS,2025-03-01,234,13679.16,47946.6,principal
SKU_1379_SNO,2025-03-01,196,30127.81,95040.4,principal
SKU_1379_WHI,2025-03-01,276,42424.87,133832.4,principal
SKU_1380_TUR,2025-03-01,0,0.0,0.0,principal
SKU_1380_MIN,2025-03-01,243,21921.7,55865.7,principal
SKU_1381_WHI,2025-03-01,157,14285.73,43159.3,principal
SKU_1381_PAS,2025-03-01,123,11192.0,33812.7,principal
SKU_1382_ARM,2025-03-01,231,13949.67,43866.9,principal
SKU_1382_HOT,2025-03-01,142,8575.12,26965.8,principal
SKU_1383_CLE,2025-03-01,198,11790.29,35620.2,principal
SKU_1383_TUR,2025-03-01,257,15303.55,46234.3,principal
SKU_1384_CRE,2025-03-01,198,33887.91,102940.2,principal
SKU_1384_SKY,2025-03-01,280,47922.3,145572.0,principal
SKU_1385_PRI,2025-03-01,272,26100.28,78852.8,principal
SKU_1385_NAV,2025-03-01,84,8060.38,24351.6,principal
SKU_1386_SER,2025-03-01,114,7680.19,24498.6,principal
SKU_1386_COB,2025-03-01,272,18324.65,58452.8,principal
SKU_1387_BRI,2025-03-01,133,6083.77,21266.7,principal
SKU_1387_BAB,2025-03-01,277,12670.72,44292.3,principal
SKU_1388_BRI,2025-03-01,264,26455.64,98973.6,principal
SKU_1388_VAN,2025-03-01,278,27858.59,104222.2,principal
SKU_1389_SHO,2025-03-01,121,5027.59,16927.9,principal
SKU_1389_BAB,2025-03-01,126,5235.34,17627.4,principal
SKU_1390_SAP,2025-03-01,114,10284.25,26208.6,principal
SKU_1390_PAS,2025-03-01,30,2706.38,6897.0,principal
SKU_1391_LIG,2025-03-01,109,10278.91,31054.1,principal
SKU_1391_SEA,2025-03-01,141,13296.57,40170.9,principal
SKU_1392_LIM,2025-03-01,160,15617.9,47184.0,principal
SKU_1392_BLU,2025-03-01,144,14056.11,42465.6,principal
SKU_1393_COB,2025-03-01,133,13106.91,41216.7,principal
SKU_1393_SKY,2025-03-01,127,12515.62,39357.3,principal
SKU_1394_FOR,2025-03-01,163,24356.8,76593.7,principal
SKU_1394_EME,2025-03-01,133,19873.95,62496.7,principal
SKU_1395_BLA,2025-03-01,99,9126.63,28700.1,principal
SKU_1395_TUR,2025-03-01,158,14565.74,45804.2,principal
SKU_1396_FUC,2025-03-01,114,5062.64,15378.6,principal
SKU_1396_PAS,2025-03-01,112,4973.82,15108.8,principal
SKU_1397_SNO,2025-03-01,157,12140.67,36879.3,principal
SKU_1397_BUB,2025-03-01,132,10207.44,31006.8,principal
SKU_1398_AQU,2025-03-01,153,33993.09,103259.7,principal
SKU_1398_SPA,2025-03-01,159,35326.16,107309.1,principal
SKU_1399_PAL,2025-03-01,137,11758.46,36976.3,principal
SKU_1399_CRE,2025-03-01,0,0.0,0.0,principal
SKU_1400_FOR,2025-03-01,128,8844.68,26867.2,principal
SKU_1400_PAL,2025-03-01,149,10295.76,31275.1,principal
SKU_1401_GAR,2025-03-01,136,10799.34,32626.4,principal
SKU_1401_BLU,2025-03-01,110,8734.76,26389.0,principal
SKU_1402_WHI,2025-03-01,123,9187.88,28892.7,principal
SKU_1402_VAN,2025-03-01,128,9561.37,30067.2,principal
SKU_1403_AQU,2025-03-01,31,3927.98,11931.9,principal
SKU_1403_DUS,2025-03-01,93,11783.94,35795.7,principal
SKU_1404_SAP,2025-03-01,140,47262.17,142786.0,principal
SKU_1404_ARM,2025-03-01,135,45574.23,137686.5,principal
SKU_1405_FLA,2025-03-01,137,9745.07,29441.3,principal
SKU_1405_CLO,2025-03-01,120,8535.83,25788.0,principal
SKU_1406_PRI,2025-03-01,0,0.0,0.0,principal
SKU_1406_SHO,2025-03-01,145,16702.13,50735.5,principal
SKU_1407_OFF,2025-03-01,101,6225.89,21704.9,principal
SKU_1407_EME,2025-03-01,143,8814.87,30730.7,principal
SKU_1408_PAS,2025-03-01,137,39891.86,126026.3,principal
SKU_1408_FUC,2025-03-01,151,43968.4,138904.9,principal
SKU_1409_PEA,2025-03-01,323,19952.86,67797.7,principal
SKU_1409_PEA,2025-03-01,323,19952.86,67797.7,principal
SKU_1410_ROS,2025-03-01,124,41980.24,141347.6,principal
SKU_1410_JAD,2025-03-01,129,43672.99,147047.1,principal
SKU_1411_BLU,2025-03-01,164,12861.31,36883.6,principal
SKU_1411_RAS,2025-03-01,132,10351.79,29686.8,principal
SKU_1412_SHO,2025-03-01,137,43695.1,122601.3,principal
SKU_1412_BAB,2025-03-01,118,37635.2,105598.2,principal
SKU_1413_SAG,2025-03-01,138,8445.86,25516.2,principal
SKU_1413_JAD,2025-03-01,135,8262.26,24961.5,principal
SKU_1414_DUS,2025-03-01,150,16213.23,50985.0,principal
SKU_1414_CLO,2025-03-01,136,14700.0,46226.4,principal
SKU_1415_BAB,2025-03-01,142,16025.86,50395.8,principal
SKU_1415_MID,2025-03-01,135,15235.86,47911.5,principal
SKU_1416_CLE,2025-03-01,128,11016.51,35827.2,principal
SKU_1416_AQU,2025-03-01,170,14631.3,47583.0,principal
SKU_1417_SNO,2025-03-01,119,10639.06,33308.1,principal
SKU_1417_BIR,2025-03-01,132,11801.31,36946.8,principal
SKU_1418_CLE,2025-03-01,158,40291.35,133494.2,principal
SKU_1418_MOS,2025-03-01,113,28815.97,95473.7,principal
SKU_1419_FLA,2025-03-01,159,13252.91,39734.1,principal
SKU_1419_WHI,2025-03-01,114,9502.09,28488.6,principal
SKU_1420_EGR,2025-03-01,161,52335.68,159373.9,principal
SKU_1420_LIM,2025-03-01,141,45834.35,139575.9,principal
SKU_1421_LIG,2025-03-01,124,10791.58,28507.6,principal
SKU_1421_SER,2025-03-01,0,0.0,0.0,principal
SKU_1422_PIN,2025-03-01,153,18354.15,48179.7,principal
SKU_1422_MIN,2025-03-01,153,18354.15,48179.7,principal
SKU_1423_JAD,2025-03-01,157,62016.11,188384.3,principal
SKU_1423_SAG,2025-03-01,159,62806.13,190784.1,principal
SKU_1424_VAN,2025-03-01,164,53713.46,163163.6,principal
SKU_1424_BAB,2025-03-01,138,45197.91,137296.2,principal
SKU_1425_WHI,2025-03-01,10,667.48,2099.0,principal
SKU_1425_LIG,2025-03-01,129,8610.52,27077.1,principal
SKU_1426_NAV,2025-03-01,126,4759.03,16367.4,principal
SKU_1426_SEA,2025-03-01,108,4079.17,14029.2,principal
SKU_1427_AQU,2025-03-01,156,9707.52,31184.4,principal
SKU_1427_BLA,2025-03-01,0,0.0,0.0,principal
SKU_1428_COB,2025-03-01,17,2283.05,8328.3,principal
SKU_1428_SKY,2025-03-01,127,17055.69,62217.3,principal
SKU_1429_SPA,2025-03-01,166,9962.94,31523.4,principal
SKU_1429_MAG,2025-03-01,121,7262.14,22977.9,principal
SKU_1430_PEA,2025-03-01,182,11482.79,32741.8,principal
SKU_1430_JAD,2025-03-01,157,9905.49,28244.3,principal
SKU_1431_TEA,2025-03-01,122,15386.59,45127.8,principal
SKU_1431_CRE,2025-03-01,150,18917.94,55485.0,principal
SKU_1432_WHI,2025-03-01,107,29875.78,77029.3,principal
SKU_1432_BRI,2025-03-01,0,0.0,0.0,principal
SKU_1433_OLI,2025-03-01,119,12336.14,37473.1,principal
SKU_1433_SAP,2025-03-01,116,12025.15,36528.4,principal
SKU_1434_ARM,2025-03-01,158,10546.22,33164.2,principal
SKU_1434_MIN,2025-03-01,135,9011.01,28336.5,principal
SKU_1435_SKY,2025-03-01,144,43892.5,145425.6,principal
SKU_1435_OLI,2025-03-01,100,30480.9,100990.0,principal
SKU_1436_BLU,2025-03-01,107,8868.26,29949.3,principal
SKU_1436_PAS,2025-03-01,0,0.0,0.0,principal
SKU_1437_ROY,2025-03-01,44,2311.14,7255.6,principal
SKU_1437_AQU,2025-03-01,155,8141.53,25559.5,principal
SKU_1438_MOS,2025-03-01,153,11768.55,31349.7,principal
SKU_1438_DEE,2025-03-01,149,11460.88,30530.1,principal
SKU_1439_CER,2025-03-01,141,8629.47,26070.9,principal
SKU_1439_SHO,2025-03-01,140,8568.27,25886.0,principal
SKU_1440_PIS,2025-03-01,102,47218.35,122389.8,principal
SKU_1440_BLU,2025-03-01,120,55551.0,143988.0,principal
SKU_1441_COB,2025-03-01,161,72103.68,185938.9,principal
SKU_1441_IVO,2025-03-01,128,57324.66,147827.2,principal
SKU_1442_OFF,2025-03-01,106,10171.43,30729.4,principal
SKU_1442_EME,2025-03-01,146,14009.71,42325.4,principal
SKU_1443_BLU,2025-03-01,152,13579.21,41024.8,principal
SKU_1443_PRI,2025-03-01,0,0.0,0.0,principal
SKU_1444_HUN,2025-03-01,39,3555.67,9356.1,principal
SKU_1444_OLI,2025-03-01,9,820.54,2159.1,principal
SKU_1445_TEA,2025-03-01,169,26712.54,69273.1,principal
SKU_1445_PRI,2025-03-01,148,23393.23,60665.2,principal
SKU_1446_SHO,2025-03-01,115,12141.83,31038.5,principal
SKU_1446_GAR,2025-03-01,147,15520.43,39675.3,principal
SKU_1447_BLU,2025-03-01,152,12004.21,36464.8,principal
SKU_1447_OLI,2025-03-01,136,10740.61,32626.4,principal
SKU_1448_SKY,2025-03-01,122,7225.22,21947.8,principal
SKU_1448_SEA,2025-03-01,128,7580.55,23027.2,principal
SKU_1449_BLA,2025-03-01,103,11076.82,33464.7,principal
SKU_1449_NAV,2025-03-01,128,13765.36,41587.2,principal
SKU_1450_MAG,2025-03-01,126,16702.92,51647.4,principal
SKU_1450_JAD,2025-03-01,0,0.0,0.0,principal
SKU_1451_WHI,2025-03-01,103,8165.99,25224.7,principal
SKU_1451_BIR,2025-03-01,140,11099.41,34286.0,principal
SKU_1452_SKY,2025-03-01,110,4260.49,15939.0,principal
SKU_1452_DEE,2025-03-01,119,4609.08,17243.1,principal
SKU_1453_SAP,2025-03-01,0,0.0,0.0,principal
SKU_1453_PRI,2025-03-01,119,8861.13,27953.1,principal
SKU_1454_BRI,2025-03-01,119,6785.61,17838.1,principal
SKU_1454_BUB,2025-03-01,128,7298.81,19187.2,principal
SKU_1455_TEA,2025-03-01,126,13967.34,42197.4,principal
SKU_1455_ROY,2025-03-01,103,11417.75,34494.7,principal
SKU_1456_EME,2025-03-01,184,19178.67,57941.6,principal
SKU_1456_DEN,2025-03-01,139,14488.23,43771.1,principal
SKU_1457_SNO,2025-03-01,123,6510.01,19667.7,principal
SKU_1457_MAG,2025-03-01,122,6457.08,19507.8,principal
SKU_1458_PEA,2025-03-01,159,18414.89,55634.1,principal
SKU_1458_MIN,2025-03-01,130,15056.2,45487.0,principal
SKU_1459_OFF,2025-03-01,145,10019.37,30435.5,principal
SKU_1459_CRE,2025-03-01,132,9121.08,27706.8,principal
SKU_1460_FUC,2025-03-01,147,8150.17,25710.3,principal
SKU_1460_OLI,2025-03-01,164,9092.7,28683.6,principal
SKU_1461_NAV,2025-03-01,139,48085.86,148716.1,principal
SKU_1461_PRI,2025-03-01,128,44280.51,136947.2,principal
SKU_1462_MID,2025-03-01,171,16678.96,62397.9,principal
SKU_1462_OFF,2025-03-01,134,13070.06,48896.6,principal
SKU_1463_LIG,2025-03-01,155,13173.03,40284.5,principal
SKU_1463_DUS,2025-03-01,94,7988.81,24430.6,principal
SKU_1464_MOS,2025-03-01,115,10057.21,26438.5,principal
SKU_1464_BIR,2025-03-01,146,12768.28,33565.4,principal
SKU_1465_CLE,2025-03-01,138,16520.31,43456.2,principal
SKU_1465_OFF,2025-03-01,133,15921.75,41881.7,principal
SKU_1466_PRI,2025-03-01,105,9329.36,28339.5,principal
SKU_1466_SAP,2025-03-01,150,13327.66,40485.0,principal
SKU_1467_OLI,2025-03-01,169,11011.74,34628.1,principal
SKU_1467_FUC,2025-03-01,136,8861.52,27866.4,principal
SKU_1468_BAB,2025-03-01,47,8243.65,24905.3,principal
SKU_1468_MYS,2025-03-01,110,19293.66,58289.0,principal
SKU_1469_ARM,2025-03-01,142,13316.5,41875.8,principal
SKU_1469_SAL,2025-03-01,137,12847.61,40401.3,principal
SKU_1470_WHI,2025-03-01,0,0.0,0.0,principal
SKU_1470_MAR,2025-03-01,100,29840.28,91990.0,principal
SKU_1471_ROS,2025-03-01,164,9082.04,33603.6,principal
SKU_1471_LIG,2025-03-01,9,498.4,1844.1,principal
SKU_1472_EME,2025-03-01,147,21758.72,69075.3,principal
SKU_1472_MYS,2025-03-01,136,20130.52,63906.4,principal
SKU_1473_BLU,2025-03-01,105,5049.16,18889.5,principal
SKU_1473_BAB,2025-03-01,140,6732.22,25186.0,principal
SKU_1474_BRI,2025-03-01,44,15249.84,46635.6,principal
SKU_1474_DEN,2025-03-01,119,41243.89,126128.1,principal
SKU_1475_VAN,2025-03-01,140,13308.67,34986.0,principal
SKU_1475_MIN,2025-03-01,121,11502.5,30237.9,principal
SKU_1476_WHI,2025-03-01,147,13303.07,40410.3,principal
SKU_1476_CLO,2025-03-01,104,9411.7,28589.6,principal
SKU_1477_CLE,2025-03-01,113,8411.93,25413.7,principal
SKU_1477_EME,2025-03-01,123,9156.35,27662.7,principal
SKU_1478_TEA,2025-03-01,137,8790.07,26701.3,principal
SKU_1478_COB,2025-03-01,169,10843.22,32938.1,principal
SKU_1479_MIN,2025-03-01,127,23326.33,70472.3,principal
SKU_1479_FUC,2025-03-01,112,20571.25,62148.8,principal
SKU_1480_SNO,2025-03-01,110,13468.06,40689.0,principal
SKU_1480_MEX,2025-03-01,110,13468.06,40689.0,principal
SKU_1481_BLA,2025-03-01,125,30787.34,101237.5,principal
SKU_1481_TEA,2025-03-01,122,30048.44,98807.8,principal
SKU_1482_MOS,2025-03-01,121,15029.07,53832.9,principal
SKU_1482_SHO,2025-03-01,125,15525.9,55612.5,principal
SKU_1483_WHI,2025-03-01,122,11665.4,39637.8,principal
SKU_1483_POW,2025-03-01,125,11952.26,40612.5,principal
SKU_1484_MOS,2025-03-01,96,13112.67,44150.4,principal
SKU_1484_EGR,2025-03-01,155,21171.5,71284.5,principal
SKU_1485_PAS,2025-03-01,158,41223.27,105054.2,principal
SKU_1485_CER,2025-03-01,119,31047.9,79123.1,principal
SKU_1486_OLI,2025-03-01,0,0.0,0.0,principal
SKU_1486_PAL,2025-03-01,169,16216.72,48993.1,principal
SKU_1487_BRI,2025-03-01,0,0.0,0.0,principal
SKU_1487_CLE,2025-03-01,124,13205.78,41527.6,principal
SKU_1488_IVO,2025-03-01,112,12105.88,38068.8,principal
SKU_1488_PEA,2025-03-01,16,1729.41,5438.4,principal
SKU_1489_TEA,2025-03-01,135,16439.1,49936.5,principal
SKU_1489_IVO,2025-03-01,145,17656.81,53635.5,principal
SKU_1490_EME,2025-03-01,137,14279.77,43141.3,principal
SKU_1490_VAN,2025-03-01,144,15009.39,45345.6,principal
SKU_1491_GAR,2025-03-01,137,5741.22,18481.3,principal
SKU_1491_CER,2025-03-01,152,6369.82,20504.8,principal
SKU_1492_SKY,2025-03-01,150,17653.29,56235.0,principal
SKU_1492_BIR,2025-03-01,118,13887.26,44238.2,principal
SKU_1493_PEA,2025-03-01,96,8465.5,31670.4,principal
SKU_1493_CLO,2025-03-01,182,16049.17,60041.8,principal
SKU_1494_EGR,2025-03-01,171,58809.17,185517.9,principal
SKU_1494_HOT,2025-03-01,103,35423.07,111744.7,principal
SKU_1495_FUC,2025-03-01,4,470.31,1319.6,principal
SKU_1495_BLA,2025-03-01,123,14461.89,40577.7,principal
SKU_1496_PAS,2025-03-01,139,51931.66,157751.1,principal
SKU_1496_PEA,2025-03-01,0,0.0,0.0,principal
SKU_1497_FUC,2025-03-01,131,5849.4,17671.9,principal
SKU_1497_VAN,2025-03-01,125,5581.49,16862.5,principal
SKU_1498_OLI,2025-03-01,163,18338.62,55403.7,principal
SKU_1498_LIG,2025-03-01,34,3825.23,11556.6,principal
SKU_1499_HOT,2025-03-01,119,9835.14,30928.1,principal
SKU_1499_RAS,2025-03-01,147,12149.29,38205.3,principal
SKU_1500_MOS,2025-03-01,131,11208.24,34046.9,principal
SKU_1500_PAS,2025-03-01,141,12063.83,36645.9,principal
SKU_1501_OLI,2025-03-01,107,6017.35,18179.3,principal
SKU_1501_SAL,2025-03-01,110,6186.06,18689.0,principal
SKU_1502_PEA,2025-03-01,96,6633.51,20150.4,principal
SKU_1502_VAN,2025-03-01,148,10226.66,31065.2,principal
SKU_1503_VAN,2025-03-01,121,9157.65,27817.9,principal
SKU_1503_CER,2025-03-01,134,10141.53,30806.6,principal
SKU_1504_EME,2025-03-01,92,10350.63,31270.8,principal
SKU_1504_NAV,2025-03-01,126,14175.87,42827.4,principal
SKU_1505_BLU,2025-03-01,163,12673.56,38288.7,principal
SKU_1505_SNO,2025-03-01,128,9952.24,30067.2,principal
SKU_1506_PAL,2025-03-01,144,10527.58,33105.6,principal
SKU_1506_BRI,2025-03-01,0,0.0,0.0,principal
SKU_1507_PAS,2025-03-01,146,8693.85,26265.4,principal
SKU_1507_FLA,2025-03-01,14,833.66,2518.6,principal
SKU_1508_LIM,2025-03-01,159,10986.75,33374.1,principal
SKU_1508_DEE,2025-03-01,94,6495.31,19730.6,principal
SKU_1509_HOT,2025-03-01,135,14294.73,43186.5,principal
SKU_1509_MAG,2025-03-01,0,0.0,0.0,principal
SKU_1510_SNO,2025-03-01,133,35311.26,111041.7,principal
SKU_1510_ROS,2025-03-01,127,33718.27,106032.3,principal
SKU_1511_CLE,2025-03-01,112,33297.4,104708.8,principal
SKU_1511_SKY,2025-03-01,138,41027.15,129016.2,principal
SKU_1512_TEA,2025-03-01,135,9630.36,30361.5,principal
SKU_1512_MYS,2025-03-01,143,10201.05,32160.7,principal
SKU_1513_PAS,2025-03-01,118,6853.56,25358.2,principal
SKU_1513_RAS,2025-03-01,131,7608.61,28151.9,principal
SKU_1514_PEA,2025-03-01,136,33216.58,112866.4,principal
SKU_1514_SPA,2025-03-01,132,32239.62,109546.8,principal
SKU_1515_SEA,2025-03-01,128,8157.73,24947.2,principal
SKU_1515_AQU,2025-03-01,110,7010.55,21439.0,principal
SKU_1516_CRE,2025-03-01,113,15040.52,39538.7,principal
SKU_1516_EME,2025-03-01,119,15839.13,41638.1,principal
SKU_1517_FOR,2025-03-01,112,51089.25,134388.8,principal
SKU_1517_ROS,2025-03-01,145,66142.33,173985.5,principal
SKU_1518_CLE,2025-03-01,156,11652.92,36644.4,principal
SKU_1518_LIM,2025-03-01,146,10905.94,34295.4,principal
SKU_1519_BLU,2025-03-01,133,26640.99,83776.7,principal
SKU_1519_TEA,2025-03-01,165,33050.85,103933.5,principal
SKU_1520_GAR,2025-03-01,163,12068.04,36658.7,principal
SKU_1520_ROY,2025-03-01,144,10661.34,32385.6,principal
SKU_1521_MOS,2025-03-01,102,6159.6,19369.8,principal
SKU_1521_FRE,2025-03-01,6,362.33,1139.4,principal
SKU_1522_MOS,2025-03-01,145,5939.01,21735.5,principal
SKU_1522_BIR,2025-03-01,149,6102.84,22335.1,principal
SKU_1523_HOT,2025-03-01,131,13565.2,49111.9,principal
SKU_1523_CRE,2025-03-01,139,14393.61,52111.1,principal
SKU_1524_BLU,2025-03-01,0,0.0,0.0,principal
SKU_1524_DEN,2025-03-01,115,12519.08,42538.5,principal
SKU_1525_MYS,2025-03-01,137,12590.07,39716.3,principal
SKU_1525_OLI,2025-03-01,0,0.0,0.0,principal
SKU_1526_FOR,2025-03-01,119,7205.73,20218.1,principal
SKU_1527_FUC,2025-03-01,131,39239.62,119196.9,principal
SKU_1527_TEA,2025-03-01,137,41036.85,124656.3,principal
SKU_1528_PAS,2025-03-01,151,10740.92,32449.9,principal
SKU_1528_DEN,2025-03-01,172,12234.69,36962.8,principal
SKU_1529_HUN,2025-03-01,152,12254.4,37224.8,principal
SKU_1529_MIN,2025-03-01,152,12254.4,37224.8,principal
SKU_1530_HON,2025-03-01,126,5388.15,16367.4,principal
SKU_1530_PEA,2025-03-01,140,5986.83,18186.0,principal
SKU_1531_TEA,2025-03-01,143,26028.42,78635.7,principal
SKU_1531_SNO,2025-03-01,153,27848.59,84134.7,principal
SKU_1532_BRI,2025-03-01,150,41035.27,146985.0,principal
SKU_1532_EME,2025-03-01,127,34743.2,124447.3,principal
SKU_1533_CER,2025-03-01,157,7796.56,25889.3,principal
SKU_1533_DUS,2025-03-01,169,8392.48,27868.1,principal
SKU_1534_MYS,2025-03-01,150,8824.59,29985.0,principal
SKU_1534_HUN,2025-03-01,105,6177.21,20989.5,principal
SKU_1535_NAV,2025-03-01,120,11598.4,36588.0,principal
SKU_1535_MOS,2025-03-01,143,13821.42,43600.7,principal
SKU_1536_MOS,2025-03-01,140,17209.13,48286.0,principal
SKU_1536_FRE,2025-03-01,115,14136.07,39663.5,principal
SKU_1537_SAP,2025-03-01,141,11896.44,35940.9,principal
SKU_1537_BLA,2025-03-01,105,8859.05,26764.5,principal
SKU_1538_MAG,2025-03-01,154,10699.44,32324.6,principal
SKU_1538_PAS,2025-03-01,9,625.29,1889.1,principal
SKU_1539_BLA,2025-03-01,112,12462.04,39188.8,principal
SKU_1539_PEA,2025-03-01,136,15132.48,47586.4,principal
SKU_1540_BAL,2025-03-01,0,0.0,0.0,principal
SKU_1540_MAG,2025-03-01,115,6213.24,19538.5,principal
SKU_1541_AQU,2025-03-01,0,0.0,0.0,principal
SKU_1541_POW,2025-03-01,146,31334.26,98535.4,principal
SKU_1542_DEE,2025-03-01,126,19491.08,59207.4,principal
SKU_1542_PEA,2025-03-01,152,23513.04,71424.8,principal
SKU_1543_BAB,2025-03-01,155,36223.22,113909.5,principal
SKU_1543_FLA,2025-03-01,130,30380.77,95537.0,principal
SKU_1544_OLI,2025-03-01,147,9344.53,29385.3,principal
SKU_1544_PEA,2025-03-01,132,8391.0,26386.8,principal
SKU_1545_TEA,2025-03-01,151,12479.88,39244.9,principal
SKU_1545_HOT,2025-03-01,174,14380.79,45222.6,principal
SKU_1546_PAS,2025-03-01,112,6229.24,19588.8,principal
SKU_1546_IVO,2025-03-01,120,6674.18,20988.0,principal
SKU_1547_IVO,2025-03-01,137,14959.98,45196.3,principal
SKU_1547_FUC,2025-03-01,110,12011.66,36289.0,principal
SKU_1548_HOT,2025-03-01,130,20434.95,61737.0,principal
SKU_1548_CLO,2025-03-01,157,24679.13,74559.3,principal
SKU_1549_BAL,2025-03-01,142,8349.34,26255.8,principal
SKU_1549_PAS,2025-03-01,121,7114.58,22372.9,principal
SKU_1550_PAL,2025-03-01,143,7762.77,23580.7,principal
SKU_1550_IVO,2025-03-01,125,6785.64,20612.5,principal
SKU_1551_DUS,2025-03-01,124,9025.58,27267.6,principal
SKU_1551_ROS,2025-03-01,139,10117.38,30566.1,principal
SKU_1552_CLE,2025-03-01,117,25416.97,77208.3,principal
SKU_1552_SAP,2025-03-01,2,434.48,1319.8,principal
SKU_1553_DEN,2025-03-01,129,10322.35,32882.1,principal
SKU_1553_HOT,2025-03-01,130,10402.37,33137.0,principal
SKU_1554_PIS,2025-03-01,157,46808.66,162479.3,principal
SKU_1554_SKY,2025-03-01,124,36969.9,128327.6,principal
SKU_1555_FUC,2025-03-01,108,5851.27,20509.2,principal
SKU_1555_RAS,2025-03-01,107,5797.1,20319.3,principal
SKU_1556_SAL,2025-03-01,114,6937.5,23358.6,principal
SKU_1556_HUN,2025-03-01,161,9797.7,32988.9,principal
SKU_1557_TUR,2025-03-01,148,10641.8,29585.2,principal
SKU_1557_SAG,2025-03-01,133,9563.24,26586.7,principal
SKU_1558_CLE,2025-03-01,124,15561.25,40907.6,principal
SKU_1558_MEX,2025-03-01,0,0.0,0.0,principal
SKU_1559_BLU,2025-03-01,126,58373.46,151187.4,principal
SKU_1559_SKY,2025-03-01,32,14825.0,38396.8,principal
SKU_1560_PAL,2025-03-01,0,0.0,0.0,principal
SKU_1560_CRE,2025-03-01,109,8070.04,24514.1,principal
SKU_1561_LIM,2025-03-01,135,15137.41,47236.5,principal
SKU_1561_VAN,2025-03-01,138,15473.8,48286.2,principal
SKU_1562_CLO,2025-03-01,118,11383.46,36568.2,principal
SKU_1562_BLU,2025-03-01,0,0.0,0.0,principal
SKU_1563_WHI,2025-03-01,119,4768.12,17838.1,principal
SKU_1563_MEX,2025-03-01,116,4647.92,17388.4,principal
SKU_1564_BLA,2025-03-01,148,27675.75,87305.2,principal
SKU_1564_NAV,2025-03-01,102,19073.83,60169.8,principal
SKU_1565_LIG,2025-03-01,119,16805.75,42828.1,principal
SKU_1565_BAB,2025-03-01,120,16946.97,43188.0,principal
SKU_1566_PEA,2025-03-01,143,56260.14,147990.7,principal
SKU_1566_POW,2025-03-01,165,64915.55,170758.5,principal
SKU_1567_PRI,2025-03-01,152,34521.49,104864.8,principal
SKU_1567_POW,2025-03-01,171,38836.68,117972.9,principal
SKU_1568_FRE,2025-03-01,150,11204.73,35235.0,principal
SKU_1568_PIN,2025-03-01,121,9038.48,28422.9,principal
SKU_1569_WHI,2025-03-01,137,9580.16,30126.3,principal
SKU_1569_PAS,2025-03-01,97,6783.04,21330.3,principal
SKU_1570_MEX,2025-03-01,127,28871.95,90792.3,principal
SKU_1570_HON,2025-03-01,0,0.0,0.0,principal
SKU_1571_WHI,2025-03-01,124,8994.0,30987.6,principal
SKU_1571_BIR,2025-03-01,165,11967.83,41233.5,principal
SKU_1572_BAL,2025-03-01,108,4405.97,15109.2,principal
SKU_1572_MAR,2025-03-01,26,1060.7,3637.4,principal
SKU_1573_MIN,2025-03-01,159,47958.86,162959.1,principal
SKU_1573_SAG,2025-03-01,26,7842.33,26647.4,principal
SKU_1574_GAR,2025-03-01,119,21378.98,71983.1,principal
SKU_1574_COB,2025-03-01,160,28744.85,96784.0,principal
SKU_1575_JAD,2025-03-01,125,41126.0,108112.5,principal
SKU_1575_AQU,2025-03-01,130,42771.03,112437.0,principal
SKU_1576_AQU,2025-03-01,147,11851.3,36000.3,principal
SKU_1576_BLU,2025-03-01,116,9352.05,28408.4,principal
SKU_1577_FLA,2025-03-01,46,2339.02,7355.4,principal
SKU_1577_HUN,2025-03-01,107,5440.76,17109.3,principal
SKU_1578_PAS,2025-03-01,181,7442.19,22606.9,principal
SKU_1578_TEA,2025-03-01,56,2302.56,6994.4,principal
SKU_1579_DEN,2025-03-01,149,11276.78,34255.1,principal
SKU_1579_SAG,2025-03-01,149,11276.78,34255.1,principal
SKU_1580_WHI,2025-03-01,106,6401.15,20129.4,principal
SKU_1580_MOS,2025-03-01,141,8514.74,26775.9,principal
SKU_1581_BIR,2025-03-01,167,39154.18,142768.3,principal
SKU_1581_COB,2025-03-01,137,32120.49,117121.3,principal
SKU_1582_WHI,2025-03-01,156,10514.06,35864.4,principal
SKU_1582_PAS,2025-03-01,127,8559.53,29197.3,principal
SKU_1583_WHI,2025-03-01,160,10901.56,40784.0,principal
SKU_1583_BLU,2025-03-01,137,9334.46,34921.3,principal
SKU_1584_AQU,2025-03-01,0,0.0,0.0,principal
SKU_1584_FLA,2025-03-01,126,7618.25,23297.4,principal
SKU_1585_COR,2025-03-01,98,12301.82,31350.2,principal
SKU_1585_BLA,2025-03-01,102,12803.93,32629.8,principal
SKU_1586_JAD,2025-03-01,135,15647.96,41161.5,principal
SKU_1586_EGR,2025-03-01,146,16922.97,44515.4,principal
SKU_1587_DEE,2025-03-01,0,0.0,0.0,principal
SKU_1587_LIG,2025-03-01,146,10673.8,33565.4,principal
SKU_1588_PAS,2025-03-01,114,17759.85,55848.6,principal
SKU_1588_CRE,2025-03-01,150,23368.23,73485.0,principal
SKU_1589_TUR,2025-03-01,118,26555.53,80228.2,principal
SKU_1589_CER,2025-03-01,101,22729.74,68669.9,principal
SKU_1590_MYS,2025-03-01,147,9189.72,27915.3,principal
SKU_1590_HOT,2025-03-01,138,8627.08,26206.2,principal
SKU_1591_HON,2025-03-01,21,5942.75,18687.9,principal
SKU_1591_MYS,2025-03-01,148,41882.25,131705.2,principal
SKU_1592_CER,2025-03-01,122,8143.28,25607.8,principal
SKU_1592_SAG,2025-03-01,130,8677.27,27287.0,principal
SKU_1593_LIG,2025-03-01,165,7913.71,23908.5,principal
SKU_1593_FUC,2025-03-01,131,6283.01,18981.9,principal
SKU_1594_BAL,2025-03-01,145,23862.23,72485.5,principal
SKU_1594_WHI,2025-03-01,129,21229.15,64487.1,principal
SKU_1595_FLA,2025-03-01,176,17470.97,52782.4,principal
SKU_1595_MYS,2025-03-01,95,9430.36,28490.5,principal
SKU_1596_BIR,2025-03-01,120,10859.65,32988.0,principal
SKU_1596_CER,2025-03-01,114,10316.67,31338.6,principal
SKU_1597_SHO,2025-03-01,152,25613.25,80544.8,principal
SKU_1597_FLA,2025-03-01,149,25107.72,78955.1,principal
SKU_1598_NAV,2025-03-01,146,22745.08,71525.4,principal
SKU_1598_DUS,2025-03-01,113,17604.07,55358.7,principal
SKU_1599_WHI,2025-03-01,113,17480.09,53098.7,principal
SKU_1599_CER,2025-03-01,128,19800.46,60147.2,principal
SKU_1600_LIG,2025-03-01,116,15080.13,45808.4,principal
SKU_1600_SHO,2025-03-01,0,0.0,0.0,principal
SKU_1601_EME,2025-03-01,152,36974.29,111704.8,principal
SKU_1601_AQU,2025-03-01,111,27000.96,81573.9,principal
SKU_1602_AQU,2025-03-01,130,8853.62,29887.0,principal
SKU_1602_PAS,2025-03-01,107,7287.21,24599.3,principal
SKU_1603_BUB,2025-03-01,114,23626.87,84918.6,principal
SKU_1603_PEA,2025-03-01,0,0.0,0.0,principal
SKU_1604_CLE,2025-03-01,151,24415.16,91339.9,principal
SKU_1604_SNO,2025-03-01,123,19887.84,74402.7,principal
SKU_1605_VAN,2025-03-01,0,0.0,0.0,principal
SKU_1605_COR,2025-03-01,130,8490.34,28587.0,principal
SKU_1606_COB,2025-03-01,109,42145.76,118254.1,principal
SKU_1606_SEA,2025-03-01,130,50265.59,141037.0,principal
SKU_1607_GAR,2025-03-01,133,13202.5,39886.7,principal
SKU_1607_MAR,2025-03-01,123,12209.83,36887.7,principal
SKU_1608_WHI,2025-03-01,0,0.0,0.0,principal
SKU_1608_MID,2025-03-01,140,14052.23,42686.0,principal
SKU_1609_LIM,2025-03-01,0,0.0,0.0,principal
SKU_1609_SAP,2025-03-01,99,8496.99,26720.1,principal
SKU_1610_PRI,2025-03-01,157,9556.45,29029.3,principal
SKU_1610_MEX,2025-03-01,132,8034.72,24406.8,principal
SKU_1611_MID,2025-03-01,113,8180.19,24848.7,principal
SKU_1611_BRI,2025-03-01,116,8397.37,25508.4,principal
SKU_1612_PAL,2025-03-01,166,16890.48,54763.4,principal
SKU_1612_SNO,2025-03-01,126,12820.48,41567.4,principal
SKU_1613_BIR,2025-03-01,151,8129.8,28674.9,principal
SKU_1613_AQU,2025-03-01,152,8183.64,28864.8,principal
SKU_1614_VAN,2025-03-01,144,18277.92,64065.6,principal
SKU_1614_IVO,2025-03-01,169,21451.16,75188.1,principal
SKU_1615_MOS,2025-03-01,125,18421.66,58112.5,principal
SKU_1615_SHO,2025-03-01,111,16358.44,51603.9,principal
SKU_1616_SER,2025-03-01,41,15984.75,42020.9,principal
SKU_1616_COR,2025-03-01,163,63549.13,167058.7,principal
SKU_1617_DEN,2025-03-01,15,940.33,2473.5,principal
SKU_1617_MIN,2025-03-01,147,9215.19,24240.3,principal
SKU_1618_SAL,2025-03-01,140,8336.57,25186.0,principal
SKU_1618_SAP,2025-03-01,152,9051.13,27344.8,principal
SKU_1619_IVO,2025-03-01,164,10792.36,32783.6,principal
SKU_1619_PAS,2025-03-01,112,7370.39,22388.8,principal
SKU_1620_SAG,2025-03-01,127,11135.6,33642.3,principal
SKU_1620_BLU,2025-03-01,0,0.0,0.0,principal
SKU_1621_PAS,2025-03-01,164,12751.31,38523.6,principal
SKU_1621_FUC,2025-03-01,0,0.0,0.0,principal
SKU_1622_VAN,2025-03-01,120,9842.97,32388.0,principal
SKU_1622_CLO,2025-03-01,92,7546.28,24830.8,principal
SKU_1623_EGR,2025-03-01,0,0.0,0.0,principal
SKU_1623_SER,2025-03-01,123,32192.27,112532.7,principal
SKU_1624_PRI,2025-03-01,139,8586.53,29176.1,principal
SKU_1624_ARM,2025-03-01,162,10007.32,34003.8,principal
SKU_1625_GAR,2025-03-01,114,7404.68,23358.6,principal
SKU_1625_DUS,2025-03-01,165,10717.29,33808.5,principal
SKU_1626_BAB,2025-03-01,142,29163.67,76665.8,principal
SKU_1626_DEN,2025-03-01,122,25056.11,65867.8,principal
SKU_1627_BAB,2025-03-01,147,16051.94,48495.3,principal
SKU_1627_MOS,2025-03-01,126,13758.81,41567.4,principal
SKU_1628_PEA,2025-03-01,6,1086.16,3299.4,principal
SKU_1628_POW,2025-03-01,165,29869.47,90733.5,principal
SKU_1629_CLO,2025-03-01,116,9402.75,29568.4,principal
SKU_1629_ARM,2025-03-01,128,10375.45,32627.2,principal
SKU_1630_LIM,2025-03-01,0,0.0,0.0,principal
SKU_1630_SNO,2025-03-01,108,11972.01,36169.2,principal
SKU_1631_BAL,2025-03-01,127,7265.44,22847.3,principal
SKU_1631_SNO,2025-03-01,105,6006.86,18889.5,principal
SKU_1632_SAP,2025-03-01,145,8874.28,26810.5,principal
SKU_1632_SPA,2025-03-01,121,7405.43,22372.9,principal
SKU_1633_SER,2025-03-01,104,7768.61,24429.6,principal
SKU_1633_DEN,2025-03-01,153,11428.82,35939.7,principal
SKU_1634_NAV,2025-03-01,0,0.0,0.0,principal
SKU_1634_SAP,2025-03-01,0,0.0,0.0,principal
SKU_1635_TEA,2025-03-01,124,23852.42,75007.6,principal
SKU_1635_SAG,2025-03-01,123,23660.06,74402.7,principal
SKU_1636_LIG,2025-03-01,120,17377.81,52788.0,principal
SKU_1636_SHO,2025-03-01,129,18681.15,56747.1,principal
SKU_1637_BLU,2025-03-01,131,38321.19,120506.9,principal
SKU_1637_WHI,2025-03-01,97,28375.24,89230.3,principal
SKU_1638_PEA,2025-03-01,121,43861.07,137927.9,principal
SKU_1638_SAP,2025-03-01,95,34436.38,108290.5,principal
SKU_1639_FRE,2025-03-01,109,6582.31,20699.1,principal
SKU_1639_WHI,2025-03-01,135,8152.41,25636.5,principal
SKU_1640_IVO,2025-03-01,0,0.0,0.0,principal
SKU_1640_TEA,2025-03-01,114,8252.58,25068.6,principal
SKU_1641_MEX,2025-03-01,136,14051.28,44186.4,principal
SKU_1641_SER,2025-03-01,0,0.0,0.0,principal
SKU_1642_OFF,2025-03-01,155,11538.49,34859.5,principal
SKU_1642_SAL,2025-03-01,150,11166.28,33735.0,principal
SKU_1643_PAS,2025-03-01,140,9639.71,31486.0,principal
SKU_1643_EGR,2025-03-01,32,2203.36,7196.8,principal
SKU_1644_BAB,2025-03-01,151,13887.47,48304.9,principal
SKU_1644_PEA,2025-03-01,128,11772.16,40947.2,principal
SKU_1645_MYS,2025-03-01,142,16200.99,56785.8,principal
SKU_1645_MIN,2025-03-01,145,16543.26,57985.5,principal
SKU_1646_BLU,2025-03-01,107,6950.0,21924.3,principal
SKU_1646_CLE,2025-03-01,108,7014.96,22129.2,principal
SKU_1647_BLA,2025-03-01,144,15990.53,48945.6,principal
SKU_1647_ARM,2025-03-01,120,13325.44,40788.0,principal
SKU_1648_RAS,2025-03-01,113,28187.21,79088.7,principal
SKU_1648_FLA,2025-03-01,0,0.0,0.0,principal
SKU_1649_FLA,2025-03-01,143,11058.06,33590.7,principal
SKU_1649_GAR,2025-03-01,146,11290.05,34295.4,principal
SKU_1650_OLI,2025-03-01,126,40264.33,126617.4,principal
SKU_1650_EGR,2025-03-01,120,38346.98,120588.0,principal
SKU_1651_PAS,2025-03-01,0,0.0,0.0,principal
SKU_1651_SAL,2025-03-01,18,1578.27,4768.2,principal
SKU_1652_TEA,2025-03-01,140,9466.39,30786.0,principal
SKU_1652_MOS,2025-03-01,108,7302.64,23749.2,principal
SKU_1653_ROS,2025-03-01,151,17358.5,54344.9,principal
SKU_1653_BAB,2025-03-01,143,16438.84,51465.7,principal
SKU_1654_CRE,2025-03-01,116,10518.18,35948.4,principal
SKU_1654_NAV,2025-03-01,136,12331.66,42146.4,principal
SKU_1655_SNO,2025-03-01,154,32112.38,99314.6,principal
SKU_1655_TEA,2025-03-01,107,22311.85,69004.3,principal
SKU_1656_FUC,2025-03-01,36,3057.44,8456.4,principal
SKU_1656_SNO,2025-03-01,157,13333.82,36879.3,principal
SKU_1657_SPA,2025-03-01,126,9603.47,27077.4,principal
SKU_1657_EME,2025-03-01,108,8231.55,23209.2,principal
SKU_1658_BAB,2025-03-01,112,37542.36,98548.8,principal
SKU_1658_MYS,2025-03-01,109,36536.76,95909.1,principal
SKU_1659_MOS,2025-03-01,182,61742.03,186531.8,principal
SKU_1659_SNO,2025-03-01,145,49190.08,148610.5,principal
SKU_1660_NAV,2025-03-01,143,14824.11,45030.7,principal
SKU_1660_MAG,2025-03-01,154,15964.42,48494.6,principal
SKU_1661_WHI,2025-03-01,108,35386.95,106909.2,principal
SKU_1661_CER,2025-03-01,127,41612.43,125717.3,principal
SKU_1662_PIS,2025-03-01,145,8995.45,28985.5,principal
SKU_1662_LIG,2025-03-01,127,7878.77,25387.3,principal
SKU_1663_SNO,2025-03-01,126,32161.94,100157.4,principal
SKU_1663_FLA,2025-03-01,126,32161.94,100157.4,principal
SKU_1664_PIN,2025-03-01,161,16030.89,53113.9,principal
SKU_1664_MIN,2025-03-01,119,11848.92,39258.1,principal
SKU_1665_SAG,2025-03-01,0,0.0,0.0,principal
SKU_1665_RAS,2025-03-01,170,12579.6,42483.0,principal
SKU_1666_FUC,2025-03-01,150,42079.64,119985.0,principal
SKU_1666_PAS,2025-03-01,127,35627.43,101587.3,principal
SKU_1667_LIG,2025-03-01,109,8326.07,22879.1,principal
SKU_1667_MID,2025-03-01,157,11992.6,32954.3,principal
SKU_1668_DEN,2025-03-01,147,15388.05,39675.3,principal
SKU_1668_VAN,2025-03-01,0,0.0,0.0,principal
SKU_1669_COR,2025-03-01,101,7789.32,20189.9,principal
SKU_1669_TEA,2025-03-01,156,12031.04,31184.4,principal
SKU_1670_SAP,2025-03-01,168,8057.6,24343.2,principal
SKU_1670_PEA,2025-03-01,0,0.0,0.0,principal
SKU_1671_SEA,2025-03-01,113,11933.61,39538.7,principal
SKU_1671_MIN,2025-03-01,146,15418.65,51085.4,principal
SKU_1672_TEA,2025-03-01,118,10997.94,34798.2,principal
SKU_1672_FOR,2025-03-01,107,9972.7,31554.3,principal
SKU_1673_PEA,2025-03-01,153,21321.9,62714.7,principal
SKU_1673_FUC,2025-03-01,130,18116.65,53287.0,principal
SKU_1674_PAS,2025-03-01,141,11796.66,32415.9,principal
SKU_1674_WHI,2025-03-01,131,10960.02,30116.9,principal
SKU_1675_CRE,2025-03-01,127,32154.1,97142.3,principal
SKU_1675_DEN,2025-03-01,118,29875.46,90258.2,principal
SKU_1676_PIN,2025-03-01,124,6935.45,21067.6,principal
SKU_1676_NAV,2025-03-01,140,7830.35,23786.0,principal
SKU_1677_POW,2025-03-01,122,26961.6,69527.8,principal
SKU_1677_VAN,2025-03-01,130,28729.57,74087.0,principal
SKU_1678_LIG,2025-03-01,136,35865.84,97226.4,principal
SKU_1678_MAG,2025-03-01,137,36129.56,97941.3,principal
SKU_1679_SHO,2025-03-01,155,53392.76,142584.5,principal
SKU_1679_GAR,2025-03-01,0,0.0,0.0,principal
SKU_1680_NAV,2025-03-01,410,45449.28,137309.0,principal
SKU_1680_SEA,2025-03-01,435,48220.58,145681.5,principal
SKU_1681_OFF,2025-03-01,281,21729.47,66006.9,principal
SKU_1681_PIS,2025-03-01,202,15620.47,47449.8,principal
SKU_1682_OLI,2025-03-01,415,38134.19,97483.5,principal
SKU_1682_BIR,2025-03-01,416,38226.08,97718.4,principal
SKU_1683_PAL,2025-03-01,206,25737.59,64869.4,principal
SKU_1683_SHO,2025-03-01,211,26362.29,66443.9,principal
SKU_1684_HON,2025-03-01,396,24235.95,73220.4,principal
SKU_1684_SHO,2025-03-01,287,17564.95,53066.3,principal
SKU_1685_COB,2025-03-01,255,56120.88,169549.5,principal
SKU_1685_BIR,2025-03-01,216,47537.69,143618.4,principal
SKU_1686_MOS,2025-03-01,260,17517.23,55874.0,principal
SKU_1686_SKY,2025-03-01,194,13070.55,41690.6,principal
SKU_1687_FOR,2025-03-01,222,62696.27,199777.8,principal
SKU_1687_WHI,2025-03-01,473,133582.59,425652.7,principal
SKU_1688_WHI,2025-03-01,219,27707.79,94148.1,principal
SKU_1688_LIG,2025-03-01,310,39221.07,133269.0,principal
SKU_1689_MAG,2025-03-01,204,64366.55,196839.6,principal
SKU_1689_IVO,2025-03-01,201,63419.98,193944.9,principal
SKU_1690_MAG,2025-03-01,186,35790.19,100421.4,principal
SKU_1690_MYS,2025-03-01,390,75043.94,210561.0,principal
SKU_1691_HUN,2025-03-01,249,25402.75,77165.1,principal
SKU_1691_ROS,2025-03-01,275,28055.25,85222.5,principal
SKU_1692_OLI,2025-03-01,211,15358.04,46398.9,principal
SKU_1692_BLU,2025-03-01,210,15285.25,46179.0,principal
SKU_1693_MEX,2025-03-01,465,31537.18,95278.5,principal
SKU_1693_FLA,2025-03-01,267,18108.45,54708.3,principal
SKU_1694_PIS,2025-03-01,209,19363.2,58499.1,principal
SKU_1694_SER,2025-03-01,210,19455.85,58779.0,principal
SKU_1695_CRE,2025-03-01,203,13549.88,42609.7,principal
SKU_1695_LIM,2025-03-01,402,26832.78,84379.8,principal
SKU_1696_SER,2025-03-01,273,22694.57,76412.7,principal
SKU_1696_SHO,2025-03-01,298,24772.83,83410.2,principal
SKU_1697_PIS,2025-03-01,196,13056.84,43100.4,principal
SKU_1697_MIN,2025-03-01,282,18785.85,62011.8,principal
SKU_1698_PRI,2025-03-01,295,36455.09,123870.5,principal
SKU_1698_SNO,2025-03-01,231,28546.19,96996.9,principal
SKU_1699_CLO,2025-03-01,207,22330.6,68289.3,principal
SKU_1699_COB,2025-03-01,274,29558.38,90392.6,principal
SKU_1700_HUN,2025-03-01,398,109307.02,278560.2,principal
SKU_1700_PIS,2025-03-01,202,55477.43,141379.8,principal
SKU_1701_SPA,2025-03-01,208,26877.01,70699.2,principal
SKU_1701_BLU,2025-03-01,400,51686.55,135960.0,principal
SKU_1702_LIG,2025-03-01,308,63197.57,190929.2,principal
SKU_1702_COR,2025-03-01,313,64223.5,194028.7,principal
SKU_1703_PAS,2025-03-01,395,33902.14,106610.5,principal
SKU_1703_BLU,2025-03-01,454,38966.0,122534.6,principal
SKU_1704_BAB,2025-03-01,197,20980.15,65975.3,principal
SKU_1704_PEA,2025-03-01,263,28009.03,88078.7,principal
SKU_1705_SER,2025-03-01,407,55220.5,166829.3,principal
SKU_1705_JAD,2025-03-01,203,27542.41,83209.7,principal
SKU_1706_BLA,2025-03-01,433,25970.9,80061.7,principal
SKU_1706_JAD,2025-03-01,204,12235.71,37719.6,principal
SKU_1707_ARM,2025-03-01,409,30940.27,114479.1,principal
SKU_1707_SAP,2025-03-01,231,17474.82,64656.9,principal
SKU_1708_FLA,2025-03-01,424,22691.84,72037.6,principal
SKU_1708_FRE,2025-03-01,420,22477.77,71358.0,principal
SKU_1709_CRE,2025-03-01,446,27551.01,93615.4,principal
SKU_1709_MAR,2025-03-01,301,18593.84,63179.9,principal
SKU_1710_OLI,2025-03-01,279,67110.74,225962.1,principal
SKU_1710_MEX,2025-03-01,282,67832.36,228391.8,principal
SKU_1711_VAN,2025-03-01,411,155547.04,408903.9,principal
SKU_1711_ARM,2025-03-01,267,101048.81,265638.3,principal
SKU_1712_NAV,2025-03-01,466,27748.86,83833.4,principal
SKU_1712_MOS,2025-03-01,280,16673.13,50372.0,principal
SKU_1713_SAL,2025-03-01,287,47963.99,144906.3,principal
SKU_1713_SNO,2025-03-01,315,52643.4,159043.5,principal
SKU_1714_DEE,2025-03-01,248,24045.63,75615.2,principal
SKU_1714_MID,2025-03-01,424,41110.28,129277.6,principal
SKU_1715_HON,2025-03-01,406,28390.85,89279.4,principal
SKU_1715_JAD,2025-03-01,195,13636.0,42880.5,principal
SKU_1716_SAL,2025-03-01,252,13679.84,41554.8,principal
SKU_1717_MIN,2025-03-01,265,20304.6,68873.5,principal
SKU_1717_CRE,2025-03-01,407,31184.8,105779.3,principal
SKU_1718_DUS,2025-03-01,262,28878.37,96913.8,principal
SKU_1719_OFF,2025-03-01,281,25646.16,89891.9,principal
SKU_1719_WHI,2025-03-01,202,18436.03,64619.8,principal
SKU_1720_PAL,2025-03-01,207,13826.63,46554.3,principal
SKU_1720_PAS,2025-03-01,200,13359.06,44980.0,principal
SKU_1721_COR,2025-03-01,272,43446.55,114212.8,principal
SKU_1721_FRE,2025-03-01,440,70281.18,184756.0,principal
SKU_1722_AQU,2025-03-01,220,23659.22,71478.0,principal
SKU_1722_PAS,2025-03-01,396,42586.59,128660.4,principal
SKU_1723_MOS,2025-03-01,369,53118.25,160478.1,principal
SKU_1723_COB,2025-03-01,402,57868.66,174829.8,principal
SKU_1724_PIN,2025-03-01,291,103170.62,324435.9,principal
SKU_1724_PEA,2025-03-01,434,153869.58,483866.6,principal
SKU_1725_OFF,2025-03-01,193,15030.49,47265.7,principal
SKU_1726_PAS,2025-03-01,463,65525.19,199043.7,principal
SKU_1726_BUB,2025-03-01,409,57882.94,175829.1,principal
SKU_1727_LIG,2025-03-01,275,12828.24,42597.5,principal
SKU_1727_WHI,2025-03-01,406,18939.14,62889.4,principal
SKU_1728_MID,2025-03-01,265,27443.99,87423.5,principal
SKU_1729_FUC,2025-03-01,264,13588.89,46173.6,principal
SKU_1729_CLE,2025-03-01,440,22648.15,76956.0,principal
SKU_1730_OFF,2025-03-01,274,26032.82,87652.6,principal
SKU_1730_MIN,2025-03-01,213,20237.19,68138.7,principal
SKU_1731_ARM,2025-03-01,269,93107.88,244763.1,principal
SKU_1732_OFF,2025-03-01,215,78910.39,239703.5,principal
SKU_1732_WHI,2025-03-01,275,100931.9,306597.5,principal
SKU_1733_NAV,2025-03-01,301,34860.89,105319.9,principal
SKU_1733_SAG,2025-03-01,411,47600.75,143808.9,principal
SKU_1734_FRE,2025-03-01,218,24256.47,76278.2,principal
SKU_1734_BRI,2025-03-01,283,31488.9,99021.7,principal
SKU_1735_MOS,2025-03-01,464,41226.9,125233.6,principal
SKU_1735_COR,2025-03-01,442,39272.18,119295.8,principal
SKU_1736_PAS,2025-03-01,192,20535.76,62380.8,principal
SKU_1736_JAD,2025-03-01,278,29734.07,90322.2,principal
SKU_1737_DEE,2025-03-01,292,74412.37,224810.8,principal
SKU_1738_BLU,2025-03-01,196,12644.33,38200.4,principal
SKU_1738_ROY,2025-03-01,263,16966.63,51258.7,principal
SKU_1739_AQU,2025-03-01,427,35830.89,108842.3,principal
SKU_1739_MOS,2025-03-01,210,17621.75,53529.0,principal
SKU_1740_FRE,2025-03-01,216,15280.94,46418.4,principal
SKU_1740_OLI,2025-03-01,434,30703.36,93266.6,principal
SKU_1741_PEA,2025-03-01,439,34670.06,105316.1,principal
SKU_1741_PIN,2025-03-01,441,34828.01,105795.9,principal
SKU_1742_DEN,2025-03-01,216,18581.81,56138.4,principal
SKU_1743_DEE,2025-03-01,214,29936.07,94138.6,principal
SKU_1743_CLO,2025-03-01,274,38329.37,120532.6,principal
SKU_1744_LIG,2025-03-01,296,25812.7,78410.4,principal
SKU_1744_EME,2025-03-01,191,16656.17,50595.9,principal
SKU_1745_PEA,2025-03-01,213,28742.02,87308.7,principal
SKU_1745_FOR,2025-03-01,216,29146.84,88538.4,principal
SKU_1746_EME,2025-03-01,211,12496.07,37958.9,principal
SKU_1746_NAV,2025-03-01,216,12792.19,38858.4,principal
SKU_1747_FUC,2025-03-01,201,11179.26,35154.9,principal
SKU_1747_TEA,2025-03-01,256,14238.26,44774.4,principal
SKU_1748_BAB,2025-03-01,399,38021.17,123650.1,principal
SKU_1748_COB,2025-03-01,429,40879.9,132947.1,principal
SKU_1749_SNO,2025-03-01,379,38254.61,132612.1,principal
SKU_1749_BIR,2025-03-01,225,22710.52,78727.5,principal
SKU_1750_MIN,2025-03-01,257,25410.69,95064.3,principal
SKU_1750_SNO,2025-03-01,444,43900.18,164235.6,principal
SKU_1751_BLU,2025-03-01,409,40073.94,134929.1,principal
SKU_1751_MIN,2025-03-01,273,26748.62,90062.7,principal
SKU_1752_SNO,2025-03-01,415,63584.79,178408.5,principal
SKU_1752_SPA,2025-03-01,446,68334.5,191735.4,principal
SKU_1753_WHI,2025-03-01,202,60658.25,159559.8,principal
SKU_1753_PAL,2025-03-01,439,131826.6,346766.1,principal
SKU_1754_SER,2025-03-01,265,29814.33,90073.5,principal
SKU_1755_BIR,2025-03-01,390,42997.14,130611.0,principal
SKU_1755_AQU,2025-03-01,427,47076.36,143002.3,principal
SKU_1756_FLA,2025-03-01,194,11098.39,34900.6,principal
SKU_1756_BUB,2025-03-01,193,11041.18,34720.7,principal
SKU_1757_PIN,2025-03-01,208,17521.55,55099.2,principal
SKU_1757_TUR,2025-03-01,262,22070.41,69403.8,principal
SKU_1758_CLO,2025-03-01,283,13911.11,50911.7,principal
SKU_1758_HON,2025-03-01,196,9634.55,35260.4,principal
SKU_1759_CLE,2025-03-01,416,34144.98,112278.4,principal
SKU_1759_COB,2025-03-01,286,23474.68,77191.4,principal
SKU_1760_PAS,2025-03-01,196,14414.93,48980.4,principal
SKU_1760_OFF,2025-03-01,427,31403.96,106707.3,principal
SKU_1761_MOS,2025-03-01,218,76355.22,240868.2,principal
SKU_1761_SAP,2025-03-01,202,70751.17,223189.8,principal
SKU_1762_DEN,2025-03-01,193,17533.35,49195.7,principal
SKU_1762_BRI,2025-03-01,414,37610.39,105528.6,principal
SKU_1763_MAR,2025-03-01,271,26901.33,81272.9,principal
SKU_1763_HOT,2025-03-01,393,39011.89,117860.7,principal
SKU_1764_FUC,2025-03-01,417,32246.23,97953.3,principal
SKU_1764_MAR,2025-03-01,215,16625.75,50503.5,principal
SKU_1765_MYS,2025-03-01,256,21157.94,66534.4,principal
SKU_1765_PAS,2025-03-01,392,32398.09,101880.8,principal
SKU_1766_CLE,2025-03-01,405,50859.17,159934.5,principal
SKU_1766_MYS,2025-03-01,291,36543.26,114915.9,principal
SKU_1767_PRI,2025-03-01,200,13031.64,40980.0,principal
SKU_1767_FUC,2025-03-01,206,13422.59,42209.4,principal
SKU_1768_PEA,2025-03-01,210,39103.62,131229.0,principal
SKU_1768_MIN,2025-03-01,424,78952.07,264957.6,principal
SKU_1769_WHI,2025-03-01,232,21267.56,75376.8,principal
SKU_1769_EME,2025-03-01,275,25209.4,89347.5,principal
SKU_1770_JAD,2025-03-01,201,13008.03,44199.9,principal
SKU_1770_DEE,2025-03-01,272,17602.91,59812.8,principal
SKU_1771_PIN,2025-03-01,281,24340.87,74436.9,principal
SKU_1771_EME,2025-03-01,280,24254.24,74172.0,principal
SKU_1772_BLU,2025-03-01,192,31258.9,79660.8,principal
SKU_1773_OLI,2025-03-01,217,23209.69,70503.3,principal
SKU_1773_FRE,2025-03-01,215,22995.77,69853.5,principal
SKU_1774_COB,2025-03-01,266,17332.08,54503.4,principal
SKU_1774_MOS,2025-03-01,408,26584.55,83599.2,principal
SKU_1775_PAS,2025-03-01,435,40082.24,121756.5,principal
SKU_1775_PAL,2025-03-01,406,37410.09,113639.4,principal
SKU_1776_BIR,2025-03-01,434,47391.45,143176.6,principal
SKU_1776_PAS,2025-03-01,213,23258.94,70268.7,principal
SKU_1777_FRE,2025-03-01,211,16096.81,50618.9,principal
SKU_1778_MIN,2025-03-01,291,27441.85,82905.9,principal
SKU_1779_LIG,2025-03-01,299,21152.78,64255.1,principal
SKU_1779_MIN,2025-03-01,209,14785.72,44914.1,principal
SKU_1780_AQU,2025-03-01,287,31814.5,96116.3,principal
SKU_1780_LIG,2025-03-01,440,48774.84,147356.0,principal
SKU_1781_CLE,2025-03-01,408,16853.75,52999.2,principal
SKU_1781_AQU,2025-03-01,422,17432.06,54817.8,principal
SKU_1782_HUN,2025-03-01,208,17205.12,51979.2,principal
SKU_1783_EGR,2025-03-01,264,100734.0,316773.6,principal
SKU_1783_BAB,2025-03-01,435,165982.17,521956.5,principal
SKU_1784_EGR,2025-03-01,221,22669.49,68487.9,principal
SKU_1784_BLA,2025-03-01,285,29234.42,88321.5,principal
SKU_1785_HUN,2025-03-01,280,21805.9,68572.0,principal
SKU_1785_PAS,2025-03-01,292,22740.43,71510.8,principal
SKU_1786_TEA,2025-03-01,199,11785.39,35800.1,principal
SKU_1786_POW,2025-03-01,266,15753.34,47853.4,principal
SKU_1787_BAB,2025-03-01,815,75133.38,236268.5,principal
SKU_1787_BAB,2025-03-01,815,75133.38,236268.5,principal
SKU_1788_EME,2025-03-01,190,15716.21,47481.0,principal
SKU_1788_MYS,2025-03-01,277,22912.58,69222.3,principal
SKU_1789_SNO,2025-03-01,206,16920.01,55599.4,principal
SKU_1789_EME,2025-03-01,444,36468.37,119835.6,principal
SKU_1790_EGR,2025-03-01,252,18868.4,65494.8,principal
SKU_1790_ROY,2025-03-01,386,28901.59,100321.4,principal
SKU_1791_ARM,2025-03-01,207,14657.21,54834.3,principal
SKU_1791_IVO,2025-03-01,447,31651.07,118410.3,principal
SKU_1792_MIN,2025-03-01,270,35275.58,118773.0,principal
SKU_1792_AQU,2025-03-01,271,35406.23,119212.9,principal
SKU_1793_WHI,2025-03-01,190,12581.44,36081.0,principal
SKU_1794_FLA,2025-03-01,198,15809.5,41560.2,principal
SKU_1794_LIG,2025-03-01,194,15490.12,40720.6,principal
SKU_1795_RAS,2025-03-01,272,26853.77,81572.8,principal
SKU_1795_HUN,2025-03-01,426,42057.74,127757.4,principal
SKU_1796_OLI,2025-03-01,274,45542.38,138342.6,principal
SKU_1796_SHO,2025-03-01,211,35070.96,106533.9,principal
SKU_1797_GAR,2025-03-01,190,21009.0,72181.0,principal
SKU_1798_OFF,2025-03-01,253,33070.22,106234.7,principal
SKU_1798_MOS,2025-03-01,214,27972.44,89858.6,principal
SKU_1799_DEN,2025-03-01,204,16204.04,55059.6,principal
SKU_1799_POW,2025-03-01,441,35029.32,119025.9,principal
SKU_1800_SKY,2025-03-01,218,18122.41,61018.2,principal
SKU_1800_MOS,2025-03-01,434,36078.55,121476.6,principal
SKU_1801_MOS,2025-03-01,207,30451.93,77604.3,principal
SKU_1801_FLA,2025-03-01,217,31923.03,81353.3,principal
SKU_1000_COR,2025-04-01,0,0.0,0.0,principal
SKU_1000_EME,2025-04-01,134,8007.44,27456.6,principal
SKU_1000_ROY,2025-04-01,179,10696.51,36677.1,principal
SKU_1001_AQU,2025-04-01,92,23113.64,86470.8,principal
SKU_1001_SAP,2025-04-01,165,41453.82,155083.5,principal
SKU_1002_COR,2025-04-01,63,4839.17,14798.7,principal
SKU_1002_MYS,2025-04-01,59,4531.93,13859.1,principal
SKU_1003_SNO,2025-04-01,120,17182.41,43788.0,principal
SKU_1003_DUS,2025-04-01,160,22909.88,58384.0,principal
SKU_1004_FOR,2025-04-01,0,0.0,0.0,principal
SKU_1004_MEX,2025-04-01,97,11058.97,29090.3,principal
SKU_1005_OLI,2025-04-01,0,0.0,0.0,principal
SKU_1005_MYS,2025-04-01,0,0.0,0.0,principal
SKU_1006_MOS,2025-04-01,90,5434.94,17091.0,principal
SKU_1006_FOR,2025-04-01,81,4891.44,15381.9,principal
SKU_1007_COB,2025-04-01,148,13879.17,43645.2,principal
SKU_1007_FOR,2025-04-01,130,12191.17,38337.0,principal
SKU_1008_MEX,2025-04-01,146,15701.12,47435.4,principal
SKU_1008_WHI,2025-04-01,123,13227.65,39962.7,principal
SKU_1009_BAB,2025-04-01,169,24035.27,87018.1,principal
SKU_1009_MAG,2025-04-01,0,0.0,0.0,principal
SKU_1010_SNO,2025-04-01,120,13584.31,45588.0,principal
SKU_1010_BRI,2025-04-01,0,0.0,0.0,principal
SKU_1011_CER,2025-04-01,72,5001.93,18712.8,principal
SKU_1011_MIN,2025-04-01,54,3751.45,14034.6,principal
SKU_1012_VAN,2025-04-01,124,35719.48,120267.6,principal
SKU_1012_CLO,2025-04-01,157,45225.47,152274.3,principal
SKU_1013_LIG,2025-04-01,92,6295.92,16550.8,principal
SKU_1013_LIG,2025-04-01,92,6295.92,16550.8,principal
SKU_1014_FLA,2025-04-01,135,17869.53,53986.5,principal
SKU_1014_MIN,2025-04-01,155,20516.87,61984.5,principal
SKU_1015_ROY,2025-04-01,152,47036.69,142104.8,principal
SKU_1015_TUR,2025-04-01,51,15782.05,47679.9,principal
SKU_1016_HON,2025-04-01,55,3912.25,11819.5,principal
SKU_1016_SNO,2025-04-01,0,0.0,0.0,principal
SKU_1017_PAS,2025-04-01,164,7817.58,24583.6,principal
SKU_1017_BAL,2025-04-01,87,4147.13,13041.3,principal
SKU_1018_TEA,2025-04-01,158,6024.26,18944.2,principal
SKU_1018_ARM,2025-04-01,165,6291.15,19783.5,principal
SKU_1019_NAV,2025-04-01,65,5348.93,17218.5,principal
SKU_1019_GAR,2025-04-01,81,6665.59,21456.9,principal
SKU_1020_NAV,2025-04-01,54,3285.01,10794.6,principal
SKU_1020_LIG,2025-04-01,100,6083.36,19990.0,principal
SKU_1021_CRE,2025-04-01,87,6625.38,24786.3,principal
SKU_1021_PAS,2025-04-01,176,13403.06,50142.4,principal
SKU_1022_PAL,2025-04-01,142,14854.24,45425.8,principal
SKU_1022_DEN,2025-04-01,63,6590.26,20153.7,principal
SKU_1023_DEN,2025-04-01,142,15596.25,39745.8,principal
SKU_1023_FOR,2025-04-01,180,19769.9,50382.0,principal
SKU_1024_VAN,2025-04-01,165,13166.27,34633.5,principal
SKU_1024_DEN,2025-04-01,76,6064.46,15952.4,principal
SKU_1025_WHI,2025-04-01,119,18349.59,57703.1,principal
SKU_1025_MIN,2025-04-01,104,16036.61,50429.6,principal
SKU_1026_CLO,2025-04-01,0,0.0,0.0,principal
SKU_1026_SPA,2025-04-01,62,8468.27,25723.8,principal
SKU_1027_MAR,2025-04-01,189,25236.83,79361.1,principal
SKU_1027_BIR,2025-04-01,174,23233.91,73062.6,principal
SKU_1028_BLU,2025-04-01,99,19830.51,62360.1,principal
SKU_1028_AQU,2025-04-01,59,11818.18,37164.1,principal
SKU_1029_BLU,2025-04-01,179,13940.2,43837.1,principal
SKU_1029_BAL,2025-04-01,76,5918.74,18612.4,principal
SKU_1030_CRE,2025-04-01,92,19013.47,59790.8,principal
SKU_1030_DEN,2025-04-01,69,14260.11,44843.1,principal
SKU_1031_COR,2025-04-01,154,24207.55,73134.6,principal
SKU_1031_HON,2025-04-01,0,0.0,0.0,principal
SKU_1032_EME,2025-04-01,153,16780.76,52769.7,principal
SKU_1032_HON,2025-04-01,154,16890.44,53114.6,principal
SKU_1033_NAV,2025-04-01,164,33893.58,106583.6,principal
SKU_1033_LIM,2025-04-01,111,22940.17,72138.9,principal
SKU_1034_PAS,2025-04-01,87,6154.82,18696.3,principal
SKU_1034_PIS,2025-04-01,109,7711.21,23424.1,principal
SKU_1035_SAP,2025-04-01,172,35820.41,112642.8,principal
SKU_1035_FUC,2025-04-01,160,33321.31,104784.0,principal
SKU_1036_BIR,2025-04-01,80,19749.37,59992.0,principal
SKU_1036_MID,2025-04-01,88,21724.3,65991.2,principal
SKU_1037_PRI,2025-04-01,54,3604.4,11334.6,principal
SKU_1037_SPA,2025-04-01,107,7142.06,22459.3,principal
SKU_1038_LIG,2025-04-01,51,4133.97,12999.9,principal
SKU_1038_FLA,2025-04-01,116,9402.75,29568.4,principal
SKU_1039_ARM,2025-04-01,71,3640.3,10997.9,principal
SKU_1039_MIN,2025-04-01,87,4460.66,13476.3,principal
SKU_1040_BLA,2025-04-01,85,9145.21,29741.5,principal
SKU_1040_BAB,2025-04-01,85,9145.21,29741.5,principal
SKU_1041_EME,2025-04-01,106,6936.18,23309.4,principal
SKU_1041_SNO,2025-04-01,66,4318.75,14513.4,principal
SKU_1042_SEA,2025-04-01,124,11491.71,39047.6,principal
SKU_1042_EME,2025-04-01,163,15106.04,51328.7,principal
SKU_1043_SPA,2025-04-01,55,14291.49,48119.5,principal
SKU_1043_CER,2025-04-01,78,20267.93,68242.2,principal
SKU_1044_SER,2025-04-01,186,60841.71,159941.4,principal
SKU_1044_COR,2025-04-01,125,40888.24,107487.5,principal
SKU_1045_FOR,2025-04-01,50,4845.14,12745.0,principal
SKU_1045_BUB,2025-04-01,131,12694.26,33391.9,principal
SKU_1046_SNO,2025-04-01,0,0.0,0.0,principal
SKU_1046_PAS,2025-04-01,74,3916.59,11832.6,principal
SKU_1047_ROY,2025-04-01,168,11672.12,35263.2,principal
SKU_1047_DEE,2025-04-01,62,4307.57,13013.8,principal
SKU_1048_MAR,2025-04-01,146,11530.36,35025.4,principal
SKU_1048_PEA,2025-04-01,0,0.0,0.0,principal
SKU_1049_BAL,2025-04-01,153,38022.5,115499.7,principal
SKU_1049_LIG,2025-04-01,176,43738.3,132862.4,principal
SKU_1050_BUB,2025-04-01,0,0.0,0.0,principal
SKU_1050_PRI,2025-04-01,154,13693.84,46954.6,principal
SKU_1051_CLE,2025-04-01,126,28734.56,94487.4,principal
SKU_1051_LIG,2025-04-01,170,38768.86,127483.0,principal
SKU_1052_PAS,2025-04-01,142,13162.54,46135.8,principal
SKU_1052_FRE,2025-04-01,112,10381.72,36388.8,principal
SKU_1053_SHO,2025-04-01,0,0.0,0.0,principal
SKU_1053_NAV,2025-04-01,59,6171.83,18874.1,principal
SKU_1054_DEE,2025-04-01,105,13281.07,37264.5,principal
SKU_1054_PAS,2025-04-01,72,9107.02,25552.8,principal
SKU_1055_LIG,2025-04-01,188,70622.56,213361.2,principal
SKU_1055_PAL,2025-04-01,0,0.0,0.0,principal
SKU_1056_CRE,2025-04-01,135,10496.51,31711.5,principal
SKU_1056_OLI,2025-04-01,162,12595.81,38053.8,principal
SKU_1057_ROY,2025-04-01,58,3530.41,10724.2,principal
SKU_1057_SNO,2025-04-01,0,0.0,0.0,principal
SKU_1058_MID,2025-04-01,66,4090.56,12863.4,principal
SKU_1058_SHO,2025-04-01,122,7561.34,23777.8,principal
SKU_1059_PEA,2025-04-01,92,8773.87,27590.8,principal
SKU_1059_OFF,2025-04-01,156,14877.44,46784.4,principal
SKU_1060_CRE,2025-04-01,142,48444.87,157605.8,principal
SKU_1060_LIM,2025-04-01,59,20128.5,65484.1,principal
SKU_1061_PAS,2025-04-01,153,17694.95,62714.7,principal
SKU_1061_EGR,2025-04-01,60,6939.2,24594.0,principal
SKU_1062_OLI,2025-04-01,166,9467.22,33183.4,principal
SKU_1062_MID,2025-04-01,130,7414.09,25987.0,principal
SKU_1063_SNO,2025-04-01,111,6506.08,20523.9,principal
SKU_1063_SAP,2025-04-01,60,3516.8,11094.0,principal
SKU_1064_PRI,2025-04-01,100,6768.04,18990.0,principal
SKU_1064_BIR,2025-04-01,140,9475.25,26586.0,principal
SKU_1065_CLE,2025-04-01,141,29934.45,90930.9,principal
SKU_1065_COB,2025-04-01,126,26749.94,81257.4,principal
SKU_1066_IVO,2025-04-01,173,10301.61,31122.7,principal
SKU_1066_WHI,2025-04-01,80,4763.75,14392.0,principal
SKU_1067_EME,2025-04-01,79,6654.82,20927.1,principal
SKU_1067_WHI,2025-04-01,74,6233.63,19602.6,principal
SKU_1068_COR,2025-04-01,75,19733.39,59617.5,principal
SKU_1068_BAL,2025-04-01,0,0.0,0.0,principal
SKU_1069_OLI,2025-04-01,0,0.0,0.0,principal
SKU_1069_CRE,2025-04-01,88,15434.93,46631.2,principal
SKU_1070_LIG,2025-04-01,0,0.0,0.0,principal
SKU_1070_MID,2025-04-01,153,17466.77,52769.7,principal
SKU_1071_BAB,2025-04-01,176,15637.79,47502.4,principal
SKU_1071_SKY,2025-04-01,146,12972.26,39405.4,principal
SKU_1072_PAS,2025-04-01,152,23138.49,69904.8,principal
SKU_1072_CER,2025-04-01,133,20246.18,61166.7,principal
SKU_1073_FRE,2025-04-01,91,9635.71,29110.9,principal
SKU_1073_BLU,2025-04-01,116,12282.88,37108.4,principal
SKU_1074_JAD,2025-04-01,137,9241.07,28071.3,principal
SKU_1074_PRI,2025-04-01,174,11736.84,35652.6,principal
SKU_1075_NAV,2025-04-01,101,9311.01,29279.9,principal
SKU_1075_LIG,2025-04-01,166,15303.24,48123.4,principal
SKU_1076_BLU,2025-04-01,0,0.0,0.0,principal
SKU_1076_POW,2025-04-01,140,9904.31,30086.0,principal
SKU_1077_NAV,2025-04-01,65,4752.03,14943.5,principal
SKU_1077_MAR,2025-04-01,84,6141.09,19311.6,principal
SKU_1078_GAR,2025-04-01,0,0.0,0.0,principal
SKU_1078_BLU,2025-04-01,161,15866.26,49893.9,principal
SKU_1079_BAB,2025-04-01,103,9321.2,28314.7,principal
SKU_1079_JAD,2025-04-01,153,13846.05,42059.7,principal
SKU_1080_TEA,2025-04-01,109,16460.98,51764.1,principal
SKU_1080_MAR,2025-04-01,72,10873.31,34192.8,principal
SKU_1081_EGR,2025-04-01,58,5096.24,16234.2,principal
SKU_1081_PAS,2025-04-01,125,10983.28,34987.5,principal
SKU_1082_PIN,2025-04-01,156,10068.58,32744.4,principal
SKU_1082_LIG,2025-04-01,172,11101.25,36102.8,principal
SKU_1083_OFF,2025-04-01,56,7579.52,25754.4,principal
SKU_1083_BAB,2025-04-01,133,18001.36,61166.7,principal
SKU_1084_DUS,2025-04-01,63,20392.93,62363.7,principal
SKU_1084_PAS,2025-04-01,81,26219.48,80181.9,principal
SKU_1085_COB,2025-04-01,114,18618.18,56988.6,principal
SKU_1085_CRE,2025-04-01,84,13718.66,41991.6,principal
SKU_1086_PRI,2025-04-01,177,15620.38,39807.3,principal
SKU_1086_CRE,2025-04-01,72,6354.05,16192.8,principal
SKU_1087_BIR,2025-04-01,84,12158.91,31491.6,principal
SKU_1087_SNO,2025-04-01,142,20554.34,53235.8,principal
SKU_1088_CER,2025-04-01,130,30594.86,92937.0,principal
SKU_1088_HON,2025-04-01,141,33183.66,100800.9,principal
SKU_1089_GAR,2025-04-01,180,17545.68,60282.0,principal
SKU_1089_EGR,2025-04-01,120,11697.12,40188.0,principal
SKU_1090_PAL,2025-04-01,175,7580.7,23607.5,principal
SKU_1090_WHI,2025-04-01,88,3812.01,11871.2,principal
SKU_1091_OFF,2025-04-01,65,5471.23,20468.5,principal
SKU_1091_MOS,2025-04-01,126,10605.77,39677.4,principal
SKU_1092_TUR,2025-04-01,142,15318.58,46845.8,principal
SKU_1092_MIN,2025-04-01,186,20065.18,61361.4,principal
SKU_1093_GAR,2025-04-01,0,0.0,0.0,principal
SKU_1093_TEA,2025-04-01,83,34459.14,96686.7,principal
SKU_1094_FOR,2025-04-01,80,7143.97,18792.0,principal
SKU_1094_DEE,2025-04-01,179,15984.63,42047.1,principal
SKU_1095_COB,2025-04-01,139,18527.74,56281.1,principal
SKU_1095_MAG,2025-04-01,0,0.0,0.0,principal
SKU_1096_HOT,2025-04-01,139,12807.89,38906.1,principal
SKU_1096_CLE,2025-04-01,53,4883.58,14834.7,principal
SKU_1097_AQU,2025-04-01,0,0.0,0.0,principal
SKU_1097_PAL,2025-04-01,126,8962.62,27077.4,principal
SKU_1098_HON,2025-04-01,0,0.0,0.0,principal
SKU_1098_HUN,2025-04-01,161,18380.07,55528.9,principal
SKU_1099_SAL,2025-04-01,61,4564.04,15243.9,principal
SKU_1099_PRI,2025-04-01,84,6284.91,20991.6,principal
SKU_1100_PEA,2025-04-01,78,3940.29,14422.2,principal
SKU_1100_COB,2025-04-01,0,0.0,0.0,principal
SKU_1101_CLE,2025-04-01,0,0.0,0.0,principal
SKU_1101_DEE,2025-04-01,120,13308.33,49788.0,principal
SKU_1102_FLA,2025-04-01,189,54443.4,183311.1,principal
SKU_1102_OFF,2025-04-01,136,39176.2,131906.4,principal
SKU_1103_EGR,2025-04-01,73,3607.22,9482.7,principal
SKU_1103_LIG,2025-04-01,51,2520.11,6624.9,principal
SKU_1104_POW,2025-04-01,73,4346.92,13132.7,principal
SKU_1104_MEX,2025-04-01,118,7026.53,21228.2,principal
SKU_1105_ARM,2025-04-01,0,0.0,0.0,principal
SKU_1105_SER,2025-04-01,172,11601.93,35242.8,principal
SKU_1106_MYS,2025-04-01,118,29264.97,92028.2,principal
SKU_1106_SNO,2025-04-01,78,19344.64,60832.2,principal
SKU_1107_BAL,2025-04-01,148,48473.12,147245.2,principal
SKU_1107_PAS,2025-04-01,52,17031.1,51734.8,principal
SKU_1108_PRI,2025-04-01,115,9512.44,28738.5,principal
SKU_1108_SNO,2025-04-01,97,8023.54,24240.3,principal
SKU_1109_SAG,2025-04-01,0,0.0,0.0,principal
SKU_1109_CER,2025-04-01,187,11790.36,42991.3,principal
SKU_1110_FLA,2025-04-01,157,9913.86,36094.3,principal
SKU_1110_HUN,2025-04-01,0,0.0,0.0,principal
SKU_1111_CRE,2025-04-01,46,2580.89,9655.4,principal
SKU_1111_BLU,2025-04-01,83,4656.82,17421.7,principal
SKU_1112_MIN,2025-04-01,110,8980.98,30239.0,principal
SKU_1112_EGR,2025-04-01,89,7266.43,24466.1,principal
SKU_1113_VAN,2025-04-01,0,0.0,0.0,principal
SKU_1113_OLI,2025-04-01,0,0.0,0.0,principal
SKU_1114_GAR,2025-04-01,91,12045.39,36390.9,principal
SKU_1114_PRI,2025-04-01,131,17340.06,52386.9,principal
SKU_1115_LIM,2025-04-01,135,9602.81,29011.5,principal
SKU_1115_TEA,2025-04-01,0,0.0,0.0,principal
SKU_1116_MOS,2025-04-01,92,7265.71,22070.8,principal
SKU_1116_SNO,2025-04-01,106,8371.36,25429.4,principal
SKU_1117_MOS,2025-04-01,113,8224.92,24848.7,principal
SKU_1117_MIN,2025-04-01,159,11573.12,34964.1,principal
SKU_1118_FUC,2025-04-01,111,10834.92,32733.9,principal
SKU_1118_DUS,2025-04-01,76,7418.5,22412.4,principal
SKU_1119_PAS,2025-04-01,63,2901.47,8813.7,principal
SKU_1119_LIG,2025-04-01,0,0.0,0.0,principal
SKU_1120_AQU,2025-04-01,76,5797.9,18232.4,principal
SKU_1120_SAL,2025-04-01,141,10756.64,33825.9,principal
SKU_1121_MYS,2025-04-01,126,10365.65,31487.4,principal
SKU_1121_MIN,2025-04-01,158,12998.2,39484.2,principal
SKU_1122_ROY,2025-04-01,93,13079.7,39515.7,principal
SKU_1122_PIS,2025-04-01,178,25034.26,75632.2,principal
SKU_1123_BAB,2025-04-01,72,10245.38,30952.8,principal
SKU_1123_SER,2025-04-01,0,0.0,0.0,principal
SKU_1124_BLU,2025-04-01,172,21510.85,65342.8,principal
SKU_1124_FOR,2025-04-01,137,17133.64,52046.3,principal
SKU_1125_MIN,2025-04-01,151,7948.5,24144.9,principal
SKU_1125_SAP,2025-04-01,86,4526.96,13751.4,principal
SKU_1126_WHI,2025-04-01,145,32871.78,99310.5,principal
SKU_1126_WHI,2025-04-01,145,32871.78,99310.5,principal
SKU_1127_SAL,2025-04-01,158,10397.52,31584.2,principal
SKU_1127_BLU,2025-04-01,68,4474.88,13593.2,principal
SKU_1128_PRI,2025-04-01,141,19026.41,57795.9,principal
SKU_1128_TEA,2025-04-01,0,0.0,0.0,principal
SKU_1129_VAN,2025-04-01,123,15670.43,47342.7,principal
SKU_1129_SAG,2025-04-01,78,9937.35,30022.2,principal
SKU_1130_CRE,2025-04-01,50,3701.48,12495.0,principal
SKU_1130_MEX,2025-04-01,123,9105.63,30737.7,principal
SKU_1131_CLO,2025-04-01,147,39847.97,130080.3,principal
SKU_1131_JAD,2025-04-01,63,17077.7,55748.7,principal
SKU_1132_NAV,2025-04-01,0,0.0,0.0,principal
SKU_1132_CLE,2025-04-01,181,9316.63,31656.9,principal
SKU_1133_MOS,2025-04-01,78,21078.74,70972.2,principal
SKU_1133_PEA,2025-04-01,158,42697.97,143764.2,principal
SKU_1134_DUS,2025-04-01,68,6001.05,15293.2,principal
SKU_1134_PIN,2025-04-01,163,14384.87,36658.7,principal
SKU_1135_ROS,2025-04-01,118,8070.11,21228.2,principal
SKU_1135_MAR,2025-04-01,82,5608.04,14751.8,principal
SKU_1136_SNO,2025-04-01,113,9296.18,28238.7,principal
SKU_1136_FUC,2025-04-01,60,4936.02,14994.0,principal
SKU_1137_DEE,2025-04-01,71,9141.83,28747.9,principal
SKU_1137_PAL,2025-04-01,149,19184.97,60330.1,principal
SKU_1138_PEA,2025-04-01,155,11085.32,34859.5,principal
SKU_1138_HON,2025-04-01,124,8868.26,27887.6,principal
SKU_1139_PRI,2025-04-01,111,10651.22,32178.9,principal
SKU_1139_EGR,2025-04-01,140,13433.97,40586.0,principal
SKU_1140_SNO,2025-04-01,149,8905.58,29785.1,principal
SKU_1140_ROS,2025-04-01,0,0.0,0.0,principal
SKU_1141_SKY,2025-04-01,73,8060.79,26637.7,principal
SKU_1141_CLE,2025-04-01,183,20207.18,66776.7,principal
SKU_1142_MIN,2025-04-01,86,7813.55,29231.4,principal
SKU_1142_PAS,2025-04-01,77,6995.86,26172.3,principal
SKU_1143_IVO,2025-04-01,131,8348.93,25531.9,principal
SKU_1143_SNO,2025-04-01,58,3696.47,11304.2,principal
SKU_1144_SEA,2025-04-01,147,18447.61,48495.3,principal
SKU_1144_BUB,2025-04-01,178,22337.92,58722.2,principal
SKU_1145_MOS,2025-04-01,115,17125.44,51738.5,principal
SKU_1145_LIG,2025-04-01,0,0.0,0.0,principal
SKU_1146_FRE,2025-04-01,61,9436.16,28663.9,principal
SKU_1146_CER,2025-04-01,134,20728.6,62966.6,principal
SKU_1147_COR,2025-04-01,182,21078.68,63681.8,principal
SKU_1147_MEX,2025-04-01,0,0.0,0.0,principal
SKU_1148_TEA,2025-04-01,88,12667.77,38271.2,principal
SKU_1148_SPA,2025-04-01,160,23032.3,69584.0,principal
SKU_1149_IVO,2025-04-01,108,5491.61,17269.2,principal
SKU_1149_OLI,2025-04-01,127,6457.72,20307.3,principal
SKU_1150_SAG,2025-04-01,135,26870.12,85711.5,principal
SKU_1150_VAN,2025-04-01,171,34035.48,108567.9,principal
SKU_1151_CRE,2025-04-01,128,31653.16,103667.2,principal
SKU_1151_JAD,2025-04-01,131,32395.03,106096.9,principal
SKU_1152_CLO,2025-04-01,176,47745.77,178622.4,principal
SKU_1152_WHI,2025-04-01,108,29298.54,109609.2,principal
SKU_1153_PEA,2025-04-01,167,18594.67,62608.3,principal
SKU_1153_MOS,2025-04-01,68,7571.48,25493.2,principal
SKU_1154_VAN,2025-04-01,93,19520.21,49745.7,principal
SKU_1154_PEA,2025-04-01,116,24347.79,62048.4,principal
SKU_1155_ARM,2025-04-01,146,43009.55,113135.4,principal
SKU_1155_BAB,2025-04-01,99,29164.01,76715.1,principal
SKU_1156_FLA,2025-04-01,162,14676.91,46153.8,principal
SKU_1156_EGR,2025-04-01,91,8244.44,25925.9,principal
SKU_1157_DEE,2025-04-01,128,8001.93,24307.2,principal
SKU_1157_PAS,2025-04-01,106,6626.6,20129.4,principal
SKU_1158_AQU,2025-04-01,168,36857.22,115903.2,principal
SKU_1158_MYS,2025-04-01,96,21061.27,66230.4,principal
SKU_1159_PAS,2025-04-01,95,5656.96,17090.5,principal
SKU_1159_PRI,2025-04-01,103,6133.33,18529.7,principal
SKU_1160_DUS,2025-04-01,157,10648.04,32169.3,principal
SKU_1160_LIM,2025-04-01,57,3865.85,11679.3,principal
SKU_1161_MEX,2025-04-01,87,12235.85,36966.3,principal
SKU_1161_DUS,2025-04-01,0,0.0,0.0,principal
SKU_1162_HOT,2025-04-01,169,40838.55,128423.1,principal
SKU_1162_BUB,2025-04-01,163,39388.66,123863.7,principal
SKU_1163_HUN,2025-04-01,140,11517.39,34986.0,principal
SKU_1163_SPA,2025-04-01,141,11599.66,35235.9,principal
SKU_1164_BRI,2025-04-01,166,10552.32,33183.4,principal
SKU_1164_MIN,2025-04-01,81,5149.02,16191.9,principal
SKU_1165_HUN,2025-04-01,0,0.0,0.0,principal
SKU_1165_MAR,2025-04-01,169,18266.91,57443.1,principal
SKU_1166_PIS,2025-04-01,85,16350.45,51416.5,principal
SKU_1166_FRE,2025-04-01,145,27891.94,87710.5,principal
SKU_1167_WHI,2025-04-01,105,24872.21,78214.5,principal
SKU_1167_JAD,2025-04-01,85,20134.65,63316.5,principal
SKU_1168_GAR,2025-04-01,140,35213.77,106386.0,principal
SKU_1168_BLU,2025-04-01,0,0.0,0.0,principal
SKU_1169_BUB,2025-04-01,124,7882.46,24787.6,principal
SKU_1169_MEX,2025-04-01,132,8391.0,26386.8,principal
SKU_1170_GAR,2025-04-01,110,32406.12,98439.0,principal
SKU_1170_OFF,2025-04-01,65,19149.07,58168.5,principal
SKU_1171_MIN,2025-04-01,68,3849.39,12573.2,principal
SKU_1171_EME,2025-04-01,128,7245.92,23667.2,principal
SKU_1172_ARM,2025-04-01,51,5632.31,18354.9,principal
SKU_1172_PIN,2025-04-01,53,5853.19,19074.7,principal
SKU_1173_GAR,2025-04-01,57,4946.98,16809.3,principal
SKU_1173_AQU,2025-04-01,61,5294.13,17988.9,principal
SKU_1174_PEA,2025-04-01,92,6121.52,19310.8,principal
SKU_1174_BLU,2025-04-01,79,5256.53,16582.1,principal
SKU_1175_FUC,2025-04-01,58,5114.23,15654.2,principal
SKU_1175_CLE,2025-04-01,77,6789.58,20782.3,principal
SKU_1176_GAR,2025-04-01,183,22617.33,59456.7,principal
SKU_1176_NAV,2025-04-01,165,20392.67,53608.5,principal
SKU_1177_MIN,2025-04-01,157,12399.09,37664.3,principal
SKU_1177_PEA,2025-04-01,97,7660.58,23270.3,principal
SKU_1178_RAS,2025-04-01,159,16174.78,50864.1,principal
SKU_1178_MID,2025-04-01,118,12003.93,37748.2,principal
SKU_1179_TUR,2025-04-01,123,13294.85,41807.7,principal
SKU_1179_VAN,2025-04-01,157,16969.85,53364.3,principal
SKU_1180_ROY,2025-04-01,147,22440.86,77895.3,principal
SKU_1180_AQU,2025-04-01,92,14044.62,48750.8,principal
SKU_1181_AQU,2025-04-01,169,15170.5,48993.1,principal
SKU_1181_SER,2025-04-01,116,10412.89,33628.4,principal
SKU_1182_BIR,2025-04-01,106,26870.94,89029.4,principal
SKU_1182_PIN,2025-04-01,112,28391.94,94068.8,principal
SKU_1183_POW,2025-04-01,107,23194.14,69539.3,principal
SKU_1183_MOS,2025-04-01,162,35116.36,105283.8,principal
SKU_1184_HOT,2025-04-01,128,15249.11,43507.2,principal
SKU_1184_BAB,2025-04-01,0,0.0,0.0,principal
SKU_1185_BAL,2025-04-01,76,28479.29,75232.4,principal
SKU_1185_MAG,2025-04-01,122,45716.75,120767.8,principal
SKU_1186_FLA,2025-04-01,0,0.0,0.0,principal
SKU_1186_MEX,2025-04-01,151,23606.9,71709.9,principal
SKU_1187_JAD,2025-04-01,79,8103.58,24482.1,principal
SKU_1187_OLI,2025-04-01,108,11078.31,33469.2,principal
SKU_1188_TEA,2025-04-01,57,4526.19,13674.3,principal
SKU_1188_BAB,2025-04-01,63,5002.63,15113.7,principal
SKU_1189_FUC,2025-04-01,0,0.0,0.0,principal
SKU_1189_ROY,2025-04-01,176,13684.33,41342.4,principal
SKU_1190_TEA,2025-04-01,87,14669.37,50451.3,principal
SKU_1190_MAG,2025-04-01,120,20233.62,69588.0,principal
SKU_1191_MIN,2025-04-01,52,2993.03,9614.8,principal
SKU_1191_MYS,2025-04-01,118,6791.87,21818.2,principal
SKU_1192_MAR,2025-04-01,79,5087.08,18557.1,principal
SKU_1192_RAS,2025-04-01,0,0.0,0.0,principal
SKU_1193_CLE,2025-04-01,108,15185.9,48049.2,principal
SKU_1193_ROS,2025-04-01,66,9280.27,29363.4,principal
SKU_1194_FLA,2025-04-01,105,8097.66,23089.5,principal
SKU_1194_SAG,2025-04-01,90,6940.85,19791.0,principal
SKU_1195_HUN,2025-04-01,114,18264.54,53568.6,principal
SKU_1195_SAL,2025-04-01,0,0.0,0.0,principal
SKU_1196_PEA,2025-04-01,0,0.0,0.0,principal
SKU_1196_RAS,2025-04-01,0,0.0,0.0,principal
SKU_1197_ROS,2025-04-01,95,24859.7,75515.5,principal
SKU_1197_COR,2025-04-01,57,14915.82,45309.3,principal
SKU_1198_SEA,2025-04-01,126,13418.77,42197.4,principal
SKU_1198_SAL,2025-04-01,64,6815.88,21433.6,principal
SKU_1199_PAL,2025-04-01,133,7652.83,27916.7,principal
SKU_1199_TEA,2025-04-01,114,6559.57,23928.6,principal
SKU_1200_MID,2025-04-01,176,9375.52,31662.4,principal
SKU_1200_PAS,2025-04-01,134,7138.18,24106.6,principal
SKU_1201_BIR,2025-04-01,0,0.0,0.0,principal
SKU_1201_SAG,2025-04-01,153,23631.83,74189.7,principal
SKU_1202_LIG,2025-04-01,160,47448.82,130384.0,principal
SKU_1202_CLE,2025-04-01,152,45076.38,123864.8,principal
SKU_1203_OFF,2025-04-01,0,0.0,0.0,principal
SKU_1203_FLA,2025-04-01,101,27889.34,76749.9,principal
SKU_1204_AQU,2025-04-01,44,5939.67,15395.6,principal
SKU_1204_MIN,2025-04-01,138,18628.96,48286.2,principal
SKU_1205_RAS,2025-04-01,109,28679.2,86644.1,principal
SKU_1205_COR,2025-04-01,82,21575.18,65181.8,principal
SKU_1206_HUN,2025-04-01,133,18265.14,55181.7,principal
SKU_1206_BLA,2025-04-01,53,7278.59,21989.7,principal
SKU_1207_POW,2025-04-01,113,37939.87,115248.7,principal
SKU_1207_BLA,2025-04-01,67,22495.32,68333.3,principal
SKU_1208_PAS,2025-04-01,84,20587.27,54171.6,principal
SKU_1208_MOS,2025-04-01,84,20587.27,54171.6,principal
SKU_1209_BLA,2025-04-01,117,12628.14,32748.3,principal
SKU_1209_DUS,2025-04-01,94,10145.68,26310.6,principal
SKU_1210_SHO,2025-04-01,112,8977.25,22948.8,principal
SKU_1210_WHI,2025-04-01,146,11702.49,29915.4,principal
SKU_1211_GAR,2025-04-01,169,17797.57,54063.1,principal
SKU_1211_CRE,2025-04-01,179,18850.68,57262.1,principal
SKU_1212_COB,2025-04-01,179,12517.15,39362.1,principal
SKU_1212_SNO,2025-04-01,97,6783.04,21330.3,principal
SKU_1213_MAG,2025-04-01,95,27361.62,83115.5,principal
SKU_1213_POW,2025-04-01,81,23329.38,70866.9,principal
SKU_1214_BLA,2025-04-01,113,10624.55,33888.7,principal
SKU_1214_RAS,2025-04-01,119,11188.68,35688.1,principal
SKU_1215_MAG,2025-04-01,130,8971.46,28587.0,principal
SKU_1215_BRI,2025-04-01,63,4347.71,13853.7,principal
SKU_1216_WHI,2025-04-01,170,25896.83,96883.0,principal
SKU_1216_CRE,2025-04-01,171,26049.16,97452.9,principal
SKU_1217_ROS,2025-04-01,106,27550.28,86909.4,principal
SKU_1217_RAS,2025-04-01,95,24691.29,77890.5,principal
SKU_1218_BLU,2025-04-01,103,26469.22,67454.7,principal
SKU_1218_SNO,2025-04-01,50,12849.14,32745.0,principal
SKU_1219_MAR,2025-04-01,129,19366.15,50942.1,principal
SKU_1219_LIM,2025-04-01,0,0.0,0.0,principal
SKU_1220_TUR,2025-04-01,87,8780.21,26526.3,principal
SKU_1220_HOT,2025-04-01,56,5651.63,17074.4,principal
SKU_1221_SAG,2025-04-01,121,28277.48,88922.9,principal
SKU_1221_PAL,2025-04-01,0,0.0,0.0,principal
SKU_1222_PAS,2025-04-01,101,28092.25,85334.9,principal
SKU_1222_HON,2025-04-01,115,31986.22,97163.5,principal
SKU_1223_TEA,2025-04-01,176,8395.39,25502.4,principal
SKU_1223_BLA,2025-04-01,87,4149.99,12606.3,principal
SKU_1224_OLI,2025-04-01,0,0.0,0.0,principal
SKU_1224_ARM,2025-04-01,61,8276.01,25308.9,principal
SKU_1225_POW,2025-04-01,112,7291.4,24068.8,principal
SKU_1225_IVO,2025-04-01,171,11132.41,36747.9,principal
SKU_1226_PAL,2025-04-01,166,22964.77,80493.4,principal
SKU_1226_LIG,2025-04-01,135,18676.17,65461.5,principal
SKU_1227_CLO,2025-04-01,117,13896.13,46788.3,principal
SKU_1227_PAS,2025-04-01,137,16271.53,54786.3,principal
SKU_1228_WHI,2025-04-01,173,19679.92,50152.7,principal
SKU_1228_SPA,2025-04-01,83,9441.81,24061.7,principal
SKU_1229_SAL,2025-04-01,79,22363.25,67932.1,principal
SKU_1229_CLO,2025-04-01,143,40480.31,122965.7,principal
SKU_1230_ROS,2025-04-01,118,15534.36,47188.2,principal
SKU_1230_NAV,2025-04-01,134,17640.71,53586.6,principal
SKU_1231_LIG,2025-04-01,134,21285.48,64306.6,principal
SKU_1231_BIR,2025-04-01,0,0.0,0.0,principal
SKU_1232_AQU,2025-04-01,54,6343.48,19164.6,principal
SKU_1232_FOR,2025-04-01,0,0.0,0.0,principal
SKU_1233_JAD,2025-04-01,93,7344.68,22310.7,principal
SKU_1233_SEA,2025-04-01,140,11056.51,33586.0,principal
SKU_1234_MOS,2025-04-01,62,4120.94,12703.8,principal
SKU_1234_SAL,2025-04-01,0,0.0,0.0,principal
SKU_1235_HUN,2025-04-01,0,0.0,0.0,principal
SKU_1235_COR,2025-04-01,143,19383.94,67195.7,principal
SKU_1236_DEE,2025-04-01,100,17666.9,56990.0,principal
SKU_1236_LIM,2025-04-01,185,32683.76,105431.5,principal
SKU_1237_BAB,2025-04-01,100,28527.15,99990.0,principal
SKU_1237_GAR,2025-04-01,171,48781.42,170982.9,principal
SKU_1238_SAP,2025-04-01,134,19535.63,61626.6,principal
SKU_1238_TUR,2025-04-01,0,0.0,0.0,principal
SKU_1239_BAB,2025-04-01,56,6601.61,17354.4,principal
SKU_1239_MID,2025-04-01,58,6837.39,17974.2,principal
SKU_1240_PAL,2025-04-01,192,63200.08,191980.8,principal
SKU_1240_MOS,2025-04-01,0,0.0,0.0,principal
SKU_1241_BAL,2025-04-01,66,7819.62,23753.4,principal
SKU_1241_FLA,2025-04-01,69,8175.06,24833.1,principal
SKU_1242_AQU,2025-04-01,167,16723.08,52588.3,principal
SKU_1242_SKY,2025-04-01,167,16723.08,52588.3,principal
SKU_1243_SNO,2025-04-01,87,7052.39,21306.3,principal
SKU_1243_PIN,2025-04-01,178,14429.02,43592.2,principal
SKU_1244_COB,2025-04-01,178,16409.5,51602.2,principal
SKU_1244_GAR,2025-04-01,85,7836.0,24641.5,principal
SKU_1245_COB,2025-04-01,87,5383.61,18261.3,principal
SKU_1245_SNO,2025-04-01,0,0.0,0.0,principal
SKU_1246_PAL,2025-04-01,116,9550.3,34208.4,principal
SKU_1246_COR,2025-04-01,78,6421.75,23002.2,principal
SKU_1247_SAP,2025-04-01,56,2874.23,10074.4,principal
SKU_1247_SKY,2025-04-01,124,6364.36,22307.6,principal
SKU_1248_AQU,2025-04-01,58,3222.32,9854.2,principal
SKU_1248_SAG,2025-04-01,86,4777.93,14611.4,principal
SKU_1249_WHI,2025-04-01,97,9958.99,26180.3,principal
SKU_1249_ARM,2025-04-01,154,15811.17,41564.6,principal
SKU_1250_AQU,2025-04-01,83,7101.4,21571.7,principal
SKU_1250_BAB,2025-04-01,105,8983.7,27289.5,principal
SKU_1251_SHO,2025-04-01,67,20289.68,61633.3,principal
SKU_1251_COB,2025-04-01,0,0.0,0.0,principal
SKU_1252_NAV,2025-04-01,108,7723.97,24289.2,principal
SKU_1252_FLA,2025-04-01,74,5292.35,16642.6,principal
SKU_1253_SEA,2025-04-01,181,21444.71,65141.9,principal
SKU_1253_FRE,2025-04-01,114,13506.62,41028.6,principal
SKU_1254_SEA,2025-04-01,0,0.0,0.0,principal
SKU_1254_BAB,2025-04-01,45,2828.56,8545.5,principal
SKU_1255_VAN,2025-04-01,42,6261.4,20155.8,principal
SKU_1255_SHO,2025-04-01,178,26536.41,85422.2,principal
SKU_1256_SEA,2025-04-01,157,31051.08,102034.3,principal
SKU_1256_MID,2025-04-01,176,34808.85,114382.4,principal
SKU_1257_SPA,2025-04-01,86,5027.39,17621.4,principal
SKU_1257_EME,2025-04-01,85,4968.93,17416.5,principal
SKU_1258_AQU,2025-04-01,93,7316.8,24635.7,principal
SKU_1258_LIG,2025-04-01,0,0.0,0.0,principal
SKU_1259_ARM,2025-04-01,75,9620.13,26992.5,principal
SKU_1259_POW,2025-04-01,0,0.0,0.0,principal
SKU_1260_WHI,2025-04-01,154,17326.06,52344.6,principal
SKU_1260_ROY,2025-04-01,174,19576.2,59142.6,principal
SKU_1261_PAS,2025-04-01,283,46106.67,140056.7,principal
SKU_1261_PAS,2025-04-01,283,46106.67,140056.7,principal
SKU_1262_BLU,2025-04-01,165,15013.66,45358.5,principal
SKU_1262_OFF,2025-04-01,0,0.0,0.0,principal
SKU_1263_COB,2025-04-01,0,0.0,0.0,principal
SKU_1263_SKY,2025-04-01,145,8826.02,26810.5,principal
SKU_1264_EGR,2025-04-01,190,37152.26,116831.0,principal
SKU_1264_BRI,2025-04-01,128,25028.89,78707.2,principal
SKU_1265_CRE,2025-04-01,113,8224.92,24848.7,principal
SKU_1265_JAD,2025-04-01,113,8224.92,24848.7,principal
SKU_1266_MEX,2025-04-01,109,10761.25,32689.1,principal
SKU_1266_SPA,2025-04-01,177,17474.69,53082.3,principal
SKU_1267_SKY,2025-04-01,137,15186.71,45881.3,principal
SKU_1267_SAP,2025-04-01,0,0.0,0.0,principal
SKU_1268_MYS,2025-04-01,85,9052.35,28466.5,principal
SKU_1268_MAR,2025-04-01,105,11182.31,35164.5,principal
SKU_1269_BAB,2025-04-01,111,37999.19,115428.9,principal
SKU_1269_CER,2025-04-01,58,19855.43,60314.2,principal
SKU_1270_CRE,2025-04-01,187,11690.32,35511.3,principal
SKU_1270_TUR,2025-04-01,129,8064.45,24497.1,principal
SKU_1271_OLI,2025-04-01,89,26073.0,79201.1,principal
SKU_1271_FLA,2025-04-01,50,14647.75,44495.0,principal
SKU_1272_PAS,2025-04-01,0,0.0,0.0,principal
SKU_1272_TEA,2025-04-01,109,13706.41,41409.1,principal
SKU_1273_PAS,2025-04-01,130,31620.97,99437.0,principal
SKU_1273_EGR,2025-04-01,0,0.0,0.0,principal
SKU_1274_MEX,2025-04-01,120,10108.58,31788.0,principal
SKU_1274_BAL,2025-04-01,177,14910.16,46887.3,principal
SKU_1275_MIN,2025-04-01,161,9799.92,29768.9,principal
SKU_1275_BIR,2025-04-01,113,6878.21,20893.7,principal
SKU_1276_WHI,2025-04-01,0,0.0,0.0,principal
SKU_1276_LIG,2025-04-01,184,9271.2,32181.6,principal
SKU_1277_MYS,2025-04-01,121,8662.94,32052.9,principal
SKU_1277_BAB,2025-04-01,230,16466.74,60927.0,principal
SKU_1278_BAB,2025-04-01,93,27326.23,95780.7,principal
SKU_1278_MOS,2025-04-01,215,63173.55,221428.5,principal
SKU_1279_FUC,2025-04-01,247,33371.01,112360.3,principal
SKU_1279_IVO,2025-04-01,183,24724.27,83246.7,principal
SKU_1280_LIM,2025-04-01,234,41690.46,116976.6,principal
SKU_1280_PRI,2025-04-01,0,0.0,0.0,principal
SKU_1281_PIS,2025-04-01,93,18734.55,49280.7,principal
SKU_1281_CER,2025-04-01,0,0.0,0.0,principal
SKU_1282_PIN,2025-04-01,174,12376.95,37392.6,principal
SKU_1282_BAL,2025-04-01,91,6473.0,19555.9,principal
SKU_1283_SNO,2025-04-01,280,16908.7,53172.0,principal
SKU_1283_BAB,2025-04-01,177,10688.71,33612.3,principal
SKU_1284_COR,2025-04-01,0,0.0,0.0,principal
SKU_1284_HOT,2025-04-01,212,49544.2,150498.8,principal
SKU_1285_WHI,2025-04-01,158,46017.01,139024.2,principal
SKU_1285_CLO,2025-04-01,251,73102.97,220854.9,principal
SKU_1286_MAR,2025-04-01,79,5820.38,19347.1,principal
SKU_1286_HOT,2025-04-01,187,13777.36,45796.3,principal
SKU_1287_NAV,2025-04-01,136,15231.77,51666.4,principal
SKU_1287_CER,2025-04-01,112,12543.81,42548.8,principal
SKU_1288_SAG,2025-04-01,73,5153.99,17512.7,principal
SKU_1288_BAB,2025-04-01,265,18709.68,63573.5,principal
SKU_1289_AQU,2025-04-01,463,155927.89,476843.7,principal
SKU_1289_AQU,2025-04-01,463,155927.89,476843.7,principal
SKU_1290_BIR,2025-04-01,240,46095.35,121176.0,principal
SKU_1290_PIN,2025-04-01,0,0.0,0.0,principal
SKU_1291_SAL,2025-04-01,68,5370.31,16313.2,principal
SKU_1291_SPA,2025-04-01,136,10740.61,32626.4,principal
SKU_1292_TEA,2025-04-01,238,24413.3,73756.2,principal
SKU_1292_FLA,2025-04-01,190,19489.61,58881.0,principal
SKU_1293_TEA,2025-04-01,202,20275.36,61589.8,principal
SKU_1293_OFF,2025-04-01,87,8732.46,26526.3,principal
SKU_1294_SEA,2025-04-01,67,4433.18,13393.3,principal
SKU_1294_COR,2025-04-01,0,0.0,0.0,principal
SKU_1295_PIS,2025-04-01,257,43562.81,132329.3,principal
SKU_1295_FLA,2025-04-01,0,0.0,0.0,principal
SKU_1296_DEE,2025-04-01,223,40460.92,144927.7,principal
SKU_1296_PEA,2025-04-01,0,0.0,0.0,principal
SKU_1297_WHI,2025-04-01,0,0.0,0.0,principal
SKU_1297_MIN,2025-04-01,227,14724.65,52187.3,principal
SKU_1298_OFF,2025-04-01,0,0.0,0.0,principal
SKU_1298_IVO,2025-04-01,0,0.0,0.0,principal
SKU_1299_BRI,2025-04-01,0,0.0,0.0,principal
SKU_1299_HOT,2025-04-01,90,5877.93,19791.0,principal
SKU_1300_BIR,2025-04-01,0,0.0,0.0,principal
SKU_1300_TEA,2025-04-01,172,70489.79,197782.8,principal
SKU_1301_AQU,2025-04-01,224,40181.36,122057.6,principal
SKU_1301_GAR,2025-04-01,265,47535.99,144398.5,principal
SKU_1302_EME,2025-04-01,133,18384.73,55846.7,principal
SKU_1302_DUS,2025-04-01,181,25019.83,76001.9,principal
SKU_1303_BIR,2025-04-01,136,7423.14,22426.4,principal
SKU_1303_SAP,2025-04-01,170,9278.92,28033.0,principal
SKU_1304_TUR,2025-04-01,236,37141.26,116796.4,principal
SKU_1304_GAR,2025-04-01,253,39816.68,125209.7,principal
SKU_1305_MAR,2025-04-01,158,18199.56,55284.2,principal
SKU_1305_OFF,2025-04-01,120,13822.45,41988.0,principal
SKU_1306_FRE,2025-04-01,130,35548.27,111787.0,principal
SKU_1306_SPA,2025-04-01,85,23243.1,73091.5,principal
SKU_1307_MAG,2025-04-01,187,13611.15,41121.3,principal
SKU_1307_FOR,2025-04-01,282,20525.91,62011.8,principal
SKU_1308_PAS,2025-04-01,161,22376.89,67603.9,principal
SKU_1308_CER,2025-04-01,230,31966.99,96577.0,principal
SKU_1309_OLI,2025-04-01,0,0.0,0.0,principal
SKU_1309_LIG,2025-04-01,209,25106.14,76264.1,principal
SKU_1310_MOS,2025-04-01,137,10878.75,32866.3,principal
SKU_1310_EGR,2025-04-01,229,18184.18,54937.1,principal
SKU_1311_BAB,2025-04-01,231,66912.17,203256.9,principal
SKU_1311_NAV,2025-04-01,268,77629.71,235813.2,principal
SKU_1312_HOT,2025-04-01,251,20761.94,62724.9,principal
SKU_1312_NAV,2025-04-01,0,0.0,0.0,principal
SKU_1313_SPA,2025-04-01,131,40317.75,122471.9,principal
SKU_1313_SHO,2025-04-01,0,0.0,0.0,principal
SKU_1314_BLU,2025-04-01,130,12406.56,37687.0,principal
SKU_1314_SNO,2025-04-01,0,0.0,0.0,principal
SKU_1315_WHI,2025-04-01,214,24430.65,73808.6,principal
SKU_1315_BLA,2025-04-01,170,19407.52,58633.0,principal
SKU_1316_DEN,2025-04-01,80,13560.41,41192.0,principal
SKU_1316_AQU,2025-04-01,85,14407.93,43766.5,principal
SKU_1317_BLU,2025-04-01,0,0.0,0.0,principal
SKU_1317_ROS,2025-04-01,231,15107.02,49641.9,principal
SKU_1318_PAS,2025-04-01,262,19936.6,62853.8,principal
SKU_1318_MYS,2025-04-01,0,0.0,0.0,principal
SKU_1319_MAR,2025-04-01,100,5417.85,18990.0,principal
SKU_1319_ROS,2025-04-01,264,14303.12,50133.6,principal
SKU_1320_PIS,2025-04-01,0,0.0,0.0,principal
SKU_1320_FOR,2025-04-01,184,8191.74,27581.6,principal
SKU_1321_FLA,2025-04-01,169,9112.32,25333.1,principal
SKU_1321_SER,2025-04-01,216,11646.51,32378.4,principal
SKU_1322_MOS,2025-04-01,0,0.0,0.0,principal
SKU_1322_IVO,2025-04-01,165,20706.5,54433.5,principal
SKU_1323_AQU,2025-04-01,179,20035.54,51892.1,principal
SKU_1323_FRE,2025-04-01,148,16565.7,42905.2,principal
SKU_1324_MID,2025-04-01,157,17143.91,51794.3,principal
SKU_1324_SNO,2025-04-01,280,30575.13,92372.0,principal
SKU_1325_LIG,2025-04-01,262,24409.74,78573.8,principal
SKU_1325_PEA,2025-04-01,105,9782.53,31489.5,principal
SKU_1326_PAS,2025-04-01,165,24297.26,83308.5,principal
SKU_1326_BAB,2025-04-01,239,35194.21,120671.1,principal
SKU_1327_GAR,2025-04-01,241,17870.02,62635.9,principal
SKU_1327_HON,2025-04-01,210,15571.39,54579.0,principal
SKU_1328_EGR,2025-04-01,195,15341.68,51655.5,principal
SKU_1328_LIG,2025-04-01,0,0.0,0.0,principal
SKU_1329_NAV,2025-04-01,92,9013.64,25290.8,principal
SKU_1329_MIN,2025-04-01,128,12540.72,35187.2,principal
SKU_1330_PRI,2025-04-01,174,17848.38,53922.6,principal
SKU_1330_LIM,2025-04-01,276,28311.22,85532.4,principal
SKU_1331_ARM,2025-04-01,210,18691.72,58779.0,principal
SKU_1331_AQU,2025-04-01,235,20916.93,65776.5,principal
SKU_1332_MOS,2025-04-01,156,8514.78,25724.4,principal
SKU_1332_MOS,2025-04-01,156,8514.78,25724.4,principal
SKU_1333_PIS,2025-04-01,217,13639.95,41208.3,principal
SKU_1333_MOS,2025-04-01,147,9239.96,27915.3,principal
SKU_1334_TEA,2025-04-01,81,12330.38,37251.9,principal
SKU_1334_ROY,2025-04-01,0,0.0,0.0,principal
SKU_1335_CRE,2025-04-01,115,13080.39,43688.5,principal
SKU_1335_BRI,2025-04-01,0,0.0,0.0,principal
SKU_1336_LIM,2025-04-01,161,15391.0,56333.9,principal
SKU_1336_PIN,2025-04-01,204,19501.64,71379.6,principal
SKU_1337_DUS,2025-04-01,98,5332.77,18120.2,principal
SKU_1337_MAG,2025-04-01,239,13005.44,44191.1,principal
SKU_1338_OLI,2025-04-01,104,6968.24,21309.6,principal
SKU_1338_PAS,2025-04-01,174,11658.4,35652.6,principal
SKU_1339_JAD,2025-04-01,178,19659.81,55162.2,principal
SKU_1339_EME,2025-04-01,203,22421.02,62909.7,principal
SKU_1340_SNO,2025-04-01,0,0.0,0.0,principal
SKU_1340_POW,2025-04-01,253,95355.97,289659.7,principal
SKU_1341_HOT,2025-04-01,225,12871.84,40477.5,principal
SKU_1341_PEA,2025-04-01,97,5549.2,17450.3,principal
SKU_1342_CRE,2025-04-01,197,21919.84,68930.3,principal
SKU_1342_BAB,2025-04-01,86,9569.07,30091.4,principal
SKU_1343_NAV,2025-04-01,92,9589.33,28970.8,principal
SKU_1343_IVO,2025-04-01,200,20846.38,62980.0,principal
SKU_1344_PAS,2025-04-01,206,20628.47,64869.4,principal
SKU_1344_MID,2025-04-01,132,13218.24,41566.8,principal
SKU_1345_ARM,2025-04-01,128,42121.26,153587.2,principal
SKU_1345_FOR,2025-04-01,132,43437.55,158386.8,principal
SKU_1346_HON,2025-04-01,208,16152.97,55099.2,principal
SKU_1346_PEA,2025-04-01,93,7222.24,24635.7,principal
SKU_1347_DUS,2025-04-01,0,0.0,0.0,principal
SKU_1347_LIM,2025-04-01,150,11623.54,43485.0,principal
SKU_1348_NAV,2025-04-01,240,51004.15,155976.0,principal
SKU_1348_PIS,2025-04-01,0,0.0,0.0,principal
SKU_1349_HON,2025-04-01,213,17543.69,44708.7,principal
SKU_1349_SEA,2025-04-01,84,6918.64,17631.6,principal
SKU_1350_SNO,2025-04-01,96,9052.98,27350.4,principal
SKU_1350_BAB,2025-04-01,211,19897.7,60113.9,principal
SKU_1351_SAG,2025-04-01,208,47498.24,143499.2,principal
SKU_1351_HON,2025-04-01,255,58231.01,175924.5,principal
SKU_1352_CER,2025-04-01,233,21586.73,65216.7,principal
SKU_1352_HUN,2025-04-01,155,14360.27,43384.5,principal
SKU_1353_MAG,2025-04-01,241,15148.51,45765.9,principal
SKU_1353_MAR,2025-04-01,286,17977.07,54311.4,principal
SKU_1354_AQU,2025-04-01,273,83122.24,252497.7,principal
SKU_1354_CLE,2025-04-01,161,49020.81,148908.9,principal
SKU_1355_PAS,2025-04-01,252,14509.42,44074.8,principal
SKU_1355_DEE,2025-04-01,130,7485.02,22737.0,principal
SKU_1356_BLU,2025-04-01,139,9833.57,29871.1,principal
SKU_1356_DEN,2025-04-01,0,0.0,0.0,principal
SKU_1357_BRI,2025-04-01,117,25749.58,77793.3,principal
SKU_1357_BLU,2025-04-01,264,58101.62,175533.6,principal
SKU_1358_DUS,2025-04-01,114,7502.01,22788.6,principal
SKU_1358_MAR,2025-04-01,150,9871.06,29985.0,principal
SKU_1359_BLU,2025-04-01,114,15403.47,48438.6,principal
SKU_1359_NAV,2025-04-01,117,15808.83,49713.3,principal
SKU_1360_WHI,2025-04-01,259,27424.71,82854.1,principal
SKU_1360_FRE,2025-04-01,0,0.0,0.0,principal
SKU_1361_MEX,2025-04-01,256,15459.38,48614.4,principal
SKU_1361_BLU,2025-04-01,109,6582.31,20699.1,principal
SKU_1362_POW,2025-04-01,256,77736.5,244454.4,principal
SKU_1362_SEA,2025-04-01,137,41601.17,130821.3,principal
SKU_1363_RAS,2025-04-01,134,40477.14,127286.6,principal
SKU_1363_HUN,2025-04-01,236,71288.1,224176.4,principal
SKU_1364_OFF,2025-04-01,196,28664.65,90140.4,principal
SKU_1364_TEA,2025-04-01,0,0.0,0.0,principal
SKU_1365_BUB,2025-04-01,0,0.0,0.0,principal
SKU_1365_NAV,2025-04-01,0,0.0,0.0,principal
SKU_1366_TEA,2025-04-01,209,28094.89,91939.1,principal
SKU_1366_PAL,2025-04-01,191,25675.23,84020.9,principal
SKU_1367_VAN,2025-04-01,100,5510.94,17990.0,principal
SKU_1367_BLA,2025-04-01,208,11462.76,37419.2,principal
SKU_1368_SNO,2025-04-01,165,35065.8,122908.5,principal
SKU_1368_TUR,2025-04-01,147,31240.44,109500.3,principal
SKU_1369_SNO,2025-04-01,118,5981.22,18868.2,principal
SKU_1369_RAS,2025-04-01,198,10036.28,31660.2,principal
SKU_1370_PRI,2025-04-01,0,0.0,0.0,principal
SKU_1370_MYS,2025-04-01,254,17930.56,45694.6,principal
SKU_1371_WHI,2025-04-01,198,18016.4,54430.2,principal
SKU_1371_HOT,2025-04-01,0,0.0,0.0,principal
SKU_1372_SEA,2025-04-01,113,12713.28,38408.7,principal
SKU_1372_DEN,2025-04-01,155,17438.57,52684.5,principal
SKU_1373_SKY,2025-04-01,91,5688.87,17280.9,principal
SKU_1373_CRE,2025-04-01,192,12002.9,36460.8,principal
SKU_1374_SAL,2025-04-01,0,0.0,0.0,principal
SKU_1374_BLU,2025-04-01,0,0.0,0.0,principal
SKU_1375_COR,2025-04-01,209,18325.52,55364.1,principal
SKU_1375_CLE,2025-04-01,213,18676.24,56423.7,principal
SKU_1376_SNO,2025-04-01,154,12290.61,43874.6,principal
SKU_1376_BIR,2025-04-01,155,12370.42,44159.5,principal
SKU_1377_PRI,2025-04-01,0,0.0,0.0,principal
SKU_1377_CLO,2025-04-01,201,15808.22,52239.9,principal
SKU_1378_SPA,2025-04-01,80,4676.64,16392.0,principal
SKU_1378_MOS,2025-04-01,223,13036.13,45692.7,principal
SKU_1379_SNO,2025-04-01,183,28129.53,88736.7,principal
SKU_1379_WHI,2025-04-01,258,39658.03,125104.2,principal
SKU_1380_TUR,2025-04-01,0,0.0,0.0,principal
SKU_1380_MIN,2025-04-01,231,20839.15,53106.9,principal
SKU_1381_WHI,2025-04-01,153,13921.76,42059.7,principal
SKU_1381_PAS,2025-04-01,115,10464.07,31613.5,principal
SKU_1382_ARM,2025-04-01,217,13104.24,41208.3,principal
SKU_1382_HOT,2025-04-01,126,7608.91,23927.4,principal
SKU_1383_CLE,2025-04-01,186,11075.72,33461.4,principal
SKU_1383_TUR,2025-04-01,249,14827.18,44795.1,principal
SKU_1384_CRE,2025-04-01,175,29951.44,90982.5,principal
SKU_1384_SKY,2025-04-01,270,46210.79,140373.0,principal
SKU_1385_PRI,2025-04-01,258,24756.88,74794.2,principal
SKU_1385_NAV,2025-04-01,68,6525.07,19713.2,principal
SKU_1386_SER,2025-04-01,99,6669.64,21275.1,principal
SKU_1386_COB,2025-04-01,256,17246.73,55014.4,principal
SKU_1387_BRI,2025-04-01,115,5260.41,18388.5,principal
SKU_1387_BAB,2025-04-01,267,12213.29,42693.3,principal
SKU_1388_BRI,2025-04-01,250,25052.69,93725.0,principal
SKU_1388_VAN,2025-04-01,265,26555.85,99348.5,principal
SKU_1389_SHO,2025-04-01,96,3988.83,13430.4,principal
SKU_1389_BAB,2025-04-01,97,4030.38,13570.3,principal
SKU_1390_SAP,2025-04-01,83,7487.66,19081.7,principal
SKU_1390_PAS,2025-04-01,9,811.91,2069.1,principal
SKU_1391_LIG,2025-04-01,86,8109.96,24501.4,principal
SKU_1391_SEA,2025-04-01,115,10844.72,32763.5,principal
SKU_1392_LIM,2025-04-01,133,12982.38,39221.7,principal
SKU_1392_BLU,2025-04-01,115,11225.37,33913.5,principal
SKU_1393_COB,2025-04-01,113,11135.95,35018.7,principal
SKU_1393_SKY,2025-04-01,109,10741.75,33779.1,principal
SKU_1394_FOR,2025-04-01,138,20621.09,64846.2,principal
SKU_1394_EME,2025-04-01,115,17184.24,54038.5,principal
SKU_1395_BLA,2025-04-01,81,7467.24,23481.9,principal
SKU_1395_TUR,2025-04-01,133,12261.03,38556.7,principal
SKU_1396_FUC,2025-04-01,93,4130.04,12545.7,principal
SKU_1396_PAS,2025-04-01,92,4085.64,12410.8,principal
SKU_1397_SNO,2025-04-01,128,9898.12,30067.2,principal
SKU_1397_BUB,2025-04-01,103,7964.9,24194.7,principal
SKU_1398_AQU,2025-04-01,121,26883.43,81662.9,principal
SKU_1398_SPA,2025-04-01,127,28216.49,85712.3,principal
SKU_1399_PAL,2025-04-01,113,9698.59,30498.7,principal
SKU_1399_CRE,2025-04-01,0,0.0,0.0,principal
SKU_1400_FOR,2025-04-01,94,6495.31,19730.6,principal
SKU_1400_PAL,2025-04-01,117,8084.59,24558.3,principal
SKU_1401_GAR,2025-04-01,115,9131.79,27588.5,principal
SKU_1401_BLU,2025-04-01,92,7305.43,22070.8,principal
SKU_1402_WHI,2025-04-01,102,7619.22,23959.8,principal
SKU_1402_VAN,2025-04-01,103,7693.91,24194.7,principal
SKU_1403_AQU,2025-04-01,6,760.25,2309.4,principal
SKU_1403_DUS,2025-04-01,72,9123.05,27712.8,principal
SKU_1404_SAP,2025-04-01,113,38147.32,115248.7,principal
SKU_1404_ARM,2025-04-01,112,37809.73,114228.8,principal
SKU_1405_FLA,2025-04-01,112,7966.77,24068.8,principal
SKU_1405_CLO,2025-04-01,93,6615.27,19985.7,principal
SKU_1406_PRI,2025-04-01,0,0.0,0.0,principal
SKU_1406_SHO,2025-04-01,120,13822.45,41988.0,principal
SKU_1407_OFF,2025-04-01,76,4684.83,16332.4,principal
SKU_1407_EME,2025-04-01,121,7458.74,26002.9,principal
SKU_1408_PAS,2025-04-01,116,33777.05,106708.4,principal
SKU_1408_FUC,2025-04-01,122,35524.14,112227.8,principal
SKU_1409_PEA,2025-04-01,286,17667.24,60031.4,principal
SKU_1409_PEA,2025-04-01,286,17667.24,60031.4,principal
SKU_1410_ROS,2025-04-01,101,34193.58,115129.9,principal
SKU_1410_JAD,2025-04-01,99,33516.48,112850.1,principal
SKU_1411_BLU,2025-04-01,136,10665.48,30586.4,principal
SKU_1411_RAS,2025-04-01,105,8234.38,23614.5,principal
SKU_1412_SHO,2025-04-01,115,36678.37,102913.5,principal
SKU_1412_BAB,2025-04-01,86,27429.04,76961.4,principal
SKU_1413_SAG,2025-04-01,122,7466.63,22557.8,principal
SKU_1413_JAD,2025-04-01,112,6854.61,20708.8,principal
SKU_1414_DUS,2025-04-01,118,12754.41,40108.2,principal
SKU_1414_CLO,2025-04-01,107,11565.44,36369.3,principal
SKU_1415_BAB,2025-04-01,115,12978.69,40813.5,principal
SKU_1415_MID,2025-04-01,109,12301.54,38684.1,principal
SKU_1416_CLE,2025-04-01,103,8864.84,28829.7,principal
SKU_1416_AQU,2025-04-01,139,11963.24,38906.1,principal
SKU_1417_SNO,2025-04-01,94,8403.96,26310.6,principal
SKU_1417_BIR,2025-04-01,110,9834.43,30789.0,principal
SKU_1418_CLE,2025-04-01,123,31366.05,103922.7,principal
SKU_1418_MOS,2025-04-01,84,21420.72,70971.6,principal
SKU_1419_FLA,2025-04-01,132,11002.42,32986.8,principal
SKU_1419_WHI,2025-04-01,93,7751.7,23240.7,principal
SKU_1420_EGR,2025-04-01,127,41283.42,125717.3,principal
SKU_1420_LIM,2025-04-01,119,38682.89,117798.1,principal
SKU_1421_LIG,2025-04-01,94,8180.71,21610.6,principal
SKU_1421_SER,2025-04-01,0,0.0,0.0,principal
SKU_1422_PIN,2025-04-01,134,16074.88,42196.6,principal
SKU_1422_MIN,2025-04-01,127,15235.15,39992.3,principal
SKU_1423_JAD,2025-04-01,131,51745.93,157186.9,principal
SKU_1423_SAG,2025-04-01,137,54115.97,164386.3,principal
SKU_1424_VAN,2025-04-01,137,44870.39,136301.3,principal
SKU_1424_BAB,2025-04-01,109,35699.8,108444.1,principal
SKU_1425_WHI,2025-04-01,0,0.0,0.0,principal
SKU_1425_LIG,2025-04-01,107,7142.06,22459.3,principal
SKU_1426_NAV,2025-04-01,100,3777.01,12990.0,principal
SKU_1426_SEA,2025-04-01,79,2983.84,10262.1,principal
SKU_1427_AQU,2025-04-01,131,8151.82,26186.9,principal
SKU_1427_BLA,2025-04-01,0,0.0,0.0,principal
SKU_1428_COB,2025-04-01,0,0.0,0.0,principal
SKU_1428_SKY,2025-04-01,99,13295.38,48500.1,principal
SKU_1429_SPA,2025-04-01,129,7742.28,24497.1,principal
SKU_1429_MAG,2025-04-01,102,6121.81,19369.8,principal
SKU_1430_PEA,2025-04-01,152,9590.03,27344.8,principal
SKU_1430_JAD,2025-04-01,136,8580.55,24466.4,principal
SKU_1431_TEA,2025-04-01,102,12864.2,37729.8,principal
SKU_1431_CRE,2025-04-01,128,16143.31,47347.2,principal
SKU_1432_WHI,2025-04-01,88,24570.73,63351.2,principal
SKU_1432_BRI,2025-04-01,0,0.0,0.0,principal
SKU_1433_OLI,2025-04-01,97,10055.51,30545.3,principal
SKU_1433_SAP,2025-04-01,90,9329.86,28341.0,principal
SKU_1434_ARM,2025-04-01,132,8810.76,27706.8,principal
SKU_1434_MIN,2025-04-01,104,6941.81,21829.6,principal
SKU_1435_SKY,2025-04-01,131,39929.98,132296.9,principal
SKU_1435_OLI,2025-04-01,77,23470.3,77762.3,principal
SKU_1436_BLU,2025-04-01,74,6133.19,20712.6,principal
SKU_1436_PAS,2025-04-01,0,0.0,0.0,principal
SKU_1437_ROY,2025-04-01,19,997.99,3133.1,principal
SKU_1437_AQU,2025-04-01,122,6408.17,20117.8,principal
SKU_1438_MOS,2025-04-01,120,9230.24,24588.0,principal
SKU_1438_DEE,2025-04-01,125,9614.83,25612.5,principal
SKU_1439_CER,2025-04-01,116,7099.42,21448.4,principal
SKU_1439_SHO,2025-04-01,122,7466.63,22557.8,principal
SKU_1440_PIS,2025-04-01,84,38885.7,100791.6,principal
SKU_1440_BLU,2025-04-01,97,44903.73,116390.3,principal
SKU_1441_COB,2025-04-01,136,60907.46,157066.4,principal
SKU_1441_IVO,2025-04-01,104,46576.29,120109.6,principal
SKU_1442_OFF,2025-04-01,74,7100.81,21452.6,principal
SKU_1442_EME,2025-04-01,117,11226.96,33918.3,principal
SKU_1443_BLU,2025-04-01,122,10899.1,32927.8,principal
SKU_1443_PRI,2025-04-01,0,0.0,0.0,principal
SKU_1444_HUN,2025-04-01,15,1367.57,3598.5,principal
SKU_1444_OLI,2025-04-01,0,0.0,0.0,principal
SKU_1445_TEA,2025-04-01,140,22128.73,57386.0,principal
SKU_1445_PRI,2025-04-01,119,18809.42,48778.1,principal
SKU_1446_SHO,2025-04-01,93,9819.05,25100.7,principal
SKU_1446_GAR,2025-04-01,126,13303.22,34007.4,principal
SKU_1447_BLU,2025-04-01,133,10503.69,31906.7,principal
SKU_1447_OLI,2025-04-01,117,9240.08,28068.3,principal
SKU_1448_SKY,2025-04-01,102,6040.75,18349.8,principal
SKU_1448_SEA,2025-04-01,100,5922.31,17990.0,principal
SKU_1449_BLA,2025-04-01,79,8495.81,25667.1,principal
SKU_1449_NAV,2025-04-01,111,11937.15,36063.9,principal
SKU_1450_MAG,2025-04-01,103,13653.98,42219.7,principal
SKU_1450_JAD,2025-04-01,0,0.0,0.0,principal
SKU_1451_WHI,2025-04-01,85,6738.93,20816.5,principal
SKU_1451_BIR,2025-04-01,115,9117.37,28163.5,principal
SKU_1452_SKY,2025-04-01,95,3679.52,13765.5,principal
SKU_1452_DEE,2025-04-01,90,3485.86,13041.0,principal
SKU_1453_SAP,2025-04-01,0,0.0,0.0,principal
SKU_1453_PRI,2025-04-01,93,6925.09,21845.7,principal
SKU_1454_BRI,2025-04-01,95,5417.09,14240.5,principal
SKU_1454_BUB,2025-04-01,104,5930.28,15589.6,principal
SKU_1455_TEA,2025-04-01,99,10974.34,33155.1,principal
SKU_1455_ROY,2025-04-01,74,8203.04,24782.6,principal
SKU_1456_EME,2025-04-01,152,15843.25,47864.8,principal
SKU_1456_DEN,2025-04-01,114,11882.44,35898.6,principal
SKU_1457_SNO,2025-04-01,100,5292.69,15990.0,principal
SKU_1457_MAG,2025-04-01,104,5504.4,16629.6,principal
SKU_1458_PEA,2025-04-01,129,14940.38,45137.1,principal
SKU_1458_MIN,2025-04-01,108,12508.23,37789.2,principal
SKU_1459_OFF,2025-04-01,117,8084.59,24558.3,principal
SKU_1459_CRE,2025-04-01,102,7048.11,21409.8,principal
SKU_1460_FUC,2025-04-01,120,6653.2,20988.0,principal
SKU_1460_OLI,2025-04-01,130,7207.63,22737.0,principal
SKU_1461_NAV,2025-04-01,109,37707.62,116619.1,principal
SKU_1461_PRI,2025-04-01,96,33210.38,102710.4,principal
SKU_1462_MID,2025-04-01,150,14630.67,54735.0,principal
SKU_1462_OFF,2025-04-01,114,11119.31,41598.6,principal
SKU_1463_LIG,2025-04-01,124,10538.43,32227.6,principal
SKU_1463_DUS,2025-04-01,71,6034.1,18452.9,principal
SKU_1464_MOS,2025-04-01,94,8220.67,21610.6,principal
SKU_1464_BIR,2025-04-01,115,10057.21,26438.5,principal
SKU_1465_CLE,2025-04-01,117,14006.35,36843.3,principal
SKU_1465_OFF,2025-04-01,112,13407.79,35268.8,principal
SKU_1466_PRI,2025-04-01,72,6397.28,19432.8,principal
SKU_1466_SAP,2025-04-01,121,10750.98,32657.9,principal
SKU_1467_OLI,2025-04-01,143,9317.62,29300.7,principal
SKU_1467_FUC,2025-04-01,114,7428.03,23358.6,principal
SKU_1468_BAB,2025-04-01,32,5612.7,16956.8,principal
SKU_1468_MYS,2025-04-01,86,15084.13,45571.4,principal
SKU_1469_ARM,2025-04-01,123,11534.72,36272.7,principal
SKU_1469_SAL,2025-04-01,113,10596.94,33323.7,principal
SKU_1470_WHI,2025-04-01,0,0.0,0.0,principal
SKU_1470_MAR,2025-04-01,77,22977.01,70832.3,principal
SKU_1471_ROS,2025-04-01,136,7531.45,27866.4,principal
SKU_1471_LIG,2025-04-01,0,0.0,0.0,principal
SKU_1472_EME,2025-04-01,116,17170.15,54508.4,principal
SKU_1472_MYS,2025-04-01,110,16282.03,51689.0,principal
SKU_1473_BLU,2025-04-01,82,3943.16,14751.8,principal
SKU_1473_BAB,2025-04-01,122,5866.65,21947.8,principal
SKU_1474_BRI,2025-04-01,15,5198.81,15898.5,principal
SKU_1474_DEN,2025-04-01,97,33618.97,102810.3,principal
SKU_1475_VAN,2025-04-01,112,10646.94,27988.8,principal
SKU_1475_MIN,2025-04-01,98,9316.07,24490.2,principal
SKU_1476_WHI,2025-04-01,131,11855.12,36011.9,principal
SKU_1476_CLO,2025-04-01,79,7149.27,21717.1,principal
SKU_1477_CLE,2025-04-01,87,6476.45,19566.3,principal
SKU_1477_EME,2025-04-01,95,7071.98,21365.5,principal
SKU_1478_TEA,2025-04-01,104,6672.75,20269.6,principal
SKU_1478_COB,2025-04-01,138,8854.23,26896.2,principal
SKU_1479_MIN,2025-04-01,102,18734.53,56599.8,principal
SKU_1479_FUC,2025-04-01,87,15979.46,48276.3,principal
SKU_1480_SNO,2025-04-01,83,10162.26,30701.7,principal
SKU_1480_MEX,2025-04-01,87,10652.01,32181.3,principal
SKU_1481_BLA,2025-04-01,109,26846.56,88279.1,principal
SKU_1481_TEA,2025-04-01,94,23152.08,76130.6,principal
SKU_1482_MOS,2025-04-01,95,11799.68,42265.5,principal
SKU_1482_SHO,2025-04-01,104,12917.55,46269.6,principal
SKU_1483_WHI,2025-04-01,98,9370.57,31840.2,principal
SKU_1483_POW,2025-04-01,87,8318.77,28266.3,principal
SKU_1484_MOS,2025-04-01,76,10380.86,34952.4,principal
SKU_1484_EGR,2025-04-01,132,18029.92,60706.8,principal
SKU_1485_PAS,2025-04-01,127,33135.16,84442.3,principal
SKU_1485_CER,2025-04-01,94,24525.24,62500.6,principal
SKU_1486_OLI,2025-04-01,0,0.0,0.0,principal
SKU_1486_PAL,2025-04-01,134,12858.22,38846.6,principal
SKU_1487_BRI,2025-04-01,0,0.0,0.0,principal
SKU_1487_CLE,2025-04-01,102,10862.82,34159.8,principal
SKU_1488_IVO,2025-04-01,94,10160.29,31950.6,principal
SKU_1488_PEA,2025-04-01,0,0.0,0.0,principal
SKU_1489_TEA,2025-04-01,114,13881.9,42168.6,principal
SKU_1489_IVO,2025-04-01,114,13881.9,42168.6,principal
SKU_1490_EME,2025-04-01,118,12299.36,37158.2,principal
SKU_1490_VAN,2025-04-01,127,13237.45,39992.3,principal
SKU_1491_GAR,2025-04-01,103,4316.39,13894.7,principal
SKU_1491_CER,2025-04-01,131,5489.78,17671.9,principal
SKU_1492_SKY,2025-04-01,123,14475.7,46112.7,principal
SKU_1492_BIR,2025-04-01,88,10356.6,32991.2,principal
SKU_1493_PEA,2025-04-01,74,6525.49,24412.6,principal
SKU_1493_CLO,2025-04-01,147,12962.79,48495.3,principal
SKU_1494_EGR,2025-04-01,143,49179.6,155140.7,principal
SKU_1494_HOT,2025-04-01,87,29920.46,94386.3,principal
SKU_1495_FUC,2025-04-01,0,0.0,0.0,principal
SKU_1495_BLA,2025-04-01,91,10699.45,30020.9,principal
SKU_1496_PAS,2025-04-01,110,41097.0,124839.0,principal
SKU_1496_PEA,2025-04-01,0,0.0,0.0,principal
SKU_1497_FUC,2025-04-01,97,4331.23,13085.3,principal
SKU_1497_VAN,2025-04-01,103,4599.15,13894.7,principal
SKU_1498_OLI,2025-04-01,145,16313.5,49285.5,principal
SKU_1498_LIG,2025-04-01,13,1462.59,4418.7,principal
SKU_1499_HOT,2025-04-01,91,7520.99,23650.9,principal
SKU_1499_RAS,2025-04-01,124,10248.38,32227.6,principal
SKU_1500_MOS,2025-04-01,106,9069.26,27549.4,principal
SKU_1500_PAS,2025-04-01,119,10181.53,30928.1,principal
SKU_1501_OLI,2025-04-01,78,4386.48,13252.2,principal
SKU_1501_SAL,2025-04-01,81,4555.19,13761.9,principal
SKU_1502_PEA,2025-04-01,82,5666.12,17211.8,principal
SKU_1502_VAN,2025-04-01,123,8499.19,25817.7,principal
SKU_1503_VAN,2025-04-01,92,6962.84,21150.8,principal
SKU_1503_CER,2025-04-01,107,8098.09,24599.3,principal
SKU_1504_EME,2025-04-01,73,8213.0,24812.7,principal
SKU_1504_NAV,2025-04-01,96,10800.66,32630.4,principal
SKU_1505_BLU,2025-04-01,136,10574.26,31946.4,principal
SKU_1505_SNO,2025-04-01,94,7308.68,22080.6,principal
SKU_1506_PAL,2025-04-01,113,8261.23,25978.7,principal
SKU_1506_BRI,2025-04-01,0,0.0,0.0,principal
SKU_1507_PAS,2025-04-01,125,7443.36,22487.5,principal
SKU_1507_FLA,2025-04-01,0,0.0,0.0,principal
SKU_1508_LIM,2025-04-01,135,9328.38,28336.5,principal
SKU_1508_DEE,2025-04-01,79,5458.83,16582.1,principal
SKU_1509_HOT,2025-04-01,103,10906.35,32949.7,principal
SKU_1509_MAG,2025-04-01,0,0.0,0.0,principal
SKU_1510_SNO,2025-04-01,110,29204.8,91839.0,principal
SKU_1510_ROS,2025-04-01,104,27611.81,86829.6,principal
SKU_1511_CLE,2025-04-01,94,27946.03,87880.6,principal
SKU_1511_SKY,2025-04-01,114,33891.99,106578.6,principal
SKU_1512_TEA,2025-04-01,104,7418.95,23389.6,principal
SKU_1512_MYS,2025-04-01,116,8274.98,26088.4,principal
SKU_1513_PAS,2025-04-01,98,5691.94,21060.2,principal
SKU_1513_RAS,2025-04-01,107,6214.67,22994.3,principal
SKU_1514_PEA,2025-04-01,116,28331.79,96268.4,principal
SKU_1514_SPA,2025-04-01,111,27110.59,92118.9,principal
SKU_1515_SEA,2025-04-01,109,6946.82,21244.1,principal
SKU_1515_AQU,2025-04-01,83,5289.78,16176.7,principal
SKU_1516_CRE,2025-04-01,91,12112.28,31840.9,principal
SKU_1516_EME,2025-04-01,93,12378.48,32540.7,principal
SKU_1517_FOR,2025-04-01,79,36036.16,94792.1,principal
SKU_1517_ROS,2025-04-01,118,53826.17,141588.2,principal
SKU_1518_CLE,2025-04-01,129,9636.07,30302.1,principal
SKU_1518_LIM,2025-04-01,123,9187.88,28892.7,principal
SKU_1519_BLU,2025-04-01,112,22434.52,70548.8,principal
SKU_1519_TEA,2025-04-01,137,27442.22,86296.3,principal
SKU_1520_GAR,2025-04-01,130,9624.82,29237.0,principal
SKU_1520_ROY,2025-04-01,124,9180.6,27887.6,principal
SKU_1521_MOS,2025-04-01,81,4891.44,15381.9,principal
SKU_1521_FRE,2025-04-01,0,0.0,0.0,principal
SKU_1522_MOS,2025-04-01,115,4710.25,17238.5,principal
SKU_1522_BIR,2025-04-01,127,5201.75,19037.3,principal
SKU_1523_HOT,2025-04-01,110,11390.62,41239.0,principal
SKU_1523_CRE,2025-04-01,114,11804.83,42738.6,principal
SKU_1524_BLU,2025-04-01,0,0.0,0.0,principal
SKU_1524_DEN,2025-04-01,91,9906.4,33660.9,principal
SKU_1525_MYS,2025-04-01,107,9833.12,31019.3,principal
SKU_1525_OLI,2025-04-01,0,0.0,0.0,principal
SKU_1526_FOR,2025-04-01,87,5268.06,14781.3,principal
SKU_1527_FUC,2025-04-01,107,32050.68,97359.3,principal
SKU_1527_TEA,2025-04-01,110,32949.3,100089.0,principal
SKU_1528_PAS,2025-04-01,127,9033.75,27292.3,principal
SKU_1528_DEN,2025-04-01,146,10385.26,31375.4,principal
SKU_1529_HUN,2025-04-01,130,10480.74,31837.0,principal
SKU_1529_MIN,2025-04-01,119,9593.91,29143.1,principal
SKU_1530_HON,2025-04-01,100,4276.31,12990.0,principal
SKU_1530_PEA,2025-04-01,117,5003.28,15198.3,principal
SKU_1531_TEA,2025-04-01,118,21477.99,64888.2,principal
SKU_1531_SNO,2025-04-01,140,25482.37,76986.0,principal
SKU_1532_BRI,2025-04-01,114,31186.81,111708.6,principal
SKU_1532_EME,2025-04-01,105,28724.69,102889.5,principal
SKU_1533_CER,2025-04-01,134,6654.39,22096.6,principal
SKU_1533_DUS,2025-04-01,144,7150.99,23745.6,principal
SKU_1534_MYS,2025-04-01,135,7942.13,26986.5,principal
SKU_1534_HUN,2025-04-01,85,5000.6,16991.5,principal
SKU_1535_NAV,2025-04-01,102,9858.64,31099.8,principal
SKU_1535_MOS,2025-04-01,113,10921.82,34453.7,principal
SKU_1536_MOS,2025-04-01,108,13275.61,37249.2,principal
SKU_1536_FRE,2025-04-01,90,11063.01,31041.0,principal
SKU_1537_SAP,2025-04-01,114,9618.4,29058.6,principal
SKU_1537_BLA,2025-04-01,79,6665.38,20137.1,principal
SKU_1538_MAG,2025-04-01,122,8476.18,25607.8,principal
SKU_1538_PAS,2025-04-01,0,0.0,0.0,principal
SKU_1539_BLA,2025-04-01,84,9346.53,29391.6,principal
SKU_1539_PEA,2025-04-01,110,12239.5,38489.0,principal
SKU_1540_BAL,2025-04-01,0,0.0,0.0,principal
SKU_1540_MAG,2025-04-01,89,4808.51,15121.1,principal
SKU_1541_AQU,2025-04-01,0,0.0,0.0,principal
SKU_1541_POW,2025-04-01,123,26398.04,83012.7,principal
SKU_1542_DEE,2025-04-01,100,15469.11,46990.0,principal
SKU_1542_PEA,2025-04-01,129,19955.15,60617.1,principal
SKU_1543_BAB,2025-04-01,135,31549.26,99211.5,principal
SKU_1543_FLA,2025-04-01,98,22902.42,72020.2,principal
SKU_1544_OLI,2025-04-01,117,7437.48,23388.3,principal
SKU_1544_PEA,2025-04-01,104,6611.09,20789.6,principal
SKU_1545_TEA,2025-04-01,120,9917.78,31188.0,principal
SKU_1545_HOT,2025-04-01,139,11488.1,36126.1,principal
SKU_1546_PAS,2025-04-01,92,5116.87,16090.8,principal
SKU_1546_IVO,2025-04-01,92,5116.87,16090.8,principal
SKU_1547_IVO,2025-04-01,116,12666.84,38268.4,principal
SKU_1547_FUC,2025-04-01,87,9500.13,28701.3,principal
SKU_1548_HOT,2025-04-01,110,17291.11,52239.0,principal
SKU_1548_CLO,2025-04-01,136,21378.1,64586.4,principal
SKU_1549_BAL,2025-04-01,121,7114.58,22372.9,principal
SKU_1549_PAS,2025-04-01,88,5174.24,16271.2,principal
SKU_1550_PAL,2025-04-01,112,6079.93,18468.8,principal
SKU_1550_IVO,2025-04-01,103,5591.36,16984.7,principal
SKU_1551_DUS,2025-04-01,94,6841.97,20670.6,principal
SKU_1551_ROS,2025-04-01,108,7860.99,23749.2,principal
SKU_1552_CLE,2025-04-01,91,19768.76,60050.9,principal
SKU_1552_SAP,2025-04-01,0,0.0,0.0,principal
SKU_1553_DEN,2025-04-01,104,8321.89,26509.6,principal
SKU_1553_HOT,2025-04-01,100,8001.82,25490.0,principal
SKU_1554_PIS,2025-04-01,131,39056.91,135571.9,principal
SKU_1554_SKY,2025-04-01,110,32795.88,113839.0,principal
SKU_1555_FUC,2025-04-01,90,4876.06,17091.0,principal
SKU_1555_RAS,2025-04-01,92,4984.42,17470.8,principal
SKU_1556_SAL,2025-04-01,90,5476.98,18441.0,principal
SKU_1556_HUN,2025-04-01,135,8215.47,27661.5,principal
SKU_1557_TUR,2025-04-01,127,9131.81,25387.3,principal
SKU_1557_SAG,2025-04-01,107,7693.73,21389.3,principal
SKU_1558_CLE,2025-04-01,103,12925.88,33979.7,principal
SKU_1558_MEX,2025-04-01,0,0.0,0.0,principal
SKU_1559_BLU,2025-04-01,95,44011.73,113990.5,principal
SKU_1559_SKY,2025-04-01,6,2779.69,7199.4,principal
SKU_1560_PAL,2025-04-01,0,0.0,0.0,principal
SKU_1560_CRE,2025-04-01,93,6885.45,20915.7,principal
SKU_1561_LIM,2025-04-01,108,12109.93,37789.2,principal
SKU_1561_VAN,2025-04-01,116,13006.96,40588.4,principal
SKU_1562_CLO,2025-04-01,90,8682.3,27891.0,principal
SKU_1562_BLU,2025-04-01,0,0.0,0.0,principal
SKU_1563_WHI,2025-04-01,91,3646.21,13640.9,principal
SKU_1563_MEX,2025-04-01,92,3686.28,13790.8,principal
SKU_1564_BLA,2025-04-01,125,23374.79,73737.5,principal
SKU_1564_NAV,2025-04-01,72,13463.88,42472.8,principal
SKU_1565_LIG,2025-04-01,94,13275.13,33830.6,principal
SKU_1565_BAB,2025-04-01,100,14122.48,35990.0,principal
SKU_1566_PEA,2025-04-01,123,48391.59,127292.7,principal
SKU_1566_POW,2025-04-01,138,54293.01,142816.2,principal
SKU_1567_PRI,2025-04-01,129,29297.85,88997.1,principal
SKU_1567_POW,2025-04-01,139,31569.0,95896.1,principal
SKU_1568_FRE,2025-04-01,124,9262.58,29127.6,principal
SKU_1568_PIN,2025-04-01,105,7843.31,24664.5,principal
SKU_1569_WHI,2025-04-01,110,7692.1,24189.0,principal
SKU_1569_PAS,2025-04-01,76,5314.54,16712.4,principal
SKU_1570_MEX,2025-04-01,99,22506.48,70775.1,principal
SKU_1570_HON,2025-04-01,0,0.0,0.0,principal
SKU_1571_WHI,2025-04-01,105,7615.89,26239.5,principal
SKU_1571_BIR,2025-04-01,130,9429.2,32487.0,principal
SKU_1572_BAL,2025-04-01,90,3671.64,12591.0,principal
SKU_1572_MAR,2025-04-01,2,81.59,279.8,principal
SKU_1573_MIN,2025-04-01,139,41926.3,142461.1,principal
SKU_1573_SAG,2025-04-01,6,1809.77,6149.4,principal
SKU_1574_GAR,2025-04-01,102,18324.84,61699.8,principal
SKU_1574_COB,2025-04-01,136,24433.12,82266.4,principal
SKU_1575_JAD,2025-04-01,90,29610.72,77841.0,principal
SKU_1575_AQU,2025-04-01,107,35203.85,92544.3,principal
SKU_1576_AQU,2025-04-01,119,9593.91,29143.1,principal
SKU_1576_BLU,2025-04-01,86,6933.41,21061.4,principal
SKU_1577_FLA,2025-04-01,21,1067.81,3357.9,principal
SKU_1577_HUN,2025-04-01,89,4525.49,14231.1,principal
SKU_1578_PAS,2025-04-01,153,6290.91,19109.7,principal
SKU_1578_TEA,2025-04-01,22,904.58,2747.8,principal
SKU_1579_DEN,2025-04-01,126,9536.07,28967.4,principal
SKU_1579_SAG,2025-04-01,125,9460.39,28737.5,principal
SKU_1580_WHI,2025-04-01,86,5193.39,16331.4,principal
SKU_1580_MOS,2025-04-01,109,6582.31,20699.1,principal
SKU_1581_BIR,2025-04-01,134,31417.12,114556.6,principal
SKU_1581_COB,2025-04-01,111,26024.63,94893.9,principal
SKU_1582_WHI,2025-04-01,128,8626.93,29427.2,principal
SKU_1582_PAS,2025-04-01,103,6941.98,23679.7,principal
SKU_1583_WHI,2025-04-01,132,8993.79,33646.8,principal
SKU_1583_BLU,2025-04-01,110,7494.82,28039.0,principal
SKU_1584_AQU,2025-04-01,0,0.0,0.0,principal
SKU_1584_FLA,2025-04-01,93,5622.99,17195.7,principal
SKU_1585_COR,2025-04-01,85,10669.94,27191.5,principal
SKU_1585_BLA,2025-04-01,81,10167.83,25911.9,principal
SKU_1586_JAD,2025-04-01,102,11822.9,31099.8,principal
SKU_1586_EGR,2025-04-01,121,14025.2,36892.9,principal
SKU_1587_DEE,2025-04-01,0,0.0,0.0,principal
SKU_1587_LIG,2025-04-01,114,8334.33,26208.6,principal
SKU_1588_PAS,2025-04-01,102,15890.4,49969.8,principal
SKU_1588_CRE,2025-04-01,123,19161.95,60257.7,principal
SKU_1589_TUR,2025-04-01,94,21154.41,63910.6,principal
SKU_1589_CER,2025-04-01,78,17553.66,53032.2,principal
SKU_1590_MYS,2025-04-01,123,7689.35,23357.7,principal
SKU_1590_HOT,2025-04-01,115,7189.23,21838.5,principal
SKU_1591_HON,2025-04-01,0,0.0,0.0,principal
SKU_1591_MYS,2025-04-01,123,34807.55,109457.7,principal
SKU_1592_CER,2025-04-01,97,6474.58,20360.3,principal
SKU_1592_SAG,2025-04-01,115,7676.04,24138.5,principal
SKU_1593_LIG,2025-04-01,139,6666.7,20141.1,principal
SKU_1593_FUC,2025-04-01,112,5371.73,16228.8,principal
SKU_1594_BAL,2025-04-01,114,18760.65,56988.6,principal
SKU_1594_WHI,2025-04-01,102,16785.84,50989.8,principal
SKU_1595_FLA,2025-04-01,141,13996.63,42285.9,principal
SKU_1595_MYS,2025-04-01,72,7147.22,21592.8,principal
SKU_1596_BIR,2025-04-01,85,7692.25,23366.5,principal
SKU_1596_CER,2025-04-01,90,8144.74,24741.0,principal
SKU_1597_SHO,2025-04-01,114,19209.93,60408.6,principal
SKU_1597_FLA,2025-04-01,129,21737.56,68357.1,principal
SKU_1598_NAV,2025-04-01,128,19940.89,62707.2,principal
SKU_1598_DUS,2025-04-01,90,14020.94,44091.0,principal
SKU_1599_WHI,2025-04-01,96,14850.34,45110.4,principal
SKU_1599_CER,2025-04-01,98,15159.73,46050.2,principal
SKU_1600_LIG,2025-04-01,90,11700.1,35541.0,principal
SKU_1600_SHO,2025-04-01,0,0.0,0.0,principal
SKU_1601_EME,2025-04-01,127,30892.99,93332.3,principal
SKU_1601_AQU,2025-04-01,84,20433.16,61731.6,principal
SKU_1602_AQU,2025-04-01,107,7287.21,24599.3,principal
SKU_1602_PAS,2025-04-01,84,5720.8,19311.6,principal
SKU_1603_BUB,2025-04-01,93,19274.55,69275.7,principal
SKU_1603_PEA,2025-04-01,0,0.0,0.0,principal
SKU_1604_CLE,2025-04-01,131,21181.36,79241.9,principal
SKU_1604_SNO,2025-04-01,97,15683.91,58675.3,principal
SKU_1605_VAN,2025-04-01,0,0.0,0.0,principal
SKU_1605_COR,2025-04-01,100,6531.03,21990.0,principal
SKU_1606_COB,2025-04-01,90,34799.25,97641.0,principal
SKU_1606_SEA,2025-04-01,106,40985.79,114999.4,principal
SKU_1607_GAR,2025-04-01,99,9827.42,29690.1,principal
SKU_1607_MAR,2025-04-01,94,9331.09,28190.6,principal
SKU_1608_WHI,2025-04-01,0,0.0,0.0,principal
SKU_1608_MID,2025-04-01,120,12044.77,36588.0,principal
SKU_1609_LIM,2025-04-01,0,0.0,0.0,principal
SKU_1609_SAP,2025-04-01,83,7123.74,22401.7,principal
SKU_1610_PRI,2025-04-01,128,7791.24,23667.2,principal
SKU_1610_MEX,2025-04-01,112,6817.34,20708.8,principal
SKU_1611_MID,2025-04-01,92,6659.98,20230.8,principal
SKU_1611_BRI,2025-04-01,82,5936.07,18031.8,principal
SKU_1612_PAL,2025-04-01,134,13634.48,44206.6,principal
SKU_1612_SNO,2025-04-01,88,8953.99,29031.2,principal
SKU_1613_BIR,2025-04-01,132,7106.84,25066.8,principal
SKU_1613_AQU,2025-04-01,123,6622.29,23357.7,principal
SKU_1614_VAN,2025-04-01,107,13581.51,47604.3,principal
SKU_1614_IVO,2025-04-01,136,17262.48,60506.4,principal
SKU_1615_MOS,2025-04-01,98,14442.58,45560.2,principal
SKU_1615_SHO,2025-04-01,81,11937.24,37656.9,principal
SKU_1616_SER,2025-04-01,8,3118.98,8199.2,principal
SKU_1616_COR,2025-04-01,135,52632.71,138361.5,principal
SKU_1617_DEN,2025-04-01,0,0.0,0.0,principal
SKU_1617_MIN,2025-04-01,119,7459.92,19623.1,principal
SKU_1618_SAL,2025-04-01,116,6907.44,20868.4,principal
SKU_1618_SAP,2025-04-01,128,7622.0,23027.2,principal
SKU_1619_IVO,2025-04-01,138,9081.38,27586.2,principal
SKU_1619_PAS,2025-04-01,86,5659.41,17191.4,principal
SKU_1620_SAG,2025-04-01,102,8943.55,27019.8,principal
SKU_1620_BLU,2025-04-01,0,0.0,0.0,principal
SKU_1621_PAS,2025-04-01,143,11118.52,33590.7,principal
SKU_1621_FUC,2025-04-01,0,0.0,0.0,principal
SKU_1622_VAN,2025-04-01,101,8284.5,27259.9,principal
SKU_1622_CLO,2025-04-01,74,6069.83,19972.6,principal
SKU_1623_EGR,2025-04-01,0,0.0,0.0,principal
SKU_1623_SER,2025-04-01,96,25125.68,87830.4,principal
SKU_1624_PRI,2025-04-01,120,7412.83,25188.0,principal
SKU_1624_ARM,2025-04-01,136,8401.21,28546.4,principal
SKU_1625_GAR,2025-04-01,93,6040.66,19055.7,principal
SKU_1625_DUS,2025-04-01,135,8768.7,27661.5,principal
SKU_1626_BAB,2025-04-01,116,23823.84,62628.4,principal
SKU_1626_DEN,2025-04-01,104,21359.31,56149.6,principal
SKU_1627_BAB,2025-04-01,124,13540.42,40907.6,principal
SKU_1627_MOS,2025-04-01,102,11138.08,33649.8,principal
SKU_1628_PEA,2025-04-01,0,0.0,0.0,principal
SKU_1628_POW,2025-04-01,134,24257.63,73686.6,principal
SKU_1629_CLO,2025-04-01,97,7862.65,24725.3,principal
SKU_1629_ARM,2025-04-01,108,8754.29,27529.2,principal
SKU_1630_LIM,2025-04-01,0,0.0,0.0,principal
SKU_1630_SNO,2025-04-01,82,9089.86,27461.8,principal
SKU_1631_BAL,2025-04-01,102,5835.24,18349.8,principal
SKU_1631_SNO,2025-04-01,85,4862.7,15291.5,principal
SKU_1632_SAP,2025-04-01,128,7833.84,23667.2,principal
SKU_1632_SPA,2025-04-01,97,5936.58,17935.3,principal
SKU_1633_SER,2025-04-01,84,6274.65,19731.6,principal
SKU_1633_DEN,2025-04-01,119,8889.09,27953.1,principal
SKU_1634_NAV,2025-04-01,0,0.0,0.0,principal
SKU_1634_SAP,2025-04-01,0,0.0,0.0,principal
SKU_1635_TEA,2025-04-01,98,18851.1,59280.2,principal
SKU_1635_SAG,2025-04-01,108,20774.69,65329.2,principal
SKU_1636_LIG,2025-04-01,97,14047.06,42670.3,principal
SKU_1636_SHO,2025-04-01,106,15350.4,46629.4,principal
SKU_1637_BLU,2025-04-01,105,30715.46,96589.5,principal
SKU_1637_WHI,2025-04-01,76,22232.14,69912.4,principal
SKU_1638_PEA,2025-04-01,96,34798.87,109430.4,principal
SKU_1638_SAP,2025-04-01,73,26461.64,83212.7,principal
SKU_1639_FRE,2025-04-01,89,5374.55,16901.1,principal
SKU_1639_WHI,2025-04-01,114,6884.25,21648.6,principal
SKU_1640_IVO,2025-04-01,0,0.0,0.0,principal
SKU_1640_TEA,2025-04-01,87,6298.02,19131.3,principal
SKU_1641_MEX,2025-04-01,113,11674.96,36713.7,principal
SKU_1641_SER,2025-04-01,0,0.0,0.0,principal
SKU_1642_OFF,2025-04-01,128,9528.56,28787.2,principal
SKU_1642_SAL,2025-04-01,119,8858.59,26763.1,principal
SKU_1643_PAS,2025-04-01,112,7711.77,25188.8,principal
SKU_1643_EGR,2025-04-01,5,344.28,1124.5,principal
SKU_1644_BAB,2025-04-01,121,11128.37,38707.9,principal
SKU_1644_PEA,2025-04-01,107,9840.79,34229.3,principal
SKU_1645_MYS,2025-04-01,116,13234.61,46388.4,principal
SKU_1645_MIN,2025-04-01,119,13576.88,47588.1,principal
SKU_1646_BLU,2025-04-01,82,5326.17,16801.8,principal
SKU_1646_CLE,2025-04-01,86,5585.98,17621.4,principal
SKU_1647_BLA,2025-04-01,116,12881.26,39428.4,principal
SKU_1647_ARM,2025-04-01,103,11437.67,35009.7,principal
SKU_1648_RAS,2025-04-01,89,22200.55,62291.1,principal
SKU_1648_FLA,2025-04-01,0,0.0,0.0,principal
SKU_1649_FLA,2025-04-01,115,8892.84,27013.5,principal
SKU_1649_GAR,2025-04-01,123,9511.48,28892.7,principal
SKU_1650_OLI,2025-04-01,105,33553.61,105514.5,principal
SKU_1650_EGR,2025-04-01,87,27801.56,87426.3,principal
SKU_1651_PAS,2025-04-01,0,0.0,0.0,principal
SKU_1651_SAL,2025-04-01,0,0.0,0.0,principal
SKU_1652_TEA,2025-04-01,121,8181.66,26607.9,principal
SKU_1652_MOS,2025-04-01,88,5950.3,19351.2,principal
SKU_1653_ROS,2025-04-01,131,15059.36,47146.9,principal
SKU_1653_BAB,2025-04-01,109,12530.31,39229.1,principal
SKU_1654_CRE,2025-04-01,86,7797.96,26651.4,principal
SKU_1654_NAV,2025-04-01,113,10246.16,35018.7,principal
SKU_1655_SNO,2025-04-01,127,26482.29,81902.3,principal
SKU_1655_TEA,2025-04-01,85,17724.37,54816.5,principal
SKU_1656_FUC,2025-04-01,7,594.5,1644.3,principal
SKU_1656_SNO,2025-04-01,127,10785.96,29832.3,principal
SKU_1657_SPA,2025-04-01,110,8383.99,23639.0,principal
SKU_1657_EME,2025-04-01,87,6630.97,18696.3,principal
SKU_1658_BAB,2025-04-01,92,30838.37,80950.8,principal
SKU_1658_MYS,2025-04-01,90,30167.97,79191.0,principal
SKU_1659_MOS,2025-04-01,154,52243.25,157834.6,principal
SKU_1659_SNO,2025-04-01,122,41387.51,125037.8,principal
SKU_1660_NAV,2025-04-01,117,12128.81,36843.3,principal
SKU_1660_MAG,2025-04-01,126,13061.8,39677.4,principal
SKU_1661_WHI,2025-04-01,82,26867.87,81171.8,principal
SKU_1661_CER,2025-04-01,110,36042.26,108889.0,principal
SKU_1662_PIS,2025-04-01,120,7444.51,23988.0,principal
SKU_1662_LIG,2025-04-01,110,6824.13,21989.0,principal
SKU_1663_SNO,2025-04-01,101,25780.61,80284.9,principal
SKU_1663_FLA,2025-04-01,104,26546.37,82669.6,principal
SKU_1664_PIN,2025-04-01,143,14238.62,47175.7,principal
SKU_1664_MIN,2025-04-01,91,9060.94,30020.9,principal
SKU_1665_SAG,2025-04-01,0,0.0,0.0,principal
SKU_1665_RAS,2025-04-01,139,10285.67,34736.1,principal
SKU_1666_FUC,2025-04-01,136,38152.21,108786.4,principal
SKU_1666_PAS,2025-04-01,103,28894.69,82389.7,principal
SKU_1667_LIG,2025-04-01,85,6492.81,17841.5,principal
SKU_1667_MID,2025-04-01,130,9930.18,27287.0,principal
SKU_1668_DEN,2025-04-01,125,13085.07,33737.5,principal
SKU_1668_VAN,2025-04-01,0,0.0,0.0,principal
SKU_1669_COR,2025-04-01,84,6478.25,16791.6,principal
SKU_1669_TEA,2025-04-01,114,8791.91,22788.6,principal
SKU_1670_SAP,2025-04-01,143,6858.55,20720.7,principal
SKU_1670_PEA,2025-04-01,0,0.0,0.0,principal
SKU_1671_SEA,2025-04-01,90,9504.65,31491.0,principal
SKU_1671_MIN,2025-04-01,123,12989.68,43037.7,principal
SKU_1672_TEA,2025-04-01,89,8295.05,26246.1,principal
SKU_1672_FOR,2025-04-01,88,8201.85,25951.2,principal
SKU_1673_PEA,2025-04-01,128,17837.93,52467.2,principal
SKU_1673_FUC,2025-04-01,102,14214.6,41809.8,principal
SKU_1674_PAS,2025-04-01,117,9788.72,26898.3,principal
SKU_1674_WHI,2025-04-01,102,8533.76,23449.8,principal
SKU_1675_CRE,2025-04-01,97,24558.64,74195.3,principal
SKU_1675_DEN,2025-04-01,86,21773.64,65781.4,principal
SKU_1676_PIN,2025-04-01,99,5537.18,16820.1,principal
SKU_1676_NAV,2025-04-01,112,6264.28,19028.8,principal
SKU_1677_POW,2025-04-01,101,22320.67,57559.9,principal
SKU_1677_VAN,2025-04-01,116,25635.62,66108.4,principal
SKU_1678_LIG,2025-04-01,115,30327.73,82213.5,principal
SKU_1678_MAG,2025-04-01,112,29536.57,80068.8,principal
SKU_1679_SHO,2025-04-01,130,44781.02,119587.0,principal
SKU_1679_GAR,2025-04-01,0,0.0,0.0,principal
SKU_1680_NAV,2025-04-01,317,35140.05,106163.3,principal
SKU_1680_SEA,2025-04-01,343,38022.2,114870.7,principal
SKU_1681_OFF,2025-04-01,185,14305.88,43456.5,principal
SKU_1681_PIS,2025-04-01,115,8892.84,27013.5,principal
SKU_1682_OLI,2025-04-01,334,30691.13,78456.6,principal
SKU_1682_BIR,2025-04-01,339,31150.58,79631.1,principal
SKU_1683_PAL,2025-04-01,126,15742.41,39677.4,principal
SKU_1683_SHO,2025-04-01,136,16991.81,42826.4,principal
SKU_1684_HON,2025-04-01,319,19523.41,58983.1,principal
SKU_1684_SHO,2025-04-01,188,11505.96,34761.2,principal
SKU_1685_COB,2025-04-01,172,37854.09,114362.8,principal
SKU_1685_BIR,2025-04-01,136,29931.14,90426.4,principal
SKU_1686_MOS,2025-04-01,173,11655.69,37177.7,principal
SKU_1686_SKY,2025-04-01,114,7680.63,24498.6,principal
SKU_1687_FOR,2025-04-01,133,37561.28,119686.7,principal
SKU_1687_WHI,2025-04-01,387,109294.84,348261.3,principal
SKU_1688_WHI,2025-04-01,123,15561.91,52877.7,principal
SKU_1688_LIG,2025-04-01,227,28719.94,97587.3,principal
SKU_1689_MAG,2025-04-01,119,37547.15,114823.1,principal
SKU_1689_IVO,2025-04-01,138,43542.08,133156.2,principal
SKU_1690_MAG,2025-04-01,99,19049.62,53450.1,principal
SKU_1690_MYS,2025-04-01,305,58688.21,164669.5,principal
SKU_1691_HUN,2025-04-01,152,15506.9,47104.8,principal
SKU_1691_ROS,2025-04-01,195,19893.72,60430.5,principal
SKU_1692_OLI,2025-04-01,129,9389.51,28367.1,principal
SKU_1692_BLU,2025-04-01,114,8297.71,25068.6,principal
SKU_1693_MEX,2025-04-01,369,25026.28,75608.1,principal
SKU_1693_FLA,2025-04-01,182,12343.59,37291.8,principal
SKU_1694_PIS,2025-04-01,126,11673.51,35267.4,principal
SKU_1694_SER,2025-04-01,136,12599.98,38066.4,principal
SKU_1695_CRE,2025-04-01,112,7475.8,23508.8,principal
SKU_1695_LIM,2025-04-01,300,20024.46,62970.0,principal
SKU_1696_SER,2025-04-01,189,15711.63,52901.1,principal
SKU_1696_SHO,2025-04-01,218,18122.41,61018.2,principal
SKU_1697_PIS,2025-04-01,122,8127.21,26827.8,principal
SKU_1697_MIN,2025-04-01,208,13856.23,45739.2,principal
SKU_1698_PRI,2025-04-01,195,24097.43,81880.5,principal
SKU_1698_SNO,2025-04-01,141,17424.3,59205.9,principal
SKU_1699_CLO,2025-04-01,133,14347.68,43876.7,principal
SKU_1699_COB,2025-04-01,184,19849.42,60701.6,principal
SKU_1700_HUN,2025-04-01,324,88983.61,226767.6,principal
SKU_1700_PIS,2025-04-01,124,34055.45,86787.6,principal
SKU_1701_SPA,2025-04-01,121,15635.18,41127.9,principal
SKU_1701_BLU,2025-04-01,303,39152.56,102989.7,principal
SKU_1702_LIG,2025-04-01,226,46372.24,140097.4,principal
SKU_1702_COR,2025-04-01,216,44320.37,133898.4,principal
SKU_1703_PAS,2025-04-01,326,27979.99,87987.4,principal
SKU_1703_BLU,2025-04-01,370,31756.43,99863.0,principal
SKU_1704_BAB,2025-04-01,104,11075.81,34829.6,principal
SKU_1704_PEA,2025-04-01,186,19808.67,62291.4,principal
SKU_1705_SER,2025-04-01,327,44366.35,134037.3,principal
SKU_1705_JAD,2025-04-01,121,16416.9,49597.9,principal
SKU_1706_BLA,2025-04-01,354,21232.56,65454.6,principal
SKU_1706_JAD,2025-04-01,130,7797.27,24037.0,principal
SKU_1707_ARM,2025-04-01,332,25115.33,92926.8,principal
SKU_1707_SAP,2025-04-01,158,11952.47,44224.2,principal
SKU_1708_FLA,2025-04-01,339,18142.77,57596.1,principal
SKU_1708_FRE,2025-04-01,316,16911.85,53688.4,principal
SKU_1709_CRE,2025-04-01,347,21435.43,72835.3,principal
SKU_1709_MAR,2025-04-01,213,13157.77,44708.7,principal
SKU_1710_OLI,2025-04-01,190,45702.66,153881.0,principal
SKU_1710_MEX,2025-04-01,202,48589.14,163599.8,principal
SKU_1711_VAN,2025-04-01,331,125270.25,329311.9,principal
SKU_1711_ARM,2025-04-01,167,63202.81,166148.3,principal
SKU_1712_NAV,2025-04-01,376,22389.63,67642.4,principal
SKU_1712_MOS,2025-04-01,200,11909.38,35980.0,principal
SKU_1713_SAL,2025-04-01,206,34427.11,104009.4,principal
SKU_1713_SNO,2025-04-01,228,38103.79,115117.2,principal
SKU_1714_DEE,2025-04-01,160,15513.31,48784.0,principal
SKU_1714_MID,2025-04-01,350,33935.37,106715.0,principal
SKU_1715_HON,2025-04-01,333,23286.09,73226.7,principal
SKU_1715_JAD,2025-04-01,116,8111.67,25508.4,principal
SKU_1716_SAL,2025-04-01,149,8088.48,24570.1,principal
SKU_1717_MIN,2025-04-01,175,13408.7,45482.5,principal
SKU_1717_CRE,2025-04-01,312,23905.79,81088.8,principal
SKU_1718_DUS,2025-04-01,175,19288.99,64732.5,principal
SKU_1719_OFF,2025-04-01,203,18527.3,64939.7,principal
SKU_1719_WHI,2025-04-01,129,11773.5,41267.1,principal
SKU_1720_PAL,2025-04-01,132,8816.98,29686.8,principal
SKU_1720_PAS,2025-04-01,102,6813.12,22939.8,principal
SKU_1721_COR,2025-04-01,186,29709.77,78101.4,principal
SKU_1721_FRE,2025-04-01,355,56704.14,149064.5,principal
SKU_1722_AQU,2025-04-01,133,14303.07,43211.7,principal
SKU_1722_PAS,2025-04-01,326,35058.66,105917.4,principal
SKU_1723_MOS,2025-04-01,304,43761.38,132209.6,principal
SKU_1723_COB,2025-04-01,319,45920.66,138733.1,principal
SKU_1724_PIN,2025-04-01,194,68780.41,216290.6,principal
SKU_1724_PEA,2025-04-01,359,127279.21,400249.1,principal
SKU_1725_OFF,2025-04-01,86,6697.53,21061.4,principal
SKU_1726_PAS,2025-04-01,374,52929.63,160782.6,principal
SKU_1726_BUB,2025-04-01,337,47693.28,144876.3,principal
SKU_1727_LIG,2025-04-01,185,8629.9,28656.5,principal
SKU_1727_WHI,2025-04-01,311,14507.57,48173.9,principal
SKU_1728_MID,2025-04-01,191,19780.38,63010.9,principal
SKU_1729_FUC,2025-04-01,168,8647.48,29383.2,principal
SKU_1729_CLE,2025-04-01,358,18427.36,62614.2,principal
SKU_1730_OFF,2025-04-01,192,18241.98,61420.8,principal
SKU_1730_MIN,2025-04-01,133,12636.37,42546.7,principal
SKU_1731_ARM,2025-04-01,190,65763.93,172881.0,principal
SKU_1732_OFF,2025-04-01,124,45511.11,138247.6,principal
SKU_1732_WHI,2025-04-01,190,69734.77,211831.0,principal
SKU_1733_NAV,2025-04-01,216,25016.45,75578.4,principal
SKU_1733_SAG,2025-04-01,332,38451.21,116166.8,principal
SKU_1734_FRE,2025-04-01,128,14242.33,44787.2,principal
SKU_1734_BRI,2025-04-01,205,22809.98,71729.5,principal
SKU_1735_MOS,2025-04-01,383,34029.96,103371.7,principal
SKU_1735_COR,2025-04-01,352,31275.58,95004.8,principal
SKU_1736_PAS,2025-04-01,101,10802.67,32814.9,principal
SKU_1736_JAD,2025-04-01,183,19573.15,59456.7,principal
SKU_1737_DEE,2025-04-01,210,53515.75,161679.0,principal
SKU_1738_BLU,2025-04-01,125,8063.99,24362.5,principal
SKU_1738_ROY,2025-04-01,168,10838.0,32743.2,principal
SKU_1739_AQU,2025-04-01,349,29285.66,88960.1,principal
SKU_1739_MOS,2025-04-01,114,9566.09,29058.6,principal
SKU_1740_FRE,2025-04-01,118,8347.92,25358.2,principal
SKU_1740_OLI,2025-04-01,343,24265.56,73710.7,principal
SKU_1741_PEA,2025-04-01,347,27404.35,83245.3,principal
SKU_1741_PIN,2025-04-01,342,27009.48,82045.8,principal
SKU_1742_DEN,2025-04-01,132,11355.55,34306.8,principal
SKU_1743_DEE,2025-04-01,119,16646.7,52348.1,principal
SKU_1743_CLO,2025-04-01,206,28816.97,90619.4,principal
SKU_1744_LIG,2025-04-01,218,19010.71,57748.2,principal
SKU_1744_EME,2025-04-01,125,10900.64,33112.5,principal
SKU_1745_PEA,2025-04-01,110,14843.3,45089.0,principal
SKU_1745_FOR,2025-04-01,119,16057.75,48778.1,principal
SKU_1746_EME,2025-04-01,154,9120.35,27704.6,principal
SKU_1746_NAV,2025-04-01,139,8232.01,25006.1,principal
SKU_1747_FUC,2025-04-01,122,6785.42,21337.8,principal
SKU_1747_TEA,2025-04-01,168,9343.86,29383.2,principal
SKU_1748_BAB,2025-04-01,307,29254.38,95139.3,principal
SKU_1748_COB,2025-04-01,352,33542.49,109084.8,principal
SKU_1749_SNO,2025-04-01,302,30482.57,105669.8,principal
SKU_1749_BIR,2025-04-01,135,13626.31,47236.5,principal
SKU_1750_MIN,2025-04-01,151,14930.01,55854.9,principal
SKU_1750_SNO,2025-04-01,360,35594.74,133164.0,principal
SKU_1751_BLU,2025-04-01,316,30961.77,104248.4,principal
SKU_1751_MIN,2025-04-01,195,19106.16,64330.5,principal
SKU_1752_SNO,2025-04-01,314,48109.94,134988.6,principal
SKU_1752_SPA,2025-04-01,360,55157.89,154764.0,principal
SKU_1753_WHI,2025-04-01,112,33632.3,88468.8,principal
SKU_1753_PAL,2025-04-01,359,107803.53,283574.1,principal
SKU_1754_SER,2025-04-01,187,21038.79,63561.3,principal
SKU_1755_BIR,2025-04-01,304,33515.72,101809.6,principal
SKU_1755_AQU,2025-04-01,346,38146.18,115875.4,principal
SKU_1756_FLA,2025-04-01,106,6064.07,19069.4,principal
SKU_1756_BUB,2025-04-01,132,7551.48,23746.8,principal
SKU_1757_PIN,2025-04-01,130,10950.97,34437.0,principal
SKU_1757_TUR,2025-04-01,183,15415.59,48476.7,principal
SKU_1758_CLO,2025-04-01,200,9831.18,35980.0,principal
SKU_1758_HON,2025-04-01,122,5997.02,21947.8,principal
SKU_1759_CLE,2025-04-01,333,27332.4,89876.7,principal
SKU_1759_COB,2025-04-01,191,15677.14,51550.9,principal
SKU_1760_PAS,2025-04-01,114,8384.19,28488.6,principal
SKU_1760_OFF,2025-04-01,338,24858.4,84466.2,principal
SKU_1761_MOS,2025-04-01,143,50086.22,158000.7,principal
SKU_1761_SAP,2025-04-01,121,42380.65,133692.9,principal
SKU_1762_DEN,2025-04-01,118,10719.87,30078.2,principal
SKU_1762_BRI,2025-04-01,330,29979.3,84117.0,principal
SKU_1763_MAR,2025-04-01,186,18463.64,55781.4,principal
SKU_1763_HOT,2025-04-01,302,29978.6,90569.8,principal
SKU_1764_FUC,2025-04-01,343,26523.87,80570.7,principal
SKU_1764_MAR,2025-04-01,119,9202.16,27953.1,principal
SKU_1765_MYS,2025-04-01,170,14050.19,44183.0,principal
SKU_1765_PAS,2025-04-01,302,24959.76,78489.8,principal
SKU_1766_CLE,2025-04-01,317,39808.29,125183.3,principal
SKU_1766_MYS,2025-04-01,210,26371.42,82929.0,principal
SKU_1767_PRI,2025-04-01,109,7102.24,22334.1,principal
SKU_1767_FUC,2025-04-01,125,8144.77,25612.5,principal
SKU_1768_PEA,2025-04-01,129,24020.79,80612.1,principal
SKU_1768_MIN,2025-04-01,339,63124.41,211841.1,principal
SKU_1769_WHI,2025-04-01,148,13567.24,48085.2,principal
SKU_1769_EME,2025-04-01,196,17967.42,63680.4,principal
SKU_1770_JAD,2025-04-01,134,8672.02,29466.6,principal
SKU_1770_DEE,2025-04-01,186,12037.28,40901.4,principal
SKU_1771_PIN,2025-04-01,189,16371.61,50066.1,principal
SKU_1771_EME,2025-04-01,192,16631.48,50860.8,principal
SKU_1772_BLU,2025-04-01,105,17094.71,43564.5,principal
SKU_1773_OLI,2025-04-01,129,13797.46,41912.1,principal
SKU_1773_FRE,2025-04-01,118,12620.94,38338.2,principal
SKU_1774_COB,2025-04-01,175,11402.68,35857.5,principal
SKU_1774_MOS,2025-04-01,324,21111.26,66387.6,principal
SKU_1775_PAS,2025-04-01,339,31236.5,94886.1,principal
SKU_1775_PAL,2025-04-01,323,29762.21,90407.7,principal
SKU_1776_BIR,2025-04-01,359,39201.69,118434.1,principal
SKU_1776_PAS,2025-04-01,132,14413.99,43546.8,principal
SKU_1777_FRE,2025-04-01,128,9764.89,30707.2,principal
SKU_1778_MIN,2025-04-01,208,19614.8,59259.2,principal
SKU_1779_LIG,2025-04-01,215,15210.19,46203.5,principal
SKU_1779_MIN,2025-04-01,133,9409.1,28581.7,principal
SKU_1780_AQU,2025-04-01,179,19842.49,59947.1,principal
SKU_1780_LIG,2025-04-01,370,41015.2,123913.0,principal
SKU_1781_CLE,2025-04-01,337,13920.86,43776.3,principal
SKU_1781_AQU,2025-04-01,342,14127.4,44425.8,principal
SKU_1782_HUN,2025-04-01,123,10174.18,30737.7,principal
SKU_1783_EGR,2025-04-01,170,64866.59,203983.0,principal
SKU_1783_BAB,2025-04-01,352,134312.01,422364.8,principal
SKU_1784_EGR,2025-04-01,129,13232.42,39977.1,principal
SKU_1784_BLA,2025-04-01,196,20105.07,60740.4,principal
SKU_1785_HUN,2025-04-01,205,15965.03,50204.5,principal
SKU_1785_PAS,2025-04-01,199,15497.76,48735.1,principal
SKU_1786_TEA,2025-04-01,97,5744.64,17450.3,principal
SKU_1786_POW,2025-04-01,184,10897.05,33101.6,principal
SKU_1787_BAB,2025-04-01,639,58908.26,185246.1,principal
SKU_1787_BAB,2025-04-01,639,58908.26,185246.1,principal
SKU_1788_EME,2025-04-01,110,9098.86,27489.0,principal
SKU_1788_MYS,2025-04-01,184,15219.91,45981.6,principal
SKU_1789_SNO,2025-04-01,109,8952.82,29419.1,principal
SKU_1789_EME,2025-04-01,341,28008.37,92035.9,principal
SKU_1790_EGR,2025-04-01,170,12728.68,44183.0,principal
SKU_1790_ROY,2025-04-01,297,22237.75,77190.3,principal
SKU_1791_ARM,2025-04-01,125,8850.97,33112.5,principal
SKU_1791_IVO,2025-04-01,357,25278.37,94569.3,principal
SKU_1792_MIN,2025-04-01,187,24431.61,82261.3,principal
SKU_1792_AQU,2025-04-01,183,23909.0,80501.7,principal
SKU_1793_WHI,2025-04-01,123,8144.83,23357.7,principal
SKU_1794_FLA,2025-04-01,127,10140.44,26657.3,principal
SKU_1794_LIG,2025-04-01,119,9501.67,24978.1,principal
SKU_1795_RAS,2025-04-01,186,18363.24,55781.4,principal
SKU_1795_HUN,2025-04-01,337,33271.03,101066.3,principal
SKU_1796_OLI,2025-04-01,184,30583.21,92901.6,principal
SKU_1796_SHO,2025-04-01,136,22604.98,68666.4,principal
SKU_1797_GAR,2025-04-01,115,12715.97,43688.5,principal
SKU_1798_OFF,2025-04-01,179,23397.51,75162.1,principal
SKU_1798_MOS,2025-04-01,113,14770.5,47448.7,principal
SKU_1799_DEN,2025-04-01,123,9770.08,33197.7,principal
SKU_1799_POW,2025-04-01,360,28595.37,97164.0,principal
SKU_1800_SKY,2025-04-01,132,10973.2,36946.8,principal
SKU_1800_MOS,2025-04-01,341,28347.43,95445.9,principal
SKU_1801_MOS,2025-04-01,112,16476.41,41988.8,principal
SKU_1801_FLA,2025-04-01,134,19712.84,50236.6,principal
SKU_1000_COR,2025-05-01,0,0.0,0.0,principal
SKU_1000_EME,2025-05-01,134,8007.44,27456.6,principal
SKU_1000_ROY,2025-05-01,179,10696.51,36677.1,principal
SKU_1001_AQU,2025-05-01,92,23113.64,86470.8,principal
SKU_1001_SAP,2025-05-01,165,41453.82,155083.5,principal
SKU_1002_COR,2025-05-01,63,4839.17,14798.7,principal
SKU_1002_MYS,2025-05-01,59,4531.93,13859.1,principal
SKU_1003_SNO,2025-05-01,120,17182.41,43788.0,principal
SKU_1003_DUS,2025-05-01,160,22909.88,58384.0,principal
SKU_1004_FOR,2025-05-01,0,0.0,0.0,principal
SKU_1004_MEX,2025-05-01,97,11058.97,29090.3,principal
SKU_1005_OLI,2025-05-01,0,0.0,0.0,principal
SKU_1005_MYS,2025-05-01,0,0.0,0.0,principal
SKU_1006_MOS,2025-05-01,90,5434.94,17091.0,principal
SKU_1006_FOR,2025-05-01,81,4891.44,15381.9,principal
SKU_1007_COB,2025-05-01,148,13879.17,43645.2,principal
SKU_1007_FOR,2025-05-01,130,12191.17,38337.0,principal
SKU_1008_MEX,2025-05-01,146,15701.12,47435.4,principal
SKU_1008_WHI,2025-05-01,123,13227.65,39962.7,principal
SKU_1009_BAB,2025-05-01,169,24035.27,87018.1,principal
SKU_1009_MAG,2025-05-01,0,0.0,0.0,principal
SKU_1010_SNO,2025-05-01,120,13584.31,45588.0,principal
SKU_1010_BRI,2025-05-01,0,0.0,0.0,principal
SKU_1011_CER,2025-05-01,72,5001.93,18712.8,principal
SKU_1011_MIN,2025-05-01,54,3751.45,14034.6,principal
SKU_1012_VAN,2025-05-01,124,35719.48,120267.6,principal
SKU_1012_CLO,2025-05-01,157,45225.47,152274.3,principal
SKU_1013_LIG,2025-05-01,92,6295.92,16550.8,principal
SKU_1013_LIG,2025-05-01,92,6295.92,16550.8,principal
SKU_1014_FLA,2025-05-01,135,17869.53,53986.5,principal
SKU_1014_MIN,2025-05-01,155,20516.87,61984.5,principal
SKU_1015_ROY,2025-05-01,152,47036.69,142104.8,principal
SKU_1015_TUR,2025-05-01,51,15782.05,47679.9,principal
SKU_1016_HON,2025-05-01,55,3912.25,11819.5,principal
SKU_1016_SNO,2025-05-01,0,0.0,0.0,principal
SKU_1017_PAS,2025-05-01,164,7817.58,24583.6,principal
SKU_1017_BAL,2025-05-01,87,4147.13,13041.3,principal
SKU_1018_TEA,2025-05-01,158,6024.26,18944.2,principal
SKU_1018_ARM,2025-05-01,165,6291.15,19783.5,principal
SKU_1019_NAV,2025-05-01,65,5348.93,17218.5,principal
SKU_1019_GAR,2025-05-01,81,6665.59,21456.9,principal
SKU_1020_NAV,2025-05-01,54,3285.01,10794.6,principal
SKU_1020_LIG,2025-05-01,100,6083.36,19990.0,principal
SKU_1021_CRE,2025-05-01,87,6625.38,24786.3,principal
SKU_1021_PAS,2025-05-01,176,13403.06,50142.4,principal
SKU_1022_PAL,2025-05-01,142,14854.24,45425.8,principal
SKU_1022_DEN,2025-05-01,63,6590.26,20153.7,principal
SKU_1023_DEN,2025-05-01,142,15596.25,39745.8,principal
SKU_1023_FOR,2025-05-01,180,19769.9,50382.0,principal
SKU_1024_VAN,2025-05-01,165,13166.27,34633.5,principal
SKU_1024_DEN,2025-05-01,76,6064.46,15952.4,principal
SKU_1025_WHI,2025-05-01,119,18349.59,57703.1,principal
SKU_1025_MIN,2025-05-01,104,16036.61,50429.6,principal
SKU_1026_CLO,2025-05-01,0,0.0,0.0,principal
SKU_1026_SPA,2025-05-01,62,8468.27,25723.8,principal
SKU_1027_MAR,2025-05-01,189,25236.83,79361.1,principal
SKU_1027_BIR,2025-05-01,174,23233.91,73062.6,principal
SKU_1028_BLU,2025-05-01,99,19830.51,62360.1,principal
SKU_1028_AQU,2025-05-01,59,11818.18,37164.1,principal
SKU_1029_BLU,2025-05-01,179,13940.2,43837.1,principal
SKU_1029_BAL,2025-05-01,76,5918.74,18612.4,principal
SKU_1030_CRE,2025-05-01,92,19013.47,59790.8,principal
SKU_1030_DEN,2025-05-01,69,14260.11,44843.1,principal
SKU_1031_COR,2025-05-01,154,24207.55,73134.6,principal
SKU_1031_HON,2025-05-01,0,0.0,0.0,principal
SKU_1032_EME,2025-05-01,153,16780.76,52769.7,principal
SKU_1032_HON,2025-05-01,154,16890.44,53114.6,principal
SKU_1033_NAV,2025-05-01,164,33893.58,106583.6,principal
SKU_1033_LIM,2025-05-01,111,22940.17,72138.9,principal
SKU_1034_PAS,2025-05-01,87,6154.82,18696.3,principal
SKU_1034_PIS,2025-05-01,109,7711.21,23424.1,principal
SKU_1035_SAP,2025-05-01,172,35820.41,112642.8,principal
SKU_1035_FUC,2025-05-01,160,33321.31,104784.0,principal
SKU_1036_BIR,2025-05-01,80,19749.37,59992.0,principal
SKU_1036_MID,2025-05-01,88,21724.3,65991.2,principal
SKU_1037_PRI,2025-05-01,54,3604.4,11334.6,principal
SKU_1037_SPA,2025-05-01,107,7142.06,22459.3,principal
SKU_1038_LIG,2025-05-01,51,4133.97,12999.9,principal
SKU_1038_FLA,2025-05-01,116,9402.75,29568.4,principal
SKU_1039_ARM,2025-05-01,71,3640.3,10997.9,principal
SKU_1039_MIN,2025-05-01,87,4460.66,13476.3,principal
SKU_1040_BLA,2025-05-01,85,9145.21,29741.5,principal
SKU_1040_BAB,2025-05-01,85,9145.21,29741.5,principal
SKU_1041_EME,2025-05-01,106,6936.18,23309.4,principal
SKU_1041_SNO,2025-05-01,66,4318.75,14513.4,principal
SKU_1042_SEA,2025-05-01,124,11491.71,39047.6,principal
SKU_1042_EME,2025-05-01,163,15106.04,51328.7,principal
SKU_1043_SPA,2025-05-01,55,14291.49,48119.5,principal
SKU_1043_CER,2025-05-01,78,20267.93,68242.2,principal
SKU_1044_SER,2025-05-01,186,60841.71,159941.4,principal
SKU_1044_COR,2025-05-01,125,40888.24,107487.5,principal
SKU_1045_FOR,2025-05-01,50,4845.14,12745.0,principal
SKU_1045_BUB,2025-05-01,131,12694.26,33391.9,principal
SKU_1046_SNO,2025-05-01,0,0.0,0.0,principal
SKU_1046_PAS,2025-05-01,74,3916.59,11832.6,principal
SKU_1047_ROY,2025-05-01,168,11672.12,35263.2,principal
SKU_1047_DEE,2025-05-01,62,4307.57,13013.8,principal
SKU_1048_MAR,2025-05-01,146,11530.36,35025.4,principal
SKU_1048_PEA,2025-05-01,0,0.0,0.0,principal
SKU_1049_BAL,2025-05-01,153,38022.5,115499.7,principal
SKU_1049_LIG,2025-05-01,176,43738.3,132862.4,principal
SKU_1050_BUB,2025-05-01,0,0.0,0.0,principal
SKU_1050_PRI,2025-05-01,154,13693.84,46954.6,principal
SKU_1051_CLE,2025-05-01,126,28734.56,94487.4,principal
SKU_1051_LIG,2025-05-01,170,38768.86,127483.0,principal
SKU_1052_PAS,2025-05-01,142,13162.54,46135.8,principal
SKU_1052_FRE,2025-05-01,112,10381.72,36388.8,principal
SKU_1053_SHO,2025-05-01,0,0.0,0.0,principal
SKU_1053_NAV,2025-05-01,59,6171.83,18874.1,principal
SKU_1054_DEE,2025-05-01,105,13281.07,37264.5,principal
SKU_1054_PAS,2025-05-01,72,9107.02,25552.8,principal
SKU_1055_LIG,2025-05-01,188,70622.56,213361.2,principal
SKU_1055_PAL,2025-05-01,0,0.0,0.0,principal
SKU_1056_CRE,2025-05-01,135,10496.51,31711.5,principal
SKU_1056_OLI,2025-05-01,162,12595.81,38053.8,principal
SKU_1057_ROY,2025-05-01,58,3530.41,10724.2,principal
SKU_1057_SNO,2025-05-01,0,0.0,0.0,principal
SKU_1058_MID,2025-05-01,66,4090.56,12863.4,principal
SKU_1058_SHO,2025-05-01,122,7561.34,23777.8,principal
SKU_1059_PEA,2025-05-01,92,8773.87,27590.8,principal
SKU_1059_OFF,2025-05-01,156,14877.44,46784.4,principal
SKU_1060_CRE,2025-05-01,142,48444.87,157605.8,principal
SKU_1060_LIM,2025-05-01,59,20128.5,65484.1,principal
SKU_1061_PAS,2025-05-01,153,17694.95,62714.7,principal
SKU_1061_EGR,2025-05-01,60,6939.2,24594.0,principal
SKU_1062_OLI,2025-05-01,166,9467.22,33183.4,principal
SKU_1062_MID,2025-05-01,130,7414.09,25987.0,principal
SKU_1063_SNO,2025-05-01,111,6506.08,20523.9,principal
SKU_1063_SAP,2025-05-01,60,3516.8,11094.0,principal
SKU_1064_PRI,2025-05-01,100,6768.04,18990.0,principal
SKU_1064_BIR,2025-05-01,140,9475.25,26586.0,principal
SKU_1065_CLE,2025-05-01,141,29934.45,90930.9,principal
SKU_1065_COB,2025-05-01,126,26749.94,81257.4,principal
SKU_1066_IVO,2025-05-01,173,10301.61,31122.7,principal
SKU_1066_WHI,2025-05-01,80,4763.75,14392.0,principal
SKU_1067_EME,2025-05-01,79,6654.82,20927.1,principal
SKU_1067_WHI,2025-05-01,74,6233.63,19602.6,principal
SKU_1068_COR,2025-05-01,75,19733.39,59617.5,principal
SKU_1068_BAL,2025-05-01,0,0.0,0.0,principal
SKU_1069_OLI,2025-05-01,0,0.0,0.0,principal
SKU_1069_CRE,2025-05-01,88,15434.93,46631.2,principal
SKU_1070_LIG,2025-05-01,0,0.0,0.0,principal
SKU_1070_MID,2025-05-01,153,17466.77,52769.7,principal
SKU_1071_BAB,2025-05-01,176,15637.79,47502.4,principal
SKU_1071_SKY,2025-05-01,146,12972.26,39405.4,principal
SKU_1072_PAS,2025-05-01,152,23138.49,69904.8,principal
SKU_1072_CER,2025-05-01,133,20246.18,61166.7,principal
SKU_1073_FRE,2025-05-01,91,9635.71,29110.9,principal
SKU_1073_BLU,2025-05-01,116,12282.88,37108.4,principal
SKU_1074_JAD,2025-05-01,137,9241.07,28071.3,principal
SKU_1074_PRI,2025-05-01,174,11736.84,35652.6,principal
SKU_1075_NAV,2025-05-01,101,9311.01,29279.9,principal
SKU_1075_LIG,2025-05-01,166,15303.24,48123.4,principal
SKU_1076_BLU,2025-05-01,0,0.0,0.0,principal
SKU_1076_POW,2025-05-01,140,9904.31,30086.0,principal
SKU_1077_NAV,2025-05-01,65,4752.03,14943.5,principal
SKU_1077_MAR,2025-05-01,84,6141.09,19311.6,principal
SKU_1078_GAR,2025-05-01,0,0.0,0.0,principal
SKU_1078_BLU,2025-05-01,161,15866.26,49893.9,principal
SKU_1079_BAB,2025-05-01,103,9321.2,28314.7,principal
SKU_1079_JAD,2025-05-01,153,13846.05,42059.7,principal
SKU_1080_TEA,2025-05-01,109,16460.98,51764.1,principal
SKU_1080_MAR,2025-05-01,72,10873.31,34192.8,principal
SKU_1081_EGR,2025-05-01,58,5096.24,16234.2,principal
SKU_1081_PAS,2025-05-01,125,10983.28,34987.5,principal
SKU_1082_PIN,2025-05-01,156,10068.58,32744.4,principal
SKU_1082_LIG,2025-05-01,172,11101.25,36102.8,principal
SKU_1083_OFF,2025-05-01,56,7579.52,25754.4,principal
SKU_1083_BAB,2025-05-01,133,18001.36,61166.7,principal
SKU_1084_DUS,2025-05-01,63,20392.93,62363.7,principal
SKU_1084_PAS,2025-05-01,81,26219.48,80181.9,principal
SKU_1085_COB,2025-05-01,114,18618.18,56988.6,principal
SKU_1085_CRE,2025-05-01,84,13718.66,41991.6,principal
SKU_1086_PRI,2025-05-01,177,15620.38,39807.3,principal
SKU_1086_CRE,2025-05-01,72,6354.05,16192.8,principal
SKU_1087_BIR,2025-05-01,84,12158.91,31491.6,principal
SKU_1087_SNO,2025-05-01,142,20554.34,53235.8,principal
SKU_1088_CER,2025-05-01,130,30594.86,92937.0,principal
SKU_1088_HON,2025-05-01,141,33183.66,100800.9,principal
SKU_1089_GAR,2025-05-01,180,17545.68,60282.0,principal
SKU_1089_EGR,2025-05-01,120,11697.12,40188.0,principal
SKU_1090_PAL,2025-05-01,175,7580.7,23607.5,principal
SKU_1090_WHI,2025-05-01,88,3812.01,11871.2,principal
SKU_1091_OFF,2025-05-01,65,5471.23,20468.5,principal
SKU_1091_MOS,2025-05-01,126,10605.77,39677.4,principal
SKU_1092_TUR,2025-05-01,142,15318.58,46845.8,principal
SKU_1092_MIN,2025-05-01,186,20065.18,61361.4,principal
SKU_1093_GAR,2025-05-01,0,0.0,0.0,principal
SKU_1093_TEA,2025-05-01,83,34459.14,96686.7,principal
SKU_1094_FOR,2025-05-01,80,7143.97,18792.0,principal
SKU_1094_DEE,2025-05-01,179,15984.63,42047.1,principal
SKU_1095_COB,2025-05-01,139,18527.74,56281.1,principal
SKU_1095_MAG,2025-05-01,0,0.0,0.0,principal
SKU_1096_HOT,2025-05-01,139,12807.89,38906.1,principal
SKU_1096_CLE,2025-05-01,53,4883.58,14834.7,principal
SKU_1097_AQU,2025-05-01,0,0.0,0.0,principal
SKU_1097_PAL,2025-05-01,126,8962.62,27077.4,principal
SKU_1098_HON,2025-05-01,0,0.0,0.0,principal
SKU_1098_HUN,2025-05-01,161,18380.07,55528.9,principal
SKU_1099_SAL,2025-05-01,61,4564.04,15243.9,principal
SKU_1099_PRI,2025-05-01,84,6284.91,20991.6,principal
SKU_1100_PEA,2025-05-01,78,3940.29,14422.2,principal
SKU_1100_COB,2025-05-01,0,0.0,0.0,principal
SKU_1101_CLE,2025-05-01,0,0.0,0.0,principal
SKU_1101_DEE,2025-05-01,120,13308.33,49788.0,principal
SKU_1102_FLA,2025-05-01,189,54443.4,183311.1,principal
SKU_1102_OFF,2025-05-01,136,39176.2,131906.4,principal
SKU_1103_EGR,2025-05-01,73,3607.22,9482.7,principal
SKU_1103_LIG,2025-05-01,51,2520.11,6624.9,principal
SKU_1104_POW,2025-05-01,73,4346.92,13132.7,principal
SKU_1104_MEX,2025-05-01,118,7026.53,21228.2,principal
SKU_1105_ARM,2025-05-01,0,0.0,0.0,principal
SKU_1105_SER,2025-05-01,172,11601.93,35242.8,principal
SKU_1106_MYS,2025-05-01,118,29264.97,92028.2,principal
SKU_1106_SNO,2025-05-01,78,19344.64,60832.2,principal
SKU_1107_BAL,2025-05-01,148,48473.12,147245.2,principal
SKU_1107_PAS,2025-05-01,52,17031.1,51734.8,principal
SKU_1108_PRI,2025-05-01,115,9512.44,28738.5,principal
SKU_1108_SNO,2025-05-01,97,8023.54,24240.3,principal
SKU_1109_SAG,2025-05-01,0,0.0,0.0,principal
SKU_1109_CER,2025-05-01,187,11790.36,42991.3,principal
SKU_1110_FLA,2025-05-01,157,9913.86,36094.3,principal
SKU_1110_HUN,2025-05-01,0,0.0,0.0,principal
SKU_1111_CRE,2025-05-01,46,2580.89,9655.4,principal
SKU_1111_BLU,2025-05-01,83,4656.82,17421.7,principal
SKU_1112_MIN,2025-05-01,110,8980.98,30239.0,principal
SKU_1112_EGR,2025-05-01,89,7266.43,24466.1,principal
SKU_1113_VAN,2025-05-01,0,0.0,0.0,principal
SKU_1113_OLI,2025-05-01,0,0.0,0.0,principal
SKU_1114_GAR,2025-05-01,91,12045.39,36390.9,principal
SKU_1114_PRI,2025-05-01,131,17340.06,52386.9,principal
SKU_1115_LIM,2025-05-01,135,9602.81,29011.5,principal
SKU_1115_TEA,2025-05-01,0,0.0,0.0,principal
SKU_1116_MOS,2025-05-01,92,7265.71,22070.8,principal
SKU_1116_SNO,2025-05-01,106,8371.36,25429.4,principal
SKU_1117_MOS,2025-05-01,113,8224.92,24848.7,principal
SKU_1117_MIN,2025-05-01,159,11573.12,34964.1,principal
SKU_1118_FUC,2025-05-01,111,10834.92,32733.9,principal
SKU_1118_DUS,2025-05-01,76,7418.5,22412.4,principal
SKU_1119_PAS,2025-05-01,63,2901.47,8813.7,principal
SKU_1119_LIG,2025-05-01,0,0.0,0.0,principal
SKU_1120_AQU,2025-05-01,76,5797.9,18232.4,principal
SKU_1120_SAL,2025-05-01,141,10756.64,33825.9,principal
SKU_1121_MYS,2025-05-01,126,10365.65,31487.4,principal
SKU_1121_MIN,2025-05-01,158,12998.2,39484.2,principal
SKU_1122_ROY,2025-05-01,93,13079.7,39515.7,principal
SKU_1122_PIS,2025-05-01,178,25034.26,75632.2,principal
SKU_1123_BAB,2025-05-01,72,10245.38,30952.8,principal
SKU_1123_SER,2025-05-01,0,0.0,0.0,principal
SKU_1124_BLU,2025-05-01,172,21510.85,65342.8,principal
SKU_1124_FOR,2025-05-01,137,17133.64,52046.3,principal
SKU_1125_MIN,2025-05-01,151,7948.5,24144.9,principal
SKU_1125_SAP,2025-05-01,86,4526.96,13751.4,principal
SKU_1126_WHI,2025-05-01,145,32871.78,99310.5,principal
SKU_1126_WHI,2025-05-01,145,32871.78,99310.5,principal
SKU_1127_SAL,2025-05-01,158,10397.52,31584.2,principal
SKU_1127_BLU,2025-05-01,68,4474.88,13593.2,principal
SKU_1128_PRI,2025-05-01,141,19026.41,57795.9,principal
SKU_1128_TEA,2025-05-01,0,0.0,0.0,principal
SKU_1129_VAN,2025-05-01,123,15670.43,47342.7,principal
SKU_1129_SAG,2025-05-01,78,9937.35,30022.2,principal
SKU_1130_CRE,2025-05-01,50,3701.48,12495.0,principal
SKU_1130_MEX,2025-05-01,123,9105.63,30737.7,principal
SKU_1131_CLO,2025-05-01,147,39847.97,130080.3,principal
SKU_1131_JAD,2025-05-01,63,17077.7,55748.7,principal
SKU_1132_NAV,2025-05-01,0,0.0,0.0,principal
SKU_1132_CLE,2025-05-01,181,9316.63,31656.9,principal
SKU_1133_MOS,2025-05-01,78,21078.74,70972.2,principal
SKU_1133_PEA,2025-05-01,158,42697.97,143764.2,principal
SKU_1134_DUS,2025-05-01,68,6001.05,15293.2,principal
SKU_1134_PIN,2025-05-01,163,14384.87,36658.7,principal
SKU_1135_ROS,2025-05-01,118,8070.11,21228.2,principal
SKU_1135_MAR,2025-05-01,82,5608.04,14751.8,principal
SKU_1136_SNO,2025-05-01,113,9296.18,28238.7,principal
SKU_1136_FUC,2025-05-01,60,4936.02,14994.0,principal
SKU_1137_DEE,2025-05-01,71,9141.83,28747.9,principal
SKU_1137_PAL,2025-05-01,149,19184.97,60330.1,principal
SKU_1138_PEA,2025-05-01,155,11085.32,34859.5,principal
SKU_1138_HON,2025-05-01,124,8868.26,27887.6,principal
SKU_1139_PRI,2025-05-01,111,10651.22,32178.9,principal
SKU_1139_EGR,2025-05-01,140,13433.97,40586.0,principal
SKU_1140_SNO,2025-05-01,149,8905.58,29785.1,principal
SKU_1140_ROS,2025-05-01,0,0.0,0.0,principal
SKU_1141_SKY,2025-05-01,73,8060.79,26637.7,principal
SKU_1141_CLE,2025-05-01,183,20207.18,66776.7,principal
SKU_1142_MIN,2025-05-01,86,7813.55,29231.4,principal
SKU_1142_PAS,2025-05-01,77,6995.86,26172.3,principal
SKU_1143_IVO,2025-05-01,131,8348.93,25531.9,principal
SKU_1143_SNO,2025-05-01,58,3696.47,11304.2,principal
SKU_1144_SEA,2025-05-01,147,18447.61,48495.3,principal
SKU_1144_BUB,2025-05-01,178,22337.92,58722.2,principal
SKU_1145_MOS,2025-05-01,115,17125.44,51738.5,principal
SKU_1145_LIG,2025-05-01,0,0.0,0.0,principal
SKU_1146_FRE,2025-05-01,61,9436.16,28663.9,principal
SKU_1146_CER,2025-05-01,134,20728.6,62966.6,principal
SKU_1147_COR,2025-05-01,182,21078.68,63681.8,principal
SKU_1147_MEX,2025-05-01,0,0.0,0.0,principal
SKU_1148_TEA,2025-05-01,88,12667.77,38271.2,principal
SKU_1148_SPA,2025-05-01,160,23032.3,69584.0,principal
SKU_1149_IVO,2025-05-01,108,5491.61,17269.2,principal
SKU_1149_OLI,2025-05-01,127,6457.72,20307.3,principal
SKU_1150_SAG,2025-05-01,135,26870.12,85711.5,principal
SKU_1150_VAN,2025-05-01,171,34035.48,108567.9,principal
SKU_1151_CRE,2025-05-01,128,31653.16,103667.2,principal
SKU_1151_JAD,2025-05-01,131,32395.03,106096.9,principal
SKU_1152_CLO,2025-05-01,176,47745.77,178622.4,principal
SKU_1152_WHI,2025-05-01,108,29298.54,109609.2,principal
SKU_1153_PEA,2025-05-01,167,18594.67,62608.3,principal
SKU_1153_MOS,2025-05-01,68,7571.48,25493.2,principal
SKU_1154_VAN,2025-05-01,93,19520.21,49745.7,principal
SKU_1154_PEA,2025-05-01,116,24347.79,62048.4,principal
SKU_1155_ARM,2025-05-01,146,43009.55,113135.4,principal
SKU_1155_BAB,2025-05-01,99,29164.01,76715.1,principal
SKU_1156_FLA,2025-05-01,162,14676.91,46153.8,principal
SKU_1156_EGR,2025-05-01,91,8244.44,25925.9,principal
SKU_1157_DEE,2025-05-01,128,8001.93,24307.2,principal
SKU_1157_PAS,2025-05-01,106,6626.6,20129.4,principal
SKU_1158_AQU,2025-05-01,168,36857.22,115903.2,principal
SKU_1158_MYS,2025-05-01,96,21061.27,66230.4,principal
SKU_1159_PAS,2025-05-01,95,5656.96,17090.5,principal
SKU_1159_PRI,2025-05-01,103,6133.33,18529.7,principal
SKU_1160_DUS,2025-05-01,157,10648.04,32169.3,principal
SKU_1160_LIM,2025-05-01,57,3865.85,11679.3,principal
SKU_1161_MEX,2025-05-01,87,12235.85,36966.3,principal
SKU_1161_DUS,2025-05-01,0,0.0,0.0,principal
SKU_1162_HOT,2025-05-01,169,40838.55,128423.1,principal
SKU_1162_BUB,2025-05-01,163,39388.66,123863.7,principal
SKU_1163_HUN,2025-05-01,140,11517.39,34986.0,principal
SKU_1163_SPA,2025-05-01,141,11599.66,35235.9,principal
SKU_1164_BRI,2025-05-01,166,10552.32,33183.4,principal
SKU_1164_MIN,2025-05-01,81,5149.02,16191.9,principal
SKU_1165_HUN,2025-05-01,0,0.0,0.0,principal
SKU_1165_MAR,2025-05-01,169,18266.91,57443.1,principal
SKU_1166_PIS,2025-05-01,85,16350.45,51416.5,principal
SKU_1166_FRE,2025-05-01,145,27891.94,87710.5,principal
SKU_1167_WHI,2025-05-01,105,24872.21,78214.5,principal
SKU_1167_JAD,2025-05-01,85,20134.65,63316.5,principal
SKU_1168_GAR,2025-05-01,140,35213.77,106386.0,principal
SKU_1168_BLU,2025-05-01,0,0.0,0.0,principal
SKU_1169_BUB,2025-05-01,124,7882.46,24787.6,principal
SKU_1169_MEX,2025-05-01,132,8391.0,26386.8,principal
SKU_1170_GAR,2025-05-01,110,32406.12,98439.0,principal
SKU_1170_OFF,2025-05-01,65,19149.07,58168.5,principal
SKU_1171_MIN,2025-05-01,68,3849.39,12573.2,principal
SKU_1171_EME,2025-05-01,128,7245.92,23667.2,principal
SKU_1172_ARM,2025-05-01,51,5632.31,18354.9,principal
SKU_1172_PIN,2025-05-01,53,5853.19,19074.7,principal
SKU_1173_GAR,2025-05-01,57,4946.98,16809.3,principal
SKU_1173_AQU,2025-05-01,61,5294.13,17988.9,principal
SKU_1174_PEA,2025-05-01,92,6121.52,19310.8,principal
SKU_1174_BLU,2025-05-01,79,5256.53,16582.1,principal
SKU_1175_FUC,2025-05-01,58,5114.23,15654.2,principal
SKU_1175_CLE,2025-05-01,77,6789.58,20782.3,principal
SKU_1176_GAR,2025-05-01,183,22617.33,59456.7,principal
SKU_1176_NAV,2025-05-01,165,20392.67,53608.5,principal
SKU_1177_MIN,2025-05-01,157,12399.09,37664.3,principal
SKU_1177_PEA,2025-05-01,97,7660.58,23270.3,principal
SKU_1178_RAS,2025-05-01,159,16174.78,50864.1,principal
SKU_1178_MID,2025-05-01,118,12003.93,37748.2,principal
SKU_1179_TUR,2025-05-01,123,13294.85,41807.7,principal
SKU_1179_VAN,2025-05-01,157,16969.85,53364.3,principal
SKU_1180_ROY,2025-05-01,147,22440.86,77895.3,principal
SKU_1180_AQU,2025-05-01,92,14044.62,48750.8,principal
SKU_1181_AQU,2025-05-01,169,15170.5,48993.1,principal
SKU_1181_SER,2025-05-01,116,10412.89,33628.4,principal
SKU_1182_BIR,2025-05-01,106,26870.94,89029.4,principal
SKU_1182_PIN,2025-05-01,112,28391.94,94068.8,principal
SKU_1183_POW,2025-05-01,107,23194.14,69539.3,principal
SKU_1183_MOS,2025-05-01,162,35116.36,105283.8,principal
SKU_1184_HOT,2025-05-01,128,15249.11,43507.2,principal
SKU_1184_BAB,2025-05-01,0,0.0,0.0,principal
SKU_1185_BAL,2025-05-01,76,28479.29,75232.4,principal
SKU_1185_MAG,2025-05-01,122,45716.75,120767.8,principal
SKU_1186_FLA,2025-05-01,0,0.0,0.0,principal
SKU_1186_MEX,2025-05-01,151,23606.9,71709.9,principal
SKU_1187_JAD,2025-05-01,79,8103.58,24482.1,principal
SKU_1187_OLI,2025-05-01,108,11078.31,33469.2,principal
SKU_1188_TEA,2025-05-01,57,4526.19,13674.3,principal
SKU_1188_BAB,2025-05-01,63,5002.63,15113.7,principal
SKU_1189_FUC,2025-05-01,0,0.0,0.0,principal
SKU_1189_ROY,2025-05-01,176,13684.33,41342.4,principal
SKU_1190_TEA,2025-05-01,87,14669.37,50451.3,principal
SKU_1190_MAG,2025-05-01,120,20233.62,69588.0,principal
SKU_1191_MIN,2025-05-01,52,2993.03,9614.8,principal
SKU_1191_MYS,2025-05-01,118,6791.87,21818.2,principal
SKU_1192_MAR,2025-05-01,79,5087.08,18557.1,principal
SKU_1192_RAS,2025-05-01,0,0.0,0.0,principal
SKU_1193_CLE,2025-05-01,108,15185.9,48049.2,principal
SKU_1193_ROS,2025-05-01,66,9280.27,29363.4,principal
SKU_1194_FLA,2025-05-01,105,8097.66,23089.5,principal
SKU_1194_SAG,2025-05-01,90,6940.85,19791.0,principal
SKU_1195_HUN,2025-05-01,114,18264.54,53568.6,principal
SKU_1195_SAL,2025-05-01,0,0.0,0.0,principal
SKU_1196_PEA,2025-05-01,0,0.0,0.0,principal
SKU_1196_RAS,2025-05-01,0,0.0,0.0,principal
SKU_1197_ROS,2025-05-01,95,24859.7,75515.5,principal
SKU_1197_COR,2025-05-01,57,14915.82,45309.3,principal
SKU_1198_SEA,2025-05-01,126,13418.77,42197.4,principal
SKU_1198_SAL,2025-05-01,64,6815.88,21433.6,principal
SKU_1199_PAL,2025-05-01,133,7652.83,27916.7,principal
SKU_1199_TEA,2025-05-01,114,6559.57,23928.6,principal
SKU_1200_MID,2025-05-01,176,9375.52,31662.4,principal
SKU_1200_PAS,2025-05-01,134,7138.18,24106.6,principal
SKU_1201_BIR,2025-05-01,0,0.0,0.0,principal
SKU_1201_SAG,2025-05-01,153,23631.83,74189.7,principal
SKU_1202_LIG,2025-05-01,160,47448.82,130384.0,principal
SKU_1202_CLE,2025-05-01,152,45076.38,123864.8,principal
SKU_1203_OFF,2025-05-01,0,0.0,0.0,principal
SKU_1203_FLA,2025-05-01,101,27889.34,76749.9,principal
SKU_1204_AQU,2025-05-01,44,5939.67,15395.6,principal
SKU_1204_MIN,2025-05-01,138,18628.96,48286.2,principal
SKU_1205_RAS,2025-05-01,109,28679.2,86644.1,principal
SKU_1205_COR,2025-05-01,82,21575.18,65181.8,principal
SKU_1206_HUN,2025-05-01,133,18265.14,55181.7,principal
SKU_1206_BLA,2025-05-01,53,7278.59,21989.7,principal
SKU_1207_POW,2025-05-01,113,37939.87,115248.7,principal
SKU_1207_BLA,2025-05-01,67,22495.32,68333.3,principal
SKU_1208_PAS,2025-05-01,84,20587.27,54171.6,principal
SKU_1208_MOS,2025-05-01,84,20587.27,54171.6,principal
SKU_1209_BLA,2025-05-01,117,12628.14,32748.3,principal
SKU_1209_DUS,2025-05-01,94,10145.68,26310.6,principal
SKU_1210_SHO,2025-05-01,112,8977.25,22948.8,principal
SKU_1210_WHI,2025-05-01,146,11702.49,29915.4,principal
SKU_1211_GAR,2025-05-01,169,17797.57,54063.1,principal
SKU_1211_CRE,2025-05-01,179,18850.68,57262.1,principal
SKU_1212_COB,2025-05-01,179,12517.15,39362.1,principal
SKU_1212_SNO,2025-05-01,97,6783.04,21330.3,principal
SKU_1213_MAG,2025-05-01,95,27361.62,83115.5,principal
SKU_1213_POW,2025-05-01,81,23329.38,70866.9,principal
SKU_1214_BLA,2025-05-01,113,10624.55,33888.7,principal
SKU_1214_RAS,2025-05-01,119,11188.68,35688.1,principal
SKU_1215_MAG,2025-05-01,130,8971.46,28587.0,principal
SKU_1215_BRI,2025-05-01,63,4347.71,13853.7,principal
SKU_1216_WHI,2025-05-01,170,25896.83,96883.0,principal
SKU_1216_CRE,2025-05-01,171,26049.16,97452.9,principal
SKU_1217_ROS,2025-05-01,106,27550.28,86909.4,principal
SKU_1217_RAS,2025-05-01,95,24691.29,77890.5,principal
SKU_1218_BLU,2025-05-01,103,26469.22,67454.7,principal
SKU_1218_SNO,2025-05-01,50,12849.14,32745.0,principal
SKU_1219_MAR,2025-05-01,129,19366.15,50942.1,principal
SKU_1219_LIM,2025-05-01,0,0.0,0.0,principal
SKU_1220_TUR,2025-05-01,87,8780.21,26526.3,principal
SKU_1220_HOT,2025-05-01,56,5651.63,17074.4,principal
SKU_1221_SAG,2025-05-01,121,28277.48,88922.9,principal
SKU_1221_PAL,2025-05-01,0,0.0,0.0,principal
SKU_1222_PAS,2025-05-01,101,28092.25,85334.9,principal
SKU_1222_HON,2025-05-01,115,31986.22,97163.5,principal
SKU_1223_TEA,2025-05-01,176,8395.39,25502.4,principal
SKU_1223_BLA,2025-05-01,87,4149.99,12606.3,principal
SKU_1224_OLI,2025-05-01,0,0.0,0.0,principal
SKU_1224_ARM,2025-05-01,61,8276.01,25308.9,principal
SKU_1225_POW,2025-05-01,112,7291.4,24068.8,principal
SKU_1225_IVO,2025-05-01,171,11132.41,36747.9,principal
SKU_1226_PAL,2025-05-01,166,22964.77,80493.4,principal
SKU_1226_LIG,2025-05-01,135,18676.17,65461.5,principal
SKU_1227_CLO,2025-05-01,117,13896.13,46788.3,principal
SKU_1227_PAS,2025-05-01,137,16271.53,54786.3,principal
SKU_1228_WHI,2025-05-01,173,19679.92,50152.7,principal
SKU_1228_SPA,2025-05-01,83,9441.81,24061.7,principal
SKU_1229_SAL,2025-05-01,79,22363.25,67932.1,principal
SKU_1229_CLO,2025-05-01,143,40480.31,122965.7,principal
SKU_1230_ROS,2025-05-01,118,15534.36,47188.2,principal
SKU_1230_NAV,2025-05-01,134,17640.71,53586.6,principal
SKU_1231_LIG,2025-05-01,134,21285.48,64306.6,principal
SKU_1231_BIR,2025-05-01,0,0.0,0.0,principal
SKU_1232_AQU,2025-05-01,54,6343.48,19164.6,principal
SKU_1232_FOR,2025-05-01,0,0.0,0.0,principal
SKU_1233_JAD,2025-05-01,93,7344.68,22310.7,principal
SKU_1233_SEA,2025-05-01,140,11056.51,33586.0,principal
SKU_1234_MOS,2025-05-01,62,4120.94,12703.8,principal
SKU_1234_SAL,2025-05-01,0,0.0,0.0,principal
SKU_1235_HUN,2025-05-01,0,0.0,0.0,principal
SKU_1235_COR,2025-05-01,143,19383.94,67195.7,principal
SKU_1236_DEE,2025-05-01,100,17666.9,56990.0,principal
SKU_1236_LIM,2025-05-01,185,32683.76,105431.5,principal
SKU_1237_BAB,2025-05-01,100,28527.15,99990.0,principal
SKU_1237_GAR,2025-05-01,171,48781.42,170982.9,principal
SKU_1238_SAP,2025-05-01,134,19535.63,61626.6,principal
SKU_1238_TUR,2025-05-01,0,0.0,0.0,principal
SKU_1239_BAB,2025-05-01,56,6601.61,17354.4,principal
SKU_1239_MID,2025-05-01,58,6837.39,17974.2,principal
SKU_1240_PAL,2025-05-01,192,63200.08,191980.8,principal
SKU_1240_MOS,2025-05-01,0,0.0,0.0,principal
SKU_1241_BAL,2025-05-01,66,7819.62,23753.4,principal
SKU_1241_FLA,2025-05-01,69,8175.06,24833.1,principal
SKU_1242_AQU,2025-05-01,167,16723.08,52588.3,principal
SKU_1242_SKY,2025-05-01,167,16723.08,52588.3,principal
SKU_1243_SNO,2025-05-01,87,7052.39,21306.3,principal
SKU_1243_PIN,2025-05-01,178,14429.02,43592.2,principal
SKU_1244_COB,2025-05-01,178,16409.5,51602.2,principal
SKU_1244_GAR,2025-05-01,85,7836.0,24641.5,principal
SKU_1245_COB,2025-05-01,87,5383.61,18261.3,principal
SKU_1245_SNO,2025-05-01,0,0.0,0.0,principal
SKU_1246_PAL,2025-05-01,116,9550.3,34208.4,principal
SKU_1246_COR,2025-05-01,78,6421.75,23002.2,principal
SKU_1247_SAP,2025-05-01,56,2874.23,10074.4,principal
SKU_1247_SKY,2025-05-01,124,6364.36,22307.6,principal
SKU_1248_AQU,2025-05-01,58,3222.32,9854.2,principal
SKU_1248_SAG,2025-05-01,86,4777.93,14611.4,principal
SKU_1249_WHI,2025-05-01,97,9958.99,26180.3,principal
SKU_1249_ARM,2025-05-01,154,15811.17,41564.6,principal
SKU_1250_AQU,2025-05-01,83,7101.4,21571.7,principal
SKU_1250_BAB,2025-05-01,105,8983.7,27289.5,principal
SKU_1251_SHO,2025-05-01,67,20289.68,61633.3,principal
SKU_1251_COB,2025-05-01,0,0.0,0.0,principal
SKU_1252_NAV,2025-05-01,108,7723.97,24289.2,principal
SKU_1252_FLA,2025-05-01,74,5292.35,16642.6,principal
SKU_1253_SEA,2025-05-01,181,21444.71,65141.9,principal
SKU_1253_FRE,2025-05-01,114,13506.62,41028.6,principal
SKU_1254_SEA,2025-05-01,0,0.0,0.0,principal
SKU_1254_BAB,2025-05-01,45,2828.56,8545.5,principal
SKU_1255_VAN,2025-05-01,42,6261.4,20155.8,principal
SKU_1255_SHO,2025-05-01,178,26536.41,85422.2,principal
SKU_1256_SEA,2025-05-01,157,31051.08,102034.3,principal
SKU_1256_MID,2025-05-01,176,34808.85,114382.4,principal
SKU_1257_SPA,2025-05-01,86,5027.39,17621.4,principal
SKU_1257_EME,2025-05-01,85,4968.93,17416.5,principal
SKU_1258_AQU,2025-05-01,93,7316.8,24635.7,principal
SKU_1258_LIG,2025-05-01,0,0.0,0.0,principal
SKU_1259_ARM,2025-05-01,75,9620.13,26992.5,principal
SKU_1259_POW,2025-05-01,0,0.0,0.0,principal
SKU_1260_WHI,2025-05-01,154,17326.06,52344.6,principal
SKU_1260_ROY,2025-05-01,174,19576.2,59142.6,principal
SKU_1261_PAS,2025-05-01,283,46106.67,140056.7,principal
SKU_1261_PAS,2025-05-01,283,46106.67,140056.7,principal
SKU_1262_BLU,2025-05-01,165,15013.66,45358.5,principal
SKU_1262_OFF,2025-05-01,0,0.0,0.0,principal
SKU_1263_COB,2025-05-01,0,0.0,0.0,principal
SKU_1263_SKY,2025-05-01,145,8826.02,26810.5,principal
SKU_1264_EGR,2025-05-01,190,37152.26,116831.0,principal
SKU_1264_BRI,2025-05-01,128,25028.89,78707.2,principal
SKU_1265_CRE,2025-05-01,113,8224.92,24848.7,principal
SKU_1265_JAD,2025-05-01,113,8224.92,24848.7,principal
SKU_1266_MEX,2025-05-01,109,10761.25,32689.1,principal
SKU_1266_SPA,2025-05-01,177,17474.69,53082.3,principal
SKU_1267_SKY,2025-05-01,137,15186.71,45881.3,principal
SKU_1267_SAP,2025-05-01,0,0.0,0.0,principal
SKU_1268_MYS,2025-05-01,85,9052.35,28466.5,principal
SKU_1268_MAR,2025-05-01,105,11182.31,35164.5,principal
SKU_1269_BAB,2025-05-01,111,37999.19,115428.9,principal
SKU_1269_CER,2025-05-01,58,19855.43,60314.2,principal
SKU_1270_CRE,2025-05-01,187,11690.32,35511.3,principal
SKU_1270_TUR,2025-05-01,129,8064.45,24497.1,principal
SKU_1271_OLI,2025-05-01,89,26073.0,79201.1,principal
SKU_1271_FLA,2025-05-01,50,14647.75,44495.0,principal
SKU_1272_PAS,2025-05-01,0,0.0,0.0,principal
SKU_1272_TEA,2025-05-01,109,13706.41,41409.1,principal
SKU_1273_PAS,2025-05-01,130,31620.97,99437.0,principal
SKU_1273_EGR,2025-05-01,0,0.0,0.0,principal
SKU_1274_MEX,2025-05-01,120,10108.58,31788.0,principal
SKU_1274_BAL,2025-05-01,177,14910.16,46887.3,principal
SKU_1275_MIN,2025-05-01,161,9799.92,29768.9,principal
SKU_1275_BIR,2025-05-01,113,6878.21,20893.7,principal
SKU_1276_WHI,2025-05-01,0,0.0,0.0,principal
SKU_1276_LIG,2025-05-01,184,9271.2,32181.6,principal
SKU_1277_MYS,2025-05-01,121,8662.94,32052.9,principal
SKU_1277_BAB,2025-05-01,230,16466.74,60927.0,principal
SKU_1278_BAB,2025-05-01,93,27326.23,95780.7,principal
SKU_1278_MOS,2025-05-01,215,63173.55,221428.5,principal
SKU_1279_FUC,2025-05-01,247,33371.01,112360.3,principal
SKU_1279_IVO,2025-05-01,183,24724.27,83246.7,principal
SKU_1280_LIM,2025-05-01,234,41690.46,116976.6,principal
SKU_1280_PRI,2025-05-01,0,0.0,0.0,principal
SKU_1281_PIS,2025-05-01,93,18734.55,49280.7,principal
SKU_1281_CER,2025-05-01,0,0.0,0.0,principal
SKU_1282_PIN,2025-05-01,174,12376.95,37392.6,principal
SKU_1282_BAL,2025-05-01,91,6473.0,19555.9,principal
SKU_1283_SNO,2025-05-01,280,16908.7,53172.0,principal
SKU_1283_BAB,2025-05-01,177,10688.71,33612.3,principal
SKU_1284_COR,2025-05-01,0,0.0,0.0,principal
SKU_1284_HOT,2025-05-01,212,49544.2,150498.8,principal
SKU_1285_WHI,2025-05-01,158,46017.01,139024.2,principal
SKU_1285_CLO,2025-05-01,251,73102.97,220854.9,principal
SKU_1286_MAR,2025-05-01,79,5820.38,19347.1,principal
SKU_1286_HOT,2025-05-01,187,13777.36,45796.3,principal
SKU_1287_NAV,2025-05-01,136,15231.77,51666.4,principal
SKU_1287_CER,2025-05-01,112,12543.81,42548.8,principal
SKU_1288_SAG,2025-05-01,73,5153.99,17512.7,principal
SKU_1288_BAB,2025-05-01,265,18709.68,63573.5,principal
SKU_1289_AQU,2025-05-01,463,155927.89,476843.7,principal
SKU_1289_AQU,2025-05-01,463,155927.89,476843.7,principal
SKU_1290_BIR,2025-05-01,240,46095.35,121176.0,principal
SKU_1290_PIN,2025-05-01,0,0.0,0.0,principal
SKU_1291_SAL,2025-05-01,68,5370.31,16313.2,principal
SKU_1291_SPA,2025-05-01,136,10740.61,32626.4,principal
SKU_1292_TEA,2025-05-01,238,24413.3,73756.2,principal
SKU_1292_FLA,2025-05-01,190,19489.61,58881.0,principal
SKU_1293_TEA,2025-05-01,202,20275.36,61589.8,principal
SKU_1293_OFF,2025-05-01,87,8732.46,26526.3,principal
SKU_1294_SEA,2025-05-01,67,4433.18,13393.3,principal
SKU_1294_COR,2025-05-01,0,0.0,0.0,principal
SKU_1295_PIS,2025-05-01,257,43562.81,132329.3,principal
SKU_1295_FLA,2025-05-01,0,0.0,0.0,principal
SKU_1296_DEE,2025-05-01,223,40460.92,144927.7,principal
SKU_1296_PEA,2025-05-01,0,0.0,0.0,principal
SKU_1297_WHI,2025-05-01,0,0.0,0.0,principal
SKU_1297_MIN,2025-05-01,227,14724.65,52187.3,principal
SKU_1298_OFF,2025-05-01,0,0.0,0.0,principal
SKU_1298_IVO,2025-05-01,0,0.0,0.0,principal
SKU_1299_BRI,2025-05-01,0,0.0,0.0,principal
SKU_1299_HOT,2025-05-01,90,5877.93,19791.0,principal
SKU_1300_BIR,2025-05-01,0,0.0,0.0,principal
SKU_1300_TEA,2025-05-01,172,70489.79,197782.8,principal
SKU_1301_AQU,2025-05-01,224,40181.36,122057.6,principal
SKU_1301_GAR,2025-05-01,265,47535.99,144398.5,principal
SKU_1302_EME,2025-05-01,133,18384.73,55846.7,principal
SKU_1302_DUS,2025-05-01,181,25019.83,76001.9,principal
SKU_1303_BIR,2025-05-01,136,7423.14,22426.4,principal
SKU_1303_SAP,2025-05-01,170,9278.92,28033.0,principal
SKU_1304_TUR,2025-05-01,236,37141.26,116796.4,principal
SKU_1304_GAR,2025-05-01,253,39816.68,125209.7,principal
SKU_1305_MAR,2025-05-01,158,18199.56,55284.2,principal
SKU_1305_OFF,2025-05-01,120,13822.45,41988.0,principal
SKU_1306_FRE,2025-05-01,130,35548.27,111787.0,principal
SKU_1306_SPA,2025-05-01,85,23243.1,73091.5,principal
SKU_1307_MAG,2025-05-01,187,13611.15,41121.3,principal
SKU_1307_FOR,2025-05-01,282,20525.91,62011.8,principal
SKU_1308_PAS,2025-05-01,161,22376.89,67603.9,principal
SKU_1308_CER,2025-05-01,230,31966.99,96577.0,principal
SKU_1309_OLI,2025-05-01,0,0.0,0.0,principal
SKU_1309_LIG,2025-05-01,209,25106.14,76264.1,principal
SKU_1310_MOS,2025-05-01,137,10878.75,32866.3,principal
SKU_1310_EGR,2025-05-01,229,18184.18,54937.1,principal
SKU_1311_BAB,2025-05-01,231,66912.17,203256.9,principal
SKU_1311_NAV,2025-05-01,268,77629.71,235813.2,principal
SKU_1312_HOT,2025-05-01,251,20761.94,62724.9,principal
SKU_1312_NAV,2025-05-01,0,0.0,0.0,principal
SKU_1313_SPA,2025-05-01,131,40317.75,122471.9,principal
SKU_1313_SHO,2025-05-01,0,0.0,0.0,principal
SKU_1314_BLU,2025-05-01,130,12406.56,37687.0,principal
SKU_1314_SNO,2025-05-01,0,0.0,0.0,principal
SKU_1315_WHI,2025-05-01,214,24430.65,73808.6,principal
SKU_1315_BLA,2025-05-01,170,19407.52,58633.0,principal
SKU_1316_DEN,2025-05-01,80,13560.41,41192.0,principal
SKU_1316_AQU,2025-05-01,85,14407.93,43766.5,principal
SKU_1317_BLU,2025-05-01,0,0.0,0.0,principal
SKU_1317_ROS,2025-05-01,231,15107.02,49641.9,principal
SKU_1318_PAS,2025-05-01,262,19936.6,62853.8,principal
SKU_1318_MYS,2025-05-01,0,0.0,0.0,principal
SKU_1319_MAR,2025-05-01,100,5417.85,18990.0,principal
SKU_1319_ROS,2025-05-01,264,14303.12,50133.6,principal
SKU_1320_PIS,2025-05-01,0,0.0,0.0,principal
SKU_1320_FOR,2025-05-01,184,8191.74,27581.6,principal
SKU_1321_FLA,2025-05-01,169,9112.32,25333.1,principal
SKU_1321_SER,2025-05-01,216,11646.51,32378.4,principal
SKU_1322_MOS,2025-05-01,0,0.0,0.0,principal
SKU_1322_IVO,2025-05-01,165,20706.5,54433.5,principal
SKU_1323_AQU,2025-05-01,179,20035.54,51892.1,principal
SKU_1323_FRE,2025-05-01,148,16565.7,42905.2,principal
SKU_1324_MID,2025-05-01,157,17143.91,51794.3,principal
SKU_1324_SNO,2025-05-01,280,30575.13,92372.0,principal
SKU_1325_LIG,2025-05-01,262,24409.74,78573.8,principal
SKU_1325_PEA,2025-05-01,105,9782.53,31489.5,principal
SKU_1326_PAS,2025-05-01,165,24297.26,83308.5,principal
SKU_1326_BAB,2025-05-01,239,35194.21,120671.1,principal
SKU_1327_GAR,2025-05-01,241,17870.02,62635.9,principal
SKU_1327_HON,2025-05-01,210,15571.39,54579.0,principal
SKU_1328_EGR,2025-05-01,195,15341.68,51655.5,principal
SKU_1328_LIG,2025-05-01,0,0.0,0.0,principal
SKU_1329_NAV,2025-05-01,92,9013.64,25290.8,principal
SKU_1329_MIN,2025-05-01,128,12540.72,35187.2,principal
SKU_1330_PRI,2025-05-01,174,17848.38,53922.6,principal
SKU_1330_LIM,2025-05-01,276,28311.22,85532.4,principal
SKU_1331_ARM,2025-05-01,210,18691.72,58779.0,principal
SKU_1331_AQU,2025-05-01,235,20916.93,65776.5,principal
SKU_1332_MOS,2025-05-01,156,8514.78,25724.4,principal
SKU_1332_MOS,2025-05-01,156,8514.78,25724.4,principal
SKU_1333_PIS,2025-05-01,217,13639.95,41208.3,principal
SKU_1333_MOS,2025-05-01,147,9239.96,27915.3,principal
SKU_1334_TEA,2025-05-01,81,12330.38,37251.9,principal
SKU_1334_ROY,2025-05-01,0,0.0,0.0,principal
SKU_1335_CRE,2025-05-01,115,13080.39,43688.5,principal
SKU_1335_BRI,2025-05-01,0,0.0,0.0,principal
SKU_1336_LIM,2025-05-01,161,15391.0,56333.9,principal
SKU_1336_PIN,2025-05-01,204,19501.64,71379.6,principal
SKU_1337_DUS,2025-05-01,98,5332.77,18120.2,principal
SKU_1337_MAG,2025-05-01,239,13005.44,44191.1,principal
SKU_1338_OLI,2025-05-01,104,6968.24,21309.6,principal
SKU_1338_PAS,2025-05-01,174,11658.4,35652.6,principal
SKU_1339_JAD,2025-05-01,178,19659.81,55162.2,principal
SKU_1339_EME,2025-05-01,203,22421.02,62909.7,principal
SKU_1340_SNO,2025-05-01,0,0.0,0.0,principal
SKU_1340_POW,2025-05-01,253,95355.97,289659.7,principal
SKU_1341_HOT,2025-05-01,225,12871.84,40477.5,principal
SKU_1341_PEA,2025-05-01,97,5549.2,17450.3,principal
SKU_1342_CRE,2025-05-01,197,21919.84,68930.3,principal
SKU_1342_BAB,2025-05-01,86,9569.07,30091.4,principal
SKU_1343_NAV,2025-05-01,92,9589.33,28970.8,principal
SKU_1343_IVO,2025-05-01,200,20846.38,62980.0,principal
SKU_1344_PAS,2025-05-01,206,20628.47,64869.4,principal
SKU_1344_MID,2025-05-01,132,13218.24,41566.8,principal
SKU_1345_ARM,2025-05-01,128,42121.26,153587.2,principal
SKU_1345_FOR,2025-05-01,132,43437.55,158386.8,principal
SKU_1346_HON,2025-05-01,208,16152.97,55099.2,principal
SKU_1346_PEA,2025-05-01,93,7222.24,24635.7,principal
SKU_1347_DUS,2025-05-01,0,0.0,0.0,principal
SKU_1347_LIM,2025-05-01,150,11623.54,43485.0,principal
SKU_1348_NAV,2025-05-01,240,51004.15,155976.0,principal
SKU_1348_PIS,2025-05-01,0,0.0,0.0,principal
SKU_1349_HON,2025-05-01,213,17543.69,44708.7,principal
SKU_1349_SEA,2025-05-01,84,6918.64,17631.6,principal
SKU_1350_SNO,2025-05-01,96,9052.98,27350.4,principal
SKU_1350_BAB,2025-05-01,211,19897.7,60113.9,principal
SKU_1351_SAG,2025-05-01,208,47498.24,143499.2,principal
SKU_1351_HON,2025-05-01,255,58231.01,175924.5,principal
SKU_1352_CER,2025-05-01,233,21586.73,65216.7,principal
SKU_1352_HUN,2025-05-01,155,14360.27,43384.5,principal
SKU_1353_MAG,2025-05-01,241,15148.51,45765.9,principal
SKU_1353_MAR,2025-05-01,286,17977.07,54311.4,principal
SKU_1354_AQU,2025-05-01,273,83122.24,252497.7,principal
SKU_1354_CLE,2025-05-01,161,49020.81,148908.9,principal
SKU_1355_PAS,2025-05-01,252,14509.42,44074.8,principal
SKU_1355_DEE,2025-05-01,130,7485.02,22737.0,principal
SKU_1356_BLU,2025-05-01,139,9833.57,29871.1,principal
SKU_1356_DEN,2025-05-01,0,0.0,0.0,principal
SKU_1357_BRI,2025-05-01,117,25749.58,77793.3,principal
SKU_1357_BLU,2025-05-01,264,58101.62,175533.6,principal
SKU_1358_DUS,2025-05-01,114,7502.01,22788.6,principal
SKU_1358_MAR,2025-05-01,150,9871.06,29985.0,principal
SKU_1359_BLU,2025-05-01,114,15403.47,48438.6,principal
SKU_1359_NAV,2025-05-01,117,15808.83,49713.3,principal
SKU_1360_WHI,2025-05-01,259,27424.71,82854.1,principal
SKU_1360_FRE,2025-05-01,0,0.0,0.0,principal
SKU_1361_MEX,2025-05-01,256,15459.38,48614.4,principal
SKU_1361_BLU,2025-05-01,109,6582.31,20699.1,principal
SKU_1362_POW,2025-05-01,256,77736.5,244454.4,principal
SKU_1362_SEA,2025-05-01,137,41601.17,130821.3,principal
SKU_1363_RAS,2025-05-01,134,40477.14,127286.6,principal
SKU_1363_HUN,2025-05-01,236,71288.1,224176.4,principal
SKU_1364_OFF,2025-05-01,196,28664.65,90140.4,principal
SKU_1364_TEA,2025-05-01,0,0.0,0.0,principal
SKU_1365_BUB,2025-05-01,0,0.0,0.0,principal
SKU_1365_NAV,2025-05-01,0,0.0,0.0,principal
SKU_1366_TEA,2025-05-01,209,28094.89,91939.1,principal
SKU_1366_PAL,2025-05-01,191,25675.23,84020.9,principal
SKU_1367_VAN,2025-05-01,100,5510.94,17990.0,principal
SKU_1367_BLA,2025-05-01,208,11462.76,37419.2,principal
SKU_1368_SNO,2025-05-01,165,35065.8,122908.5,principal
SKU_1368_TUR,2025-05-01,147,31240.44,109500.3,principal
SKU_1369_SNO,2025-05-01,118,5981.22,18868.2,principal
SKU_1369_RAS,2025-05-01,198,10036.28,31660.2,principal
SKU_1370_PRI,2025-05-01,0,0.0,0.0,principal
SKU_1370_MYS,2025-05-01,254,17930.56,45694.6,principal
SKU_1371_WHI,2025-05-01,198,18016.4,54430.2,principal
SKU_1371_HOT,2025-05-01,0,0.0,0.0,principal
SKU_1372_SEA,2025-05-01,113,12713.28,38408.7,principal
SKU_1372_DEN,2025-05-01,155,17438.57,52684.5,principal
SKU_1373_SKY,2025-05-01,91,5688.87,17280.9,principal
SKU_1373_CRE,2025-05-01,192,12002.9,36460.8,principal
SKU_1374_SAL,2025-05-01,0,0.0,0.0,principal
SKU_1374_BLU,2025-05-01,0,0.0,0.0,principal
SKU_1375_COR,2025-05-01,209,18325.52,55364.1,principal
SKU_1375_CLE,2025-05-01,213,18676.24,56423.7,principal
SKU_1376_SNO,2025-05-01,154,12290.61,43874.6,principal
SKU_1376_BIR,2025-05-01,155,12370.42,44159.5,principal
SKU_1377_PRI,2025-05-01,0,0.0,0.0,principal
SKU_1377_CLO,2025-05-01,201,15808.22,52239.9,principal
SKU_1378_SPA,2025-05-01,80,4676.64,16392.0,principal
SKU_1378_MOS,2025-05-01,223,13036.13,45692.7,principal
SKU_1379_SNO,2025-05-01,183,28129.53,88736.7,principal
SKU_1379_WHI,2025-05-01,258,39658.03,125104.2,principal
SKU_1380_TUR,2025-05-01,0,0.0,0.0,principal
SKU_1380_MIN,2025-05-01,231,20839.15,53106.9,principal
SKU_1381_WHI,2025-05-01,153,13921.76,42059.7,principal
SKU_1381_PAS,2025-05-01,115,10464.07,31613.5,principal
SKU_1382_ARM,2025-05-01,217,13104.24,41208.3,principal
SKU_1382_HOT,2025-05-01,126,7608.91,23927.4,principal
SKU_1383_CLE,2025-05-01,186,11075.72,33461.4,principal
SKU_1383_TUR,2025-05-01,249,14827.18,44795.1,principal
SKU_1384_CRE,2025-05-01,175,29951.44,90982.5,principal
SKU_1384_SKY,2025-05-01,270,46210.79,140373.0,principal
SKU_1385_PRI,2025-05-01,258,24756.88,74794.2,principal
SKU_1385_NAV,2025-05-01,68,6525.07,19713.2,principal
SKU_1386_SER,2025-05-01,99,6669.64,21275.1,principal
SKU_1386_COB,2025-05-01,256,17246.73,55014.4,principal
SKU_1387_BRI,2025-05-01,115,5260.41,18388.5,principal
SKU_1387_BAB,2025-05-01,267,12213.29,42693.3,principal
SKU_1388_BRI,2025-05-01,250,25052.69,93725.0,principal
SKU_1388_VAN,2025-05-01,265,26555.85,99348.5,principal
SKU_1389_SHO,2025-05-01,87,3614.88,12171.3,principal
SKU_1389_BAB,2025-05-01,74,3074.72,10352.6,principal
SKU_1390_SAP,2025-05-01,74,6675.74,17012.6,principal
SKU_1390_PAS,2025-05-01,0,0.0,0.0,principal
SKU_1391_LIG,2025-05-01,69,6506.83,19658.1,principal
SKU_1391_SEA,2025-05-01,102,9618.79,29059.8,principal
SKU_1392_LIM,2025-05-01,119,11615.82,35093.1,principal
SKU_1392_BLU,2025-05-01,107,10444.47,31554.3,principal
SKU_1393_COB,2025-05-01,105,10347.56,32539.5,principal
SKU_1393_SKY,2025-05-01,101,9953.37,31299.9,principal
SKU_1394_FOR,2025-05-01,125,18678.53,58737.5,principal
SKU_1394_EME,2025-05-01,103,15391.1,48399.7,principal
SKU_1395_BLA,2025-05-01,71,6545.36,20582.9,principal
SKU_1395_TUR,2025-05-01,122,11246.96,35367.8,principal
SKU_1396_FUC,2025-05-01,81,3597.14,10926.9,principal
SKU_1396_PAS,2025-05-01,81,3597.14,10926.9,principal
SKU_1397_SNO,2025-05-01,108,8351.54,25369.2,principal
SKU_1397_BUB,2025-05-01,95,7346.26,22315.5,principal
SKU_1398_AQU,2025-05-01,111,24661.66,74913.9,principal
SKU_1398_SPA,2025-05-01,116,25772.54,78288.4,principal
SKU_1399_PAL,2025-05-01,99,8496.99,26720.1,principal
SKU_1399_CRE,2025-05-01,0,0.0,0.0,principal
SKU_1400_FOR,2025-05-01,83,5735.22,17421.7,principal
SKU_1400_PAL,2025-05-01,102,7048.11,21409.8,principal
SKU_1401_GAR,2025-05-01,106,8417.13,25429.4,principal
SKU_1401_BLU,2025-05-01,79,6273.15,18952.1,principal
SKU_1402_WHI,2025-05-01,89,6648.14,20906.1,principal
SKU_1402_VAN,2025-05-01,94,7021.63,22080.6,principal
SKU_1403_AQU,2025-05-01,0,0.0,0.0,principal
SKU_1403_DUS,2025-05-01,64,8109.38,24633.6,principal
SKU_1404_SAP,2025-05-01,101,34096.28,103009.9,principal
SKU_1404_ARM,2025-05-01,92,31057.99,93830.8,principal
SKU_1405_FLA,2025-05-01,99,7042.06,21275.1,principal
SKU_1405_CLO,2025-05-01,80,5690.55,17192.0,principal
SKU_1406_PRI,2025-05-01,0,0.0,0.0,principal
SKU_1406_SHO,2025-05-01,107,12325.02,37439.3,principal
SKU_1407_OFF,2025-05-01,70,4314.97,15043.0,principal
SKU_1407_EME,2025-05-01,111,6842.31,23853.9,principal
SKU_1408_PAS,2025-05-01,108,31447.6,99349.2,principal
SKU_1408_FUC,2025-05-01,109,31738.78,100269.1,principal
SKU_1409_PEA,2025-05-01,257,15875.81,53944.3,principal
SKU_1409_PEA,2025-05-01,257,15875.81,53944.3,principal
SKU_1410_ROS,2025-05-01,90,30469.53,102591.0,principal
SKU_1410_JAD,2025-05-01,82,27761.12,93471.8,principal
SKU_1411_BLU,2025-05-01,125,9802.83,28112.5,principal
SKU_1411_RAS,2025-05-01,94,7371.73,21140.6,principal
SKU_1412_SHO,2025-05-01,109,34764.72,97544.1,principal
SKU_1412_BAB,2025-05-01,76,24239.62,68012.4,principal
SKU_1413_SAG,2025-05-01,114,6977.02,21078.6,principal
SKU_1413_JAD,2025-05-01,102,6242.59,18859.8,principal
SKU_1414_DUS,2025-05-01,109,11781.61,37049.1,principal
SKU_1414_CLO,2025-05-01,99,10700.73,33650.1,principal
SKU_1415_BAB,2025-05-01,100,11285.82,35490.0,principal
SKU_1415_MID,2025-05-01,97,10947.25,34425.3,principal
SKU_1416_CLE,2025-05-01,91,7832.05,25470.9,principal
SKU_1416_AQU,2025-05-01,124,10672.24,34707.6,principal
SKU_1417_SNO,2025-05-01,86,7688.73,24071.4,principal
SKU_1417_BIR,2025-05-01,102,9119.19,28549.8,principal
SKU_1418_CLE,2025-05-01,105,26775.9,88714.5,principal
SKU_1418_MOS,2025-05-01,67,17085.57,56608.3,principal
SKU_1419_FLA,2025-05-01,115,9585.44,28738.5,principal
SKU_1419_WHI,2025-05-01,85,7084.89,21241.5,principal
SKU_1420_EGR,2025-05-01,116,37707.69,114828.4,principal
SKU_1420_LIM,2025-05-01,108,35107.16,106909.2,principal
SKU_1421_LIG,2025-05-01,80,6962.31,18392.0,principal
SKU_1421_SER,2025-05-01,0,0.0,0.0,principal
SKU_1422_PIN,2025-05-01,125,14995.22,39362.5,principal
SKU_1422_MIN,2025-05-01,110,13195.8,34639.0,principal
SKU_1423_JAD,2025-05-01,124,48980.88,148787.6,principal
SKU_1423_SAG,2025-05-01,122,48190.86,146387.8,principal
SKU_1424_VAN,2025-05-01,127,41595.18,126352.3,principal
SKU_1424_BAB,2025-05-01,102,33407.15,101479.8,principal
SKU_1425_WHI,2025-05-01,0,0.0,0.0,principal
SKU_1425_LIG,2025-05-01,98,6541.32,20570.2,principal
SKU_1426_NAV,2025-05-01,86,3248.23,11171.4,principal
SKU_1426_SEA,2025-05-01,71,2681.68,9222.9,principal
SKU_1427_AQU,2025-05-01,121,7529.55,24187.9,principal
SKU_1427_BLA,2025-05-01,0,0.0,0.0,principal
SKU_1428_COB,2025-05-01,0,0.0,0.0,principal
SKU_1428_SKY,2025-05-01,92,12355.3,45070.8,principal
SKU_1429_SPA,2025-05-01,117,7022.07,22218.3,principal
SKU_1429_MAG,2025-05-01,90,5401.59,17091.0,principal
SKU_1430_PEA,2025-05-01,128,8075.81,23027.2,principal
SKU_1430_JAD,2025-05-01,118,7444.89,21228.2,principal
SKU_1431_TEA,2025-05-01,89,11224.65,32921.1,principal
SKU_1431_CRE,2025-05-01,117,14756.0,43278.3,principal
SKU_1432_WHI,2025-05-01,80,22337.03,57592.0,principal
SKU_1432_BRI,2025-05-01,0,0.0,0.0,principal
SKU_1433_OLI,2025-05-01,85,8811.53,26766.5,principal
SKU_1433_SAP,2025-05-01,78,8085.88,24562.2,principal
SKU_1434_ARM,2025-05-01,117,7809.54,24558.3,principal
SKU_1434_MIN,2025-05-01,94,6274.33,19730.6,principal
SKU_1435_SKY,2025-05-01,117,35662.66,118158.3,principal
SKU_1435_OLI,2025-05-01,68,20727.01,68673.2,principal
SKU_1436_BLU,2025-05-01,62,5138.62,17353.8,principal
SKU_1436_PAS,2025-05-01,0,0.0,0.0,principal
SKU_1437_ROY,2025-05-01,13,682.84,2143.7,principal
SKU_1437_AQU,2025-05-01,112,5882.91,18468.8,principal
SKU_1438_MOS,2025-05-01,111,8537.97,22743.9,principal
SKU_1438_DEE,2025-05-01,115,8845.64,23563.5,principal
SKU_1439_CER,2025-05-01,99,6058.99,18305.1,principal
SKU_1439_SHO,2025-05-01,111,6793.41,20523.9,principal
SKU_1440_PIS,2025-05-01,75,34719.38,89992.5,principal
SKU_1440_BLU,2025-05-01,88,40737.4,105591.2,principal
SKU_1441_COB,2025-05-01,120,53741.87,138588.0,principal
SKU_1441_IVO,2025-05-01,91,40754.25,105095.9,principal
SKU_1442_OFF,2025-05-01,64,6141.24,18553.6,principal
SKU_1442_EME,2025-05-01,104,9979.52,30149.6,principal
SKU_1443_BLU,2025-05-01,110,9827.06,29689.0,principal
SKU_1443_PRI,2025-05-01,0,0.0,0.0,principal
SKU_1444_HUN,2025-05-01,2,182.34,479.8,principal
SKU_1444_OLI,2025-05-01,0,0.0,0.0,principal
SKU_1445_TEA,2025-05-01,124,19599.74,50827.6,principal
SKU_1445_PRI,2025-05-01,104,16438.49,42629.6,principal
SKU_1446_SHO,2025-05-01,84,8868.82,22671.6,principal
SKU_1446_GAR,2025-05-01,113,11930.67,30498.7,principal
SKU_1447_BLU,2025-05-01,123,9713.93,29507.7,principal
SKU_1447_OLI,2025-05-01,104,8213.41,24949.6,principal
SKU_1448_SKY,2025-05-01,94,5566.97,16910.6,principal
SKU_1448_SEA,2025-05-01,95,5626.19,17090.5,principal
SKU_1449_BLA,2025-05-01,68,7312.85,22093.2,principal
SKU_1449_NAV,2025-05-01,96,10324.02,31190.4,principal
SKU_1450_MAG,2025-05-01,91,12063.22,37300.9,principal
SKU_1450_JAD,2025-05-01,0,0.0,0.0,principal
SKU_1451_WHI,2025-05-01,70,5549.7,17143.0,principal
SKU_1451_BIR,2025-05-01,98,7769.58,24000.2,principal
SKU_1452_SKY,2025-05-01,88,3408.4,12751.2,principal
SKU_1452_DEE,2025-05-01,82,3176.01,11881.8,principal
SKU_1453_SAP,2025-05-01,0,0.0,0.0,principal
SKU_1453_PRI,2025-05-01,79,5882.6,18557.1,principal
SKU_1454_BRI,2025-05-01,88,5017.93,13191.2,principal
SKU_1454_BUB,2025-05-01,97,5531.13,14540.3,principal
SKU_1455_TEA,2025-05-01,89,9865.82,29806.1,principal
SKU_1455_ROY,2025-05-01,61,6761.97,20428.9,principal
SKU_1456_EME,2025-05-01,139,14488.23,43771.1,principal
SKU_1456_DEN,2025-05-01,96,10006.26,30230.4,principal
SKU_1457_SNO,2025-05-01,95,5028.06,15190.5,principal
SKU_1457_MAG,2025-05-01,97,5133.91,15510.3,principal
SKU_1458_PEA,2025-05-01,118,13666.39,41288.2,principal
SKU_1458_MIN,2025-05-01,97,11234.24,33940.3,principal
SKU_1459_OFF,2025-05-01,106,7324.5,22249.4,principal
SKU_1459_CRE,2025-05-01,95,6564.41,19940.5,principal
SKU_1460_FUC,2025-05-01,104,5766.1,18189.6,principal
SKU_1460_OLI,2025-05-01,113,6265.09,19763.7,principal
SKU_1461_NAV,2025-05-01,93,32172.56,99500.7,principal
SKU_1461_PRI,2025-05-01,86,29750.97,92011.4,principal
SKU_1462_MID,2025-05-01,140,13655.29,51086.0,principal
SKU_1462_OFF,2025-05-01,105,10241.47,38314.5,principal
SKU_1463_LIG,2025-05-01,111,9433.59,28848.9,principal
SKU_1463_DUS,2025-05-01,61,5184.23,15853.9,principal
SKU_1464_MOS,2025-05-01,79,6908.86,18162.1,principal
SKU_1464_BIR,2025-05-01,101,8832.85,23219.9,principal
SKU_1465_CLE,2025-05-01,103,12330.38,32434.7,principal
SKU_1465_OFF,2025-05-01,100,11971.24,31490.0,principal
SKU_1466_PRI,2025-05-01,64,5686.47,17273.6,principal
SKU_1466_SAP,2025-05-01,107,9507.07,28879.3,principal
SKU_1467_OLI,2025-05-01,129,8405.41,26432.1,principal
SKU_1467_FUC,2025-05-01,102,6646.14,20899.8,principal
SKU_1468_BAB,2025-05-01,14,2455.56,7418.6,principal
SKU_1468_MYS,2025-05-01,78,13680.96,41332.2,principal
SKU_1469_ARM,2025-05-01,111,10409.38,32733.9,principal
SKU_1469_SAL,2025-05-01,104,9752.93,30669.6,principal
SKU_1470_WHI,2025-05-01,0,0.0,0.0,principal
SKU_1470_MAR,2025-05-01,68,20291.39,62553.2,principal
SKU_1471_ROS,2025-05-01,123,6811.53,25202.7,principal
SKU_1471_LIG,2025-05-01,0,0.0,0.0,principal
SKU_1472_EME,2025-05-01,105,15541.94,49339.5,principal
SKU_1472_MYS,2025-05-01,93,13765.72,43700.7,principal
SKU_1473_BLU,2025-05-01,72,3462.28,12952.8,principal
SKU_1473_BAB,2025-05-01,110,5289.6,19789.0,principal
SKU_1474_BRI,2025-05-01,2,693.17,2119.8,principal
SKU_1474_DEN,2025-05-01,84,29113.33,89031.6,principal
SKU_1475_VAN,2025-05-01,97,9221.01,24240.3,principal
SKU_1475_MIN,2025-05-01,85,8080.27,21241.5,principal
SKU_1476_WHI,2025-05-01,116,10497.66,31888.4,principal
SKU_1476_CLO,2025-05-01,72,6515.79,19792.8,principal
SKU_1477_CLE,2025-05-01,78,5806.47,17542.2,principal
SKU_1477_EME,2025-05-01,84,6253.12,18891.6,principal
SKU_1478_TEA,2025-05-01,93,5966.98,18125.7,principal
SKU_1478_COB,2025-05-01,124,7955.97,24167.6,principal
SKU_1479_MIN,2025-05-01,95,17448.83,52715.5,principal
SKU_1479_FUC,2025-05-01,79,14510.08,43837.1,principal
SKU_1480_SNO,2025-05-01,72,8815.46,26632.8,principal
SKU_1480_MEX,2025-05-01,83,10162.26,30701.7,principal
SKU_1481_BLA,2025-05-01,95,23398.38,76940.5,principal
SKU_1481_TEA,2025-05-01,80,19703.9,64792.0,principal
SKU_1482_MOS,2025-05-01,88,10930.23,39151.2,principal
SKU_1482_SHO,2025-05-01,93,11551.27,41375.7,principal
SKU_1483_WHI,2025-05-01,87,8318.77,28266.3,principal
SKU_1483_POW,2025-05-01,76,7266.97,24692.4,principal
SKU_1484_MOS,2025-05-01,65,8878.37,29893.5,principal
SKU_1484_EGR,2025-05-01,120,16390.84,55188.0,principal
SKU_1485_PAS,2025-05-01,116,30265.18,77128.4,principal
SKU_1485_CER,2025-05-01,80,20872.54,53192.0,principal
SKU_1486_OLI,2025-05-01,0,0.0,0.0,principal
SKU_1486_PAL,2025-05-01,121,11610.78,35077.9,principal
SKU_1487_BRI,2025-05-01,0,0.0,0.0,principal
SKU_1487_CLE,2025-05-01,95,10117.33,31815.5,principal
SKU_1488_IVO,2025-05-01,79,8538.97,26852.1,principal
SKU_1488_PEA,2025-05-01,0,0.0,0.0,principal
SKU_1489_TEA,2025-05-01,109,13273.05,40319.1,principal
SKU_1489_IVO,2025-05-01,104,12664.19,38469.6,principal
SKU_1490_EME,2025-05-01,104,10840.12,32749.6,principal
SKU_1490_VAN,2025-05-01,115,11986.67,36213.5,principal
SKU_1491_GAR,2025-05-01,88,3687.79,11871.2,principal
SKU_1491_CER,2025-05-01,120,5028.8,16188.0,principal
SKU_1492_SKY,2025-05-01,113,13298.81,42363.7,principal
SKU_1492_BIR,2025-05-01,74,8708.96,27742.6,principal
SKU_1493_PEA,2025-05-01,65,5731.85,21443.5,principal
SKU_1493_CLO,2025-05-01,133,11728.24,43876.7,principal
SKU_1494_EGR,2025-05-01,129,44364.82,139952.1,principal
SKU_1494_HOT,2025-05-01,75,25793.5,81367.5,principal
SKU_1495_FUC,2025-05-01,0,0.0,0.0,principal
SKU_1495_BLA,2025-05-01,74,8700.65,24412.6,principal
SKU_1496_PAS,2025-05-01,105,39228.95,119164.5,principal
SKU_1496_PEA,2025-05-01,0,0.0,0.0,principal
SKU_1497_FUC,2025-05-01,88,3929.37,11871.2,principal
SKU_1497_VAN,2025-05-01,92,4107.97,12410.8,principal
SKU_1498_OLI,2025-05-01,136,15300.94,46226.4,principal
SKU_1498_LIG,2025-05-01,3,337.52,1019.7,principal
SKU_1499_HOT,2025-05-01,82,6777.15,21311.8,principal
SKU_1499_RAS,2025-05-01,114,9421.89,29628.6,principal
SKU_1500_MOS,2025-05-01,101,8641.47,26249.9,principal
SKU_1500_PAS,2025-05-01,114,9753.74,29628.6,principal
SKU_1501_OLI,2025-05-01,73,4105.29,12402.7,principal
SKU_1501_SAL,2025-05-01,69,3880.35,11723.1,principal
SKU_1502_PEA,2025-05-01,72,4975.13,15112.8,principal
SKU_1502_VAN,2025-05-01,111,7670.0,23298.9,principal
SKU_1503_VAN,2025-05-01,82,6206.01,18851.8,principal
SKU_1503_CER,2025-05-01,98,7416.94,22530.2,principal
SKU_1504_EME,2025-05-01,53,5962.87,18014.7,principal
SKU_1504_NAV,2025-05-01,84,9450.58,28551.6,principal
SKU_1505_BLU,2025-05-01,122,9485.73,28657.8,principal
SKU_1505_SNO,2025-05-01,81,6297.9,19026.9,principal
SKU_1506_PAL,2025-05-01,102,7457.04,23449.8,principal
SKU_1506_BRI,2025-05-01,0,0.0,0.0,principal
SKU_1507_PAS,2025-05-01,109,6490.61,19609.1,principal
SKU_1507_FLA,2025-05-01,0,0.0,0.0,principal
SKU_1508_LIM,2025-05-01,118,8153.69,24768.2,principal
SKU_1508_DEE,2025-05-01,73,5044.23,15322.7,principal
SKU_1509_HOT,2025-05-01,92,9741.59,29430.8,principal
SKU_1509_MAG,2025-05-01,0,0.0,0.0,principal
SKU_1510_SNO,2025-05-01,98,26018.82,81820.2,principal
SKU_1510_ROS,2025-05-01,90,23894.84,75141.0,principal
SKU_1511_CLE,2025-05-01,82,24378.45,76661.8,principal
SKU_1511_SKY,2025-05-01,108,32108.21,100969.2,principal
SKU_1512_TEA,2025-05-01,93,6634.25,20915.7,principal
SKU_1512_MYS,2025-05-01,106,7561.62,23839.4,principal
SKU_1513_PAS,2025-05-01,92,5343.45,19770.8,principal
SKU_1513_RAS,2025-05-01,96,5575.78,20630.4,principal
SKU_1514_PEA,2025-05-01,101,24668.2,83819.9,principal
SKU_1514_SPA,2025-05-01,98,23935.48,81330.2,principal
SKU_1515_SEA,2025-05-01,95,6054.57,18515.5,principal
SKU_1515_AQU,2025-05-01,76,4843.65,14812.4,principal
SKU_1516_CRE,2025-05-01,77,10248.85,26942.3,principal
SKU_1516_EME,2025-05-01,80,10648.16,27992.0,principal
SKU_1517_FOR,2025-05-01,76,34667.7,91192.4,principal
SKU_1517_ROS,2025-05-01,103,46983.86,123589.7,principal
SKU_1518_CLE,2025-05-01,115,8590.29,27013.5,principal
SKU_1518_LIM,2025-05-01,111,8291.5,26073.9,principal
SKU_1519_BLU,2025-05-01,104,20832.05,65509.6,principal
SKU_1519_TEA,2025-05-01,116,23235.75,73068.4,principal
SKU_1520_GAR,2025-05-01,117,8662.34,26313.3,principal
SKU_1520_ROY,2025-05-01,110,8144.08,24739.0,principal
SKU_1521_MOS,2025-05-01,74,4468.73,14052.6,principal
SKU_1521_FRE,2025-05-01,0,0.0,0.0,principal
SKU_1522_MOS,2025-05-01,103,4218.74,15439.7,principal
SKU_1522_BIR,2025-05-01,111,4546.41,16638.9,principal
SKU_1523_HOT,2025-05-01,100,10355.11,37490.0,principal
SKU_1523_CRE,2025-05-01,106,10976.42,39739.4,principal
SKU_1524_BLU,2025-05-01,0,0.0,0.0,principal
SKU_1524_DEN,2025-05-01,71,7729.17,26262.9,principal
SKU_1525_MYS,2025-05-01,87,7995.15,25221.3,principal
SKU_1525_OLI,2025-05-01,0,0.0,0.0,principal
SKU_1526_FOR,2025-05-01,68,4117.56,11553.2,principal
SKU_1527_FUC,2025-05-01,97,29055.29,88260.3,principal
SKU_1527_TEA,2025-05-01,99,29654.37,90080.1,principal
SKU_1528_PAS,2025-05-01,117,8322.43,25143.3,principal
SKU_1528_DEN,2025-05-01,133,9460.54,28581.7,principal
SKU_1529_HUN,2025-05-01,109,8787.7,26694.1,principal
SKU_1529_MIN,2025-05-01,106,8545.83,25959.4,principal
SKU_1530_HON,2025-05-01,84,3592.1,10911.6,principal
SKU_1530_PEA,2025-05-01,104,4447.36,13509.6,principal
SKU_1531_TEA,2025-05-01,113,20567.91,62138.7,principal
SKU_1531_SNO,2025-05-01,123,22388.08,67637.7,principal
SKU_1532_BRI,2025-05-01,105,28724.69,102889.5,principal
SKU_1532_EME,2025-05-01,93,25441.87,91130.7,principal
SKU_1533_CER,2025-05-01,116,5760.52,19128.4,principal
SKU_1533_DUS,2025-05-01,131,6505.41,21601.9,principal
SKU_1534_MYS,2025-05-01,123,7236.16,24587.7,principal
SKU_1534_HUN,2025-05-01,71,4176.97,14192.9,principal
SKU_1535_NAV,2025-05-01,83,8022.22,25306.7,principal
SKU_1535_MOS,2025-05-01,105,10148.6,32014.5,principal
SKU_1536_MOS,2025-05-01,99,12169.31,34145.1,principal
SKU_1536_FRE,2025-05-01,81,9956.71,27936.9,principal
SKU_1537_SAP,2025-05-01,108,9112.17,27529.2,principal
SKU_1537_BLA,2025-05-01,65,5484.17,16568.5,principal
SKU_1538_MAG,2025-05-01,106,7364.55,22249.4,principal
SKU_1538_PAS,2025-05-01,0,0.0,0.0,principal
SKU_1539_BLA,2025-05-01,68,7566.24,23793.2,principal
SKU_1539_PEA,2025-05-01,92,10236.67,32190.8,principal
SKU_1540_BAL,2025-05-01,0,0.0,0.0,principal
SKU_1540_MAG,2025-05-01,84,4538.37,14271.6,principal
SKU_1541_AQU,2025-05-01,0,0.0,0.0,principal
SKU_1541_POW,2025-05-01,113,24251.86,76263.7,principal
SKU_1542_DEE,2025-05-01,91,14076.89,42760.9,principal
SKU_1542_PEA,2025-05-01,118,18253.55,55448.2,principal
SKU_1543_BAB,2025-05-01,123,28744.88,90392.7,principal
SKU_1543_FLA,2025-05-01,85,19864.35,62466.5,principal
SKU_1544_OLI,2025-05-01,101,6420.39,20189.9,principal
SKU_1544_PEA,2025-05-01,93,5911.84,18590.7,principal
SKU_1545_TEA,2025-05-01,111,9173.95,28848.9,principal
SKU_1545_HOT,2025-05-01,129,10661.62,33527.1,principal
SKU_1546_PAS,2025-05-01,85,4727.55,14866.5,principal
SKU_1546_IVO,2025-05-01,75,4171.36,13117.5,principal
SKU_1547_IVO,2025-05-01,99,10810.49,32660.1,principal
SKU_1547_FUC,2025-05-01,75,8189.77,24742.5,principal
SKU_1548_HOT,2025-05-01,100,15719.19,47490.0,principal
SKU_1548_CLO,2025-05-01,126,19806.18,59837.4,principal
SKU_1549_BAL,2025-05-01,109,6409.0,20154.1,principal
SKU_1549_PAS,2025-05-01,77,4527.46,14237.3,principal
SKU_1550_PAL,2025-05-01,101,5482.79,16654.9,principal
SKU_1550_IVO,2025-05-01,91,4939.94,15005.9,principal
SKU_1551_DUS,2025-05-01,85,6186.89,18691.5,principal
SKU_1551_ROS,2025-05-01,98,7133.12,21550.2,principal
SKU_1552_CLE,2025-05-01,76,16510.17,50152.4,principal
SKU_1552_SAP,2025-05-01,0,0.0,0.0,principal
SKU_1553_DEN,2025-05-01,94,7521.71,23960.6,principal
SKU_1553_HOT,2025-05-01,87,6961.58,22176.3,principal
SKU_1554_PIS,2025-05-01,121,36075.47,125222.9,principal
SKU_1554_SKY,2025-05-01,102,30410.72,105559.8,principal
SKU_1555_FUC,2025-05-01,78,4225.92,14812.2,principal
SKU_1555_RAS,2025-05-01,78,4225.92,14812.2,principal
SKU_1556_SAL,2025-05-01,84,5111.85,17211.6,principal
SKU_1556_HUN,2025-05-01,129,7850.33,26432.1,principal
SKU_1557_TUR,2025-05-01,119,8556.58,23788.1,principal
SKU_1557_SAG,2025-05-01,96,6902.79,19190.4,principal
SKU_1558_CLE,2025-05-01,91,11419.95,30020.9,principal
SKU_1558_MEX,2025-05-01,0,0.0,0.0,principal
SKU_1559_BLU,2025-05-01,81,37525.79,97191.9,principal
SKU_1559_SKY,2025-05-01,0,0.0,0.0,principal
SKU_1560_PAL,2025-05-01,0,0.0,0.0,principal
SKU_1560_CRE,2025-05-01,81,5997.0,18216.9,principal
SKU_1561_LIM,2025-05-01,96,10764.38,33590.4,principal
SKU_1561_VAN,2025-05-01,102,11437.15,35689.8,principal
SKU_1562_CLO,2025-05-01,86,8296.42,26651.4,principal
SKU_1562_BLU,2025-05-01,0,0.0,0.0,principal
SKU_1563_WHI,2025-05-01,82,3285.6,12291.8,principal
SKU_1563_MEX,2025-05-01,83,3325.67,12441.7,principal
SKU_1564_BLA,2025-05-01,110,20569.81,64889.0,principal
SKU_1564_NAV,2025-05-01,59,11032.9,34804.1,principal
SKU_1565_LIG,2025-05-01,78,11015.53,28072.2,principal
SKU_1565_BAB,2025-05-01,87,12286.55,31311.3,principal
SKU_1566_PEA,2025-05-01,110,43277.03,113839.0,principal
SKU_1566_POW,2025-05-01,132,51932.44,136606.8,principal
SKU_1567_PRI,2025-05-01,115,26118.23,79338.5,principal
SKU_1567_POW,2025-05-01,125,28389.38,86237.5,principal
SKU_1568_FRE,2025-05-01,115,8590.29,27013.5,principal
SKU_1568_PIN,2025-05-01,98,7320.42,23020.2,principal
SKU_1569_WHI,2025-05-01,102,7132.68,22429.8,principal
SKU_1569_PAS,2025-05-01,68,4755.12,14953.2,principal
SKU_1570_MEX,2025-05-01,89,20233.1,63626.1,principal
SKU_1570_HON,2025-05-01,0,0.0,0.0,principal
SKU_1571_WHI,2025-05-01,93,6745.5,23240.7,principal
SKU_1571_BIR,2025-05-01,121,8776.41,30237.9,principal
SKU_1572_BAL,2025-05-01,81,3304.48,11331.9,principal
SKU_1572_MAR,2025-05-01,0,0.0,0.0,principal
SKU_1573_MIN,2025-05-01,131,39513.28,134261.9,principal
SKU_1573_SAG,2025-05-01,0,0.0,0.0,principal
SKU_1574_GAR,2025-05-01,91,16348.63,55045.9,principal
SKU_1574_COB,2025-05-01,123,22097.6,74402.7,principal
SKU_1575_JAD,2025-05-01,78,25662.62,67462.2,principal
SKU_1575_AQU,2025-05-01,99,32571.79,85625.1,principal
SKU_1576_AQU,2025-05-01,109,8787.7,26694.1,principal
SKU_1576_BLU,2025-05-01,78,6288.44,19102.2,principal
SKU_1577_FLA,2025-05-01,8,406.79,1279.2,principal
SKU_1577_HUN,2025-05-01,81,4118.7,12951.9,principal
SKU_1578_PAS,2025-05-01,136,5591.92,16986.4,principal
SKU_1578_TEA,2025-05-01,9,370.05,1124.1,principal
SKU_1579_DEN,2025-05-01,113,8552.19,25978.7,principal
SKU_1579_SAG,2025-05-01,114,8627.87,26208.6,principal
SKU_1580_WHI,2025-05-01,75,4529.11,14242.5,principal
SKU_1580_MOS,2025-05-01,104,6280.37,19749.6,principal
SKU_1581_BIR,2025-05-01,117,27431.37,100023.3,principal
SKU_1581_COB,2025-05-01,109,25555.72,93184.1,principal
SKU_1582_WHI,2025-05-01,120,8087.74,27588.0,principal
SKU_1582_PAS,2025-05-01,90,6065.81,20691.0,principal
SKU_1583_WHI,2025-05-01,117,7971.77,29823.3,principal
SKU_1583_BLU,2025-05-01,95,6472.8,24215.5,principal
SKU_1584_AQU,2025-05-01,0,0.0,0.0,principal
SKU_1584_FLA,2025-05-01,78,4716.06,14422.2,principal
SKU_1585_COR,2025-05-01,79,9916.77,25272.1,principal
SKU_1585_BLA,2025-05-01,67,8410.43,21433.3,principal
SKU_1586_JAD,2025-05-01,87,10084.24,26526.3,principal
SKU_1586_EGR,2025-05-01,110,12750.19,33539.0,principal
SKU_1587_DEE,2025-05-01,0,0.0,0.0,principal
SKU_1587_LIG,2025-05-01,107,7822.58,24599.3,principal
SKU_1588_PAS,2025-05-01,93,14488.3,45560.7,principal
SKU_1588_CRE,2025-05-01,106,16513.55,51929.4,principal
SKU_1589_TUR,2025-05-01,87,19579.08,59151.3,principal
SKU_1589_CER,2025-05-01,68,15303.19,46233.2,principal
SKU_1590_MYS,2025-05-01,114,7126.72,21648.6,principal
SKU_1590_HOT,2025-05-01,104,6501.57,19749.6,principal
SKU_1591_HON,2025-05-01,0,0.0,0.0,principal
SKU_1591_MYS,2025-05-01,106,29996.75,94329.4,principal
SKU_1592_CER,2025-05-01,84,5606.85,17631.6,principal
SKU_1592_SAG,2025-05-01,104,6941.81,21829.6,principal
SKU_1593_LIG,2025-05-01,127,6091.16,18402.3,principal
SKU_1593_FUC,2025-05-01,105,5036.0,15214.5,principal
SKU_1594_BAL,2025-05-01,104,17114.98,51989.6,principal
SKU_1594_WHI,2025-05-01,85,13988.2,42491.5,principal
SKU_1595_FLA,2025-05-01,130,12904.7,38987.0,principal
SKU_1595_MYS,2025-05-01,61,6055.28,18293.9,principal
SKU_1596_BIR,2025-05-01,78,7058.77,21442.2,principal
SKU_1596_CER,2025-05-01,82,7420.76,22541.8,principal
SKU_1597_SHO,2025-05-01,107,18030.38,56699.3,principal
SKU_1597_FLA,2025-05-01,113,19041.43,59878.7,principal
SKU_1598_NAV,2025-05-01,118,18383.01,57808.2,principal
SKU_1598_DUS,2025-05-01,76,11839.9,37232.4,principal
SKU_1599_WHI,2025-05-01,85,13148.74,39941.5,principal
SKU_1599_CER,2025-05-01,85,13148.74,39941.5,principal
SKU_1600_LIG,2025-05-01,84,10920.09,33171.6,principal
SKU_1600_SHO,2025-05-01,0,0.0,0.0,principal
SKU_1601_EME,2025-05-01,116,28217.22,85248.4,principal
SKU_1601_AQU,2025-05-01,71,17270.88,52177.9,principal
SKU_1602_AQU,2025-05-01,100,6810.48,22990.0,principal
SKU_1602_PAS,2025-05-01,72,4903.54,16552.8,principal
SKU_1603_BUB,2025-05-01,77,15958.5,57357.3,principal
SKU_1603_PEA,2025-05-01,0,0.0,0.0,principal
SKU_1604_CLE,2025-05-01,120,19402.77,72588.0,principal
SKU_1604_SNO,2025-05-01,86,13905.32,52021.4,principal
SKU_1605_VAN,2025-05-01,0,0.0,0.0,principal
SKU_1605_COR,2025-05-01,85,5551.38,18691.5,principal
SKU_1606_COB,2025-05-01,78,30159.35,84622.2,principal
SKU_1606_SEA,2025-05-01,87,33639.28,94386.3,principal
SKU_1607_GAR,2025-05-01,88,8735.49,26391.2,principal
SKU_1607_MAR,2025-05-01,80,7941.35,23992.0,principal
SKU_1608_WHI,2025-05-01,0,0.0,0.0,principal
SKU_1608_MID,2025-05-01,108,10840.29,32929.2,principal
SKU_1609_LIM,2025-05-01,0,0.0,0.0,principal
SKU_1609_SAP,2025-05-01,73,6265.46,19702.7,principal
SKU_1610_PRI,2025-05-01,114,6939.08,21078.6,principal
SKU_1610_MEX,2025-05-01,100,6086.91,18490.0,principal
SKU_1611_MID,2025-05-01,86,6225.63,18911.4,principal
SKU_1611_BRI,2025-05-01,72,5212.16,15832.8,principal
SKU_1612_PAL,2025-05-01,126,12820.48,41567.4,principal
SKU_1612_SNO,2025-05-01,77,7834.74,25402.3,principal
SKU_1613_BIR,2025-05-01,116,6245.41,22028.4,principal
SKU_1613_AQU,2025-05-01,111,5976.21,21078.9,principal
SKU_1614_VAN,2025-05-01,101,12819.93,44934.9,principal
SKU_1614_IVO,2025-05-01,113,14343.09,50273.7,principal
SKU_1615_MOS,2025-05-01,89,13116.22,41376.1,principal
SKU_1615_SHO,2025-05-01,66,9726.64,30683.4,principal
SKU_1616_SER,2025-05-01,0,0.0,0.0,principal
SKU_1616_COR,2025-05-01,129,50293.48,132212.1,principal
SKU_1617_DEN,2025-05-01,0,0.0,0.0,principal
SKU_1617_MIN,2025-05-01,106,6644.97,17479.4,principal
SKU_1618_SAL,2025-05-01,99,5895.14,17810.1,principal
SKU_1618_SAP,2025-05-01,117,6966.99,21048.3,principal
SKU_1619_IVO,2025-05-01,131,8620.73,26186.9,principal
SKU_1619_PAS,2025-05-01,75,4935.53,14992.5,principal
SKU_1620_SAG,2025-05-01,91,7979.05,24105.9,principal
SKU_1620_BLU,2025-05-01,0,0.0,0.0,principal
SKU_1621_PAS,2025-05-01,131,10185.5,30771.9,principal
SKU_1621_FUC,2025-05-01,0,0.0,0.0,principal
SKU_1622_VAN,2025-05-01,84,6890.08,22671.6,principal
SKU_1622_CLO,2025-05-01,67,5495.66,18083.3,principal
SKU_1623_EGR,2025-05-01,0,0.0,0.0,principal
SKU_1623_SER,2025-05-01,84,21984.97,76851.6,principal
SKU_1624_PRI,2025-05-01,108,6671.55,22669.2,principal
SKU_1624_ARM,2025-05-01,120,7412.83,25188.0,principal
SKU_1625_GAR,2025-05-01,86,5585.98,17621.4,principal
SKU_1625_DUS,2025-05-01,124,8054.21,25407.6,principal
SKU_1626_BAB,2025-05-01,107,21975.44,57769.3,principal
SKU_1626_DEN,2025-05-01,88,18073.26,47511.2,principal
SKU_1627_BAB,2025-05-01,112,12230.05,36948.8,principal
SKU_1627_MOS,2025-05-01,90,9827.72,29691.0,principal
SKU_1628_PEA,2025-05-01,0,0.0,0.0,principal
SKU_1628_POW,2025-05-01,121,21904.28,66537.9,principal
SKU_1629_CLO,2025-05-01,87,7052.06,22176.3,principal
SKU_1629_ARM,2025-05-01,91,7376.3,23195.9,principal
SKU_1630_LIM,2025-05-01,0,0.0,0.0,principal
SKU_1630_SNO,2025-05-01,72,7981.34,24112.8,principal
SKU_1631_BAL,2025-05-01,91,5205.95,16370.9,principal
SKU_1631_SNO,2025-05-01,71,4061.78,12772.9,principal
SKU_1632_SAP,2025-05-01,118,7221.82,21818.2,principal
SKU_1632_SPA,2025-05-01,89,5446.97,16456.1,principal
SKU_1633_SER,2025-05-01,74,5527.67,17382.6,principal
SKU_1633_DEN,2025-05-01,106,7918.01,24899.4,principal
SKU_1634_NAV,2025-05-01,0,0.0,0.0,principal
SKU_1634_SAP,2025-05-01,0,0.0,0.0,principal
SKU_1635_TEA,2025-05-01,80,15388.66,48392.0,principal
SKU_1635_SAG,2025-05-01,102,19620.54,61699.8,principal
SKU_1636_LIG,2025-05-01,84,12164.47,36951.6,principal
SKU_1636_SHO,2025-05-01,98,14191.88,43110.2,principal
SKU_1637_BLU,2025-05-01,90,26327.54,82791.0,principal
SKU_1637_WHI,2025-05-01,70,20476.97,64393.0,principal
SKU_1638_PEA,2025-05-01,85,30811.5,96891.5,principal
SKU_1638_SAP,2025-05-01,63,22836.76,71813.7,principal
SKU_1639_FRE,2025-05-01,75,4529.11,14242.5,principal
SKU_1639_WHI,2025-05-01,105,6340.76,19939.5,principal
SKU_1640_IVO,2025-05-01,0,0.0,0.0,principal
SKU_1640_TEA,2025-05-01,80,5791.29,17592.0,principal
SKU_1641_MEX,2025-05-01,99,10228.5,32165.1,principal
SKU_1641_SER,2025-05-01,0,0.0,0.0,principal
SKU_1642_OFF,2025-05-01,115,8560.82,25863.5,principal
SKU_1642_SAL,2025-05-01,109,8114.17,24514.1,principal
SKU_1643_PAS,2025-05-01,105,7229.78,23614.5,principal
SKU_1643_EGR,2025-05-01,0,0.0,0.0,principal
SKU_1644_BAB,2025-05-01,115,10576.55,36788.5,principal
SKU_1644_PEA,2025-05-01,100,9197.0,31990.0,principal
SKU_1645_MYS,2025-05-01,106,12093.7,42389.4,principal
SKU_1645_MIN,2025-05-01,107,12207.79,42789.3,principal
SKU_1646_BLU,2025-05-01,75,4871.5,15367.5,principal
SKU_1646_CLE,2025-05-01,76,4936.45,15572.4,principal
SKU_1647_BLA,2025-05-01,107,11881.85,36369.3,principal
SKU_1647_ARM,2025-05-01,92,10216.17,31270.8,principal
SKU_1648_RAS,2025-05-01,78,19456.66,54592.2,principal
SKU_1648_FLA,2025-05-01,0,0.0,0.0,principal
SKU_1649_FLA,2025-05-01,107,8274.21,25134.3,principal
SKU_1649_GAR,2025-05-01,113,8738.19,26543.7,principal
SKU_1650_OLI,2025-05-01,96,30677.59,96470.4,principal
SKU_1650_EGR,2025-05-01,76,24286.42,76372.4,principal
SKU_1651_PAS,2025-05-01,0,0.0,0.0,principal
SKU_1651_SAL,2025-05-01,0,0.0,0.0,principal
SKU_1652_TEA,2025-05-01,115,7775.96,25288.5,principal
SKU_1652_MOS,2025-05-01,80,5409.36,17592.0,principal
SKU_1653_ROS,2025-05-01,122,14024.75,43907.8,principal
SKU_1653_BAB,2025-05-01,98,11265.78,35270.2,principal
SKU_1654_CRE,2025-05-01,73,6619.2,22622.7,principal
SKU_1654_NAV,2025-05-01,96,8704.7,29750.4,principal
SKU_1655_SNO,2025-05-01,120,25022.64,77388.0,principal
SKU_1655_TEA,2025-05-01,73,15222.1,47077.7,principal
SKU_1656_FUC,2025-05-01,1,84.93,234.9,principal
SKU_1656_SNO,2025-05-01,115,9766.81,27013.5,principal
SKU_1657_SPA,2025-05-01,98,7469.37,21060.2,principal
SKU_1657_EME,2025-05-01,68,5182.83,14613.2,principal
SKU_1658_BAB,2025-05-01,80,26815.97,70392.0,principal
SKU_1658_MYS,2025-05-01,83,27821.57,73031.7,principal
SKU_1659_MOS,2025-05-01,143,48511.59,146560.7,principal
SKU_1659_SNO,2025-05-01,116,39352.06,118888.4,principal
SKU_1660_NAV,2025-05-01,97,10055.51,30545.3,principal
SKU_1660_MAG,2025-05-01,108,11195.83,34009.2,principal
SKU_1661_WHI,2025-05-01,76,24901.92,75232.4,principal
SKU_1661_CER,2025-05-01,98,32110.38,97010.2,principal
SKU_1662_PIS,2025-05-01,109,6762.09,21789.1,principal
SKU_1662_LIG,2025-05-01,103,6389.87,20589.7,principal
SKU_1663_SNO,2025-05-01,91,23228.07,72335.9,principal
SKU_1663_FLA,2025-05-01,89,22717.56,70746.1,principal
SKU_1664_PIN,2025-05-01,128,12745.06,42227.2,principal
SKU_1664_MIN,2025-05-01,78,7766.52,25732.2,principal
SKU_1665_SAG,2025-05-01,0,0.0,0.0,principal
SKU_1665_RAS,2025-05-01,133,9841.69,33236.7,principal
SKU_1666_FUC,2025-05-01,118,33102.65,94388.2,principal
SKU_1666_PAS,2025-05-01,95,26650.44,75990.5,principal
SKU_1667_LIG,2025-05-01,77,5881.72,16162.3,principal
SKU_1667_MID,2025-05-01,114,8708.0,23928.6,principal
SKU_1668_DEN,2025-05-01,114,11933.59,30768.6,principal
SKU_1668_VAN,2025-05-01,0,0.0,0.0,principal
SKU_1669_COR,2025-05-01,68,5244.3,13593.2,principal
SKU_1669_TEA,2025-05-01,103,7943.57,20589.7,principal
SKU_1670_SAP,2025-05-01,131,6283.01,18981.9,principal
SKU_1670_PEA,2025-05-01,0,0.0,0.0,principal
SKU_1671_SEA,2025-05-01,82,8659.79,28691.8,principal
SKU_1671_MIN,2025-05-01,111,11722.4,38838.9,principal
SKU_1672_TEA,2025-05-01,79,7363.03,23297.1,principal
SKU_1672_FOR,2025-05-01,71,6617.4,20937.9,principal
SKU_1673_PEA,2025-05-01,121,16862.42,49597.9,principal
SKU_1673_FUC,2025-05-01,95,13239.09,38940.5,principal
SKU_1674_PAS,2025-05-01,108,9035.74,24829.2,principal
SKU_1674_WHI,2025-05-01,94,7864.44,21610.6,principal
SKU_1675_CRE,2025-05-01,84,21267.28,64251.6,principal
SKU_1675_DEN,2025-05-01,73,18482.28,55837.7,principal
SKU_1676_PIN,2025-05-01,89,4977.87,15121.1,principal
SKU_1676_NAV,2025-05-01,99,5537.18,16820.1,principal
SKU_1677_POW,2025-05-01,92,20331.7,52430.8,principal
SKU_1677_VAN,2025-05-01,105,23204.66,59839.5,principal
SKU_1678_LIG,2025-05-01,103,27163.1,73634.7,principal
SKU_1678_MAG,2025-05-01,104,27426.82,74349.6,principal
SKU_1679_SHO,2025-05-01,117,40302.92,107628.3,principal
SKU_1679_GAR,2025-05-01,0,0.0,0.0,principal
SKU_1680_NAV,2025-05-01,661,73273.11,221368.9,principal
SKU_1680_SEA,2025-05-01,697,77263.77,233425.3,principal
SKU_1681_OFF,2025-05-01,405,31318.28,95134.5,principal
SKU_1681_PIS,2025-05-01,236,18249.66,55436.4,principal
SKU_1682_OLI,2025-05-01,698,64138.96,163960.2,principal
SKU_1682_BIR,2025-05-01,675,62025.49,158557.5,principal
SKU_1683_PAL,2025-05-01,257,32109.52,80929.3,principal
SKU_1683_SHO,2025-05-01,288,35982.66,90691.2,principal
SKU_1684_HON,2025-05-01,648,39658.83,119815.2,principal
SKU_1684_SHO,2025-05-01,405,24786.77,74884.5,principal
SKU_1685_COB,2025-05-01,374,82310.63,248672.6,principal
SKU_1685_BIR,2025-05-01,48,10563.93,31915.2,principal
SKU_1686_MOS,2025-05-01,364,24524.12,78223.6,principal
SKU_1686_SKY,2025-05-01,235,15832.88,50501.5,principal
SKU_1687_FOR,2025-05-01,264,74557.72,237573.6,principal
SKU_1687_WHI,2025-05-01,771,217742.44,693822.9,principal
SKU_1688_WHI,2025-05-01,289,36564.16,124241.1,principal
SKU_1688_LIG,2025-05-01,463,58578.56,199043.7,principal
SKU_1689_MAG,2025-05-01,237,74778.79,228681.3,principal
SKU_1689_IVO,2025-05-01,251,79196.1,242189.9,principal
SKU_1690_MAG,2025-05-01,212,40793.12,114458.8,principal
SKU_1690_MYS,2025-05-01,632,121609.67,341216.8,principal
SKU_1691_HUN,2025-05-01,330,33666.3,102267.0,principal
SKU_1691_ROS,2025-05-01,401,40909.65,124269.9,principal
SKU_1692_OLI,2025-05-01,263,19142.95,57833.7,principal
SKU_1692_BLU,2025-05-01,234,17032.13,51456.6,principal
SKU_1693_MEX,2025-05-01,774,52494.15,158592.6,principal
SKU_1693_FLA,2025-05-01,389,26382.72,79706.1,principal
SKU_1694_PIS,2025-05-01,259,23995.55,72494.1,principal
SKU_1694_SER,2025-05-01,280,25941.13,78372.0,principal
SKU_1695_CRE,2025-05-01,246,16420.06,51635.4,principal
SKU_1695_LIM,2025-05-01,633,42251.61,132866.7,principal
SKU_1696_SER,2025-05-01,389,32337.69,108881.1,principal
SKU_1696_SHO,2025-05-01,451,37491.77,126234.9,principal
SKU_1697_PIS,2025-05-01,247,16454.28,54315.3,principal
SKU_1697_MIN,2025-05-01,426,28378.63,93677.4,principal
SKU_1698_PRI,2025-05-01,401,49554.2,168379.9,principal
SKU_1698_SNO,2025-05-01,62,7661.75,26033.8,principal
SKU_1699_CLO,2025-05-01,276,29774.13,91052.4,principal
SKU_1699_COB,2025-05-01,394,42503.66,129980.6,principal
SKU_1700_HUN,2025-05-01,674,185107.87,471732.6,principal
SKU_1700_PIS,2025-05-01,254,69758.75,177774.6,principal
SKU_1701_SPA,2025-05-01,259,33467.04,88034.1,principal
SKU_1701_BLU,2025-05-01,645,83344.57,219235.5,principal
SKU_1702_LIG,2025-05-01,429,88025.18,265937.1,principal
SKU_1702_COR,2025-05-01,457,93770.41,283294.3,principal
SKU_1703_PAS,2025-05-01,656,56303.3,177054.4,principal
SKU_1703_BLU,2025-05-01,759,65143.6,204854.1,principal
SKU_1704_BAB,2025-05-01,227,24175.09,76022.3,principal
SKU_1704_PEA,2025-05-01,381,40575.81,127596.9,principal
SKU_1705_SER,2025-05-01,670,90903.52,274633.0,principal
SKU_1705_JAD,2025-05-01,263,35683.02,107803.7,principal
SKU_1706_BLA,2025-05-01,720,43184.87,133128.0,principal
SKU_1706_JAD,2025-05-01,254,15234.66,46964.6,principal
SKU_1707_ARM,2025-05-01,676,51138.44,189212.4,principal
SKU_1707_SAP,2025-05-01,313,23678.0,87608.7,principal
SKU_1708_FLA,2025-05-01,693,37088.32,117740.7,principal
SKU_1708_FRE,2025-05-01,669,35803.88,113663.1,principal
SKU_1709_CRE,2025-05-01,713,44044.56,149658.7,principal
SKU_1709_MAR,2025-05-01,451,27859.88,94664.9,principal
SKU_1710_OLI,2025-05-01,403,96937.74,326389.7,principal
SKU_1710_MEX,2025-05-01,404,97178.28,327199.6,principal
SKU_1711_VAN,2025-05-01,672,254325.09,668572.8,principal
SKU_1711_ARM,2025-05-01,372,140787.11,370102.8,principal
SKU_1712_NAV,2025-05-01,759,45196.1,136544.1,principal
SKU_1712_MOS,2025-05-01,397,23640.12,71420.3,principal
SKU_1713_SAL,2025-05-01,412,68854.22,208018.8,principal
SKU_1713_SNO,2025-05-01,460,76876.07,232254.0,principal
SKU_1714_DEE,2025-05-01,338,32771.87,103056.2,principal
SKU_1714_MID,2025-05-01,717,69519.03,218613.3,principal
SKU_1715_HON,2025-05-01,677,47341.39,148872.3,principal
SKU_1715_JAD,2025-05-01,232,16223.34,51016.8,principal
SKU_1716_AQU,2025-05-01,102,5537.08,16819.8,principal
SKU_1716_SAL,2025-05-01,338,18348.36,55736.2,principal
SKU_1717_MIN,2025-05-01,392,30035.48,101880.8,principal
SKU_1717_CRE,2025-05-01,643,49267.38,167115.7,principal
SKU_1718_DUS,2025-05-01,376,41443.77,139082.4,principal
SKU_1718_SEA,2025-05-01,88,9699.61,32551.2,principal
SKU_1719_OFF,2025-05-01,431,39336.28,137876.9,principal
SKU_1719_WHI,2025-05-01,262,23912.08,83813.8,principal
SKU_1720_PAL,2025-05-01,250,16698.83,56225.0,principal
SKU_1720_PAS,2025-05-01,242,16164.46,54425.8,principal
SKU_1721_COR,2025-05-01,387,61815.49,162501.3,principal
SKU_1721_FRE,2025-05-01,709,113248.54,297709.1,principal
SKU_1722_AQU,2025-05-01,281,30219.27,91296.9,principal
SKU_1722_PAS,2025-05-01,664,71407.82,215733.6,principal
SKU_1723_MOS,2025-05-01,604,86946.95,262679.6,principal
SKU_1723_COB,2025-05-01,669,96303.82,290948.1,principal
SKU_1724_PIN,2025-05-01,412,146069.74,459338.8,principal
SKU_1724_PEA,2025-05-01,726,257394.73,809417.4,principal
SKU_1725_BAB,2025-05-01,236,18379.26,57796.4,principal
SKU_1725_OFF,2025-05-01,210,16354.42,51429.0,principal
SKU_1726_PAS,2025-05-01,744,105293.17,319845.6,principal
SKU_1726_BUB,2025-05-01,688,97367.88,295771.2,principal
SKU_1727_LIG,2025-05-01,381,17772.94,59016.9,principal
SKU_1727_WHI,2025-05-01,644,30041.4,99755.6,principal
SKU_1728_MID,2025-05-01,391,40492.82,128990.9,principal
SKU_1728_EGR,2025-05-01,30,3106.87,9897.0,principal
SKU_1729_FUC,2025-05-01,359,18478.83,62789.1,principal
SKU_1729_CLE,2025-05-01,721,37112.08,126102.9,principal
SKU_1730_OFF,2025-05-01,410,38954.22,131159.0,principal
SKU_1730_MIN,2025-05-01,279,26507.87,89252.1,principal
SKU_1731_MIN,2025-05-01,269,93107.88,244763.1,principal
SKU_1731_ARM,2025-05-01,394,136373.63,358500.6,principal
SKU_1732_OFF,2025-05-01,260,95426.52,289874.0,principal
SKU_1732_WHI,2025-05-01,398,146075.98,443730.2,principal
SKU_1733_NAV,2025-05-01,430,49801.27,150457.0,principal
SKU_1733_SAG,2025-05-01,663,76786.6,231983.7,principal
SKU_1734_FRE,2025-05-01,264,29374.8,92373.6,principal
SKU_1734_BRI,2025-05-01,422,46955.18,147657.8,principal
SKU_1735_MOS,2025-05-01,775,68859.59,209172.5,principal
SKU_1735_COR,2025-05-01,714,63439.67,192708.6,principal
SKU_1736_PAS,2025-05-01,222,23744.47,72127.8,principal
SKU_1736_JAD,2025-05-01,381,40750.65,123786.9,principal
SKU_1737_SAG,2025-05-01,259,66002.76,199404.1,principal
SKU_1737_DEE,2025-05-01,432,110089.54,332596.8,principal
SKU_1738_BLU,2025-05-01,251,16192.49,48919.9,principal
SKU_1738_ROY,2025-05-01,381,24579.03,74256.9,principal
SKU_1739_AQU,2025-05-01,700,58739.16,178430.0,principal
SKU_1739_MOS,2025-05-01,248,20810.44,63215.2,principal
SKU_1740_FRE,2025-05-01,246,17403.29,52865.4,principal
SKU_1740_OLI,2025-05-01,690,48814.11,148281.0,principal
SKU_1741_PEA,2025-05-01,710,56072.31,170329.0,principal
SKU_1741_PIN,2025-05-01,701,55361.53,168169.9,principal
SKU_1742_DEN,2025-05-01,269,23141.24,69913.1,principal
SKU_1742_EME,2025-05-01,28,2408.75,7277.2,principal
SKU_1743_DEE,2025-05-01,274,38329.37,120532.6,principal
SKU_1743_CLO,2025-05-01,114,15947.25,50148.6,principal
SKU_1744_LIG,2025-05-01,453,39503.9,119999.7,principal
SKU_1744_EME,2025-05-01,241,21016.42,63840.9,principal
SKU_1745_PEA,2025-05-01,258,34814.28,105754.2,principal
SKU_1745_FOR,2025-05-01,261,35219.1,106983.9,principal
SKU_1746_EME,2025-05-01,297,17589.25,53430.3,principal
SKU_1746_NAV,2025-05-01,275,16286.35,49472.5,principal
SKU_1747_FUC,2025-05-01,255,14182.64,44599.5,principal
SKU_1747_TEA,2025-05-01,351,19521.99,61389.9,principal
SKU_1748_BAB,2025-05-01,624,59461.68,193377.6,principal
SKU_1748_COB,2025-05-01,254,24203.95,78714.6,principal
SKU_1749_SNO,2025-05-01,616,62176.36,215538.4,principal
SKU_1749_BIR,2025-05-01,274,27656.37,95872.6,principal
SKU_1750_MIN,2025-05-01,346,34210.5,127985.4,principal
SKU_1750_SNO,2025-05-01,742,73364.71,274465.8,principal
SKU_1751_BLU,2025-05-01,662,64862.96,218393.8,principal
SKU_1751_MIN,2025-05-01,398,38996.16,131300.2,principal
SKU_1752_SNO,2025-05-01,660,101122.8,283734.0,principal
SKU_1752_SPA,2025-05-01,726,111235.08,312107.4,principal
SKU_1753_WHI,2025-05-01,229,68766.04,180887.1,principal
SKU_1753_PAL,2025-05-01,725,217709.08,572677.5,principal
SKU_1754_IVO,2025-05-01,270,30376.86,91773.0,principal
SKU_1754_SER,2025-05-01,390,43877.69,132561.0,principal
SKU_1755_BIR,2025-05-01,635,70008.17,212661.5,principal
SKU_1755_AQU,2025-05-01,716,78938.34,239788.4,principal
SKU_1756_FLA,2025-05-01,233,13329.51,41916.7,principal
SKU_1756_BUB,2025-05-01,248,14187.63,44615.2,principal
SKU_1757_PIN,2025-05-01,266,22407.36,70463.4,principal
SKU_1757_TUR,2025-05-01,366,30831.18,96953.4,principal
SKU_1758_CLO,2025-05-01,398,19564.04,71600.2,principal
SKU_1758_HON,2025-05-01,245,12043.19,44075.5,principal
SKU_1759_CLE,2025-05-01,672,55157.28,181372.8,principal
SKU_1759_COB,2025-05-01,401,32913.79,108229.9,principal
SKU_1760_PAS,2025-05-01,239,17577.39,59726.1,principal
SKU_1760_OFF,2025-05-01,700,51481.9,174930.0,principal
SKU_1761_MOS,2025-05-01,280,98070.92,309372.0,principal
SKU_1761_SAP,2025-05-01,252,88263.83,278434.8,principal
SKU_1762_DEN,2025-05-01,216,19622.81,55058.4,principal
SKU_1762_BRI,2025-05-01,682,61957.22,173841.8,principal
SKU_1763_MAR,2025-05-01,126,12507.63,37787.4,principal
SKU_1763_HOT,2025-05-01,628,62339.61,188337.2,principal
SKU_1764_FUC,2025-05-01,691,53434.39,162315.9,principal
SKU_1764_MAR,2025-05-01,249,19254.94,58490.1,principal
SKU_1765_MYS,2025-05-01,357,29505.41,92784.3,principal
SKU_1765_PAS,2025-05-01,620,51241.88,161138.0,principal
SKU_1766_CLE,2025-05-01,658,82630.46,259844.2,principal
SKU_1766_MYS,2025-05-01,442,55505.56,174545.8,principal
SKU_1767_PRI,2025-05-01,240,15637.97,49176.0,principal
SKU_1767_FUC,2025-05-01,254,16550.18,52044.6,principal
SKU_1768_PEA,2025-05-01,259,48227.79,161849.1,principal
SKU_1768_MIN,2025-05-01,698,129972.98,436180.2,principal
SKU_1769_WHI,2025-05-01,310,28417.87,100719.0,principal
SKU_1769_EME,2025-05-01,414,37951.6,134508.6,principal
SKU_1770_JAD,2025-05-01,268,17344.04,58933.2,principal
SKU_1770_DEE,2025-05-01,396,25627.76,87080.4,principal
SKU_1771_PIN,2025-05-01,400,34648.92,105960.0,principal
SKU_1771_EME,2025-05-01,393,34042.56,104105.7,principal
SKU_1772_BLU,2025-05-01,233,37933.98,96671.7,principal
SKU_1772_SNO,2025-05-01,39,6349.46,16181.1,principal
SKU_1773_OLI,2025-05-01,272,29092.33,88372.8,principal
SKU_1773_FRE,2025-05-01,248,26525.36,80575.2,principal
SKU_1774_COB,2025-05-01,92,5994.55,18850.8,principal
SKU_1774_MOS,2025-05-01,649,42287.67,132980.1,principal
SKU_1775_PAS,2025-05-01,693,63855.15,193970.7,principal
SKU_1775_PAL,2025-05-01,660,60814.43,184734.0,principal
SKU_1776_BIR,2025-05-01,272,29701.56,89732.8,principal
SKU_1776_PAS,2025-05-01,277,30247.54,91382.3,principal
SKU_1777_TUR,2025-05-01,31,2364.93,7436.9,principal
SKU_1777_FRE,2025-05-01,271,20674.1,65012.9,principal
SKU_1778_TEA,2025-05-01,261,24612.8,74358.9,principal
SKU_1778_MIN,2025-05-01,430,40549.82,122507.0,principal
SKU_1779_LIG,2025-05-01,425,30066.66,91332.5,principal
SKU_1779_MIN,2025-05-01,270,19101.17,58023.0,principal
SKU_1780_AQU,2025-05-01,410,45449.28,137309.0,principal
SKU_1780_LIG,2025-05-01,735,81476.15,246151.5,principal
SKU_1781_CLE,2025-05-01,663,27387.34,86123.7,principal
SKU_1781_AQU,2025-05-01,707,29204.9,91839.3,principal
SKU_1782_NAV,2025-05-01,121,10008.74,30237.9,principal
SKU_1782_HUN,2025-05-01,245,20265.64,61225.5,principal
SKU_1783_EGR,2025-05-01,87,33196.43,104391.3,principal
SKU_1783_BAB,2025-05-01,727,277400.08,872327.3,principal
SKU_1784_EGR,2025-05-01,273,28003.49,84602.7,principal
SKU_1784_BLA,2025-05-01,398,40825.61,123340.2,principal
SKU_1785_HUN,2025-05-01,421,32786.72,103102.9,principal
SKU_1785_PAS,2025-05-01,414,32241.57,101388.6,principal
SKU_1786_TEA,2025-05-01,210,12436.85,37779.0,principal
SKU_1786_POW,2025-05-01,392,23215.45,70520.8,principal
SKU_1787_BAB,2025-05-01,1320,121688.42,382668.0,principal
SKU_1787_BAB,2025-05-01,1320,121688.42,382668.0,principal
SKU_1788_EME,2025-05-01,229,18942.17,57227.1,principal
SKU_1788_MYS,2025-05-01,392,32425.02,97960.8,principal
SKU_1789_SNO,2025-05-01,237,19466.22,63966.3,principal
SKU_1789_EME,2025-05-01,722,59302.17,194867.8,principal
SKU_1790_EGR,2025-05-01,95,7113.09,24690.5,principal
SKU_1790_ROY,2025-05-01,609,45598.63,158279.1,principal
SKU_1791_ARM,2025-05-01,264,18693.25,69933.6,principal
SKU_1791_IVO,2025-05-01,714,50556.75,189138.6,principal
SKU_1792_MIN,2025-05-01,389,50822.97,171121.1,principal
SKU_1792_AQU,2025-05-01,370,48340.61,162763.0,principal
SKU_1793_WHI,2025-05-01,252,16686.97,47854.8,principal
SKU_1793_MIN,2025-05-01,278,18408.64,52792.2,principal
SKU_1794_FLA,2025-05-01,243,19402.57,51005.7,principal
SKU_1794_LIG,2025-05-01,249,19881.64,52265.1,principal
SKU_1795_RAS,2025-05-01,379,37417.56,113662.1,principal
SKU_1795_HUN,2025-05-01,696,68714.05,208730.4,principal
SKU_1796_OLI,2025-05-01,392,65155.53,197920.8,principal
SKU_1796_SHO,2025-05-01,278,46207.24,140362.2,principal
SKU_1797_GAR,2025-05-01,233,25763.67,88516.7,principal
SKU_1797_BLU,2025-05-01,114,12605.4,43308.6,principal
SKU_1798_OFF,2025-05-01,367,47971.43,154103.3,principal
SKU_1798_MOS,2025-05-01,248,32416.66,104135.2,principal
SKU_1799_DEN,2025-05-01,265,21049.37,71523.5,principal
SKU_1799_POW,2025-05-01,739,58699.93,199456.1,principal
SKU_1800_SKY,2025-05-01,269,22362.05,75293.1,principal
SKU_1800_MOS,2025-05-01,685,56944.26,191731.5,principal
SKU_1801_MOS,2025-05-01,253,37219.02,94849.7,principal
SKU_1801_FLA,2025-05-01,290,42662.12,108721.0,principal
SKU_1000_COR,2025-06-01,0,0.0,0.0,principal
SKU_1000_EME,2025-06-01,134,8007.44,27456.6,principal
SKU_1000_ROY,2025-06-01,179,10696.51,36677.1,principal
SKU_1001_AQU,2025-06-01,92,23113.64,86470.8,principal
SKU_1001_SAP,2025-06-01,165,41453.82,155083.5,principal
SKU_1002_COR,2025-06-01,63,4839.17,14798.7,principal
SKU_1002_MYS,2025-06-01,59,4531.93,13859.1,principal
SKU_1003_SNO,2025-06-01,120,17182.41,43788.0,principal
SKU_1003_DUS,2025-06-01,160,22909.88,58384.0,principal
SKU_1004_FOR,2025-06-01,0,0.0,0.0,principal
SKU_1004_MEX,2025-06-01,97,11058.97,29090.3,principal
SKU_1005_OLI,2025-06-01,0,0.0,0.0,principal
SKU_1005_MYS,2025-06-01,0,0.0,0.0,principal
SKU_1006_MOS,2025-06-01,90,5434.94,17091.0,principal
SKU_1006_FOR,2025-06-01,81,4891.44,15381.9,principal
SKU_1007_COB,2025-06-01,148,13879.17,43645.2,principal
SKU_1007_FOR,2025-06-01,130,12191.17,38337.0,principal
SKU_1008_MEX,2025-06-01,146,15701.12,47435.4,principal
SKU_1008_WHI,2025-06-01,123,13227.65,39962.7,principal
SKU_1009_BAB,2025-06-01,169,24035.27,87018.1,principal
SKU_1009_MAG,2025-06-01,0,0.0,0.0,principal
SKU_1010_SNO,2025-06-01,120,13584.31,45588.0,principal
SKU_1010_BRI,2025-06-01,0,0.0,0.0,principal
SKU_1011_CER,2025-06-01,72,5001.93,18712.8,principal
SKU_1011_MIN,2025-06-01,54,3751.45,14034.6,principal
SKU_1012_VAN,2025-06-01,124,35719.48,120267.6,principal
SKU_1012_CLO,2025-06-01,157,45225.47,152274.3,principal
SKU_1013_LIG,2025-06-01,92,6295.92,16550.8,principal
SKU_1013_LIG,2025-06-01,92,6295.92,16550.8,principal
SKU_1014_FLA,2025-06-01,135,17869.53,53986.5,principal
SKU_1014_MIN,2025-06-01,155,20516.87,61984.5,principal
SKU_1015_ROY,2025-06-01,152,47036.69,142104.8,principal
SKU_1015_TUR,2025-06-01,51,15782.05,47679.9,principal
SKU_1016_HON,2025-06-01,55,3912.25,11819.5,principal
SKU_1016_SNO,2025-06-01,0,0.0,0.0,principal
SKU_1017_PAS,2025-06-01,164,7817.58,24583.6,principal
SKU_1017_BAL,2025-06-01,87,4147.13,13041.3,principal
SKU_1018_TEA,2025-06-01,158,6024.26,18944.2,principal
SKU_1018_ARM,2025-06-01,165,6291.15,19783.5,principal
SKU_1019_NAV,2025-06-01,65,5348.93,17218.5,principal
SKU_1019_GAR,2025-06-01,81,6665.59,21456.9,principal
SKU_1020_NAV,2025-06-01,54,3285.01,10794.6,principal
SKU_1020_LIG,2025-06-01,100,6083.36,19990.0,principal
SKU_1021_CRE,2025-06-01,87,6625.38,24786.3,principal
SKU_1021_PAS,2025-06-01,176,13403.06,50142.4,principal
SKU_1022_PAL,2025-06-01,142,14854.24,45425.8,principal
SKU_1022_DEN,2025-06-01,63,6590.26,20153.7,principal
SKU_1023_DEN,2025-06-01,142,15596.25,39745.8,principal
SKU_1023_FOR,2025-06-01,180,19769.9,50382.0,principal
SKU_1024_VAN,2025-06-01,165,13166.27,34633.5,principal
SKU_1024_DEN,2025-06-01,76,6064.46,15952.4,principal
SKU_1025_WHI,2025-06-01,119,18349.59,57703.1,principal
SKU_1025_MIN,2025-06-01,104,16036.61,50429.6,principal
SKU_1026_CLO,2025-06-01,0,0.0,0.0,principal
SKU_1026_SPA,2025-06-01,62,8468.27,25723.8,principal
SKU_1027_MAR,2025-06-01,189,25236.83,79361.1,principal
SKU_1027_BIR,2025-06-01,174,23233.91,73062.6,principal
SKU_1028_BLU,2025-06-01,99,19830.51,62360.1,principal
SKU_1028_AQU,2025-06-01,59,11818.18,37164.1,principal
SKU_1029_BLU,2025-06-01,179,13940.2,43837.1,principal
SKU_1029_BAL,2025-06-01,76,5918.74,18612.4,principal
SKU_1030_CRE,2025-06-01,92,19013.47,59790.8,principal
SKU_1030_DEN,2025-06-01,69,14260.11,44843.1,principal
SKU_1031_COR,2025-06-01,154,24207.55,73134.6,principal
SKU_1031_HON,2025-06-01,0,0.0,0.0,principal
SKU_1032_EME,2025-06-01,153,16780.76,52769.7,principal
SKU_1032_HON,2025-06-01,154,16890.44,53114.6,principal
SKU_1033_NAV,2025-06-01,164,33893.58,106583.6,principal
SKU_1033_LIM,2025-06-01,111,22940.17,72138.9,principal
SKU_1034_PAS,2025-06-01,87,6154.82,18696.3,principal
SKU_1034_PIS,2025-06-01,109,7711.21,23424.1,principal
SKU_1035_SAP,2025-06-01,172,35820.41,112642.8,principal
SKU_1035_FUC,2025-06-01,160,33321.31,104784.0,principal
SKU_1036_BIR,2025-06-01,80,19749.37,59992.0,principal
SKU_1036_MID,2025-06-01,88,21724.3,65991.2,principal
SKU_1037_PRI,2025-06-01,54,3604.4,11334.6,principal
SKU_1037_SPA,2025-06-01,107,7142.06,22459.3,principal
SKU_1038_LIG,2025-06-01,51,4133.97,12999.9,principal
SKU_1038_FLA,2025-06-01,116,9402.75,29568.4,principal
SKU_1039_ARM,2025-06-01,71,3640.3,10997.9,principal
SKU_1039_MIN,2025-06-01,87,4460.66,13476.3,principal
SKU_1040_BLA,2025-06-01,85,9145.21,29741.5,principal
SKU_1040_BAB,2025-06-01,85,9145.21,29741.5,principal
SKU_1041_EME,2025-06-01,106,6936.18,23309.4,principal
SKU_1041_SNO,2025-06-01,66,4318.75,14513.4,principal
SKU_1042_SEA,2025-06-01,124,11491.71,39047.6,principal
SKU_1042_EME,2025-06-01,163,15106.04,51328.7,principal
SKU_1043_SPA,2025-06-01,55,14291.49,48119.5,principal
SKU_1043_CER,2025-06-01,78,20267.93,68242.2,principal
SKU_1044_SER,2025-06-01,186,60841.71,159941.4,principal
SKU_1044_COR,2025-06-01,125,40888.24,107487.5,principal
SKU_1045_FOR,2025-06-01,50,4845.14,12745.0,principal
SKU_1045_BUB,2025-06-01,131,12694.26,33391.9,principal
SKU_1046_SNO,2025-06-01,0,0.0,0.0,principal
SKU_1046_PAS,2025-06-01,74,3916.59,11832.6,principal
SKU_1047_ROY,2025-06-01,168,11672.12,35263.2,principal
SKU_1047_DEE,2025-06-01,62,4307.57,13013.8,principal
SKU_1048_MAR,2025-06-01,146,11530.36,35025.4,principal
SKU_1048_PEA,2025-06-01,0,0.0,0.0,principal
SKU_1049_BAL,2025-06-01,153,38022.5,115499.7,principal
SKU_1049_LIG,2025-06-01,176,43738.3,132862.4,principal
SKU_1050_BUB,2025-06-01,0,0.0,0.0,principal
SKU_1050_PRI,2025-06-01,154,13693.84,46954.6,principal
SKU_1051_CLE,2025-06-01,126,28734.56,94487.4,principal
SKU_1051_LIG,2025-06-01,170,38768.86,127483.0,principal
SKU_1052_PAS,2025-06-01,142,13162.54,46135.8,principal
SKU_1052_FRE,2025-06-01,112,10381.72,36388.8,principal
SKU_1053_SHO,2025-06-01,0,0.0,0.0,principal
SKU_1053_NAV,2025-06-01,59,6171.83,18874.1,principal
SKU_1054_DEE,2025-06-01,105,13281.07,37264.5,principal
SKU_1054_PAS,2025-06-01,72,9107.02,25552.8,principal
SKU_1055_LIG,2025-06-01,188,70622.56,213361.2,principal
SKU_1055_PAL,2025-06-01,0,0.0,0.0,principal
SKU_1056_CRE,2025-06-01,135,10496.51,31711.5,principal
SKU_1056_OLI,2025-06-01,162,12595.81,38053.8,principal
SKU_1057_ROY,2025-06-01,58,3530.41,10724.2,principal
SKU_1057_SNO,2025-06-01,0,0.0,0.0,principal
SKU_1058_MID,2025-06-01,66,4090.56,12863.4,principal
SKU_1058_SHO,2025-06-01,122,7561.34,23777.8,principal
SKU_1059_PEA,2025-06-01,92,8773.87,27590.8,principal
SKU_1059_OFF,2025-06-01,156,14877.44,46784.4,principal
SKU_1060_CRE,2025-06-01,142,48444.87,157605.8,principal
SKU_1060_LIM,2025-06-01,59,20128.5,65484.1,principal
SKU_1061_PAS,2025-06-01,153,17694.95,62714.7,principal
SKU_1061_EGR,2025-06-01,60,6939.2,24594.0,principal
SKU_1062_OLI,2025-06-01,166,9467.22,33183.4,principal
SKU_1062_MID,2025-06-01,130,7414.09,25987.0,principal
SKU_1063_SNO,2025-06-01,111,6506.08,20523.9,principal
SKU_1063_SAP,2025-06-01,60,3516.8,11094.0,principal
SKU_1064_PRI,2025-06-01,100,6768.04,18990.0,principal
SKU_1064_BIR,2025-06-01,140,9475.25,26586.0,principal
SKU_1065_CLE,2025-06-01,141,29934.45,90930.9,principal
SKU_1065_COB,2025-06-01,126,26749.94,81257.4,principal
SKU_1066_IVO,2025-06-01,173,10301.61,31122.7,principal
SKU_1066_WHI,2025-06-01,80,4763.75,14392.0,principal
SKU_1067_EME,2025-06-01,79,6654.82,20927.1,principal
SKU_1067_WHI,2025-06-01,74,6233.63,19602.6,principal
SKU_1068_COR,2025-06-01,75,19733.39,59617.5,principal
SKU_1068_BAL,2025-06-01,0,0.0,0.0,principal
SKU_1069_OLI,2025-06-01,0,0.0,0.0,principal
SKU_1069_CRE,2025-06-01,88,15434.93,46631.2,principal
SKU_1070_LIG,2025-06-01,0,0.0,0.0,principal
SKU_1070_MID,2025-06-01,153,17466.77,52769.7,principal
SKU_1071_BAB,2025-06-01,176,15637.79,47502.4,principal
SKU_1071_SKY,2025-06-01,146,12972.26,39405.4,principal
SKU_1072_PAS,2025-06-01,152,23138.49,69904.8,principal
SKU_1072_CER,2025-06-01,133,20246.18,61166.7,principal
SKU_1073_FRE,2025-06-01,91,9635.71,29110.9,principal
SKU_1073_BLU,2025-06-01,116,12282.88,37108.4,principal
SKU_1074_JAD,2025-06-01,137,9241.07,28071.3,principal
SKU_1074_PRI,2025-06-01,174,11736.84,35652.6,principal
SKU_1075_NAV,2025-06-01,101,9311.01,29279.9,principal
SKU_1075_LIG,2025-06-01,166,15303.24,48123.4,principal
SKU_1076_BLU,2025-06-01,0,0.0,0.0,principal
SKU_1076_POW,2025-06-01,140,9904.31,30086.0,principal
SKU_1077_NAV,2025-06-01,65,4752.03,14943.5,principal
SKU_1077_MAR,2025-06-01,84,6141.09,19311.6,principal
SKU_1078_GAR,2025-06-01,0,0.0,0.0,principal
SKU_1078_BLU,2025-06-01,161,15866.26,49893.9,principal
SKU_1079_BAB,2025-06-01,103,9321.2,28314.7,principal
SKU_1079_JAD,2025-06-01,153,13846.05,42059.7,principal
SKU_1080_TEA,2025-06-01,109,16460.98,51764.1,principal
SKU_1080_MAR,2025-06-01,72,10873.31,34192.8,principal
SKU_1081_EGR,2025-06-01,58,5096.24,16234.2,principal
SKU_1081_PAS,2025-06-01,125,10983.28,34987.5,principal
SKU_1082_PIN,2025-06-01,156,10068.58,32744.4,principal
SKU_1082_LIG,2025-06-01,172,11101.25,36102.8,principal
SKU_1083_OFF,2025-06-01,56,7579.52,25754.4,principal
SKU_1083_BAB,2025-06-01,133,18001.36,61166.7,principal
SKU_1084_DUS,2025-06-01,63,20392.93,62363.7,principal
SKU_1084_PAS,2025-06-01,81,26219.48,80181.9,principal
SKU_1085_COB,2025-06-01,114,18618.18,56988.6,principal
SKU_1085_CRE,2025-06-01,84,13718.66,41991.6,principal
SKU_1086_PRI,2025-06-01,177,15620.38,39807.3,principal
SKU_1086_CRE,2025-06-01,72,6354.05,16192.8,principal
SKU_1087_BIR,2025-06-01,84,12158.91,31491.6,principal
SKU_1087_SNO,2025-06-01,142,20554.34,53235.8,principal
SKU_1088_CER,2025-06-01,130,30594.86,92937.0,principal
SKU_1088_HON,2025-06-01,141,33183.66,100800.9,principal
SKU_1089_GAR,2025-06-01,180,17545.68,60282.0,principal
SKU_1089_EGR,2025-06-01,120,11697.12,40188.0,principal
SKU_1090_PAL,2025-06-01,175,7580.7,23607.5,principal
SKU_1090_WHI,2025-06-01,88,3812.01,11871.2,principal
SKU_1091_OFF,2025-06-01,65,5471.23,20468.5,principal
SKU_1091_MOS,2025-06-01,126,10605.77,39677.4,principal
SKU_1092_TUR,2025-06-01,142,15318.58,46845.8,principal
SKU_1092_MIN,2025-06-01,186,20065.18,61361.4,principal
SKU_1093_GAR,2025-06-01,0,0.0,0.0,principal
SKU_1093_TEA,2025-06-01,83,34459.14,96686.7,principal
SKU_1094_FOR,2025-06-01,80,7143.97,18792.0,principal
SKU_1094_DEE,2025-06-01,179,15984.63,42047.1,principal
SKU_1095_COB,2025-06-01,139,18527.74,56281.1,principal
SKU_1095_MAG,2025-06-01,0,0.0,0.0,principal
SKU_1096_HOT,2025-06-01,139,12807.89,38906.1,principal
SKU_1096_CLE,2025-06-01,53,4883.58,14834.7,principal
SKU_1097_AQU,2025-06-01,0,0.0,0.0,principal
SKU_1097_PAL,2025-06-01,126,8962.62,27077.4,principal
SKU_1098_HON,2025-06-01,0,0.0,0.0,principal
SKU_1098_HUN,2025-06-01,161,18380.07,55528.9,principal
SKU_1099_SAL,2025-06-01,61,4564.04,15243.9,principal
SKU_1099_PRI,2025-06-01,84,6284.91,20991.6,principal
SKU_1100_PEA,2025-06-01,78,3940.29,14422.2,principal
SKU_1100_COB,2025-06-01,0,0.0,0.0,principal
SKU_1101_CLE,2025-06-01,0,0.0,0.0,principal
SKU_1101_DEE,2025-06-01,120,13308.33,49788.0,principal
SKU_1102_FLA,2025-06-01,189,54443.4,183311.1,principal
SKU_1102_OFF,2025-06-01,136,39176.2,131906.4,principal
SKU_1103_EGR,2025-06-01,73,3607.22,9482.7,principal
SKU_1103_LIG,2025-06-01,51,2520.11,6624.9,principal
SKU_1104_POW,2025-06-01,73,4346.92,13132.7,principal
SKU_1104_MEX,2025-06-01,118,7026.53,21228.2,principal
SKU_1105_ARM,2025-06-01,0,0.0,0.0,principal
SKU_1105_SER,2025-06-01,172,11601.93,35242.8,principal
SKU_1106_MYS,2025-06-01,118,29264.97,92028.2,principal
SKU_1106_SNO,2025-06-01,78,19344.64,60832.2,principal
SKU_1107_BAL,2025-06-01,148,48473.12,147245.2,principal
SKU_1107_PAS,2025-06-01,52,17031.1,51734.8,principal
SKU_1108_PRI,2025-06-01,115,9512.44,28738.5,principal
SKU_1108_SNO,2025-06-01,97,8023.54,24240.3,principal
SKU_1109_SAG,2025-06-01,0,0.0,0.0,principal
SKU_1109_CER,2025-06-01,187,11790.36,42991.3,principal
SKU_1110_FLA,2025-06-01,157,9913.86,36094.3,principal
SKU_1110_HUN,2025-06-01,0,0.0,0.0,principal
SKU_1111_CRE,2025-06-01,46,2580.89,9655.4,principal
SKU_1111_BLU,2025-06-01,83,4656.82,17421.7,principal
SKU_1112_MIN,2025-06-01,110,8980.98,30239.0,principal
SKU_1112_EGR,2025-06-01,89,7266.43,24466.1,principal
SKU_1113_VAN,2025-06-01,0,0.0,0.0,principal
SKU_1113_OLI,2025-06-01,0,0.0,0.0,principal
SKU_1114_GAR,2025-06-01,91,12045.39,36390.9,principal
SKU_1114_PRI,2025-06-01,131,17340.06,52386.9,principal
SKU_1115_LIM,2025-06-01,135,9602.81,29011.5,principal
SKU_1115_TEA,2025-06-01,0,0.0,0.0,principal
SKU_1116_MOS,2025-06-01,92,7265.71,22070.8,principal
SKU_1116_SNO,2025-06-01,106,8371.36,25429.4,principal
SKU_1117_MOS,2025-06-01,113,8224.92,24848.7,principal
SKU_1117_MIN,2025-06-01,159,11573.12,34964.1,principal
SKU_1118_FUC,2025-06-01,111,10834.92,32733.9,principal
SKU_1118_DUS,2025-06-01,76,7418.5,22412.4,principal
SKU_1119_PAS,2025-06-01,63,2901.47,8813.7,principal
SKU_1119_LIG,2025-06-01,0,0.0,0.0,principal
SKU_1120_AQU,2025-06-01,76,5797.9,18232.4,principal
SKU_1120_SAL,2025-06-01,141,10756.64,33825.9,principal
SKU_1121_MYS,2025-06-01,126,10365.65,31487.4,principal
SKU_1121_MIN,2025-06-01,158,12998.2,39484.2,principal
SKU_1122_ROY,2025-06-01,93,13079.7,39515.7,principal
SKU_1122_PIS,2025-06-01,178,25034.26,75632.2,principal
SKU_1123_BAB,2025-06-01,72,10245.38,30952.8,principal
SKU_1123_SER,2025-06-01,0,0.0,0.0,principal
SKU_1124_BLU,2025-06-01,172,21510.85,65342.8,principal
SKU_1124_FOR,2025-06-01,137,17133.64,52046.3,principal
SKU_1125_MIN,2025-06-01,151,7948.5,24144.9,principal
SKU_1125_SAP,2025-06-01,86,4526.96,13751.4,principal
SKU_1126_WHI,2025-06-01,145,32871.78,99310.5,principal
SKU_1126_WHI,2025-06-01,145,32871.78,99310.5,principal
SKU_1127_SAL,2025-06-01,158,10397.52,31584.2,principal
SKU_1127_BLU,2025-06-01,68,4474.88,13593.2,principal
SKU_1128_PRI,2025-06-01,141,19026.41,57795.9,principal
SKU_1128_TEA,2025-06-01,0,0.0,0.0,principal
SKU_1129_VAN,2025-06-01,123,15670.43,47342.7,principal
SKU_1129_SAG,2025-06-01,78,9937.35,30022.2,principal
SKU_1130_CRE,2025-06-01,50,3701.48,12495.0,principal
SKU_1130_MEX,2025-06-01,123,9105.63,30737.7,principal
SKU_1131_CLO,2025-06-01,147,39847.97,130080.3,principal
SKU_1131_JAD,2025-06-01,63,17077.7,55748.7,principal
SKU_1132_NAV,2025-06-01,0,0.0,0.0,principal
SKU_1132_CLE,2025-06-01,181,9316.63,31656.9,principal
SKU_1133_MOS,2025-06-01,78,21078.74,70972.2,principal
SKU_1133_PEA,2025-06-01,158,42697.97,143764.2,principal
SKU_1134_DUS,2025-06-01,68,6001.05,15293.2,principal
SKU_1134_PIN,2025-06-01,163,14384.87,36658.7,principal
SKU_1135_ROS,2025-06-01,118,8070.11,21228.2,principal
SKU_1135_MAR,2025-06-01,82,5608.04,14751.8,principal
SKU_1136_SNO,2025-06-01,113,9296.18,28238.7,principal
SKU_1136_FUC,2025-06-01,60,4936.02,14994.0,principal
SKU_1137_DEE,2025-06-01,71,9141.83,28747.9,principal
SKU_1137_PAL,2025-06-01,149,19184.97,60330.1,principal
SKU_1138_PEA,2025-06-01,155,11085.32,34859.5,principal
SKU_1138_HON,2025-06-01,124,8868.26,27887.6,principal
SKU_1139_PRI,2025-06-01,111,10651.22,32178.9,principal
SKU_1139_EGR,2025-06-01,140,13433.97,40586.0,principal
SKU_1140_SNO,2025-06-01,149,8905.58,29785.1,principal
SKU_1140_ROS,2025-06-01,0,0.0,0.0,principal
SKU_1141_SKY,2025-06-01,73,8060.79,26637.7,principal
SKU_1141_CLE,2025-06-01,183,20207.18,66776.7,principal
SKU_1142_MIN,2025-06-01,86,7813.55,29231.4,principal
SKU_1142_PAS,2025-06-01,77,6995.86,26172.3,principal
SKU_1143_IVO,2025-06-01,131,8348.93,25531.9,principal
SKU_1143_SNO,2025-06-01,58,3696.47,11304.2,principal
SKU_1144_SEA,2025-06-01,147,18447.61,48495.3,principal
SKU_1144_BUB,2025-06-01,178,22337.92,58722.2,principal
SKU_1145_MOS,2025-06-01,115,17125.44,51738.5,principal
SKU_1145_LIG,2025-06-01,0,0.0,0.0,principal
SKU_1146_FRE,2025-06-01,61,9436.16,28663.9,principal
SKU_1146_CER,2025-06-01,134,20728.6,62966.6,principal
SKU_1147_COR,2025-06-01,182,21078.68,63681.8,principal
SKU_1147_MEX,2025-06-01,0,0.0,0.0,principal
SKU_1148_TEA,2025-06-01,88,12667.77,38271.2,principal
SKU_1148_SPA,2025-06-01,160,23032.3,69584.0,principal
SKU_1149_IVO,2025-06-01,108,5491.61,17269.2,principal
SKU_1149_OLI,2025-06-01,127,6457.72,20307.3,principal
SKU_1150_SAG,2025-06-01,135,26870.12,85711.5,principal
SKU_1150_VAN,2025-06-01,171,34035.48,108567.9,principal
SKU_1151_CRE,2025-06-01,128,31653.16,103667.2,principal
SKU_1151_JAD,2025-06-01,131,32395.03,106096.9,principal
SKU_1152_CLO,2025-06-01,176,47745.77,178622.4,principal
SKU_1152_WHI,2025-06-01,108,29298.54,109609.2,principal
SKU_1153_PEA,2025-06-01,167,18594.67,62608.3,principal
SKU_1153_MOS,2025-06-01,68,7571.48,25493.2,principal
SKU_1154_VAN,2025-06-01,93,19520.21,49745.7,principal
SKU_1154_PEA,2025-06-01,116,24347.79,62048.4,principal
SKU_1155_ARM,2025-06-01,146,43009.55,113135.4,principal
SKU_1155_BAB,2025-06-01,99,29164.01,76715.1,principal
SKU_1156_FLA,2025-06-01,162,14676.91,46153.8,principal
SKU_1156_EGR,2025-06-01,91,8244.44,25925.9,principal
SKU_1157_DEE,2025-06-01,128,8001.93,24307.2,principal
SKU_1157_PAS,2025-06-01,106,6626.6,20129.4,principal
SKU_1158_AQU,2025-06-01,168,36857.22,115903.2,principal
SKU_1158_MYS,2025-06-01,96,21061.27,66230.4,principal
SKU_1159_PAS,2025-06-01,95,5656.96,17090.5,principal
SKU_1159_PRI,2025-06-01,103,6133.33,18529.7,principal
SKU_1160_DUS,2025-06-01,157,10648.04,32169.3,principal
SKU_1160_LIM,2025-06-01,57,3865.85,11679.3,principal
SKU_1161_MEX,2025-06-01,87,12235.85,36966.3,principal
SKU_1161_DUS,2025-06-01,0,0.0,0.0,principal
SKU_1162_HOT,2025-06-01,169,40838.55,128423.1,principal
SKU_1162_BUB,2025-06-01,163,39388.66,123863.7,principal
SKU_1163_HUN,2025-06-01,140,11517.39,34986.0,principal
SKU_1163_SPA,2025-06-01,141,11599.66,35235.9,principal
SKU_1164_BRI,2025-06-01,166,10552.32,33183.4,principal
SKU_1164_MIN,2025-06-01,81,5149.02,16191.9,principal
SKU_1165_HUN,2025-06-01,0,0.0,0.0,principal
SKU_1165_MAR,2025-06-01,169,18266.91,57443.1,principal
SKU_1166_PIS,2025-06-01,85,16350.45,51416.5,principal
SKU_1166_FRE,2025-06-01,145,27891.94,87710.5,principal
SKU_1167_WHI,2025-06-01,105,24872.21,78214.5,principal
SKU_1167_JAD,2025-06-01,85,20134.65,63316.5,principal
SKU_1168_GAR,2025-06-01,140,35213.77,106386.0,principal
SKU_1168_BLU,2025-06-01,0,0.0,0.0,principal
SKU_1169_BUB,2025-06-01,124,7882.46,24787.6,principal
SKU_1169_MEX,2025-06-01,132,8391.0,26386.8,principal
SKU_1170_GAR,2025-06-01,110,32406.12,98439.0,principal
SKU_1170_OFF,2025-06-01,65,19149.07,58168.5,principal
SKU_1171_MIN,2025-06-01,68,3849.39,12573.2,principal
SKU_1171_EME,2025-06-01,128,7245.92,23667.2,principal
SKU_1172_ARM,2025-06-01,51,5632.31,18354.9,principal
SKU_1172_PIN,2025-06-01,53,5853.19,19074.7,principal
SKU_1173_GAR,2025-06-01,57,4946.98,16809.3,principal
SKU_1173_AQU,2025-06-01,61,5294.13,17988.9,principal
SKU_1174_PEA,2025-06-01,92,6121.52,19310.8,principal
SKU_1174_BLU,2025-06-01,79,5256.53,16582.1,principal
SKU_1175_FUC,2025-06-01,58,5114.23,15654.2,principal
SKU_1175_CLE,2025-06-01,77,6789.58,20782.3,principal
SKU_1176_GAR,2025-06-01,183,22617.33,59456.7,principal
SKU_1176_NAV,2025-06-01,165,20392.67,53608.5,principal
SKU_1177_MIN,2025-06-01,157,12399.09,37664.3,principal
SKU_1177_PEA,2025-06-01,97,7660.58,23270.3,principal
SKU_1178_RAS,2025-06-01,159,16174.78,50864.1,principal
SKU_1178_MID,2025-06-01,118,12003.93,37748.2,principal
SKU_1179_TUR,2025-06-01,123,13294.85,41807.7,principal
SKU_1179_VAN,2025-06-01,157,16969.85,53364.3,principal
SKU_1180_ROY,2025-06-01,147,22440.86,77895.3,principal
SKU_1180_AQU,2025-06-01,92,14044.62,48750.8,principal
SKU_1181_AQU,2025-06-01,169,15170.5,48993.1,principal
SKU_1181_SER,2025-06-01,116,10412.89,33628.4,principal
SKU_1182_BIR,2025-06-01,106,26870.94,89029.4,principal
SKU_1182_PIN,2025-06-01,112,28391.94,94068.8,principal
SKU_1183_POW,2025-06-01,107,23194.14,69539.3,principal
SKU_1183_MOS,2025-06-01,162,35116.36,105283.8,principal
SKU_1184_HOT,2025-06-01,128,15249.11,43507.2,principal
SKU_1184_BAB,2025-06-01,0,0.0,0.0,principal
SKU_1185_BAL,2025-06-01,76,28479.29,75232.4,principal
SKU_1185_MAG,2025-06-01,122,45716.75,120767.8,principal
SKU_1186_FLA,2025-06-01,0,0.0,0.0,principal
SKU_1186_MEX,2025-06-01,151,23606.9,71709.9,principal
SKU_1187_JAD,2025-06-01,79,8103.58,24482.1,principal
SKU_1187_OLI,2025-06-01,108,11078.31,33469.2,principal
SKU_1188_TEA,2025-06-01,57,4526.19,13674.3,principal
SKU_1188_BAB,2025-06-01,63,5002.63,15113.7,principal
SKU_1189_FUC,2025-06-01,0,0.0,0.0,principal
SKU_1189_ROY,2025-06-01,176,13684.33,41342.4,principal
SKU_1190_TEA,2025-06-01,87,14669.37,50451.3,principal
SKU_1190_MAG,2025-06-01,120,20233.62,69588.0,principal
SKU_1191_MIN,2025-06-01,52,2993.03,9614.8,principal
SKU_1191_MYS,2025-06-01,118,6791.87,21818.2,principal
SKU_1192_MAR,2025-06-01,79,5087.08,18557.1,principal
SKU_1192_RAS,2025-06-01,0,0.0,0.0,principal
SKU_1193_CLE,2025-06-01,108,15185.9,48049.2,principal
SKU_1193_ROS,2025-06-01,66,9280.27,29363.4,principal
SKU_1194_FLA,2025-06-01,105,8097.66,23089.5,principal
SKU_1194_SAG,2025-06-01,90,6940.85,19791.0,principal
SKU_1195_HUN,2025-06-01,114,18264.54,53568.6,principal
SKU_1195_SAL,2025-06-01,0,0.0,0.0,principal
SKU_1196_PEA,2025-06-01,0,0.0,0.0,principal
SKU_1196_RAS,2025-06-01,0,0.0,0.0,principal
SKU_1197_ROS,2025-06-01,95,24859.7,75515.5,principal
SKU_1197_COR,2025-06-01,57,14915.82,45309.3,principal
SKU_1198_SEA,2025-06-01,126,13418.77,42197.4,principal
SKU_1198_SAL,2025-06-01,64,6815.88,21433.6,principal
SKU_1199_PAL,2025-06-01,133,7652.83,27916.7,principal
SKU_1199_TEA,2025-06-01,114,6559.57,23928.6,principal
SKU_1200_MID,2025-06-01,176,9375.52,31662.4,principal
SKU_1200_PAS,2025-06-01,134,7138.18,24106.6,principal
SKU_1201_BIR,2025-06-01,0,0.0,0.0,principal
SKU_1201_SAG,2025-06-01,153,23631.83,74189.7,principal
SKU_1202_LIG,2025-06-01,160,47448.82,130384.0,principal
SKU_1202_CLE,2025-06-01,152,45076.38,123864.8,principal
SKU_1203_OFF,2025-06-01,0,0.0,0.0,principal
SKU_1203_FLA,2025-06-01,101,27889.34,76749.9,principal
SKU_1204_AQU,2025-06-01,44,5939.67,15395.6,principal
SKU_1204_MIN,2025-06-01,138,18628.96,48286.2,principal
SKU_1205_RAS,2025-06-01,109,28679.2,86644.1,principal
SKU_1205_COR,2025-06-01,82,21575.18,65181.8,principal
SKU_1206_HUN,2025-06-01,133,18265.14,55181.7,principal
SKU_1206_BLA,2025-06-01,53,7278.59,21989.7,principal
SKU_1207_POW,2025-06-01,113,37939.87,115248.7,principal
SKU_1207_BLA,2025-06-01,67,22495.32,68333.3,principal
SKU_1208_PAS,2025-06-01,84,20587.27,54171.6,principal
SKU_1208_MOS,2025-06-01,84,20587.27,54171.6,principal
SKU_1209_BLA,2025-06-01,117,12628.14,32748.3,principal
SKU_1209_DUS,2025-06-01,94,10145.68,26310.6,principal
SKU_1210_SHO,2025-06-01,112,8977.25,22948.8,principal
SKU_1210_WHI,2025-06-01,146,11702.49,29915.4,principal
SKU_1211_GAR,2025-06-01,169,17797.57,54063.1,principal
SKU_1211_CRE,2025-06-01,179,18850.68,57262.1,principal
SKU_1212_COB,2025-06-01,179,12517.15,39362.1,principal
SKU_1212_SNO,2025-06-01,97,6783.04,21330.3,principal
SKU_1213_MAG,2025-06-01,95,27361.62,83115.5,principal
SKU_1213_POW,2025-06-01,81,23329.38,70866.9,principal
SKU_1214_BLA,2025-06-01,113,10624.55,33888.7,principal
SKU_1214_RAS,2025-06-01,119,11188.68,35688.1,principal
SKU_1215_MAG,2025-06-01,130,8971.46,28587.0,principal
SKU_1215_BRI,2025-06-01,63,4347.71,13853.7,principal
SKU_1216_WHI,2025-06-01,170,25896.83,96883.0,principal
SKU_1216_CRE,2025-06-01,171,26049.16,97452.9,principal
SKU_1217_ROS,2025-06-01,106,27550.28,86909.4,principal
SKU_1217_RAS,2025-06-01,95,24691.29,77890.5,principal
SKU_1218_BLU,2025-06-01,103,26469.22,67454.7,principal
SKU_1218_SNO,2025-06-01,50,12849.14,32745.0,principal
SKU_1219_MAR,2025-06-01,129,19366.15,50942.1,principal
SKU_1219_LIM,2025-06-01,0,0.0,0.0,principal
SKU_1220_TUR,2025-06-01,87,8780.21,26526.3,principal
SKU_1220_HOT,2025-06-01,56,5651.63,17074.4,principal
SKU_1221_SAG,2025-06-01,121,28277.48,88922.9,principal
SKU_1221_PAL,2025-06-01,0,0.0,0.0,principal
SKU_1222_PAS,2025-06-01,101,28092.25,85334.9,principal
SKU_1222_HON,2025-06-01,115,31986.22,97163.5,principal
SKU_1223_TEA,2025-06-01,176,8395.39,25502.4,principal
SKU_1223_BLA,2025-06-01,87,4149.99,12606.3,principal
SKU_1224_OLI,2025-06-01,0,0.0,0.0,principal
SKU_1224_ARM,2025-06-01,61,8276.01,25308.9,principal
SKU_1225_POW,2025-06-01,112,7291.4,24068.8,principal
SKU_1225_IVO,2025-06-01,171,11132.41,36747.9,principal
SKU_1226_PAL,2025-06-01,166,22964.77,80493.4,principal
SKU_1226_LIG,2025-06-01,135,18676.17,65461.5,principal
SKU_1227_CLO,2025-06-01,117,13896.13,46788.3,principal
SKU_1227_PAS,2025-06-01,137,16271.53,54786.3,principal
SKU_1228_WHI,2025-06-01,173,19679.92,50152.7,principal
SKU_1228_SPA,2025-06-01,83,9441.81,24061.7,principal
SKU_1229_SAL,2025-06-01,79,22363.25,67932.1,principal
SKU_1229_CLO,2025-06-01,143,40480.31,122965.7,principal
SKU_1230_ROS,2025-06-01,118,15534.36,47188.2,principal
SKU_1230_NAV,2025-06-01,134,17640.71,53586.6,principal
SKU_1231_LIG,2025-06-01,134,21285.48,64306.6,principal
SKU_1231_BIR,2025-06-01,0,0.0,0.0,principal
SKU_1232_AQU,2025-06-01,54,6343.48,19164.6,principal
SKU_1232_FOR,2025-06-01,0,0.0,0.0,principal
SKU_1233_JAD,2025-06-01,93,7344.68,22310.7,principal
SKU_1233_SEA,2025-06-01,140,11056.51,33586.0,principal
SKU_1234_MOS,2025-06-01,62,4120.94,12703.8,principal
SKU_1234_SAL,2025-06-01,0,0.0,0.0,principal
SKU_1235_HUN,2025-06-01,0,0.0,0.0,principal
SKU_1235_COR,2025-06-01,143,19383.94,67195.7,principal
SKU_1236_DEE,2025-06-01,100,17666.9,56990.0,principal
SKU_1236_LIM,2025-06-01,185,32683.76,105431.5,principal
SKU_1237_BAB,2025-06-01,100,28527.15,99990.0,principal
SKU_1237_GAR,2025-06-01,171,48781.42,170982.9,principal
SKU_1238_SAP,2025-06-01,134,19535.63,61626.6,principal
SKU_1238_TUR,2025-06-01,0,0.0,0.0,principal
SKU_1239_BAB,2025-06-01,56,6601.61,17354.4,principal
SKU_1239_MID,2025-06-01,58,6837.39,17974.2,principal
SKU_1240_PAL,2025-06-01,192,63200.08,191980.8,principal
SKU_1240_MOS,2025-06-01,0,0.0,0.0,principal
SKU_1241_BAL,2025-06-01,66,7819.62,23753.4,principal
SKU_1241_FLA,2025-06-01,69,8175.06,24833.1,principal
SKU_1242_AQU,2025-06-01,167,16723.08,52588.3,principal
SKU_1242_SKY,2025-06-01,167,16723.08,52588.3,principal
SKU_1243_SNO,2025-06-01,87,7052.39,21306.3,principal
SKU_1243_PIN,2025-06-01,178,14429.02,43592.2,principal
SKU_1244_COB,2025-06-01,178,16409.5,51602.2,principal
SKU_1244_GAR,2025-06-01,85,7836.0,24641.5,principal
SKU_1245_COB,2025-06-01,87,5383.61,18261.3,principal
SKU_1245_SNO,2025-06-01,0,0.0,0.0,principal
SKU_1246_PAL,2025-06-01,116,9550.3,34208.4,principal
SKU_1246_COR,2025-06-01,78,6421.75,23002.2,principal
SKU_1247_SAP,2025-06-01,56,2874.23,10074.4,principal
SKU_1247_SKY,2025-06-01,124,6364.36,22307.6,principal
SKU_1248_AQU,2025-06-01,58,3222.32,9854.2,principal
SKU_1248_SAG,2025-06-01,86,4777.93,14611.4,principal
SKU_1249_WHI,2025-06-01,97,9958.99,26180.3,principal
SKU_1249_ARM,2025-06-01,154,15811.17,41564.6,principal
SKU_1250_AQU,2025-06-01,83,7101.4,21571.7,principal
SKU_1250_BAB,2025-06-01,105,8983.7,27289.5,principal
SKU_1251_SHO,2025-06-01,67,20289.68,61633.3,principal
SKU_1251_COB,2025-06-01,0,0.0,0.0,principal
SKU_1252_NAV,2025-06-01,108,7723.97,24289.2,principal
SKU_1252_FLA,2025-06-01,74,5292.35,16642.6,principal
SKU_1253_SEA,2025-06-01,181,21444.71,65141.9,principal
SKU_1253_FRE,2025-06-01,114,13506.62,41028.6,principal
SKU_1254_SEA,2025-06-01,0,0.0,0.0,principal
SKU_1254_BAB,2025-06-01,45,2828.56,8545.5,principal
SKU_1255_VAN,2025-06-01,42,6261.4,20155.8,principal
SKU_1255_SHO,2025-06-01,178,26536.41,85422.2,principal
SKU_1256_SEA,2025-06-01,157,31051.08,102034.3,principal
SKU_1256_MID,2025-06-01,176,34808.85,114382.4,principal
SKU_1257_SPA,2025-06-01,86,5027.39,17621.4,principal
SKU_1257_EME,2025-06-01,85,4968.93,17416.5,principal
SKU_1258_AQU,2025-06-01,93,7316.8,24635.7,principal
SKU_1258_LIG,2025-06-01,0,0.0,0.0,principal
SKU_1259_ARM,2025-06-01,75,9620.13,26992.5,principal
SKU_1259_POW,2025-06-01,0,0.0,0.0,principal
SKU_1260_WHI,2025-06-01,154,17326.06,52344.6,principal
SKU_1260_ROY,2025-06-01,174,19576.2,59142.6,principal
SKU_1261_PAS,2025-06-01,283,46106.67,140056.7,principal
SKU_1261_PAS,2025-06-01,283,46106.67,140056.7,principal
SKU_1262_BLU,2025-06-01,165,15013.66,45358.5,principal
SKU_1262_OFF,2025-06-01,0,0.0,0.0,principal
SKU_1263_COB,2025-06-01,0,0.0,0.0,principal
SKU_1263_SKY,2025-06-01,145,8826.02,26810.5,principal
SKU_1264_EGR,2025-06-01,190,37152.26,116831.0,principal
SKU_1264_BRI,2025-06-01,128,25028.89,78707.2,principal
SKU_1265_CRE,2025-06-01,113,8224.92,24848.7,principal
SKU_1265_JAD,2025-06-01,113,8224.92,24848.7,principal
SKU_1266_MEX,2025-06-01,109,10761.25,32689.1,principal
SKU_1266_SPA,2025-06-01,177,17474.69,53082.3,principal
SKU_1267_SKY,2025-06-01,137,15186.71,45881.3,principal
SKU_1267_SAP,2025-06-01,0,0.0,0.0,principal
SKU_1268_MYS,2025-06-01,85,9052.35,28466.5,principal
SKU_1268_MAR,2025-06-01,105,11182.31,35164.5,principal
SKU_1269_BAB,2025-06-01,111,37999.19,115428.9,principal
SKU_1269_CER,2025-06-01,58,19855.43,60314.2,principal
SKU_1270_CRE,2025-06-01,187,11690.32,35511.3,principal
SKU_1270_TUR,2025-06-01,129,8064.45,24497.1,principal
SKU_1271_OLI,2025-06-01,89,26073.0,79201.1,principal
SKU_1271_FLA,2025-06-01,50,14647.75,44495.0,principal
SKU_1272_PAS,2025-06-01,0,0.0,0.0,principal
SKU_1272_TEA,2025-06-01,109,13706.41,41409.1,principal
SKU_1273_PAS,2025-06-01,130,31620.97,99437.0,principal
SKU_1273_EGR,2025-06-01,0,0.0,0.0,principal
SKU_1274_MEX,2025-06-01,120,10108.58,31788.0,principal
SKU_1274_BAL,2025-06-01,177,14910.16,46887.3,principal
SKU_1275_MIN,2025-06-01,161,9799.92,29768.9,principal
SKU_1275_BIR,2025-06-01,113,6878.21,20893.7,principal
SKU_1276_WHI,2025-06-01,0,0.0,0.0,principal
SKU_1276_LIG,2025-06-01,184,9271.2,32181.6,principal
SKU_1277_MYS,2025-06-01,121,8662.94,32052.9,principal
SKU_1277_BAB,2025-06-01,230,16466.74,60927.0,principal
SKU_1278_BAB,2025-06-01,93,27326.23,95780.7,principal
SKU_1278_MOS,2025-06-01,215,63173.55,221428.5,principal
SKU_1279_FUC,2025-06-01,247,33371.01,112360.3,principal
SKU_1279_IVO,2025-06-01,183,24724.27,83246.7,principal
SKU_1280_LIM,2025-06-01,234,41690.46,116976.6,principal
SKU_1280_PRI,2025-06-01,0,0.0,0.0,principal
SKU_1281_PIS,2025-06-01,93,18734.55,49280.7,principal
SKU_1281_CER,2025-06-01,0,0.0,0.0,principal
SKU_1282_PIN,2025-06-01,174,12376.95,37392.6,principal
SKU_1282_BAL,2025-06-01,91,6473.0,19555.9,principal
SKU_1283_SNO,2025-06-01,280,16908.7,53172.0,principal
SKU_1283_BAB,2025-06-01,177,10688.71,33612.3,principal
SKU_1284_COR,2025-06-01,0,0.0,0.0,principal
SKU_1284_HOT,2025-06-01,212,49544.2,150498.8,principal
SKU_1285_WHI,2025-06-01,158,46017.01,139024.2,principal
SKU_1285_CLO,2025-06-01,251,73102.97,220854.9,principal
SKU_1286_MAR,2025-06-01,79,5820.38,19347.1,principal
SKU_1286_HOT,2025-06-01,187,13777.36,45796.3,principal
SKU_1287_NAV,2025-06-01,136,15231.77,51666.4,principal
SKU_1287_CER,2025-06-01,112,12543.81,42548.8,principal
SKU_1288_SAG,2025-06-01,73,5153.99,17512.7,principal
SKU_1288_BAB,2025-06-01,265,18709.68,63573.5,principal
SKU_1289_AQU,2025-06-01,463,155927.89,476843.7,principal
SKU_1289_AQU,2025-06-01,463,155927.89,476843.7,principal
SKU_1290_BIR,2025-06-01,240,46095.35,121176.0,principal
SKU_1290_PIN,2025-06-01,0,0.0,0.0,principal
SKU_1291_SAL,2025-06-01,68,5370.31,16313.2,principal
SKU_1291_SPA,2025-06-01,136,10740.61,32626.4,principal
SKU_1292_TEA,2025-06-01,238,24413.3,73756.2,principal
SKU_1292_FLA,2025-06-01,190,19489.61,58881.0,principal
SKU_1293_TEA,2025-06-01,202,20275.36,61589.8,principal
SKU_1293_OFF,2025-06-01,87,8732.46,26526.3,principal
SKU_1294_SEA,2025-06-01,67,4433.18,13393.3,principal
SKU_1294_COR,2025-06-01,0,0.0,0.0,principal
SKU_1295_PIS,2025-06-01,257,43562.81,132329.3,principal
SKU_1295_FLA,2025-06-01,0,0.0,0.0,principal
SKU_1296_DEE,2025-06-01,223,40460.92,144927.7,principal
SKU_1296_PEA,2025-06-01,0,0.0,0.0,principal
SKU_1297_WHI,2025-06-01,0,0.0,0.0,principal
SKU_1297_MIN,2025-06-01,227,14724.65,52187.3,principal
SKU_1298_OFF,2025-06-01,0,0.0,0.0,principal
SKU_1298_IVO,2025-06-01,0,0.0,0.0,principal
SKU_1299_BRI,2025-06-01,0,0.0,0.0,principal
SKU_1299_HOT,2025-06-01,90,5877.93,19791.0,principal
SKU_1300_BIR,2025-06-01,0,0.0,0.0,principal
SKU_1300_TEA,2025-06-01,172,70489.79,197782.8,principal
SKU_1301_AQU,2025-06-01,224,40181.36,122057.6,principal
SKU_1301_GAR,2025-06-01,265,47535.99,144398.5,principal
SKU_1302_EME,2025-06-01,133,18384.73,55846.7,principal
SKU_1302_DUS,2025-06-01,181,25019.83,76001.9,principal
SKU_1303_BIR,2025-06-01,136,7423.14,22426.4,principal
SKU_1303_SAP,2025-06-01,170,9278.92,28033.0,principal
SKU_1304_TUR,2025-06-01,236,37141.26,116796.4,principal
SKU_1304_GAR,2025-06-01,253,39816.68,125209.7,principal
SKU_1305_MAR,2025-06-01,158,18199.56,55284.2,principal
SKU_1305_OFF,2025-06-01,120,13822.45,41988.0,principal
SKU_1306_FRE,2025-06-01,130,35548.27,111787.0,principal
SKU_1306_SPA,2025-06-01,85,23243.1,73091.5,principal
SKU_1307_MAG,2025-06-01,187,13611.15,41121.3,principal
SKU_1307_FOR,2025-06-01,282,20525.91,62011.8,principal
SKU_1308_PAS,2025-06-01,161,22376.89,67603.9,principal
SKU_1308_CER,2025-06-01,230,31966.99,96577.0,principal
SKU_1309_OLI,2025-06-01,0,0.0,0.0,principal
SKU_1309_LIG,2025-06-01,209,25106.14,76264.1,principal
SKU_1310_MOS,2025-06-01,137,10878.75,32866.3,principal
SKU_1310_EGR,2025-06-01,229,18184.18,54937.1,principal
SKU_1311_BAB,2025-06-01,231,66912.17,203256.9,principal
SKU_1311_NAV,2025-06-01,268,77629.71,235813.2,principal
SKU_1312_HOT,2025-06-01,251,20761.94,62724.9,principal
SKU_1312_NAV,2025-06-01,0,0.0,0.0,principal
SKU_1313_SPA,2025-06-01,131,40317.75,122471.9,principal
SKU_1313_SHO,2025-06-01,0,0.0,0.0,principal
SKU_1314_BLU,2025-06-01,130,12406.56,37687.0,principal
SKU_1314_SNO,2025-06-01,0,0.0,0.0,principal
SKU_1315_WHI,2025-06-01,214,24430.65,73808.6,principal
SKU_1315_BLA,2025-06-01,170,19407.52,58633.0,principal
SKU_1316_DEN,2025-06-01,80,13560.41,41192.0,principal
SKU_1316_AQU,2025-06-01,85,14407.93,43766.5,principal
SKU_1317_BLU,2025-06-01,0,0.0,0.0,principal
SKU_1317_ROS,2025-06-01,231,15107.02,49641.9,principal
SKU_1318_PAS,2025-06-01,262,19936.6,62853.8,principal
SKU_1318_MYS,2025-06-01,0,0.0,0.0,principal
SKU_1319_MAR,2025-06-01,100,5417.85,18990.0,principal
SKU_1319_ROS,2025-06-01,264,14303.12,50133.6,principal
SKU_1320_PIS,2025-06-01,0,0.0,0.0,principal
SKU_1320_FOR,2025-06-01,184,8191.74,27581.6,principal
SKU_1321_FLA,2025-06-01,169,9112.32,25333.1,principal
SKU_1321_SER,2025-06-01,216,11646.51,32378.4,principal
SKU_1322_MOS,2025-06-01,0,0.0,0.0,principal
SKU_1322_IVO,2025-06-01,165,20706.5,54433.5,principal
SKU_1323_AQU,2025-06-01,179,20035.54,51892.1,principal
SKU_1323_FRE,2025-06-01,148,16565.7,42905.2,principal
SKU_1324_MID,2025-06-01,157,17143.91,51794.3,principal
SKU_1324_SNO,2025-06-01,280,30575.13,92372.0,principal
SKU_1325_LIG,2025-06-01,262,24409.74,78573.8,principal
SKU_1325_PEA,2025-06-01,105,9782.53,31489.5,principal
SKU_1326_PAS,2025-06-01,165,24297.26,83308.5,principal
SKU_1326_BAB,2025-06-01,239,35194.21,120671.1,principal
SKU_1327_GAR,2025-06-01,241,17870.02,62635.9,principal
SKU_1327_HON,2025-06-01,210,15571.39,54579.0,principal
SKU_1328_EGR,2025-06-01,195,15341.68,51655.5,principal
SKU_1328_LIG,2025-06-01,0,0.0,0.0,principal
SKU_1329_NAV,2025-06-01,92,9013.64,25290.8,principal
SKU_1329_MIN,2025-06-01,128,12540.72,35187.2,principal
SKU_1330_PRI,2025-06-01,174,17848.38,53922.6,principal
SKU_1330_LIM,2025-06-01,276,28311.22,85532.4,principal
SKU_1331_ARM,2025-06-01,210,18691.72,58779.0,principal
SKU_1331_AQU,2025-06-01,235,20916.93,65776.5,principal
SKU_1332_MOS,2025-06-01,156,8514.78,25724.4,principal
SKU_1332_MOS,2025-06-01,156,8514.78,25724.4,principal
SKU_1333_PIS,2025-06-01,217,13639.95,41208.3,principal
SKU_1333_MOS,2025-06-01,147,9239.96,27915.3,principal
SKU_1334_TEA,2025-06-01,81,12330.38,37251.9,principal
SKU_1334_ROY,2025-06-01,0,0.0,0.0,principal
SKU_1335_CRE,2025-06-01,115,13080.39,43688.5,principal
SKU_1335_BRI,2025-06-01,0,0.0,0.0,principal
SKU_1336_LIM,2025-06-01,161,15391.0,56333.9,principal
SKU_1336_PIN,2025-06-01,204,19501.64,71379.6,principal
SKU_1337_DUS,2025-06-01,98,5332.77,18120.2,principal
SKU_1337_MAG,2025-06-01,239,13005.44,44191.1,principal
SKU_1338_OLI,2025-06-01,104,6968.24,21309.6,principal
SKU_1338_PAS,2025-06-01,174,11658.4,35652.6,principal
SKU_1339_JAD,2025-06-01,178,19659.81,55162.2,principal
SKU_1339_EME,2025-06-01,203,22421.02,62909.7,principal
SKU_1340_SNO,2025-06-01,0,0.0,0.0,principal
SKU_1340_POW,2025-06-01,253,95355.97,289659.7,principal
SKU_1341_HOT,2025-06-01,225,12871.84,40477.5,principal
SKU_1341_PEA,2025-06-01,97,5549.2,17450.3,principal
SKU_1342_CRE,2025-06-01,197,21919.84,68930.3,principal
SKU_1342_BAB,2025-06-01,86,9569.07,30091.4,principal
SKU_1343_NAV,2025-06-01,92,9589.33,28970.8,principal
SKU_1343_IVO,2025-06-01,200,20846.38,62980.0,principal
SKU_1344_PAS,2025-06-01,206,20628.47,64869.4,principal
SKU_1344_MID,2025-06-01,132,13218.24,41566.8,principal
SKU_1345_ARM,2025-06-01,128,42121.26,153587.2,principal
SKU_1345_FOR,2025-06-01,132,43437.55,158386.8,principal
SKU_1346_HON,2025-06-01,208,16152.97,55099.2,principal
SKU_1346_PEA,2025-06-01,93,7222.24,24635.7,principal
SKU_1347_DUS,2025-06-01,0,0.0,0.0,principal
SKU_1347_LIM,2025-06-01,150,11623.54,43485.0,principal
SKU_1348_NAV,2025-06-01,240,51004.15,155976.0,principal
SKU_1348_PIS,2025-06-01,0,0.0,0.0,principal
SKU_1349_HON,2025-06-01,213,17543.69,44708.7,principal
SKU_1349_SEA,2025-06-01,84,6918.64,17631.6,principal
SKU_1350_SNO,2025-06-01,96,9052.98,27350.4,principal
SKU_1350_BAB,2025-06-01,211,19897.7,60113.9,principal
SKU_1351_SAG,2025-06-01,208,47498.24,143499.2,principal
SKU_1351_HON,2025-06-01,255,58231.01,175924.5,principal
SKU_1352_CER,2025-06-01,233,21586.73,65216.7,principal
SKU_1352_HUN,2025-06-01,155,14360.27,43384.5,principal
SKU_1353_MAG,2025-06-01,241,15148.51,45765.9,principal
SKU_1353_MAR,2025-06-01,286,17977.07,54311.4,principal
SKU_1354_AQU,2025-06-01,273,83122.24,252497.7,principal
SKU_1354_CLE,2025-06-01,161,49020.81,148908.9,principal
SKU_1355_PAS,2025-06-01,252,14509.42,44074.8,principal
SKU_1355_DEE,2025-06-01,130,7485.02,22737.0,principal
SKU_1356_BLU,2025-06-01,139,9833.57,29871.1,principal
SKU_1356_DEN,2025-06-01,0,0.0,0.0,principal
SKU_1357_BRI,2025-06-01,117,25749.58,77793.3,principal
SKU_1357_BLU,2025-06-01,264,58101.62,175533.6,principal
SKU_1358_DUS,2025-06-01,114,7502.01,22788.6,principal
SKU_1358_MAR,2025-06-01,150,9871.06,29985.0,principal
SKU_1359_BLU,2025-06-01,114,15403.47,48438.6,principal
SKU_1359_NAV,2025-06-01,117,15808.83,49713.3,principal
SKU_1360_WHI,2025-06-01,259,27424.71,82854.1,principal
SKU_1360_FRE,2025-06-01,0,0.0,0.0,principal
SKU_1361_MEX,2025-06-01,256,15459.38,48614.4,principal
SKU_1361_BLU,2025-06-01,109,6582.31,20699.1,principal
SKU_1362_POW,2025-06-01,256,77736.5,244454.4,principal
SKU_1362_SEA,2025-06-01,137,41601.17,130821.3,principal
SKU_1363_RAS,2025-06-01,134,40477.14,127286.6,principal
SKU_1363_HUN,2025-06-01,236,71288.1,224176.4,principal
SKU_1364_OFF,2025-06-01,196,28664.65,90140.4,principal
SKU_1364_TEA,2025-06-01,0,0.0,0.0,principal
SKU_1365_BUB,2025-06-01,0,0.0,0.0,principal
SKU_1365_NAV,2025-06-01,0,0.0,0.0,principal
SKU_1366_TEA,2025-06-01,209,28094.89,91939.1,principal
SKU_1366_PAL,2025-06-01,191,25675.23,84020.9,principal
SKU_1367_VAN,2025-06-01,100,5510.94,17990.0,principal
SKU_1367_BLA,2025-06-01,208,11462.76,37419.2,principal
SKU_1368_SNO,2025-06-01,165,35065.8,122908.5,principal
SKU_1368_TUR,2025-06-01,147,31240.44,109500.3,principal
SKU_1369_SNO,2025-06-01,118,5981.22,18868.2,principal
SKU_1369_RAS,2025-06-01,198,10036.28,31660.2,principal
SKU_1370_PRI,2025-06-01,0,0.0,0.0,principal
SKU_1370_MYS,2025-06-01,254,17930.56,45694.6,principal
SKU_1371_WHI,2025-06-01,198,18016.4,54430.2,principal
SKU_1371_HOT,2025-06-01,0,0.0,0.0,principal
SKU_1372_SEA,2025-06-01,113,12713.28,38408.7,principal
SKU_1372_DEN,2025-06-01,155,17438.57,52684.5,principal
SKU_1373_SKY,2025-06-01,91,5688.87,17280.9,principal
SKU_1373_CRE,2025-06-01,192,12002.9,36460.8,principal
SKU_1374_SAL,2025-06-01,0,0.0,0.0,principal
SKU_1374_BLU,2025-06-01,0,0.0,0.0,principal
SKU_1375_COR,2025-06-01,209,18325.52,55364.1,principal
SKU_1375_CLE,2025-06-01,213,18676.24,56423.7,principal
SKU_1376_SNO,2025-06-01,154,12290.61,43874.6,principal
SKU_1376_BIR,2025-06-01,155,12370.42,44159.5,principal
SKU_1377_PRI,2025-06-01,0,0.0,0.0,principal
SKU_1377_CLO,2025-06-01,201,15808.22,52239.9,principal
SKU_1378_SPA,2025-06-01,80,4676.64,16392.0,principal
SKU_1378_MOS,2025-06-01,223,13036.13,45692.7,principal
SKU_1379_SNO,2025-06-01,183,28129.53,88736.7,principal
SKU_1379_WHI,2025-06-01,258,39658.03,125104.2,principal
SKU_1380_TUR,2025-06-01,0,0.0,0.0,principal
SKU_1380_MIN,2025-06-01,231,20839.15,53106.9,principal
SKU_1381_WHI,2025-06-01,153,13921.76,42059.7,principal
SKU_1381_PAS,2025-06-01,115,10464.07,31613.5,principal
SKU_1382_ARM,2025-06-01,217,13104.24,41208.3,principal
SKU_1382_HOT,2025-06-01,126,7608.91,23927.4,principal
SKU_1383_CLE,2025-06-01,186,11075.72,33461.4,principal
SKU_1383_TUR,2025-06-01,249,14827.18,44795.1,principal
SKU_1384_CRE,2025-06-01,175,29951.44,90982.5,principal
SKU_1384_SKY,2025-06-01,270,46210.79,140373.0,principal
SKU_1385_PRI,2025-06-01,258,24756.88,74794.2,principal
SKU_1385_NAV,2025-06-01,68,6525.07,19713.2,principal
SKU_1386_SER,2025-06-01,99,6669.64,21275.1,principal
SKU_1386_COB,2025-06-01,256,17246.73,55014.4,principal
SKU_1387_BRI,2025-06-01,115,5260.41,18388.5,principal
SKU_1387_BAB,2025-06-01,267,12213.29,42693.3,principal
SKU_1388_BRI,2025-06-01,250,25052.69,93725.0,principal
SKU_1388_VAN,2025-06-01,265,26555.85,99348.5,principal
SKU_1389_SHO,2025-06-01,62,2576.12,8673.8,principal
SKU_1389_BAB,2025-06-01,64,2659.22,8953.6,principal
SKU_1390_SAP,2025-06-01,56,5051.91,12874.4,principal
SKU_1390_PAS,2025-06-01,0,0.0,0.0,principal
SKU_1391_LIG,2025-06-01,51,4809.4,14529.9,principal
SKU_1391_SEA,2025-06-01,85,8015.66,24216.5,principal
SKU_1392_LIM,2025-06-01,102,9956.41,30079.8,principal
SKU_1392_BLU,2025-06-01,90,8785.07,26541.0,principal
SKU_1393_COB,2025-06-01,85,8376.6,26341.5,principal
SKU_1393_SKY,2025-06-01,90,8869.34,27891.0,principal
SKU_1394_FOR,2025-06-01,104,15540.53,48869.6,principal
SKU_1394_EME,2025-06-01,85,12701.4,39941.5,principal
SKU_1395_BLA,2025-06-01,58,5346.92,16814.2,principal
SKU_1395_TUR,2025-06-01,87,8020.37,25221.3,principal
SKU_1396_FUC,2025-06-01,65,2886.59,8768.5,principal
SKU_1396_PAS,2025-06-01,66,2931.0,8903.4,principal
SKU_1397_SNO,2025-06-01,97,7500.92,22785.3,principal
SKU_1397_BUB,2025-06-01,82,6340.98,19261.8,principal
SKU_1398_AQU,2025-06-01,87,19329.41,58716.3,principal
SKU_1398_SPA,2025-06-01,107,23772.95,72214.3,principal
SKU_1399_PAL,2025-06-01,86,7381.23,23211.4,principal
SKU_1399_CRE,2025-06-01,0,0.0,0.0,principal
SKU_1400_FOR,2025-06-01,69,4767.84,14483.1,principal
SKU_1400_PAL,2025-06-01,88,6080.72,18471.2,principal
SKU_1401_GAR,2025-06-01,90,7146.62,21591.0,principal
SKU_1401_BLU,2025-06-01,63,5002.63,15113.7,principal
SKU_1402_WHI,2025-06-01,67,5004.78,15738.3,principal
SKU_1402_VAN,2025-06-01,79,5901.16,18557.1,principal
SKU_1403_AQU,2025-06-01,0,0.0,0.0,principal
SKU_1403_DUS,2025-06-01,54,6842.29,20784.6,principal
SKU_1404_SAP,2025-06-01,84,28357.3,85671.6,principal
SKU_1404_ARM,2025-06-01,75,25319.02,76492.5,principal
SKU_1405_FLA,2025-06-01,83,5903.95,17836.7,principal
SKU_1405_CLO,2025-06-01,67,4765.84,14398.3,principal
SKU_1406_PRI,2025-06-01,0,0.0,0.0,principal
SKU_1406_SHO,2025-06-01,90,10366.84,31491.0,principal
SKU_1407_OFF,2025-06-01,54,3328.69,11604.6,principal
SKU_1407_EME,2025-06-01,95,5856.04,20415.5,principal
SKU_1408_PAS,2025-06-01,91,26497.51,83710.9,principal
SKU_1408_FUC,2025-06-01,92,26788.69,84630.8,principal
SKU_1409_PEA,2025-06-01,227,14022.6,47647.3,principal
SKU_1409_PEA,2025-06-01,227,14022.6,47647.3,principal
SKU_1410_ROS,2025-06-01,84,28438.23,95751.6,principal
SKU_1410_JAD,2025-06-01,70,23698.52,79793.0,principal
SKU_1411_BLU,2025-06-01,104,8155.95,23389.6,principal
SKU_1411_RAS,2025-06-01,69,5411.16,15518.1,principal
SKU_1412_SHO,2025-06-01,98,31256.35,87700.2,principal
SKU_1412_BAB,2025-06-01,59,18817.6,52799.1,principal
SKU_1413_SAG,2025-06-01,96,5875.38,17750.4,principal
SKU_1413_JAD,2025-06-01,91,5569.37,16825.9,principal
SKU_1414_DUS,2025-06-01,95,10268.38,32290.5,principal
SKU_1414_CLO,2025-06-01,90,9727.94,30591.0,principal
SKU_1415_BAB,2025-06-01,86,9705.81,30521.4,principal
SKU_1415_MID,2025-06-01,78,8802.94,27682.2,principal
SKU_1416_CLE,2025-06-01,74,6368.92,20712.6,principal
SKU_1416_AQU,2025-06-01,107,9209.11,29949.3,principal
SKU_1417_SNO,2025-06-01,71,6347.67,19872.9,principal
SKU_1417_BIR,2025-06-01,90,8046.35,25191.0,principal
SKU_1418_CLE,2025-06-01,86,21930.74,72661.4,principal
SKU_1418_MOS,2025-06-01,51,13005.44,43089.9,principal
SKU_1419_FLA,2025-06-01,104,8668.57,25989.6,principal
SKU_1419_WHI,2025-06-01,66,5501.21,16493.4,principal
SKU_1420_EGR,2025-06-01,92,29906.1,91070.8,principal
SKU_1420_LIM,2025-06-01,85,27630.64,84141.5,principal
SKU_1421_LIG,2025-06-01,63,5482.82,14483.7,principal
SKU_1421_SER,2025-06-01,0,0.0,0.0,principal
SKU_1422_PIN,2025-06-01,105,12595.99,33064.5,principal
SKU_1422_MIN,2025-06-01,94,11276.41,29600.6,principal
SKU_1423_JAD,2025-06-01,105,41475.74,125989.5,principal
SKU_1423_SAG,2025-06-01,108,42660.76,129589.2,principal
SKU_1424_VAN,2025-06-01,108,35372.28,107449.2,principal
SKU_1424_BAB,2025-06-01,89,29149.38,88546.1,principal
SKU_1425_WHI,2025-06-01,0,0.0,0.0,principal
SKU_1425_LIG,2025-06-01,80,5339.86,16792.0,principal
SKU_1426_NAV,2025-06-01,70,2643.91,9093.0,principal
SKU_1426_SEA,2025-06-01,60,2266.21,7794.0,principal
SKU_1427_AQU,2025-06-01,103,6409.45,20589.7,principal
SKU_1427_BLA,2025-06-01,0,0.0,0.0,principal
SKU_1428_COB,2025-06-01,0,0.0,0.0,principal
SKU_1428_SKY,2025-06-01,79,10609.45,38702.1,principal
SKU_1429_SPA,2025-06-01,100,6001.77,18990.0,principal
SKU_1429_MAG,2025-06-01,74,4441.31,14052.6,principal
SKU_1430_PEA,2025-06-01,108,6813.97,19429.2,principal
SKU_1430_JAD,2025-06-01,103,6498.5,18529.7,principal
SKU_1431_TEA,2025-06-01,69,8702.25,25523.1,principal
SKU_1431_CRE,2025-06-01,103,12990.32,38099.7,principal
SKU_1432_WHI,2025-06-01,62,17311.2,44633.8,principal
SKU_1432_BRI,2025-06-01,0,0.0,0.0,principal
SKU_1433_OLI,2025-06-01,70,7256.56,22043.0,principal
SKU_1433_SAP,2025-06-01,63,6530.9,19838.7,principal
SKU_1434_ARM,2025-06-01,100,6674.82,20990.0,principal
SKU_1434_MIN,2025-06-01,78,5206.36,16372.2,principal
SKU_1435_SKY,2025-06-01,97,29566.48,97960.3,principal
SKU_1435_OLI,2025-06-01,55,16764.5,55544.5,principal
SKU_1436_BLU,2025-06-01,50,4144.05,13995.0,principal
SKU_1436_PAS,2025-06-01,0,0.0,0.0,principal
SKU_1437_ROY,2025-06-01,0,0.0,0.0,principal
SKU_1437_AQU,2025-06-01,91,4779.87,15005.9,principal
SKU_1438_MOS,2025-06-01,91,6999.6,18645.9,principal
SKU_1438_DEE,2025-06-01,100,7691.86,20490.0,principal
SKU_1439_CER,2025-06-01,82,5018.56,15161.8,principal
SKU_1439_SHO,2025-06-01,91,5569.37,16825.9,principal
SKU_1440_PIS,2025-06-01,60,27775.5,71994.0,principal
SKU_1440_BLU,2025-06-01,69,31941.83,82793.1,principal
SKU_1441_COB,2025-06-01,98,43889.2,113180.2,principal
SKU_1441_IVO,2025-06-01,74,33140.82,85462.6,principal
SKU_1442_OFF,2025-06-01,46,4414.02,13335.4,principal
SKU_1442_EME,2025-06-01,84,8060.38,24351.6,principal
SKU_1443_BLU,2025-06-01,97,8665.68,26180.3,principal
SKU_1443_PRI,2025-06-01,0,0.0,0.0,principal
SKU_1444_HUN,2025-06-01,0,0.0,0.0,principal
SKU_1444_OLI,2025-06-01,0,0.0,0.0,principal
SKU_1445_TEA,2025-06-01,100,15806.24,40990.0,principal
SKU_1445_PRI,2025-06-01,89,14067.55,36481.1,principal
SKU_1446_SHO,2025-06-01,70,7390.68,18893.0,principal
SKU_1446_GAR,2025-06-01,102,10769.28,27529.8,principal
SKU_1447_BLU,2025-06-01,102,8055.46,24469.8,principal
SKU_1447_OLI,2025-06-01,91,7186.73,21830.9,principal
SKU_1448_SKY,2025-06-01,84,4974.74,15111.6,principal
SKU_1448_SEA,2025-06-01,79,4678.62,14212.1,principal
SKU_1449_BLA,2025-06-01,55,5914.8,17869.5,principal
SKU_1449_NAV,2025-06-01,81,8710.89,26316.9,principal
SKU_1450_MAG,2025-06-01,77,10207.34,31562.3,principal
SKU_1450_JAD,2025-06-01,0,0.0,0.0,principal
SKU_1451_WHI,2025-06-01,50,3964.07,12245.0,principal
SKU_1451_BIR,2025-06-01,79,6263.24,19347.1,principal
SKU_1452_SKY,2025-06-01,79,3059.81,11447.1,principal
SKU_1452_DEE,2025-06-01,64,2478.83,9273.6,principal
SKU_1453_SAP,2025-06-01,0,0.0,0.0,principal
SKU_1453_PRI,2025-06-01,62,4616.72,14563.8,principal
SKU_1454_BRI,2025-06-01,73,4162.6,10942.7,principal
SKU_1454_BUB,2025-06-01,79,4504.73,11842.1,principal
SKU_1455_TEA,2025-06-01,75,8313.89,25117.5,principal
SKU_1455_ROY,2025-06-01,47,5210.04,15740.3,principal
SKU_1456_EME,2025-06-01,125,13028.99,39362.5,principal
SKU_1456_DEN,2025-06-01,81,8442.78,25506.9,principal
SKU_1457_SNO,2025-06-01,82,4340.01,13111.8,principal
SKU_1457_MAG,2025-06-01,82,4340.01,13111.8,principal
SKU_1458_PEA,2025-06-01,96,11118.42,33590.4,principal
SKU_1458_MIN,2025-06-01,81,9381.17,28341.9,principal
SKU_1459_OFF,2025-06-01,90,6218.92,18891.0,principal
SKU_1459_CRE,2025-06-01,81,5597.03,17001.9,principal
SKU_1460_FUC,2025-06-01,84,4657.24,14691.6,principal
SKU_1460_OLI,2025-06-01,99,5488.89,17315.1,principal
SKU_1461_NAV,2025-06-01,85,29405.02,90941.5,principal
SKU_1461_PRI,2025-06-01,69,23869.96,73823.1,principal
SKU_1462_MID,2025-06-01,114,11119.31,41598.6,principal
SKU_1462_OFF,2025-06-01,85,8290.71,31016.5,principal
SKU_1463_LIG,2025-06-01,103,8753.69,26769.7,principal
SKU_1463_DUS,2025-06-01,48,4079.39,12475.2,principal
SKU_1464_MOS,2025-06-01,62,5422.15,14253.8,principal
SKU_1464_BIR,2025-06-01,83,7258.68,19081.7,principal
SKU_1465_CLE,2025-06-01,91,10893.83,28655.9,principal
SKU_1465_OFF,2025-06-01,78,9337.57,24562.2,principal
SKU_1466_PRI,2025-06-01,54,4797.96,14574.6,principal
SKU_1466_SAP,2025-06-01,97,8618.55,26180.3,principal
SKU_1467_OLI,2025-06-01,120,7818.98,24588.0,principal
SKU_1467_FUC,2025-06-01,91,5929.4,18645.9,principal
SKU_1468_BAB,2025-06-01,0,0.0,0.0,principal
SKU_1468_MYS,2025-06-01,61,10699.21,32323.9,principal
SKU_1469_ARM,2025-06-01,104,9752.93,30669.6,principal
SKU_1469_SAL,2025-06-01,86,8064.93,25361.4,principal
SKU_1470_WHI,2025-06-01,0,0.0,0.0,principal
SKU_1470_MAR,2025-06-01,49,14621.74,45075.1,principal
SKU_1471_ROS,2025-06-01,107,5925.48,21924.3,principal
SKU_1471_LIG,2025-06-01,0,0.0,0.0,principal
SKU_1472_EME,2025-06-01,84,12433.55,39471.6,principal
SKU_1472_MYS,2025-06-01,83,12285.54,39001.7,principal
SKU_1473_BLU,2025-06-01,59,2837.15,10614.1,principal
SKU_1473_BAB,2025-06-01,97,4664.47,17450.3,principal
SKU_1474_BRI,2025-06-01,0,0.0,0.0,principal
SKU_1474_DEN,2025-06-01,70,24261.11,74193.0,principal
SKU_1475_VAN,2025-06-01,87,8270.39,21741.3,principal
SKU_1475_MIN,2025-06-01,69,6559.28,17243.1,principal
SKU_1476_WHI,2025-06-01,100,9049.71,27490.0,principal
SKU_1476_CLO,2025-06-01,56,5067.84,15394.4,principal
SKU_1477_CLE,2025-06-01,60,4466.51,13494.0,principal
SKU_1477_EME,2025-06-01,76,5657.58,17092.4,principal
SKU_1478_TEA,2025-06-01,81,5197.05,15786.9,principal
SKU_1478_COB,2025-06-01,96,6159.46,18710.4,principal
SKU_1479_MIN,2025-06-01,81,14877.42,44946.9,principal
SKU_1479_FUC,2025-06-01,60,11020.31,33294.0,principal
SKU_1480_SNO,2025-06-01,62,7591.09,22933.8,principal
SKU_1480_MEX,2025-06-01,61,7468.65,22563.9,principal
SKU_1481_BLA,2025-06-01,85,20935.39,68841.5,principal
SKU_1481_TEA,2025-06-01,59,14531.62,47784.1,principal
SKU_1482_MOS,2025-06-01,74,9191.33,32922.6,principal
SKU_1482_SHO,2025-06-01,78,9688.16,34702.2,principal
SKU_1483_WHI,2025-06-01,66,6310.79,21443.4,principal
SKU_1483_POW,2025-06-01,68,6502.03,22093.2,principal
SKU_1484_MOS,2025-06-01,53,7239.29,24374.7,principal
SKU_1484_EGR,2025-06-01,94,12839.49,43230.6,principal
SKU_1485_PAS,2025-06-01,102,26612.49,67819.8,principal
SKU_1485_CER,2025-06-01,68,17741.66,45213.2,principal
SKU_1486_OLI,2025-06-01,0,0.0,0.0,principal
SKU_1486_PAL,2025-06-01,100,9595.69,28990.0,principal
SKU_1487_BRI,2025-06-01,0,0.0,0.0,principal
SKU_1487_CLE,2025-06-01,76,8093.86,25452.4,principal
SKU_1488_IVO,2025-06-01,59,6377.2,20054.1,principal
SKU_1488_PEA,2025-06-01,0,0.0,0.0,principal
SKU_1489_TEA,2025-06-01,94,11446.48,34770.6,principal
SKU_1489_IVO,2025-06-01,83,10107.0,30701.7,principal
SKU_1490_EME,2025-06-01,92,9589.33,28970.8,principal
SKU_1490_VAN,2025-06-01,104,10840.12,32749.6,principal
SKU_1491_GAR,2025-06-01,76,3184.91,10252.4,principal
SKU_1491_CER,2025-06-01,101,4232.58,13624.9,principal
SKU_1492_SKY,2025-06-01,94,11062.73,35240.6,principal
SKU_1492_BIR,2025-06-01,61,7179.01,22868.9,principal
SKU_1493_PEA,2025-06-01,55,4850.02,18144.5,principal
SKU_1493_CLO,2025-06-01,118,10405.51,38928.2,principal
SKU_1494_EGR,2025-06-01,111,38174.38,120423.9,principal
SKU_1494_HOT,2025-06-01,57,19603.06,61839.3,principal
SKU_1495_FUC,2025-06-01,0,0.0,0.0,principal
SKU_1495_BLA,2025-06-01,59,6937.01,19464.1,principal
SKU_1496_PAS,2025-06-01,90,33624.82,102141.0,principal
SKU_1496_PEA,2025-06-01,0,0.0,0.0,principal
SKU_1497_FUC,2025-06-01,73,3259.59,9847.7,principal
SKU_1497_VAN,2025-06-01,80,3572.15,10792.0,principal
SKU_1498_OLI,2025-06-01,120,13500.83,40788.0,principal
SKU_1498_LIG,2025-06-01,0,0.0,0.0,principal
SKU_1499_HOT,2025-06-01,70,5785.37,18193.0,principal
SKU_1499_RAS,2025-06-01,95,7851.58,24690.5,principal
SKU_1500_MOS,2025-06-01,90,7700.32,23391.0,principal
SKU_1500_PAS,2025-06-01,103,8812.59,26769.7,principal
SKU_1501_OLI,2025-06-01,63,3542.92,10703.7,principal
SKU_1501_SAL,2025-06-01,56,3149.27,9514.4,principal
SKU_1502_PEA,2025-06-01,65,4491.44,13643.5,principal
SKU_1502_VAN,2025-06-01,100,6909.91,20990.0,principal
SKU_1503_VAN,2025-06-01,64,4843.72,14713.6,principal
SKU_1503_CER,2025-06-01,81,6130.33,18621.9,principal
SKU_1504_EME,2025-06-01,44,4950.3,14955.6,principal
SKU_1504_NAV,2025-06-01,72,8100.5,24472.8,principal
SKU_1505_BLU,2025-06-01,109,8474.96,25604.1,principal
SKU_1505_SNO,2025-06-01,60,4665.11,14094.0,principal
SKU_1506_PAL,2025-06-01,85,6214.2,19541.5,principal
SKU_1506_BRI,2025-06-01,0,0.0,0.0,principal
SKU_1507_PAS,2025-06-01,91,5418.77,16370.9,principal
SKU_1507_FLA,2025-06-01,0,0.0,0.0,principal
SKU_1508_LIM,2025-06-01,101,6979.01,21199.9,principal
SKU_1508_DEE,2025-06-01,58,4007.75,12174.2,principal
SKU_1509_HOT,2025-06-01,78,8259.18,24952.2,principal
SKU_1509_MAG,2025-06-01,0,0.0,0.0,principal
SKU_1510_SNO,2025-06-01,83,22036.35,69296.7,principal
SKU_1510_ROS,2025-06-01,75,19912.36,62617.5,principal
SKU_1511_CLE,2025-06-01,70,20810.87,65443.0,principal
SKU_1511_SKY,2025-06-01,98,29135.22,91620.2,principal
SKU_1512_TEA,2025-06-01,84,5992.23,18891.6,principal
SKU_1512_MYS,2025-06-01,92,6562.91,20690.8,principal
SKU_1513_PAS,2025-06-01,81,4704.56,17406.9,principal
SKU_1513_RAS,2025-06-01,81,4704.56,17406.9,principal
SKU_1514_PEA,2025-06-01,84,20516.12,69711.6,principal
SKU_1514_SPA,2025-06-01,80,19539.17,66392.0,principal
SKU_1515_SEA,2025-06-01,82,5226.05,15981.8,principal
SKU_1515_AQU,2025-06-01,60,3823.94,11694.0,principal
SKU_1516_CRE,2025-06-01,60,7986.12,20994.0,principal
SKU_1516_EME,2025-06-01,60,7986.12,20994.0,principal
SKU_1517_FOR,2025-06-01,64,29193.85,76793.6,principal
SKU_1517_ROS,2025-06-01,80,36492.32,95992.0,principal
SKU_1518_CLE,2025-06-01,108,8067.41,25369.2,principal
SKU_1518_LIM,2025-06-01,89,6648.14,20906.1,principal
SKU_1519_BLU,2025-06-01,84,16825.89,52911.6,principal
SKU_1519_TEA,2025-06-01,95,19029.28,59840.5,principal
SKU_1520_GAR,2025-06-01,104,7699.86,23389.6,principal
SKU_1520_ROY,2025-06-01,81,5997.0,18216.9,principal
SKU_1521_MOS,2025-06-01,55,3321.35,10444.5,principal
SKU_1521_FRE,2025-06-01,0,0.0,0.0,principal
SKU_1522_MOS,2025-06-01,90,3686.28,13491.0,principal
SKU_1522_BIR,2025-06-01,92,3768.2,13790.8,principal
SKU_1523_HOT,2025-06-01,85,8801.85,31866.5,principal
SKU_1523_CRE,2025-06-01,95,9837.36,35615.5,principal
SKU_1524_BLU,2025-06-01,0,0.0,0.0,principal
SKU_1524_DEN,2025-06-01,53,5769.66,19604.7,principal
SKU_1525_MYS,2025-06-01,74,6800.47,21452.6,principal
SKU_1525_OLI,2025-06-01,0,0.0,0.0,principal
SKU_1526_FOR,2025-06-01,57,3451.48,9684.3,principal
SKU_1527_FUC,2025-06-01,88,26359.44,80071.2,principal
SKU_1527_TEA,2025-06-01,90,26958.52,81891.0,principal
SKU_1528_PAS,2025-06-01,96,6828.66,20630.4,principal
SKU_1528_DEN,2025-06-01,112,7966.77,24068.8,principal
SKU_1529_HUN,2025-06-01,92,7417.14,22530.8,principal
SKU_1529_MIN,2025-06-01,93,7497.76,22775.7,principal
SKU_1530_HON,2025-06-01,69,2950.65,8963.1,principal
SKU_1530_PEA,2025-06-01,88,3763.15,11431.2,principal
SKU_1531_TEA,2025-06-01,92,16745.55,50590.8,principal
SKU_1531_SNO,2025-06-01,105,19111.77,57739.5,principal
SKU_1532_BRI,2025-06-01,90,24621.16,88191.0,principal
SKU_1532_EME,2025-06-01,79,21611.91,77412.1,principal
SKU_1533_CER,2025-06-01,96,4767.32,15830.4,principal
SKU_1533_DUS,2025-06-01,112,5561.88,18468.8,principal
SKU_1534_MYS,2025-06-01,99,5824.23,19790.1,principal
SKU_1534_HUN,2025-06-01,51,3000.36,10194.9,principal
SKU_1535_NAV,2025-06-01,73,7055.69,22257.7,principal
SKU_1535_MOS,2025-06-01,87,8408.84,26526.3,principal
SKU_1536_MOS,2025-06-01,87,10694.25,30006.3,principal
SKU_1536_FRE,2025-06-01,66,8112.88,22763.4,principal
SKU_1537_SAP,2025-06-01,94,7930.96,23960.6,principal
SKU_1537_BLA,2025-06-01,53,4471.71,13509.7,principal
SKU_1538_MAG,2025-06-01,86,5975.01,18051.4,principal
SKU_1538_PAS,2025-06-01,0,0.0,0.0,principal
SKU_1539_BLA,2025-06-01,59,6564.82,20644.1,principal
SKU_1539_PEA,2025-06-01,81,9012.72,28341.9,principal
SKU_1540_BAL,2025-06-01,0,0.0,0.0,principal
SKU_1540_MAG,2025-06-01,67,3619.89,11383.3,principal
SKU_1541_AQU,2025-06-01,0,0.0,0.0,principal
SKU_1541_POW,2025-06-01,104,22320.29,70189.6,principal
SKU_1542_DEE,2025-06-01,74,11447.14,34772.6,principal
SKU_1542_PEA,2025-06-01,106,16397.25,49809.4,principal
SKU_1543_BAB,2025-06-01,109,25473.1,80104.1,principal
SKU_1543_FLA,2025-06-01,75,17527.36,55117.5,principal
SKU_1544_OLI,2025-06-01,87,5530.43,17391.3,principal
SKU_1544_PEA,2025-06-01,78,4958.32,15592.2,principal
SKU_1545_TEA,2025-06-01,90,7438.34,23391.0,principal
SKU_1545_HOT,2025-06-01,108,8926.01,28069.2,principal
SKU_1546_PAS,2025-06-01,73,4060.13,12767.7,principal
SKU_1546_IVO,2025-06-01,58,3225.86,10144.2,principal
SKU_1547_IVO,2025-06-01,80,8735.75,26392.0,principal
SKU_1547_FUC,2025-06-01,61,6661.01,20123.9,principal
SKU_1548_HOT,2025-06-01,89,13990.08,42266.1,principal
SKU_1548_CLO,2025-06-01,104,16347.96,49389.6,principal
SKU_1549_BAL,2025-06-01,88,5174.24,16271.2,principal
SKU_1549_PAS,2025-06-01,61,3586.69,11278.9,principal
SKU_1550_PAL,2025-06-01,82,4451.38,13521.8,principal
SKU_1550_IVO,2025-06-01,64,3474.25,10553.6,principal
SKU_1551_DUS,2025-06-01,68,4949.51,14953.2,principal
SKU_1551_ROS,2025-06-01,84,6114.1,18471.6,principal
SKU_1552_CLE,2025-06-01,60,13034.34,39594.0,principal
SKU_1552_SAP,2025-06-01,0,0.0,0.0,principal
SKU_1553_DEN,2025-06-01,78,6241.42,19882.2,principal
SKU_1553_HOT,2025-06-01,75,6001.37,19117.5,principal
SKU_1554_PIS,2025-06-01,109,32497.73,112804.1,principal
SKU_1554_SKY,2025-06-01,90,26832.99,93141.0,principal
SKU_1555_FUC,2025-06-01,63,3413.24,11963.7,principal
SKU_1555_RAS,2025-06-01,64,3467.42,12153.6,principal
SKU_1556_SAL,2025-06-01,60,3651.32,12294.0,principal
SKU_1556_HUN,2025-06-01,114,6937.5,23358.6,principal
SKU_1557_TUR,2025-06-01,103,7406.12,20589.7,principal
SKU_1557_SAG,2025-06-01,81,5824.23,16191.9,principal
SKU_1558_CLE,2025-06-01,73,9161.06,24082.7,principal
SKU_1558_MEX,2025-06-01,0,0.0,0.0,principal
SKU_1559_BLU,2025-06-01,69,31966.42,82793.1,principal
SKU_1559_SKY,2025-06-01,0,0.0,0.0,principal
SKU_1560_PAL,2025-06-01,0,0.0,0.0,principal
SKU_1560_CRE,2025-06-01,68,5034.52,15293.2,principal
SKU_1561_LIM,2025-06-01,81,9082.45,28341.9,principal
SKU_1561_VAN,2025-06-01,83,9306.7,29041.7,principal
SKU_1562_CLO,2025-06-01,70,6752.9,21693.0,principal
SKU_1562_BLU,2025-06-01,0,0.0,0.0,principal
SKU_1563_WHI,2025-06-01,69,2764.71,10343.1,principal
SKU_1563_MEX,2025-06-01,66,2644.51,9893.4,principal
SKU_1564_BLA,2025-06-01,91,17016.85,53680.9,principal
SKU_1564_NAV,2025-06-01,49,9162.92,28905.1,principal
SKU_1565_LIG,2025-06-01,63,8897.16,22673.7,principal
SKU_1565_BAB,2025-06-01,74,10450.63,26632.6,principal
SKU_1566_PEA,2025-06-01,91,35801.91,94175.9,principal
SKU_1566_POW,2025-06-01,108,42490.18,111769.2,principal
SKU_1567_PRI,2025-06-01,104,23619.97,71749.6,principal
SKU_1567_POW,2025-06-01,112,25436.89,77268.8,principal
SKU_1568_FRE,2025-06-01,100,7469.82,23490.0,principal
SKU_1568_PIN,2025-06-01,86,6424.05,20201.4,principal
SKU_1569_WHI,2025-06-01,90,6293.54,19791.0,principal
SKU_1569_PAS,2025-06-01,53,3706.19,11654.7,principal
SKU_1570_MEX,2025-06-01,78,17732.38,55762.2,principal
SKU_1570_HON,2025-06-01,0,0.0,0.0,principal
SKU_1571_WHI,2025-06-01,73,5294.86,18242.7,principal
SKU_1571_BIR,2025-06-01,102,7398.29,25489.8,principal
SKU_1572_BAL,2025-06-01,64,2610.94,8953.6,principal
SKU_1572_MAR,2025-06-01,0,0.0,0.0,principal
SKU_1573_MIN,2025-06-01,112,33782.34,114788.8,principal
SKU_1573_SAG,2025-06-01,0,0.0,0.0,principal
SKU_1574_GAR,2025-06-01,71,12755.53,42947.9,principal
SKU_1574_COB,2025-06-01,106,19043.46,64119.4,principal
SKU_1575_JAD,2025-06-01,60,19740.48,51894.0,principal
SKU_1575_AQU,2025-06-01,85,27965.68,73516.5,principal
SKU_1576_AQU,2025-06-01,95,7659.0,23265.5,principal
SKU_1576_BLU,2025-06-01,54,4353.54,13224.6,principal
SKU_1577_FLA,2025-06-01,0,0.0,0.0,principal
SKU_1577_HUN,2025-06-01,70,3559.37,11193.0,principal
SKU_1578_PAS,2025-06-01,118,4851.82,14738.2,principal
SKU_1578_TEA,2025-06-01,0,0.0,0.0,principal
SKU_1579_DEN,2025-06-01,102,7719.67,23449.8,principal
SKU_1579_SAG,2025-06-01,102,7719.67,23449.8,principal
SKU_1580_WHI,2025-06-01,68,4106.4,12913.2,principal
SKU_1580_MOS,2025-06-01,88,5314.16,16711.2,principal
SKU_1581_BIR,2025-06-01,99,23211.16,84635.1,principal
SKU_1581_COB,2025-06-01,94,22038.88,80360.6,principal
SKU_1582_WHI,2025-06-01,102,6874.58,23449.8,principal
SKU_1582_PAS,2025-06-01,73,4920.04,16782.7,principal
SKU_1583_WHI,2025-06-01,101,6881.61,25744.9,principal
SKU_1583_BLU,2025-06-01,82,5587.05,20901.8,principal
SKU_1584_AQU,2025-06-01,0,0.0,0.0,principal
SKU_1584_FLA,2025-06-01,64,3869.59,11833.6,principal
SKU_1585_COR,2025-06-01,68,8535.96,21753.2,principal
SKU_1585_BLA,2025-06-01,57,7155.14,18234.3,principal
SKU_1586_JAD,2025-06-01,75,8693.31,22867.5,principal
SKU_1586_EGR,2025-06-01,94,10895.61,28660.6,principal
SKU_1587_DEE,2025-06-01,0,0.0,0.0,principal
SKU_1587_LIG,2025-06-01,90,6579.74,20691.0,principal
SKU_1588_PAS,2025-06-01,76,11839.9,37232.4,principal
SKU_1588_CRE,2025-06-01,93,14488.3,45560.7,principal
SKU_1589_TUR,2025-06-01,74,16653.47,50312.6,principal
SKU_1589_CER,2025-06-01,52,11702.44,35354.8,principal
SKU_1590_MYS,2025-06-01,101,6314.02,19179.9,principal
SKU_1590_HOT,2025-06-01,86,5376.3,16331.4,principal
SKU_1591_HON,2025-06-01,0,0.0,0.0,principal
SKU_1591_MYS,2025-06-01,92,26034.91,81870.8,principal
SKU_1592_CER,2025-06-01,72,4805.87,15112.8,principal
SKU_1592_SAG,2025-06-01,92,6140.83,19310.8,principal
SKU_1593_LIG,2025-06-01,107,5131.92,15504.3,principal
SKU_1593_FUC,2025-06-01,84,4028.8,12171.6,principal
SKU_1594_BAL,2025-06-01,84,13823.63,41991.6,principal
SKU_1594_WHI,2025-06-01,71,11684.26,35492.9,principal
SKU_1595_FLA,2025-06-01,111,11018.63,33288.9,principal
SKU_1595_MYS,2025-06-01,53,5261.15,15894.7,principal
SKU_1596_BIR,2025-06-01,63,5701.32,17318.7,principal
SKU_1596_CER,2025-06-01,67,6063.3,18418.3,principal
SKU_1597_SHO,2025-06-01,85,14323.2,45041.5,principal
SKU_1597_FLA,2025-06-01,91,15334.25,48220.9,principal
SKU_1598_NAV,2025-06-01,97,15111.46,47520.3,principal
SKU_1598_DUS,2025-06-01,58,9035.72,28414.2,principal
SKU_1599_WHI,2025-06-01,72,11137.76,33832.8,principal
SKU_1599_CER,2025-06-01,70,10828.38,32893.0,principal
SKU_1600_LIG,2025-06-01,68,8840.07,26853.2,principal
SKU_1600_SHO,2025-06-01,0,0.0,0.0,principal
SKU_1601_EME,2025-06-01,101,24568.44,74224.9,principal
SKU_1601_AQU,2025-06-01,55,13378.85,40419.5,principal
SKU_1602_AQU,2025-06-01,84,5720.8,19311.6,principal
SKU_1602_PAS,2025-06-01,58,3950.08,13334.2,principal
SKU_1603_BUB,2025-06-01,56,11606.18,41714.4,principal
SKU_1603_PEA,2025-06-01,0,0.0,0.0,principal
SKU_1604_CLE,2025-06-01,112,18109.25,67748.8,principal
SKU_1604_SNO,2025-06-01,67,10833.21,40528.3,principal
SKU_1605_VAN,2025-06-01,0,0.0,0.0,principal
SKU_1605_COR,2025-06-01,69,4506.41,15173.1,principal
SKU_1606_COB,2025-06-01,61,23586.16,66178.9,principal
SKU_1606_SEA,2025-06-01,61,23586.16,66178.9,principal
SKU_1607_GAR,2025-06-01,72,7147.22,21592.8,principal
SKU_1607_MAR,2025-06-01,63,6253.81,18893.7,principal
SKU_1608_WHI,2025-06-01,0,0.0,0.0,principal
SKU_1608_MID,2025-06-01,87,8732.46,26526.3,principal
SKU_1609_LIM,2025-06-01,0,0.0,0.0,principal
SKU_1609_SAP,2025-06-01,61,5235.52,16463.9,principal
SKU_1610_PRI,2025-06-01,95,5782.56,17565.5,principal
SKU_1610_MEX,2025-06-01,82,4991.26,15161.8,principal
SKU_1611_MID,2025-06-01,75,5429.33,16492.5,principal
SKU_1611_BRI,2025-06-01,59,4271.07,12974.1,principal
SKU_1612_PAL,2025-06-01,107,10887.24,35299.3,principal
SKU_1612_SNO,2025-06-01,65,6613.74,21443.5,principal
SKU_1613_BIR,2025-06-01,102,5491.65,19369.8,principal
SKU_1613_AQU,2025-06-01,100,5383.97,18990.0,principal
SKU_1614_VAN,2025-06-01,83,10535.19,36926.7,principal
SKU_1614_IVO,2025-06-01,91,11550.63,40485.9,principal
SKU_1615_MOS,2025-06-01,65,9579.26,30218.5,principal
SKU_1615_SHO,2025-06-01,49,7221.29,22780.1,principal
SKU_1616_SER,2025-06-01,0,0.0,0.0,principal
SKU_1616_COR,2025-06-01,107,41716.3,109664.3,principal
SKU_1617_DEN,2025-06-01,0,0.0,0.0,principal
SKU_1617_MIN,2025-06-01,87,5453.89,14346.3,principal
SKU_1618_SAL,2025-06-01,81,4823.3,14571.9,principal
SKU_1618_SAP,2025-06-01,99,5895.14,17810.1,principal
SKU_1619_IVO,2025-06-01,109,7172.97,21789.1,principal
SKU_1619_PAS,2025-06-01,56,3685.2,11194.4,principal
SKU_1620_SAG,2025-06-01,75,6576.14,19867.5,principal
SKU_1620_BLU,2025-06-01,0,0.0,0.0,principal
SKU_1621_PAS,2025-06-01,112,8708.21,26308.8,principal
SKU_1621_FUC,2025-06-01,0,0.0,0.0,principal
SKU_1622_VAN,2025-06-01,70,5741.73,18893.0,principal
SKU_1622_CLO,2025-06-01,58,4757.44,15654.2,principal
SKU_1623_EGR,2025-06-01,0,0.0,0.0,principal
SKU_1623_SER,2025-06-01,76,19891.16,69532.4,principal
SKU_1624_PRI,2025-06-01,93,5744.94,19520.7,principal
SKU_1624_ARM,2025-06-01,105,6486.22,22039.5,principal
SKU_1625_GAR,2025-06-01,75,4871.5,15367.5,principal
SKU_1625_DUS,2025-06-01,99,6430.38,20285.1,principal
SKU_1626_BAB,2025-06-01,91,18689.39,49130.9,principal
SKU_1626_DEN,2025-06-01,76,15608.72,41032.4,principal
SKU_1627_BAB,2025-06-01,94,10264.51,31010.6,principal
SKU_1627_MOS,2025-06-01,77,8408.16,25402.3,principal
SKU_1628_PEA,2025-06-01,0,0.0,0.0,principal
SKU_1628_POW,2025-06-01,109,19731.95,59939.1,principal
SKU_1629_CLO,2025-06-01,71,5755.13,18097.9,principal
SKU_1629_ARM,2025-06-01,71,5755.13,18097.9,principal
SKU_1630_LIM,2025-06-01,0,0.0,0.0,principal
SKU_1630_SNO,2025-06-01,63,6983.67,21098.7,principal
SKU_1631_BAL,2025-06-01,82,4691.07,14751.8,principal
SKU_1631_SNO,2025-06-01,59,3375.28,10614.1,principal
SKU_1632_SAP,2025-06-01,104,6365.0,19229.6,principal
SKU_1632_SPA,2025-06-01,73,4467.74,13497.7,principal
SKU_1633_SER,2025-06-01,59,4407.19,13859.1,principal
SKU_1633_DEN,2025-06-01,90,6722.84,21141.0,principal
SKU_1634_NAV,2025-06-01,0,0.0,0.0,principal
SKU_1634_SAP,2025-06-01,0,0.0,0.0,principal
SKU_1635_TEA,2025-06-01,65,12503.28,39318.5,principal
SKU_1635_SAG,2025-06-01,89,17119.88,53836.1,principal
SKU_1636_LIG,2025-06-01,73,10571.5,32112.7,principal
SKU_1636_SHO,2025-06-01,79,11440.39,34752.1,principal
SKU_1637_BLU,2025-06-01,70,20476.97,64393.0,principal
SKU_1637_WHI,2025-06-01,54,15796.52,49674.6,principal
SKU_1638_PEA,2025-06-01,70,25374.17,79793.0,principal
SKU_1638_SAP,2025-06-01,49,17761.92,55855.1,principal
SKU_1639_FRE,2025-06-01,60,3623.29,11394.0,principal
SKU_1639_WHI,2025-06-01,90,5434.94,17091.0,principal
SKU_1640_IVO,2025-06-01,0,0.0,0.0,principal
SKU_1640_TEA,2025-06-01,70,5067.38,15393.0,principal
SKU_1641_MEX,2025-06-01,88,9092.0,28591.2,principal
SKU_1641_SER,2025-06-01,0,0.0,0.0,principal
SKU_1642_OFF,2025-06-01,98,7295.31,22040.2,principal
SKU_1642_SAL,2025-06-01,94,6997.54,21140.6,principal
SKU_1643_PAS,2025-06-01,87,5990.39,19566.3,principal
SKU_1643_EGR,2025-06-01,0,0.0,0.0,principal
SKU_1644_BAB,2025-06-01,102,9380.94,32629.8,principal
SKU_1644_PEA,2025-06-01,86,7909.42,27511.4,principal
SKU_1645_MYS,2025-06-01,84,9583.68,33591.6,principal
SKU_1645_MIN,2025-06-01,84,9583.68,33591.6,principal
SKU_1646_BLU,2025-06-01,62,4027.1,12703.8,principal
SKU_1646_CLE,2025-06-01,68,4416.82,13933.2,principal
SKU_1647_BLA,2025-06-01,87,9660.94,29571.3,principal
SKU_1647_ARM,2025-06-01,79,8772.58,26852.1,principal
SKU_1648_RAS,2025-06-01,63,15714.99,44093.7,principal
SKU_1648_FLA,2025-06-01,0,0.0,0.0,principal
SKU_1649_FLA,2025-06-01,97,7500.92,22785.3,principal
SKU_1649_GAR,2025-06-01,98,7578.25,23020.2,principal
SKU_1650_OLI,2025-06-01,81,25884.21,81396.9,principal
SKU_1650_EGR,2025-06-01,57,18214.82,57279.3,principal
SKU_1651_PAS,2025-06-01,0,0.0,0.0,principal
SKU_1651_SAL,2025-06-01,0,0.0,0.0,principal
SKU_1652_TEA,2025-06-01,100,6761.71,21990.0,principal
SKU_1652_MOS,2025-06-01,58,3921.79,12754.2,principal
SKU_1653_ROS,2025-06-01,105,12070.48,37789.5,principal
SKU_1653_BAB,2025-06-01,81,9311.51,29151.9,principal
SKU_1654_CRE,2025-06-01,63,5712.46,19523.7,principal
SKU_1654_NAV,2025-06-01,83,7525.94,25721.7,principal
SKU_1655_SNO,2025-06-01,99,20643.67,63845.1,principal
SKU_1655_TEA,2025-06-01,54,11260.19,34824.6,principal
SKU_1656_FUC,2025-06-01,0,0.0,0.0,principal
SKU_1656_SNO,2025-06-01,102,8662.74,23959.8,principal
SKU_1657_SPA,2025-06-01,83,6326.1,17836.7,principal
SKU_1657_EME,2025-06-01,52,3963.34,11174.8,principal
SKU_1658_BAB,2025-06-01,56,18771.18,49274.4,principal
SKU_1658_MYS,2025-06-01,60,20111.98,52794.0,principal
SKU_1659_MOS,2025-06-01,120,40709.03,122988.0,principal
SKU_1659_SNO,2025-06-01,99,33584.95,101465.1,principal
SKU_1660_NAV,2025-06-01,88,9122.53,27711.2,principal
SKU_1660_MAG,2025-06-01,92,9537.19,28970.8,principal
SKU_1661_WHI,2025-06-01,64,20970.04,63353.6,principal
SKU_1661_CER,2025-06-01,83,27195.52,82161.7,principal
SKU_1662_PIS,2025-06-01,89,5521.34,17791.1,principal
SKU_1662_LIG,2025-06-01,89,5521.34,17791.1,principal
SKU_1663_SNO,2025-06-01,75,19144.01,59617.5,principal
SKU_1663_FLA,2025-06-01,76,19399.27,60412.4,principal
SKU_1664_PIN,2025-06-01,115,11450.64,37938.5,principal
SKU_1664_MIN,2025-06-01,57,5675.53,18804.3,principal
SKU_1665_SAG,2025-06-01,0,0.0,0.0,principal
SKU_1665_RAS,2025-06-01,121,8953.71,30237.9,principal
SKU_1666_FUC,2025-06-01,101,28333.62,80789.9,principal
SKU_1666_PAS,2025-06-01,82,23003.54,65591.8,principal
SKU_1667_LIG,2025-06-01,60,4583.16,12594.0,principal
SKU_1667_MID,2025-06-01,94,7180.28,19730.6,principal
SKU_1668_DEN,2025-06-01,96,10049.34,25910.4,principal
SKU_1668_VAN,2025-06-01,0,0.0,0.0,principal
SKU_1669_COR,2025-06-01,54,4164.59,10794.6,principal
SKU_1669_TEA,2025-06-01,90,6940.98,17991.0,principal
SKU_1670_SAP,2025-06-01,109,5227.85,15794.1,principal
SKU_1670_PEA,2025-06-01,0,0.0,0.0,principal
SKU_1671_SEA,2025-06-01,62,6547.64,21693.8,principal
SKU_1671_MIN,2025-06-01,100,10560.72,34990.0,principal
SKU_1672_TEA,2025-06-01,65,6058.19,19168.5,principal
SKU_1672_FOR,2025-06-01,55,5126.16,16219.5,principal
SKU_1673_PEA,2025-06-01,100,13935.88,40990.0,principal
SKU_1673_FUC,2025-06-01,86,11984.86,35251.4,principal
SKU_1674_PAS,2025-06-01,92,7697.11,21150.8,principal
SKU_1674_WHI,2025-06-01,72,6023.83,16552.8,principal
SKU_1675_CRE,2025-06-01,64,16203.64,48953.6,principal
SKU_1675_DEN,2025-06-01,58,14684.55,44364.2,principal
SKU_1676_PIN,2025-06-01,76,4250.76,12912.4,principal
SKU_1676_NAV,2025-06-01,81,4530.42,13761.9,principal
SKU_1677_POW,2025-06-01,77,17016.75,43882.3,principal
SKU_1677_VAN,2025-06-01,86,19005.72,49011.4,principal
SKU_1678_LIG,2025-06-01,90,23734.75,64341.0,principal
SKU_1678_MAG,2025-06-01,92,24262.18,65770.8,principal
SKU_1679_SHO,2025-06-01,93,32035.65,85550.7,principal
SKU_1679_GAR,2025-06-01,0,0.0,0.0,principal
SKU_1680_NAV,2025-06-01,556,61633.66,186204.4,principal
SKU_1680_SEA,2025-06-01,603,66843.7,201944.7,principal
SKU_1681_OFF,2025-06-01,284,21961.46,66711.6,principal
SKU_1681_PIS,2025-06-01,146,11290.05,34295.4,principal
SKU_1682_OLI,2025-06-01,594,54582.43,139530.6,principal
SKU_1682_BIR,2025-06-01,571,52468.97,134127.9,principal
SKU_1683_PAL,2025-06-01,138,17241.69,43456.2,principal
SKU_1683_SHO,2025-06-01,175,21864.46,55107.5,principal
SKU_1684_HON,2025-06-01,541,33110.23,100030.9,principal
SKU_1684_SHO,2025-06-01,282,17258.94,52141.8,principal
SKU_1685_COB,2025-06-01,279,61402.85,185507.1,principal
SKU_1685_BIR,2025-06-01,0,0.0,0.0,principal
SKU_1686_MOS,2025-06-01,265,17854.1,56948.5,principal
SKU_1686_SKY,2025-06-01,122,8219.62,26217.8,principal
SKU_1687_FOR,2025-06-01,160,45186.5,143984.0,principal
SKU_1687_WHI,2025-06-01,642,181310.83,577735.8,principal
SKU_1688_WHI,2025-06-01,150,18977.94,64485.0,principal
SKU_1688_LIG,2025-06-01,337,42637.1,144876.3,principal
SKU_1689_MAG,2025-06-01,122,38493.72,117717.8,principal
SKU_1689_IVO,2025-06-01,140,44173.12,135086.0,principal
SKU_1690_MAG,2025-06-01,114,21935.92,61548.6,principal
SKU_1690_MYS,2025-06-01,519,99866.17,280208.1,principal
SKU_1691_HUN,2025-06-01,215,21934.1,66628.5,principal
SKU_1691_ROS,2025-06-01,277,28259.29,85842.3,principal
SKU_1692_OLI,2025-06-01,155,11281.97,34084.5,principal
SKU_1692_BLU,2025-06-01,128,9316.72,28147.2,principal
SKU_1693_MEX,2025-06-01,643,43609.48,131750.7,principal
SKU_1693_FLA,2025-06-01,274,18583.2,56142.6,principal
SKU_1694_PIS,2025-06-01,141,13063.21,39465.9,principal
SKU_1694_SER,2025-06-01,157,14545.56,43944.3,principal
SKU_1695_CRE,2025-06-01,121,8076.53,25397.9,principal
SKU_1695_LIM,2025-06-01,503,33574.34,105579.7,principal
SKU_1696_SER,2025-06-01,266,22112.66,74453.4,principal
SKU_1696_SHO,2025-06-01,325,27017.35,90967.5,principal
SKU_1697_PIS,2025-06-01,149,9925.86,32765.1,principal
SKU_1697_MIN,2025-06-01,304,20251.42,66849.6,principal
SKU_1698_PRI,2025-06-01,285,35219.32,119671.5,principal
SKU_1698_SNO,2025-06-01,0,0.0,0.0,principal
SKU_1699_CLO,2025-06-01,164,17691.88,54103.6,principal
SKU_1699_COB,2025-06-01,295,31823.8,97320.5,principal
SKU_1700_HUN,2025-06-01,573,157369.16,401042.7,principal
SKU_1700_PIS,2025-06-01,136,37351.14,95186.4,principal
SKU_1701_SPA,2025-06-01,132,17056.56,44866.8,principal
SKU_1701_BLU,2025-06-01,544,70293.71,184905.6,principal
SKU_1702_LIG,2025-06-01,307,62992.38,190309.3,principal
SKU_1702_COR,2025-06-01,320,65659.81,198368.0,principal
SKU_1703_PAS,2025-06-01,537,46089.74,144936.3,principal
SKU_1703_BLU,2025-06-01,656,56303.3,177054.4,principal
SKU_1704_BAB,2025-06-01,122,12992.78,40857.8,principal
SKU_1704_PEA,2025-06-01,288,30671.48,96451.2,principal
SKU_1705_SER,2025-06-01,556,75436.36,227904.4,principal
SKU_1705_JAD,2025-06-01,151,20487.21,61894.9,principal
SKU_1706_BLA,2025-06-01,590,35387.6,109091.0,principal
SKU_1706_JAD,2025-06-01,142,8517.02,26255.8,principal
SKU_1707_ARM,2025-06-01,570,43119.69,159543.0,principal
SKU_1707_SAP,2025-06-01,202,15281.01,56539.8,principal
SKU_1708_FLA,2025-06-01,565,30237.95,95993.5,principal
SKU_1708_FRE,2025-06-01,542,29007.03,92085.8,principal
SKU_1709_CRE,2025-06-01,601,37125.92,126149.9,principal
SKU_1709_MAR,2025-06-01,341,21064.79,71575.9,principal
SKU_1710_OLI,2025-06-01,288,69275.61,233251.2,principal
SKU_1710_MEX,2025-06-01,290,69756.69,234871.0,principal
SKU_1711_VAN,2025-06-01,567,214586.8,564108.3,principal
SKU_1711_ARM,2025-06-01,260,98399.59,258674.0,principal
SKU_1712_NAV,2025-06-01,646,38467.3,116215.4,principal
SKU_1712_MOS,2025-06-01,306,18221.35,55049.4,principal
SKU_1713_SAL,2025-06-01,294,49133.84,148440.6,principal
SKU_1713_SNO,2025-06-01,326,54481.74,164597.4,principal
SKU_1714_DEE,2025-06-01,237,22979.09,72261.3,principal
SKU_1714_MID,2025-06-01,614,59532.33,187208.6,principal
SKU_1715_HON,2025-06-01,567,39649.29,124683.3,principal
SKU_1715_JAD,2025-06-01,112,7831.96,24628.8,principal
SKU_1716_AQU,2025-06-01,0,0.0,0.0,principal
SKU_1716_SAL,2025-06-01,248,13462.7,40895.2,principal
SKU_1717_MIN,2025-06-01,289,22143.5,75111.1,principal
SKU_1717_CRE,2025-06-01,527,40379.33,136967.3,principal
SKU_1718_DUS,2025-06-01,270,29760.16,99873.0,principal
SKU_1718_SEA,2025-06-01,0,0.0,0.0,principal
SKU_1719_OFF,2025-06-01,328,29935.73,104927.2,principal
SKU_1719_WHI,2025-06-01,158,14420.26,50544.2,principal
SKU_1720_PAL,2025-06-01,142,9484.93,31935.8,principal
SKU_1720_PAS,2025-06-01,146,9752.11,32835.4,principal
SKU_1721_COR,2025-06-01,271,43286.82,113792.9,principal
SKU_1721_FRE,2025-06-01,614,98074.2,257818.6,principal
SKU_1722_AQU,2025-06-01,169,18174.58,54908.1,principal
SKU_1722_PAS,2025-06-01,555,59685.75,180319.5,principal
SKU_1723_MOS,2025-06-01,500,71975.95,217450.0,principal
SKU_1723_COB,2025-06-01,556,80037.26,241804.4,principal
SKU_1724_PIN,2025-06-01,261,92534.47,290988.9,principal
SKU_1724_PEA,2025-06-01,598,212013.84,666710.2,principal
SKU_1725_BAB,2025-06-01,127,9890.53,31102.3,principal
SKU_1725_OFF,2025-06-01,108,8410.85,26449.2,principal
SKU_1726_PAS,2025-06-01,619,87602.79,266108.1,principal
SKU_1726_BUB,2025-06-01,577,81658.82,248052.3,principal
SKU_1727_LIG,2025-06-01,254,11848.63,39344.6,principal
SKU_1727_WHI,2025-06-01,527,24583.57,81632.3,principal
SKU_1728_MID,2025-06-01,280,28997.42,92372.0,principal
SKU_1728_EGR,2025-06-01,0,0.0,0.0,principal
SKU_1729_FUC,2025-06-01,256,13177.11,44774.4,principal
SKU_1729_CLE,2025-06-01,610,31398.57,106689.0,principal
SKU_1730_OFF,2025-06-01,305,28978.14,97569.5,principal
SKU_1730_MIN,2025-06-01,166,15771.71,53103.4,principal
SKU_1731_MIN,2025-06-01,150,51918.89,136485.0,principal
SKU_1731_ARM,2025-06-01,281,97261.39,255681.9,principal
SKU_1732_OFF,2025-06-01,145,53218.64,161660.5,principal
SKU_1732_WHI,2025-06-01,263,96527.6,293218.7,principal
SKU_1733_NAV,2025-06-01,297,34397.62,103920.3,principal
SKU_1733_SAG,2025-06-01,555,64278.38,194194.5,principal
SKU_1734_FRE,2025-06-01,154,17135.3,53884.6,principal
SKU_1734_BRI,2025-06-01,327,36384.7,114417.3,principal
SKU_1735_MOS,2025-06-01,667,59263.67,180023.3,principal
SKU_1735_COR,2025-06-01,599,53221.8,161670.1,principal
SKU_1736_PAS,2025-06-01,112,11979.19,36388.8,principal
SKU_1736_JAD,2025-06-01,268,28664.5,87073.2,principal
SKU_1737_SAG,2025-06-01,153,38990.05,117794.7,principal
SKU_1737_DEE,2025-06-01,322,82057.48,247907.8,principal
SKU_1738_BLU,2025-06-01,125,8063.99,24362.5,principal
SKU_1738_ROY,2025-06-01,270,17418.21,52623.0,principal
SKU_1739_AQU,2025-06-01,592,49676.54,150900.8,principal
SKU_1739_MOS,2025-06-01,136,11412.18,34666.4,principal
SKU_1740_FRE,2025-06-01,121,8560.15,26002.9,principal
SKU_1740_OLI,2025-06-01,584,41315.13,125501.6,principal
SKU_1741_PEA,2025-06-01,601,47464.02,144179.9,principal
SKU_1741_PIN,2025-06-01,581,45884.52,139381.9,principal
SKU_1742_DEN,2025-06-01,155,13334.17,40284.5,principal
SKU_1742_EME,2025-06-01,0,0.0,0.0,principal
SKU_1743_DEE,2025-06-01,155,21682.67,68184.5,principal
SKU_1743_CLO,2025-06-01,25,3497.2,10997.5,principal
SKU_1744_LIG,2025-06-01,323,28167.24,85562.7,principal
SKU_1744_EME,2025-06-01,129,11249.46,34172.1,principal
SKU_1745_PEA,2025-06-01,149,20105.92,61075.1,principal
SKU_1745_FOR,2025-06-01,141,19026.41,57795.9,principal
SKU_1746_EME,2025-06-01,182,10778.6,32741.8,principal
SKU_1746_NAV,2025-06-01,151,8942.69,27164.9,principal
SKU_1747_FUC,2025-06-01,134,7452.84,23436.6,principal
SKU_1747_TEA,2025-06-01,230,12792.19,40227.0,principal
SKU_1748_BAB,2025-06-01,529,50409.02,163937.1,principal
SKU_1748_COB,2025-06-01,135,12864.31,41836.5,principal
SKU_1749_SNO,2025-06-01,501,50568.76,175299.9,principal
SKU_1749_BIR,2025-06-01,159,16048.77,55634.1,principal
SKU_1750_MIN,2025-06-01,220,21752.34,81378.0,principal
SKU_1750_SNO,2025-06-01,596,58929.06,220460.4,principal
SKU_1751_BLU,2025-06-01,558,54673.01,184084.2,principal
SKU_1751_MIN,2025-06-01,277,27140.54,91382.3,principal
SKU_1752_SNO,2025-06-01,560,85801.16,240744.0,principal
SKU_1752_SPA,2025-06-01,615,94228.06,264388.5,principal
SKU_1753_WHI,2025-06-01,117,35133.74,92418.3,principal
SKU_1753_PAL,2025-06-01,603,181073.9,476309.7,principal
SKU_1754_IVO,2025-06-01,158,17776.09,53704.2,principal
SKU_1754_SER,2025-06-01,268,30151.85,91093.2,principal
SKU_1755_BIR,2025-06-01,516,56888.53,172808.4,principal
SKU_1755_AQU,2025-06-01,595,65598.2,199265.5,principal
SKU_1756_FLA,2025-06-01,125,7151.02,22487.5,principal
SKU_1756_BUB,2025-06-01,133,7608.69,23926.7,principal
SKU_1757_PIN,2025-06-01,153,12888.44,40529.7,principal
SKU_1757_TUR,2025-06-01,261,21986.17,69138.9,principal
SKU_1758_CLO,2025-06-01,295,14500.98,53070.5,principal
SKU_1758_HON,2025-06-01,133,6537.73,23926.7,principal
SKU_1759_CLE,2025-06-01,548,44979.45,147905.2,principal
SKU_1759_COB,2025-06-01,292,23967.15,78810.8,principal
SKU_1760_PAS,2025-06-01,139,10222.83,34736.1,principal
SKU_1760_OFF,2025-06-01,586,43097.7,146441.4,principal
SKU_1761_MOS,2025-06-01,164,57441.54,181203.6,principal
SKU_1761_SAP,2025-06-01,137,47984.7,151371.3,principal
SKU_1762_DEN,2025-06-01,99,8993.79,25235.1,principal
SKU_1762_BRI,2025-06-01,573,52054.96,146057.7,principal
SKU_1763_MAR,2025-06-01,21,2084.6,6297.9,principal
SKU_1763_HOT,2025-06-01,519,51519.52,155648.1,principal
SKU_1764_FUC,2025-06-01,581,44928.2,136476.9,principal
SKU_1764_MAR,2025-06-01,141,10903.4,33120.9,principal
SKU_1765_MYS,2025-06-01,237,19587.62,61596.3,principal
SKU_1765_PAS,2025-06-01,498,41158.8,129430.2,principal
SKU_1766_CLE,2025-06-01,561,70449.37,221538.9,principal
SKU_1766_MYS,2025-06-01,317,39808.29,125183.3,principal
SKU_1767_PRI,2025-06-01,128,8340.25,26227.2,principal
SKU_1767_FUC,2025-06-01,127,8275.09,26022.3,principal
SKU_1768_PEA,2025-06-01,170,31655.31,106233.0,principal
SKU_1768_MIN,2025-06-01,583,108559.09,364316.7,principal
SKU_1769_WHI,2025-06-01,193,17692.41,62705.7,principal
SKU_1769_EME,2025-06-01,302,27684.5,98119.8,principal
SKU_1770_JAD,2025-06-01,154,9966.35,33864.6,principal
SKU_1770_DEE,2025-06-01,283,18314.79,62231.7,principal
SKU_1771_PIN,2025-06-01,300,25986.69,79470.0,principal
SKU_1771_EME,2025-06-01,264,22868.29,69933.6,principal
SKU_1772_BLU,2025-06-01,142,23118.56,58915.8,principal
SKU_1772_SNO,2025-06-01,0,0.0,0.0,principal
SKU_1773_OLI,2025-06-01,151,16150.52,49059.9,principal
SKU_1773_FRE,2025-06-01,132,14118.33,42886.8,principal
SKU_1774_COB,2025-06-01,0,0.0,0.0,principal
SKU_1774_MOS,2025-06-01,534,34794.48,109416.6,principal
SKU_1775_PAS,2025-06-01,573,52797.98,160382.7,principal
SKU_1775_PAL,2025-06-01,542,49941.55,151705.8,principal
SKU_1776_BIR,2025-06-01,165,18017.49,54433.5,principal
SKU_1776_PAS,2025-06-01,150,16379.53,49485.0,principal
SKU_1777_TUR,2025-06-01,0,0.0,0.0,principal
SKU_1777_FRE,2025-06-01,161,12282.4,38623.9,principal
SKU_1778_TEA,2025-06-01,150,14145.28,42735.0,principal
SKU_1778_MIN,2025-06-01,309,29139.29,88034.1,principal
SKU_1779_LIG,2025-06-01,288,20374.58,61891.2,principal
SKU_1779_MIN,2025-06-01,157,11106.98,33739.3,principal
SKU_1780_AQU,2025-06-01,299,33144.72,100135.1,principal
SKU_1780_LIG,2025-06-01,617,68395.62,206633.3,principal
SKU_1781_CLE,2025-06-01,544,22471.66,70665.6,principal
SKU_1781_AQU,2025-06-01,584,24123.99,75861.6,principal
SKU_1782_NAV,2025-06-01,18,1488.9,4498.2,principal
SKU_1782_HUN,2025-06-01,135,11166.78,33736.5,principal
SKU_1783_EGR,2025-06-01,0,0.0,0.0,principal
SKU_1783_BAB,2025-06-01,617,235427.58,740338.3,principal
SKU_1784_EGR,2025-06-01,159,16309.73,49274.1,principal
SKU_1784_BLA,2025-06-01,308,31593.69,95449.2,principal
SKU_1785_HUN,2025-06-01,326,25388.29,79837.4,principal
SKU_1785_PAS,2025-06-01,298,23207.7,72980.2,principal
SKU_1786_TEA,2025-06-01,104,6159.2,18709.6,principal
SKU_1786_POW,2025-06-01,288,17056.25,51811.2,principal
SKU_1787_BAB,2025-06-01,1096,101038.27,317730.4,principal
SKU_1787_BAB,2025-06-01,1096,101038.27,317730.4,principal
SKU_1788_EME,2025-06-01,120,9926.03,29988.0,principal
SKU_1788_MYS,2025-06-01,291,24070.62,72720.9,principal
SKU_1789_SNO,2025-06-01,137,11252.63,36976.3,principal
SKU_1789_EME,2025-06-01,610,50102.94,164639.0,principal
SKU_1790_EGR,2025-06-01,0,0.0,0.0,principal
SKU_1790_ROY,2025-06-01,499,37362.42,129690.1,principal
SKU_1791_ARM,2025-06-01,142,10054.7,37615.8,principal
SKU_1791_IVO,2025-06-01,604,42767.89,159999.6,principal
SKU_1792_MIN,2025-06-01,299,39064.44,131530.1,principal
SKU_1792_AQU,2025-06-01,262,34230.38,115253.8,principal
SKU_1793_WHI,2025-06-01,151,9998.94,28674.9,principal
SKU_1793_MIN,2025-06-01,148,9800.28,28105.2,principal
SKU_1794_FLA,2025-06-01,121,9661.36,25397.9,principal
SKU_1794_LIG,2025-06-01,123,9821.05,25817.7,principal
SKU_1795_RAS,2025-06-01,277,27347.4,83072.3,principal
SKU_1795_HUN,2025-06-01,570,56274.44,170943.0,principal
SKU_1796_OLI,2025-06-01,272,45209.96,137332.8,principal
SKU_1796_SHO,2025-06-01,165,27425.16,83308.5,principal
SKU_1797_GAR,2025-06-01,105,11610.24,39889.5,principal
SKU_1797_BLU,2025-06-01,0,0.0,0.0,principal
SKU_1798_OFF,2025-06-01,254,33200.94,106654.6,principal
SKU_1798_MOS,2025-06-01,143,18691.87,60045.7,principal
SKU_1799_DEN,2025-06-01,156,12391.32,42104.4,principal
SKU_1799_POW,2025-06-01,628,49883.03,169497.2,principal
SKU_1800_SKY,2025-06-01,161,13383.98,45063.9,principal
SKU_1800_MOS,2025-06-01,573,47633.66,160382.7,principal
SKU_1801_MOS,2025-06-01,142,20889.73,53235.8,principal
SKU_1801_FLA,2025-06-01,184,27068.38,68981.6,principal
SKU_1000_COR,2025-07-01,0,0.0,0.0,principal
SKU_1000_EME,2025-07-01,134,8007.44,27456.6,principal
SKU_1000_ROY,2025-07-01,179,10696.51,36677.1,principal
SKU_1001_AQU,2025-07-01,92,23113.64,86470.8,principal
SKU_1001_SAP,2025-07-01,165,41453.82,155083.5,principal
SKU_1002_COR,2025-07-01,63,4839.17,14798.7,principal
SKU_1002_MYS,2025-07-01,59,4531.93,13859.1,principal
SKU_1003_SNO,2025-07-01,120,17182.41,43788.0,principal
SKU_1003_DUS,2025-07-01,160,22909.88,58384.0,principal
SKU_1004_FOR,2025-07-01,0,0.0,0.0,principal
SKU_1004_MEX,2025-07-01,97,11058.97,29090.3,principal
SKU_1005_OLI,2025-07-01,0,0.0,0.0,principal
SKU_1005_MYS,2025-07-01,0,0.0,0.0,principal
SKU_1006_MOS,2025-07-01,90,5434.94,17091.0,principal
SKU_1006_FOR,2025-07-01,81,4891.44,15381.9,principal
SKU_1007_COB,2025-07-01,148,13879.17,43645.2,principal
SKU_1007_FOR,2025-07-01,130,12191.17,38337.0,principal
SKU_1008_MEX,2025-07-01,146,15701.12,47435.4,principal
SKU_1008_WHI,2025-07-01,123,13227.65,39962.7,principal
SKU_1009_BAB,2025-07-01,169,24035.27,87018.1,principal
SKU_1009_MAG,2025-07-01,0,0.0,0.0,principal
SKU_1010_SNO,2025-07-01,120,13584.31,45588.0,principal
SKU_1010_BRI,2025-07-01,0,0.0,0.0,principal
SKU_1011_CER,2025-07-01,72,5001.93,18712.8,principal
SKU_1011_MIN,2025-07-01,54,3751.45,14034.6,principal
SKU_1012_VAN,2025-07-01,124,35719.48,120267.6,principal
SKU_1012_CLO,2025-07-01,157,45225.47,152274.3,principal
SKU_1013_LIG,2025-07-01,92,6295.92,16550.8,principal
SKU_1013_LIG,2025-07-01,92,6295.92,16550.8,principal
SKU_1014_FLA,2025-07-01,135,17869.53,53986.5,principal
SKU_1014_MIN,2025-07-01,155,20516.87,61984.5,principal
SKU_1015_ROY,2025-07-01,152,47036.69,142104.8,principal
SKU_1015_TUR,2025-07-01,51,15782.05,47679.9,principal
SKU_1016_HON,2025-07-01,55,3912.25,11819.5,principal
SKU_1016_SNO,2025-07-01,0,0.0,0.0,principal
SKU_1017_PAS,2025-07-01,164,7817.58,24583.6,principal
SKU_1017_BAL,2025-07-01,87,4147.13,13041.3,principal
SKU_1018_TEA,2025-07-01,158,6024.26,18944.2,principal
SKU_1018_ARM,2025-07-01,165,6291.15,19783.5,principal
SKU_1019_NAV,2025-07-01,65,5348.93,17218.5,principal
SKU_1019_GAR,2025-07-01,81,6665.59,21456.9,principal
SKU_1020_NAV,2025-07-01,54,3285.01,10794.6,principal
SKU_1020_LIG,2025-07-01,100,6083.36,19990.0,principal
SKU_1021_CRE,2025-07-01,87,6625.38,24786.3,principal
SKU_1021_PAS,2025-07-01,176,13403.06,50142.4,principal
SKU_1022_PAL,2025-07-01,142,14854.24,45425.8,principal
SKU_1022_DEN,2025-07-01,63,6590.26,20153.7,principal
SKU_1023_DEN,2025-07-01,142,15596.25,39745.8,principal
SKU_1023_FOR,2025-07-01,180,19769.9,50382.0,principal
SKU_1024_VAN,2025-07-01,165,13166.27,34633.5,principal
SKU_1024_DEN,2025-07-01,76,6064.46,15952.4,principal
SKU_1025_WHI,2025-07-01,119,18349.59,57703.1,principal
SKU_1025_MIN,2025-07-01,104,16036.61,50429.6,principal
SKU_1026_CLO,2025-07-01,0,0.0,0.0,principal
SKU_1026_SPA,2025-07-01,62,8468.27,25723.8,principal
SKU_1027_MAR,2025-07-01,189,25236.83,79361.1,principal
SKU_1027_BIR,2025-07-01,174,23233.91,73062.6,principal
SKU_1028_BLU,2025-07-01,99,19830.51,62360.1,principal
SKU_1028_AQU,2025-07-01,59,11818.18,37164.1,principal
SKU_1029_BLU,2025-07-01,179,13940.2,43837.1,principal
SKU_1029_BAL,2025-07-01,76,5918.74,18612.4,principal
SKU_1030_CRE,2025-07-01,92,19013.47,59790.8,principal
SKU_1030_DEN,2025-07-01,69,14260.11,44843.1,principal
SKU_1031_COR,2025-07-01,154,24207.55,73134.6,principal
SKU_1031_HON,2025-07-01,0,0.0,0.0,principal
SKU_1032_EME,2025-07-01,153,16780.76,52769.7,principal
SKU_1032_HON,2025-07-01,154,16890.44,53114.6,principal
SKU_1033_NAV,2025-07-01,164,33893.58,106583.6,principal
SKU_1033_LIM,2025-07-01,111,22940.17,72138.9,principal
SKU_1034_PAS,2025-07-01,87,6154.82,18696.3,principal
SKU_1034_PIS,2025-07-01,109,7711.21,23424.1,principal
SKU_1035_SAP,2025-07-01,172,35820.41,112642.8,principal
SKU_1035_FUC,2025-07-01,160,33321.31,104784.0,principal
SKU_1036_BIR,2025-07-01,80,19749.37,59992.0,principal
SKU_1036_MID,2025-07-01,88,21724.3,65991.2,principal
SKU_1037_PRI,2025-07-01,54,3604.4,11334.6,principal
SKU_1037_SPA,2025-07-01,107,7142.06,22459.3,principal
SKU_1038_LIG,2025-07-01,51,4133.97,12999.9,principal
SKU_1038_FLA,2025-07-01,116,9402.75,29568.4,principal
SKU_1039_ARM,2025-07-01,71,3640.3,10997.9,principal
SKU_1039_MIN,2025-07-01,87,4460.66,13476.3,principal
SKU_1040_BLA,2025-07-01,85,9145.21,29741.5,principal
SKU_1040_BAB,2025-07-01,85,9145.21,29741.5,principal
SKU_1041_EME,2025-07-01,106,6936.18,23309.4,principal
SKU_1041_SNO,2025-07-01,66,4318.75,14513.4,principal
SKU_1042_SEA,2025-07-01,124,11491.71,39047.6,principal
SKU_1042_EME,2025-07-01,163,15106.04,51328.7,principal
SKU_1043_SPA,2025-07-01,55,14291.49,48119.5,principal
SKU_1043_CER,2025-07-01,78,20267.93,68242.2,principal
SKU_1044_SER,2025-07-01,186,60841.71,159941.4,principal
SKU_1044_COR,2025-07-01,125,40888.24,107487.5,principal
SKU_1045_FOR,2025-07-01,50,4845.14,12745.0,principal
SKU_1045_BUB,2025-07-01,131,12694.26,33391.9,principal
SKU_1046_SNO,2025-07-01,0,0.0,0.0,principal
SKU_1046_PAS,2025-07-01,74,3916.59,11832.6,principal
SKU_1047_ROY,2025-07-01,168,11672.12,35263.2,principal
SKU_1047_DEE,2025-07-01,62,4307.57,13013.8,principal
SKU_1048_MAR,2025-07-01,146,11530.36,35025.4,principal
SKU_1048_PEA,2025-07-01,0,0.0,0.0,principal
SKU_1049_BAL,2025-07-01,153,38022.5,115499.7,principal
SKU_1049_LIG,2025-07-01,176,43738.3,132862.4,principal
SKU_1050_BUB,2025-07-01,0,0.0,0.0,principal
SKU_1050_PRI,2025-07-01,154,13693.84,46954.6,principal
SKU_1051_CLE,2025-07-01,126,28734.56,94487.4,principal
SKU_1051_LIG,2025-07-01,170,38768.86,127483.0,principal
SKU_1052_PAS,2025-07-01,142,13162.54,46135.8,principal
SKU_1052_FRE,2025-07-01,112,10381.72,36388.8,principal
SKU_1053_SHO,2025-07-01,0,0.0,0.0,principal
SKU_1053_NAV,2025-07-01,59,6171.83,18874.1,principal
SKU_1054_DEE,2025-07-01,105,13281.07,37264.5,principal
SKU_1054_PAS,2025-07-01,72,9107.02,25552.8,principal
SKU_1055_LIG,2025-07-01,188,70622.56,213361.2,principal
SKU_1055_PAL,2025-07-01,0,0.0,0.0,principal
SKU_1056_CRE,2025-07-01,135,10496.51,31711.5,principal
SKU_1056_OLI,2025-07-01,162,12595.81,38053.8,principal
SKU_1057_ROY,2025-07-01,58,3530.41,10724.2,principal
SKU_1057_SNO,2025-07-01,0,0.0,0.0,principal
SKU_1058_MID,2025-07-01,66,4090.56,12863.4,principal
SKU_1058_SHO,2025-07-01,122,7561.34,23777.8,principal
SKU_1059_PEA,2025-07-01,92,8773.87,27590.8,principal
SKU_1059_OFF,2025-07-01,156,14877.44,46784.4,principal
SKU_1060_CRE,2025-07-01,142,48444.87,157605.8,principal
SKU_1060_LIM,2025-07-01,59,20128.5,65484.1,principal
SKU_1061_PAS,2025-07-01,153,17694.95,62714.7,principal
SKU_1061_EGR,2025-07-01,60,6939.2,24594.0,principal
SKU_1062_OLI,2025-07-01,166,9467.22,33183.4,principal
SKU_1062_MID,2025-07-01,130,7414.09,25987.0,principal
SKU_1063_SNO,2025-07-01,111,6506.08,20523.9,principal
SKU_1063_SAP,2025-07-01,60,3516.8,11094.0,principal
SKU_1064_PRI,2025-07-01,100,6768.04,18990.0,principal
SKU_1064_BIR,2025-07-01,140,9475.25,26586.0,principal
SKU_1065_CLE,2025-07-01,141,29934.45,90930.9,principal
SKU_1065_COB,2025-07-01,126,26749.94,81257.4,principal
SKU_1066_IVO,2025-07-01,173,10301.61,31122.7,principal
SKU_1066_WHI,2025-07-01,80,4763.75,14392.0,principal
SKU_1067_EME,2025-07-01,79,6654.82,20927.1,principal
SKU_1067_WHI,2025-07-01,74,6233.63,19602.6,principal
SKU_1068_COR,2025-07-01,75,19733.39,59617.5,principal
SKU_1068_BAL,2025-07-01,0,0.0,0.0,principal
SKU_1069_OLI,2025-07-01,0,0.0,0.0,principal
SKU_1069_CRE,2025-07-01,88,15434.93,46631.2,principal
SKU_1070_LIG,2025-07-01,0,0.0,0.0,principal
SKU_1070_MID,2025-07-01,153,17466.77,52769.7,principal
SKU_1071_BAB,2025-07-01,176,15637.79,47502.4,principal
SKU_1071_SKY,2025-07-01,146,12972.26,39405.4,principal
SKU_1072_PAS,2025-07-01,152,23138.49,69904.8,principal
SKU_1072_CER,2025-07-01,133,20246.18,61166.7,principal
SKU_1073_FRE,2025-07-01,91,9635.71,29110.9,principal
SKU_1073_BLU,2025-07-01,116,12282.88,37108.4,principal
SKU_1074_JAD,2025-07-01,137,9241.07,28071.3,principal
SKU_1074_PRI,2025-07-01,174,11736.84,35652.6,principal
SKU_1075_NAV,2025-07-01,101,9311.01,29279.9,principal
SKU_1075_LIG,2025-07-01,166,15303.24,48123.4,principal
SKU_1076_BLU,2025-07-01,0,0.0,0.0,principal
SKU_1076_POW,2025-07-01,140,9904.31,30086.0,principal
SKU_1077_NAV,2025-07-01,65,4752.03,14943.5,principal
SKU_1077_MAR,2025-07-01,84,6141.09,19311.6,principal
SKU_1078_GAR,2025-07-01,0,0.0,0.0,principal
SKU_1078_BLU,2025-07-01,161,15866.26,49893.9,principal
SKU_1079_BAB,2025-07-01,103,9321.2,28314.7,principal
SKU_1079_JAD,2025-07-01,153,13846.05,42059.7,principal
SKU_1080_TEA,2025-07-01,109,16460.98,51764.1,principal
SKU_1080_MAR,2025-07-01,72,10873.31,34192.8,principal
SKU_1081_EGR,2025-07-01,58,5096.24,16234.2,principal
SKU_1081_PAS,2025-07-01,125,10983.28,34987.5,principal
SKU_1082_PIN,2025-07-01,156,10068.58,32744.4,principal
SKU_1082_LIG,2025-07-01,172,11101.25,36102.8,principal
SKU_1083_OFF,2025-07-01,56,7579.52,25754.4,principal
SKU_1083_BAB,2025-07-01,133,18001.36,61166.7,principal
SKU_1084_DUS,2025-07-01,63,20392.93,62363.7,principal
SKU_1084_PAS,2025-07-01,81,26219.48,80181.9,principal
SKU_1085_COB,2025-07-01,114,18618.18,56988.6,principal
SKU_1085_CRE,2025-07-01,84,13718.66,41991.6,principal
SKU_1086_PRI,2025-07-01,177,15620.38,39807.3,principal
SKU_1086_CRE,2025-07-01,72,6354.05,16192.8,principal
SKU_1087_BIR,2025-07-01,84,12158.91,31491.6,principal
SKU_1087_SNO,2025-07-01,142,20554.34,53235.8,principal
SKU_1088_CER,2025-07-01,130,30594.86,92937.0,principal
SKU_1088_HON,2025-07-01,141,33183.66,100800.9,principal
SKU_1089_GAR,2025-07-01,180,17545.68,60282.0,principal
SKU_1089_EGR,2025-07-01,120,11697.12,40188.0,principal
SKU_1090_PAL,2025-07-01,175,7580.7,23607.5,principal
SKU_1090_WHI,2025-07-01,88,3812.01,11871.2,principal
SKU_1091_OFF,2025-07-01,65,5471.23,20468.5,principal
SKU_1091_MOS,2025-07-01,126,10605.77,39677.4,principal
SKU_1092_TUR,2025-07-01,142,15318.58,46845.8,principal
SKU_1092_MIN,2025-07-01,186,20065.18,61361.4,principal
SKU_1093_GAR,2025-07-01,0,0.0,0.0,principal
SKU_1093_TEA,2025-07-01,83,34459.14,96686.7,principal
SKU_1094_FOR,2025-07-01,80,7143.97,18792.0,principal
SKU_1094_DEE,2025-07-01,179,15984.63,42047.1,principal
SKU_1095_COB,2025-07-01,139,18527.74,56281.1,principal
SKU_1095_MAG,2025-07-01,0,0.0,0.0,principal
SKU_1096_HOT,2025-07-01,139,12807.89,38906.1,principal
SKU_1096_CLE,2025-07-01,53,4883.58,14834.7,principal
SKU_1097_AQU,2025-07-01,0,0.0,0.0,principal
SKU_1097_PAL,2025-07-01,126,8962.62,27077.4,principal
SKU_1098_HON,2025-07-01,0,0.0,0.0,principal
SKU_1098_HUN,2025-07-01,161,18380.07,55528.9,principal
SKU_1099_SAL,2025-07-01,61,4564.04,15243.9,principal
SKU_1099_PRI,2025-07-01,84,6284.91,20991.6,principal
SKU_1100_PEA,2025-07-01,78,3940.29,14422.2,principal
SKU_1100_COB,2025-07-01,0,0.0,0.0,principal
SKU_1101_CLE,2025-07-01,0,0.0,0.0,principal
SKU_1101_DEE,2025-07-01,120,13308.33,49788.0,principal
SKU_1102_FLA,2025-07-01,189,54443.4,183311.1,principal
SKU_1102_OFF,2025-07-01,136,39176.2,131906.4,principal
SKU_1103_EGR,2025-07-01,73,3607.22,9482.7,principal
SKU_1103_LIG,2025-07-01,51,2520.11,6624.9,principal
SKU_1104_POW,2025-07-01,73,4346.92,13132.7,principal
SKU_1104_MEX,2025-07-01,118,7026.53,21228.2,principal
SKU_1105_ARM,2025-07-01,0,0.0,0.0,principal
SKU_1105_SER,2025-07-01,172,11601.93,35242.8,principal
SKU_1106_MYS,2025-07-01,118,29264.97,92028.2,principal
SKU_1106_SNO,2025-07-01,78,19344.64,60832.2,principal
SKU_1107_BAL,2025-07-01,148,48473.12,147245.2,principal
SKU_1107_PAS,2025-07-01,52,17031.1,51734.8,principal
SKU_1108_PRI,2025-07-01,115,9512.44,28738.5,principal
SKU_1108_SNO,2025-07-01,97,8023.54,24240.3,principal
SKU_1109_SAG,2025-07-01,0,0.0,0.0,principal
SKU_1109_CER,2025-07-01,187,11790.36,42991.3,principal
SKU_1110_FLA,2025-07-01,157,9913.86,36094.3,principal
SKU_1110_HUN,2025-07-01,0,0.0,0.0,principal
SKU_1111_CRE,2025-07-01,46,2580.89,9655.4,principal
SKU_1111_BLU,2025-07-01,83,4656.82,17421.7,principal
SKU_1112_MIN,2025-07-01,110,8980.98,30239.0,principal
SKU_1112_EGR,2025-07-01,89,7266.43,24466.1,principal
SKU_1113_VAN,2025-07-01,0,0.0,0.0,principal
SKU_1113_OLI,2025-07-01,0,0.0,0.0,principal
SKU_1114_GAR,2025-07-01,91,12045.39,36390.9,principal
SKU_1114_PRI,2025-07-01,131,17340.06,52386.9,principal
SKU_1115_LIM,2025-07-01,135,9602.81,29011.5,principal
SKU_1115_TEA,2025-07-01,0,0.0,0.0,principal
SKU_1116_MOS,2025-07-01,92,7265.71,22070.8,principal
SKU_1116_SNO,2025-07-01,106,8371.36,25429.4,principal
SKU_1117_MOS,2025-07-01,113,8224.92,24848.7,principal
SKU_1117_MIN,2025-07-01,159,11573.12,34964.1,principal
SKU_1118_FUC,2025-07-01,111,10834.92,32733.9,principal
SKU_1118_DUS,2025-07-01,76,7418.5,22412.4,principal
SKU_1119_PAS,2025-07-01,63,2901.47,8813.7,principal
SKU_1119_LIG,2025-07-01,0,0.0,0.0,principal
SKU_1120_AQU,2025-07-01,76,5797.9,18232.4,principal
SKU_1120_SAL,2025-07-01,141,10756.64,33825.9,principal
SKU_1121_MYS,2025-07-01,126,10365.65,31487.4,principal
SKU_1121_MIN,2025-07-01,158,12998.2,39484.2,principal
SKU_1122_ROY,2025-07-01,93,13079.7,39515.7,principal
SKU_1122_PIS,2025-07-01,178,25034.26,75632.2,principal
SKU_1123_BAB,2025-07-01,72,10245.38,30952.8,principal
SKU_1123_SER,2025-07-01,0,0.0,0.0,principal
SKU_1124_BLU,2025-07-01,172,21510.85,65342.8,principal
SKU_1124_FOR,2025-07-01,137,17133.64,52046.3,principal
SKU_1125_MIN,2025-07-01,151,7948.5,24144.9,principal
SKU_1125_SAP,2025-07-01,86,4526.96,13751.4,principal
SKU_1126_WHI,2025-07-01,145,32871.78,99310.5,principal
SKU_1126_WHI,2025-07-01,145,32871.78,99310.5,principal
SKU_1127_SAL,2025-07-01,158,10397.52,31584.2,principal
SKU_1127_BLU,2025-07-01,68,4474.88,13593.2,principal
SKU_1128_PRI,2025-07-01,141,19026.41,57795.9,principal
SKU_1128_TEA,2025-07-01,0,0.0,0.0,principal
SKU_1129_VAN,2025-07-01,123,15670.43,47342.7,principal
SKU_1129_SAG,2025-07-01,78,9937.35,30022.2,principal
SKU_1130_CRE,2025-07-01,50,3701.48,12495.0,principal
SKU_1130_MEX,2025-07-01,123,9105.63,30737.7,principal
SKU_1131_CLO,2025-07-01,147,39847.97,130080.3,principal
SKU_1131_JAD,2025-07-01,63,17077.7,55748.7,principal
SKU_1132_NAV,2025-07-01,0,0.0,0.0,principal
SKU_1132_CLE,2025-07-01,181,9316.63,31656.9,principal
SKU_1133_MOS,2025-07-01,78,21078.74,70972.2,principal
SKU_1133_PEA,2025-07-01,158,42697.97,143764.2,principal
SKU_1134_DUS,2025-07-01,68,6001.05,15293.2,principal
SKU_1134_PIN,2025-07-01,163,14384.87,36658.7,principal
SKU_1135_ROS,2025-07-01,118,8070.11,21228.2,principal
SKU_1135_MAR,2025-07-01,82,5608.04,14751.8,principal
SKU_1136_SNO,2025-07-01,113,9296.18,28238.7,principal
SKU_1136_FUC,2025-07-01,60,4936.02,14994.0,principal
SKU_1137_DEE,2025-07-01,71,9141.83,28747.9,principal
SKU_1137_PAL,2025-07-01,149,19184.97,60330.1,principal
SKU_1138_PEA,2025-07-01,155,11085.32,34859.5,principal
SKU_1138_HON,2025-07-01,124,8868.26,27887.6,principal
SKU_1139_PRI,2025-07-01,111,10651.22,32178.9,principal
SKU_1139_EGR,2025-07-01,140,13433.97,40586.0,principal
SKU_1140_SNO,2025-07-01,149,8905.58,29785.1,principal
SKU_1140_ROS,2025-07-01,0,0.0,0.0,principal
SKU_1141_SKY,2025-07-01,73,8060.79,26637.7,principal
SKU_1141_CLE,2025-07-01,183,20207.18,66776.7,principal
SKU_1142_MIN,2025-07-01,86,7813.55,29231.4,principal
SKU_1142_PAS,2025-07-01,77,6995.86,26172.3,principal
SKU_1143_IVO,2025-07-01,131,8348.93,25531.9,principal
SKU_1143_SNO,2025-07-01,58,3696.47,11304.2,principal
SKU_1144_SEA,2025-07-01,147,18447.61,48495.3,principal
SKU_1144_BUB,2025-07-01,178,22337.92,58722.2,principal
SKU_1145_MOS,2025-07-01,115,17125.44,51738.5,principal
SKU_1145_LIG,2025-07-01,0,0.0,0.0,principal
SKU_1146_FRE,2025-07-01,61,9436.16,28663.9,principal
SKU_1146_CER,2025-07-01,134,20728.6,62966.6,principal
SKU_1147_COR,2025-07-01,182,21078.68,63681.8,principal
SKU_1147_MEX,2025-07-01,0,0.0,0.0,principal
SKU_1148_TEA,2025-07-01,88,12667.77,38271.2,principal
SKU_1148_SPA,2025-07-01,160,23032.3,69584.0,principal
SKU_1149_IVO,2025-07-01,108,5491.61,17269.2,principal
SKU_1149_OLI,2025-07-01,127,6457.72,20307.3,principal
SKU_1150_SAG,2025-07-01,135,26870.12,85711.5,principal
SKU_1150_VAN,2025-07-01,171,34035.48,108567.9,principal
SKU_1151_CRE,2025-07-01,128,31653.16,103667.2,principal
SKU_1151_JAD,2025-07-01,131,32395.03,106096.9,principal
SKU_1152_CLO,2025-07-01,176,47745.77,178622.4,principal
SKU_1152_WHI,2025-07-01,108,29298.54,109609.2,principal
SKU_1153_PEA,2025-07-01,167,18594.67,62608.3,principal
SKU_1153_MOS,2025-07-01,68,7571.48,25493.2,principal
SKU_1154_VAN,2025-07-01,93,19520.21,49745.7,principal
SKU_1154_PEA,2025-07-01,116,24347.79,62048.4,principal
SKU_1155_ARM,2025-07-01,146,43009.55,113135.4,principal
SKU_1155_BAB,2025-07-01,99,29164.01,76715.1,principal
SKU_1156_FLA,2025-07-01,162,14676.91,46153.8,principal
SKU_1156_EGR,2025-07-01,91,8244.44,25925.9,principal
SKU_1157_DEE,2025-07-01,128,8001.93,24307.2,principal
SKU_1157_PAS,2025-07-01,106,6626.6,20129.4,principal
SKU_1158_AQU,2025-07-01,168,36857.22,115903.2,principal
SKU_1158_MYS,2025-07-01,96,21061.27,66230.4,principal
SKU_1159_PAS,2025-07-01,95,5656.96,17090.5,principal
SKU_1159_PRI,2025-07-01,103,6133.33,18529.7,principal
SKU_1160_DUS,2025-07-01,157,10648.04,32169.3,principal
SKU_1160_LIM,2025-07-01,57,3865.85,11679.3,principal
SKU_1161_MEX,2025-07-01,87,12235.85,36966.3,principal
SKU_1161_DUS,2025-07-01,0,0.0,0.0,principal
SKU_1162_HOT,2025-07-01,169,40838.55,128423.1,principal
SKU_1162_BUB,2025-07-01,163,39388.66,123863.7,principal
SKU_1163_HUN,2025-07-01,140,11517.39,34986.0,principal
SKU_1163_SPA,2025-07-01,141,11599.66,35235.9,principal
SKU_1164_BRI,2025-07-01,166,10552.32,33183.4,principal
SKU_1164_MIN,2025-07-01,81,5149.02,16191.9,principal
SKU_1165_HUN,2025-07-01,0,0.0,0.0,principal
SKU_1165_MAR,2025-07-01,169,18266.91,57443.1,principal
SKU_1166_PIS,2025-07-01,85,16350.45,51416.5,principal
SKU_1166_FRE,2025-07-01,145,27891.94,87710.5,principal
SKU_1167_WHI,2025-07-01,105,24872.21,78214.5,principal
SKU_1167_JAD,2025-07-01,85,20134.65,63316.5,principal
SKU_1168_GAR,2025-07-01,140,35213.77,106386.0,principal
SKU_1168_BLU,2025-07-01,0,0.0,0.0,principal
SKU_1169_BUB,2025-07-01,124,7882.46,24787.6,principal
SKU_1169_MEX,2025-07-01,132,8391.0,26386.8,principal
SKU_1170_GAR,2025-07-01,110,32406.12,98439.0,principal
SKU_1170_OFF,2025-07-01,65,19149.07,58168.5,principal
SKU_1171_MIN,2025-07-01,68,3849.39,12573.2,principal
SKU_1171_EME,2025-07-01,128,7245.92,23667.2,principal
SKU_1172_ARM,2025-07-01,51,5632.31,18354.9,principal
SKU_1172_PIN,2025-07-01,53,5853.19,19074.7,principal
SKU_1173_GAR,2025-07-01,57,4946.98,16809.3,principal
SKU_1173_AQU,2025-07-01,61,5294.13,17988.9,principal
SKU_1174_PEA,2025-07-01,92,6121.52,19310.8,principal
SKU_1174_BLU,2025-07-01,79,5256.53,16582.1,principal
SKU_1175_FUC,2025-07-01,58,5114.23,15654.2,principal
SKU_1175_CLE,2025-07-01,77,6789.58,20782.3,principal
SKU_1176_GAR,2025-07-01,183,22617.33,59456.7,principal
SKU_1176_NAV,2025-07-01,165,20392.67,53608.5,principal
SKU_1177_MIN,2025-07-01,157,12399.09,37664.3,principal
SKU_1177_PEA,2025-07-01,97,7660.58,23270.3,principal
SKU_1178_RAS,2025-07-01,159,16174.78,50864.1,principal
SKU_1178_MID,2025-07-01,118,12003.93,37748.2,principal
SKU_1179_TUR,2025-07-01,123,13294.85,41807.7,principal
SKU_1179_VAN,2025-07-01,157,16969.85,53364.3,principal
SKU_1180_ROY,2025-07-01,147,22440.86,77895.3,principal
SKU_1180_AQU,2025-07-01,92,14044.62,48750.8,principal
SKU_1181_AQU,2025-07-01,169,15170.5,48993.1,principal
SKU_1181_SER,2025-07-01,116,10412.89,33628.4,principal
SKU_1182_BIR,2025-07-01,106,26870.94,89029.4,principal
SKU_1182_PIN,2025-07-01,112,28391.94,94068.8,principal
SKU_1183_POW,2025-07-01,107,23194.14,69539.3,principal
SKU_1183_MOS,2025-07-01,162,35116.36,105283.8,principal
SKU_1184_HOT,2025-07-01,128,15249.11,43507.2,principal
SKU_1184_BAB,2025-07-01,0,0.0,0.0,principal
SKU_1185_BAL,2025-07-01,76,28479.29,75232.4,principal
SKU_1185_MAG,2025-07-01,122,45716.75,120767.8,principal
SKU_1186_FLA,2025-07-01,0,0.0,0.0,principal
SKU_1186_MEX,2025-07-01,151,23606.9,71709.9,principal
SKU_1187_JAD,2025-07-01,79,8103.58,24482.1,principal
SKU_1187_OLI,2025-07-01,108,11078.31,33469.2,principal
SKU_1188_TEA,2025-07-01,57,4526.19,13674.3,principal
SKU_1188_BAB,2025-07-01,63,5002.63,15113.7,principal
SKU_1189_FUC,2025-07-01,0,0.0,0.0,principal
SKU_1189_ROY,2025-07-01,176,13684.33,41342.4,principal
SKU_1190_TEA,2025-07-01,87,14669.37,50451.3,principal
SKU_1190_MAG,2025-07-01,120,20233.62,69588.0,principal
SKU_1191_MIN,2025-07-01,52,2993.03,9614.8,principal
SKU_1191_MYS,2025-07-01,118,6791.87,21818.2,principal
SKU_1192_MAR,2025-07-01,79,5087.08,18557.1,principal
SKU_1192_RAS,2025-07-01,0,0.0,0.0,principal
SKU_1193_CLE,2025-07-01,108,15185.9,48049.2,principal
SKU_1193_ROS,2025-07-01,66,9280.27,29363.4,principal
SKU_1194_FLA,2025-07-01,105,8097.66,23089.5,principal
SKU_1194_SAG,2025-07-01,90,6940.85,19791.0,principal
SKU_1195_HUN,2025-07-01,114,18264.54,53568.6,principal
SKU_1195_SAL,2025-07-01,0,0.0,0.0,principal
SKU_1196_PEA,2025-07-01,0,0.0,0.0,principal
SKU_1196_RAS,2025-07-01,0,0.0,0.0,principal
SKU_1197_ROS,2025-07-01,95,24859.7,75515.5,principal
SKU_1197_COR,2025-07-01,57,14915.82,45309.3,principal
SKU_1198_SEA,2025-07-01,126,13418.77,42197.4,principal
SKU_1198_SAL,2025-07-01,64,6815.88,21433.6,principal
SKU_1199_PAL,2025-07-01,133,7652.83,27916.7,principal
SKU_1199_TEA,2025-07-01,114,6559.57,23928.6,principal
SKU_1200_MID,2025-07-01,176,9375.52,31662.4,principal
SKU_1200_PAS,2025-07-01,134,7138.18,24106.6,principal
SKU_1201_BIR,2025-07-01,0,0.0,0.0,principal
SKU_1201_SAG,2025-07-01,153,23631.83,74189.7,principal
SKU_1202_LIG,2025-07-01,160,47448.82,130384.0,principal
SKU_1202_CLE,2025-07-01,152,45076.38,123864.8,principal
SKU_1203_OFF,2025-07-01,0,0.0,0.0,principal
SKU_1203_FLA,2025-07-01,101,27889.34,76749.9,principal
SKU_1204_AQU,2025-07-01,44,5939.67,15395.6,principal
SKU_1204_MIN,2025-07-01,138,18628.96,48286.2,principal
SKU_1205_RAS,2025-07-01,109,28679.2,86644.1,principal
SKU_1205_COR,2025-07-01,82,21575.18,65181.8,principal
SKU_1206_HUN,2025-07-01,133,18265.14,55181.7,principal
SKU_1206_BLA,2025-07-01,53,7278.59,21989.7,principal
SKU_1207_POW,2025-07-01,113,37939.87,115248.7,principal
SKU_1207_BLA,2025-07-01,67,22495.32,68333.3,principal
SKU_1208_PAS,2025-07-01,84,20587.27,54171.6,principal
SKU_1208_MOS,2025-07-01,84,20587.27,54171.6,principal
SKU_1209_BLA,2025-07-01,117,12628.14,32748.3,principal
SKU_1209_DUS,2025-07-01,94,10145.68,26310.6,principal
SKU_1210_SHO,2025-07-01,112,8977.25,22948.8,principal
SKU_1210_WHI,2025-07-01,146,11702.49,29915.4,principal
SKU_1211_GAR,2025-07-01,169,17797.57,54063.1,principal
SKU_1211_CRE,2025-07-01,179,18850.68,57262.1,principal
SKU_1212_COB,2025-07-01,179,12517.15,39362.1,principal
SKU_1212_SNO,2025-07-01,97,6783.04,21330.3,principal
SKU_1213_MAG,2025-07-01,95,27361.62,83115.5,principal
SKU_1213_POW,2025-07-01,81,23329.38,70866.9,principal
SKU_1214_BLA,2025-07-01,113,10624.55,33888.7,principal
SKU_1214_RAS,2025-07-01,119,11188.68,35688.1,principal
SKU_1215_MAG,2025-07-01,130,8971.46,28587.0,principal
SKU_1215_BRI,2025-07-01,63,4347.71,13853.7,principal
SKU_1216_WHI,2025-07-01,170,25896.83,96883.0,principal
SKU_1216_CRE,2025-07-01,171,26049.16,97452.9,principal
SKU_1217_ROS,2025-07-01,106,27550.28,86909.4,principal
SKU_1217_RAS,2025-07-01,95,24691.29,77890.5,principal
SKU_1218_BLU,2025-07-01,103,26469.22,67454.7,principal
SKU_1218_SNO,2025-07-01,50,12849.14,32745.0,principal
SKU_1219_MAR,2025-07-01,129,19366.15,50942.1,principal
SKU_1219_LIM,2025-07-01,0,0.0,0.0,principal
SKU_1220_TUR,2025-07-01,87,8780.21,26526.3,principal
SKU_1220_HOT,2025-07-01,56,5651.63,17074.4,principal
SKU_1221_SAG,2025-07-01,121,28277.48,88922.9,principal
SKU_1221_PAL,2025-07-01,0,0.0,0.0,principal
SKU_1222_PAS,2025-07-01,101,28092.25,85334.9,principal
SKU_1222_HON,2025-07-01,115,31986.22,97163.5,principal
SKU_1223_TEA,2025-07-01,176,8395.39,25502.4,principal
SKU_1223_BLA,2025-07-01,87,4149.99,12606.3,principal
SKU_1224_OLI,2025-07-01,0,0.0,0.0,principal
SKU_1224_ARM,2025-07-01,61,8276.01,25308.9,principal
SKU_1225_POW,2025-07-01,112,7291.4,24068.8,principal
SKU_1225_IVO,2025-07-01,171,11132.41,36747.9,principal
SKU_1226_PAL,2025-07-01,166,22964.77,80493.4,principal
SKU_1226_LIG,2025-07-01,135,18676.17,65461.5,principal
SKU_1227_CLO,2025-07-01,117,13896.13,46788.3,principal
SKU_1227_PAS,2025-07-01,137,16271.53,54786.3,principal
SKU_1228_WHI,2025-07-01,173,19679.92,50152.7,principal
SKU_1228_SPA,2025-07-01,83,9441.81,24061.7,principal
SKU_1229_SAL,2025-07-01,79,22363.25,67932.1,principal
SKU_1229_CLO,2025-07-01,143,40480.31,122965.7,principal
SKU_1230_ROS,2025-07-01,118,15534.36,47188.2,principal
SKU_1230_NAV,2025-07-01,134,17640.71,53586.6,principal
SKU_1231_LIG,2025-07-01,134,21285.48,64306.6,principal
SKU_1231_BIR,2025-07-01,0,0.0,0.0,principal
SKU_1232_AQU,2025-07-01,54,6343.48,19164.6,principal
SKU_1232_FOR,2025-07-01,0,0.0,0.0,principal
SKU_1233_JAD,2025-07-01,93,7344.68,22310.7,principal
SKU_1233_SEA,2025-07-01,140,11056.51,33586.0,principal
SKU_1234_MOS,2025-07-01,62,4120.94,12703.8,principal
SKU_1234_SAL,2025-07-01,0,0.0,0.0,principal
SKU_1235_HUN,2025-07-01,0,0.0,0.0,principal
SKU_1235_COR,2025-07-01,143,19383.94,67195.7,principal
SKU_1236_DEE,2025-07-01,100,17666.9,56990.0,principal
SKU_1236_LIM,2025-07-01,185,32683.76,105431.5,principal
SKU_1237_BAB,2025-07-01,100,28527.15,99990.0,principal
SKU_1237_GAR,2025-07-01,171,48781.42,170982.9,principal
SKU_1238_SAP,2025-07-01,134,19535.63,61626.6,principal
SKU_1238_TUR,2025-07-01,0,0.0,0.0,principal
SKU_1239_BAB,2025-07-01,56,6601.61,17354.4,principal
SKU_1239_MID,2025-07-01,58,6837.39,17974.2,principal
SKU_1240_PAL,2025-07-01,192,63200.08,191980.8,principal
SKU_1240_MOS,2025-07-01,0,0.0,0.0,principal
SKU_1241_BAL,2025-07-01,66,7819.62,23753.4,principal
SKU_1241_FLA,2025-07-01,69,8175.06,24833.1,principal
SKU_1242_AQU,2025-07-01,167,16723.08,52588.3,principal
SKU_1242_SKY,2025-07-01,167,16723.08,52588.3,principal
SKU_1243_SNO,2025-07-01,87,7052.39,21306.3,principal
SKU_1243_PIN,2025-07-01,178,14429.02,43592.2,principal
SKU_1244_COB,2025-07-01,178,16409.5,51602.2,principal
SKU_1244_GAR,2025-07-01,85,7836.0,24641.5,principal
SKU_1245_COB,2025-07-01,87,5383.61,18261.3,principal
SKU_1245_SNO,2025-07-01,0,0.0,0.0,principal
SKU_1246_PAL,2025-07-01,116,9550.3,34208.4,principal
SKU_1246_COR,2025-07-01,78,6421.75,23002.2,principal
SKU_1247_SAP,2025-07-01,56,2874.23,10074.4,principal
SKU_1247_SKY,2025-07-01,124,6364.36,22307.6,principal
SKU_1248_AQU,2025-07-01,58,3222.32,9854.2,principal
SKU_1248_SAG,2025-07-01,86,4777.93,14611.4,principal
SKU_1249_WHI,2025-07-01,97,9958.99,26180.3,principal
SKU_1249_ARM,2025-07-01,154,15811.17,41564.6,principal
SKU_1250_AQU,2025-07-01,83,7101.4,21571.7,principal
SKU_1250_BAB,2025-07-01,105,8983.7,27289.5,principal
SKU_1251_SHO,2025-07-01,67,20289.68,61633.3,principal
SKU_1251_COB,2025-07-01,0,0.0,0.0,principal
SKU_1252_NAV,2025-07-01,108,7723.97,24289.2,principal
SKU_1252_FLA,2025-07-01,74,5292.35,16642.6,principal
SKU_1253_SEA,2025-07-01,181,21444.71,65141.9,principal
SKU_1253_FRE,2025-07-01,114,13506.62,41028.6,principal
SKU_1254_SEA,2025-07-01,0,0.0,0.0,principal
SKU_1254_BAB,2025-07-01,45,2828.56,8545.5,principal
SKU_1255_VAN,2025-07-01,42,6261.4,20155.8,principal
SKU_1255_SHO,2025-07-01,178,26536.41,85422.2,principal
SKU_1256_SEA,2025-07-01,157,31051.08,102034.3,principal
SKU_1256_MID,2025-07-01,176,34808.85,114382.4,principal
SKU_1257_SPA,2025-07-01,86,5027.39,17621.4,principal
SKU_1257_EME,2025-07-01,85,4968.93,17416.5,principal
SKU_1258_AQU,2025-07-01,93,7316.8,24635.7,principal
SKU_1258_LIG,2025-07-01,0,0.0,0.0,principal
SKU_1259_ARM,2025-07-01,75,9620.13,26992.5,principal
SKU_1259_POW,2025-07-01,0,0.0,0.0,principal
SKU_1260_WHI,2025-07-01,154,17326.06,52344.6,principal
SKU_1260_ROY,2025-07-01,174,19576.2,59142.6,principal
SKU_1261_PAS,2025-07-01,283,46106.67,140056.7,principal
SKU_1261_PAS,2025-07-01,283,46106.67,140056.7,principal
SKU_1262_BLU,2025-07-01,165,15013.66,45358.5,principal
SKU_1262_OFF,2025-07-01,0,0.0,0.0,principal
SKU_1263_COB,2025-07-01,0,0.0,0.0,principal
SKU_1263_SKY,2025-07-01,145,8826.02,26810.5,principal
SKU_1264_EGR,2025-07-01,190,37152.26,116831.0,principal
SKU_1264_BRI,2025-07-01,128,25028.89,78707.2,principal
SKU_1265_CRE,2025-07-01,113,8224.92,24848.7,principal
SKU_1265_JAD,2025-07-01,113,8224.92,24848.7,principal
SKU_1266_MEX,2025-07-01,109,10761.25,32689.1,principal
SKU_1266_SPA,2025-07-01,177,17474.69,53082.3,principal
SKU_1267_SKY,2025-07-01,137,15186.71,45881.3,principal
SKU_1267_SAP,2025-07-01,0,0.0,0.0,principal
SKU_1268_MYS,2025-07-01,85,9052.35,28466.5,principal
SKU_1268_MAR,2025-07-01,105,11182.31,35164.5,principal
SKU_1269_BAB,2025-07-01,111,37999.19,115428.9,principal
SKU_1269_CER,2025-07-01,58,19855.43,60314.2,principal
SKU_1270_CRE,2025-07-01,187,11690.32,35511.3,principal
SKU_1270_TUR,2025-07-01,129,8064.45,24497.1,principal
SKU_1271_OLI,2025-07-01,89,26073.0,79201.1,principal
SKU_1271_FLA,2025-07-01,50,14647.75,44495.0,principal
SKU_1272_PAS,2025-07-01,0,0.0,0.0,principal
SKU_1272_TEA,2025-07-01,109,13706.41,41409.1,principal
SKU_1273_PAS,2025-07-01,130,31620.97,99437.0,principal
SKU_1273_EGR,2025-07-01,0,0.0,0.0,principal
SKU_1274_MEX,2025-07-01,120,10108.58,31788.0,principal
SKU_1274_BAL,2025-07-01,177,14910.16,46887.3,principal
SKU_1275_MIN,2025-07-01,161,9799.92,29768.9,principal
SKU_1275_BIR,2025-07-01,113,6878.21,20893.7,principal
SKU_1276_WHI,2025-07-01,0,0.0,0.0,principal
SKU_1276_LIG,2025-07-01,184,9271.2,32181.6,principal
SKU_1277_MYS,2025-07-01,121,8662.94,32052.9,principal
SKU_1277_BAB,2025-07-01,230,16466.74,60927.0,principal
SKU_1278_BAB,2025-07-01,93,27326.23,95780.7,principal
SKU_1278_MOS,2025-07-01,215,63173.55,221428.5,principal
SKU_1279_FUC,2025-07-01,247,33371.01,112360.3,principal
SKU_1279_IVO,2025-07-01,183,24724.27,83246.7,principal
SKU_1280_LIM,2025-07-01,234,41690.46,116976.6,principal
SKU_1280_PRI,2025-07-01,0,0.0,0.0,principal
SKU_1281_PIS,2025-07-01,93,18734.55,49280.7,principal
SKU_1281_CER,2025-07-01,0,0.0,0.0,principal
SKU_1282_PIN,2025-07-01,174,12376.95,37392.6,principal
SKU_1282_BAL,2025-07-01,91,6473.0,19555.9,principal
SKU_1283_SNO,2025-07-01,280,16908.7,53172.0,principal
SKU_1283_BAB,2025-07-01,177,10688.71,33612.3,principal
SKU_1284_COR,2025-07-01,0,0.0,0.0,principal
SKU_1284_HOT,2025-07-01,212,49544.2,150498.8,principal
SKU_1285_WHI,2025-07-01,158,46017.01,139024.2,principal
SKU_1285_CLO,2025-07-01,251,73102.97,220854.9,principal
SKU_1286_MAR,2025-07-01,79,5820.38,19347.1,principal
SKU_1286_HOT,2025-07-01,187,13777.36,45796.3,principal
SKU_1287_NAV,2025-07-01,136,15231.77,51666.4,principal
SKU_1287_CER,2025-07-01,112,12543.81,42548.8,principal
SKU_1288_SAG,2025-07-01,73,5153.99,17512.7,principal
SKU_1288_BAB,2025-07-01,265,18709.68,63573.5,principal
SKU_1289_AQU,2025-07-01,463,155927.89,476843.7,principal
SKU_1289_AQU,2025-07-01,463,155927.89,476843.7,principal
SKU_1290_BIR,2025-07-01,240,46095.35,121176.0,principal
SKU_1290_PIN,2025-07-01,0,0.0,0.0,principal
SKU_1291_SAL,2025-07-01,68,5370.31,16313.2,principal
SKU_1291_SPA,2025-07-01,136,10740.61,32626.4,principal
SKU_1292_TEA,2025-07-01,238,24413.3,73756.2,principal
SKU_1292_FLA,2025-07-01,190,19489.61,58881.0,principal
SKU_1293_TEA,2025-07-01,202,20275.36,61589.8,principal
SKU_1293_OFF,2025-07-01,87,8732.46,26526.3,principal
SKU_1294_SEA,2025-07-01,67,4433.18,13393.3,principal
SKU_1294_COR,2025-07-01,0,0.0,0.0,principal
SKU_1295_PIS,2025-07-01,257,43562.81,132329.3,principal
SKU_1295_FLA,2025-07-01,0,0.0,0.0,principal
SKU_1296_DEE,2025-07-01,223,40460.92,144927.7,principal
SKU_1296_PEA,2025-07-01,0,0.0,0.0,principal
SKU_1297_WHI,2025-07-01,0,0.0,0.0,principal
SKU_1297_MIN,2025-07-01,227,14724.65,52187.3,principal
SKU_1298_OFF,2025-07-01,0,0.0,0.0,principal
SKU_1298_IVO,2025-07-01,0,0.0,0.0,principal
SKU_1299_BRI,2025-07-01,0,0.0,0.0,principal
SKU_1299_HOT,2025-07-01,90,5877.93,19791.0,principal
SKU_1300_BIR,2025-07-01,0,0.0,0.0,principal
SKU_1300_TEA,2025-07-01,172,70489.79,197782.8,principal
SKU_1301_AQU,2025-07-01,224,40181.36,122057.6,principal
SKU_1301_GAR,2025-07-01,265,47535.99,144398.5,principal
SKU_1302_EME,2025-07-01,133,18384.73,55846.7,principal
SKU_1302_DUS,2025-07-01,181,25019.83,76001.9,principal
SKU_1303_BIR,2025-07-01,136,7423.14,22426.4,principal
SKU_1303_SAP,2025-07-01,170,9278.92,28033.0,principal
SKU_1304_TUR,2025-07-01,236,37141.26,116796.4,principal
SKU_1304_GAR,2025-07-01,253,39816.68,125209.7,principal
SKU_1305_MAR,2025-07-01,158,18199.56,55284.2,principal
SKU_1305_OFF,2025-07-01,120,13822.45,41988.0,principal
SKU_1306_FRE,2025-07-01,130,35548.27,111787.0,principal
SKU_1306_SPA,2025-07-01,85,23243.1,73091.5,principal
SKU_1307_MAG,2025-07-01,187,13611.15,41121.3,principal
SKU_1307_FOR,2025-07-01,282,20525.91,62011.8,principal
SKU_1308_PAS,2025-07-01,161,22376.89,67603.9,principal
SKU_1308_CER,2025-07-01,230,31966.99,96577.0,principal
SKU_1309_OLI,2025-07-01,0,0.0,0.0,principal
SKU_1309_LIG,2025-07-01,209,25106.14,76264.1,principal
SKU_1310_MOS,2025-07-01,137,10878.75,32866.3,principal
SKU_1310_EGR,2025-07-01,229,18184.18,54937.1,principal
SKU_1311_BAB,2025-07-01,231,66912.17,203256.9,principal
SKU_1311_NAV,2025-07-01,268,77629.71,235813.2,principal
SKU_1312_HOT,2025-07-01,251,20761.94,62724.9,principal
SKU_1312_NAV,2025-07-01,0,0.0,0.0,principal
SKU_1313_SPA,2025-07-01,131,40317.75,122471.9,principal
SKU_1313_SHO,2025-07-01,0,0.0,0.0,principal
SKU_1314_BLU,2025-07-01,130,12406.56,37687.0,principal
SKU_1314_SNO,2025-07-01,0,0.0,0.0,principal
SKU_1315_WHI,2025-07-01,214,24430.65,73808.6,principal
SKU_1315_BLA,2025-07-01,170,19407.52,58633.0,principal
SKU_1316_DEN,2025-07-01,80,13560.41,41192.0,principal
SKU_1316_AQU,2025-07-01,85,14407.93,43766.5,principal
SKU_1317_BLU,2025-07-01,0,0.0,0.0,principal
SKU_1317_ROS,2025-07-01,231,15107.02,49641.9,principal
SKU_1318_PAS,2025-07-01,262,19936.6,62853.8,principal
SKU_1318_MYS,2025-07-01,0,0.0,0.0,principal
SKU_1319_MAR,2025-07-01,100,5417.85,18990.0,principal
SKU_1319_ROS,2025-07-01,264,14303.12,50133.6,principal
SKU_1320_PIS,2025-07-01,0,0.0,0.0,principal
SKU_1320_FOR,2025-07-01,184,8191.74,27581.6,principal
SKU_1321_FLA,2025-07-01,169,9112.32,25333.1,principal
SKU_1321_SER,2025-07-01,216,11646.51,32378.4,principal
SKU_1322_MOS,2025-07-01,0,0.0,0.0,principal
SKU_1322_IVO,2025-07-01,165,20706.5,54433.5,principal
SKU_1323_AQU,2025-07-01,179,20035.54,51892.1,principal
SKU_1323_FRE,2025-07-01,148,16565.7,42905.2,principal
SKU_1324_MID,2025-07-01,157,17143.91,51794.3,principal
SKU_1324_SNO,2025-07-01,280,30575.13,92372.0,principal
SKU_1325_LIG,2025-07-01,262,24409.74,78573.8,principal
SKU_1325_PEA,2025-07-01,105,9782.53,31489.5,principal
SKU_1326_PAS,2025-07-01,165,24297.26,83308.5,principal
SKU_1326_BAB,2025-07-01,239,35194.21,120671.1,principal
SKU_1327_GAR,2025-07-01,241,17870.02,62635.9,principal
SKU_1327_HON,2025-07-01,210,15571.39,54579.0,principal
SKU_1328_EGR,2025-07-01,195,15341.68,51655.5,principal
SKU_1328_LIG,2025-07-01,0,0.0,0.0,principal
SKU_1329_NAV,2025-07-01,92,9013.64,25290.8,principal
SKU_1329_MIN,2025-07-01,128,12540.72,35187.2,principal
SKU_1330_PRI,2025-07-01,174,17848.38,53922.6,principal
SKU_1330_LIM,2025-07-01,276,28311.22,85532.4,principal
SKU_1331_ARM,2025-07-01,210,18691.72,58779.0,principal
SKU_1331_AQU,2025-07-01,235,20916.93,65776.5,principal
SKU_1332_MOS,2025-07-01,156,8514.78,25724.4,principal
SKU_1332_MOS,2025-07-01,156,8514.78,25724.4,principal
SKU_1333_PIS,2025-07-01,217,13639.95,41208.3,principal
SKU_1333_MOS,2025-07-01,147,9239.96,27915.3,principal
SKU_1334_TEA,2025-07-01,81,12330.38,37251.9,principal
SKU_1334_ROY,2025-07-01,0,0.0,0.0,principal
SKU_1335_CRE,2025-07-01,115,13080.39,43688.5,principal
SKU_1335_BRI,2025-07-01,0,0.0,0.0,principal
SKU_1336_LIM,2025-07-01,161,15391.0,56333.9,principal
SKU_1336_PIN,2025-07-01,204,19501.64,71379.6,principal
SKU_1337_DUS,2025-07-01,98,5332.77,18120.2,principal
SKU_1337_MAG,2025-07-01,239,13005.44,44191.1,principal
SKU_1338_OLI,2025-07-01,104,6968.24,21309.6,principal
SKU_1338_PAS,2025-07-01,174,11658.4,35652.6,principal
SKU_1339_JAD,2025-07-01,178,19659.81,55162.2,principal
SKU_1339_EME,2025-07-01,203,22421.02,62909.7,principal
SKU_1340_SNO,2025-07-01,0,0.0,0.0,principal
SKU_1340_POW,2025-07-01,253,95355.97,289659.7,principal
SKU_1341_HOT,2025-07-01,225,12871.84,40477.5,principal
SKU_1341_PEA,2025-07-01,97,5549.2,17450.3,principal
SKU_1342_CRE,2025-07-01,197,21919.84,68930.3,principal
SKU_1342_BAB,2025-07-01,86,9569.07,30091.4,principal
SKU_1343_NAV,2025-07-01,92,9589.33,28970.8,principal
SKU_1343_IVO,2025-07-01,200,20846.38,62980.0,principal
SKU_1344_PAS,2025-07-01,206,20628.47,64869.4,principal
SKU_1344_MID,2025-07-01,132,13218.24,41566.8,principal
SKU_1345_ARM,2025-07-01,128,42121.26,153587.2,principal
SKU_1345_FOR,2025-07-01,132,43437.55,158386.8,principal
SKU_1346_HON,2025-07-01,208,16152.97,55099.2,principal
SKU_1346_PEA,2025-07-01,93,7222.24,24635.7,principal
SKU_1347_DUS,2025-07-01,0,0.0,0.0,principal
SKU_1347_LIM,2025-07-01,150,11623.54,43485.0,principal
SKU_1348_NAV,2025-07-01,240,51004.15,155976.0,principal
SKU_1348_PIS,2025-07-01,0,0.0,0.0,principal
SKU_1349_HON,2025-07-01,213,17543.69,44708.7,principal
SKU_1349_SEA,2025-07-01,84,6918.64,17631.6,principal
SKU_1350_SNO,2025-07-01,96,9052.98,27350.4,principal
SKU_1350_BAB,2025-07-01,211,19897.7,60113.9,principal
SKU_1351_SAG,2025-07-01,208,47498.24,143499.2,principal
SKU_1351_HON,2025-07-01,255,58231.01,175924.5,principal
SKU_1352_CER,2025-07-01,233,21586.73,65216.7,principal
SKU_1352_HUN,2025-07-01,155,14360.27,43384.5,principal
SKU_1353_MAG,2025-07-01,241,15148.51,45765.9,principal
SKU_1353_MAR,2025-07-01,286,17977.07,54311.4,principal
SKU_1354_AQU,2025-07-01,273,83122.24,252497.7,principal
SKU_1354_CLE,2025-07-01,161,49020.81,148908.9,principal
SKU_1355_PAS,2025-07-01,252,14509.42,44074.8,principal
SKU_1355_DEE,2025-07-01,130,7485.02,22737.0,principal
SKU_1356_BLU,2025-07-01,139,9833.57,29871.1,principal
SKU_1356_DEN,2025-07-01,0,0.0,0.0,principal
SKU_1357_BRI,2025-07-01,117,25749.58,77793.3,principal
SKU_1357_BLU,2025-07-01,264,58101.62,175533.6,principal
SKU_1358_DUS,2025-07-01,114,7502.01,22788.6,principal
SKU_1358_MAR,2025-07-01,150,9871.06,29985.0,principal
SKU_1359_BLU,2025-07-01,114,15403.47,48438.6,principal
SKU_1359_NAV,2025-07-01,117,15808.83,49713.3,principal
SKU_1360_WHI,2025-07-01,259,27424.71,82854.1,principal
SKU_1360_FRE,2025-07-01,0,0.0,0.0,principal
SKU_1361_MEX,2025-07-01,256,15459.38,48614.4,principal
SKU_1361_BLU,2025-07-01,109,6582.31,20699.1,principal
SKU_1362_POW,2025-07-01,256,77736.5,244454.4,principal
SKU_1362_SEA,2025-07-01,137,41601.17,130821.3,principal
SKU_1363_RAS,2025-07-01,134,40477.14,127286.6,principal
SKU_1363_HUN,2025-07-01,236,71288.1,224176.4,principal
SKU_1364_OFF,2025-07-01,196,28664.65,90140.4,principal
SKU_1364_TEA,2025-07-01,0,0.0,0.0,principal
SKU_1365_BUB,2025-07-01,0,0.0,0.0,principal
SKU_1365_NAV,2025-07-01,0,0.0,0.0,principal
SKU_1366_TEA,2025-07-01,209,28094.89,91939.1,principal
SKU_1366_PAL,2025-07-01,191,25675.23,84020.9,principal
SKU_1367_VAN,2025-07-01,100,5510.94,17990.0,principal
SKU_1367_BLA,2025-07-01,208,11462.76,37419.2,principal
SKU_1368_SNO,2025-07-01,165,35065.8,122908.5,principal
SKU_1368_TUR,2025-07-01,147,31240.44,109500.3,principal
SKU_1369_SNO,2025-07-01,118,5981.22,18868.2,principal
SKU_1369_RAS,2025-07-01,198,10036.28,31660.2,principal
SKU_1370_PRI,2025-07-01,0,0.0,0.0,principal
SKU_1370_MYS,2025-07-01,254,17930.56,45694.6,principal
SKU_1371_WHI,2025-07-01,198,18016.4,54430.2,principal
SKU_1371_HOT,2025-07-01,0,0.0,0.0,principal
SKU_1372_SEA,2025-07-01,113,12713.28,38408.7,principal
SKU_1372_DEN,2025-07-01,155,17438.57,52684.5,principal
SKU_1373_SKY,2025-07-01,91,5688.87,17280.9,principal
SKU_1373_CRE,2025-07-01,192,12002.9,36460.8,principal
SKU_1374_SAL,2025-07-01,0,0.0,0.0,principal
SKU_1374_BLU,2025-07-01,0,0.0,0.0,principal
SKU_1375_COR,2025-07-01,209,18325.52,55364.1,principal
SKU_1375_CLE,2025-07-01,213,18676.24,56423.7,principal
SKU_1376_SNO,2025-07-01,154,12290.61,43874.6,principal
SKU_1376_BIR,2025-07-01,155,12370.42,44159.5,principal
SKU_1377_PRI,2025-07-01,0,0.0,0.0,principal
SKU_1377_CLO,2025-07-01,201,15808.22,52239.9,principal
SKU_1378_SPA,2025-07-01,80,4676.64,16392.0,principal
SKU_1378_MOS,2025-07-01,223,13036.13,45692.7,principal
SKU_1379_SNO,2025-07-01,183,28129.53,88736.7,principal
SKU_1379_WHI,2025-07-01,258,39658.03,125104.2,principal
SKU_1380_TUR,2025-07-01,0,0.0,0.0,principal
SKU_1380_MIN,2025-07-01,231,20839.15,53106.9,principal
SKU_1381_WHI,2025-07-01,153,13921.76,42059.7,principal
SKU_1381_PAS,2025-07-01,115,10464.07,31613.5,principal
SKU_1382_ARM,2025-07-01,217,13104.24,41208.3,principal
SKU_1382_HOT,2025-07-01,126,7608.91,23927.4,principal
SKU_1383_CLE,2025-07-01,186,11075.72,33461.4,principal
SKU_1383_TUR,2025-07-01,249,14827.18,44795.1,principal
SKU_1384_CRE,2025-07-01,175,29951.44,90982.5,principal
SKU_1384_SKY,2025-07-01,270,46210.79,140373.0,principal
SKU_1385_PRI,2025-07-01,258,24756.88,74794.2,principal
SKU_1385_NAV,2025-07-01,68,6525.07,19713.2,principal
SKU_1386_SER,2025-07-01,99,6669.64,21275.1,principal
SKU_1386_COB,2025-07-01,256,17246.73,55014.4,principal
SKU_1387_BRI,2025-07-01,115,5260.41,18388.5,principal
SKU_1387_BAB,2025-07-01,267,12213.29,42693.3,principal
SKU_1388_BRI,2025-07-01,250,25052.69,93725.0,principal
SKU_1388_VAN,2025-07-01,265,26555.85,99348.5,principal
SKU_1389_SHO,2025-07-01,52,2160.62,7274.8,principal
SKU_1389_BAB,2025-07-01,52,2160.62,7274.8,principal
SKU_1390_SAP,2025-07-01,42,3788.94,9655.8,principal
SKU_1390_PAS,2025-07-01,0,0.0,0.0,principal
SKU_1391_LIG,2025-07-01,39,3677.77,11111.1,principal
SKU_1391_SEA,2025-07-01,66,6223.93,18803.4,principal
SKU_1392_LIM,2025-07-01,85,8297.01,25066.5,principal
SKU_1392_BLU,2025-07-01,73,7125.67,21527.7,principal
SKU_1393_COB,2025-07-01,72,7095.47,22312.8,principal
SKU_1393_SKY,2025-07-01,74,7292.57,22932.6,principal
SKU_1394_FOR,2025-07-01,94,14046.25,44170.6,principal
SKU_1394_EME,2025-07-01,70,10459.97,32893.0,principal
SKU_1395_BLA,2025-07-01,44,4056.28,12755.6,principal
SKU_1395_TUR,2025-07-01,72,6637.55,20872.8,principal
SKU_1396_FUC,2025-07-01,50,2220.45,6745.0,principal
SKU_1396_PAS,2025-07-01,52,2309.27,7014.8,principal
SKU_1397_SNO,2025-07-01,81,6263.66,19026.9,principal
SKU_1397_BUB,2025-07-01,67,5181.05,15738.3,principal
SKU_1398_AQU,2025-07-01,81,17996.34,54666.9,principal
SKU_1398_SPA,2025-07-01,96,21329.0,64790.4,principal
SKU_1399_PAL,2025-07-01,71,6093.8,19162.9,principal
SKU_1399_CRE,2025-07-01,0,0.0,0.0,principal
SKU_1400_FOR,2025-07-01,58,4007.75,12174.2,principal
SKU_1400_PAL,2025-07-01,74,5113.33,15532.6,principal
SKU_1401_GAR,2025-07-01,74,5876.11,17752.6,principal
SKU_1401_BLU,2025-07-01,53,4208.57,12714.7,principal
SKU_1402_WHI,2025-07-01,51,3809.61,11979.9,principal
SKU_1402_VAN,2025-07-01,59,4407.19,13859.1,principal
SKU_1403_AQU,2025-07-01,0,0.0,0.0,principal
SKU_1403_DUS,2025-07-01,44,5575.2,16935.6,principal
SKU_1404_SAP,2025-07-01,64,21605.56,65273.6,principal
SKU_1404_ARM,2025-07-01,58,19580.04,59154.2,principal
SKU_1405_FLA,2025-07-01,71,5050.36,15257.9,principal
SKU_1405_CLO,2025-07-01,46,3272.07,9885.4,principal
SKU_1406_PRI,2025-07-01,0,0.0,0.0,principal
SKU_1406_SHO,2025-07-01,75,8639.03,26242.5,principal
SKU_1407_OFF,2025-07-01,47,2897.2,10100.3,principal
SKU_1407_EME,2025-07-01,82,5054.68,17621.8,principal
SKU_1408_PAS,2025-07-01,76,22129.79,69912.4,principal
SKU_1408_FUC,2025-07-01,77,22420.97,70832.3,principal
SKU_1409_PEA,2025-07-01,194,11984.07,40720.6,principal
SKU_1409_PEA,2025-07-01,194,11984.07,40720.6,principal
SKU_1410_ROS,2025-07-01,68,23021.42,77513.2,principal
SKU_1410_JAD,2025-07-01,53,17943.17,60414.7,principal
SKU_1411_BLU,2025-07-01,93,7293.3,20915.7,principal
SKU_1411_RAS,2025-07-01,54,4234.82,12144.6,principal
SKU_1412_SHO,2025-07-01,84,26791.16,75171.6,principal
SKU_1412_BAB,2025-07-01,44,14033.46,39375.6,principal
SKU_1413_SAG,2025-07-01,82,5018.56,15161.8,principal
SKU_1413_JAD,2025-07-01,80,4896.15,14792.0,principal
SKU_1414_DUS,2025-07-01,76,8214.7,25832.4,principal
SKU_1414_CLO,2025-07-01,77,8322.79,26172.3,principal
SKU_1415_BAB,2025-07-01,69,7787.22,24488.1,principal
SKU_1415_MID,2025-07-01,63,7110.07,22358.7,principal
SKU_1416_CLE,2025-07-01,67,5766.45,18753.3,principal
SKU_1416_AQU,2025-07-01,88,7573.85,24631.2,principal
SKU_1417_SNO,2025-07-01,60,5364.23,16794.0,principal
SKU_1417_BIR,2025-07-01,76,6794.69,21272.4,principal
SKU_1418_CLE,2025-07-01,72,18360.62,60832.8,principal
SKU_1418_MOS,2025-07-01,42,10710.36,35485.8,principal
SKU_1419_FLA,2025-07-01,84,7001.54,20991.6,principal
SKU_1419_WHI,2025-07-01,47,3917.53,11745.3,principal
SKU_1420_EGR,2025-07-01,80,26005.31,79192.0,principal
SKU_1420_LIM,2025-07-01,69,22429.58,68303.1,principal
SKU_1421_LIG,2025-07-01,50,4351.44,11495.0,principal
SKU_1421_SER,2025-07-01,0,0.0,0.0,principal
SKU_1422_PIN,2025-07-01,91,10916.52,28655.9,principal
SKU_1422_MIN,2025-07-01,76,9117.1,23932.4,principal
SKU_1423_JAD,2025-07-01,92,36340.65,110390.8,principal
SKU_1423_SAG,2025-07-01,94,37130.67,112790.6,principal
SKU_1424_VAN,2025-07-01,91,29804.42,90535.9,principal
SKU_1424_BAB,2025-07-01,78,25546.64,77602.2,principal
SKU_1425_WHI,2025-07-01,0,0.0,0.0,principal
SKU_1425_LIG,2025-07-01,69,4605.63,14483.1,principal
SKU_1426_NAV,2025-07-01,57,2152.9,7404.3,principal
SKU_1426_SEA,2025-07-01,47,1775.2,6105.3,principal
SKU_1427_AQU,2025-07-01,86,5351.58,17191.4,principal
SKU_1427_BLA,2025-07-01,0,0.0,0.0,principal
SKU_1428_COB,2025-07-01,0,0.0,0.0,principal
SKU_1428_SKY,2025-07-01,64,8594.99,31353.6,principal
SKU_1429_SPA,2025-07-01,86,5161.52,16331.4,principal
SKU_1429_MAG,2025-07-01,57,3421.01,10824.3,principal
SKU_1430_PEA,2025-07-01,93,5867.58,16730.7,principal
SKU_1430_JAD,2025-07-01,92,5804.49,16550.8,principal
SKU_1431_TEA,2025-07-01,54,6810.46,19974.6,principal
SKU_1431_CRE,2025-07-01,84,10594.05,31071.6,principal
SKU_1432_WHI,2025-07-01,46,12843.79,33115.4,principal
SKU_1432_BRI,2025-07-01,0,0.0,0.0,principal
SKU_1433_OLI,2025-07-01,51,5286.92,16059.9,principal
SKU_1433_SAP,2025-07-01,50,5183.25,15745.0,principal
SKU_1434_ARM,2025-07-01,85,5673.6,17841.5,principal
SKU_1434_MIN,2025-07-01,61,4071.64,12803.9,principal
SKU_1435_SKY,2025-07-01,89,27128.0,89881.1,principal
SKU_1435_OLI,2025-07-01,44,13411.6,44435.6,principal
SKU_1436_BLU,2025-07-01,35,2900.83,9796.5,principal
SKU_1436_PAS,2025-07-01,0,0.0,0.0,principal
SKU_1437_ROY,2025-07-01,0,0.0,0.0,principal
SKU_1437_AQU,2025-07-01,77,4044.5,12697.3,principal
SKU_1438_MOS,2025-07-01,76,5845.82,15572.4,principal
SKU_1438_DEE,2025-07-01,87,6691.92,17826.3,principal
SKU_1439_CER,2025-07-01,60,3672.11,11094.0,principal
SKU_1439_SHO,2025-07-01,76,4651.34,14052.4,principal
SKU_1440_PIS,2025-07-01,45,20831.63,53995.5,principal
SKU_1440_BLU,2025-07-01,58,26849.65,69594.2,principal
SKU_1441_COB,2025-07-01,79,35380.07,91237.1,principal
SKU_1441_IVO,2025-07-01,65,29110.18,75068.5,principal
SKU_1442_OFF,2025-07-01,35,3358.49,10146.5,principal
SKU_1442_EME,2025-07-01,72,6908.9,20872.8,principal
SKU_1443_BLU,2025-07-01,77,6878.94,20782.3,principal
SKU_1443_PRI,2025-07-01,0,0.0,0.0,principal
SKU_1444_HUN,2025-07-01,0,0.0,0.0,principal
SKU_1444_OLI,2025-07-01,0,0.0,0.0,principal
SKU_1445_TEA,2025-07-01,85,13435.3,34841.5,principal
SKU_1445_PRI,2025-07-01,74,11696.62,30332.6,principal
SKU_1446_SHO,2025-07-01,56,5912.54,15114.4,principal
SKU_1446_GAR,2025-07-01,86,9079.98,23211.4,principal
SKU_1447_BLU,2025-07-01,88,6949.81,21111.2,principal
SKU_1447_OLI,2025-07-01,70,5528.26,16793.0,principal
SKU_1448_SKY,2025-07-01,73,4323.28,13132.7,principal
SKU_1448_SEA,2025-07-01,67,3967.95,12053.3,principal
SKU_1449_BLA,2025-07-01,47,5054.47,15270.3,principal
SKU_1449_NAV,2025-07-01,68,7312.85,22093.2,principal
SKU_1450_MAG,2025-07-01,68,9014.28,27873.2,principal
SKU_1450_JAD,2025-07-01,0,0.0,0.0,principal
SKU_1451_WHI,2025-07-01,42,3329.82,10285.8,principal
SKU_1451_BIR,2025-07-01,65,5153.3,15918.5,principal
SKU_1452_SKY,2025-07-01,71,2749.96,10287.9,principal
SKU_1452_DEE,2025-07-01,50,1936.59,7245.0,principal
SKU_1453_SAP,2025-07-01,0,0.0,0.0,principal
SKU_1453_PRI,2025-07-01,47,3499.78,11040.3,principal
SKU_1454_BRI,2025-07-01,50,2851.1,7495.0,principal
SKU_1454_BUB,2025-07-01,64,3649.41,9593.6,principal
SKU_1455_TEA,2025-07-01,62,6872.82,20763.8,principal
SKU_1455_ROY,2025-07-01,33,3658.11,11051.7,principal
SKU_1456_EME,2025-07-01,109,11361.28,34324.1,principal
SKU_1456_DEN,2025-07-01,69,7192.0,21728.1,principal
SKU_1457_SNO,2025-07-01,72,3810.74,11512.8,principal
SKU_1457_MAG,2025-07-01,63,3334.39,10073.7,principal
SKU_1458_PEA,2025-07-01,91,10539.34,31840.9,principal
SKU_1458_MIN,2025-07-01,66,7643.92,23093.4,principal
SKU_1459_OFF,2025-07-01,66,4560.54,13853.4,principal
SKU_1459_CRE,2025-07-01,56,3869.55,11754.4,principal
SKU_1460_FUC,2025-07-01,62,3437.48,10843.8,principal
SKU_1460_OLI,2025-07-01,81,4490.91,14166.9,principal
SKU_1461_NAV,2025-07-01,66,22832.14,70613.4,principal
SKU_1461_PRI,2025-07-01,50,17297.07,53495.0,principal
SKU_1462_MID,2025-07-01,100,9753.78,36490.0,principal
SKU_1462_OFF,2025-07-01,66,6437.49,24083.4,principal
SKU_1463_LIG,2025-07-01,87,7393.9,22611.3,principal
SKU_1463_DUS,2025-07-01,36,3059.54,9356.4,principal
SKU_1464_MOS,2025-07-01,48,4197.79,11035.2,principal
SKU_1464_BIR,2025-07-01,62,5422.15,14253.8,principal
SKU_1465_CLE,2025-07-01,75,8978.43,23617.5,principal
SKU_1465_OFF,2025-07-01,68,8140.44,21413.2,principal
SKU_1466_PRI,2025-07-01,38,3376.34,10256.2,principal
SKU_1466_SAP,2025-07-01,77,6841.53,20782.3,principal
SKU_1467_OLI,2025-07-01,96,6255.19,19670.4,principal
SKU_1467_FUC,2025-07-01,82,5342.97,16801.8,principal
SKU_1468_BAB,2025-07-01,0,0.0,0.0,principal
SKU_1468_MYS,2025-07-01,42,7366.67,22255.8,principal
SKU_1469_ARM,2025-07-01,82,7689.81,24181.8,principal
SKU_1469_SAL,2025-07-01,74,6939.59,21822.6,principal
SKU_1470_WHI,2025-07-01,0,0.0,0.0,principal
SKU_1470_MAR,2025-07-01,39,11637.71,35876.1,principal
SKU_1471_ROS,2025-07-01,91,5039.43,18645.9,principal
SKU_1471_LIG,2025-07-01,0,0.0,0.0,principal
SKU_1472_EME,2025-07-01,63,9325.17,29603.7,principal
SKU_1472_MYS,2025-07-01,73,10805.35,34302.7,principal
SKU_1473_BLU,2025-07-01,43,2067.75,7735.7,principal
SKU_1473_BAB,2025-07-01,88,4231.68,15831.2,principal
SKU_1474_BRI,2025-07-01,0,0.0,0.0,principal
SKU_1474_DEN,2025-07-01,56,19408.89,59354.4,principal
SKU_1475_VAN,2025-07-01,73,6939.52,18242.7,principal
SKU_1475_MIN,2025-07-01,58,5513.59,14494.2,principal
SKU_1476_WHI,2025-07-01,81,7330.26,22266.9,principal
SKU_1476_CLO,2025-07-01,44,3981.87,12095.6,principal
SKU_1477_CLE,2025-07-01,42,3126.56,9445.8,principal
SKU_1477_EME,2025-07-01,63,4689.84,14168.7,principal
SKU_1478_TEA,2025-07-01,65,4170.47,12668.5,principal
SKU_1478_COB,2025-07-01,80,5132.89,15592.0,principal
SKU_1479_MIN,2025-07-01,55,10101.95,30519.5,principal
SKU_1479_FUC,2025-07-01,46,8448.91,25525.4,principal
SKU_1480_SNO,2025-07-01,49,5999.41,18125.1,principal
SKU_1480_MEX,2025-07-01,46,5632.1,17015.4,principal
SKU_1481_BLA,2025-07-01,65,16009.41,52643.5,principal
SKU_1481_TEA,2025-07-01,44,10837.14,35635.6,principal
SKU_1482_MOS,2025-07-01,66,8197.67,29363.4,principal
SKU_1482_SHO,2025-07-01,60,7452.43,26694.0,principal
SKU_1483_WHI,2025-07-01,50,4780.9,16245.0,principal
SKU_1483_POW,2025-07-01,53,5067.76,17219.7,principal
SKU_1484_MOS,2025-07-01,45,6146.56,20695.5,principal
SKU_1484_EGR,2025-07-01,80,10927.22,36792.0,principal
SKU_1485_PAS,2025-07-01,84,21916.17,55851.6,principal
SKU_1485_CER,2025-07-01,52,13567.15,34574.8,principal
SKU_1486_OLI,2025-07-01,0,0.0,0.0,principal
SKU_1486_PAL,2025-07-01,90,8636.12,26091.0,principal
SKU_1487_BRI,2025-07-01,0,0.0,0.0,principal
SKU_1487_CLE,2025-07-01,59,6283.39,19759.1,principal
SKU_1488_IVO,2025-07-01,43,4647.79,14615.7,principal
SKU_1488_PEA,2025-07-01,0,0.0,0.0,principal
SKU_1489_TEA,2025-07-01,82,9985.23,30331.8,principal
SKU_1489_IVO,2025-07-01,70,8523.98,25893.0,principal
SKU_1490_EME,2025-07-01,81,8442.78,25506.9,principal
SKU_1490_VAN,2025-07-01,87,9068.18,27396.3,principal
SKU_1491_GAR,2025-07-01,58,2430.59,7824.2,principal
SKU_1491_CER,2025-07-01,86,3603.97,11601.4,principal
SKU_1492_SKY,2025-07-01,81,9532.78,30366.9,principal
SKU_1492_BIR,2025-07-01,48,5649.05,17995.2,principal
SKU_1493_PEA,2025-07-01,42,3703.66,13855.8,principal
SKU_1493_CLO,2025-07-01,99,8730.04,32660.1,principal
SKU_1494_EGR,2025-07-01,97,33359.59,105235.3,principal
SKU_1494_HOT,2025-07-01,37,12724.79,40141.3,principal
SKU_1495_FUC,2025-07-01,0,0.0,0.0,principal
SKU_1495_BLA,2025-07-01,53,6231.55,17484.7,principal
SKU_1496_PAS,2025-07-01,72,26899.85,81712.8,principal
SKU_1496_PEA,2025-07-01,0,0.0,0.0,principal
SKU_1497_FUC,2025-07-01,56,2500.51,7554.4,principal
SKU_1497_VAN,2025-07-01,68,3036.33,9173.2,principal
SKU_1498_OLI,2025-07-01,95,10688.16,32290.5,principal
SKU_1498_LIG,2025-07-01,0,0.0,0.0,principal
SKU_1499_HOT,2025-07-01,57,4710.95,14814.3,principal
SKU_1499_RAS,2025-07-01,78,6446.56,20272.2,principal
SKU_1500_MOS,2025-07-01,71,6074.69,18452.9,principal
SKU_1500_PAS,2025-07-01,82,7015.84,21311.8,principal
SKU_1501_OLI,2025-07-01,56,3149.27,9514.4,principal
SKU_1501_SAL,2025-07-01,42,2361.95,7135.8,principal
SKU_1502_PEA,2025-07-01,49,3385.85,10285.1,principal
SKU_1502_VAN,2025-07-01,79,5458.83,16582.1,principal
SKU_1503_VAN,2025-07-01,48,3632.79,11035.2,principal
SKU_1503_CER,2025-07-01,66,4995.08,15173.4,principal
SKU_1504_EME,2025-07-01,30,3375.21,10197.0,principal
SKU_1504_NAV,2025-07-01,60,6750.41,20394.0,principal
SKU_1505_BLU,2025-07-01,94,7308.68,22080.6,principal
SKU_1505_SNO,2025-07-01,45,3498.84,10570.5,principal
SKU_1506_PAL,2025-07-01,78,5702.44,17932.2,principal
SKU_1506_BRI,2025-07-01,0,0.0,0.0,principal
SKU_1507_PAS,2025-07-01,76,4525.56,13672.4,principal
SKU_1507_FLA,2025-07-01,0,0.0,0.0,principal
SKU_1508_LIM,2025-07-01,83,5735.22,17421.7,principal
SKU_1508_DEE,2025-07-01,46,3178.56,9655.4,principal
SKU_1509_HOT,2025-07-01,65,6882.65,20793.5,principal
SKU_1509_MAG,2025-07-01,0,0.0,0.0,principal
SKU_1510_SNO,2025-07-01,69,18319.38,57608.1,principal
SKU_1510_ROS,2025-07-01,61,16195.39,50928.9,principal
SKU_1511_CLE,2025-07-01,57,16946.0,53289.3,principal
SKU_1511_SKY,2025-07-01,84,24973.05,78531.6,principal
SKU_1512_TEA,2025-07-01,71,5064.86,15967.9,principal
SKU_1512_MYS,2025-07-01,80,5706.88,17992.0,principal
SKU_1513_PAS,2025-07-01,68,3949.51,14613.2,principal
SKU_1513_RAS,2025-07-01,71,4123.75,15257.9,principal
SKU_1514_PEA,2025-07-01,64,15631.33,53113.6,principal
SKU_1514_SPA,2025-07-01,67,16364.05,55603.3,principal
SKU_1515_SEA,2025-07-01,67,4270.06,13058.3,principal
SKU_1515_AQU,2025-07-01,43,2740.49,8380.7,principal
SKU_1516_CRE,2025-07-01,51,6788.2,17844.9,principal
SKU_1516_EME,2025-07-01,44,5856.49,15395.6,principal
SKU_1517_FOR,2025-07-01,50,22807.7,59995.0,principal
SKU_1517_ROS,2025-07-01,61,27825.39,73193.9,principal
SKU_1518_CLE,2025-07-01,93,6946.93,21845.7,principal
SKU_1518_LIM,2025-07-01,77,5751.76,18087.3,principal
SKU_1519_BLU,2025-07-01,75,15023.11,47242.5,principal
SKU_1519_TEA,2025-07-01,88,17627.12,55431.2,principal
SKU_1520_GAR,2025-07-01,84,6219.11,18891.6,principal
SKU_1520_ROY,2025-07-01,63,4664.34,14168.7,principal
SKU_1521_MOS,2025-07-01,40,2415.53,7596.0,principal
SKU_1521_FRE,2025-07-01,0,0.0,0.0,principal
SKU_1522_MOS,2025-07-01,77,3153.82,11542.3,principal
SKU_1522_BIR,2025-07-01,80,3276.69,11992.0,principal
SKU_1523_HOT,2025-07-01,65,6730.82,24368.5,principal
SKU_1523_CRE,2025-07-01,77,7973.44,28867.3,principal
SKU_1524_BLU,2025-07-01,0,0.0,0.0,principal
SKU_1524_DEN,2025-07-01,40,4354.46,14796.0,principal
SKU_1525_MYS,2025-07-01,60,5513.9,17394.0,principal
SKU_1525_OLI,2025-07-01,0,0.0,0.0,principal
SKU_1526_FOR,2025-07-01,46,2785.41,7815.4,principal
SKU_1527_FUC,2025-07-01,71,21267.27,64602.9,principal
SKU_1527_TEA,2025-07-01,75,22465.43,68242.5,principal
SKU_1528_PAS,2025-07-01,84,5975.08,18051.6,principal
SKU_1528_DEN,2025-07-01,99,7042.06,21275.1,principal
SKU_1529_HUN,2025-07-01,77,6207.82,18857.3,principal
SKU_1529_MIN,2025-07-01,83,6691.55,20326.7,principal
SKU_1530_HON,2025-07-01,56,2394.73,7274.4,principal
SKU_1530_PEA,2025-07-01,70,2993.42,9093.0,principal
SKU_1531_TEA,2025-07-01,73,13287.23,40142.7,principal
SKU_1531_SNO,2025-07-01,88,16017.49,48391.2,principal
SKU_1532_BRI,2025-07-01,70,19149.79,68593.0,principal
SKU_1532_EME,2025-07-01,64,17508.38,62713.6,principal
SKU_1533_CER,2025-07-01,83,4121.75,13686.7,principal
SKU_1533_DUS,2025-07-01,97,4816.98,15995.3,principal
SKU_1534_MYS,2025-07-01,83,4882.94,16591.7,principal
SKU_1534_HUN,2025-07-01,38,2235.56,7596.2,principal
SKU_1535_NAV,2025-07-01,53,5122.62,16159.7,principal
SKU_1535_MOS,2025-07-01,75,7249.0,22867.5,principal
SKU_1536_MOS,2025-07-01,76,9342.1,26212.4,principal
SKU_1536_FRE,2025-07-01,52,6391.96,17934.8,principal
SKU_1537_SAP,2025-07-01,79,6665.38,20137.1,principal
SKU_1537_BLA,2025-07-01,44,3712.36,11215.6,principal
SKU_1538_MAG,2025-07-01,70,4863.38,14693.0,principal
SKU_1538_PAS,2025-07-01,0,0.0,0.0,principal
SKU_1539_BLA,2025-07-01,40,4450.73,13996.0,principal
SKU_1539_PEA,2025-07-01,69,7677.51,24143.1,principal
SKU_1540_BAL,2025-07-01,0,0.0,0.0,principal
SKU_1540_MAG,2025-07-01,53,2863.49,9004.7,principal
SKU_1541_AQU,2025-07-01,0,0.0,0.0,principal
SKU_1541_POW,2025-07-01,85,18242.55,57366.5,principal
SKU_1542_DEE,2025-07-01,61,9436.16,28663.9,principal
SKU_1542_PEA,2025-07-01,93,14386.27,43700.7,principal
SKU_1543_BAB,2025-07-01,90,21032.84,66141.0,principal
SKU_1543_FLA,2025-07-01,65,15190.38,47768.5,principal
SKU_1544_OLI,2025-07-01,74,4704.05,14792.6,principal
SKU_1544_PEA,2025-07-01,63,4004.8,12593.7,principal
SKU_1545_TEA,2025-07-01,74,6115.97,19232.6,principal
SKU_1545_HOT,2025-07-01,89,7355.69,23131.1,principal
SKU_1546_PAS,2025-07-01,57,3170.24,9969.3,principal
SKU_1546_IVO,2025-07-01,43,2391.58,7520.7,principal
SKU_1547_IVO,2025-07-01,69,7534.59,22763.1,principal
SKU_1547_FUC,2025-07-01,44,4804.66,14515.6,principal
SKU_1548_HOT,2025-07-01,71,11160.62,33717.9,principal
SKU_1548_CLO,2025-07-01,87,13675.7,41316.3,principal
SKU_1549_BAL,2025-07-01,76,4468.66,14052.4,principal
SKU_1549_PAS,2025-07-01,43,2528.32,7950.7,principal
SKU_1550_PAL,2025-07-01,65,3528.53,10718.5,principal
SKU_1550_IVO,2025-07-01,51,2768.54,8409.9,principal
SKU_1551_DUS,2025-07-01,60,4367.21,13194.0,principal
SKU_1551_ROS,2025-07-01,76,5531.8,16712.4,principal
SKU_1552_CLE,2025-07-01,48,10427.48,31675.2,principal
SKU_1552_SAP,2025-07-01,0,0.0,0.0,principal
SKU_1553_DEN,2025-07-01,68,5441.24,17333.2,principal
SKU_1553_HOT,2025-07-01,61,4881.11,15548.9,principal
SKU_1554_PIS,2025-07-01,91,27131.14,94175.9,principal
SKU_1554_SKY,2025-07-01,68,20273.82,70373.2,principal
SKU_1555_FUC,2025-07-01,49,2654.75,9305.1,principal
SKU_1555_RAS,2025-07-01,48,2600.57,9115.2,principal
SKU_1556_SAL,2025-07-01,42,2555.92,8605.8,principal
SKU_1556_HUN,2025-07-01,94,5720.4,19260.6,principal
SKU_1557_TUR,2025-07-01,86,6183.75,17191.4,principal
SKU_1557_SAG,2025-07-01,69,4961.38,13793.1,principal
SKU_1558_CLE,2025-07-01,51,6400.19,16824.9,principal
SKU_1558_MEX,2025-07-01,0,0.0,0.0,principal
SKU_1559_BLU,2025-07-01,55,25480.48,65994.5,principal
SKU_1559_SKY,2025-07-01,0,0.0,0.0,principal
SKU_1560_PAL,2025-07-01,0,0.0,0.0,principal
SKU_1560_CRE,2025-07-01,46,3405.71,10345.4,principal
SKU_1561_LIM,2025-07-01,69,7736.9,24143.1,principal
SKU_1561_VAN,2025-07-01,66,7400.51,23093.4,principal
SKU_1562_CLO,2025-07-01,62,5981.14,19213.8,principal
SKU_1562_BLU,2025-07-01,0,0.0,0.0,principal
SKU_1563_WHI,2025-07-01,42,1682.87,6295.8,principal
SKU_1563_MEX,2025-07-01,49,1963.35,7345.1,principal
SKU_1564_BLA,2025-07-01,78,14585.87,46012.2,principal
SKU_1564_NAV,2025-07-01,38,7105.94,22416.2,principal
SKU_1565_LIG,2025-07-01,52,7343.69,18714.8,principal
SKU_1565_BAB,2025-07-01,66,9320.83,23753.4,principal
SKU_1566_PEA,2025-07-01,76,29900.5,78652.4,principal
SKU_1566_POW,2025-07-01,88,34621.63,91071.2,principal
SKU_1567_PRI,2025-07-01,86,19531.9,59331.4,principal
SKU_1567_POW,2025-07-01,103,23392.85,71059.7,principal
SKU_1568_FRE,2025-07-01,85,6349.35,19966.5,principal
SKU_1568_PIN,2025-07-01,77,5751.76,18087.3,principal
SKU_1569_WHI,2025-07-01,78,5454.4,17152.2,principal
SKU_1569_PAS,2025-07-01,38,2657.27,8356.2,principal
SKU_1570_MEX,2025-07-01,58,13185.62,41464.2,principal
SKU_1570_HON,2025-07-01,0,0.0,0.0,principal
SKU_1571_WHI,2025-07-01,58,4206.87,14494.2,principal
SKU_1571_BIR,2025-07-01,77,5584.99,19242.3,principal
SKU_1572_BAL,2025-07-01,48,1958.21,6715.2,principal
SKU_1572_MAR,2025-07-01,0,0.0,0.0,principal
SKU_1573_MIN,2025-07-01,95,28654.67,97365.5,principal
SKU_1573_SAG,2025-07-01,0,0.0,0.0,principal
SKU_1574_GAR,2025-07-01,62,11138.63,37503.8,principal
SKU_1574_COB,2025-07-01,89,15989.32,53836.1,principal
SKU_1575_JAD,2025-07-01,46,15134.37,39785.4,principal
SKU_1575_AQU,2025-07-01,66,21714.53,57083.4,principal
SKU_1576_AQU,2025-07-01,82,6610.93,20081.8,principal
SKU_1576_BLU,2025-07-01,39,3144.22,9551.1,principal
SKU_1577_FLA,2025-07-01,0,0.0,0.0,principal
SKU_1577_HUN,2025-07-01,61,3101.74,9753.9,principal
SKU_1578_PAS,2025-07-01,97,3988.36,12115.3,principal
SKU_1578_TEA,2025-07-01,0,0.0,0.0,principal
SKU_1579_DEN,2025-07-01,81,6130.33,18621.9,principal
SKU_1579_SAG,2025-07-01,89,6735.79,20461.1,principal
SKU_1580_WHI,2025-07-01,56,3381.74,10634.4,principal
SKU_1580_MOS,2025-07-01,76,4589.5,14432.4,principal
SKU_1581_BIR,2025-07-01,87,20397.69,74376.3,principal
SKU_1581_COB,2025-07-01,81,18990.95,69246.9,principal
SKU_1582_WHI,2025-07-01,86,5796.22,19771.4,principal
SKU_1582_PAS,2025-07-01,51,3437.29,11724.9,principal
SKU_1583_WHI,2025-07-01,85,5791.46,21666.5,principal
SKU_1583_BLU,2025-07-01,69,4701.3,17588.1,principal
SKU_1584_AQU,2025-07-01,0,0.0,0.0,principal
SKU_1584_FLA,2025-07-01,47,2841.73,8690.3,principal
SKU_1585_COR,2025-07-01,53,6653.02,16954.7,principal
SKU_1585_BLA,2025-07-01,44,5523.27,14075.6,principal
SKU_1586_JAD,2025-07-01,56,6491.0,17074.4,principal
SKU_1586_EGR,2025-07-01,70,8113.75,21343.0,principal
SKU_1587_DEE,2025-07-01,0,0.0,0.0,principal
SKU_1587_LIG,2025-07-01,73,5336.9,16782.7,principal
SKU_1588_PAS,2025-07-01,62,9658.87,30373.8,principal
SKU_1588_CRE,2025-07-01,78,12151.48,38212.2,principal
SKU_1589_TUR,2025-07-01,57,12827.67,38754.3,principal
SKU_1589_CER,2025-07-01,40,9001.88,27196.0,principal
SKU_1590_MYS,2025-07-01,87,5438.81,16521.3,principal
SKU_1590_HOT,2025-07-01,67,4188.51,12723.3,principal
SKU_1591_HON,2025-07-01,0,0.0,0.0,principal
SKU_1591_MYS,2025-07-01,73,20658.14,64962.7,principal
SKU_1592_CER,2025-07-01,52,3470.91,10914.8,principal
SKU_1592_SAG,2025-07-01,72,4805.87,15112.8,principal
SKU_1593_LIG,2025-07-01,92,4412.49,13330.8,principal
SKU_1593_FUC,2025-07-01,66,3165.49,9563.4,principal
SKU_1594_BAL,2025-07-01,65,10696.86,32493.5,principal
SKU_1594_WHI,2025-07-01,57,9380.32,28494.3,principal
SKU_1595_FLA,2025-07-01,100,9926.69,29990.0,principal
SKU_1595_MYS,2025-07-01,37,3672.88,11096.3,principal
SKU_1596_BIR,2025-07-01,49,4434.36,13470.1,principal
SKU_1596_CER,2025-07-01,52,4705.85,14294.8,principal
SKU_1597_SHO,2025-07-01,71,11964.08,37622.9,principal
SKU_1597_FLA,2025-07-01,79,13312.15,41862.1,principal
SKU_1598_NAV,2025-07-01,76,11839.9,37232.4,principal
SKU_1598_DUS,2025-07-01,45,7010.47,22045.5,principal
SKU_1599_WHI,2025-07-01,51,7889.25,23964.9,principal
SKU_1599_CER,2025-07-01,58,8972.08,27254.2,principal
SKU_1600_LIG,2025-07-01,48,6240.05,18955.2,principal
SKU_1600_SHO,2025-07-01,0,0.0,0.0,principal
SKU_1601_EME,2025-07-01,88,21406.17,64671.2,principal
SKU_1601_AQU,2025-07-01,38,9243.57,27926.2,principal
SKU_1602_AQU,2025-07-01,67,4563.02,15403.3,principal
SKU_1602_PAS,2025-07-01,41,2792.3,9425.9,principal
SKU_1603_BUB,2025-07-01,43,8911.89,32030.7,principal
SKU_1603_PEA,2025-07-01,0,0.0,0.0,principal
SKU_1604_CLE,2025-07-01,96,15522.22,58070.4,principal
SKU_1604_SNO,2025-07-01,56,9054.63,33874.4,principal
SKU_1605_VAN,2025-07-01,0,0.0,0.0,principal
SKU_1605_COR,2025-07-01,49,3200.2,10775.1,principal
SKU_1606_COB,2025-07-01,50,19332.92,54245.0,principal
SKU_1606_SEA,2025-07-01,46,17786.28,49905.4,principal
SKU_1607_GAR,2025-07-01,62,6154.55,18593.8,principal
SKU_1607_MAR,2025-07-01,49,4864.08,14695.1,principal
SKU_1608_WHI,2025-07-01,0,0.0,0.0,principal
SKU_1608_MID,2025-07-01,70,7026.12,21343.0,principal
SKU_1609_LIM,2025-07-01,0,0.0,0.0,principal
SKU_1609_SAP,2025-07-01,52,4463.07,14034.8,principal
SKU_1610_PRI,2025-07-01,74,4504.31,13682.6,principal
SKU_1610_MEX,2025-07-01,69,4199.97,12758.1,principal
SKU_1611_MID,2025-07-01,58,4198.68,12754.2,principal
SKU_1611_BRI,2025-07-01,41,2968.03,9015.9,principal
SKU_1612_PAL,2025-07-01,85,8648.74,28041.5,principal
SKU_1612_SNO,2025-07-01,54,5494.49,17814.6,principal
SKU_1613_BIR,2025-07-01,84,4522.54,15951.6,principal
SKU_1613_AQU,2025-07-01,81,4361.02,15381.9,principal
SKU_1614_VAN,2025-07-01,73,9265.89,32477.7,principal
SKU_1614_IVO,2025-07-01,72,9138.96,32032.8,principal
SKU_1615_MOS,2025-07-01,49,7221.29,22780.1,principal
SKU_1615_SHO,2025-07-01,35,5158.07,16271.5,principal
SKU_1616_SER,2025-07-01,0,0.0,0.0,principal
SKU_1616_COR,2025-07-01,92,35868.22,94290.8,principal
SKU_1617_DEN,2025-07-01,0,0.0,0.0,principal
SKU_1617_MIN,2025-07-01,74,4638.94,12202.6,principal
SKU_1618_SAL,2025-07-01,66,3930.1,11873.4,principal
SKU_1618_SAP,2025-07-01,80,4763.75,14392.0,principal
SKU_1619_IVO,2025-07-01,87,5725.22,17391.3,principal
SKU_1619_PAS,2025-07-01,44,2895.51,8795.6,principal
SKU_1620_SAG,2025-07-01,60,5260.91,15894.0,principal
SKU_1620_BLU,2025-07-01,0,0.0,0.0,principal
SKU_1621_PAS,2025-07-01,98,7619.69,23020.2,principal
SKU_1621_FUC,2025-07-01,0,0.0,0.0,principal
SKU_1622_VAN,2025-07-01,50,4101.24,13495.0,principal
SKU_1622_CLO,2025-07-01,48,3937.19,12955.2,principal
SKU_1623_EGR,2025-07-01,0,0.0,0.0,principal
SKU_1623_SER,2025-07-01,53,13871.47,48489.7,principal
SKU_1624_PRI,2025-07-01,82,5065.43,17211.8,principal
SKU_1624_ARM,2025-07-01,90,5559.62,18891.0,principal
SKU_1625_GAR,2025-07-01,53,3442.52,10859.7,principal
SKU_1625_DUS,2025-07-01,82,5326.17,16801.8,principal
SKU_1626_BAB,2025-07-01,76,15608.72,41032.4,principal
SKU_1626_DEN,2025-07-01,58,11911.92,31314.2,principal
SKU_1627_BAB,2025-07-01,81,8844.95,26721.9,principal
SKU_1627_MOS,2025-07-01,68,7425.39,22433.2,principal
SKU_1628_PEA,2025-07-01,0,0.0,0.0,principal
SKU_1628_POW,2025-07-01,86,15568.33,47291.4,principal
SKU_1629_CLO,2025-07-01,60,4863.49,15294.0,principal
SKU_1629_ARM,2025-07-01,61,4944.55,15548.9,principal
SKU_1630_LIM,2025-07-01,0,0.0,0.0,principal
SKU_1630_SNO,2025-07-01,51,5653.45,17079.9,principal
SKU_1631_BAL,2025-07-01,66,3775.74,11873.4,principal
SKU_1631_SNO,2025-07-01,36,2059.5,6476.4,principal
SKU_1632_SAP,2025-07-01,95,5814.18,17565.5,principal
SKU_1632_SPA,2025-07-01,56,3427.31,10354.4,principal
SKU_1633_SER,2025-07-01,40,2987.93,9396.0,principal
SKU_1633_DEN,2025-07-01,74,5527.67,17382.6,principal
SKU_1634_NAV,2025-07-01,0,0.0,0.0,principal
SKU_1634_SAP,2025-07-01,0,0.0,0.0,principal
SKU_1635_TEA,2025-07-01,49,9425.55,29640.1,principal
SKU_1635_SAG,2025-07-01,79,15196.3,47787.1,principal
SKU_1636_LIG,2025-07-01,60,8688.9,26394.0,principal
SKU_1636_SHO,2025-07-01,64,9268.17,28153.6,principal
SKU_1637_BLU,2025-07-01,50,14626.41,45995.0,principal
SKU_1637_WHI,2025-07-01,42,12286.18,38635.8,principal
SKU_1638_PEA,2025-07-01,60,21749.29,68394.0,principal
SKU_1638_SAP,2025-07-01,32,11599.62,36476.8,principal
SKU_1639_FRE,2025-07-01,45,2717.47,8545.5,principal
SKU_1639_WHI,2025-07-01,71,4287.56,13482.9,principal
SKU_1640_IVO,2025-07-01,0,0.0,0.0,principal
SKU_1640_TEA,2025-07-01,57,4126.29,12534.3,principal
SKU_1641_MEX,2025-07-01,75,7748.86,24367.5,principal
SKU_1641_SER,2025-07-01,0,0.0,0.0,principal
SKU_1642_OFF,2025-07-01,79,5880.91,17767.1,principal
SKU_1642_SAL,2025-07-01,79,5880.91,17767.1,principal
SKU_1643_PAS,2025-07-01,73,5026.42,16417.7,principal
SKU_1643_EGR,2025-07-01,0,0.0,0.0,principal
SKU_1644_BAB,2025-07-01,85,7817.45,27191.5,principal
SKU_1644_PEA,2025-07-01,78,7173.66,24952.2,principal
SKU_1645_MYS,2025-07-01,73,8328.68,29192.7,principal
SKU_1645_MIN,2025-07-01,73,8328.68,29192.7,principal
SKU_1646_BLU,2025-07-01,47,3052.81,9630.3,principal
SKU_1646_CLE,2025-07-01,50,3247.66,10245.0,principal
SKU_1647_BLA,2025-07-01,67,7440.04,22773.3,principal
SKU_1647_ARM,2025-07-01,67,7440.04,22773.3,principal
SKU_1648_RAS,2025-07-01,51,12721.66,35694.9,principal
SKU_1648_FLA,2025-07-01,0,0.0,0.0,principal
SKU_1649_FLA,2025-07-01,83,6418.31,19496.7,principal
SKU_1649_GAR,2025-07-01,81,6263.66,19026.9,principal
SKU_1650_OLI,2025-07-01,68,21729.96,68333.2,principal
SKU_1650_EGR,2025-07-01,41,13101.89,41200.9,principal
SKU_1651_PAS,2025-07-01,0,0.0,0.0,principal
SKU_1651_SAL,2025-07-01,0,0.0,0.0,principal
SKU_1652_TEA,2025-07-01,86,5815.07,18911.4,principal
SKU_1652_MOS,2025-07-01,42,2839.92,9235.8,principal
SKU_1653_ROS,2025-07-01,85,9771.34,30591.5,principal
SKU_1653_BAB,2025-07-01,66,7587.16,23753.4,principal
SKU_1654_CRE,2025-07-01,50,4533.7,15495.0,principal
SKU_1654_NAV,2025-07-01,60,5440.44,18594.0,principal
SKU_1655_SNO,2025-07-01,85,17724.37,54816.5,principal
SKU_1655_TEA,2025-07-01,37,7715.31,23861.3,principal
SKU_1656_FUC,2025-07-01,0,0.0,0.0,principal
SKU_1656_SNO,2025-07-01,85,7218.95,19966.5,principal
SKU_1657_SPA,2025-07-01,69,5259.05,14828.1,principal
SKU_1657_EME,2025-07-01,38,2896.29,8166.2,principal
SKU_1658_BAB,2025-07-01,42,14078.39,36955.8,principal
SKU_1658_MYS,2025-07-01,47,15754.38,41355.3,principal
SKU_1659_MOS,2025-07-01,107,36298.88,109664.3,principal
SKU_1659_SNO,2025-07-01,86,29174.8,88141.4,principal
SKU_1660_NAV,2025-07-01,73,7567.55,22987.7,principal
SKU_1660_MAG,2025-07-01,78,8085.88,24562.2,principal
SKU_1661_WHI,2025-07-01,47,15399.87,46525.3,principal
SKU_1661_CER,2025-07-01,64,20970.04,63353.6,principal
SKU_1662_PIS,2025-07-01,72,4466.7,14392.8,principal
SKU_1662_LIG,2025-07-01,75,4652.82,14992.5,principal
SKU_1663_SNO,2025-07-01,59,15059.96,46899.1,principal
SKU_1663_FLA,2025-07-01,64,16336.23,50873.6,principal
SKU_1664_PIN,2025-07-01,102,10156.22,33649.8,principal
SKU_1664_MIN,2025-07-01,41,4082.4,13525.9,principal
SKU_1665_SAG,2025-07-01,0,0.0,0.0,principal
SKU_1665_RAS,2025-07-01,101,7473.76,25239.9,principal
SKU_1666_FUC,2025-07-01,86,24125.66,68791.4,principal
SKU_1666_PAS,2025-07-01,69,19356.63,55193.1,principal
SKU_1667_LIG,2025-07-01,47,3590.14,9865.3,principal
SKU_1667_MID,2025-07-01,80,6110.88,16792.0,principal
SKU_1668_DEN,2025-07-01,80,8374.45,21592.0,principal
SKU_1668_VAN,2025-07-01,0,0.0,0.0,principal
SKU_1669_COR,2025-07-01,45,3470.49,8995.5,principal
SKU_1669_TEA,2025-07-01,77,5938.4,15392.3,principal
SKU_1670_SAP,2025-07-01,96,4604.34,13910.4,principal
SKU_1670_PEA,2025-07-01,0,0.0,0.0,principal
SKU_1671_SEA,2025-07-01,50,5280.36,17495.0,principal
SKU_1671_MIN,2025-07-01,90,9504.65,31491.0,principal
SKU_1672_TEA,2025-07-01,55,5126.16,16219.5,principal
SKU_1672_FOR,2025-07-01,39,3634.91,11501.1,principal
SKU_1673_PEA,2025-07-01,85,11845.5,34841.5,principal
SKU_1673_FUC,2025-07-01,79,11009.35,32382.1,principal
SKU_1674_PAS,2025-07-01,73,6107.49,16782.7,principal
SKU_1674_WHI,2025-07-01,56,4685.2,12874.4,principal
SKU_1675_CRE,2025-07-01,49,12405.91,37480.1,principal
SKU_1675_DEN,2025-07-01,43,10886.82,32890.7,principal
SKU_1676_PIN,2025-07-01,53,2964.35,9004.7,principal
SKU_1676_NAV,2025-07-01,65,3635.52,11043.5,principal
SKU_1677_POW,2025-07-01,58,12817.81,33054.2,principal
SKU_1677_VAN,2025-07-01,76,16795.75,43312.4,principal
SKU_1678_LIG,2025-07-01,79,20833.83,56477.1,principal
SKU_1678_MAG,2025-07-01,78,20570.11,55762.2,principal
SKU_1679_SHO,2025-07-01,79,27213.08,72672.1,principal
SKU_1679_GAR,2025-07-01,0,0.0,0.0,principal
SKU_1680_NAV,2025-07-01,460,50991.87,154054.0,principal
SKU_1680_SEA,2025-07-01,502,55647.65,168119.8,principal
SKU_1681_OFF,2025-07-01,489,37813.92,114866.1,principal
SKU_1681_PIS,2025-07-01,243,18790.97,57080.7,principal
SKU_1682_OLI,2025-07-01,485,44566.47,113926.5,principal
SKU_1682_BIR,2025-07-01,457,41993.56,107349.3,principal
SKU_1683_PAL,2025-07-01,252,31484.82,79354.8,principal
SKU_1683_SHO,2025-07-01,279,34858.2,87857.1,principal
SKU_1684_HON,2025-07-01,441,26990.04,81540.9,principal
SKU_1684_SHO,2025-07-01,458,28030.47,84684.2,principal
SKU_1685_COB,2025-07-01,446,98156.53,296545.4,principal
SKU_1685_BIR,2025-07-01,31,6822.54,20611.9,principal
SKU_1686_MOS,2025-07-01,434,29240.29,93266.6,principal
SKU_1686_SKY,2025-07-01,213,14350.65,45773.7,principal
SKU_1687_FOR,2025-07-01,280,79076.37,251972.0,principal
SKU_1687_WHI,2025-07-01,506,142902.3,455349.4,principal
SKU_1688_WHI,2025-07-01,277,35045.92,119082.3,principal
SKU_1688_LIG,2025-07-01,560,70850.96,240744.0,principal
SKU_1689_MAG,2025-07-01,228,71939.08,219997.2,principal
SKU_1689_IVO,2025-07-01,240,75725.35,231576.0,principal
SKU_1690_MAG,2025-07-01,216,41562.8,116618.4,principal
SKU_1690_MYS,2025-07-01,413,79469.61,222978.7,principal
SKU_1691_HUN,2025-07-01,399,40705.61,123650.1,principal
SKU_1691_ROS,2025-07-01,466,47540.89,144413.4,principal
SKU_1692_OLI,2025-07-01,270,19652.46,59373.0,principal
SKU_1692_BLU,2025-07-01,245,17832.79,53875.5,principal
SKU_1693_MEX,2025-07-01,541,36691.65,110850.9,principal
SKU_1693_FLA,2025-07-01,445,30180.75,91180.5,principal
SKU_1694_PIS,2025-07-01,228,21123.49,63817.2,principal
SKU_1694_SER,2025-07-01,279,25848.49,78092.1,principal
SKU_1695_CRE,2025-07-01,226,15085.09,47437.4,principal
SKU_1695_LIM,2025-07-01,394,26298.79,82700.6,principal
SKU_1696_SER,2025-07-01,460,38239.94,128754.0,principal
SKU_1696_SHO,2025-07-01,516,42895.23,144428.4,principal
SKU_1697_PIS,2025-07-01,247,16454.28,54315.3,principal
SKU_1697_MIN,2025-07-01,488,32508.85,107311.2,principal
SKU_1698_PRI,2025-07-01,185,22861.67,77681.5,principal
SKU_1698_SNO,2025-07-01,76,9391.82,31912.4,principal
SKU_1699_CLO,2025-07-01,274,29558.38,90392.6,principal
SKU_1699_COB,2025-07-01,473,51025.96,156042.7,principal
SKU_1700_HUN,2025-07-01,471,129355.8,329652.9,principal
SKU_1700_PIS,2025-07-01,232,63716.66,162376.8,principal
SKU_1701_SPA,2025-07-01,239,30882.72,81236.1,principal
SKU_1701_BLU,2025-07-01,450,58147.37,152955.0,principal
SKU_1702_LIG,2025-07-01,524,107517.94,324827.6,principal
SKU_1702_COR,2025-07-01,525,107723.12,325447.5,principal
SKU_1703_PAS,2025-07-01,429,36820.3,115787.1,principal
SKU_1703_BLU,2025-07-01,543,46604.71,146555.7,principal
SKU_1704_BAB,2025-07-01,222,23642.6,74347.8,principal
SKU_1704_PEA,2025-07-01,459,48882.67,153719.1,principal
SKU_1705_SER,2025-07-01,441,59833.51,180765.9,principal
SKU_1705_JAD,2025-07-01,260,35275.99,106574.0,principal
SKU_1706_BLA,2025-07-01,479,28729.94,88567.1,principal
SKU_1706_JAD,2025-07-01,260,15594.54,48074.0,principal
SKU_1707_ARM,2025-07-01,461,34873.99,129033.9,principal
SKU_1707_SAP,2025-07-01,318,24056.25,89008.2,principal
SKU_1708_FLA,2025-07-01,470,25153.69,79853.0,principal
SKU_1708_FRE,2025-07-01,447,23922.77,75945.3,principal
SKU_1709_CRE,2025-07-01,491,30330.82,103060.9,principal
SKU_1709_MAR,2025-07-01,525,32431.12,110197.5,principal
SKU_1710_OLI,2025-07-01,484,116421.51,391991.6,principal
SKU_1710_MEX,2025-07-01,471,113294.48,381462.9,principal
SKU_1711_VAN,2025-07-01,463,175226.96,460638.7,principal
SKU_1711_ARM,2025-07-01,448,169550.06,445715.2,principal
SKU_1712_NAV,2025-07-01,512,30488.01,92108.8,principal
SKU_1712_MOS,2025-07-01,497,29594.81,89410.3,principal
SKU_1713_SAL,2025-07-01,502,83895.19,253459.8,principal
SKU_1713_SNO,2025-07-01,536,89577.34,270626.4,principal
SKU_1714_DEE,2025-07-01,416,40334.61,126838.4,principal
SKU_1714_MID,2025-07-01,517,50127.39,157633.3,principal
SKU_1715_HON,2025-07-01,452,31607.55,99394.8,principal
SKU_1715_JAD,2025-07-01,25,1748.21,5497.5,principal
SKU_1716_AQU,2025-07-01,136,7382.77,22426.4,principal
SKU_1716_SAL,2025-07-01,401,21768.32,66124.9,principal
SKU_1717_MIN,2025-07-01,478,36624.89,124232.2,principal
SKU_1717_CRE,2025-07-01,421,32257.49,109417.9,principal
SKU_1718_DUS,2025-07-01,465,51253.6,172003.5,principal
SKU_1718_SEA,2025-07-01,149,16423.2,55115.1,principal
SKU_1719_OFF,2025-07-01,518,47276.55,165708.2,principal
SKU_1719_WHI,2025-07-01,248,22634.33,79335.2,principal
SKU_1720_PAL,2025-07-01,256,17099.6,57574.4,principal
SKU_1720_PAS,2025-07-01,236,15763.69,53076.4,principal
SKU_1721_COR,2025-07-01,436,69642.26,183076.4,principal
SKU_1721_FRE,2025-07-01,525,83858.23,220447.5,principal
SKU_1722_AQU,2025-07-01,302,32477.65,98119.8,principal
SKU_1722_PAS,2025-07-01,446,47963.69,144905.4,principal
SKU_1723_MOS,2025-07-01,402,57868.66,174829.8,principal
SKU_1723_COB,2025-07-01,439,63194.88,190921.1,principal
SKU_1724_PIN,2025-07-01,450,159542.19,501705.0,principal
SKU_1724_PEA,2025-07-01,490,173723.72,546301.0,principal
SKU_1725_BAB,2025-07-01,34,2647.86,8326.6,principal
SKU_1725_OFF,2025-07-01,209,16276.54,51184.1,principal
SKU_1726_PAS,2025-07-01,518,73308.96,222688.2,principal
SKU_1726_BUB,2025-07-01,449,63543.86,193025.1,principal
SKU_1727_LIG,2025-07-01,438,20431.88,67846.2,principal
SKU_1727_WHI,2025-07-01,424,19778.81,65677.6,principal
SKU_1728_MID,2025-07-01,464,48052.86,153073.6,principal
SKU_1728_EGR,2025-07-01,31,3210.43,10226.9,principal
SKU_1729_FUC,2025-07-01,415,21361.32,72583.5,principal
SKU_1729_CLE,2025-07-01,495,25479.17,86575.5,principal
SKU_1730_OFF,2025-07-01,491,46650.06,157070.9,principal
SKU_1730_MIN,2025-07-01,285,27077.94,91171.5,principal
SKU_1731_MIN,2025-07-01,51,17652.42,46404.9,principal
SKU_1731_ARM,2025-07-01,430,148834.16,391257.0,principal
SKU_1732_OFF,2025-07-01,275,100931.9,306597.5,principal
SKU_1732_WHI,2025-07-01,450,165161.29,501705.0,principal
SKU_1733_NAV,2025-07-01,511,59182.44,178798.9,principal
SKU_1733_SAG,2025-07-01,446,51654.34,156055.4,principal
SKU_1734_FRE,2025-07-01,282,31377.63,98671.8,principal
SKU_1734_BRI,2025-07-01,507,56412.98,177399.3,principal
SKU_1735_MOS,2025-07-01,551,48956.95,148714.9,principal
SKU_1735_COR,2025-07-01,497,44158.99,134140.3,principal
SKU_1736_PAS,2025-07-01,244,26097.53,79275.6,principal
SKU_1736_JAD,2025-07-01,451,48237.64,146529.9,principal
SKU_1737_SAG,2025-07-01,38,9683.8,29256.2,principal
SKU_1737_DEE,2025-07-01,511,130221.66,393418.9,principal
SKU_1738_BLU,2025-07-01,228,14708.71,44437.2,principal
SKU_1738_ROY,2025-07-01,439,28320.72,85561.1,principal
SKU_1739_AQU,2025-07-01,485,40697.84,123626.5,principal
SKU_1739_MOS,2025-07-01,223,18712.62,56842.7,principal
SKU_1740_FRE,2025-07-01,229,16200.62,49212.1,principal
SKU_1740_OLI,2025-07-01,467,33037.95,100358.3,principal
SKU_1741_PEA,2025-07-01,484,38223.94,116111.6,principal
SKU_1741_PIN,2025-07-01,464,36644.44,111313.6,principal
SKU_1742_DEN,2025-07-01,246,21162.62,63935.4,principal
SKU_1742_EME,2025-07-01,49,4215.32,12735.1,principal
SKU_1743_DEE,2025-07-01,280,39168.7,123172.0,principal
SKU_1743_CLO,2025-07-01,214,29936.07,94138.6,principal
SKU_1744_LIG,2025-07-01,508,44300.18,134569.2,principal
SKU_1744_EME,2025-07-01,226,19708.35,59867.4,principal
SKU_1745_PEA,2025-07-01,267,36028.73,109443.3,principal
SKU_1745_FOR,2025-07-01,248,33464.89,101655.2,principal
SKU_1746_EME,2025-07-01,282,16700.91,50731.8,principal
SKU_1746_NAV,2025-07-01,282,16700.91,50731.8,principal
SKU_1747_FUC,2025-07-01,224,12458.48,39177.6,principal
SKU_1747_TEA,2025-07-01,143,7953.4,25010.7,principal
SKU_1748_BAB,2025-07-01,435,41451.65,134806.5,principal
SKU_1748_COB,2025-07-01,24,2286.99,7437.6,principal
SKU_1749_SNO,2025-07-01,400,40374.26,139960.0,principal
SKU_1749_BIR,2025-07-01,270,27252.63,94473.0,principal
SKU_1750_MIN,2025-07-01,397,39253.09,146850.3,principal
SKU_1750_SNO,2025-07-01,495,48942.76,183100.5,principal
SKU_1751_BLU,2025-07-01,457,44777.0,150764.3,principal
SKU_1751_MIN,2025-07-01,459,44972.96,151424.1,principal
SKU_1752_SNO,2025-07-01,457,70019.88,196464.3,principal
SKU_1752_SPA,2025-07-01,495,75842.1,212800.5,principal
SKU_1753_WHI,2025-07-01,214,64261.71,169038.6,principal
SKU_1753_PAL,2025-07-01,492,147741.88,388630.8,principal
SKU_1754_IVO,2025-07-01,47,5287.82,15975.3,principal
SKU_1754_SER,2025-07-01,470,52878.24,159753.0,principal
SKU_1755_BIR,2025-07-01,421,46414.86,140992.9,principal
SKU_1755_AQU,2025-07-01,494,54463.05,165440.6,principal
SKU_1756_FLA,2025-07-01,217,12414.18,39038.3,principal
SKU_1756_BUB,2025-07-01,231,13215.09,41556.9,principal
SKU_1757_PIN,2025-07-01,269,22660.08,71258.1,principal
SKU_1757_TUR,2025-07-01,420,35380.04,111258.0,principal
SKU_1758_CLO,2025-07-01,478,23496.51,85992.2,principal
SKU_1758_HON,2025-07-01,240,11797.41,43176.0,principal
SKU_1759_CLE,2025-07-01,457,37510.24,123344.3,principal
SKU_1759_COB,2025-07-01,473,38823.5,127662.7,principal
SKU_1760_PAS,2025-07-01,225,16547.75,56227.5,principal
SKU_1760_OFF,2025-07-01,493,36257.97,123200.7,principal
SKU_1761_MOS,2025-07-01,271,94918.64,299427.9,principal
SKU_1761_SAP,2025-07-01,235,82309.53,259651.5,principal
SKU_1762_DEN,2025-07-01,5,454.23,1274.5,principal
SKU_1762_BRI,2025-07-01,471,42788.64,120057.9,principal
SKU_1763_MAR,2025-07-01,181,17967.31,54281.9,principal
SKU_1763_HOT,2025-07-01,413,40997.23,123858.7,principal
SKU_1764_FUC,2025-07-01,479,37040.63,112517.1,principal
SKU_1764_MAR,2025-07-01,251,19409.6,58959.9,principal
SKU_1765_MYS,2025-07-01,425,35125.48,110457.5,principal
SKU_1765_PAS,2025-07-01,399,32976.63,103700.1,principal
SKU_1766_CLE,2025-07-01,461,57891.55,182048.9,principal
SKU_1766_MYS,2025-07-01,525,65928.55,207322.5,principal
SKU_1767_PRI,2025-07-01,229,14921.23,46922.1,principal
SKU_1767_FUC,2025-07-01,254,16550.18,52044.6,principal
SKU_1768_PEA,2025-07-01,276,51393.33,172472.4,principal
SKU_1768_MIN,2025-07-01,463,86214.17,289328.7,principal
SKU_1769_WHI,2025-07-01,322,29517.91,104617.8,principal
SKU_1769_EME,2025-07-01,195,17875.75,63355.5,principal
SKU_1770_JAD,2025-07-01,259,16761.59,56954.1,principal
SKU_1770_DEE,2025-07-01,459,29704.91,100934.1,principal
SKU_1771_PIN,2025-07-01,496,42964.66,131390.4,principal
SKU_1771_EME,2025-07-01,440,38113.81,116556.0,principal
SKU_1772_BLU,2025-07-01,252,41027.3,104554.8,principal
SKU_1772_SNO,2025-07-01,18,2930.52,7468.2,principal
SKU_1773_OLI,2025-07-01,261,27915.8,84798.9,principal
SKU_1773_FRE,2025-07-01,248,26525.36,80575.2,principal
SKU_1774_COB,2025-07-01,153,9969.2,31349.7,principal
SKU_1774_MOS,2025-07-01,421,27431.6,86262.9,principal
SKU_1775_PAS,2025-07-01,452,41648.67,126514.8,principal
SKU_1775_PAL,2025-07-01,456,42017.24,127634.4,principal
SKU_1776_BIR,2025-07-01,48,5241.45,15835.2,principal
SKU_1776_PAS,2025-07-01,45,4913.86,14845.5,principal
SKU_1777_TUR,2025-07-01,23,1754.63,5517.7,principal
SKU_1777_FRE,2025-07-01,271,20674.1,65012.9,principal
SKU_1778_TEA,2025-07-01,52,4903.7,14814.8,principal
SKU_1778_MIN,2025-07-01,496,46773.74,141310.4,principal
SKU_1779_LIG,2025-07-01,490,34665.09,105301.0,principal
SKU_1779_MIN,2025-07-01,277,19596.39,59527.3,principal
SKU_1780_AQU,2025-07-01,478,52987.21,160082.2,principal
SKU_1780_LIG,2025-07-01,527,58418.95,176492.3,principal
SKU_1781_CLE,2025-07-01,442,18258.22,57415.8,principal
SKU_1781_AQU,2025-07-01,484,19993.17,62871.6,principal
SKU_1782_NAV,2025-07-01,198,16377.95,49480.2,principal
SKU_1782_HUN,2025-07-01,224,18528.59,55977.6,principal
SKU_1783_EGR,2025-07-01,169,64485.03,202783.1,principal
SKU_1783_BAB,2025-07-01,521,198797.03,625147.9,principal
SKU_1784_EGR,2025-07-01,287,29439.57,88941.3,principal
SKU_1784_BLA,2025-07-01,516,52929.68,159908.4,principal
SKU_1785_HUN,2025-07-01,526,40963.93,128817.4,principal
SKU_1785_PAS,2025-07-01,468,36447.0,114613.2,principal
SKU_1786_TEA,2025-07-01,189,11193.16,34001.1,principal
SKU_1786_POW,2025-07-01,455,26946.5,81854.5,principal
SKU_1787_BAB,2025-07-01,883,81402.18,255981.7,principal
SKU_1787_BAB,2025-07-01,883,81402.18,255981.7,principal
SKU_1788_EME,2025-07-01,223,18445.87,55727.7,principal
SKU_1788_MYS,2025-07-01,484,40034.98,120951.6,principal
SKU_1789_SNO,2025-07-01,239,19630.5,64506.1,principal
SKU_1789_EME,2025-07-01,499,40985.85,134680.1,principal
SKU_1790_EGR,2025-07-01,135,10108.07,35086.5,principal
SKU_1790_ROY,2025-07-01,407,30473.96,105779.3,principal
SKU_1791_ARM,2025-07-01,269,19047.29,71258.1,principal
SKU_1791_IVO,2025-07-01,510,36111.96,135099.0,principal
SKU_1792_MIN,2025-07-01,476,62189.54,209392.4,principal
SKU_1792_AQU,2025-07-01,442,57747.43,194435.8,principal
SKU_1793_WHI,2025-07-01,242,16024.79,45955.8,principal
SKU_1793_MIN,2025-07-01,46,3046.03,8735.4,principal
SKU_1794_FLA,2025-07-01,233,18604.11,48906.7,principal
SKU_1794_LIG,2025-07-01,242,19322.72,50795.8,principal
SKU_1795_RAS,2025-07-01,445,43933.55,133455.5,principal
SKU_1795_HUN,2025-07-01,445,43933.55,133455.5,principal
SKU_1796_OLI,2025-07-01,167,27757.58,84318.3,principal
SKU_1796_SHO,2025-07-01,285,47370.73,143896.5,principal
SKU_1797_GAR,2025-07-01,206,22778.18,78259.4,principal
SKU_1797_BLU,2025-07-01,175,19350.4,66482.5,principal
SKU_1798_OFF,2025-07-01,414,54114.91,173838.6,principal
SKU_1798_MOS,2025-07-01,265,34638.77,111273.5,principal
SKU_1799_DEN,2025-07-01,269,21367.09,72603.1,principal
SKU_1799_POW,2025-07-01,519,41224.98,140078.1,principal
SKU_1800_SKY,2025-07-01,276,22943.96,77252.4,principal
SKU_1800_MOS,2025-07-01,452,37574.9,126514.8,principal
SKU_1801_MOS,2025-07-01,248,36483.47,92975.2,principal
SKU_1801_FLA,2025-07-01,296,43544.78,110970.4,principal
SKU_1000_COR,2025-08-01,0,0.0,0.0,principal
SKU_1000_EME,2025-08-01,134,8007.44,27456.6,principal
SKU_1000_ROY,2025-08-01,179,10696.51,36677.1,principal
SKU_1001_AQU,2025-08-01,92,23113.64,86470.8,principal
SKU_1001_SAP,2025-08-01,165,41453.82,155083.5,principal
SKU_1002_COR,2025-08-01,63,4839.17,14798.7,principal
SKU_1002_MYS,2025-08-01,59,4531.93,13859.1,principal
SKU_1003_SNO,2025-08-01,120,17182.41,43788.0,principal
SKU_1003_DUS,2025-08-01,160,22909.88,58384.0,principal
SKU_1004_FOR,2025-08-01,0,0.0,0.0,principal
SKU_1004_MEX,2025-08-01,97,11058.97,29090.3,principal
SKU_1005_OLI,2025-08-01,0,0.0,0.0,principal
SKU_1005_MYS,2025-08-01,0,0.0,0.0,principal
SKU_1006_MOS,2025-08-01,90,5434.94,17091.0,principal
SKU_1006_FOR,2025-08-01,81,4891.44,15381.9,principal
SKU_1007_COB,2025-08-01,148,13879.17,43645.2,principal
SKU_1007_FOR,2025-08-01,130,12191.17,38337.0,principal
SKU_1008_MEX,2025-08-01,146,15701.12,47435.4,principal
SKU_1008_WHI,2025-08-01,123,13227.65,39962.7,principal
SKU_1009_BAB,2025-08-01,169,24035.27,87018.1,principal
SKU_1009_MAG,2025-08-01,0,0.0,0.0,principal
SKU_1010_SNO,2025-08-01,120,13584.31,45588.0,principal
SKU_1010_BRI,2025-08-01,0,0.0,0.0,principal
SKU_1011_CER,2025-08-01,72,5001.93,18712.8,principal
SKU_1011_MIN,2025-08-01,54,3751.45,14034.6,principal
SKU_1012_VAN,2025-08-01,124,35719.48,120267.6,principal
SKU_1012_CLO,2025-08-01,157,45225.47,152274.3,principal
SKU_1013_LIG,2025-08-01,92,6295.92,16550.8,principal
SKU_1013_LIG,2025-08-01,92,6295.92,16550.8,principal
SKU_1014_FLA,2025-08-01,135,17869.53,53986.5,principal
SKU_1014_MIN,2025-08-01,155,20516.87,61984.5,principal
SKU_1015_ROY,2025-08-01,152,47036.69,142104.8,principal
SKU_1015_TUR,2025-08-01,51,15782.05,47679.9,principal
SKU_1016_HON,2025-08-01,55,3912.25,11819.5,principal
SKU_1016_SNO,2025-08-01,0,0.0,0.0,principal
SKU_1017_PAS,2025-08-01,164,7817.58,24583.6,principal
SKU_1017_BAL,2025-08-01,87,4147.13,13041.3,principal
SKU_1018_TEA,2025-08-01,158,6024.26,18944.2,principal
SKU_1018_ARM,2025-08-01,165,6291.15,19783.5,principal
SKU_1019_NAV,2025-08-01,65,5348.93,17218.5,principal
SKU_1019_GAR,2025-08-01,81,6665.59,21456.9,principal
SKU_1020_NAV,2025-08-01,54,3285.01,10794.6,principal
SKU_1020_LIG,2025-08-01,100,6083.36,19990.0,principal
SKU_1021_CRE,2025-08-01,87,6625.38,24786.3,principal
SKU_1021_PAS,2025-08-01,176,13403.06,50142.4,principal
SKU_1022_PAL,2025-08-01,142,14854.24,45425.8,principal
SKU_1022_DEN,2025-08-01,63,6590.26,20153.7,principal
SKU_1023_DEN,2025-08-01,142,15596.25,39745.8,principal
SKU_1023_FOR,2025-08-01,180,19769.9,50382.0,principal
SKU_1024_VAN,2025-08-01,165,13166.27,34633.5,principal
SKU_1024_DEN,2025-08-01,76,6064.46,15952.4,principal
SKU_1025_WHI,2025-08-01,119,18349.59,57703.1,principal
SKU_1025_MIN,2025-08-01,104,16036.61,50429.6,principal
SKU_1026_CLO,2025-08-01,0,0.0,0.0,principal
SKU_1026_SPA,2025-08-01,62,8468.27,25723.8,principal
SKU_1027_MAR,2025-08-01,189,25236.83,79361.1,principal
SKU_1027_BIR,2025-08-01,174,23233.91,73062.6,principal
SKU_1028_BLU,2025-08-01,99,19830.51,62360.1,principal
SKU_1028_AQU,2025-08-01,59,11818.18,37164.1,principal
SKU_1029_BLU,2025-08-01,179,13940.2,43837.1,principal
SKU_1029_BAL,2025-08-01,76,5918.74,18612.4,principal
SKU_1030_CRE,2025-08-01,92,19013.47,59790.8,principal
SKU_1030_DEN,2025-08-01,69,14260.11,44843.1,principal
SKU_1031_COR,2025-08-01,154,24207.55,73134.6,principal
SKU_1031_HON,2025-08-01,0,0.0,0.0,principal
SKU_1032_EME,2025-08-01,153,16780.76,52769.7,principal
SKU_1032_HON,2025-08-01,154,16890.44,53114.6,principal
SKU_1033_NAV,2025-08-01,164,33893.58,106583.6,principal
SKU_1033_LIM,2025-08-01,111,22940.17,72138.9,principal
SKU_1034_PAS,2025-08-01,87,6154.82,18696.3,principal
SKU_1034_PIS,2025-08-01,109,7711.21,23424.1,principal
SKU_1035_SAP,2025-08-01,172,35820.41,112642.8,principal
SKU_1035_FUC,2025-08-01,160,33321.31,104784.0,principal
SKU_1036_BIR,2025-08-01,80,19749.37,59992.0,principal
SKU_1036_MID,2025-08-01,88,21724.3,65991.2,principal
SKU_1037_PRI,2025-08-01,54,3604.4,11334.6,principal
SKU_1037_SPA,2025-08-01,107,7142.06,22459.3,principal
SKU_1038_LIG,2025-08-01,51,4133.97,12999.9,principal
SKU_1038_FLA,2025-08-01,116,9402.75,29568.4,principal
SKU_1039_ARM,2025-08-01,71,3640.3,10997.9,principal
SKU_1039_MIN,2025-08-01,87,4460.66,13476.3,principal
SKU_1040_BLA,2025-08-01,85,9145.21,29741.5,principal
SKU_1040_BAB,2025-08-01,85,9145.21,29741.5,principal
SKU_1041_EME,2025-08-01,106,6936.18,23309.4,principal
SKU_1041_SNO,2025-08-01,66,4318.75,14513.4,principal
SKU_1042_SEA,2025-08-01,124,11491.71,39047.6,principal
SKU_1042_EME,2025-08-01,163,15106.04,51328.7,principal
SKU_1043_SPA,2025-08-01,55,14291.49,48119.5,principal
SKU_1043_CER,2025-08-01,78,20267.93,68242.2,principal
SKU_1044_SER,2025-08-01,186,60841.71,159941.4,principal
SKU_1044_COR,2025-08-01,125,40888.24,107487.5,principal
SKU_1045_FOR,2025-08-01,50,4845.14,12745.0,principal
SKU_1045_BUB,2025-08-01,131,12694.26,33391.9,principal
SKU_1046_SNO,2025-08-01,0,0.0,0.0,principal
SKU_1046_PAS,2025-08-01,74,3916.59,11832.6,principal
SKU_1047_ROY,2025-08-01,168,11672.12,35263.2,principal
SKU_1047_DEE,2025-08-01,62,4307.57,13013.8,principal
SKU_1048_MAR,2025-08-01,146,11530.36,35025.4,principal
SKU_1048_PEA,2025-08-01,0,0.0,0.0,principal
SKU_1049_BAL,2025-08-01,153,38022.5,115499.7,principal
SKU_1049_LIG,2025-08-01,176,43738.3,132862.4,principal
SKU_1050_BUB,2025-08-01,0,0.0,0.0,principal
SKU_1050_PRI,2025-08-01,154,13693.84,46954.6,principal
SKU_1051_CLE,2025-08-01,126,28734.56,94487.4,principal
SKU_1051_LIG,2025-08-01,170,38768.86,127483.0,principal
SKU_1052_PAS,2025-08-01,142,13162.54,46135.8,principal
SKU_1052_FRE,2025-08-01,112,10381.72,36388.8,principal
SKU_1053_SHO,2025-08-01,0,0.0,0.0,principal
SKU_1053_NAV,2025-08-01,59,6171.83,18874.1,principal
SKU_1054_DEE,2025-08-01,105,13281.07,37264.5,principal
SKU_1054_PAS,2025-08-01,72,9107.02,25552.8,principal
SKU_1055_LIG,2025-08-01,188,70622.56,213361.2,principal
SKU_1055_PAL,2025-08-01,0,0.0,0.0,principal
SKU_1056_CRE,2025-08-01,135,10496.51,31711.5,principal
SKU_1056_OLI,2025-08-01,162,12595.81,38053.8,principal
SKU_1057_ROY,2025-08-01,58,3530.41,10724.2,principal
SKU_1057_SNO,2025-08-01,0,0.0,0.0,principal
SKU_1058_MID,2025-08-01,66,4090.56,12863.4,principal
SKU_1058_SHO,2025-08-01,122,7561.34,23777.8,principal
SKU_1059_PEA,2025-08-01,92,8773.87,27590.8,principal
SKU_1059_OFF,2025-08-01,156,14877.44,46784.4,principal
SKU_1060_CRE,2025-08-01,142,48444.87,157605.8,principal
SKU_1060_LIM,2025-08-01,59,20128.5,65484.1,principal
SKU_1061_PAS,2025-08-01,153,17694.95,62714.7,principal
SKU_1061_EGR,2025-08-01,60,6939.2,24594.0,principal
SKU_1062_OLI,2025-08-01,166,9467.22,33183.4,principal
SKU_1062_MID,2025-08-01,130,7414.09,25987.0,principal
SKU_1063_SNO,2025-08-01,111,6506.08,20523.9,principal
SKU_1063_SAP,2025-08-01,60,3516.8,11094.0,principal
SKU_1064_PRI,2025-08-01,100,6768.04,18990.0,principal
SKU_1064_BIR,2025-08-01,140,9475.25,26586.0,principal
SKU_1065_CLE,2025-08-01,141,29934.45,90930.9,principal
SKU_1065_COB,2025-08-01,126,26749.94,81257.4,principal
SKU_1066_IVO,2025-08-01,173,10301.61,31122.7,principal
SKU_1066_WHI,2025-08-01,80,4763.75,14392.0,principal
SKU_1067_EME,2025-08-01,79,6654.82,20927.1,principal
SKU_1067_WHI,2025-08-01,74,6233.63,19602.6,principal
SKU_1068_COR,2025-08-01,75,19733.39,59617.5,principal
SKU_1068_BAL,2025-08-01,0,0.0,0.0,principal
SKU_1069_OLI,2025-08-01,0,0.0,0.0,principal
SKU_1069_CRE,2025-08-01,88,15434.93,46631.2,principal
SKU_1070_LIG,2025-08-01,0,0.0,0.0,principal
SKU_1070_MID,2025-08-01,153,17466.77,52769.7,principal
SKU_1071_BAB,2025-08-01,176,15637.79,47502.4,principal
SKU_1071_SKY,2025-08-01,146,12972.26,39405.4,principal
SKU_1072_PAS,2025-08-01,152,23138.49,69904.8,principal
SKU_1072_CER,2025-08-01,133,20246.18,61166.7,principal
SKU_1073_FRE,2025-08-01,91,9635.71,29110.9,principal
SKU_1073_BLU,2025-08-01,116,12282.88,37108.4,principal
SKU_1074_JAD,2025-08-01,137,9241.07,28071.3,principal
SKU_1074_PRI,2025-08-01,174,11736.84,35652.6,principal
SKU_1075_NAV,2025-08-01,101,9311.01,29279.9,principal
SKU_1075_LIG,2025-08-01,166,15303.24,48123.4,principal
SKU_1076_BLU,2025-08-01,0,0.0,0.0,principal
SKU_1076_POW,2025-08-01,140,9904.31,30086.0,principal
SKU_1077_NAV,2025-08-01,65,4752.03,14943.5,principal
SKU_1077_MAR,2025-08-01,84,6141.09,19311.6,principal
SKU_1078_GAR,2025-08-01,0,0.0,0.0,principal
SKU_1078_BLU,2025-08-01,161,15866.26,49893.9,principal
SKU_1079_BAB,2025-08-01,103,9321.2,28314.7,principal
SKU_1079_JAD,2025-08-01,153,13846.05,42059.7,principal
SKU_1080_TEA,2025-08-01,109,16460.98,51764.1,principal
SKU_1080_MAR,2025-08-01,72,10873.31,34192.8,principal
SKU_1081_EGR,2025-08-01,58,5096.24,16234.2,principal
SKU_1081_PAS,2025-08-01,125,10983.28,34987.5,principal
SKU_1082_PIN,2025-08-01,156,10068.58,32744.4,principal
SKU_1082_LIG,2025-08-01,172,11101.25,36102.8,principal
SKU_1083_OFF,2025-08-01,56,7579.52,25754.4,principal
SKU_1083_BAB,2025-08-01,133,18001.36,61166.7,principal
SKU_1084_DUS,2025-08-01,63,20392.93,62363.7,principal
SKU_1084_PAS,2025-08-01,81,26219.48,80181.9,principal
SKU_1085_COB,2025-08-01,114,18618.18,56988.6,principal
SKU_1085_CRE,2025-08-01,84,13718.66,41991.6,principal
SKU_1086_PRI,2025-08-01,177,15620.38,39807.3,principal
SKU_1086_CRE,2025-08-01,72,6354.05,16192.8,principal
SKU_1087_BIR,2025-08-01,84,12158.91,31491.6,principal
SKU_1087_SNO,2025-08-01,142,20554.34,53235.8,principal
SKU_1088_CER,2025-08-01,130,30594.86,92937.0,principal
SKU_1088_HON,2025-08-01,141,33183.66,100800.9,principal
SKU_1089_GAR,2025-08-01,180,17545.68,60282.0,principal
SKU_1089_EGR,2025-08-01,120,11697.12,40188.0,principal
SKU_1090_PAL,2025-08-01,175,7580.7,23607.5,principal
SKU_1090_WHI,2025-08-01,88,3812.01,11871.2,principal
SKU_1091_OFF,2025-08-01,65,5471.23,20468.5,principal
SKU_1091_MOS,2025-08-01,126,10605.77,39677.4,principal
SKU_1092_TUR,2025-08-01,142,15318.58,46845.8,principal
SKU_1092_MIN,2025-08-01,186,20065.18,61361.4,principal
SKU_1093_GAR,2025-08-01,0,0.0,0.0,principal
SKU_1093_TEA,2025-08-01,83,34459.14,96686.7,principal
SKU_1094_FOR,2025-08-01,80,7143.97,18792.0,principal
SKU_1094_DEE,2025-08-01,179,15984.63,42047.1,principal
SKU_1095_COB,2025-08-01,139,18527.74,56281.1,principal
SKU_1095_MAG,2025-08-01,0,0.0,0.0,principal
SKU_1096_HOT,2025-08-01,139,12807.89,38906.1,principal
SKU_1096_CLE,2025-08-01,53,4883.58,14834.7,principal
SKU_1097_AQU,2025-08-01,0,0.0,0.0,principal
SKU_1097_PAL,2025-08-01,126,8962.62,27077.4,principal
SKU_1098_HON,2025-08-01,0,0.0,0.0,principal
SKU_1098_HUN,2025-08-01,161,18380.07,55528.9,principal
SKU_1099_SAL,2025-08-01,61,4564.04,15243.9,principal
SKU_1099_PRI,2025-08-01,84,6284.91,20991.6,principal
SKU_1100_PEA,2025-08-01,78,3940.29,14422.2,principal
SKU_1100_COB,2025-08-01,0,0.0,0.0,principal
SKU_1101_CLE,2025-08-01,0,0.0,0.0,principal
SKU_1101_DEE,2025-08-01,120,13308.33,49788.0,principal
SKU_1102_FLA,2025-08-01,189,54443.4,183311.1,principal
SKU_1102_OFF,2025-08-01,136,39176.2,131906.4,principal
SKU_1103_EGR,2025-08-01,73,3607.22,9482.7,principal
SKU_1103_LIG,2025-08-01,51,2520.11,6624.9,principal
SKU_1104_POW,2025-08-01,73,4346.92,13132.7,principal
SKU_1104_MEX,2025-08-01,118,7026.53,21228.2,principal
SKU_1105_ARM,2025-08-01,0,0.0,0.0,principal
SKU_1105_SER,2025-08-01,172,11601.93,35242.8,principal
SKU_1106_MYS,2025-08-01,118,29264.97,92028.2,principal
SKU_1106_SNO,2025-08-01,78,19344.64,60832.2,principal
SKU_1107_BAL,2025-08-01,148,48473.12,147245.2,principal
SKU_1107_PAS,2025-08-01,52,17031.1,51734.8,principal
SKU_1108_PRI,2025-08-01,115,9512.44,28738.5,principal
SKU_1108_SNO,2025-08-01,97,8023.54,24240.3,principal
SKU_1109_SAG,2025-08-01,0,0.0,0.0,principal
SKU_1109_CER,2025-08-01,187,11790.36,42991.3,principal
SKU_1110_FLA,2025-08-01,157,9913.86,36094.3,principal
SKU_1110_HUN,2025-08-01,0,0.0,0.0,principal
SKU_1111_CRE,2025-08-01,46,2580.89,9655.4,principal
SKU_1111_BLU,2025-08-01,83,4656.82,17421.7,principal
SKU_1112_MIN,2025-08-01,110,8980.98,30239.0,principal
SKU_1112_EGR,2025-08-01,89,7266.43,24466.1,principal
SKU_1113_VAN,2025-08-01,0,0.0,0.0,principal
SKU_1113_OLI,2025-08-01,0,0.0,0.0,principal
SKU_1114_GAR,2025-08-01,91,12045.39,36390.9,principal
SKU_1114_PRI,2025-08-01,131,17340.06,52386.9,principal
SKU_1115_LIM,2025-08-01,135,9602.81,29011.5,principal
SKU_1115_TEA,2025-08-01,0,0.0,0.0,principal
SKU_1116_MOS,2025-08-01,92,7265.71,22070.8,principal
SKU_1116_SNO,2025-08-01,106,8371.36,25429.4,principal
SKU_1117_MOS,2025-08-01,113,8224.92,24848.7,principal
SKU_1117_MIN,2025-08-01,159,11573.12,34964.1,principal
SKU_1118_FUC,2025-08-01,111,10834.92,32733.9,principal
SKU_1118_DUS,2025-08-01,76,7418.5,22412.4,principal
SKU_1119_PAS,2025-08-01,63,2901.47,8813.7,principal
SKU_1119_LIG,2025-08-01,0,0.0,0.0,principal
SKU_1120_AQU,2025-08-01,76,5797.9,18232.4,principal
SKU_1120_SAL,2025-08-01,141,10756.64,33825.9,principal
SKU_1121_MYS,2025-08-01,126,10365.65,31487.4,principal
SKU_1121_MIN,2025-08-01,158,12998.2,39484.2,principal
SKU_1122_ROY,2025-08-01,93,13079.7,39515.7,principal
SKU_1122_PIS,2025-08-01,178,25034.26,75632.2,principal
SKU_1123_BAB,2025-08-01,72,10245.38,30952.8,principal
SKU_1123_SER,2025-08-01,0,0.0,0.0,principal
SKU_1124_BLU,2025-08-01,172,21510.85,65342.8,principal
SKU_1124_FOR,2025-08-01,137,17133.64,52046.3,principal
SKU_1125_MIN,2025-08-01,151,7948.5,24144.9,principal
SKU_1125_SAP,2025-08-01,86,4526.96,13751.4,principal
SKU_1126_WHI,2025-08-01,145,32871.78,99310.5,principal
SKU_1126_WHI,2025-08-01,145,32871.78,99310.5,principal
SKU_1127_SAL,2025-08-01,158,10397.52,31584.2,principal
SKU_1127_BLU,2025-08-01,68,4474.88,13593.2,principal
SKU_1128_PRI,2025-08-01,141,19026.41,57795.9,principal
SKU_1128_TEA,2025-08-01,0,0.0,0.0,principal
SKU_1129_VAN,2025-08-01,123,15670.43,47342.7,principal
SKU_1129_SAG,2025-08-01,78,9937.35,30022.2,principal
SKU_1130_CRE,2025-08-01,50,3701.48,12495.0,principal
SKU_1130_MEX,2025-08-01,123,9105.63,30737.7,principal
SKU_1131_CLO,2025-08-01,147,39847.97,130080.3,principal
SKU_1131_JAD,2025-08-01,63,17077.7,55748.7,principal
SKU_1132_NAV,2025-08-01,0,0.0,0.0,principal
SKU_1132_CLE,2025-08-01,181,9316.63,31656.9,principal
SKU_1133_MOS,2025-08-01,78,21078.74,70972.2,principal
SKU_1133_PEA,2025-08-01,158,42697.97,143764.2,principal
SKU_1134_DUS,2025-08-01,68,6001.05,15293.2,principal
SKU_1134_PIN,2025-08-01,163,14384.87,36658.7,principal
SKU_1135_ROS,2025-08-01,118,8070.11,21228.2,principal
SKU_1135_MAR,2025-08-01,82,5608.04,14751.8,principal
SKU_1136_SNO,2025-08-01,113,9296.18,28238.7,principal
SKU_1136_FUC,2025-08-01,60,4936.02,14994.0,principal
SKU_1137_DEE,2025-08-01,71,9141.83,28747.9,principal
SKU_1137_PAL,2025-08-01,149,19184.97,60330.1,principal
SKU_1138_PEA,2025-08-01,155,11085.32,34859.5,principal
SKU_1138_HON,2025-08-01,124,8868.26,27887.6,principal
SKU_1139_PRI,2025-08-01,111,10651.22,32178.9,principal
SKU_1139_EGR,2025-08-01,140,13433.97,40586.0,principal
SKU_1140_SNO,2025-08-01,149,8905.58,29785.1,principal
SKU_1140_ROS,2025-08-01,0,0.0,0.0,principal
SKU_1141_SKY,2025-08-01,73,8060.79,26637.7,principal
SKU_1141_CLE,2025-08-01,183,20207.18,66776.7,principal
SKU_1142_MIN,2025-08-01,86,7813.55,29231.4,principal
SKU_1142_PAS,2025-08-01,77,6995.86,26172.3,principal
SKU_1143_IVO,2025-08-01,131,8348.93,25531.9,principal
SKU_1143_SNO,2025-08-01,58,3696.47,11304.2,principal
SKU_1144_SEA,2025-08-01,147,18447.61,48495.3,principal
SKU_1144_BUB,2025-08-01,178,22337.92,58722.2,principal
SKU_1145_MOS,2025-08-01,115,17125.44,51738.5,principal
SKU_1145_LIG,2025-08-01,0,0.0,0.0,principal
SKU_1146_FRE,2025-08-01,61,9436.16,28663.9,principal
SKU_1146_CER,2025-08-01,134,20728.6,62966.6,principal
SKU_1147_COR,2025-08-01,182,21078.68,63681.8,principal
SKU_1147_MEX,2025-08-01,0,0.0,0.0,principal
SKU_1148_TEA,2025-08-01,88,12667.77,38271.2,principal
SKU_1148_SPA,2025-08-01,160,23032.3,69584.0,principal
SKU_1149_IVO,2025-08-01,108,5491.61,17269.2,principal
SKU_1149_OLI,2025-08-01,127,6457.72,20307.3,principal
SKU_1150_SAG,2025-08-01,135,26870.12,85711.5,principal
SKU_1150_VAN,2025-08-01,171,34035.48,108567.9,principal
SKU_1151_CRE,2025-08-01,128,31653.16,103667.2,principal
SKU_1151_JAD,2025-08-01,131,32395.03,106096.9,principal
SKU_1152_CLO,2025-08-01,176,47745.77,178622.4,principal
SKU_1152_WHI,2025-08-01,108,29298.54,109609.2,principal
SKU_1153_PEA,2025-08-01,167,18594.67,62608.3,principal
SKU_1153_MOS,2025-08-01,68,7571.48,25493.2,principal
SKU_1154_VAN,2025-08-01,93,19520.21,49745.7,principal
SKU_1154_PEA,2025-08-01,116,24347.79,62048.4,principal
SKU_1155_ARM,2025-08-01,146,43009.55,113135.4,principal
SKU_1155_BAB,2025-08-01,99,29164.01,76715.1,principal
SKU_1156_FLA,2025-08-01,162,14676.91,46153.8,principal
SKU_1156_EGR,2025-08-01,91,8244.44,25925.9,principal
SKU_1157_DEE,2025-08-01,128,8001.93,24307.2,principal
SKU_1157_PAS,2025-08-01,106,6626.6,20129.4,principal
SKU_1158_AQU,2025-08-01,168,36857.22,115903.2,principal
SKU_1158_MYS,2025-08-01,96,21061.27,66230.4,principal
SKU_1159_PAS,2025-08-01,95,5656.96,17090.5,principal
SKU_1159_PRI,2025-08-01,103,6133.33,18529.7,principal
SKU_1160_DUS,2025-08-01,157,10648.04,32169.3,principal
SKU_1160_LIM,2025-08-01,57,3865.85,11679.3,principal
SKU_1161_MEX,2025-08-01,87,12235.85,36966.3,principal
SKU_1161_DUS,2025-08-01,0,0.0,0.0,principal
SKU_1162_HOT,2025-08-01,169,40838.55,128423.1,principal
SKU_1162_BUB,2025-08-01,163,39388.66,123863.7,principal
SKU_1163_HUN,2025-08-01,140,11517.39,34986.0,principal
SKU_1163_SPA,2025-08-01,141,11599.66,35235.9,principal
SKU_1164_BRI,2025-08-01,166,10552.32,33183.4,principal
SKU_1164_MIN,2025-08-01,81,5149.02,16191.9,principal
SKU_1165_HUN,2025-08-01,0,0.0,0.0,principal
SKU_1165_MAR,2025-08-01,169,18266.91,57443.1,principal
SKU_1166_PIS,2025-08-01,85,16350.45,51416.5,principal
SKU_1166_FRE,2025-08-01,145,27891.94,87710.5,principal
SKU_1167_WHI,2025-08-01,105,24872.21,78214.5,principal
SKU_1167_JAD,2025-08-01,85,20134.65,63316.5,principal
SKU_1168_GAR,2025-08-01,140,35213.77,106386.0,principal
SKU_1168_BLU,2025-08-01,0,0.0,0.0,principal
SKU_1169_BUB,2025-08-01,124,7882.46,24787.6,principal
SKU_1169_MEX,2025-08-01,132,8391.0,26386.8,principal
SKU_1170_GAR,2025-08-01,110,32406.12,98439.0,principal
SKU_1170_OFF,2025-08-01,65,19149.07,58168.5,principal
SKU_1171_MIN,2025-08-01,68,3849.39,12573.2,principal
SKU_1171_EME,2025-08-01,128,7245.92,23667.2,principal
SKU_1172_ARM,2025-08-01,51,5632.31,18354.9,principal
SKU_1172_PIN,2025-08-01,53,5853.19,19074.7,principal
SKU_1173_GAR,2025-08-01,57,4946.98,16809.3,principal
SKU_1173_AQU,2025-08-01,61,5294.13,17988.9,principal
SKU_1174_PEA,2025-08-01,92,6121.52,19310.8,principal
SKU_1174_BLU,2025-08-01,79,5256.53,16582.1,principal
SKU_1175_FUC,2025-08-01,58,5114.23,15654.2,principal
SKU_1175_CLE,2025-08-01,77,6789.58,20782.3,principal
SKU_1176_GAR,2025-08-01,183,22617.33,59456.7,principal
SKU_1176_NAV,2025-08-01,165,20392.67,53608.5,principal
SKU_1177_MIN,2025-08-01,157,12399.09,37664.3,principal
SKU_1177_PEA,2025-08-01,97,7660.58,23270.3,principal
SKU_1178_RAS,2025-08-01,159,16174.78,50864.1,principal
SKU_1178_MID,2025-08-01,118,12003.93,37748.2,principal
SKU_1179_TUR,2025-08-01,123,13294.85,41807.7,principal
SKU_1179_VAN,2025-08-01,157,16969.85,53364.3,principal
SKU_1180_ROY,2025-08-01,147,22440.86,77895.3,principal
SKU_1180_AQU,2025-08-01,92,14044.62,48750.8,principal
SKU_1181_AQU,2025-08-01,169,15170.5,48993.1,principal
SKU_1181_SER,2025-08-01,116,10412.89,33628.4,principal
SKU_1182_BIR,2025-08-01,106,26870.94,89029.4,principal
SKU_1182_PIN,2025-08-01,112,28391.94,94068.8,principal
SKU_1183_POW,2025-08-01,107,23194.14,69539.3,principal
SKU_1183_MOS,2025-08-01,162,35116.36,105283.8,principal
SKU_1184_HOT,2025-08-01,128,15249.11,43507.2,principal
SKU_1184_BAB,2025-08-01,0,0.0,0.0,principal
SKU_1185_BAL,2025-08-01,76,28479.29,75232.4,principal
SKU_1185_MAG,2025-08-01,122,45716.75,120767.8,principal
SKU_1186_FLA,2025-08-01,0,0.0,0.0,principal
SKU_1186_MEX,2025-08-01,151,23606.9,71709.9,principal
SKU_1187_JAD,2025-08-01,79,8103.58,24482.1,principal
SKU_1187_OLI,2025-08-01,108,11078.31,33469.2,principal
SKU_1188_TEA,2025-08-01,57,4526.19,13674.3,principal
SKU_1188_BAB,2025-08-01,63,5002.63,15113.7,principal
SKU_1189_FUC,2025-08-01,0,0.0,0.0,principal
SKU_1189_ROY,2025-08-01,176,13684.33,41342.4,principal
SKU_1190_TEA,2025-08-01,87,14669.37,50451.3,principal
SKU_1190_MAG,2025-08-01,120,20233.62,69588.0,principal
SKU_1191_MIN,2025-08-01,52,2993.03,9614.8,principal
SKU_1191_MYS,2025-08-01,118,6791.87,21818.2,principal
SKU_1192_MAR,2025-08-01,79,5087.08,18557.1,principal
SKU_1192_RAS,2025-08-01,0,0.0,0.0,principal
SKU_1193_CLE,2025-08-01,108,15185.9,48049.2,principal
SKU_1193_ROS,2025-08-01,66,9280.27,29363.4,principal
SKU_1194_FLA,2025-08-01,105,8097.66,23089.5,principal
SKU_1194_SAG,2025-08-01,90,6940.85,19791.0,principal
SKU_1195_HUN,2025-08-01,114,18264.54,53568.6,principal
SKU_1195_SAL,2025-08-01,0,0.0,0.0,principal
SKU_1196_PEA,2025-08-01,0,0.0,0.0,principal
SKU_1196_RAS,2025-08-01,0,0.0,0.0,principal
SKU_1197_ROS,2025-08-01,95,24859.7,75515.5,principal
SKU_1197_COR,2025-08-01,57,14915.82,45309.3,principal
SKU_1198_SEA,2025-08-01,126,13418.77,42197.4,principal
SKU_1198_SAL,2025-08-01,64,6815.88,21433.6,principal
SKU_1199_PAL,2025-08-01,133,7652.83,27916.7,principal
SKU_1199_TEA,2025-08-01,114,6559.57,23928.6,principal
SKU_1200_MID,2025-08-01,176,9375.52,31662.4,principal
SKU_1200_PAS,2025-08-01,134,7138.18,24106.6,principal
SKU_1201_BIR,2025-08-01,0,0.0,0.0,principal
SKU_1201_SAG,2025-08-01,153,23631.83,74189.7,principal
SKU_1202_LIG,2025-08-01,160,47448.82,130384.0,principal
SKU_1202_CLE,2025-08-01,152,45076.38,123864.8,principal
SKU_1203_OFF,2025-08-01,0,0.0,0.0,principal
SKU_1203_FLA,2025-08-01,101,27889.34,76749.9,principal
SKU_1204_AQU,2025-08-01,44,5939.67,15395.6,principal
SKU_1204_MIN,2025-08-01,138,18628.96,48286.2,principal
SKU_1205_RAS,2025-08-01,109,28679.2,86644.1,principal
SKU_1205_COR,2025-08-01,82,21575.18,65181.8,principal
SKU_1206_HUN,2025-08-01,133,18265.14,55181.7,principal
SKU_1206_BLA,2025-08-01,53,7278.59,21989.7,principal
SKU_1207_POW,2025-08-01,113,37939.87,115248.7,principal
SKU_1207_BLA,2025-08-01,67,22495.32,68333.3,principal
SKU_1208_PAS,2025-08-01,84,20587.27,54171.6,principal
SKU_1208_MOS,2025-08-01,84,20587.27,54171.6,principal
SKU_1209_BLA,2025-08-01,117,12628.14,32748.3,principal
SKU_1209_DUS,2025-08-01,94,10145.68,26310.6,principal
SKU_1210_SHO,2025-08-01,112,8977.25,22948.8,principal
SKU_1210_WHI,2025-08-01,146,11702.49,29915.4,principal
SKU_1211_GAR,2025-08-01,169,17797.57,54063.1,principal
SKU_1211_CRE,2025-08-01,179,18850.68,57262.1,principal
SKU_1212_COB,2025-08-01,179,12517.15,39362.1,principal
SKU_1212_SNO,2025-08-01,97,6783.04,21330.3,principal
SKU_1213_MAG,2025-08-01,95,27361.62,83115.5,principal
SKU_1213_POW,2025-08-01,81,23329.38,70866.9,principal
SKU_1214_BLA,2025-08-01,113,10624.55,33888.7,principal
SKU_1214_RAS,2025-08-01,119,11188.68,35688.1,principal
SKU_1215_MAG,2025-08-01,130,8971.46,28587.0,principal
SKU_1215_BRI,2025-08-01,63,4347.71,13853.7,principal
SKU_1216_WHI,2025-08-01,170,25896.83,96883.0,principal
SKU_1216_CRE,2025-08-01,171,26049.16,97452.9,principal
SKU_1217_ROS,2025-08-01,106,27550.28,86909.4,principal
SKU_1217_RAS,2025-08-01,95,24691.29,77890.5,principal
SKU_1218_BLU,2025-08-01,103,26469.22,67454.7,principal
SKU_1218_SNO,2025-08-01,50,12849.14,32745.0,principal
SKU_1219_MAR,2025-08-01,129,19366.15,50942.1,principal
SKU_1219_LIM,2025-08-01,0,0.0,0.0,principal
SKU_1220_TUR,2025-08-01,87,8780.21,26526.3,principal
SKU_1220_HOT,2025-08-01,56,5651.63,17074.4,principal
SKU_1221_SAG,2025-08-01,121,28277.48,88922.9,principal
SKU_1221_PAL,2025-08-01,0,0.0,0.0,principal
SKU_1222_PAS,2025-08-01,101,28092.25,85334.9,principal
SKU_1222_HON,2025-08-01,115,31986.22,97163.5,principal
SKU_1223_TEA,2025-08-01,176,8395.39,25502.4,principal
SKU_1223_BLA,2025-08-01,87,4149.99,12606.3,principal
SKU_1224_OLI,2025-08-01,0,0.0,0.0,principal
SKU_1224_ARM,2025-08-01,61,8276.01,25308.9,principal
SKU_1225_POW,2025-08-01,112,7291.4,24068.8,principal
SKU_1225_IVO,2025-08-01,171,11132.41,36747.9,principal
SKU_1226_PAL,2025-08-01,166,22964.77,80493.4,principal
SKU_1226_LIG,2025-08-01,135,18676.17,65461.5,principal
SKU_1227_CLO,2025-08-01,117,13896.13,46788.3,principal
SKU_1227_PAS,2025-08-01,137,16271.53,54786.3,principal
SKU_1228_WHI,2025-08-01,173,19679.92,50152.7,principal
SKU_1228_SPA,2025-08-01,83,9441.81,24061.7,principal
SKU_1229_SAL,2025-08-01,79,22363.25,67932.1,principal
SKU_1229_CLO,2025-08-01,143,40480.31,122965.7,principal
SKU_1230_ROS,2025-08-01,118,15534.36,47188.2,principal
SKU_1230_NAV,2025-08-01,134,17640.71,53586.6,principal
SKU_1231_LIG,2025-08-01,134,21285.48,64306.6,principal
SKU_1231_BIR,2025-08-01,0,0.0,0.0,principal
SKU_1232_AQU,2025-08-01,54,6343.48,19164.6,principal
SKU_1232_FOR,2025-08-01,0,0.0,0.0,principal
SKU_1233_JAD,2025-08-01,93,7344.68,22310.7,principal
SKU_1233_SEA,2025-08-01,140,11056.51,33586.0,principal
SKU_1234_MOS,2025-08-01,62,4120.94,12703.8,principal
SKU_1234_SAL,2025-08-01,0,0.0,0.0,principal
SKU_1235_HUN,2025-08-01,0,0.0,0.0,principal
SKU_1235_COR,2025-08-01,143,19383.94,67195.7,principal
SKU_1236_DEE,2025-08-01,100,17666.9,56990.0,principal
SKU_1236_LIM,2025-08-01,185,32683.76,105431.5,principal
SKU_1237_BAB,2025-08-01,100,28527.15,99990.0,principal
SKU_1237_GAR,2025-08-01,171,48781.42,170982.9,principal
SKU_1238_SAP,2025-08-01,134,19535.63,61626.6,principal
SKU_1238_TUR,2025-08-01,0,0.0,0.0,principal
SKU_1239_BAB,2025-08-01,56,6601.61,17354.4,principal
SKU_1239_MID,2025-08-01,58,6837.39,17974.2,principal
SKU_1240_PAL,2025-08-01,192,63200.08,191980.8,principal
SKU_1240_MOS,2025-08-01,0,0.0,0.0,principal
SKU_1241_BAL,2025-08-01,66,7819.62,23753.4,principal
SKU_1241_FLA,2025-08-01,69,8175.06,24833.1,principal
SKU_1242_AQU,2025-08-01,167,16723.08,52588.3,principal
SKU_1242_SKY,2025-08-01,167,16723.08,52588.3,principal
SKU_1243_SNO,2025-08-01,87,7052.39,21306.3,principal
SKU_1243_PIN,2025-08-01,178,14429.02,43592.2,principal
SKU_1244_COB,2025-08-01,178,16409.5,51602.2,principal
SKU_1244_GAR,2025-08-01,85,7836.0,24641.5,principal
SKU_1245_COB,2025-08-01,87,5383.61,18261.3,principal
SKU_1245_SNO,2025-08-01,0,0.0,0.0,principal
SKU_1246_PAL,2025-08-01,116,9550.3,34208.4,principal
SKU_1246_COR,2025-08-01,78,6421.75,23002.2,principal
SKU_1247_SAP,2025-08-01,56,2874.23,10074.4,principal
SKU_1247_SKY,2025-08-01,124,6364.36,22307.6,principal
SKU_1248_AQU,2025-08-01,58,3222.32,9854.2,principal
SKU_1248_SAG,2025-08-01,86,4777.93,14611.4,principal
SKU_1249_WHI,2025-08-01,97,9958.99,26180.3,principal
SKU_1249_ARM,2025-08-01,154,15811.17,41564.6,principal
SKU_1250_AQU,2025-08-01,83,7101.4,21571.7,principal
SKU_1250_BAB,2025-08-01,105,8983.7,27289.5,principal
SKU_1251_SHO,2025-08-01,67,20289.68,61633.3,principal
SKU_1251_COB,2025-08-01,0,0.0,0.0,principal
SKU_1252_NAV,2025-08-01,108,7723.97,24289.2,principal
SKU_1252_FLA,2025-08-01,74,5292.35,16642.6,principal
SKU_1253_SEA,2025-08-01,181,21444.71,65141.9,principal
SKU_1253_FRE,2025-08-01,114,13506.62,41028.6,principal
SKU_1254_SEA,2025-08-01,0,0.0,0.0,principal
SKU_1254_BAB,2025-08-01,45,2828.56,8545.5,principal
SKU_1255_VAN,2025-08-01,42,6261.4,20155.8,principal
SKU_1255_SHO,2025-08-01,178,26536.41,85422.2,principal
SKU_1256_SEA,2025-08-01,157,31051.08,102034.3,principal
SKU_1256_MID,2025-08-01,176,34808.85,114382.4,principal
SKU_1257_SPA,2025-08-01,86,5027.39,17621.4,principal
SKU_1257_EME,2025-08-01,85,4968.93,17416.5,principal
SKU_1258_AQU,2025-08-01,93,7316.8,24635.7,principal
SKU_1258_LIG,2025-08-01,0,0.0,0.0,principal
SKU_1259_ARM,2025-08-01,75,9620.13,26992.5,principal
SKU_1259_POW,2025-08-01,0,0.0,0.0,principal
SKU_1260_WHI,2025-08-01,154,17326.06,52344.6,principal
SKU_1260_ROY,2025-08-01,174,19576.2,59142.6,principal
SKU_1261_PAS,2025-08-01,283,46106.67,140056.7,principal
SKU_1261_PAS,2025-08-01,283,46106.67,140056.7,principal
SKU_1262_BLU,2025-08-01,165,15013.66,45358.5,principal
SKU_1262_OFF,2025-08-01,0,0.0,0.0,principal
SKU_1263_COB,2025-08-01,0,0.0,0.0,principal
SKU_1263_SKY,2025-08-01,145,8826.02,26810.5,principal
SKU_1264_EGR,2025-08-01,190,37152.26,116831.0,principal
SKU_1264_BRI,2025-08-01,128,25028.89,78707.2,principal
SKU_1265_CRE,2025-08-01,113,8224.92,24848.7,principal
SKU_1265_JAD,2025-08-01,113,8224.92,24848.7,principal
SKU_1266_MEX,2025-08-01,109,10761.25,32689.1,principal
SKU_1266_SPA,2025-08-01,177,17474.69,53082.3,principal
SKU_1267_SKY,2025-08-01,137,15186.71,45881.3,principal
SKU_1267_SAP,2025-08-01,0,0.0,0.0,principal
SKU_1268_MYS,2025-08-01,85,9052.35,28466.5,principal
SKU_1268_MAR,2025-08-01,105,11182.31,35164.5,principal
SKU_1269_BAB,2025-08-01,111,37999.19,115428.9,principal
SKU_1269_CER,2025-08-01,58,19855.43,60314.2,principal
SKU_1270_CRE,2025-08-01,187,11690.32,35511.3,principal
SKU_1270_TUR,2025-08-01,129,8064.45,24497.1,principal
SKU_1271_OLI,2025-08-01,89,26073.0,79201.1,principal
SKU_1271_FLA,2025-08-01,50,14647.75,44495.0,principal
SKU_1272_PAS,2025-08-01,0,0.0,0.0,principal
SKU_1272_TEA,2025-08-01,109,13706.41,41409.1,principal
SKU_1273_PAS,2025-08-01,130,31620.97,99437.0,principal
SKU_1273_EGR,2025-08-01,0,0.0,0.0,principal
SKU_1274_MEX,2025-08-01,120,10108.58,31788.0,principal
SKU_1274_BAL,2025-08-01,177,14910.16,46887.3,principal
SKU_1275_MIN,2025-08-01,161,9799.92,29768.9,principal
SKU_1275_BIR,2025-08-01,113,6878.21,20893.7,principal
SKU_1276_WHI,2025-08-01,0,0.0,0.0,principal
SKU_1276_LIG,2025-08-01,184,9271.2,32181.6,principal
SKU_1277_MYS,2025-08-01,121,8662.94,32052.9,principal
SKU_1277_BAB,2025-08-01,230,16466.74,60927.0,principal
SKU_1278_BAB,2025-08-01,93,27326.23,95780.7,principal
SKU_1278_MOS,2025-08-01,215,63173.55,221428.5,principal
SKU_1279_FUC,2025-08-01,247,33371.01,112360.3,principal
SKU_1279_IVO,2025-08-01,183,24724.27,83246.7,principal
SKU_1280_LIM,2025-08-01,234,41690.46,116976.6,principal
SKU_1280_PRI,2025-08-01,0,0.0,0.0,principal
SKU_1281_PIS,2025-08-01,93,18734.55,49280.7,principal
SKU_1281_CER,2025-08-01,0,0.0,0.0,principal
SKU_1282_PIN,2025-08-01,174,12376.95,37392.6,principal
SKU_1282_BAL,2025-08-01,91,6473.0,19555.9,principal
SKU_1283_SNO,2025-08-01,280,16908.7,53172.0,principal
SKU_1283_BAB,2025-08-01,177,10688.71,33612.3,principal
SKU_1284_COR,2025-08-01,0,0.0,0.0,principal
SKU_1284_HOT,2025-08-01,212,49544.2,150498.8,principal
SKU_1285_WHI,2025-08-01,158,46017.01,139024.2,principal
SKU_1285_CLO,2025-08-01,251,73102.97,220854.9,principal
SKU_1286_MAR,2025-08-01,79,5820.38,19347.1,principal
SKU_1286_HOT,2025-08-01,187,13777.36,45796.3,principal
SKU_1287_NAV,2025-08-01,136,15231.77,51666.4,principal
SKU_1287_CER,2025-08-01,112,12543.81,42548.8,principal
SKU_1288_SAG,2025-08-01,73,5153.99,17512.7,principal
SKU_1288_BAB,2025-08-01,265,18709.68,63573.5,principal
SKU_1289_AQU,2025-08-01,463,155927.89,476843.7,principal
SKU_1289_AQU,2025-08-01,463,155927.89,476843.7,principal
SKU_1290_BIR,2025-08-01,240,46095.35,121176.0,principal
SKU_1290_PIN,2025-08-01,0,0.0,0.0,principal
SKU_1291_SAL,2025-08-01,68,5370.31,16313.2,principal
SKU_1291_SPA,2025-08-01,136,10740.61,32626.4,principal
SKU_1292_TEA,2025-08-01,238,24413.3,73756.2,principal
SKU_1292_FLA,2025-08-01,190,19489.61,58881.0,principal
SKU_1293_TEA,2025-08-01,202,20275.36,61589.8,principal
SKU_1293_OFF,2025-08-01,87,8732.46,26526.3,principal
SKU_1294_SEA,2025-08-01,67,4433.18,13393.3,principal
SKU_1294_COR,2025-08-01,0,0.0,0.0,principal
SKU_1295_PIS,2025-08-01,257,43562.81,132329.3,principal
SKU_1295_FLA,2025-08-01,0,0.0,0.0,principal
SKU_1296_DEE,2025-08-01,223,40460.92,144927.7,principal
SKU_1296_PEA,2025-08-01,0,0.0,0.0,principal
SKU_1297_WHI,2025-08-01,0,0.0,0.0,principal
SKU_1297_MIN,2025-08-01,227,14724.65,52187.3,principal
SKU_1298_OFF,2025-08-01,0,0.0,0.0,principal
SKU_1298_IVO,2025-08-01,0,0.0,0.0,principal
SKU_1299_BRI,2025-08-01,0,0.0,0.0,principal
SKU_1299_HOT,2025-08-01,90,5877.93,19791.0,principal
SKU_1300_BIR,2025-08-01,0,0.0,0.0,principal
SKU_1300_TEA,2025-08-01,172,70489.79,197782.8,principal
SKU_1301_AQU,2025-08-01,224,40181.36,122057.6,principal
SKU_1301_GAR,2025-08-01,265,47535.99,144398.5,principal
SKU_1302_EME,2025-08-01,133,18384.73,55846.7,principal
SKU_1302_DUS,2025-08-01,181,25019.83,76001.9,principal
SKU_1303_BIR,2025-08-01,136,7423.14,22426.4,principal
SKU_1303_SAP,2025-08-01,170,9278.92,28033.0,principal
SKU_1304_TUR,2025-08-01,236,37141.26,116796.4,principal
SKU_1304_GAR,2025-08-01,253,39816.68,125209.7,principal
SKU_1305_MAR,2025-08-01,158,18199.56,55284.2,principal
SKU_1305_OFF,2025-08-01,120,13822.45,41988.0,principal
SKU_1306_FRE,2025-08-01,130,35548.27,111787.0,principal
SKU_1306_SPA,2025-08-01,85,23243.1,73091.5,principal
SKU_1307_MAG,2025-08-01,187,13611.15,41121.3,principal
SKU_1307_FOR,2025-08-01,282,20525.91,62011.8,principal
SKU_1308_PAS,2025-08-01,161,22376.89,67603.9,principal
SKU_1308_CER,2025-08-01,230,31966.99,96577.0,principal
SKU_1309_OLI,2025-08-01,0,0.0,0.0,principal
SKU_1309_LIG,2025-08-01,209,25106.14,76264.1,principal
SKU_1310_MOS,2025-08-01,137,10878.75,32866.3,principal
SKU_1310_EGR,2025-08-01,229,18184.18,54937.1,principal
SKU_1311_BAB,2025-08-01,231,66912.17,203256.9,principal
SKU_1311_NAV,2025-08-01,268,77629.71,235813.2,principal
SKU_1312_HOT,2025-08-01,251,20761.94,62724.9,principal
SKU_1312_NAV,2025-08-01,0,0.0,0.0,principal
SKU_1313_SPA,2025-08-01,131,40317.75,122471.9,principal
SKU_1313_SHO,2025-08-01,0,0.0,0.0,principal
SKU_1314_BLU,2025-08-01,130,12406.56,37687.0,principal
SKU_1314_SNO,2025-08-01,0,0.0,0.0,principal
SKU_1315_WHI,2025-08-01,214,24430.65,73808.6,principal
SKU_1315_BLA,2025-08-01,170,19407.52,58633.0,principal
SKU_1316_DEN,2025-08-01,80,13560.41,41192.0,principal
SKU_1316_AQU,2025-08-01,85,14407.93,43766.5,principal
SKU_1317_BLU,2025-08-01,0,0.0,0.0,principal
SKU_1317_ROS,2025-08-01,231,15107.02,49641.9,principal
SKU_1318_PAS,2025-08-01,262,19936.6,62853.8,principal
SKU_1318_MYS,2025-08-01,0,0.0,0.0,principal
SKU_1319_MAR,2025-08-01,100,5417.85,18990.0,principal
SKU_1319_ROS,2025-08-01,264,14303.12,50133.6,principal
SKU_1320_PIS,2025-08-01,0,0.0,0.0,principal
SKU_1320_FOR,2025-08-01,184,8191.74,27581.6,principal
SKU_1321_FLA,2025-08-01,169,9112.32,25333.1,principal
SKU_1321_SER,2025-08-01,216,11646.51,32378.4,principal
SKU_1322_MOS,2025-08-01,0,0.0,0.0,principal
SKU_1322_IVO,2025-08-01,165,20706.5,54433.5,principal
SKU_1323_AQU,2025-08-01,179,20035.54,51892.1,principal
SKU_1323_FRE,2025-08-01,148,16565.7,42905.2,principal
SKU_1324_MID,2025-08-01,157,17143.91,51794.3,principal
SKU_1324_SNO,2025-08-01,280,30575.13,92372.0,principal
SKU_1325_LIG,2025-08-01,262,24409.74,78573.8,principal
SKU_1325_PEA,2025-08-01,105,9782.53,31489.5,principal
SKU_1326_PAS,2025-08-01,165,24297.26,83308.5,principal
SKU_1326_BAB,2025-08-01,239,35194.21,120671.1,principal
SKU_1327_GAR,2025-08-01,241,17870.02,62635.9,principal
SKU_1327_HON,2025-08-01,210,15571.39,54579.0,principal
SKU_1328_EGR,2025-08-01,195,15341.68,51655.5,principal
SKU_1328_LIG,2025-08-01,0,0.0,0.0,principal
SKU_1329_NAV,2025-08-01,92,9013.64,25290.8,principal
SKU_1329_MIN,2025-08-01,128,12540.72,35187.2,principal
SKU_1330_PRI,2025-08-01,174,17848.38,53922.6,principal
SKU_1330_LIM,2025-08-01,276,28311.22,85532.4,principal
SKU_1331_ARM,2025-08-01,210,18691.72,58779.0,principal
SKU_1331_AQU,2025-08-01,235,20916.93,65776.5,principal
SKU_1332_MOS,2025-08-01,156,8514.78,25724.4,principal
SKU_1332_MOS,2025-08-01,156,8514.78,25724.4,principal
SKU_1333_PIS,2025-08-01,217,13639.95,41208.3,principal
SKU_1333_MOS,2025-08-01,147,9239.96,27915.3,principal
SKU_1334_TEA,2025-08-01,81,12330.38,37251.9,principal
SKU_1334_ROY,2025-08-01,0,0.0,0.0,principal
SKU_1335_CRE,2025-08-01,115,13080.39,43688.5,principal
SKU_1335_BRI,2025-08-01,0,0.0,0.0,principal
SKU_1336_LIM,2025-08-01,161,15391.0,56333.9,principal
SKU_1336_PIN,2025-08-01,204,19501.64,71379.6,principal
SKU_1337_DUS,2025-08-01,98,5332.77,18120.2,principal
SKU_1337_MAG,2025-08-01,239,13005.44,44191.1,principal
SKU_1338_OLI,2025-08-01,104,6968.24,21309.6,principal
SKU_1338_PAS,2025-08-01,174,11658.4,35652.6,principal
SKU_1339_JAD,2025-08-01,178,19659.81,55162.2,principal
SKU_1339_EME,2025-08-01,203,22421.02,62909.7,principal
SKU_1340_SNO,2025-08-01,0,0.0,0.0,principal
SKU_1340_POW,2025-08-01,253,95355.97,289659.7,principal
SKU_1341_HOT,2025-08-01,225,12871.84,40477.5,principal
SKU_1341_PEA,2025-08-01,97,5549.2,17450.3,principal
SKU_1342_CRE,2025-08-01,197,21919.84,68930.3,principal
SKU_1342_BAB,2025-08-01,86,9569.07,30091.4,principal
SKU_1343_NAV,2025-08-01,92,9589.33,28970.8,principal
SKU_1343_IVO,2025-08-01,200,20846.38,62980.0,principal
SKU_1344_PAS,2025-08-01,206,20628.47,64869.4,principal
SKU_1344_MID,2025-08-01,132,13218.24,41566.8,principal
SKU_1345_ARM,2025-08-01,128,42121.26,153587.2,principal
SKU_1345_FOR,2025-08-01,132,43437.55,158386.8,principal
SKU_1346_HON,2025-08-01,208,16152.97,55099.2,principal
SKU_1346_PEA,2025-08-01,93,7222.24,24635.7,principal
SKU_1347_DUS,2025-08-01,0,0.0,0.0,principal
SKU_1347_LIM,2025-08-01,150,11623.54,43485.0,principal
SKU_1348_NAV,2025-08-01,240,51004.15,155976.0,principal
SKU_1348_PIS,2025-08-01,0,0.0,0.0,principal
SKU_1349_HON,2025-08-01,213,17543.69,44708.7,principal
SKU_1349_SEA,2025-08-01,84,6918.64,17631.6,principal
SKU_1350_SNO,2025-08-01,96,9052.98,27350.4,principal
SKU_1350_BAB,2025-08-01,211,19897.7,60113.9,principal
SKU_1351_SAG,2025-08-01,208,47498.24,143499.2,principal
SKU_1351_HON,2025-08-01,255,58231.01,175924.5,principal
SKU_1352_CER,2025-08-01,233,21586.73,65216.7,principal
SKU_1352_HUN,2025-08-01,155,14360.27,43384.5,principal
SKU_1353_MAG,2025-08-01,241,15148.51,45765.9,principal
SKU_1353_MAR,2025-08-01,286,17977.07,54311.4,principal
SKU_1354_AQU,2025-08-01,273,83122.24,252497.7,principal
SKU_1354_CLE,2025-08-01,161,49020.81,148908.9,principal
SKU_1355_PAS,2025-08-01,252,14509.42,44074.8,principal
SKU_1355_DEE,2025-08-01,130,7485.02,22737.0,principal
SKU_1356_BLU,2025-08-01,139,9833.57,29871.1,principal
SKU_1356_DEN,2025-08-01,0,0.0,0.0,principal
SKU_1357_BRI,2025-08-01,117,25749.58,77793.3,principal
SKU_1357_BLU,2025-08-01,264,58101.62,175533.6,principal
SKU_1358_DUS,2025-08-01,114,7502.01,22788.6,principal
SKU_1358_MAR,2025-08-01,150,9871.06,29985.0,principal
SKU_1359_BLU,2025-08-01,114,15403.47,48438.6,principal
SKU_1359_NAV,2025-08-01,117,15808.83,49713.3,principal
SKU_1360_WHI,2025-08-01,259,27424.71,82854.1,principal
SKU_1360_FRE,2025-08-01,0,0.0,0.0,principal
SKU_1361_MEX,2025-08-01,256,15459.38,48614.4,principal
SKU_1361_BLU,2025-08-01,109,6582.31,20699.1,principal
SKU_1362_POW,2025-08-01,256,77736.5,244454.4,principal
SKU_1362_SEA,2025-08-01,137,41601.17,130821.3,principal
SKU_1363_RAS,2025-08-01,134,40477.14,127286.6,principal
SKU_1363_HUN,2025-08-01,236,71288.1,224176.4,principal
SKU_1364_OFF,2025-08-01,196,28664.65,90140.4,principal
SKU_1364_TEA,2025-08-01,0,0.0,0.0,principal
SKU_1365_BUB,2025-08-01,0,0.0,0.0,principal
SKU_1365_NAV,2025-08-01,0,0.0,0.0,principal
SKU_1366_TEA,2025-08-01,209,28094.89,91939.1,principal
SKU_1366_PAL,2025-08-01,191,25675.23,84020.9,principal
SKU_1367_VAN,2025-08-01,100,5510.94,17990.0,principal
SKU_1367_BLA,2025-08-01,208,11462.76,37419.2,principal
SKU_1368_SNO,2025-08-01,165,35065.8,122908.5,principal
SKU_1368_TUR,2025-08-01,147,31240.44,109500.3,principal
SKU_1369_SNO,2025-08-01,118,5981.22,18868.2,principal
SKU_1369_RAS,2025-08-01,198,10036.28,31660.2,principal
SKU_1370_PRI,2025-08-01,0,0.0,0.0,principal
SKU_1370_MYS,2025-08-01,254,17930.56,45694.6,principal
SKU_1371_WHI,2025-08-01,198,18016.4,54430.2,principal
SKU_1371_HOT,2025-08-01,0,0.0,0.0,principal
SKU_1372_SEA,2025-08-01,113,12713.28,38408.7,principal
SKU_1372_DEN,2025-08-01,155,17438.57,52684.5,principal
SKU_1373_SKY,2025-08-01,91,5688.87,17280.9,principal
SKU_1373_CRE,2025-08-01,192,12002.9,36460.8,principal
SKU_1374_SAL,2025-08-01,0,0.0,0.0,principal
SKU_1374_BLU,2025-08-01,0,0.0,0.0,principal
SKU_1375_COR,2025-08-01,209,18325.52,55364.1,principal
SKU_1375_CLE,2025-08-01,213,18676.24,56423.7,principal
SKU_1376_SNO,2025-08-01,154,12290.61,43874.6,principal
SKU_1376_BIR,2025-08-01,155,12370.42,44159.5,principal
SKU_1377_PRI,2025-08-01,0,0.0,0.0,principal
SKU_1377_CLO,2025-08-01,201,15808.22,52239.9,principal
SKU_1378_SPA,2025-08-01,80,4676.64,16392.0,principal
SKU_1378_MOS,2025-08-01,223,13036.13,45692.7,principal
SKU_1379_SNO,2025-08-01,183,28129.53,88736.7,principal
SKU_1379_WHI,2025-08-01,258,39658.03,125104.2,principal
SKU_1380_TUR,2025-08-01,0,0.0,0.0,principal
SKU_1380_MIN,2025-08-01,231,20839.15,53106.9,principal
SKU_1381_WHI,2025-08-01,153,13921.76,42059.7,principal
SKU_1381_PAS,2025-08-01,115,10464.07,31613.5,principal
SKU_1382_ARM,2025-08-01,217,13104.24,41208.3,principal
SKU_1382_HOT,2025-08-01,126,7608.91,23927.4,principal
SKU_1383_CLE,2025-08-01,186,11075.72,33461.4,principal
SKU_1383_TUR,2025-08-01,249,14827.18,44795.1,principal
SKU_1384_CRE,2025-08-01,175,29951.44,90982.5,principal
SKU_1384_SKY,2025-08-01,270,46210.79,140373.0,principal
SKU_1385_PRI,2025-08-01,258,24756.88,74794.2,principal
SKU_1385_NAV,2025-08-01,68,6525.07,19713.2,principal
SKU_1386_SER,2025-08-01,99,6669.64,21275.1,principal
SKU_1386_COB,2025-08-01,256,17246.73,55014.4,principal
SKU_1387_BRI,2025-08-01,115,5260.41,18388.5,principal
SKU_1387_BAB,2025-08-01,267,12213.29,42693.3,principal
SKU_1388_BRI,2025-08-01,250,25052.69,93725.0,principal
SKU_1388_VAN,2025-08-01,265,26555.85,99348.5,principal
SKU_1389_SHO,2025-08-01,37,1537.36,5176.3,principal
SKU_1389_BAB,2025-08-01,35,1454.26,4896.5,principal
SKU_1390_SAP,2025-08-01,33,2977.02,7586.7,principal
SKU_1390_PAS,2025-08-01,0,0.0,0.0,principal
SKU_1391_LIG,2025-08-01,29,2734.76,8262.1,principal
SKU_1391_SEA,2025-08-01,51,4809.4,14529.9,principal
SKU_1392_LIM,2025-08-01,77,7516.12,22707.3,principal
SKU_1392_BLU,2025-08-01,64,6247.16,18873.6,principal
SKU_1393_COB,2025-08-01,56,5518.7,17354.4,principal
SKU_1393_SKY,2025-08-01,59,5814.34,18284.1,principal
SKU_1394_FOR,2025-08-01,78,11655.4,36652.2,principal
SKU_1394_EME,2025-08-01,56,8367.98,26314.4,principal
SKU_1395_BLA,2025-08-01,32,2950.02,9276.8,principal
SKU_1395_TUR,2025-08-01,60,5531.29,17394.0,principal
SKU_1396_FUC,2025-08-01,38,1687.55,5126.2,principal
SKU_1396_PAS,2025-08-01,49,2176.04,6610.1,principal
SKU_1397_SNO,2025-08-01,69,5335.71,16208.1,principal
SKU_1397_BUB,2025-08-01,54,4175.77,12684.6,principal
SKU_1398_AQU,2025-08-01,68,15108.04,45893.2,principal
SKU_1398_SPA,2025-08-01,81,17996.34,54666.9,principal
SKU_1399_PAL,2025-08-01,57,4892.21,15384.3,principal
SKU_1399_CRE,2025-08-01,0,0.0,0.0,principal
SKU_1400_FOR,2025-08-01,42,2902.16,8815.8,principal
SKU_1400_PAL,2025-08-01,64,4422.34,13433.6,principal
SKU_1401_GAR,2025-08-01,61,4843.82,14633.9,principal
SKU_1401_BLU,2025-08-01,38,3017.46,9116.2,principal
SKU_1402_WHI,2025-08-01,37,2763.83,8691.3,principal
SKU_1402_VAN,2025-08-01,45,3361.42,10570.5,principal
SKU_1403_AQU,2025-08-01,0,0.0,0.0,principal
SKU_1403_DUS,2025-08-01,35,4434.82,13471.5,principal
SKU_1404_SAP,2025-08-01,51,17216.93,52014.9,principal
SKU_1404_ARM,2025-08-01,43,14516.24,43855.7,principal
SKU_1405_FLA,2025-08-01,61,4339.05,13108.9,principal
SKU_1405_CLO,2025-08-01,36,2560.75,7736.4,principal
SKU_1406_PRI,2025-08-01,0,0.0,0.0,principal
SKU_1406_SHO,2025-08-01,62,7141.6,21693.8,principal
SKU_1407_OFF,2025-08-01,39,2404.06,8381.1,principal
SKU_1407_EME,2025-08-01,70,4314.97,15043.0,principal
SKU_1408_PAS,2025-08-01,66,19217.98,60713.4,principal
SKU_1408_FUC,2025-08-01,66,19217.98,60713.4,principal
SKU_1409_PEA,2025-08-01,170,10501.51,35683.0,principal
SKU_1409_PEA,2025-08-01,170,10501.51,35683.0,principal
SKU_1410_ROS,2025-08-01,60,20313.02,68394.0,principal
SKU_1410_JAD,2025-08-01,46,15573.31,52435.4,principal
SKU_1411_BLU,2025-08-01,85,6665.92,19116.5,principal
SKU_1411_RAS,2025-08-01,35,2744.79,7871.5,principal
SKU_1412_SHO,2025-08-01,71,22644.91,63537.9,principal
SKU_1412_BAB,2025-08-01,39,12438.75,34901.1,principal
SKU_1413_SAG,2025-08-01,74,4528.94,13682.6,principal
SKU_1413_JAD,2025-08-01,67,4100.53,12388.3,principal
SKU_1414_DUS,2025-08-01,71,7674.26,24132.9,principal
SKU_1414_CLO,2025-08-01,66,7133.82,22433.4,principal
SKU_1415_BAB,2025-08-01,54,6094.34,19164.6,principal
SKU_1415_MID,2025-08-01,54,6094.34,19164.6,principal
SKU_1416_CLE,2025-08-01,58,4991.85,16234.2,principal
SKU_1416_AQU,2025-08-01,70,6024.65,19593.0,principal
SKU_1417_SNO,2025-08-01,43,3844.37,12035.7,principal
SKU_1417_BIR,2025-08-01,61,5453.64,17073.9,principal
SKU_1418_CLE,2025-08-01,60,15300.51,50694.0,principal
SKU_1418_MOS,2025-08-01,30,7650.26,25347.0,principal
SKU_1419_FLA,2025-08-01,67,5584.56,16743.3,principal
SKU_1419_WHI,2025-08-01,35,2917.31,8746.5,principal
SKU_1420_EGR,2025-08-01,67,21779.44,66323.3,principal
SKU_1420_LIM,2025-08-01,63,20479.18,62363.7,principal
SKU_1421_LIG,2025-08-01,38,3307.1,8736.2,principal
SKU_1421_SER,2025-08-01,0,0.0,0.0,principal
SKU_1422_PIN,2025-08-01,86,10316.71,27081.4,principal
SKU_1422_MIN,2025-08-01,66,7917.48,20783.4,principal
SKU_1423_JAD,2025-08-01,78,30810.55,93592.2,principal
SKU_1423_SAG,2025-08-01,78,30810.55,93592.2,principal
SKU_1424_VAN,2025-08-01,75,24564.08,74617.5,principal
SKU_1424_BAB,2025-08-01,64,20961.35,63673.6,principal
SKU_1425_WHI,2025-08-01,0,0.0,0.0,principal
SKU_1425_LIG,2025-08-01,54,3604.4,11334.6,principal
SKU_1426_NAV,2025-08-01,52,1964.05,6754.8,principal
SKU_1426_SEA,2025-08-01,35,1321.95,4546.5,principal
SKU_1427_AQU,2025-08-01,68,4231.48,13593.2,principal
SKU_1427_BLA,2025-08-01,0,0.0,0.0,principal
SKU_1428_COB,2025-08-01,0,0.0,0.0,principal
SKU_1428_SKY,2025-08-01,52,6983.43,25474.8,principal
SKU_1429_SPA,2025-08-01,72,4321.27,13672.8,principal
SKU_1429_MAG,2025-08-01,50,3000.89,9495.0,principal
SKU_1430_PEA,2025-08-01,80,5047.38,14392.0,principal
SKU_1430_JAD,2025-08-01,79,4984.29,14212.1,principal
SKU_1431_TEA,2025-08-01,44,5549.26,16275.6,principal
SKU_1431_CRE,2025-08-01,73,9206.73,27002.7,principal
SKU_1432_WHI,2025-08-01,37,10330.88,26636.3,principal
SKU_1432_BRI,2025-08-01,0,0.0,0.0,principal
SKU_1433_OLI,2025-08-01,38,3939.27,11966.2,principal
SKU_1433_SAP,2025-08-01,36,3731.94,11336.4,principal
SKU_1434_ARM,2025-08-01,77,5139.61,16162.3,principal
SKU_1434_MIN,2025-08-01,47,3137.17,9865.3,principal
SKU_1435_SKY,2025-08-01,78,23775.1,78772.2,principal
SKU_1435_OLI,2025-08-01,32,9753.89,32316.8,principal
SKU_1436_BLU,2025-08-01,22,1823.38,6157.8,principal
SKU_1436_PAS,2025-08-01,0,0.0,0.0,principal
SKU_1437_ROY,2025-08-01,0,0.0,0.0,principal
SKU_1437_AQU,2025-08-01,60,3151.56,9894.0,principal
SKU_1438_MOS,2025-08-01,65,4999.71,13318.5,principal
SKU_1438_DEE,2025-08-01,74,5691.98,15162.6,principal
SKU_1439_CER,2025-08-01,52,3182.5,9614.8,principal
SKU_1439_SHO,2025-08-01,62,3794.52,11463.8,principal
SKU_1440_PIS,2025-08-01,36,16665.3,43196.4,principal
SKU_1440_BLU,2025-08-01,45,20831.63,53995.5,principal
SKU_1441_COB,2025-08-01,69,30901.58,79688.1,principal
SKU_1441_IVO,2025-08-01,52,23288.14,60054.8,principal
SKU_1442_OFF,2025-08-01,27,2590.84,7827.3,principal
SKU_1442_EME,2025-08-01,63,6045.28,18263.7,principal
SKU_1443_BLU,2025-08-01,65,5806.9,17543.5,principal
SKU_1443_PRI,2025-08-01,0,0.0,0.0,principal
SKU_1444_HUN,2025-08-01,0,0.0,0.0,principal
SKU_1444_OLI,2025-08-01,0,0.0,0.0,principal
SKU_1445_TEA,2025-08-01,73,11538.55,29922.7,principal
SKU_1445_PRI,2025-08-01,64,10115.99,26233.6,principal
SKU_1446_SHO,2025-08-01,45,4751.15,12145.5,principal
SKU_1446_GAR,2025-08-01,68,7179.52,18353.2,principal
SKU_1447_BLU,2025-08-01,79,6239.03,18952.1,principal
SKU_1447_OLI,2025-08-01,59,4659.53,14154.1,principal
SKU_1448_SKY,2025-08-01,57,3375.72,10254.3,principal
SKU_1448_SEA,2025-08-01,54,3198.05,9714.6,principal
SKU_1449_BLA,2025-08-01,36,3871.51,11696.4,principal
SKU_1449_NAV,2025-08-01,54,5807.26,17544.6,principal
SKU_1450_MAG,2025-08-01,56,7423.52,22954.4,principal
SKU_1450_JAD,2025-08-01,0,0.0,0.0,principal
SKU_1451_WHI,2025-08-01,34,2695.57,8326.6,principal
SKU_1451_BIR,2025-08-01,51,4043.36,12489.9,principal
SKU_1452_SKY,2025-08-01,61,2362.64,8838.9,principal
SKU_1452_DEE,2025-08-01,34,1316.88,4926.6,principal
SKU_1453_SAP,2025-08-01,0,0.0,0.0,principal
SKU_1453_PRI,2025-08-01,34,2531.75,7986.6,principal
SKU_1454_BRI,2025-08-01,33,1881.72,4946.7,principal
SKU_1454_BUB,2025-08-01,54,3079.19,8094.6,principal
SKU_1455_TEA,2025-08-01,55,6096.85,18419.5,principal
SKU_1455_ROY,2025-08-01,25,2771.3,8372.5,principal
SKU_1456_EME,2025-08-01,87,9068.18,27396.3,principal
SKU_1456_DEN,2025-08-01,57,5941.22,17949.3,principal
SKU_1457_SNO,2025-08-01,63,3334.39,10073.7,principal
SKU_1457_MAG,2025-08-01,53,2805.13,8474.7,principal
SKU_1458_PEA,2025-08-01,75,8686.27,26242.5,principal
SKU_1458_MIN,2025-08-01,58,6717.38,20294.2,principal
SKU_1459_OFF,2025-08-01,54,3731.35,11334.6,principal
SKU_1459_CRE,2025-08-01,47,3247.66,9865.3,principal
SKU_1460_FUC,2025-08-01,50,2772.16,8745.0,principal
SKU_1460_OLI,2025-08-01,75,4158.25,13117.5,principal
SKU_1461_NAV,2025-08-01,50,17297.07,53495.0,principal
SKU_1461_PRI,2025-08-01,32,11070.13,34236.8,principal
SKU_1462_MID,2025-08-01,83,8095.63,30286.7,principal
SKU_1462_OFF,2025-08-01,58,5657.19,21164.2,principal
SKU_1463_LIG,2025-08-01,77,6544.02,20012.3,principal
SKU_1463_DUS,2025-08-01,25,2124.68,6497.5,principal
SKU_1464_MOS,2025-08-01,38,3323.25,8736.2,principal
SKU_1464_BIR,2025-08-01,51,4460.15,11724.9,principal
SKU_1465_CLE,2025-08-01,64,7661.59,20153.6,principal
SKU_1465_OFF,2025-08-01,53,6344.76,16689.7,principal
SKU_1466_PRI,2025-08-01,28,2487.83,7557.2,principal
SKU_1466_SAP,2025-08-01,64,5686.47,17273.6,principal
SKU_1467_OLI,2025-08-01,87,5668.76,17826.3,principal
SKU_1467_FUC,2025-08-01,71,4626.23,14547.9,principal
SKU_1468_BAB,2025-08-01,0,0.0,0.0,principal
SKU_1468_MYS,2025-08-01,31,5437.3,16426.9,principal
SKU_1469_ARM,2025-08-01,66,6189.36,19463.4,principal
SKU_1469_SAL,2025-08-01,61,5720.47,17988.9,principal
SKU_1470_WHI,2025-08-01,0,0.0,0.0,principal
SKU_1470_MAR,2025-08-01,30,8952.08,27597.0,principal
SKU_1471_ROS,2025-08-01,75,4153.37,15367.5,principal
SKU_1471_LIG,2025-08-01,0,0.0,0.0,principal
SKU_1472_EME,2025-08-01,51,7548.94,23964.9,principal
SKU_1472_MYS,2025-08-01,62,9177.15,29133.8,principal
SKU_1473_BLU,2025-08-01,37,1779.23,6656.3,principal
SKU_1473_BAB,2025-08-01,74,3558.46,13312.6,principal
SKU_1474_BRI,2025-08-01,0,0.0,0.0,principal
SKU_1474_DEN,2025-08-01,48,16636.19,50875.2,principal
SKU_1475_VAN,2025-08-01,61,5798.78,15243.9,principal
SKU_1475_MIN,2025-08-01,45,4277.79,11245.5,principal
SKU_1476_WHI,2025-08-01,69,6244.3,18968.1,principal
SKU_1476_CLO,2025-08-01,31,2805.41,8521.9,principal
SKU_1477_CLE,2025-08-01,34,2531.02,7646.6,principal
SKU_1477_EME,2025-08-01,53,3945.42,11919.7,principal
SKU_1478_TEA,2025-08-01,52,3336.38,10134.8,principal
SKU_1478_COB,2025-08-01,67,4298.79,13058.3,principal
SKU_1479_MIN,2025-08-01,51,9367.27,28299.9,principal
SKU_1479_FUC,2025-08-01,38,6979.53,21086.2,principal
SKU_1480_SNO,2025-08-01,43,5264.79,15905.7,principal
SKU_1480_MEX,2025-08-01,36,4407.73,13316.4,principal
SKU_1481_BLA,2025-08-01,53,13053.83,42924.7,principal
SKU_1481_TEA,2025-08-01,31,7635.26,25106.9,principal
SKU_1482_MOS,2025-08-01,58,7204.02,25804.2,principal
SKU_1482_SHO,2025-08-01,49,6086.15,21800.1,principal
SKU_1483_WHI,2025-08-01,41,3920.34,13320.9,principal
SKU_1483_POW,2025-08-01,45,4302.81,14620.5,principal
SKU_1484_MOS,2025-08-01,35,4780.66,16096.5,principal
SKU_1484_EGR,2025-08-01,69,9424.73,31733.1,principal
SKU_1485_PAS,2025-08-01,73,19046.19,48537.7,principal
SKU_1485_CER,2025-08-01,41,10697.18,27260.9,principal
SKU_1486_OLI,2025-08-01,0,0.0,0.0,principal
SKU_1486_PAL,2025-08-01,81,7772.51,23481.9,principal
SKU_1487_BRI,2025-08-01,0,0.0,0.0,principal
SKU_1487_CLE,2025-08-01,42,4472.92,14065.8,principal
SKU_1488_IVO,2025-08-01,29,3134.56,9857.1,principal
SKU_1488_PEA,2025-08-01,0,0.0,0.0,principal
SKU_1489_TEA,2025-08-01,77,9376.37,28482.3,principal
SKU_1489_IVO,2025-08-01,59,7184.49,21824.1,principal
SKU_1490_EME,2025-08-01,67,6983.54,21098.3,principal
SKU_1490_VAN,2025-08-01,74,7713.16,23302.6,principal
SKU_1491_GAR,2025-08-01,42,1760.08,5665.8,principal
SKU_1491_CER,2025-08-01,73,3059.19,9847.7,principal
SKU_1492_SKY,2025-08-01,67,7885.14,25118.3,principal
SKU_1492_BIR,2025-08-01,35,4119.1,13121.5,principal
SKU_1493_PEA,2025-08-01,30,2645.47,9897.0,principal
SKU_1493_CLO,2025-08-01,95,8377.32,31340.5,principal
SKU_1494_EGR,2025-08-01,81,27856.98,87876.9,principal
SKU_1494_HOT,2025-08-01,25,8597.83,27122.5,principal
SKU_1495_FUC,2025-08-01,0,0.0,0.0,principal
SKU_1495_BLA,2025-08-01,40,4703.05,13196.0,principal
SKU_1496_PAS,2025-08-01,57,21295.72,64689.3,principal
SKU_1496_PEA,2025-08-01,0,0.0,0.0,principal
SKU_1497_FUC,2025-08-01,41,1830.73,5530.9,principal
SKU_1497_VAN,2025-08-01,54,2411.2,7284.6,principal
SKU_1498_OLI,2025-08-01,83,9338.07,28211.7,principal
SKU_1498_LIG,2025-08-01,0,0.0,0.0,principal
SKU_1499_HOT,2025-08-01,40,3305.93,10396.0,principal
SKU_1499_RAS,2025-08-01,62,5124.19,16113.8,principal
SKU_1500_MOS,2025-08-01,63,5390.22,16373.7,principal
SKU_1500_PAS,2025-08-01,70,5989.14,18193.0,principal
SKU_1501_OLI,2025-08-01,47,2643.13,7985.3,principal
SKU_1501_SAL,2025-08-01,27,1518.4,4587.3,principal
SKU_1502_PEA,2025-08-01,33,2280.27,6926.7,principal
SKU_1502_VAN,2025-08-01,61,4215.04,12803.9,principal
SKU_1503_VAN,2025-08-01,41,3103.01,9425.9,principal
SKU_1503_CER,2025-08-01,53,4011.2,12184.7,principal
SKU_1504_EME,2025-08-01,25,2812.67,8497.5,principal
SKU_1504_NAV,2025-08-01,44,4950.3,14955.6,principal
SKU_1505_BLU,2025-08-01,82,6375.66,19261.8,principal
SKU_1505_SNO,2025-08-01,38,2954.57,8926.2,principal
SKU_1506_PAL,2025-08-01,61,4459.6,14023.9,principal
SKU_1506_BRI,2025-08-01,0,0.0,0.0,principal
SKU_1507_PAS,2025-08-01,65,3870.55,11693.5,principal
SKU_1507_FLA,2025-08-01,0,0.0,0.0,principal
SKU_1508_LIM,2025-08-01,78,5389.73,16372.2,principal
SKU_1508_DEE,2025-08-01,41,2833.06,8605.9,principal
SKU_1509_HOT,2025-08-01,45,4764.91,14395.5,principal
SKU_1509_MAG,2025-08-01,0,0.0,0.0,principal
SKU_1510_SNO,2025-08-01,58,15398.9,48424.2,principal
SKU_1510_ROS,2025-08-01,45,11947.42,37570.5,principal
SKU_1511_CLE,2025-08-01,43,12783.82,40200.7,principal
SKU_1511_SKY,2025-08-01,78,23189.26,72922.2,principal
SKU_1512_TEA,2025-08-01,56,3994.82,12594.4,principal
SKU_1512_MYS,2025-08-01,68,4850.85,15293.2,principal
SKU_1513_PAS,2025-08-01,53,3078.29,11389.7,principal
SKU_1513_RAS,2025-08-01,55,3194.46,11819.5,principal
SKU_1514_PEA,2025-08-01,59,14410.13,48964.1,principal
SKU_1514_SPA,2025-08-01,53,12944.7,43984.7,principal
SKU_1515_SEA,2025-08-01,47,2995.42,9160.3,principal
SKU_1515_AQU,2025-08-01,32,2039.43,6236.8,principal
SKU_1516_CRE,2025-08-01,40,5324.08,13996.0,principal
SKU_1516_EME,2025-08-01,34,4525.47,11896.6,principal
SKU_1517_FOR,2025-08-01,39,17790.01,46796.1,principal
SKU_1517_ROS,2025-08-01,52,23720.01,62394.8,principal
SKU_1518_CLE,2025-08-01,78,5826.46,18322.2,principal
SKU_1518_LIM,2025-08-01,69,5154.18,16208.1,principal
SKU_1519_BLU,2025-08-01,66,13220.34,41573.4,principal
SKU_1519_TEA,2025-08-01,75,15023.11,47242.5,principal
SKU_1520_GAR,2025-08-01,72,5330.67,16192.8,principal
SKU_1520_ROY,2025-08-01,55,4072.04,12369.5,principal
SKU_1521_MOS,2025-08-01,38,2294.75,7216.2,principal
SKU_1521_FRE,2025-08-01,0,0.0,0.0,principal
SKU_1522_MOS,2025-08-01,68,2785.19,10193.2,principal
SKU_1522_BIR,2025-08-01,68,2785.19,10193.2,principal
SKU_1523_HOT,2025-08-01,52,5384.66,19494.8,principal
SKU_1523_CRE,2025-08-01,66,6834.37,24743.4,principal
SKU_1524_BLU,2025-08-01,0,0.0,0.0,principal
SKU_1524_DEN,2025-08-01,25,2721.54,9247.5,principal
SKU_1525_MYS,2025-08-01,44,4043.53,12755.6,principal
SKU_1525_OLI,2025-08-01,0,0.0,0.0,principal
SKU_1526_FOR,2025-08-01,35,2119.33,5946.5,principal
SKU_1527_FUC,2025-08-01,59,17672.81,53684.1,principal
SKU_1527_TEA,2025-08-01,67,20069.12,60963.3,principal
SKU_1528_PAS,2025-08-01,77,5477.16,16547.3,principal
SKU_1528_DEN,2025-08-01,88,6259.61,18911.2,principal
SKU_1529_HUN,2025-08-01,72,5804.72,17632.8,principal
SKU_1529_MIN,2025-08-01,71,5724.1,17387.9,principal
SKU_1530_HON,2025-08-01,45,1924.34,5845.5,principal
SKU_1530_PEA,2025-08-01,55,2351.97,7144.5,principal
SKU_1531_TEA,2025-08-01,58,10556.98,31894.2,principal
SKU_1531_SNO,2025-08-01,70,12741.18,38493.0,principal
SKU_1532_BRI,2025-08-01,60,16414.11,58794.0,principal
SKU_1532_EME,2025-08-01,56,15319.83,54874.4,principal
SKU_1533_CER,2025-08-01,73,3625.15,12037.7,principal
SKU_1533_DUS,2025-08-01,88,4370.05,14511.2,principal
SKU_1534_MYS,2025-08-01,72,4235.8,14392.8,principal
SKU_1534_HUN,2025-08-01,26,1529.59,5197.4,principal
SKU_1535_NAV,2025-08-01,44,4252.75,13415.6,principal
SKU_1535_MOS,2025-08-01,57,5509.24,17379.3,principal
SKU_1536_MOS,2025-08-01,58,7129.5,20004.2,principal
SKU_1536_FRE,2025-08-01,41,5039.82,14140.9,principal
SKU_1537_SAP,2025-08-01,68,5737.29,17333.2,principal
SKU_1537_BLA,2025-08-01,29,2446.79,7392.1,principal
SKU_1538_MAG,2025-08-01,60,4168.61,12594.0,principal
SKU_1538_PAS,2025-08-01,0,0.0,0.0,principal
SKU_1539_BLA,2025-08-01,32,3560.58,11196.8,principal
SKU_1539_PEA,2025-08-01,62,6898.63,21693.8,principal
SKU_1540_BAL,2025-08-01,0,0.0,0.0,principal
SKU_1540_MAG,2025-08-01,41,2215.16,6965.9,principal
SKU_1541_AQU,2025-08-01,0,0.0,0.0,principal
SKU_1541_POW,2025-08-01,71,15237.89,47917.9,principal
SKU_1542_DEE,2025-08-01,49,7579.86,23025.1,principal
SKU_1542_PEA,2025-08-01,78,12065.9,36652.2,principal
SKU_1543_BAB,2025-08-01,78,18228.46,57322.2,principal
SKU_1543_FLA,2025-08-01,57,13320.8,41889.3,principal
SKU_1544_OLI,2025-08-01,63,4004.8,12593.7,principal
SKU_1544_PEA,2025-08-01,53,3369.11,10594.7,principal
SKU_1545_TEA,2025-08-01,61,5041.54,15853.9,principal
SKU_1545_HOT,2025-08-01,78,6446.56,20272.2,principal
SKU_1546_PAS,2025-08-01,46,2558.44,8045.4,principal
SKU_1546_IVO,2025-08-01,34,1891.02,5946.6,principal
SKU_1547_IVO,2025-08-01,58,6333.42,19134.2,principal
SKU_1547_FUC,2025-08-01,34,3712.69,11216.6,principal
SKU_1548_HOT,2025-08-01,64,10060.28,30393.6,principal
SKU_1548_CLO,2025-08-01,72,11317.82,34192.8,principal
SKU_1549_BAL,2025-08-01,68,3998.28,12573.2,principal
SKU_1549_PAS,2025-08-01,29,1705.15,5362.1,principal
SKU_1550_PAL,2025-08-01,55,2985.68,9069.5,principal
SKU_1550_IVO,2025-08-01,44,2388.54,7255.6,principal
SKU_1551_DUS,2025-08-01,53,3857.71,11654.7,principal
SKU_1551_ROS,2025-08-01,66,4803.94,14513.4,principal
SKU_1552_CLE,2025-08-01,26,5648.22,17157.4,principal
SKU_1552_SAP,2025-08-01,0,0.0,0.0,principal
SKU_1553_DEN,2025-08-01,53,4240.97,13509.7,principal
SKU_1553_HOT,2025-08-01,51,4080.93,12999.9,principal
SKU_1554_PIS,2025-08-01,73,21764.54,75547.7,principal
SKU_1554_SKY,2025-08-01,55,16397.94,56919.5,principal
SKU_1555_FUC,2025-08-01,37,2004.6,7026.3,principal
SKU_1555_RAS,2025-08-01,32,1733.71,6076.8,principal
SKU_1556_SAL,2025-08-01,33,2008.22,6761.7,principal
SKU_1556_HUN,2025-08-01,80,4868.42,16392.0,principal
SKU_1557_TUR,2025-08-01,70,5033.28,13993.0,principal
SKU_1557_SAG,2025-08-01,53,3810.91,10594.7,principal
SKU_1558_CLE,2025-08-01,37,4643.28,12206.3,principal
SKU_1558_MEX,2025-08-01,0,0.0,0.0,principal
SKU_1559_BLU,2025-08-01,46,21310.94,55195.4,principal
SKU_1559_SKY,2025-08-01,0,0.0,0.0,principal
SKU_1560_PAL,2025-08-01,0,0.0,0.0,principal
SKU_1560_CRE,2025-08-01,29,2147.08,6522.1,principal
SKU_1561_LIM,2025-08-01,57,6391.35,19944.3,principal
SKU_1561_VAN,2025-08-01,54,6054.96,18894.6,principal
SKU_1562_CLO,2025-08-01,52,5016.44,16114.8,principal
SKU_1562_BLU,2025-08-01,0,0.0,0.0,principal
SKU_1563_WHI,2025-08-01,36,1442.46,5396.4,principal
SKU_1563_MEX,2025-08-01,35,1402.39,5246.5,principal
SKU_1564_BLA,2025-08-01,66,12341.89,38933.4,principal
SKU_1564_NAV,2025-08-01,26,4861.96,15337.4,principal
SKU_1565_LIG,2025-08-01,37,5225.32,13316.3,principal
SKU_1565_BAB,2025-08-01,53,7484.91,19074.7,principal
SKU_1566_PEA,2025-08-01,65,25572.79,67268.5,principal
SKU_1566_POW,2025-08-01,78,30687.35,80722.2,principal
SKU_1567_PRI,2025-08-01,77,17487.86,53122.3,principal
SKU_1567_POW,2025-08-01,88,19986.13,60711.2,principal
SKU_1568_FRE,2025-08-01,71,5303.57,16677.9,principal
SKU_1568_PIN,2025-08-01,61,4556.59,14328.9,principal
SKU_1569_WHI,2025-08-01,69,4825.05,15173.1,principal
SKU_1569_PAS,2025-08-01,26,1818.13,5717.4,principal
SKU_1570_MEX,2025-08-01,48,10912.23,34315.2,principal
SKU_1570_HON,2025-08-01,0,0.0,0.0,principal
SKU_1571_WHI,2025-08-01,51,3699.15,12744.9,principal
SKU_1571_BIR,2025-08-01,61,4424.47,15243.9,principal
SKU_1572_BAL,2025-08-01,36,1468.66,5036.4,principal
SKU_1572_MAR,2025-08-01,0,0.0,0.0,principal
SKU_1573_MIN,2025-08-01,80,24130.25,81992.0,principal
SKU_1573_SAG,2025-08-01,0,0.0,0.0,principal
SKU_1574_GAR,2025-08-01,52,9342.08,31454.8,principal
SKU_1574_COB,2025-08-01,73,13114.84,44157.7,principal
SKU_1575_JAD,2025-08-01,37,12173.29,32001.3,principal
SKU_1575_AQU,2025-08-01,52,17108.41,44974.8,principal
SKU_1576_AQU,2025-08-01,73,5885.34,17877.7,principal
SKU_1576_BLU,2025-08-01,29,2338.01,7102.1,principal
SKU_1577_FLA,2025-08-01,0,0.0,0.0,principal
SKU_1577_HUN,2025-08-01,42,2135.62,6715.8,principal
SKU_1578_PAS,2025-08-01,80,3289.37,9992.0,principal
SKU_1578_TEA,2025-08-01,0,0.0,0.0,principal
SKU_1579_DEN,2025-08-01,72,5449.18,16552.8,principal
SKU_1579_SAG,2025-08-01,80,6054.65,18392.0,principal
SKU_1580_WHI,2025-08-01,48,2898.63,9115.2,principal
SKU_1580_MOS,2025-08-01,63,3804.46,11963.7,principal
SKU_1581_BIR,2025-08-01,78,18287.58,66682.2,principal
SKU_1581_COB,2025-08-01,67,15708.56,57278.3,principal
SKU_1582_WHI,2025-08-01,75,5054.84,17242.5,principal
SKU_1582_PAS,2025-08-01,38,2561.12,8736.2,principal
SKU_1583_WHI,2025-08-01,72,4905.7,18352.8,principal
SKU_1583_BLU,2025-08-01,52,3543.01,13254.8,principal
SKU_1584_AQU,2025-08-01,0,0.0,0.0,principal
SKU_1584_FLA,2025-08-01,41,2478.95,7580.9,principal
SKU_1585_COR,2025-08-01,39,4895.62,12476.1,principal
SKU_1585_BLA,2025-08-01,29,3640.33,9277.1,principal
SKU_1586_JAD,2025-08-01,48,5563.72,14635.2,principal
SKU_1586_EGR,2025-08-01,61,7070.56,18598.9,principal
SKU_1587_DEE,2025-08-01,0,0.0,0.0,principal
SKU_1587_LIG,2025-08-01,63,4605.82,14483.7,principal
SKU_1588_PAS,2025-08-01,49,7633.62,24005.1,principal
SKU_1588_CRE,2025-08-01,59,9191.5,28904.1,principal
SKU_1589_TUR,2025-08-01,50,11252.34,33995.0,principal
SKU_1589_CER,2025-08-01,32,7201.5,21756.8,principal
SKU_1590_MYS,2025-08-01,72,4501.09,13672.8,principal
SKU_1590_HOT,2025-08-01,54,3375.81,10254.6,principal
SKU_1591_HON,2025-08-01,0,0.0,0.0,principal
SKU_1591_MYS,2025-08-01,62,17545.27,55173.8,principal
SKU_1592_CER,2025-08-01,40,2669.93,8396.0,principal
SKU_1592_SAG,2025-08-01,62,4138.39,13013.8,principal
SKU_1593_LIG,2025-08-01,77,3693.07,11157.3,principal
SKU_1593_FUC,2025-08-01,53,2541.98,7679.7,principal
SKU_1594_BAL,2025-08-01,54,8886.62,26994.6,principal
SKU_1594_WHI,2025-08-01,41,6747.25,20495.9,principal
SKU_1595_FLA,2025-08-01,92,9132.55,27590.8,principal
SKU_1595_MYS,2025-08-01,26,2580.94,7797.4,principal
SKU_1596_BIR,2025-08-01,37,3348.39,10171.3,principal
SKU_1596_CER,2025-08-01,40,3619.88,10996.0,principal
SKU_1597_SHO,2025-08-01,57,9604.97,30204.3,principal
SKU_1597_FLA,2025-08-01,63,10616.02,33383.7,principal
SKU_1598_NAV,2025-08-01,63,9814.66,30863.7,principal
SKU_1598_DUS,2025-08-01,34,5296.8,16656.6,principal
SKU_1599_WHI,2025-08-01,36,5568.88,16916.4,principal
SKU_1599_CER,2025-08-01,43,6651.72,20205.7,principal
SKU_1600_LIG,2025-08-01,36,4680.04,14216.4,principal
SKU_1600_SHO,2025-08-01,0,0.0,0.0,principal
SKU_1601_EME,2025-08-01,75,18243.89,55117.5,principal
SKU_1601_AQU,2025-08-01,28,6811.05,20577.2,principal
SKU_1602_AQU,2025-08-01,54,3677.66,12414.6,principal
SKU_1602_PAS,2025-08-01,28,1906.93,6437.2,principal
SKU_1603_BUB,2025-08-01,28,5803.09,20857.2,principal
SKU_1603_PEA,2025-08-01,0,0.0,0.0,principal
SKU_1604_CLE,2025-08-01,81,13096.87,48996.9,principal
SKU_1604_SNO,2025-08-01,41,6629.28,24800.9,principal
SKU_1605_VAN,2025-08-01,0,0.0,0.0,principal
SKU_1605_COR,2025-08-01,38,2481.79,8356.2,principal
SKU_1606_COB,2025-08-01,37,14306.36,40141.3,principal
SKU_1606_SEA,2025-08-01,33,12759.73,35801.7,principal
SKU_1607_GAR,2025-08-01,45,4467.01,13495.5,principal
SKU_1607_MAR,2025-08-01,30,2978.01,8997.0,principal
SKU_1608_WHI,2025-08-01,0,0.0,0.0,principal
SKU_1608_MID,2025-08-01,64,6423.88,19513.6,principal
SKU_1609_LIM,2025-08-01,0,0.0,0.0,principal
SKU_1609_SAP,2025-08-01,33,2832.33,8906.7,principal
SKU_1610_PRI,2025-08-01,61,3713.01,11278.9,principal
SKU_1610_MEX,2025-08-01,51,3104.32,9429.9,principal
SKU_1611_MID,2025-08-01,44,3185.21,9675.6,principal
SKU_1611_BRI,2025-08-01,30,2171.73,6597.0,principal
SKU_1612_PAL,2025-08-01,73,7427.74,24082.7,principal
SKU_1612_SNO,2025-08-01,44,4476.99,14515.6,principal
SKU_1613_BIR,2025-08-01,74,3984.14,14052.6,principal
SKU_1613_AQU,2025-08-01,69,3714.94,13103.1,principal
SKU_1614_VAN,2025-08-01,55,6981.15,24469.5,principal
SKU_1614_IVO,2025-08-01,60,7615.8,26694.0,principal
SKU_1615_MOS,2025-08-01,39,5747.56,18131.1,principal
SKU_1615_SHO,2025-08-01,29,4273.83,13482.1,principal
SKU_1616_SER,2025-08-01,0,0.0,0.0,principal
SKU_1616_COR,2025-08-01,79,30799.88,80967.1,principal
SKU_1617_DEN,2025-08-01,0,0.0,0.0,principal
SKU_1617_MIN,2025-08-01,65,4074.74,10718.5,principal
SKU_1618_SAL,2025-08-01,53,3155.99,9534.7,principal
SKU_1618_SAP,2025-08-01,68,4049.19,12233.2,principal
SKU_1619_IVO,2025-08-01,77,5067.15,15392.3,principal
SKU_1619_PAS,2025-08-01,36,2369.05,7196.4,principal
SKU_1620_SAG,2025-08-01,44,3858.0,11655.6,principal
SKU_1620_BLU,2025-08-01,0,0.0,0.0,principal
SKU_1621_PAS,2025-08-01,84,6531.16,19731.6,principal
SKU_1621_FUC,2025-08-01,0,0.0,0.0,principal
SKU_1622_VAN,2025-08-01,38,3116.94,10256.2,principal
SKU_1622_CLO,2025-08-01,38,3116.94,10256.2,principal
SKU_1623_EGR,2025-08-01,0,0.0,0.0,principal
SKU_1623_SER,2025-08-01,44,11515.94,40255.6,principal
SKU_1624_PRI,2025-08-01,68,4200.6,14273.2,principal
SKU_1624_ARM,2025-08-01,72,4447.7,15112.8,principal
SKU_1625_GAR,2025-08-01,39,2533.18,7991.1,principal
SKU_1625_DUS,2025-08-01,70,4546.73,14343.0,principal
SKU_1626_BAB,2025-08-01,67,13760.32,36173.3,principal
SKU_1626_DEN,2025-08-01,49,10063.52,26455.1,principal
SKU_1627_BAB,2025-08-01,69,7534.59,22763.1,principal
SKU_1627_MOS,2025-08-01,56,6115.03,18474.4,principal
SKU_1628_PEA,2025-08-01,0,0.0,0.0,principal
SKU_1628_POW,2025-08-01,76,13758.06,41792.4,principal
SKU_1629_CLO,2025-08-01,47,3809.74,11980.3,principal
SKU_1629_ARM,2025-08-01,45,3647.62,11470.5,principal
SKU_1630_LIM,2025-08-01,0,0.0,0.0,principal
SKU_1630_SNO,2025-08-01,34,3768.96,11386.6,principal
SKU_1631_BAL,2025-08-01,50,2860.41,8995.0,principal
SKU_1631_SNO,2025-08-01,28,1601.83,5037.2,principal
SKU_1632_SAP,2025-08-01,84,5140.96,15531.6,principal
SKU_1632_SPA,2025-08-01,42,2570.48,7765.8,principal
SKU_1633_SER,2025-08-01,33,2465.04,7751.7,principal
SKU_1633_DEN,2025-08-01,61,4556.59,14328.9,principal
SKU_1634_NAV,2025-08-01,0,0.0,0.0,principal
SKU_1634_SAP,2025-08-01,0,0.0,0.0,principal
SKU_1635_TEA,2025-08-01,41,7886.69,24800.9,principal
SKU_1635_SAG,2025-08-01,66,12695.64,39923.4,principal
SKU_1636_LIG,2025-08-01,47,6806.31,20675.3,principal
SKU_1636_SHO,2025-08-01,54,7820.01,23754.6,principal
SKU_1637_BLU,2025-08-01,37,10823.54,34036.3,principal
SKU_1637_WHI,2025-08-01,29,8483.32,26677.1,principal
SKU_1638_PEA,2025-08-01,47,17036.95,53575.3,principal
SKU_1638_SAP,2025-08-01,26,9424.69,29637.4,principal
SKU_1639_FRE,2025-08-01,33,1992.81,6266.7,principal
SKU_1639_WHI,2025-08-01,59,3562.9,11204.1,principal
SKU_1640_IVO,2025-08-01,0,0.0,0.0,principal
SKU_1640_TEA,2025-08-01,41,2968.03,9015.9,principal
SKU_1641_MEX,2025-08-01,62,6405.73,20143.8,principal
SKU_1641_SER,2025-08-01,0,0.0,0.0,principal
SKU_1642_OFF,2025-08-01,64,4764.28,14393.6,principal
SKU_1642_SAL,2025-08-01,64,4764.28,14393.6,principal
SKU_1643_PAS,2025-08-01,64,4406.72,14393.6,principal
SKU_1643_EGR,2025-08-01,0,0.0,0.0,principal
SKU_1644_BAB,2025-08-01,75,6897.75,23992.5,principal
SKU_1644_PEA,2025-08-01,63,5794.11,20153.7,principal
SKU_1645_MYS,2025-08-01,59,6731.4,23594.1,principal
SKU_1645_MIN,2025-08-01,56,6389.12,22394.4,principal
SKU_1646_BLU,2025-08-01,35,2273.37,7171.5,principal
SKU_1646_CLE,2025-08-01,41,2663.09,8400.9,principal
SKU_1647_BLA,2025-08-01,58,6440.63,19714.2,principal
SKU_1647_ARM,2025-08-01,52,5774.36,17674.8,principal
SKU_1648_RAS,2025-08-01,42,10476.66,29395.8,principal
SKU_1648_FLA,2025-08-01,0,0.0,0.0,principal
SKU_1649_FLA,2025-08-01,73,5645.02,17147.7,principal
SKU_1649_GAR,2025-08-01,77,5954.34,18087.3,principal
SKU_1650_OLI,2025-08-01,53,16936.58,53259.7,principal
SKU_1650_EGR,2025-08-01,36,11504.1,36176.4,principal
SKU_1651_PAS,2025-08-01,0,0.0,0.0,principal
SKU_1651_SAL,2025-08-01,0,0.0,0.0,principal
SKU_1652_TEA,2025-08-01,69,4665.58,15173.1,principal
SKU_1652_MOS,2025-08-01,33,2231.36,7256.7,principal
SKU_1653_ROS,2025-08-01,80,9196.56,28792.0,principal
SKU_1653_BAB,2025-08-01,56,6437.59,20154.4,principal
SKU_1654_CRE,2025-08-01,43,3898.98,13325.7,principal
SKU_1654_NAV,2025-08-01,48,4352.35,14875.2,principal
SKU_1655_SNO,2025-08-01,66,13762.45,42563.4,principal
SKU_1655_TEA,2025-08-01,24,5004.53,15477.6,principal
SKU_1656_FUC,2025-08-01,0,0.0,0.0,principal
SKU_1656_SNO,2025-08-01,69,5860.09,16208.1,principal
SKU_1657_SPA,2025-08-01,59,4496.86,12679.1,principal
SKU_1657_EME,2025-08-01,28,2134.11,6017.2,principal
SKU_1658_BAB,2025-08-01,31,10391.19,27276.9,principal
SKU_1658_MYS,2025-08-01,37,12402.39,32556.3,principal
SKU_1659_MOS,2025-08-01,86,29174.8,88141.4,principal
SKU_1659_SNO,2025-08-01,74,25103.9,75842.6,principal
SKU_1660_NAV,2025-08-01,59,6116.24,18579.1,principal
SKU_1660_MAG,2025-08-01,67,6945.56,21098.3,principal
SKU_1661_WHI,2025-08-01,38,12450.96,37616.2,principal
SKU_1661_CER,2025-08-01,51,16710.5,50484.9,principal
SKU_1662_PIS,2025-08-01,63,3908.37,12593.7,principal
SKU_1662_LIG,2025-08-01,62,3846.33,12393.8,principal
SKU_1663_SNO,2025-08-01,47,11996.92,37360.3,principal
SKU_1663_FLA,2025-08-01,55,14038.94,43719.5,principal
SKU_1664_PIN,2025-08-01,90,8961.37,29691.0,principal
SKU_1664_MIN,2025-08-01,27,2688.41,8907.3,principal
SKU_1665_SAG,2025-08-01,0,0.0,0.0,principal
SKU_1665_RAS,2025-08-01,82,6067.81,20491.8,principal
SKU_1666_FUC,2025-08-01,76,21320.35,60792.4,principal
SKU_1666_PAS,2025-08-01,60,16831.86,47994.0,principal
SKU_1667_LIG,2025-08-01,38,2902.67,7976.2,principal
SKU_1667_MID,2025-08-01,71,5423.4,14902.9,principal
SKU_1668_DEN,2025-08-01,74,7746.36,19972.6,principal
SKU_1668_VAN,2025-08-01,0,0.0,0.0,principal
SKU_1669_COR,2025-08-01,35,2699.27,6996.5,principal
SKU_1669_TEA,2025-08-01,67,5167.18,13393.3,principal
SKU_1670_SAP,2025-08-01,89,4268.61,12896.1,principal
SKU_1670_PEA,2025-08-01,0,0.0,0.0,principal
SKU_1671_SEA,2025-08-01,39,4118.68,13646.1,principal
SKU_1671_MIN,2025-08-01,77,8131.75,26942.3,principal
SKU_1672_TEA,2025-08-01,41,3821.32,12090.9,principal
SKU_1672_FOR,2025-08-01,33,3075.69,9731.7,principal
SKU_1673_PEA,2025-08-01,73,10173.19,29922.7,principal
SKU_1673_FUC,2025-08-01,67,9337.04,27463.3,principal
SKU_1674_PAS,2025-08-01,61,5103.52,14023.9,principal
SKU_1674_WHI,2025-08-01,46,3848.56,10575.4,principal
SKU_1675_CRE,2025-08-01,40,10127.28,30596.0,principal
SKU_1675_DEN,2025-08-01,35,8861.37,26771.5,principal
SKU_1676_PIN,2025-08-01,36,2013.52,6116.4,principal
SKU_1676_NAV,2025-08-01,53,2964.35,9004.7,principal
SKU_1677_POW,2025-08-01,45,9944.85,25645.5,principal
SKU_1677_VAN,2025-08-01,64,14143.79,36473.6,principal
SKU_1678_LIG,2025-08-01,60,15823.16,42894.0,principal
SKU_1678_MAG,2025-08-01,64,16878.04,45753.6,principal
SKU_1679_SHO,2025-08-01,68,23423.92,62553.2,principal
SKU_1679_GAR,2025-08-01,0,0.0,0.0,principal
SKU_1680_NAV,2025-08-01,379,42012.87,126927.1,principal
SKU_1680_SEA,2025-08-01,417,46225.24,139653.3,principal
SKU_1681_OFF,2025-08-01,397,30699.64,93255.3,principal
SKU_1681_PIS,2025-08-01,166,12836.63,38993.4,principal
SKU_1682_OLI,2025-08-01,400,36755.85,93960.0,principal
SKU_1682_BIR,2025-08-01,372,34182.94,87382.8,principal
SKU_1683_PAL,2025-08-01,164,20490.12,51643.6,principal
SKU_1683_SHO,2025-08-01,188,23488.68,59201.2,principal
SKU_1684_HON,2025-08-01,364,22277.49,67303.6,principal
SKU_1684_SHO,2025-08-01,369,22583.5,68228.1,principal
SKU_1685_COB,2025-08-01,351,77248.75,233379.9,principal
SKU_1685_BIR,2025-08-01,0,0.0,0.0,principal
SKU_1686_MOS,2025-08-01,356,23985.12,76504.4,principal
SKU_1686_SKY,2025-08-01,144,9701.85,30945.6,principal
SKU_1687_FOR,2025-08-01,202,57047.95,181779.8,principal
SKU_1687_WHI,2025-08-01,430,121438.72,386957.0,principal
SKU_1688_WHI,2025-08-01,194,24544.8,83400.6,principal
SKU_1688_LIG,2025-08-01,468,59211.16,201193.2,principal
SKU_1689_MAG,2025-08-01,159,50168.05,153419.1,principal
SKU_1689_IVO,2025-08-01,168,53007.75,162103.2,principal
SKU_1690_MAG,2025-08-01,143,27516.11,77205.7,principal
SKU_1690_MYS,2025-08-01,323,62151.78,174387.7,principal
SKU_1691_HUN,2025-08-01,325,33156.2,100717.5,principal
SKU_1691_ROS,2025-08-01,384,39175.33,119001.6,principal
SKU_1692_OLI,2025-08-01,184,13392.79,40461.6,principal
SKU_1692_BLU,2025-08-01,161,11718.69,35403.9,principal
SKU_1693_MEX,2025-08-01,470,31876.29,96303.0,principal
SKU_1693_FLA,2025-08-01,360,24415.88,73764.0,principal
SKU_1694_PIS,2025-08-01,147,13619.09,41145.3,principal
SKU_1694_SER,2025-08-01,210,19455.85,58779.0,principal
SKU_1695_CRE,2025-08-01,153,10212.47,32114.7,principal
SKU_1695_LIM,2025-08-01,320,21359.42,67168.0,principal
SKU_1696_SER,2025-08-01,379,31506.38,106082.1,principal
SKU_1696_SHO,2025-08-01,433,35995.42,121196.7,principal
SKU_1697_PIS,2025-08-01,177,11791.12,38922.3,principal
SKU_1697_MIN,2025-08-01,423,28178.78,93017.7,principal
SKU_1698_PRI,2025-08-01,112,13840.58,47028.8,principal
SKU_1698_SNO,2025-08-01,0,0.0,0.0,principal
SKU_1699_CLO,2025-08-01,199,21467.58,65650.1,principal
SKU_1699_COB,2025-08-01,406,43798.18,133939.4,principal
SKU_1700_HUN,2025-08-01,390,107109.9,272961.0,principal
SKU_1700_PIS,2025-08-01,149,40921.47,104285.1,principal
SKU_1701_SPA,2025-08-01,164,21191.49,55743.6,principal
SKU_1701_BLU,2025-08-01,374,48326.93,127122.6,principal
SKU_1702_LIG,2025-08-01,451,92539.29,279574.9,principal
SKU_1702_COR,2025-08-01,447,91718.54,277095.3,principal
SKU_1703_PAS,2025-08-01,356,30554.84,96084.4,principal
SKU_1703_BLU,2025-08-01,441,37850.24,119025.9,principal
SKU_1704_BAB,2025-08-01,144,15335.74,48225.6,principal
SKU_1704_PEA,2025-08-01,381,40575.81,127596.9,principal
SKU_1705_SER,2025-08-01,364,49386.39,149203.6,principal
SKU_1705_JAD,2025-08-01,173,23472.1,70912.7,principal
SKU_1706_BLA,2025-08-01,405,24291.49,74884.5,principal
SKU_1706_JAD,2025-08-01,179,10736.24,33097.1,principal
SKU_1707_ARM,2025-08-01,395,29881.19,110560.5,principal
SKU_1707_SAP,2025-08-01,240,18155.66,67176.0,principal
SKU_1708_FLA,2025-08-01,391,20925.73,66430.9,principal
SKU_1708_FRE,2025-08-01,370,19801.85,62863.0,principal
SKU_1709_CRE,2025-08-01,413,25512.48,86688.7,principal
SKU_1709_MAR,2025-08-01,435,26871.5,91306.5,principal
SKU_1710_OLI,2025-08-01,397,95494.5,321530.3,principal
SKU_1710_MEX,2025-08-01,380,91405.31,307762.0,principal
SKU_1711_VAN,2025-08-01,392,148356.3,390000.8,principal
SKU_1711_ARM,2025-08-01,365,138137.89,363138.5,principal
SKU_1712_NAV,2025-08-01,433,25783.81,77896.7,principal
SKU_1712_MOS,2025-08-01,421,25069.24,75737.9,principal
SKU_1713_SAL,2025-08-01,420,70191.2,212058.0,principal
SKU_1713_SNO,2025-08-01,449,75037.73,226700.1,principal
SKU_1714_DEE,2025-08-01,350,33935.37,106715.0,principal
SKU_1714_MID,2025-08-01,431,41788.98,131411.9,principal
SKU_1715_HON,2025-08-01,378,26432.86,83122.2,principal
SKU_1715_JAD,2025-08-01,0,0.0,0.0,principal
SKU_1716_AQU,2025-08-01,51,2768.54,8409.9,principal
SKU_1716_SAL,2025-08-01,328,17805.51,54087.2,principal
SKU_1717_MIN,2025-08-01,397,30418.58,103180.3,principal
SKU_1717_CRE,2025-08-01,326,24978.48,84727.4,principal
SKU_1718_DUS,2025-08-01,386,42546.0,142781.4,principal
SKU_1718_SEA,2025-08-01,76,8376.93,28112.4,principal
SKU_1719_OFF,2025-08-01,431,39336.28,137876.9,principal
SKU_1719_WHI,2025-08-01,179,16336.88,57262.1,principal
SKU_1720_PAL,2025-08-01,186,12423.93,41831.4,principal
SKU_1720_PAS,2025-08-01,166,11088.02,37333.4,principal
SKU_1721_COR,2025-08-01,344,54947.11,144445.6,principal
SKU_1721_FRE,2025-08-01,430,68683.88,180557.0,principal
SKU_1722_AQU,2025-08-01,224,24089.39,72777.6,principal
SKU_1722_PAS,2025-08-01,361,38822.63,117288.9,principal
SKU_1723_MOS,2025-08-01,314,45200.9,136558.6,principal
SKU_1723_COB,2025-08-01,358,51534.78,155694.2,principal
SKU_1724_PIN,2025-08-01,374,132597.29,416972.6,principal
SKU_1724_PEA,2025-08-01,413,146424.28,460453.7,principal
SKU_1725_BAB,2025-08-01,0,0.0,0.0,principal
SKU_1725_OFF,2025-08-01,143,11136.58,35020.7,principal
SKU_1726_PAS,2025-08-01,441,62411.68,189585.9,principal
SKU_1726_BUB,2025-08-01,371,52505.06,159492.9,principal
SKU_1727_LIG,2025-08-01,354,16513.44,54834.6,principal
SKU_1727_WHI,2025-08-01,350,16326.85,54215.0,principal
SKU_1728_MID,2025-08-01,367,38007.33,121073.3,principal
SKU_1728_EGR,2025-08-01,0,0.0,0.0,principal
SKU_1729_FUC,2025-08-01,332,17089.06,58066.8,principal
SKU_1729_CLE,2025-08-01,405,20846.59,70834.5,principal
SKU_1730_OFF,2025-08-01,399,37909.11,127640.1,principal
SKU_1730_MIN,2025-08-01,215,20427.21,68778.5,principal
SKU_1731_MIN,2025-08-01,0,0.0,0.0,principal
SKU_1731_ARM,2025-08-01,348,120451.83,316645.2,principal
SKU_1732_OFF,2025-08-01,209,76708.24,233014.1,principal
SKU_1732_WHI,2025-08-01,375,137634.4,418087.5,principal
SKU_1733_NAV,2025-08-01,438,50727.8,153256.2,principal
SKU_1733_SAG,2025-08-01,374,43315.52,130862.6,principal
SKU_1734_FRE,2025-08-01,194,21586.03,67880.6,principal
SKU_1734_BRI,2025-08-01,408,45397.43,142759.2,principal
SKU_1735_MOS,2025-08-01,462,41049.2,124693.8,principal
SKU_1735_COR,2025-08-01,413,36695.5,111468.7,principal
SKU_1736_PAS,2025-08-01,161,17220.09,52308.9,principal
SKU_1736_JAD,2025-08-01,367,39253.25,119238.3,principal
SKU_1737_SAG,2025-08-01,0,0.0,0.0,principal
SKU_1737_DEE,2025-08-01,422,107541.17,324897.8,principal
SKU_1738_BLU,2025-08-01,150,9676.78,29235.0,principal
SKU_1738_ROY,2025-08-01,361,23288.8,70358.9,principal
SKU_1739_AQU,2025-08-01,403,33816.97,102724.7,principal
SKU_1739_MOS,2025-08-01,139,11663.92,35431.1,principal
SKU_1740_FRE,2025-08-01,151,10682.51,32449.9,principal
SKU_1740_OLI,2025-08-01,399,28227.29,85745.1,principal
SKU_1741_PEA,2025-08-01,402,31747.98,96439.8,principal
SKU_1741_PIN,2025-08-01,381,30089.51,91401.9,principal
SKU_1742_DEN,2025-08-01,168,14452.52,43663.2,principal
SKU_1742_EME,2025-08-01,0,0.0,0.0,principal
SKU_1743_DEE,2025-08-01,192,26858.53,84460.8,principal
SKU_1743_CLO,2025-08-01,139,19444.46,61146.1,principal
SKU_1744_LIG,2025-08-01,424,36974.95,112317.6,principal
SKU_1744_EME,2025-08-01,138,12034.3,36556.2,principal
SKU_1745_PEA,2025-08-01,186,25098.67,76241.4,principal
SKU_1745_FOR,2025-08-01,156,21050.5,63944.4,principal
SKU_1746_EME,2025-08-01,214,12673.74,38498.6,principal
SKU_1746_NAV,2025-08-01,193,11430.05,34720.7,principal
SKU_1747_FUC,2025-08-01,156,8676.44,27284.4,principal
SKU_1747_TEA,2025-08-01,61,3392.71,10668.9,principal
SKU_1748_BAB,2025-08-01,347,33066.03,107535.3,principal
SKU_1748_COB,2025-08-01,0,0.0,0.0,principal
SKU_1749_SNO,2025-08-01,318,32097.54,111268.2,principal
SKU_1749_BIR,2025-08-01,188,18975.9,65781.2,principal
SKU_1750_MIN,2025-08-01,331,32727.38,122436.9,principal
SKU_1750_SNO,2025-08-01,393,38857.59,145370.7,principal
SKU_1751_BLU,2025-08-01,374,36644.63,123382.6,principal
SKU_1751_MIN,2025-08-01,369,36154.73,121733.1,principal
SKU_1752_SNO,2025-08-01,380,58222.22,163362.0,principal
SKU_1752_SPA,2025-08-01,414,63431.57,177978.6,principal
SKU_1753_WHI,2025-08-01,134,40238.64,105846.6,principal
SKU_1753_PAL,2025-08-01,410,123118.24,323859.0,principal
SKU_1754_IVO,2025-08-01,0,0.0,0.0,principal
SKU_1754_SER,2025-08-01,380,42752.62,129162.0,principal
SKU_1755_BIR,2025-08-01,333,36712.94,111521.7,principal
SKU_1755_AQU,2025-08-01,412,45422.62,137978.8,principal
SKU_1756_FLA,2025-08-01,143,8180.77,25725.7,principal
SKU_1756_BUB,2025-08-01,151,8638.44,27164.9,principal
SKU_1757_PIN,2025-08-01,181,15247.11,47946.9,principal
SKU_1757_TUR,2025-08-01,339,28556.75,89801.1,principal
SKU_1758_CLO,2025-08-01,406,19957.29,73039.4,principal
SKU_1758_HON,2025-08-01,160,7864.94,28784.0,principal
SKU_1759_CLE,2025-08-01,375,30779.73,101212.5,principal
SKU_1759_COB,2025-08-01,385,31600.53,103911.5,principal
SKU_1760_PAS,2025-08-01,141,10369.93,35235.9,principal
SKU_1760_OFF,2025-08-01,401,29491.77,100209.9,principal
SKU_1761_MOS,2025-08-01,200,70050.66,220980.0,principal
SKU_1761_SAP,2025-08-01,138,48334.96,152476.2,principal
SKU_1762_DEN,2025-08-01,0,0.0,0.0,principal
SKU_1762_BRI,2025-08-01,390,35430.08,99411.0,principal
SKU_1763_MAR,2025-08-01,85,8437.69,25491.5,principal
SKU_1763_HOT,2025-08-01,330,32758.08,98967.0,principal
SKU_1764_FUC,2025-08-01,392,30313.0,92080.8,principal
SKU_1764_MAR,2025-08-01,174,13455.26,40872.6,principal
SKU_1765_MYS,2025-08-01,349,28844.22,90705.1,principal
SKU_1765_PAS,2025-08-01,322,26612.72,83687.8,principal
SKU_1766_CLE,2025-08-01,361,45333.73,142558.9,principal
SKU_1766_MYS,2025-08-01,437,54877.67,172571.3,principal
SKU_1767_PRI,2025-08-01,160,10425.31,32784.0,principal
SKU_1767_FUC,2025-08-01,172,11207.21,35242.8,principal
SKU_1768_PEA,2025-08-01,192,35751.88,119980.8,principal
SKU_1768_MIN,2025-08-01,375,69827.89,234337.5,principal
SKU_1769_WHI,2025-08-01,228,20900.88,74077.2,principal
SKU_1769_EME,2025-08-01,134,12283.85,43536.6,principal
SKU_1770_JAD,2025-08-01,182,11778.42,40021.8,principal
SKU_1770_DEE,2025-08-01,393,25433.61,86420.7,principal
SKU_1771_PIN,2025-08-01,395,34215.81,104635.5,principal
SKU_1771_EME,2025-08-01,364,31530.52,96423.6,principal
SKU_1772_BLU,2025-08-01,170,27677.15,70533.0,principal
SKU_1772_SNO,2025-08-01,0,0.0,0.0,principal
SKU_1773_OLI,2025-08-01,186,19894.02,60431.4,principal
SKU_1773_FRE,2025-08-01,167,17861.83,54258.3,principal
SKU_1774_COB,2025-08-01,64,4170.12,13113.6,principal
SKU_1774_MOS,2025-08-01,341,22218.95,69870.9,principal
SKU_1775_PAS,2025-08-01,361,33263.65,101043.9,principal
SKU_1775_PAL,2025-08-01,378,34830.08,105802.2,principal
SKU_1776_BIR,2025-08-01,0,0.0,0.0,principal
SKU_1776_PAS,2025-08-01,0,0.0,0.0,principal
SKU_1777_TUR,2025-08-01,0,0.0,0.0,principal
SKU_1777_FRE,2025-08-01,207,15791.66,49659.3,principal
SKU_1778_TEA,2025-08-01,0,0.0,0.0,principal
SKU_1778_MIN,2025-08-01,420,39606.8,119658.0,principal
SKU_1779_LIG,2025-08-01,393,27802.82,84455.7,principal
SKU_1779_MIN,2025-08-01,193,13653.8,41475.7,principal
SKU_1780_AQU,2025-08-01,393,43564.8,131615.7,principal
SKU_1780_LIG,2025-08-01,436,48331.43,146016.4,principal
SKU_1781_CLE,2025-08-01,353,14581.79,45854.7,principal
SKU_1781_AQU,2025-08-01,419,17308.14,54428.1,principal
SKU_1782_NAV,2025-08-01,117,9677.88,29238.3,principal
SKU_1782_HUN,2025-08-01,140,11580.37,34986.0,principal
SKU_1783_EGR,2025-08-01,92,35104.27,110390.8,principal
SKU_1783_BAB,2025-08-01,434,165600.6,520756.6,principal
SKU_1784_EGR,2025-08-01,201,20617.96,62289.9,principal
SKU_1784_BLA,2025-08-01,427,43800.34,132327.3,principal
SKU_1785_HUN,2025-08-01,433,33721.26,106041.7,principal
SKU_1785_PAS,2025-08-01,379,29515.84,92817.1,principal
SKU_1786_TEA,2025-08-01,119,7047.55,21408.1,principal
SKU_1786_POW,2025-08-01,377,22327.1,67822.3,principal
SKU_1787_BAB,2025-08-01,714,65822.37,206988.6,principal
SKU_1787_BAB,2025-08-01,714,65822.37,206988.6,principal
SKU_1788_EME,2025-08-01,146,12076.67,36485.4,principal
SKU_1788_MYS,2025-08-01,409,33831.21,102209.1,principal
SKU_1789_SNO,2025-08-01,176,14455.93,47502.4,principal
SKU_1789_EME,2025-08-01,411,33757.88,110928.9,principal
SKU_1790_EGR,2025-08-01,62,4642.22,16113.8,principal
SKU_1790_ROY,2025-08-01,336,25157.86,87326.4,principal
SKU_1791_ARM,2025-08-01,172,12178.94,45562.8,principal
SKU_1791_IVO,2025-08-01,418,29597.65,110728.2,principal
SKU_1792_MIN,2025-08-01,403,52652.07,177279.7,principal
SKU_1792_AQU,2025-08-01,366,47818.01,161003.4,principal
SKU_1793_WHI,2025-08-01,157,10396.25,29814.3,principal
SKU_1793_MIN,2025-08-01,0,0.0,0.0,principal
SKU_1794_FLA,2025-08-01,146,11657.51,30645.4,principal
SKU_1794_LIG,2025-08-01,159,12695.51,33374.1,principal
SKU_1795_RAS,2025-08-01,356,35146.84,106764.4,principal
SKU_1795_HUN,2025-08-01,358,35344.29,107364.2,principal
SKU_1796_OLI,2025-08-01,86,14294.32,43421.4,principal
SKU_1796_SHO,2025-08-01,205,34073.68,103504.5,principal
SKU_1797_GAR,2025-08-01,120,13268.84,45588.0,principal
SKU_1797_BLU,2025-08-01,83,9177.62,31531.7,principal
SKU_1798_OFF,2025-08-01,331,43265.79,138986.9,principal
SKU_1798_MOS,2025-08-01,183,23920.36,76841.7,principal
SKU_1799_DEN,2025-08-01,188,14933.14,50741.2,principal
SKU_1799_POW,2025-08-01,441,35029.32,119025.9,principal
SKU_1800_SKY,2025-08-01,187,15545.37,52341.3,principal
SKU_1800_MOS,2025-08-01,354,29428.13,99084.6,principal
SKU_1801_MOS,2025-08-01,162,23831.94,60733.8,principal
SKU_1801_FLA,2025-08-01,207,30451.93,77604.3,principal
SKU_1000_COR,2025-09-01,0,0.0,0.0,principal
SKU_1000_EME,2025-09-01,134,8007.44,27456.6,principal
SKU_1000_ROY,2025-09-01,179,10696.51,36677.1,principal
SKU_1001_AQU,2025-09-01,92,23113.64,86470.8,principal
SKU_1001_SAP,2025-09-01,165,41453.82,155083.5,principal
SKU_1002_COR,2025-09-01,63,4839.17,14798.7,principal
SKU_1002_MYS,2025-09-01,59,4531.93,13859.1,principal
SKU_1003_SNO,2025-09-01,120,17182.41,43788.0,principal
SKU_1003_DUS,2025-09-01,160,22909.88,58384.0,principal
SKU_1004_FOR,2025-09-01,0,0.0,0.0,principal
SKU_1004_MEX,2025-09-01,97,11058.97,29090.3,principal
SKU_1005_OLI,2025-09-01,0,0.0,0.0,principal
SKU_1005_MYS,2025-09-01,0,0.0,0.0,principal
SKU_1006_MOS,2025-09-01,90,5434.94,17091.0,principal
SKU_1006_FOR,2025-09-01,81,4891.44,15381.9,principal
SKU_1007_COB,2025-09-01,148,13879.17,43645.2,principal
SKU_1007_FOR,2025-09-01,130,12191.17,38337.0,principal
SKU_1008_MEX,2025-09-01,146,15701.12,47435.4,principal
SKU_1008_WHI,2025-09-01,123,13227.65,39962.7,principal
SKU_1009_BAB,2025-09-01,169,24035.27,87018.1,principal
SKU_1009_MAG,2025-09-01,0,0.0,0.0,principal
SKU_1010_SNO,2025-09-01,120,13584.31,45588.0,principal
SKU_1010_BRI,2025-09-01,0,0.0,0.0,principal
SKU_1011_CER,2025-09-01,72,5001.93,18712.8,principal
SKU_1011_MIN,2025-09-01,54,3751.45,14034.6,principal
SKU_1012_VAN,2025-09-01,124,35719.48,120267.6,principal
SKU_1012_CLO,2025-09-01,157,45225.47,152274.3,principal
SKU_1013_LIG,2025-09-01,92,6295.92,16550.8,principal
SKU_1013_LIG,2025-09-01,92,6295.92,16550.8,principal
SKU_1014_FLA,2025-09-01,135,17869.53,53986.5,principal
SKU_1014_MIN,2025-09-01,155,20516.87,61984.5,principal
SKU_1015_ROY,2025-09-01,152,47036.69,142104.8,principal
SKU_1015_TUR,2025-09-01,51,15782.05,47679.9,principal
SKU_1016_HON,2025-09-01,55,3912.25,11819.5,principal
SKU_1016_SNO,2025-09-01,0,0.0,0.0,principal
SKU_1017_PAS,2025-09-01,164,7817.58,24583.6,principal
SKU_1017_BAL,2025-09-01,87,4147.13,13041.3,principal
SKU_1018_TEA,2025-09-01,158,6024.26,18944.2,principal
SKU_1018_ARM,2025-09-01,165,6291.15,19783.5,principal
SKU_1019_NAV,2025-09-01,65,5348.93,17218.5,principal
SKU_1019_GAR,2025-09-01,81,6665.59,21456.9,principal
SKU_1020_NAV,2025-09-01,54,3285.01,10794.6,principal
SKU_1020_LIG,2025-09-01,100,6083.36,19990.0,principal
SKU_1021_CRE,2025-09-01,87,6625.38,24786.3,principal
SKU_1021_PAS,2025-09-01,176,13403.06,50142.4,principal
SKU_1022_PAL,2025-09-01,142,14854.24,45425.8,principal
SKU_1022_DEN,2025-09-01,63,6590.26,20153.7,principal
SKU_1023_DEN,2025-09-01,142,15596.25,39745.8,principal
SKU_1023_FOR,2025-09-01,180,19769.9,50382.0,principal
SKU_1024_VAN,2025-09-01,165,13166.27,34633.5,principal
SKU_1024_DEN,2025-09-01,76,6064.46,15952.4,principal
SKU_1025_WHI,2025-09-01,119,18349.59,57703.1,principal
SKU_1025_MIN,2025-09-01,104,16036.61,50429.6,principal
SKU_1026_CLO,2025-09-01,0,0.0,0.0,principal
SKU_1026_SPA,2025-09-01,62,8468.27,25723.8,principal
SKU_1027_MAR,2025-09-01,189,25236.83,79361.1,principal
SKU_1027_BIR,2025-09-01,174,23233.91,73062.6,principal
SKU_1028_BLU,2025-09-01,99,19830.51,62360.1,principal
SKU_1028_AQU,2025-09-01,59,11818.18,37164.1,principal
SKU_1029_BLU,2025-09-01,179,13940.2,43837.1,principal
SKU_1029_BAL,2025-09-01,76,5918.74,18612.4,principal
SKU_1030_CRE,2025-09-01,92,19013.47,59790.8,principal
SKU_1030_DEN,2025-09-01,69,14260.11,44843.1,principal
SKU_1031_COR,2025-09-01,154,24207.55,73134.6,principal
SKU_1031_HON,2025-09-01,0,0.0,0.0,principal
SKU_1032_EME,2025-09-01,153,16780.76,52769.7,principal
SKU_1032_HON,2025-09-01,154,16890.44,53114.6,principal
SKU_1033_NAV,2025-09-01,164,33893.58,106583.6,principal
SKU_1033_LIM,2025-09-01,111,22940.17,72138.9,principal
SKU_1034_PAS,2025-09-01,87,6154.82,18696.3,principal
SKU_1034_PIS,2025-09-01,109,7711.21,23424.1,principal
SKU_1035_SAP,2025-09-01,172,35820.41,112642.8,principal
SKU_1035_FUC,2025-09-01,160,33321.31,104784.0,principal
SKU_1036_BIR,2025-09-01,80,19749.37,59992.0,principal
SKU_1036_MID,2025-09-01,88,21724.3,65991.2,principal
SKU_1037_PRI,2025-09-01,54,3604.4,11334.6,principal
SKU_1037_SPA,2025-09-01,107,7142.06,22459.3,principal
SKU_1038_LIG,2025-09-01,51,4133.97,12999.9,principal
SKU_1038_FLA,2025-09-01,116,9402.75,29568.4,principal
SKU_1039_ARM,2025-09-01,71,3640.3,10997.9,principal
SKU_1039_MIN,2025-09-01,87,4460.66,13476.3,principal
SKU_1040_BLA,2025-09-01,85,9145.21,29741.5,principal
SKU_1040_BAB,2025-09-01,85,9145.21,29741.5,principal
SKU_1041_EME,2025-09-01,106,6936.18,23309.4,principal
SKU_1041_SNO,2025-09-01,66,4318.75,14513.4,principal
SKU_1042_SEA,2025-09-01,124,11491.71,39047.6,principal
SKU_1042_EME,2025-09-01,163,15106.04,51328.7,principal
SKU_1043_SPA,2025-09-01,55,14291.49,48119.5,principal
SKU_1043_CER,2025-09-01,78,20267.93,68242.2,principal
SKU_1044_SER,2025-09-01,186,60841.71,159941.4,principal
SKU_1044_COR,2025-09-01,125,40888.24,107487.5,principal
SKU_1045_FOR,2025-09-01,50,4845.14,12745.0,principal
SKU_1045_BUB,2025-09-01,131,12694.26,33391.9,principal
SKU_1046_SNO,2025-09-01,0,0.0,0.0,principal
SKU_1046_PAS,2025-09-01,74,3916.59,11832.6,principal
SKU_1047_ROY,2025-09-01,168,11672.12,35263.2,principal
SKU_1047_DEE,2025-09-01,62,4307.57,13013.8,principal
SKU_1048_MAR,2025-09-01,146,11530.36,35025.4,principal
SKU_1048_PEA,2025-09-01,0,0.0,0.0,principal
SKU_1049_BAL,2025-09-01,153,38022.5,115499.7,principal
SKU_1049_LIG,2025-09-01,176,43738.3,132862.4,principal
SKU_1050_BUB,2025-09-01,0,0.0,0.0,principal
SKU_1050_PRI,2025-09-01,154,13693.84,46954.6,principal
SKU_1051_CLE,2025-09-01,126,28734.56,94487.4,principal
SKU_1051_LIG,2025-09-01,170,38768.86,127483.0,principal
SKU_1052_PAS,2025-09-01,142,13162.54,46135.8,principal
SKU_1052_FRE,2025-09-01,112,10381.72,36388.8,principal
SKU_1053_SHO,2025-09-01,0,0.0,0.0,principal
SKU_1053_NAV,2025-09-01,59,6171.83,18874.1,principal
SKU_1054_DEE,2025-09-01,105,13281.07,37264.5,principal
SKU_1054_PAS,2025-09-01,72,9107.02,25552.8,principal
SKU_1055_LIG,2025-09-01,188,70622.56,213361.2,principal
SKU_1055_PAL,2025-09-01,0,0.0,0.0,principal
SKU_1056_CRE,2025-09-01,135,10496.51,31711.5,principal
SKU_1056_OLI,2025-09-01,162,12595.81,38053.8,principal
SKU_1057_ROY,2025-09-01,58,3530.41,10724.2,principal
SKU_1057_SNO,2025-09-01,0,0.0,0.0,principal
SKU_1058_MID,2025-09-01,66,4090.56,12863.4,principal
SKU_1058_SHO,2025-09-01,122,7561.34,23777.8,principal
SKU_1059_PEA,2025-09-01,92,8773.87,27590.8,principal
SKU_1059_OFF,2025-09-01,156,14877.44,46784.4,principal
SKU_1060_CRE,2025-09-01,142,48444.87,157605.8,principal
SKU_1060_LIM,2025-09-01,59,20128.5,65484.1,principal
SKU_1061_PAS,2025-09-01,153,17694.95,62714.7,principal
SKU_1061_EGR,2025-09-01,60,6939.2,24594.0,principal
SKU_1062_OLI,2025-09-01,166,9467.22,33183.4,principal
SKU_1062_MID,2025-09-01,130,7414.09,25987.0,principal
SKU_1063_SNO,2025-09-01,111,6506.08,20523.9,principal
SKU_1063_SAP,2025-09-01,60,3516.8,11094.0,principal
SKU_1064_PRI,2025-09-01,100,6768.04,18990.0,principal
SKU_1064_BIR,2025-09-01,140,9475.25,26586.0,principal
SKU_1065_CLE,2025-09-01,141,29934.45,90930.9,principal
SKU_1065_COB,2025-09-01,126,26749.94,81257.4,principal
SKU_1066_IVO,2025-09-01,173,10301.61,31122.7,principal
SKU_1066_WHI,2025-09-01,80,4763.75,14392.0,principal
SKU_1067_EME,2025-09-01,79,6654.82,20927.1,principal
SKU_1067_WHI,2025-09-01,74,6233.63,19602.6,principal
SKU_1068_COR,2025-09-01,75,19733.39,59617.5,principal
SKU_1068_BAL,2025-09-01,0,0.0,0.0,principal
SKU_1069_OLI,2025-09-01,0,0.0,0.0,principal
SKU_1069_CRE,2025-09-01,88,15434.93,46631.2,principal
SKU_1070_LIG,2025-09-01,0,0.0,0.0,principal
SKU_1070_MID,2025-09-01,153,17466.77,52769.7,principal
SKU_1071_BAB,2025-09-01,176,15637.79,47502.4,principal
SKU_1071_SKY,2025-09-01,146,12972.26,39405.4,principal
SKU_1072_PAS,2025-09-01,152,23138.49,69904.8,principal
SKU_1072_CER,2025-09-01,133,20246.18,61166.7,principal
SKU_1073_FRE,2025-09-01,91,9635.71,29110.9,principal
SKU_1073_BLU,2025-09-01,116,12282.88,37108.4,principal
SKU_1074_JAD,2025-09-01,137,9241.07,28071.3,principal
SKU_1074_PRI,2025-09-01,174,11736.84,35652.6,principal
SKU_1075_NAV,2025-09-01,101,9311.01,29279.9,principal
SKU_1075_LIG,2025-09-01,166,15303.24,48123.4,principal
SKU_1076_BLU,2025-09-01,0,0.0,0.0,principal
SKU_1076_POW,2025-09-01,140,9904.31,30086.0,principal
SKU_1077_NAV,2025-09-01,65,4752.03,14943.5,principal
SKU_1077_MAR,2025-09-01,84,6141.09,19311.6,principal
SKU_1078_GAR,2025-09-01,0,0.0,0.0,principal
SKU_1078_BLU,2025-09-01,161,15866.26,49893.9,principal
SKU_1079_BAB,2025-09-01,103,9321.2,28314.7,principal
SKU_1079_JAD,2025-09-01,153,13846.05,42059.7,principal
SKU_1080_TEA,2025-09-01,109,16460.98,51764.1,principal
SKU_1080_MAR,2025-09-01,72,10873.31,34192.8,principal
SKU_1081_EGR,2025-09-01,58,5096.24,16234.2,principal
SKU_1081_PAS,2025-09-01,125,10983.28,34987.5,principal
SKU_1082_PIN,2025-09-01,156,10068.58,32744.4,principal
SKU_1082_LIG,2025-09-01,172,11101.25,36102.8,principal
SKU_1083_OFF,2025-09-01,56,7579.52,25754.4,principal
SKU_1083_BAB,2025-09-01,133,18001.36,61166.7,principal
SKU_1084_DUS,2025-09-01,63,20392.93,62363.7,principal
SKU_1084_PAS,2025-09-01,81,26219.48,80181.9,principal
SKU_1085_COB,2025-09-01,114,18618.18,56988.6,principal
SKU_1085_CRE,2025-09-01,84,13718.66,41991.6,principal
SKU_1086_PRI,2025-09-01,177,15620.38,39807.3,principal
SKU_1086_CRE,2025-09-01,72,6354.05,16192.8,principal
SKU_1087_BIR,2025-09-01,84,12158.91,31491.6,principal
SKU_1087_SNO,2025-09-01,142,20554.34,53235.8,principal
SKU_1088_CER,2025-09-01,130,30594.86,92937.0,principal
SKU_1088_HON,2025-09-01,141,33183.66,100800.9,principal
SKU_1089_GAR,2025-09-01,180,17545.68,60282.0,principal
SKU_1089_EGR,2025-09-01,120,11697.12,40188.0,principal
SKU_1090_PAL,2025-09-01,175,7580.7,23607.5,principal
SKU_1090_WHI,2025-09-01,88,3812.01,11871.2,principal
SKU_1091_OFF,2025-09-01,65,5471.23,20468.5,principal
SKU_1091_MOS,2025-09-01,126,10605.77,39677.4,principal
SKU_1092_TUR,2025-09-01,142,15318.58,46845.8,principal
SKU_1092_MIN,2025-09-01,186,20065.18,61361.4,principal
SKU_1093_GAR,2025-09-01,0,0.0,0.0,principal
SKU_1093_TEA,2025-09-01,83,34459.14,96686.7,principal
SKU_1094_FOR,2025-09-01,80,7143.97,18792.0,principal
SKU_1094_DEE,2025-09-01,179,15984.63,42047.1,principal
SKU_1095_COB,2025-09-01,139,18527.74,56281.1,principal
SKU_1095_MAG,2025-09-01,0,0.0,0.0,principal
SKU_1096_HOT,2025-09-01,139,12807.89,38906.1,principal
SKU_1096_CLE,2025-09-01,53,4883.58,14834.7,principal
SKU_1097_AQU,2025-09-01,0,0.0,0.0,principal
SKU_1097_PAL,2025-09-01,126,8962.62,27077.4,principal
SKU_1098_HON,2025-09-01,0,0.0,0.0,principal
SKU_1098_HUN,2025-09-01,161,18380.07,55528.9,principal
SKU_1099_SAL,2025-09-01,61,4564.04,15243.9,principal
SKU_1099_PRI,2025-09-01,84,6284.91,20991.6,principal
SKU_1100_PEA,2025-09-01,78,3940.29,14422.2,principal
SKU_1100_COB,2025-09-01,0,0.0,0.0,principal
SKU_1101_CLE,2025-09-01,0,0.0,0.0,principal
SKU_1101_DEE,2025-09-01,120,13308.33,49788.0,principal
SKU_1102_FLA,2025-09-01,189,54443.4,183311.1,principal
SKU_1102_OFF,2025-09-01,136,39176.2,131906.4,principal
SKU_1103_EGR,2025-09-01,73,3607.22,9482.7,principal
SKU_1103_LIG,2025-09-01,51,2520.11,6624.9,principal
SKU_1104_POW,2025-09-01,73,4346.92,13132.7,principal
SKU_1104_MEX,2025-09-01,118,7026.53,21228.2,principal
SKU_1105_ARM,2025-09-01,0,0.0,0.0,principal
SKU_1105_SER,2025-09-01,172,11601.93,35242.8,principal
SKU_1106_MYS,2025-09-01,118,29264.97,92028.2,principal
SKU_1106_SNO,2025-09-01,78,19344.64,60832.2,principal
SKU_1107_BAL,2025-09-01,148,48473.12,147245.2,principal
SKU_1107_PAS,2025-09-01,52,17031.1,51734.8,principal
SKU_1108_PRI,2025-09-01,115,9512.44,28738.5,principal
SKU_1108_SNO,2025-09-01,97,8023.54,24240.3,principal
SKU_1109_SAG,2025-09-01,0,0.0,0.0,principal
SKU_1109_CER,2025-09-01,187,11790.36,42991.3,principal
SKU_1110_FLA,2025-09-01,157,9913.86,36094.3,principal
SKU_1110_HUN,2025-09-01,0,0.0,0.0,principal
SKU_1111_CRE,2025-09-01,46,2580.89,9655.4,principal
SKU_1111_BLU,2025-09-01,83,4656.82,17421.7,principal
SKU_1112_MIN,2025-09-01,110,8980.98,30239.0,principal
SKU_1112_EGR,2025-09-01,89,7266.43,24466.1,principal
SKU_1113_VAN,2025-09-01,0,0.0,0.0,principal
SKU_1113_OLI,2025-09-01,0,0.0,0.0,principal
SKU_1114_GAR,2025-09-01,91,12045.39,36390.9,principal
SKU_1114_PRI,2025-09-01,131,17340.06,52386.9,principal
SKU_1115_LIM,2025-09-01,135,9602.81,29011.5,principal
SKU_1115_TEA,2025-09-01,0,0.0,0.0,principal
SKU_1116_MOS,2025-09-01,92,7265.71,22070.8,principal
SKU_1116_SNO,2025-09-01,106,8371.36,25429.4,principal
SKU_1117_MOS,2025-09-01,113,8224.92,24848.7,principal
SKU_1117_MIN,2025-09-01,159,11573.12,34964.1,principal
SKU_1118_FUC,2025-09-01,111,10834.92,32733.9,principal
SKU_1118_DUS,2025-09-01,76,7418.5,22412.4,principal
SKU_1119_PAS,2025-09-01,63,2901.47,8813.7,principal
SKU_1119_LIG,2025-09-01,0,0.0,0.0,principal
SKU_1120_AQU,2025-09-01,76,5797.9,18232.4,principal
SKU_1120_SAL,2025-09-01,141,10756.64,33825.9,principal
SKU_1121_MYS,2025-09-01,126,10365.65,31487.4,principal
SKU_1121_MIN,2025-09-01,158,12998.2,39484.2,principal
SKU_1122_ROY,2025-09-01,93,13079.7,39515.7,principal
SKU_1122_PIS,2025-09-01,178,25034.26,75632.2,principal
SKU_1123_BAB,2025-09-01,72,10245.38,30952.8,principal
SKU_1123_SER,2025-09-01,0,0.0,0.0,principal
SKU_1124_BLU,2025-09-01,172,21510.85,65342.8,principal
SKU_1124_FOR,2025-09-01,137,17133.64,52046.3,principal
SKU_1125_MIN,2025-09-01,151,7948.5,24144.9,principal
SKU_1125_SAP,2025-09-01,86,4526.96,13751.4,principal
SKU_1126_WHI,2025-09-01,145,32871.78,99310.5,principal
SKU_1126_WHI,2025-09-01,145,32871.78,99310.5,principal
SKU_1127_SAL,2025-09-01,158,10397.52,31584.2,principal
SKU_1127_BLU,2025-09-01,68,4474.88,13593.2,principal
SKU_1128_PRI,2025-09-01,141,19026.41,57795.9,principal
SKU_1128_TEA,2025-09-01,0,0.0,0.0,principal
SKU_1129_VAN,2025-09-01,123,15670.43,47342.7,principal
SKU_1129_SAG,2025-09-01,78,9937.35,30022.2,principal
SKU_1130_CRE,2025-09-01,50,3701.48,12495.0,principal
SKU_1130_MEX,2025-09-01,123,9105.63,30737.7,principal
SKU_1131_CLO,2025-09-01,147,39847.97,130080.3,principal
SKU_1131_JAD,2025-09-01,63,17077.7,55748.7,principal
SKU_1132_NAV,2025-09-01,0,0.0,0.0,principal
SKU_1132_CLE,2025-09-01,181,9316.63,31656.9,principal
SKU_1133_MOS,2025-09-01,78,21078.74,70972.2,principal
SKU_1133_PEA,2025-09-01,158,42697.97,143764.2,principal
SKU_1134_DUS,2025-09-01,68,6001.05,15293.2,principal
SKU_1134_PIN,2025-09-01,163,14384.87,36658.7,principal
SKU_1135_ROS,2025-09-01,118,8070.11,21228.2,principal
SKU_1135_MAR,2025-09-01,82,5608.04,14751.8,principal
SKU_1136_SNO,2025-09-01,113,9296.18,28238.7,principal
SKU_1136_FUC,2025-09-01,60,4936.02,14994.0,principal
SKU_1137_DEE,2025-09-01,71,9141.83,28747.9,principal
SKU_1137_PAL,2025-09-01,149,19184.97,60330.1,principal
SKU_1138_PEA,2025-09-01,155,11085.32,34859.5,principal
SKU_1138_HON,2025-09-01,124,8868.26,27887.6,principal
SKU_1139_PRI,2025-09-01,111,10651.22,32178.9,principal
SKU_1139_EGR,2025-09-01,140,13433.97,40586.0,principal
SKU_1140_SNO,2025-09-01,149,8905.58,29785.1,principal
SKU_1140_ROS,2025-09-01,0,0.0,0.0,principal
SKU_1141_SKY,2025-09-01,73,8060.79,26637.7,principal
SKU_1141_CLE,2025-09-01,183,20207.18,66776.7,principal
SKU_1142_MIN,2025-09-01,86,7813.55,29231.4,principal
SKU_1142_PAS,2025-09-01,77,6995.86,26172.3,principal
SKU_1143_IVO,2025-09-01,131,8348.93,25531.9,principal
SKU_1143_SNO,2025-09-01,58,3696.47,11304.2,principal
SKU_1144_SEA,2025-09-01,147,18447.61,48495.3,principal
SKU_1144_BUB,2025-09-01,178,22337.92,58722.2,principal
SKU_1145_MOS,2025-09-01,115,17125.44,51738.5,principal
SKU_1145_LIG,2025-09-01,0,0.0,0.0,principal
SKU_1146_FRE,2025-09-01,61,9436.16,28663.9,principal
SKU_1146_CER,2025-09-01,134,20728.6,62966.6,principal
SKU_1147_COR,2025-09-01,182,21078.68,63681.8,principal
SKU_1147_MEX,2025-09-01,0,0.0,0.0,principal
SKU_1148_TEA,2025-09-01,88,12667.77,38271.2,principal
SKU_1148_SPA,2025-09-01,160,23032.3,69584.0,principal
SKU_1149_IVO,2025-09-01,108,5491.61,17269.2,principal
SKU_1149_OLI,2025-09-01,127,6457.72,20307.3,principal
SKU_1150_SAG,2025-09-01,135,26870.12,85711.5,principal
SKU_1150_VAN,2025-09-01,171,34035.48,108567.9,principal
SKU_1151_CRE,2025-09-01,128,31653.16,103667.2,principal
SKU_1151_JAD,2025-09-01,131,32395.03,106096.9,principal
SKU_1152_CLO,2025-09-01,176,47745.77,178622.4,principal
SKU_1152_WHI,2025-09-01,108,29298.54,109609.2,principal
SKU_1153_PEA,2025-09-01,167,18594.67,62608.3,principal
SKU_1153_MOS,2025-09-01,68,7571.48,25493.2,principal
SKU_1154_VAN,2025-09-01,93,19520.21,49745.7,principal
SKU_1154_PEA,2025-09-01,116,24347.79,62048.4,principal
SKU_1155_ARM,2025-09-01,146,43009.55,113135.4,principal
SKU_1155_BAB,2025-09-01,99,29164.01,76715.1,principal
SKU_1156_FLA,2025-09-01,162,14676.91,46153.8,principal
SKU_1156_EGR,2025-09-01,91,8244.44,25925.9,principal
SKU_1157_DEE,2025-09-01,128,8001.93,24307.2,principal
SKU_1157_PAS,2025-09-01,106,6626.6,20129.4,principal
SKU_1158_AQU,2025-09-01,168,36857.22,115903.2,principal
SKU_1158_MYS,2025-09-01,96,21061.27,66230.4,principal
SKU_1159_PAS,2025-09-01,95,5656.96,17090.5,principal
SKU_1159_PRI,2025-09-01,103,6133.33,18529.7,principal
SKU_1160_DUS,2025-09-01,157,10648.04,32169.3,principal
SKU_1160_LIM,2025-09-01,57,3865.85,11679.3,principal
SKU_1161_MEX,2025-09-01,87,12235.85,36966.3,principal
SKU_1161_DUS,2025-09-01,0,0.0,0.0,principal
SKU_1162_HOT,2025-09-01,169,40838.55,128423.1,principal
SKU_1162_BUB,2025-09-01,163,39388.66,123863.7,principal
SKU_1163_HUN,2025-09-01,140,11517.39,34986.0,principal
SKU_1163_SPA,2025-09-01,141,11599.66,35235.9,principal
SKU_1164_BRI,2025-09-01,166,10552.32,33183.4,principal
SKU_1164_MIN,2025-09-01,81,5149.02,16191.9,principal
SKU_1165_HUN,2025-09-01,0,0.0,0.0,principal
SKU_1165_MAR,2025-09-01,169,18266.91,57443.1,principal
SKU_1166_PIS,2025-09-01,85,16350.45,51416.5,principal
SKU_1166_FRE,2025-09-01,145,27891.94,87710.5,principal
SKU_1167_WHI,2025-09-01,105,24872.21,78214.5,principal
SKU_1167_JAD,2025-09-01,85,20134.65,63316.5,principal
SKU_1168_GAR,2025-09-01,140,35213.77,106386.0,principal
SKU_1168_BLU,2025-09-01,0,0.0,0.0,principal
SKU_1169_BUB,2025-09-01,124,7882.46,24787.6,principal
SKU_1169_MEX,2025-09-01,132,8391.0,26386.8,principal
SKU_1170_GAR,2025-09-01,110,32406.12,98439.0,principal
SKU_1170_OFF,2025-09-01,65,19149.07,58168.5,principal
SKU_1171_MIN,2025-09-01,68,3849.39,12573.2,principal
SKU_1171_EME,2025-09-01,128,7245.92,23667.2,principal
SKU_1172_ARM,2025-09-01,51,5632.31,18354.9,principal
SKU_1172_PIN,2025-09-01,53,5853.19,19074.7,principal
SKU_1173_GAR,2025-09-01,57,4946.98,16809.3,principal
SKU_1173_AQU,2025-09-01,61,5294.13,17988.9,principal
SKU_1174_PEA,2025-09-01,92,6121.52,19310.8,principal
SKU_1174_BLU,2025-09-01,79,5256.53,16582.1,principal
SKU_1175_FUC,2025-09-01,58,5114.23,15654.2,principal
SKU_1175_CLE,2025-09-01,77,6789.58,20782.3,principal
SKU_1176_GAR,2025-09-01,183,22617.33,59456.7,principal
SKU_1176_NAV,2025-09-01,165,20392.67,53608.5,principal
SKU_1177_MIN,2025-09-01,157,12399.09,37664.3,principal
SKU_1177_PEA,2025-09-01,97,7660.58,23270.3,principal
SKU_1178_RAS,2025-09-01,159,16174.78,50864.1,principal
SKU_1178_MID,2025-09-01,118,12003.93,37748.2,principal
SKU_1179_TUR,2025-09-01,123,13294.85,41807.7,principal
SKU_1179_VAN,2025-09-01,157,16969.85,53364.3,principal
SKU_1180_ROY,2025-09-01,147,22440.86,77895.3,principal
SKU_1180_AQU,2025-09-01,92,14044.62,48750.8,principal
SKU_1181_AQU,2025-09-01,169,15170.5,48993.1,principal
SKU_1181_SER,2025-09-01,116,10412.89,33628.4,principal
SKU_1182_BIR,2025-09-01,106,26870.94,89029.4,principal
SKU_1182_PIN,2025-09-01,112,28391.94,94068.8,principal
SKU_1183_POW,2025-09-01,107,23194.14,69539.3,principal
SKU_1183_MOS,2025-09-01,162,35116.36,105283.8,principal
SKU_1184_HOT,2025-09-01,128,15249.11,43507.2,principal
SKU_1184_BAB,2025-09-01,0,0.0,0.0,principal
SKU_1185_BAL,2025-09-01,76,28479.29,75232.4,principal
SKU_1185_MAG,2025-09-01,122,45716.75,120767.8,principal
SKU_1186_FLA,2025-09-01,0,0.0,0.0,principal
SKU_1186_MEX,2025-09-01,151,23606.9,71709.9,principal
SKU_1187_JAD,2025-09-01,79,8103.58,24482.1,principal
SKU_1187_OLI,2025-09-01,108,11078.31,33469.2,principal
SKU_1188_TEA,2025-09-01,57,4526.19,13674.3,principal
SKU_1188_BAB,2025-09-01,63,5002.63,15113.7,principal
SKU_1189_FUC,2025-09-01,0,0.0,0.0,principal
SKU_1189_ROY,2025-09-01,176,13684.33,41342.4,principal
SKU_1190_TEA,2025-09-01,87,14669.37,50451.3,principal
SKU_1190_MAG,2025-09-01,120,20233.62,69588.0,principal
SKU_1191_MIN,2025-09-01,52,2993.03,9614.8,principal
SKU_1191_MYS,2025-09-01,118,6791.87,21818.2,principal
SKU_1192_MAR,2025-09-01,79,5087.08,18557.1,principal
SKU_1192_RAS,2025-09-01,0,0.0,0.0,principal
SKU_1193_CLE,2025-09-01,108,15185.9,48049.2,principal
SKU_1193_ROS,2025-09-01,66,9280.27,29363.4,principal
SKU_1194_FLA,2025-09-01,105,8097.66,23089.5,principal
SKU_1194_SAG,2025-09-01,90,6940.85,19791.0,principal
SKU_1195_HUN,2025-09-01,114,18264.54,53568.6,principal
SKU_1195_SAL,2025-09-01,0,0.0,0.0,principal
SKU_1196_PEA,2025-09-01,0,0.0,0.0,principal
SKU_1196_RAS,2025-09-01,0,0.0,0.0,principal
SKU_1197_ROS,2025-09-01,95,24859.7,75515.5,principal
SKU_1197_COR,2025-09-01,57,14915.82,45309.3,principal
SKU_1198_SEA,2025-09-01,126,13418.77,42197.4,principal
SKU_1198_SAL,2025-09-01,64,6815.88,21433.6,principal
SKU_1199_PAL,2025-09-01,133,7652.83,27916.7,principal
SKU_1199_TEA,2025-09-01,114,6559.57,23928.6,principal
SKU_1200_MID,2025-09-01,176,9375.52,31662.4,principal
SKU_1200_PAS,2025-09-01,134,7138.18,24106.6,principal
SKU_1201_BIR,2025-09-01,0,0.0,0.0,principal
SKU_1201_SAG,2025-09-01,153,23631.83,74189.7,principal
SKU_1202_LIG,2025-09-01,160,47448.82,130384.0,principal
SKU_1202_CLE,2025-09-01,152,45076.38,123864.8,principal
SKU_1203_OFF,2025-09-01,0,0.0,0.0,principal
SKU_1203_FLA,2025-09-01,101,27889.34,76749.9,principal
SKU_1204_AQU,2025-09-01,44,5939.67,15395.6,principal
SKU_1204_MIN,2025-09-01,138,18628.96,48286.2,principal
SKU_1205_RAS,2025-09-01,109,28679.2,86644.1,principal
SKU_1205_COR,2025-09-01,82,21575.18,65181.8,principal
SKU_1206_HUN,2025-09-01,133,18265.14,55181.7,principal
SKU_1206_BLA,2025-09-01,53,7278.59,21989.7,principal
SKU_1207_POW,2025-09-01,113,37939.87,115248.7,principal
SKU_1207_BLA,2025-09-01,67,22495.32,68333.3,principal
SKU_1208_PAS,2025-09-01,84,20587.27,54171.6,principal
SKU_1208_MOS,2025-09-01,84,20587.27,54171.6,principal
SKU_1209_BLA,2025-09-01,117,12628.14,32748.3,principal
SKU_1209_DUS,2025-09-01,94,10145.68,26310.6,principal
SKU_1210_SHO,2025-09-01,112,8977.25,22948.8,principal
SKU_1210_WHI,2025-09-01,146,11702.49,29915.4,principal
SKU_1211_GAR,2025-09-01,169,17797.57,54063.1,principal
SKU_1211_CRE,2025-09-01,179,18850.68,57262.1,principal
SKU_1212_COB,2025-09-01,179,12517.15,39362.1,principal
SKU_1212_SNO,2025-09-01,97,6783.04,21330.3,principal
SKU_1213_MAG,2025-09-01,95,27361.62,83115.5,principal
SKU_1213_POW,2025-09-01,81,23329.38,70866.9,principal
SKU_1214_BLA,2025-09-01,113,10624.55,33888.7,principal
SKU_1214_RAS,2025-09-01,119,11188.68,35688.1,principal
SKU_1215_MAG,2025-09-01,130,8971.46,28587.0,principal
SKU_1215_BRI,2025-09-01,63,4347.71,13853.7,principal
SKU_1216_WHI,2025-09-01,170,25896.83,96883.0,principal
SKU_1216_CRE,2025-09-01,171,26049.16,97452.9,principal
SKU_1217_ROS,2025-09-01,106,27550.28,86909.4,principal
SKU_1217_RAS,2025-09-01,95,24691.29,77890.5,principal
SKU_1218_BLU,2025-09-01,103,26469.22,67454.7,principal
SKU_1218_SNO,2025-09-01,50,12849.14,32745.0,principal
SKU_1219_MAR,2025-09-01,129,19366.15,50942.1,principal
SKU_1219_LIM,2025-09-01,0,0.0,0.0,principal
SKU_1220_TUR,2025-09-01,87,8780.21,26526.3,principal
SKU_1220_HOT,2025-09-01,56,5651.63,17074.4,principal
SKU_1221_SAG,2025-09-01,121,28277.48,88922.9,principal
SKU_1221_PAL,2025-09-01,0,0.0,0.0,principal
SKU_1222_PAS,2025-09-01,101,28092.25,85334.9,principal
SKU_1222_HON,2025-09-01,115,31986.22,97163.5,principal
SKU_1223_TEA,2025-09-01,176,8395.39,25502.4,principal
SKU_1223_BLA,2025-09-01,87,4149.99,12606.3,principal
SKU_1224_OLI,2025-09-01,0,0.0,0.0,principal
SKU_1224_ARM,2025-09-01,61,8276.01,25308.9,principal
SKU_1225_POW,2025-09-01,112,7291.4,24068.8,principal
SKU_1225_IVO,2025-09-01,171,11132.41,36747.9,principal
SKU_1226_PAL,2025-09-01,166,22964.77,80493.4,principal
SKU_1226_LIG,2025-09-01,135,18676.17,65461.5,principal
SKU_1227_CLO,2025-09-01,117,13896.13,46788.3,principal
SKU_1227_PAS,2025-09-01,137,16271.53,54786.3,principal
SKU_1228_WHI,2025-09-01,173,19679.92,50152.7,principal
SKU_1228_SPA,2025-09-01,83,9441.81,24061.7,principal
SKU_1229_SAL,2025-09-01,79,22363.25,67932.1,principal
SKU_1229_CLO,2025-09-01,143,40480.31,122965.7,principal
SKU_1230_ROS,2025-09-01,118,15534.36,47188.2,principal
SKU_1230_NAV,2025-09-01,134,17640.71,53586.6,principal
SKU_1231_LIG,2025-09-01,134,21285.48,64306.6,principal
SKU_1231_BIR,2025-09-01,0,0.0,0.0,principal
SKU_1232_AQU,2025-09-01,54,6343.48,19164.6,principal
SKU_1232_FOR,2025-09-01,0,0.0,0.0,principal
SKU_1233_JAD,2025-09-01,93,7344.68,22310.7,principal
SKU_1233_SEA,2025-09-01,140,11056.51,33586.0,principal
SKU_1234_MOS,2025-09-01,62,4120.94,12703.8,principal
SKU_1234_SAL,2025-09-01,0,0.0,0.0,principal
SKU_1235_HUN,2025-09-01,0,0.0,0.0,principal
SKU_1235_COR,2025-09-01,143,19383.94,67195.7,principal
SKU_1236_DEE,2025-09-01,100,17666.9,56990.0,principal
SKU_1236_LIM,2025-09-01,185,32683.76,105431.5,principal
SKU_1237_BAB,2025-09-01,100,28527.15,99990.0,principal
SKU_1237_GAR,2025-09-01,171,48781.42,170982.9,principal
SKU_1238_SAP,2025-09-01,134,19535.63,61626.6,principal
SKU_1238_TUR,2025-09-01,0,0.0,0.0,principal
SKU_1239_BAB,2025-09-01,56,6601.61,17354.4,principal
SKU_1239_MID,2025-09-01,58,6837.39,17974.2,principal
SKU_1240_PAL,2025-09-01,192,63200.08,191980.8,principal
SKU_1240_MOS,2025-09-01,0,0.0,0.0,principal
SKU_1241_BAL,2025-09-01,66,7819.62,23753.4,principal
SKU_1241_FLA,2025-09-01,69,8175.06,24833.1,principal
SKU_1242_AQU,2025-09-01,167,16723.08,52588.3,principal
SKU_1242_SKY,2025-09-01,167,16723.08,52588.3,principal
SKU_1243_SNO,2025-09-01,87,7052.39,21306.3,principal
SKU_1243_PIN,2025-09-01,178,14429.02,43592.2,principal
SKU_1244_COB,2025-09-01,178,16409.5,51602.2,principal
SKU_1244_GAR,2025-09-01,85,7836.0,24641.5,principal
SKU_1245_COB,2025-09-01,87,5383.61,18261.3,principal
SKU_1245_SNO,2025-09-01,0,0.0,0.0,principal
SKU_1246_PAL,2025-09-01,116,9550.3,34208.4,principal
SKU_1246_COR,2025-09-01,78,6421.75,23002.2,principal
SKU_1247_SAP,2025-09-01,56,2874.23,10074.4,principal
SKU_1247_SKY,2025-09-01,124,6364.36,22307.6,principal
SKU_1248_AQU,2025-09-01,58,3222.32,9854.2,principal
SKU_1248_SAG,2025-09-01,86,4777.93,14611.4,principal
SKU_1249_WHI,2025-09-01,97,9958.99,26180.3,principal
SKU_1249_ARM,2025-09-01,154,15811.17,41564.6,principal
SKU_1250_AQU,2025-09-01,83,7101.4,21571.7,principal
SKU_1250_BAB,2025-09-01,105,8983.7,27289.5,principal
SKU_1251_SHO,2025-09-01,67,20289.68,61633.3,principal
SKU_1251_COB,2025-09-01,0,0.0,0.0,principal
SKU_1252_NAV,2025-09-01,108,7723.97,24289.2,principal
SKU_1252_FLA,2025-09-01,74,5292.35,16642.6,principal
SKU_1253_SEA,2025-09-01,181,21444.71,65141.9,principal
SKU_1253_FRE,2025-09-01,114,13506.62,41028.6,principal
SKU_1254_SEA,2025-09-01,0,0.0,0.0,principal
SKU_1254_BAB,2025-09-01,45,2828.56,8545.5,principal
SKU_1255_VAN,2025-09-01,42,6261.4,20155.8,principal
SKU_1255_SHO,2025-09-01,178,26536.41,85422.2,principal
SKU_1256_SEA,2025-09-01,157,31051.08,102034.3,principal
SKU_1256_MID,2025-09-01,176,34808.85,114382.4,principal
SKU_1257_SPA,2025-09-01,86,5027.39,17621.4,principal
SKU_1257_EME,2025-09-01,85,4968.93,17416.5,principal
SKU_1258_AQU,2025-09-01,93,7316.8,24635.7,principal
SKU_1258_LIG,2025-09-01,0,0.0,0.0,principal
SKU_1259_ARM,2025-09-01,75,9620.13,26992.5,principal
SKU_1259_POW,2025-09-01,0,0.0,0.0,principal
SKU_1260_WHI,2025-09-01,154,17326.06,52344.6,principal
SKU_1260_ROY,2025-09-01,174,19576.2,59142.6,principal
SKU_1261_PAS,2025-09-01,283,46106.67,140056.7,principal
SKU_1261_PAS,2025-09-01,283,46106.67,140056.7,principal
SKU_1262_BLU,2025-09-01,165,15013.66,45358.5,principal
SKU_1262_OFF,2025-09-01,0,0.0,0.0,principal
SKU_1263_COB,2025-09-01,0,0.0,0.0,principal
SKU_1263_SKY,2025-09-01,145,8826.02,26810.5,principal
SKU_1264_EGR,2025-09-01,190,37152.26,116831.0,principal
SKU_1264_BRI,2025-09-01,128,25028.89,78707.2,principal
SKU_1265_CRE,2025-09-01,113,8224.92,24848.7,principal
SKU_1265_JAD,2025-09-01,113,8224.92,24848.7,principal
SKU_1266_MEX,2025-09-01,109,10761.25,32689.1,principal
SKU_1266_SPA,2025-09-01,177,17474.69,53082.3,principal
SKU_1267_SKY,2025-09-01,137,15186.71,45881.3,principal
SKU_1267_SAP,2025-09-01,0,0.0,0.0,principal
SKU_1268_MYS,2025-09-01,85,9052.35,28466.5,principal
SKU_1268_MAR,2025-09-01,105,11182.31,35164.5,principal
SKU_1269_BAB,2025-09-01,111,37999.19,115428.9,principal
SKU_1269_CER,2025-09-01,58,19855.43,60314.2,principal
SKU_1270_CRE,2025-09-01,187,11690.32,35511.3,principal
SKU_1270_TUR,2025-09-01,129,8064.45,24497.1,principal
SKU_1271_OLI,2025-09-01,89,26073.0,79201.1,principal
SKU_1271_FLA,2025-09-01,50,14647.75,44495.0,principal
SKU_1272_PAS,2025-09-01,0,0.0,0.0,principal
SKU_1272_TEA,2025-09-01,109,13706.41,41409.1,principal
SKU_1273_PAS,2025-09-01,130,31620.97,99437.0,principal
SKU_1273_EGR,2025-09-01,0,0.0,0.0,principal
SKU_1274_MEX,2025-09-01,120,10108.58,31788.0,principal
SKU_1274_BAL,2025-09-01,177,14910.16,46887.3,principal
SKU_1275_MIN,2025-09-01,161,9799.92,29768.9,principal
SKU_1275_BIR,2025-09-01,113,6878.21,20893.7,principal
SKU_1276_WHI,2025-09-01,0,0.0,0.0,principal
SKU_1276_LIG,2025-09-01,184,9271.2,32181.6,principal
SKU_1277_MYS,2025-09-01,121,8662.94,32052.9,principal
SKU_1277_BAB,2025-09-01,230,16466.74,60927.0,principal
SKU_1278_BAB,2025-09-01,93,27326.23,95780.7,principal
SKU_1278_MOS,2025-09-01,215,63173.55,221428.5,principal
SKU_1279_FUC,2025-09-01,247,33371.01,112360.3,principal
SKU_1279_IVO,2025-09-01,183,24724.27,83246.7,principal
SKU_1280_LIM,2025-09-01,234,41690.46,116976.6,principal
SKU_1280_PRI,2025-09-01,0,0.0,0.0,principal
SKU_1281_PIS,2025-09-01,93,18734.55,49280.7,principal
SKU_1281_CER,2025-09-01,0,0.0,0.0,principal
SKU_1282_PIN,2025-09-01,174,12376.95,37392.6,principal
SKU_1282_BAL,2025-09-01,91,6473.0,19555.9,principal
SKU_1283_SNO,2025-09-01,280,16908.7,53172.0,principal
SKU_1283_BAB,2025-09-01,177,10688.71,33612.3,principal
SKU_1284_COR,2025-09-01,0,0.0,0.0,principal
SKU_1284_HOT,2025-09-01,212,49544.2,150498.8,principal
SKU_1285_WHI,2025-09-01,158,46017.01,139024.2,principal
SKU_1285_CLO,2025-09-01,251,73102.97,220854.9,principal
SKU_1286_MAR,2025-09-01,79,5820.38,19347.1,principal
SKU_1286_HOT,2025-09-01,187,13777.36,45796.3,principal
SKU_1287_NAV,2025-09-01,136,15231.77,51666.4,principal
SKU_1287_CER,2025-09-01,112,12543.81,42548.8,principal
SKU_1288_SAG,2025-09-01,73,5153.99,17512.7,principal
SKU_1288_BAB,2025-09-01,265,18709.68,63573.5,principal
SKU_1289_AQU,2025-09-01,463,155927.89,476843.7,principal
SKU_1289_AQU,2025-09-01,463,155927.89,476843.7,principal
SKU_1290_BIR,2025-09-01,240,46095.35,121176.0,principal
SKU_1290_PIN,2025-09-01,0,0.0,0.0,principal
SKU_1291_SAL,2025-09-01,68,5370.31,16313.2,principal
SKU_1291_SPA,2025-09-01,136,10740.61,32626.4,principal
SKU_1292_TEA,2025-09-01,238,24413.3,73756.2,principal
SKU_1292_FLA,2025-09-01,190,19489.61,58881.0,principal
SKU_1293_TEA,2025-09-01,202,20275.36,61589.8,principal
SKU_1293_OFF,2025-09-01,87,8732.46,26526.3,principal
SKU_1294_SEA,2025-09-01,67,4433.18,13393.3,principal
SKU_1294_COR,2025-09-01,0,0.0,0.0,principal
SKU_1295_PIS,2025-09-01,257,43562.81,132329.3,principal
SKU_1295_FLA,2025-09-01,0,0.0,0.0,principal
SKU_1296_DEE,2025-09-01,223,40460.92,144927.7,principal
SKU_1296_PEA,2025-09-01,0,0.0,0.0,principal
SKU_1297_WHI,2025-09-01,0,0.0,0.0,principal
SKU_1297_MIN,2025-09-01,227,14724.65,52187.3,principal
SKU_1298_OFF,2025-09-01,0,0.0,0.0,principal
SKU_1298_IVO,2025-09-01,0,0.0,0.0,principal
SKU_1299_BRI,2025-09-01,0,0.0,0.0,principal
SKU_1299_HOT,2025-09-01,90,5877.93,19791.0,principal
SKU_1300_BIR,2025-09-01,0,0.0,0.0,principal
SKU_1300_TEA,2025-09-01,172,70489.79,197782.8,principal
SKU_1301_AQU,2025-09-01,224,40181.36,122057.6,principal
SKU_1301_GAR,2025-09-01,265,47535.99,144398.5,principal
SKU_1302_EME,2025-09-01,133,18384.73,55846.7,principal
SKU_1302_DUS,2025-09-01,181,25019.83,76001.9,principal
SKU_1303_BIR,2025-09-01,136,7423.14,22426.4,principal
SKU_1303_SAP,2025-09-01,170,9278.92,28033.0,principal
SKU_1304_TUR,2025-09-01,236,37141.26,116796.4,principal
SKU_1304_GAR,2025-09-01,253,39816.68,125209.7,principal
SKU_1305_MAR,2025-09-01,158,18199.56,55284.2,principal
SKU_1305_OFF,2025-09-01,120,13822.45,41988.0,principal
SKU_1306_FRE,2025-09-01,130,35548.27,111787.0,principal
SKU_1306_SPA,2025-09-01,85,23243.1,73091.5,principal
SKU_1307_MAG,2025-09-01,187,13611.15,41121.3,principal
SKU_1307_FOR,2025-09-01,282,20525.91,62011.8,principal
SKU_1308_PAS,2025-09-01,161,22376.89,67603.9,principal
SKU_1308_CER,2025-09-01,230,31966.99,96577.0,principal
SKU_1309_OLI,2025-09-01,0,0.0,0.0,principal
SKU_1309_LIG,2025-09-01,209,25106.14,76264.1,principal
SKU_1310_MOS,2025-09-01,137,10878.75,32866.3,principal
SKU_1310_EGR,2025-09-01,229,18184.18,54937.1,principal
SKU_1311_BAB,2025-09-01,231,66912.17,203256.9,principal
SKU_1311_NAV,2025-09-01,268,77629.71,235813.2,principal
SKU_1312_HOT,2025-09-01,251,20761.94,62724.9,principal
SKU_1312_NAV,2025-09-01,0,0.0,0.0,principal
SKU_1313_SPA,2025-09-01,131,40317.75,122471.9,principal
SKU_1313_SHO,2025-09-01,0,0.0,0.0,principal
SKU_1314_BLU,2025-09-01,130,12406.56,37687.0,principal
SKU_1314_SNO,2025-09-01,0,0.0,0.0,principal
SKU_1315_WHI,2025-09-01,214,24430.65,73808.6,principal
SKU_1315_BLA,2025-09-01,170,19407.52,58633.0,principal
SKU_1316_DEN,2025-09-01,80,13560.41,41192.0,principal
SKU_1316_AQU,2025-09-01,85,14407.93,43766.5,principal
SKU_1317_BLU,2025-09-01,0,0.0,0.0,principal
SKU_1317_ROS,2025-09-01,231,15107.02,49641.9,principal
SKU_1318_PAS,2025-09-01,262,19936.6,62853.8,principal
SKU_1318_MYS,2025-09-01,0,0.0,0.0,principal
SKU_1319_MAR,2025-09-01,100,5417.85,18990.0,principal
SKU_1319_ROS,2025-09-01,264,14303.12,50133.6,principal
SKU_1320_PIS,2025-09-01,0,0.0,0.0,principal
SKU_1320_FOR,2025-09-01,184,8191.74,27581.6,principal
SKU_1321_FLA,2025-09-01,169,9112.32,25333.1,principal
SKU_1321_SER,2025-09-01,216,11646.51,32378.4,principal
SKU_1322_MOS,2025-09-01,0,0.0,0.0,principal
SKU_1322_IVO,2025-09-01,165,20706.5,54433.5,principal
SKU_1323_AQU,2025-09-01,179,20035.54,51892.1,principal
SKU_1323_FRE,2025-09-01,148,16565.7,42905.2,principal
SKU_1324_MID,2025-09-01,157,17143.91,51794.3,principal
SKU_1324_SNO,2025-09-01,280,30575.13,92372.0,principal
SKU_1325_LIG,2025-09-01,262,24409.74,78573.8,principal
SKU_1325_PEA,2025-09-01,105,9782.53,31489.5,principal
SKU_1326_PAS,2025-09-01,165,24297.26,83308.5,principal
SKU_1326_BAB,2025-09-01,239,35194.21,120671.1,principal
SKU_1327_GAR,2025-09-01,241,17870.02,62635.9,principal
SKU_1327_HON,2025-09-01,210,15571.39,54579.0,principal
SKU_1328_EGR,2025-09-01,195,15341.68,51655.5,principal
SKU_1328_LIG,2025-09-01,0,0.0,0.0,principal
SKU_1329_NAV,2025-09-01,92,9013.64,25290.8,principal
SKU_1329_MIN,2025-09-01,128,12540.72,35187.2,principal
SKU_1330_PRI,2025-09-01,174,17848.38,53922.6,principal
SKU_1330_LIM,2025-09-01,276,28311.22,85532.4,principal
SKU_1331_ARM,2025-09-01,210,18691.72,58779.0,principal
SKU_1331_AQU,2025-09-01,235,20916.93,65776.5,principal
SKU_1332_MOS,2025-09-01,156,8514.78,25724.4,principal
SKU_1332_MOS,2025-09-01,156,8514.78,25724.4,principal
SKU_1333_PIS,2025-09-01,217,13639.95,41208.3,principal
SKU_1333_MOS,2025-09-01,147,9239.96,27915.3,principal
SKU_1334_TEA,2025-09-01,81,12330.38,37251.9,principal
SKU_1334_ROY,2025-09-01,0,0.0,0.0,principal
SKU_1335_CRE,2025-09-01,115,13080.39,43688.5,principal
SKU_1335_BRI,2025-09-01,0,0.0,0.0,principal
SKU_1336_LIM,2025-09-01,161,15391.0,56333.9,principal
SKU_1336_PIN,2025-09-01,204,19501.64,71379.6,principal
SKU_1337_DUS,2025-09-01,98,5332.77,18120.2,principal
SKU_1337_MAG,2025-09-01,239,13005.44,44191.1,principal
SKU_1338_OLI,2025-09-01,104,6968.24,21309.6,principal
SKU_1338_PAS,2025-09-01,174,11658.4,35652.6,principal
SKU_1339_JAD,2025-09-01,178,19659.81,55162.2,principal
SKU_1339_EME,2025-09-01,203,22421.02,62909.7,principal
SKU_1340_SNO,2025-09-01,0,0.0,0.0,principal
SKU_1340_POW,2025-09-01,253,95355.97,289659.7,principal
SKU_1341_HOT,2025-09-01,225,12871.84,40477.5,principal
SKU_1341_PEA,2025-09-01,97,5549.2,17450.3,principal
SKU_1342_CRE,2025-09-01,197,21919.84,68930.3,principal
SKU_1342_BAB,2025-09-01,86,9569.07,30091.4,principal
SKU_1343_NAV,2025-09-01,92,9589.33,28970.8,principal
SKU_1343_IVO,2025-09-01,200,20846.38,62980.0,principal
SKU_1344_PAS,2025-09-01,206,20628.47,64869.4,principal
SKU_1344_MID,2025-09-01,132,13218.24,41566.8,principal
SKU_1345_ARM,2025-09-01,128,42121.26,153587.2,principal
SKU_1345_FOR,2025-09-01,132,43437.55,158386.8,principal
SKU_1346_HON,2025-09-01,208,16152.97,55099.2,principal
SKU_1346_PEA,2025-09-01,93,7222.24,24635.7,principal
SKU_1347_DUS,2025-09-01,0,0.0,0.0,principal
SKU_1347_LIM,2025-09-01,150,11623.54,43485.0,principal
SKU_1348_NAV,2025-09-01,240,51004.15,155976.0,principal
SKU_1348_PIS,2025-09-01,0,0.0,0.0,principal
SKU_1349_HON,2025-09-01,213,17543.69,44708.7,principal
SKU_1349_SEA,2025-09-01,84,6918.64,17631.6,principal
SKU_1350_SNO,2025-09-01,96,9052.98,27350.4,principal
SKU_1350_BAB,2025-09-01,211,19897.7,60113.9,principal
SKU_1351_SAG,2025-09-01,208,47498.24,143499.2,principal
SKU_1351_HON,2025-09-01,255,58231.01,175924.5,principal
SKU_1352_CER,2025-09-01,233,21586.73,65216.7,principal
SKU_1352_HUN,2025-09-01,155,14360.27,43384.5,principal
SKU_1353_MAG,2025-09-01,241,15148.51,45765.9,principal
SKU_1353_MAR,2025-09-01,286,17977.07,54311.4,principal
SKU_1354_AQU,2025-09-01,273,83122.24,252497.7,principal
SKU_1354_CLE,2025-09-01,161,49020.81,148908.9,principal
SKU_1355_PAS,2025-09-01,252,14509.42,44074.8,principal
SKU_1355_DEE,2025-09-01,130,7485.02,22737.0,principal
SKU_1356_BLU,2025-09-01,139,9833.57,29871.1,principal
SKU_1356_DEN,2025-09-01,0,0.0,0.0,principal
SKU_1357_BRI,2025-09-01,117,25749.58,77793.3,principal
SKU_1357_BLU,2025-09-01,264,58101.62,175533.6,principal
SKU_1358_DUS,2025-09-01,114,7502.01,22788.6,principal
SKU_1358_MAR,2025-09-01,150,9871.06,29985.0,principal
SKU_1359_BLU,2025-09-01,114,15403.47,48438.6,principal
SKU_1359_NAV,2025-09-01,117,15808.83,49713.3,principal
SKU_1360_WHI,2025-09-01,259,27424.71,82854.1,principal
SKU_1360_FRE,2025-09-01,0,0.0,0.0,principal
SKU_1361_MEX,2025-09-01,256,15459.38,48614.4,principal
SKU_1361_BLU,2025-09-01,109,6582.31,20699.1,principal
SKU_1362_POW,2025-09-01,256,77736.5,244454.4,principal
SKU_1362_SEA,2025-09-01,137,41601.17,130821.3,principal
SKU_1363_RAS,2025-09-01,134,40477.14,127286.6,principal
SKU_1363_HUN,2025-09-01,236,71288.1,224176.4,principal
SKU_1364_OFF,2025-09-01,196,28664.65,90140.4,principal
SKU_1364_TEA,2025-09-01,0,0.0,0.0,principal
SKU_1365_BUB,2025-09-01,0,0.0,0.0,principal
SKU_1365_NAV,2025-09-01,0,0.0,0.0,principal
SKU_1366_TEA,2025-09-01,209,28094.89,91939.1,principal
SKU_1366_PAL,2025-09-01,191,25675.23,84020.9,principal
SKU_1367_VAN,2025-09-01,100,5510.94,17990.0,principal
SKU_1367_BLA,2025-09-01,208,11462.76,37419.2,principal
SKU_1368_SNO,2025-09-01,165,35065.8,122908.5,principal
SKU_1368_TUR,2025-09-01,147,31240.44,109500.3,principal
SKU_1369_SNO,2025-09-01,118,5981.22,18868.2,principal
SKU_1369_RAS,2025-09-01,198,10036.28,31660.2,principal
SKU_1370_PRI,2025-09-01,0,0.0,0.0,principal
SKU_1370_MYS,2025-09-01,254,17930.56,45694.6,principal
SKU_1371_WHI,2025-09-01,198,18016.4,54430.2,principal
SKU_1371_HOT,2025-09-01,0,0.0,0.0,principal
SKU_1372_SEA,2025-09-01,113,12713.28,38408.7,principal
SKU_1372_DEN,2025-09-01,155,17438.57,52684.5,principal
SKU_1373_SKY,2025-09-01,91,5688.87,17280.9,principal
SKU_1373_CRE,2025-09-01,192,12002.9,36460.8,principal
SKU_1374_SAL,2025-09-01,0,0.0,0.0,principal
SKU_1374_BLU,2025-09-01,0,0.0,0.0,principal
SKU_1375_COR,2025-09-01,209,18325.52,55364.1,principal
SKU_1375_CLE,2025-09-01,213,18676.24,56423.7,principal
SKU_1376_SNO,2025-09-01,154,12290.61,43874.6,principal
SKU_1376_BIR,2025-09-01,155,12370.42,44159.5,principal
SKU_1377_PRI,2025-09-01,0,0.0,0.0,principal
SKU_1377_CLO,2025-09-01,201,15808.22,52239.9,principal
SKU_1378_SPA,2025-09-01,80,4676.64,16392.0,principal
SKU_1378_MOS,2025-09-01,223,13036.13,45692.7,principal
SKU_1379_SNO,2025-09-01,183,28129.53,88736.7,principal
SKU_1379_WHI,2025-09-01,258,39658.03,125104.2,principal
SKU_1380_TUR,2025-09-01,0,0.0,0.0,principal
SKU_1380_MIN,2025-09-01,231,20839.15,53106.9,principal
SKU_1381_WHI,2025-09-01,153,13921.76,42059.7,principal
SKU_1381_PAS,2025-09-01,115,10464.07,31613.5,principal
SKU_1382_ARM,2025-09-01,217,13104.24,41208.3,principal
SKU_1382_HOT,2025-09-01,126,7608.91,23927.4,principal
SKU_1383_CLE,2025-09-01,186,11075.72,33461.4,principal
SKU_1383_TUR,2025-09-01,249,14827.18,44795.1,principal
SKU_1384_CRE,2025-09-01,175,29951.44,90982.5,principal
SKU_1384_SKY,2025-09-01,270,46210.79,140373.0,principal
SKU_1385_PRI,2025-09-01,258,24756.88,74794.2,principal
SKU_1385_NAV,2025-09-01,68,6525.07,19713.2,principal
SKU_1386_SER,2025-09-01,99,6669.64,21275.1,principal
SKU_1386_COB,2025-09-01,256,17246.73,55014.4,principal
SKU_1387_BRI,2025-09-01,115,5260.41,18388.5,principal
SKU_1387_BAB,2025-09-01,267,12213.29,42693.3,principal
SKU_1388_BRI,2025-09-01,250,25052.69,93725.0,principal
SKU_1388_VAN,2025-09-01,265,26555.85,99348.5,principal
SKU_1389_SHO,2025-09-01,26,1080.31,3637.4,principal
SKU_1389_BAB,2025-09-01,24,997.21,3357.6,principal
SKU_1390_SAP,2025-09-01,21,1894.47,4827.9,principal
SKU_1390_PAS,2025-09-01,0,0.0,0.0,principal
SKU_1391_LIG,2025-09-01,18,1697.43,5128.2,principal
SKU_1391_SEA,2025-09-01,39,3677.77,11111.1,principal
SKU_1392_LIM,2025-09-01,67,6540.0,19758.3,principal
SKU_1392_BLU,2025-09-01,52,5075.82,15334.8,principal
SKU_1393_COB,2025-09-01,46,4533.22,14255.4,principal
SKU_1393_SKY,2025-09-01,48,4730.31,14875.2,principal
SKU_1394_FOR,2025-09-01,70,10459.97,32893.0,principal
SKU_1394_EME,2025-09-01,46,6873.7,21615.4,principal
SKU_1395_BLA,2025-09-01,26,2396.89,7537.4,principal
SKU_1395_TUR,2025-09-01,47,4332.85,13625.3,principal
SKU_1396_FUC,2025-09-01,29,1287.86,3912.1,principal
SKU_1396_PAS,2025-09-01,42,1865.18,5665.8,principal
SKU_1397_SNO,2025-09-01,58,4485.09,13624.2,principal
SKU_1397_BUB,2025-09-01,45,3479.81,10570.5,principal
SKU_1398_AQU,2025-09-01,53,11775.39,35769.7,principal
SKU_1398_SPA,2025-09-01,62,13774.98,41843.8,principal
SKU_1399_PAL,2025-09-01,46,3948.1,12415.4,principal
SKU_1399_CRE,2025-09-01,0,0.0,0.0,principal
SKU_1400_FOR,2025-09-01,32,2211.17,6716.8,principal
SKU_1400_PAL,2025-09-01,54,3731.35,11334.6,principal
SKU_1401_GAR,2025-09-01,52,4129.16,12474.8,principal
SKU_1401_BLU,2025-09-01,34,2699.83,8156.6,principal
SKU_1402_WHI,2025-09-01,23,1718.06,5402.7,principal
SKU_1402_VAN,2025-09-01,36,2689.14,8456.4,principal
SKU_1403_AQU,2025-09-01,0,0.0,0.0,principal
SKU_1403_DUS,2025-09-01,26,3294.44,10007.4,principal
SKU_1404_SAP,2025-09-01,44,14853.82,44875.6,principal
SKU_1404_ARM,2025-09-01,34,11477.95,34676.6,principal
SKU_1405_FLA,2025-09-01,52,3698.86,11174.8,principal
SKU_1405_CLO,2025-09-01,28,1991.69,6017.2,principal
SKU_1406_PRI,2025-09-01,0,0.0,0.0,principal
SKU_1406_SHO,2025-09-01,53,6104.92,18544.7,principal
SKU_1407_OFF,2025-09-01,33,2034.2,7091.7,principal
SKU_1407_EME,2025-09-01,57,3513.62,12249.3,principal
SKU_1408_PAS,2025-09-01,57,16597.34,52434.3,principal
SKU_1408_FUC,2025-09-01,58,16888.53,53354.2,principal
SKU_1409_PEA,2025-09-01,149,9204.26,31275.1,principal
SKU_1409_PEA,2025-09-01,149,9204.26,31275.1,principal
SKU_1410_ROS,2025-09-01,47,15911.86,53575.3,principal
SKU_1410_JAD,2025-09-01,38,12864.91,43316.2,principal
SKU_1411_BLU,2025-09-01,73,5724.85,16417.7,principal
SKU_1411_RAS,2025-09-01,25,1960.57,5622.5,principal
SKU_1412_SHO,2025-09-01,65,20731.25,58168.5,principal
SKU_1412_BAB,2025-09-01,26,8292.5,23267.4,principal
SKU_1413_SAG,2025-09-01,68,4161.73,12573.2,principal
SKU_1413_JAD,2025-09-01,55,3366.1,10169.5,principal
SKU_1414_DUS,2025-09-01,59,6377.2,20054.1,principal
SKU_1414_CLO,2025-09-01,57,6161.03,19374.3,principal
SKU_1415_BAB,2025-09-01,48,5417.19,17035.2,principal
SKU_1415_MID,2025-09-01,43,4852.9,15260.7,principal
SKU_1416_CLE,2025-09-01,46,3959.06,12875.4,principal
SKU_1416_AQU,2025-09-01,56,4819.72,15674.4,principal
SKU_1417_SNO,2025-09-01,37,3307.94,10356.3,principal
SKU_1417_BIR,2025-09-01,43,3844.37,12035.7,principal
SKU_1418_CLE,2025-09-01,47,11985.4,39710.3,principal
SKU_1418_MOS,2025-09-01,18,4590.15,15208.2,principal
SKU_1419_FLA,2025-09-01,59,4917.75,14744.1,principal
SKU_1419_WHI,2025-09-01,27,2250.49,6747.3,principal
SKU_1420_EGR,2025-09-01,49,15928.25,48505.1,principal
SKU_1420_LIM,2025-09-01,51,16578.38,50484.9,principal
SKU_1421_LIG,2025-09-01,33,2871.95,7586.7,principal
SKU_1421_SER,2025-09-01,0,0.0,0.0,principal
SKU_1422_PIN,2025-09-01,73,8757.21,22987.7,principal
SKU_1422_MIN,2025-09-01,57,6837.82,17949.3,principal
SKU_1423_JAD,2025-09-01,72,28440.51,86392.8,principal
SKU_1423_SAG,2025-09-01,67,26465.47,80393.3,principal
SKU_1424_VAN,2025-09-01,64,20961.35,63673.6,principal
SKU_1424_BAB,2025-09-01,48,15721.01,47755.2,principal
SKU_1425_WHI,2025-09-01,0,0.0,0.0,principal
SKU_1425_LIG,2025-09-01,44,2936.92,9235.6,principal
SKU_1426_NAV,2025-09-01,43,1624.11,5585.7,principal
SKU_1426_SEA,2025-09-01,25,944.25,3247.5,principal
SKU_1427_AQU,2025-09-01,56,3484.75,11194.4,principal
SKU_1427_BLA,2025-09-01,0,0.0,0.0,principal
SKU_1428_COB,2025-09-01,0,0.0,0.0,principal
SKU_1428_SKY,2025-09-01,41,5506.17,20085.9,principal
SKU_1429_SPA,2025-09-01,67,4021.19,12723.3,principal
SKU_1429_MAG,2025-09-01,41,2460.73,7785.9,principal
SKU_1430_PEA,2025-09-01,72,4542.64,12952.8,principal
SKU_1430_JAD,2025-09-01,69,4353.37,12413.1,principal
SKU_1431_TEA,2025-09-01,30,3783.59,11097.0,principal
SKU_1431_CRE,2025-09-01,60,7567.18,22194.0,principal
SKU_1432_WHI,2025-09-01,31,8655.6,22316.9,principal
SKU_1432_BRI,2025-09-01,0,0.0,0.0,principal
SKU_1433_OLI,2025-09-01,32,3317.28,10076.8,principal
SKU_1433_SAP,2025-09-01,29,3006.29,9132.1,principal
SKU_1434_ARM,2025-09-01,69,4605.63,14483.1,principal
SKU_1434_MIN,2025-09-01,37,2469.68,7766.3,principal
SKU_1435_SKY,2025-09-01,64,19507.78,64633.6,principal
SKU_1435_OLI,2025-09-01,17,5181.75,17168.3,principal
SKU_1436_BLU,2025-09-01,17,1408.98,4758.3,principal
SKU_1436_PAS,2025-09-01,0,0.0,0.0,principal
SKU_1437_ROY,2025-09-01,0,0.0,0.0,principal
SKU_1437_AQU,2025-09-01,49,2573.77,8080.1,principal
SKU_1438_MOS,2025-09-01,56,4307.44,11474.4,principal
SKU_1438_DEE,2025-09-01,64,4922.79,13113.6,principal
SKU_1439_CER,2025-09-01,42,2570.48,7765.8,principal
SKU_1439_SHO,2025-09-01,52,3182.5,9614.8,principal
SKU_1440_PIS,2025-09-01,25,11573.13,29997.5,principal
SKU_1440_BLU,2025-09-01,38,17591.15,45596.2,principal
SKU_1441_COB,2025-09-01,58,25975.24,66984.2,principal
SKU_1441_IVO,2025-09-01,42,18809.66,48505.8,principal
SKU_1442_OFF,2025-09-01,17,1631.27,4928.3,principal
SKU_1442_EME,2025-09-01,44,4222.1,12755.6,principal
SKU_1443_BLU,2025-09-01,59,5270.88,15924.1,principal
SKU_1443_PRI,2025-09-01,0,0.0,0.0,principal
SKU_1444_HUN,2025-09-01,0,0.0,0.0,principal
SKU_1444_OLI,2025-09-01,0,0.0,0.0,principal
SKU_1445_TEA,2025-09-01,68,10748.24,27873.2,principal
SKU_1445_PRI,2025-09-01,54,8535.37,22134.6,principal
SKU_1446_SHO,2025-09-01,38,4012.08,10256.2,principal
SKU_1446_GAR,2025-09-01,54,5701.38,14574.6,principal
SKU_1447_BLU,2025-09-01,67,5291.33,16073.3,principal
SKU_1447_OLI,2025-09-01,50,3948.75,11995.0,principal
SKU_1448_SKY,2025-09-01,45,2665.04,8095.5,principal
SKU_1448_SEA,2025-09-01,42,2487.37,7555.8,principal
SKU_1449_BLA,2025-09-01,25,2688.55,8122.5,principal
SKU_1449_NAV,2025-09-01,40,4301.68,12996.0,principal
SKU_1450_MAG,2025-09-01,46,6097.89,18855.4,principal
SKU_1450_JAD,2025-09-01,0,0.0,0.0,principal
SKU_1451_WHI,2025-09-01,28,2219.88,6857.2,principal
SKU_1451_BIR,2025-09-01,39,3091.98,9551.1,principal
SKU_1452_SKY,2025-09-01,55,2130.25,7969.5,principal
SKU_1452_DEE,2025-09-01,24,929.56,3477.6,principal
SKU_1453_SAP,2025-09-01,0,0.0,0.0,principal
SKU_1453_PRI,2025-09-01,26,1936.05,6107.4,principal
SKU_1454_BRI,2025-09-01,26,1482.57,3897.4,principal
SKU_1454_BUB,2025-09-01,42,2394.92,6295.8,principal
SKU_1455_TEA,2025-09-01,42,4655.78,14065.8,principal
SKU_1455_ROY,2025-09-01,20,2217.04,6698.0,principal
SKU_1456_EME,2025-09-01,73,7608.93,22987.7,principal
SKU_1456_DEN,2025-09-01,48,5003.13,15115.2,principal
SKU_1457_SNO,2025-09-01,56,2963.91,8954.4,principal
SKU_1457_MAG,2025-09-01,35,1852.44,5596.5,principal
SKU_1458_PEA,2025-09-01,63,7296.46,22043.7,principal
SKU_1458_MIN,2025-09-01,48,5559.21,16795.2,principal
SKU_1459_OFF,2025-09-01,45,3109.46,9445.5,principal
SKU_1459_CRE,2025-09-01,37,2556.67,7766.3,principal
SKU_1460_FUC,2025-09-01,43,2384.06,7520.7,principal
SKU_1460_OLI,2025-09-01,64,3548.37,11193.6,principal
SKU_1461_NAV,2025-09-01,34,11762.01,36376.6,principal
SKU_1461_PRI,2025-09-01,23,7956.65,24607.7,principal
SKU_1462_MID,2025-09-01,68,6632.57,24813.2,principal
SKU_1462_OFF,2025-09-01,43,4194.12,15690.7,principal
SKU_1463_LIG,2025-09-01,61,5184.23,15853.9,principal
SKU_1463_DUS,2025-09-01,15,1274.81,3898.5,principal
SKU_1464_MOS,2025-09-01,30,2623.62,6897.0,principal
SKU_1464_BIR,2025-09-01,41,3585.61,9425.9,principal
SKU_1465_CLE,2025-09-01,47,5626.48,14800.3,principal
SKU_1465_OFF,2025-09-01,47,5626.48,14800.3,principal
SKU_1466_PRI,2025-09-01,20,1777.02,5398.0,principal
SKU_1466_SAP,2025-09-01,55,4886.81,14844.5,principal
SKU_1467_OLI,2025-09-01,74,4821.71,15162.6,principal
SKU_1467_FUC,2025-09-01,53,3453.38,10859.7,principal
SKU_1468_BAB,2025-09-01,0,0.0,0.0,principal
SKU_1468_MYS,2025-09-01,21,3683.33,11127.9,principal
SKU_1469_ARM,2025-09-01,49,4595.13,14450.1,principal
SKU_1469_SAL,2025-09-01,47,4407.58,13860.3,principal
SKU_1470_WHI,2025-09-01,0,0.0,0.0,principal
SKU_1470_MAR,2025-09-01,17,5072.85,15638.3,principal
SKU_1471_ROS,2025-09-01,60,3322.7,12294.0,principal
SKU_1471_LIG,2025-09-01,0,0.0,0.0,principal
SKU_1472_EME,2025-09-01,45,6660.83,21145.5,principal
SKU_1472_MYS,2025-09-01,51,7548.94,23964.9,principal
SKU_1473_BLU,2025-09-01,32,1538.79,5756.8,principal
SKU_1473_BAB,2025-09-01,60,2885.24,10794.0,principal
SKU_1474_BRI,2025-09-01,0,0.0,0.0,principal
SKU_1474_DEN,2025-09-01,37,12823.73,39216.3,principal
SKU_1475_VAN,2025-09-01,54,5133.35,13494.6,principal
SKU_1475_MIN,2025-09-01,33,3137.04,8246.7,principal
SKU_1476_WHI,2025-09-01,58,5248.83,15944.2,principal
SKU_1476_CLO,2025-09-01,22,1990.94,6047.8,principal
SKU_1477_CLE,2025-09-01,30,2233.26,6747.0,principal
SKU_1477_EME,2025-09-01,45,3349.89,10120.5,principal
SKU_1478_TEA,2025-09-01,39,2502.28,7601.1,principal
SKU_1478_COB,2025-09-01,58,3721.34,11304.2,principal
SKU_1479_MIN,2025-09-01,42,7714.22,23305.8,principal
SKU_1479_FUC,2025-09-01,25,4591.8,13872.5,principal
SKU_1480_SNO,2025-09-01,30,3673.11,11097.0,principal
SKU_1480_MEX,2025-09-01,25,3060.92,9247.5,principal
SKU_1481_BLA,2025-09-01,42,10344.54,34015.8,principal
SKU_1481_TEA,2025-09-01,25,6157.47,20247.5,principal
SKU_1482_MOS,2025-09-01,50,6210.36,22245.0,principal
SKU_1482_SHO,2025-09-01,31,3850.42,13791.9,principal
SKU_1483_WHI,2025-09-01,30,2868.54,9747.0,principal
SKU_1483_POW,2025-09-01,36,3442.25,11696.4,principal
SKU_1484_MOS,2025-09-01,24,3278.17,11037.6,principal
SKU_1484_EGR,2025-09-01,61,8332.01,28053.9,principal
SKU_1485_PAS,2025-09-01,66,17219.85,43883.4,principal
SKU_1485_CER,2025-09-01,29,7566.3,19282.1,principal
SKU_1486_OLI,2025-09-01,0,0.0,0.0,principal
SKU_1486_PAL,2025-09-01,65,6237.2,18843.5,principal
SKU_1487_BRI,2025-09-01,0,0.0,0.0,principal
SKU_1487_CLE,2025-09-01,29,3088.45,9712.1,principal
SKU_1488_IVO,2025-09-01,18,1945.59,6118.2,principal
SKU_1488_PEA,2025-09-01,0,0.0,0.0,principal
SKU_1489_TEA,2025-09-01,64,7793.35,23673.6,principal
SKU_1489_IVO,2025-09-01,55,6697.41,20344.5,principal
SKU_1490_EME,2025-09-01,52,5420.06,16374.8,principal
SKU_1490_VAN,2025-09-01,59,6149.68,18579.1,principal
SKU_1491_GAR,2025-09-01,33,1382.92,4451.7,principal
SKU_1491_CER,2025-09-01,61,2556.31,8228.9,principal
SKU_1492_SKY,2025-09-01,54,6355.18,20244.6,principal
SKU_1492_BIR,2025-09-01,22,2589.15,8247.8,principal
SKU_1493_PEA,2025-09-01,23,2028.19,7587.7,principal
SKU_1493_CLO,2025-09-01,77,6790.03,25402.3,principal
SKU_1494_EGR,2025-09-01,70,24073.93,75943.0,principal
SKU_1494_HOT,2025-09-01,18,6190.44,19528.2,principal
SKU_1495_FUC,2025-09-01,0,0.0,0.0,principal
SKU_1495_BLA,2025-09-01,24,2821.83,7917.6,principal
SKU_1496_PAS,2025-09-01,50,18680.45,56745.0,principal
SKU_1496_PEA,2025-09-01,0,0.0,0.0,principal
SKU_1497_FUC,2025-09-01,32,1428.86,4316.8,principal
SKU_1497_VAN,2025-09-01,36,1607.47,4856.4,principal
SKU_1498_OLI,2025-09-01,71,7987.99,24132.9,principal
SKU_1498_LIG,2025-09-01,0,0.0,0.0,principal
SKU_1499_HOT,2025-09-01,28,2314.15,7277.2,principal
SKU_1499_RAS,2025-09-01,50,4132.41,12995.0,principal
SKU_1500_MOS,2025-09-01,55,4705.75,14294.5,principal
SKU_1500_PAS,2025-09-01,60,5133.54,15594.0,principal
SKU_1501_OLI,2025-09-01,34,1912.05,5776.6,principal
SKU_1501_SAL,2025-09-01,21,1180.97,3567.9,principal
SKU_1502_PEA,2025-09-01,22,1520.18,4617.8,principal
SKU_1502_VAN,2025-09-01,46,3178.56,9655.4,principal
SKU_1503_VAN,2025-09-01,30,2270.49,6897.0,principal
SKU_1503_CER,2025-09-01,44,3330.06,10115.6,principal
SKU_1504_EME,2025-09-01,17,1912.62,5778.3,principal
SKU_1504_NAV,2025-09-01,35,3937.74,11896.5,principal
SKU_1505_BLU,2025-09-01,68,5287.13,15973.2,principal
SKU_1505_SNO,2025-09-01,27,2099.3,6342.3,principal
SKU_1506_PAL,2025-09-01,47,3436.09,10805.3,principal
SKU_1506_BRI,2025-09-01,0,0.0,0.0,principal
SKU_1507_PAS,2025-09-01,57,3394.17,10254.3,principal
SKU_1507_FLA,2025-09-01,0,0.0,0.0,principal
SKU_1508_LIM,2025-09-01,69,4767.84,14483.1,principal
SKU_1508_DEE,2025-09-01,33,2280.27,6926.7,principal
SKU_1509_HOT,2025-09-01,37,3917.82,11836.3,principal
SKU_1509_MAG,2025-09-01,0,0.0,0.0,principal
SKU_1510_SNO,2025-09-01,44,11681.92,36735.6,principal
SKU_1510_ROS,2025-09-01,33,8761.44,27551.7,principal
SKU_1511_CLE,2025-09-01,28,8324.35,26177.2,principal
SKU_1511_SKY,2025-09-01,69,20513.58,64508.1,principal
SKU_1512_TEA,2025-09-01,43,3067.45,9670.7,principal
SKU_1512_MYS,2025-09-01,59,4208.83,13269.1,principal
SKU_1513_PAS,2025-09-01,44,2555.57,9455.6,principal
SKU_1513_RAS,2025-09-01,44,2555.57,9455.6,principal
SKU_1514_PEA,2025-09-01,52,12700.46,43154.8,principal
SKU_1514_SPA,2025-09-01,40,9769.58,33196.0,principal
SKU_1515_SEA,2025-09-01,38,2421.83,7406.2,principal
SKU_1515_AQU,2025-09-01,27,1720.77,5262.3,principal
SKU_1516_CRE,2025-09-01,29,3859.96,10147.1,principal
SKU_1516_EME,2025-09-01,26,3460.65,9097.4,principal
SKU_1517_FOR,2025-09-01,32,14596.93,38396.8,principal
SKU_1517_ROS,2025-09-01,44,20070.78,52795.6,principal
SKU_1518_CLE,2025-09-01,66,4930.08,15503.4,principal
SKU_1518_LIM,2025-09-01,54,4033.7,12684.6,principal
SKU_1519_BLU,2025-09-01,49,9815.1,30865.1,principal
SKU_1519_TEA,2025-09-01,59,11818.18,37164.1,principal
SKU_1520_GAR,2025-09-01,63,4664.34,14168.7,principal
SKU_1520_ROY,2025-09-01,48,3553.78,10795.2,principal
SKU_1521_MOS,2025-09-01,24,1449.32,4557.6,principal
SKU_1521_FRE,2025-09-01,0,0.0,0.0,principal
SKU_1522_MOS,2025-09-01,54,2211.77,8094.6,principal
SKU_1522_BIR,2025-09-01,62,2539.44,9293.8,principal
SKU_1523_HOT,2025-09-01,40,4142.05,14996.0,principal
SKU_1523_CRE,2025-09-01,54,5591.76,20244.6,principal
SKU_1524_BLU,2025-09-01,0,0.0,0.0,principal
SKU_1524_DEN,2025-09-01,21,2286.09,7767.9,principal
SKU_1525_MYS,2025-09-01,35,3216.44,10146.5,principal
SKU_1525_OLI,2025-09-01,0,0.0,0.0,principal
SKU_1526_FOR,2025-09-01,26,1574.36,4417.4,principal
SKU_1527_FUC,2025-09-01,50,14976.95,45495.0,principal
SKU_1527_TEA,2025-09-01,59,17672.81,53684.1,principal
SKU_1528_PAS,2025-09-01,63,4481.31,13538.7,principal
SKU_1528_DEN,2025-09-01,76,5406.02,16332.4,principal
SKU_1529_HUN,2025-09-01,55,4434.16,13469.5,principal
SKU_1529_MIN,2025-09-01,62,4998.51,15183.8,principal
SKU_1530_HON,2025-09-01,37,1582.23,4806.3,principal
SKU_1530_PEA,2025-09-01,42,1796.05,5455.8,principal
SKU_1531_TEA,2025-09-01,50,9100.84,27495.0,principal
SKU_1531_SNO,2025-09-01,59,10739.0,32444.1,principal
SKU_1532_BRI,2025-09-01,49,13404.86,48015.1,principal
SKU_1532_EME,2025-09-01,45,12310.58,44095.5,principal
SKU_1533_CER,2025-09-01,63,3128.56,10388.7,principal
SKU_1533_DUS,2025-09-01,76,3774.13,12532.4,principal
SKU_1534_MYS,2025-09-01,61,3588.66,12193.9,principal
SKU_1534_HUN,2025-09-01,20,1176.61,3998.0,principal
SKU_1535_NAV,2025-09-01,32,3092.91,9756.8,principal
SKU_1535_MOS,2025-09-01,49,4736.01,14940.1,principal
SKU_1536_MOS,2025-09-01,47,5777.35,16210.3,principal
SKU_1536_FRE,2025-09-01,33,4056.44,11381.7,principal
SKU_1537_SAP,2025-09-01,59,4977.94,15039.1,principal
SKU_1537_BLA,2025-09-01,23,1940.55,5862.7,principal
SKU_1538_MAG,2025-09-01,51,3543.32,10704.9,principal
SKU_1538_PAS,2025-09-01,0,0.0,0.0,principal
SKU_1539_BLA,2025-09-01,19,2114.1,6648.1,principal
SKU_1539_PEA,2025-09-01,50,5563.41,17495.0,principal
SKU_1540_BAL,2025-09-01,0,0.0,0.0,principal
SKU_1540_MAG,2025-09-01,33,1782.93,5606.7,principal
SKU_1541_AQU,2025-09-01,0,0.0,0.0,principal
SKU_1541_POW,2025-09-01,63,13520.95,42518.7,principal
SKU_1542_DEE,2025-09-01,43,6651.72,20205.7,principal
SKU_1542_PEA,2025-09-01,70,10828.38,32893.0,principal
SKU_1543_BAB,2025-09-01,70,16358.87,51443.0,principal
SKU_1543_FLA,2025-09-01,47,10983.82,34540.3,principal
SKU_1544_OLI,2025-09-01,56,3559.82,11194.4,principal
SKU_1544_PEA,2025-09-01,39,2479.16,7796.1,principal
SKU_1545_TEA,2025-09-01,49,4049.76,12735.1,principal
SKU_1545_HOT,2025-09-01,71,5868.02,18452.9,principal
SKU_1546_PAS,2025-09-01,37,2057.87,6471.3,principal
SKU_1546_IVO,2025-09-01,25,1390.45,4372.5,principal
SKU_1547_IVO,2025-09-01,43,4695.47,14185.7,principal
SKU_1547_FUC,2025-09-01,21,2293.13,6927.9,principal
SKU_1548_HOT,2025-09-01,52,8173.98,24694.8,principal
SKU_1548_CLO,2025-09-01,59,9274.32,28019.1,principal
SKU_1549_BAL,2025-09-01,55,3233.9,10169.5,principal
SKU_1549_PAS,2025-09-01,21,1234.76,3882.9,principal
SKU_1550_PAL,2025-09-01,47,2551.4,7750.3,principal
SKU_1550_IVO,2025-09-01,35,1899.98,5771.5,principal
SKU_1551_DUS,2025-09-01,44,3202.62,9675.6,principal
SKU_1551_ROS,2025-09-01,54,3930.49,11874.6,principal
SKU_1552_CLE,2025-09-01,18,3910.3,11878.2,principal
SKU_1552_SAP,2025-09-01,0,0.0,0.0,principal
SKU_1553_DEN,2025-09-01,43,3440.78,10960.7,principal
SKU_1553_HOT,2025-09-01,43,3440.78,10960.7,principal
SKU_1554_PIS,2025-09-01,60,17888.66,62094.0,principal
SKU_1554_SKY,2025-09-01,46,13714.64,47605.4,principal
SKU_1555_FUC,2025-09-01,29,1571.18,5507.1,principal
SKU_1555_RAS,2025-09-01,21,1137.75,3987.9,principal
SKU_1556_SAL,2025-09-01,20,1217.11,4098.0,principal
SKU_1556_HUN,2025-09-01,68,4138.16,13933.2,principal
SKU_1557_TUR,2025-09-01,60,4314.24,11994.0,principal
SKU_1557_SAG,2025-09-01,43,3091.87,8595.7,principal
SKU_1558_CLE,2025-09-01,27,3388.34,8907.3,principal
SKU_1558_MEX,2025-09-01,0,0.0,0.0,principal
SKU_1559_BLU,2025-09-01,37,17141.41,44396.3,principal
SKU_1559_SKY,2025-09-01,0,0.0,0.0,principal
SKU_1560_PAL,2025-09-01,0,0.0,0.0,principal
SKU_1560_CRE,2025-09-01,22,1628.82,4947.8,principal
SKU_1561_LIM,2025-09-01,46,5157.93,16095.4,principal
SKU_1561_VAN,2025-09-01,44,4933.67,15395.6,principal
SKU_1562_CLO,2025-09-01,41,3955.27,12705.9,principal
SKU_1562_BLU,2025-09-01,0,0.0,0.0,principal
SKU_1563_WHI,2025-09-01,23,921.57,3447.7,principal
SKU_1563_MEX,2025-09-01,23,921.57,3447.7,principal
SKU_1564_BLA,2025-09-01,56,10471.9,33034.4,principal
SKU_1564_NAV,2025-09-01,18,3365.97,10618.2,principal
SKU_1565_LIG,2025-09-01,32,4519.19,11516.8,principal
SKU_1565_BAB,2025-09-01,48,6778.79,17275.2,principal
SKU_1566_PEA,2025-09-01,56,22031.94,57954.4,principal
SKU_1566_POW,2025-09-01,67,26359.65,69338.3,principal
SKU_1567_PRI,2025-09-01,68,15443.83,46913.2,principal
SKU_1567_POW,2025-09-01,78,17714.98,53812.2,principal
SKU_1568_FRE,2025-09-01,64,4780.68,15033.6,principal
SKU_1568_PIN,2025-09-01,50,3734.91,11745.0,principal
SKU_1569_WHI,2025-09-01,55,3846.05,12094.5,principal
SKU_1569_PAS,2025-09-01,18,1258.71,3958.2,principal
SKU_1570_MEX,2025-09-01,41,9320.87,29310.9,principal
SKU_1570_HON,2025-09-01,0,0.0,0.0,principal
SKU_1571_WHI,2025-09-01,36,2611.16,8996.4,principal
SKU_1571_BIR,2025-09-01,50,3626.61,12495.0,principal
SKU_1572_BAL,2025-09-01,27,1101.49,3777.3,principal
SKU_1572_MAR,2025-09-01,0,0.0,0.0,principal
SKU_1573_MIN,2025-09-01,70,21113.96,71743.0,principal
SKU_1573_SAG,2025-09-01,0,0.0,0.0,principal
SKU_1574_GAR,2025-09-01,46,8264.14,27825.4,principal
SKU_1574_COB,2025-09-01,66,11857.25,39923.4,principal
SKU_1575_JAD,2025-09-01,27,8883.21,23352.3,principal
SKU_1575_AQU,2025-09-01,40,13160.32,34596.0,principal
SKU_1576_AQU,2025-09-01,65,5240.37,15918.5,principal
SKU_1576_BLU,2025-09-01,21,1693.04,5142.9,principal
SKU_1577_FLA,2025-09-01,0,0.0,0.0,principal
SKU_1577_HUN,2025-09-01,34,1728.84,5436.6,principal
SKU_1578_PAS,2025-09-01,67,2754.84,8368.3,principal
SKU_1578_TEA,2025-09-01,0,0.0,0.0,principal
SKU_1579_DEN,2025-09-01,63,4768.03,14483.7,principal
SKU_1579_SAG,2025-09-01,62,4692.35,14253.8,principal
SKU_1580_WHI,2025-09-01,38,2294.75,7216.2,principal
SKU_1580_MOS,2025-09-01,50,3019.41,9495.0,principal
SKU_1581_BIR,2025-09-01,70,16411.93,59843.0,principal
SKU_1581_COB,2025-09-01,59,13832.91,50439.1,principal
SKU_1582_WHI,2025-09-01,63,4246.06,14483.7,principal
SKU_1582_PAS,2025-09-01,30,2021.94,6897.0,principal
SKU_1583_WHI,2025-09-01,63,4292.49,16058.7,principal
SKU_1583_BLU,2025-09-01,47,3202.33,11980.3,principal
SKU_1584_AQU,2025-09-01,0,0.0,0.0,principal
SKU_1584_FLA,2025-09-01,27,1632.48,4992.3,principal
SKU_1585_COR,2025-09-01,30,3765.86,9597.0,principal
SKU_1585_BLA,2025-09-01,18,2259.52,5758.2,principal
SKU_1586_JAD,2025-09-01,39,4520.52,11891.1,principal
SKU_1586_EGR,2025-09-01,53,6143.27,16159.7,principal
SKU_1587_DEE,2025-09-01,0,0.0,0.0,principal
SKU_1587_LIG,2025-09-01,50,3655.41,11495.0,principal
SKU_1588_PAS,2025-09-01,39,6075.74,19106.1,principal
SKU_1588_CRE,2025-09-01,48,7477.83,23515.2,principal
SKU_1589_TUR,2025-09-01,36,8101.69,24476.4,principal
SKU_1589_CER,2025-09-01,24,5401.13,16317.6,principal
SKU_1590_MYS,2025-09-01,59,3688.39,11204.1,principal
SKU_1590_HOT,2025-09-01,42,2625.63,7975.8,principal
SKU_1591_HON,2025-09-01,0,0.0,0.0,principal
SKU_1591_MYS,2025-09-01,50,14149.41,44495.0,principal
SKU_1592_CER,2025-09-01,30,2002.45,6297.0,principal
SKU_1592_SAG,2025-09-01,50,3337.41,10495.0,principal
SKU_1593_LIG,2025-09-01,68,3261.41,9853.2,principal
SKU_1593_FUC,2025-09-01,44,2110.32,6375.6,principal
SKU_1594_BAL,2025-09-01,40,6582.68,19996.0,principal
SKU_1594_WHI,2025-09-01,31,5101.58,15496.9,principal
SKU_1595_FLA,2025-09-01,75,7445.02,22492.5,principal
SKU_1595_MYS,2025-09-01,18,1786.8,5398.2,principal
SKU_1596_BIR,2025-09-01,29,2624.42,7972.1,principal
SKU_1596_CER,2025-09-01,31,2805.41,8521.9,principal
SKU_1597_SHO,2025-09-01,43,7245.85,22785.7,principal
SKU_1597_FLA,2025-09-01,57,9604.97,30204.3,principal
SKU_1598_NAV,2025-09-01,53,8256.77,25964.7,principal
SKU_1598_DUS,2025-09-01,21,3271.55,10287.9,principal
SKU_1599_WHI,2025-09-01,30,4640.73,14097.0,principal
SKU_1599_CER,2025-09-01,28,4331.35,13157.2,principal
SKU_1600_LIG,2025-09-01,32,4160.03,12636.8,principal
SKU_1600_SHO,2025-09-01,0,0.0,0.0,principal
SKU_1601_EME,2025-09-01,68,16541.13,49973.2,principal
SKU_1601_AQU,2025-09-01,21,5108.29,15432.9,principal
SKU_1602_AQU,2025-09-01,40,2724.19,9196.0,principal
SKU_1602_PAS,2025-09-01,21,1430.2,4827.9,principal
SKU_1603_BUB,2025-09-01,19,3937.81,14153.1,principal
SKU_1603_PEA,2025-09-01,0,0.0,0.0,principal
SKU_1604_CLE,2025-09-01,70,11318.28,42343.0,principal
SKU_1604_SNO,2025-09-01,31,5012.38,18751.9,principal
SKU_1605_VAN,2025-09-01,0,0.0,0.0,principal
SKU_1605_COR,2025-09-01,30,1959.31,6597.0,principal
SKU_1606_COB,2025-09-01,33,12759.73,35801.7,principal
SKU_1606_SEA,2025-09-01,23,8893.14,24952.7,principal
SKU_1607_GAR,2025-09-01,38,3772.14,11396.2,principal
SKU_1607_MAR,2025-09-01,20,1985.34,5998.0,principal
SKU_1608_WHI,2025-09-01,0,0.0,0.0,principal
SKU_1608_MID,2025-09-01,50,5018.65,15245.0,principal
SKU_1609_LIM,2025-09-01,0,0.0,0.0,principal
SKU_1609_SAP,2025-09-01,20,1716.56,5398.0,principal
SKU_1610_PRI,2025-09-01,48,2921.72,8875.2,principal
SKU_1610_MEX,2025-09-01,47,2860.85,8690.3,principal
SKU_1611_MID,2025-09-01,35,2533.69,7696.5,principal
SKU_1611_BRI,2025-09-01,18,1303.04,3958.2,principal
SKU_1612_PAL,2025-09-01,65,6613.74,21443.5,principal
SKU_1612_SNO,2025-09-01,32,3256.0,10556.8,principal
SKU_1613_BIR,2025-09-01,58,3122.7,11014.2,principal
SKU_1613_AQU,2025-09-01,65,3499.58,12343.5,principal
SKU_1614_VAN,2025-09-01,45,5711.85,20020.5,principal
SKU_1614_IVO,2025-09-01,49,6219.57,21800.1,principal
SKU_1615_MOS,2025-09-01,29,4273.83,13482.1,principal
SKU_1615_SHO,2025-09-01,19,2800.09,8833.1,principal
SKU_1616_SER,2025-09-01,0,0.0,0.0,principal
SKU_1616_COR,2025-09-01,70,27291.04,71743.0,principal
SKU_1617_DEN,2025-09-01,0,0.0,0.0,principal
SKU_1617_MIN,2025-09-01,48,3009.04,7915.2,principal
SKU_1618_SAL,2025-09-01,41,2441.42,7375.9,principal
SKU_1618_SAP,2025-09-01,57,3394.17,10254.3,principal
SKU_1619_IVO,2025-09-01,69,4540.69,13793.1,principal
SKU_1619_PAS,2025-09-01,25,1645.18,4997.5,principal
SKU_1620_SAG,2025-09-01,34,2981.18,9006.6,principal
SKU_1620_BLU,2025-09-01,0,0.0,0.0,principal
SKU_1621_PAS,2025-09-01,78,6064.65,18322.2,principal
SKU_1621_FUC,2025-09-01,0,0.0,0.0,principal
SKU_1622_VAN,2025-09-01,29,2378.72,7827.1,principal
SKU_1622_CLO,2025-09-01,27,2214.67,7287.3,principal
SKU_1623_EGR,2025-09-01,0,0.0,0.0,principal
SKU_1623_SER,2025-09-01,29,7590.05,26532.1,principal
SKU_1624_PRI,2025-09-01,59,3644.64,12384.1,principal
SKU_1624_ARM,2025-09-01,66,4077.06,13853.4,principal
SKU_1625_GAR,2025-09-01,26,1688.79,5327.4,principal
SKU_1625_DUS,2025-09-01,55,3572.43,11269.5,principal
SKU_1626_BAB,2025-09-01,57,11706.54,30774.3,principal
SKU_1626_DEN,2025-09-01,34,6982.85,18356.6,principal
SKU_1627_BAB,2025-09-01,59,6442.62,19464.1,principal
SKU_1627_MOS,2025-09-01,45,4913.86,14845.5,principal
SKU_1628_PEA,2025-09-01,0,0.0,0.0,principal
SKU_1628_POW,2025-09-01,64,11585.73,35193.6,principal
SKU_1629_CLO,2025-09-01,37,2999.15,9431.3,principal
SKU_1629_ARM,2025-09-01,37,2999.15,9431.3,principal
SKU_1630_LIM,2025-09-01,0,0.0,0.0,principal
SKU_1630_SNO,2025-09-01,23,2549.59,7702.7,principal
SKU_1631_BAL,2025-09-01,37,2116.7,6656.3,principal
SKU_1631_SNO,2025-09-01,18,1029.75,3238.2,principal
SKU_1632_SAP,2025-09-01,71,4345.33,13127.9,principal
SKU_1632_SPA,2025-09-01,32,1958.46,5916.8,principal
SKU_1633_SER,2025-09-01,24,1792.76,5637.6,principal
SKU_1633_DEN,2025-09-01,53,3959.0,12449.7,principal
SKU_1634_NAV,2025-09-01,0,0.0,0.0,principal
SKU_1634_SAP,2025-09-01,0,0.0,0.0,principal
SKU_1635_TEA,2025-09-01,33,6347.82,19961.7,principal
SKU_1635_SAG,2025-09-01,58,11156.78,35084.2,principal
SKU_1636_LIG,2025-09-01,37,5358.16,16276.3,principal
SKU_1636_SHO,2025-09-01,45,6516.68,19795.5,principal
SKU_1637_BLU,2025-09-01,27,7898.26,24837.3,principal
SKU_1637_WHI,2025-09-01,16,4680.45,14718.4,principal
SKU_1638_PEA,2025-09-01,38,13774.55,43316.2,principal
SKU_1638_SAP,2025-09-01,19,6887.28,21658.1,principal
SKU_1639_FRE,2025-09-01,20,1207.76,3798.0,principal
SKU_1639_WHI,2025-09-01,46,2777.86,8735.4,principal
SKU_1640_IVO,2025-09-01,0,0.0,0.0,principal
SKU_1640_TEA,2025-09-01,31,2244.12,6816.9,principal
SKU_1641_MEX,2025-09-01,57,5889.14,18519.3,principal
SKU_1641_SER,2025-09-01,0,0.0,0.0,principal
SKU_1642_OFF,2025-09-01,55,4094.3,12369.5,principal
SKU_1642_SAL,2025-09-01,55,4094.3,12369.5,principal
SKU_1643_PAS,2025-09-01,51,3511.61,11469.9,principal
SKU_1643_EGR,2025-09-01,0,0.0,0.0,principal
SKU_1644_BAB,2025-09-01,65,5978.05,20793.5,principal
SKU_1644_PEA,2025-09-01,54,4966.38,17274.6,principal
SKU_1645_MYS,2025-09-01,45,5134.12,17995.5,principal
SKU_1645_MIN,2025-09-01,50,5704.57,19995.0,principal
SKU_1646_BLU,2025-09-01,26,1688.79,5327.4,principal
SKU_1646_CLE,2025-09-01,27,1753.74,5532.3,principal
SKU_1647_BLA,2025-09-01,48,5330.18,16315.2,principal
SKU_1647_ARM,2025-09-01,40,4441.81,13596.0,principal
SKU_1648_RAS,2025-09-01,26,6485.55,18197.4,principal
SKU_1648_FLA,2025-09-01,0,0.0,0.0,principal
SKU_1649_FLA,2025-09-01,65,5026.39,15268.5,principal
SKU_1649_GAR,2025-09-01,65,5026.39,15268.5,principal
SKU_1650_OLI,2025-09-01,44,14060.56,44215.6,principal
SKU_1650_EGR,2025-09-01,26,8308.51,26127.4,principal
SKU_1651_PAS,2025-09-01,0,0.0,0.0,principal
SKU_1651_SAL,2025-09-01,0,0.0,0.0,principal
SKU_1652_TEA,2025-09-01,61,4124.64,13413.9,principal
SKU_1652_MOS,2025-09-01,22,1487.58,4837.8,principal
SKU_1653_ROS,2025-09-01,69,7932.03,24833.1,principal
SKU_1653_BAB,2025-09-01,41,4713.24,14755.9,principal
SKU_1654_CRE,2025-09-01,28,2538.87,8677.2,principal
SKU_1654_NAV,2025-09-01,42,3808.31,13015.8,principal
SKU_1655_SNO,2025-09-01,55,11468.71,35469.5,principal
SKU_1655_TEA,2025-09-01,17,3544.87,10963.3,principal
SKU_1656_FUC,2025-09-01,0,0.0,0.0,principal
SKU_1656_SNO,2025-09-01,57,4840.94,13389.3,principal
SKU_1657_SPA,2025-09-01,49,3734.68,10530.1,principal
SKU_1657_EME,2025-09-01,22,1676.8,4727.8,principal
SKU_1658_BAB,2025-09-01,24,8044.79,21117.6,principal
SKU_1658_MYS,2025-09-01,27,9050.39,23757.3,principal
SKU_1659_MOS,2025-09-01,69,23407.69,70718.1,principal
SKU_1659_SNO,2025-09-01,64,21711.48,65593.6,principal
SKU_1660_NAV,2025-09-01,53,5494.25,16689.7,principal
SKU_1660_MAG,2025-09-01,57,5908.91,17949.3,principal
SKU_1661_WHI,2025-09-01,28,9174.39,27717.2,principal
SKU_1661_CER,2025-09-01,40,13106.28,39596.0,principal
SKU_1662_PIS,2025-09-01,49,3039.84,9795.1,principal
SKU_1662_LIG,2025-09-01,49,3039.84,9795.1,principal
SKU_1663_SNO,2025-09-01,34,8678.62,27026.6,principal
SKU_1663_FLA,2025-09-01,48,12252.17,38155.2,principal
SKU_1664_PIN,2025-09-01,74,7368.24,24412.6,principal
SKU_1664_MIN,2025-09-01,18,1792.27,5938.2,principal
SKU_1665_SAG,2025-09-01,0,0.0,0.0,principal
SKU_1665_RAS,2025-09-01,70,5179.83,17493.0,principal
SKU_1666_FUC,2025-09-01,63,17673.45,50393.7,principal
SKU_1666_PAS,2025-09-01,50,14026.55,39995.0,principal
SKU_1667_LIG,2025-09-01,26,1986.04,5457.4,principal
SKU_1667_MID,2025-09-01,64,4888.7,13433.6,principal
SKU_1668_DEN,2025-09-01,61,6385.52,16463.9,principal
SKU_1668_VAN,2025-09-01,0,0.0,0.0,principal
SKU_1669_COR,2025-09-01,23,1773.81,4597.7,principal
SKU_1669_TEA,2025-09-01,56,4318.83,11194.4,principal
SKU_1670_SAP,2025-09-01,74,3549.18,10722.6,principal
SKU_1670_PEA,2025-09-01,0,0.0,0.0,principal
SKU_1671_SEA,2025-09-01,33,3485.04,11546.7,principal
SKU_1671_MIN,2025-09-01,65,6864.47,22743.5,principal
SKU_1672_TEA,2025-09-01,30,2796.09,8847.0,principal
SKU_1672_FOR,2025-09-01,24,2236.87,7077.6,principal
SKU_1673_PEA,2025-09-01,60,8361.53,24594.0,principal
SKU_1673_FUC,2025-09-01,60,8361.53,24594.0,principal
SKU_1674_PAS,2025-09-01,46,3848.56,10575.4,principal
SKU_1674_WHI,2025-09-01,36,3011.91,8276.4,principal
SKU_1675_CRE,2025-09-01,26,6582.73,19887.4,principal
SKU_1675_DEN,2025-09-01,26,6582.73,19887.4,principal
SKU_1676_PIN,2025-09-01,24,1342.35,4077.6,principal
SKU_1676_NAV,2025-09-01,39,2181.31,6626.1,principal
SKU_1677_POW,2025-09-01,35,7734.89,19946.5,principal
SKU_1677_VAN,2025-09-01,56,12375.82,31914.4,principal
SKU_1678_LIG,2025-09-01,50,13185.97,35745.0,principal
SKU_1678_MAG,2025-09-01,56,14768.29,40034.4,principal
SKU_1679_SHO,2025-09-01,56,19290.29,51514.4,principal
SKU_1679_GAR,2025-09-01,0,0.0,0.0,principal
SKU_1680_NAV,2025-09-01,304,33698.98,101809.6,principal
SKU_1680_SEA,2025-09-01,352,39019.87,117884.8,principal
SKU_1681_OFF,2025-09-01,319,24667.98,74933.1,principal
SKU_1681_PIS,2025-09-01,291,22502.76,68355.9,principal
SKU_1682_OLI,2025-09-01,325,29864.13,76342.5,principal
SKU_1682_BIR,2025-09-01,289,26556.1,67886.1,principal
SKU_1683_PAL,2025-09-01,300,37481.93,94470.0,principal
SKU_1683_SHO,2025-09-01,328,40980.25,103287.2,principal
SKU_1684_HON,2025-09-01,289,17687.35,53436.1,principal
SKU_1684_SHO,2025-09-01,271,16585.71,50107.9,principal
SKU_1685_COB,2025-09-01,281,61843.01,186836.9,principal
SKU_1685_BIR,2025-09-01,97,21347.94,64495.3,principal
SKU_1686_MOS,2025-09-01,284,19134.2,61031.6,principal
SKU_1686_SKY,2025-09-01,263,17719.35,56518.7,principal
SKU_1687_FOR,2025-09-01,132,37278.86,118786.8,principal
SKU_1687_WHI,2025-09-01,354,99975.13,318564.6,principal
SKU_1688_WHI,2025-09-01,336,42510.58,144446.4,principal
SKU_1688_LIG,2025-09-01,380,48077.44,163362.0,principal
SKU_1689_MAG,2025-09-01,288,90870.42,277891.2,principal
SKU_1689_IVO,2025-09-01,296,93394.6,285610.4,principal
SKU_1690_MAG,2025-09-01,254,48874.77,137134.6,principal
SKU_1690_MYS,2025-09-01,249,47912.67,134435.1,principal
SKU_1691_HUN,2025-09-01,246,25096.69,76235.4,principal
SKU_1691_ROS,2025-09-01,303,30911.78,93899.7,principal
SKU_1692_OLI,2025-09-01,352,25620.99,77404.8,principal
SKU_1692_BLU,2025-09-01,317,23073.45,69708.3,principal
SKU_1693_MEX,2025-09-01,375,25433.21,76837.5,principal
SKU_1693_FLA,2025-09-01,288,19532.71,59011.2,principal
SKU_1694_PIS,2025-09-01,285,26404.37,79771.5,principal
SKU_1694_SER,2025-09-01,338,31314.65,94606.2,principal
SKU_1695_CRE,2025-09-01,303,20224.7,63599.7,principal
SKU_1695_LIM,2025-09-01,241,16086.32,50585.9,principal
SKU_1696_SER,2025-09-01,307,25521.0,85929.3,principal
SKU_1696_SHO,2025-09-01,344,28596.82,96285.6,principal
SKU_1697_PIS,2025-09-01,312,20784.35,68608.8,principal
SKU_1697_MIN,2025-09-01,352,23449.01,77404.8,principal
SKU_1698_PRI,2025-09-01,29,3583.72,12177.1,principal
SKU_1698_SNO,2025-09-01,156,19277.94,65504.4,principal
SKU_1699_CLO,2025-09-01,342,36894.04,112825.8,principal
SKU_1699_COB,2025-09-01,326,35168.0,107547.4,principal
SKU_1700_HUN,2025-09-01,311,85413.28,217668.9,principal
SKU_1700_PIS,2025-09-01,297,81568.31,207870.3,principal
SKU_1701_SPA,2025-09-01,293,37860.4,99590.7,principal
SKU_1701_BLU,2025-09-01,294,37989.62,99930.6,principal
SKU_1702_LIG,2025-09-01,369,75713.97,228743.1,principal
SKU_1702_COR,2025-09-01,362,74277.66,224403.8,principal
SKU_1703_PAS,2025-09-01,278,23860.24,75032.2,principal
SKU_1703_BLU,2025-09-01,356,30554.84,96084.4,principal
SKU_1704_BAB,2025-09-01,281,29925.99,94106.9,principal
SKU_1704_PEA,2025-09-01,307,32694.95,102814.3,principal
SKU_1705_SER,2025-09-01,296,40160.36,121330.4,principal
SKU_1705_JAD,2025-09-01,321,43552.28,131577.9,principal
SKU_1706_BLA,2025-09-01,339,20332.88,62681.1,principal
SKU_1706_JAD,2025-09-01,304,18233.61,56209.6,principal
SKU_1707_ARM,2025-09-01,335,25342.27,93766.5,principal
SKU_1707_SAP,2025-09-01,150,11347.29,41985.0,principal
SKU_1708_FLA,2025-09-01,303,16216.11,51479.7,principal
SKU_1708_FRE,2025-09-01,304,16269.62,51649.6,principal
SKU_1709_CRE,2025-09-01,332,20508.83,69686.8,principal
SKU_1709_MAR,2025-09-01,361,22300.26,75773.9,principal
SKU_1710_OLI,2025-09-01,314,75529.65,254308.6,principal
SKU_1710_MEX,2025-09-01,294,70718.85,238110.6,principal
SKU_1711_VAN,2025-09-01,301,113916.45,299464.9,principal
SKU_1711_ARM,2025-09-01,300,113537.99,298470.0,principal
SKU_1712_NAV,2025-09-01,348,20722.32,62605.2,principal
SKU_1712_MOS,2025-09-01,340,20245.95,61166.0,principal
SKU_1713_SAL,2025-09-01,335,55985.84,169141.5,principal
SKU_1713_SNO,2025-09-01,359,59996.76,181259.1,principal
SKU_1714_DEE,2025-09-01,274,26566.55,83542.6,principal
SKU_1714_MID,2025-09-01,344,33353.62,104885.6,principal
SKU_1715_HON,2025-09-01,303,21188.24,66629.7,principal
SKU_1715_JAD,2025-09-01,0,0.0,0.0,principal
SKU_1716_AQU,2025-09-01,0,0.0,0.0,principal
SKU_1716_SAL,2025-09-01,256,13896.98,42214.4,principal
SKU_1717_MIN,2025-09-01,312,23905.79,81088.8,principal
SKU_1717_CRE,2025-09-01,245,18772.17,63675.5,principal
SKU_1718_DUS,2025-09-01,296,32625.95,109490.4,principal
SKU_1718_SEA,2025-09-01,0,0.0,0.0,principal
SKU_1719_OFF,2025-09-01,349,31852.35,111645.1,principal
SKU_1719_WHI,2025-09-01,302,27562.78,96609.8,principal
SKU_1720_PAL,2025-09-01,328,21908.86,73767.2,principal
SKU_1720_PAS,2025-09-01,317,21174.11,71293.3,principal
SKU_1721_COR,2025-09-01,275,43925.74,115472.5,principal
SKU_1721_FRE,2025-09-01,362,57822.25,152003.8,principal
SKU_1722_AQU,2025-09-01,365,39252.79,118588.5,principal
SKU_1722_PAS,2025-09-01,291,31294.69,94545.9,principal
SKU_1723_MOS,2025-09-01,246,35412.17,106985.4,principal
SKU_1723_COB,2025-09-01,278,40018.63,120902.2,principal
SKU_1724_PIN,2025-09-01,296,104943.31,330010.4,principal
SKU_1724_PEA,2025-09-01,338,119833.91,376836.2,principal
SKU_1725_BAB,2025-09-01,0,0.0,0.0,principal
SKU_1725_OFF,2025-09-01,272,21182.87,66612.8,principal
SKU_1726_PAS,2025-09-01,372,52646.59,159922.8,principal
SKU_1726_BUB,2025-09-01,299,42315.4,128540.1,principal
SKU_1727_LIG,2025-09-01,273,12734.94,42287.7,principal
SKU_1727_WHI,2025-09-01,279,13014.83,43217.1,principal
SKU_1728_MID,2025-09-01,282,29204.54,93031.8,principal
SKU_1728_EGR,2025-09-01,61,6317.29,20123.9,principal
SKU_1729_FUC,2025-09-01,250,12868.27,43725.0,principal
SKU_1729_CLE,2025-09-01,333,17140.53,58241.7,principal
SKU_1730_OFF,2025-09-01,327,31068.37,104607.3,principal
SKU_1730_MIN,2025-09-01,361,34298.72,115483.9,principal
SKU_1731_MIN,2025-09-01,0,0.0,0.0,principal
SKU_1731_ARM,2025-09-01,276,95530.76,251132.4,principal
SKU_1732_OFF,2025-09-01,130,47713.26,144937.0,principal
SKU_1732_WHI,2025-09-01,298,109373.47,332240.2,principal
SKU_1733_NAV,2025-09-01,355,41115.0,124214.5,principal
SKU_1733_SAG,2025-09-01,283,32776.18,99021.7,principal
SKU_1734_FRE,2025-09-01,343,38164.99,120015.7,principal
SKU_1734_BRI,2025-09-01,339,37719.92,118616.1,principal
SKU_1735_MOS,2025-09-01,382,33941.11,103101.8,principal
SKU_1735_COR,2025-09-01,342,30387.07,92305.8,principal
SKU_1736_PAS,2025-09-01,297,31766.25,96495.3,principal
SKU_1736_JAD,2025-09-01,282,30161.9,91621.8,principal
SKU_1737_SAG,2025-09-01,0,0.0,0.0,principal
SKU_1737_DEE,2025-09-01,335,85370.36,257916.5,principal
SKU_1738_BLU,2025-09-01,277,17869.8,53987.3,principal
SKU_1738_ROY,2025-09-01,280,18063.33,54572.0,principal
SKU_1739_AQU,2025-09-01,321,26936.1,81822.9,principal
SKU_1739_MOS,2025-09-01,271,22740.44,69077.9,principal
SKU_1740_FRE,2025-09-01,286,20233.09,61461.4,principal
SKU_1740_OLI,2025-09-01,344,24336.31,73925.6,principal
SKU_1741_PEA,2025-09-01,312,24640.22,74848.8,principal
SKU_1741_PIN,2025-09-01,279,22034.05,66932.1,principal
SKU_1742_DEN,2025-09-01,298,25636.02,77450.2,principal
SKU_1742_EME,2025-09-01,109,9376.93,28329.1,principal
SKU_1743_DEE,2025-09-01,353,49380.53,155284.7,principal
SKU_1743_CLO,2025-09-01,55,7693.85,24194.5,principal
SKU_1744_LIG,2025-09-01,359,31306.62,95099.1,principal
SKU_1744_EME,2025-09-01,268,23370.96,70993.2,principal
SKU_1745_PEA,2025-09-01,350,47228.68,143465.0,principal
SKU_1745_FOR,2025-09-01,322,43450.38,131987.8,principal
SKU_1746_EME,2025-09-01,351,20787.3,63144.9,principal
SKU_1746_NAV,2025-09-01,345,20431.96,62065.5,principal
SKU_1747_FUC,2025-09-01,283,15739.95,49496.7,principal
SKU_1747_TEA,2025-09-01,0,0.0,0.0,principal
SKU_1748_BAB,2025-09-01,266,25347.45,82433.4,principal
SKU_1748_COB,2025-09-01,0,0.0,0.0,principal
SKU_1749_SNO,2025-09-01,225,22710.52,78727.5,principal
SKU_1749_BIR,2025-09-01,338,34116.25,118266.2,principal
SKU_1750_MIN,2025-09-01,246,24323.07,90995.4,principal
SKU_1750_SNO,2025-09-01,307,30354.4,113559.3,principal
SKU_1751_BLU,2025-09-01,302,29590.05,99629.8,principal
SKU_1751_MIN,2025-09-01,291,28512.27,96000.9,principal
SKU_1752_SNO,2025-09-01,307,47037.42,131979.3,principal
SKU_1752_SPA,2025-09-01,324,49642.1,139287.6,principal
SKU_1753_WHI,2025-09-01,262,78675.56,206953.8,principal
SKU_1753_PAL,2025-09-01,332,99695.74,262246.8,principal
SKU_1754_IVO,2025-09-01,0,0.0,0.0,principal
SKU_1754_SER,2025-09-01,295,33189.54,100270.5,principal
SKU_1755_BIR,2025-09-01,244,26900.78,81715.6,principal
SKU_1755_AQU,2025-09-01,325,35830.95,108842.5,principal
SKU_1756_FLA,2025-09-01,274,15675.05,49292.6,principal
SKU_1756_BUB,2025-09-01,74,4233.41,13312.6,principal
SKU_1757_PIN,2025-09-01,323,27208.94,85562.7,principal
SKU_1757_TUR,2025-09-01,266,22407.36,70463.4,principal
SKU_1758_CLO,2025-09-01,319,15680.72,57388.1,principal
SKU_1758_HON,2025-09-01,295,14500.98,53070.5,principal
SKU_1759_CLE,2025-09-01,296,24295.47,79890.4,principal
SKU_1759_COB,2025-09-01,307,25198.34,82859.3,principal
SKU_1760_PAS,2025-09-01,260,19121.85,64974.0,principal
SKU_1760_OFF,2025-09-01,326,23975.86,81467.4,principal
SKU_1761_MOS,2025-09-01,345,120837.39,381190.5,principal
SKU_1761_SAP,2025-09-01,266,93167.38,293903.4,principal
SKU_1762_DEN,2025-09-01,0,0.0,0.0,principal
SKU_1762_BRI,2025-09-01,309,28071.53,78764.1,principal
SKU_1763_MAR,2025-09-01,9,893.4,2699.1,principal
SKU_1763_HOT,2025-09-01,251,24915.99,75274.9,principal
SKU_1764_FUC,2025-09-01,322,24899.96,75637.8,principal
SKU_1764_MAR,2025-09-01,323,24977.29,75872.7,principal
SKU_1765_MYS,2025-09-01,274,22645.61,71212.6,principal
SKU_1765_PAS,2025-09-01,255,21075.29,66274.5,principal
SKU_1766_CLE,2025-09-01,279,35036.32,110177.1,principal
SKU_1766_MYS,2025-09-01,346,43450.06,136635.4,principal
SKU_1767_PRI,2025-09-01,288,18765.56,59011.2,principal
SKU_1767_FUC,2025-09-01,83,5408.13,17006.7,principal
SKU_1768_PEA,2025-09-01,120,22344.92,74988.0,principal
SKU_1768_MIN,2025-09-01,306,56979.56,191219.4,principal
SKU_1769_WHI,2025-09-01,381,34926.47,123786.9,principal
SKU_1769_EME,2025-09-01,56,5133.55,18194.4,principal
SKU_1770_JAD,2025-09-01,315,20385.72,69268.5,principal
SKU_1770_DEE,2025-09-01,326,21097.6,71687.4,principal
SKU_1771_PIN,2025-09-01,320,27719.14,84768.0,principal
SKU_1771_EME,2025-09-01,285,24687.36,75496.5,principal
SKU_1772_BLU,2025-09-01,290,47213.96,120321.0,principal
SKU_1772_SNO,2025-09-01,80,13024.54,33192.0,principal
SKU_1773_OLI,2025-09-01,344,36793.24,111765.6,principal
SKU_1773_FRE,2025-09-01,307,32835.82,99744.3,principal
SKU_1774_COB,2025-09-01,0,0.0,0.0,principal
SKU_1774_MOS,2025-09-01,268,17462.4,54913.2,principal
SKU_1775_PAS,2025-09-01,272,25062.92,76132.8,principal
SKU_1775_PAL,2025-09-01,298,27458.64,83410.2,principal
SKU_1776_BIR,2025-09-01,0,0.0,0.0,principal
SKU_1776_PAS,2025-09-01,104,11356.48,34309.6,principal
SKU_1777_TUR,2025-09-01,97,7399.96,23270.3,principal
SKU_1777_FRE,2025-09-01,340,25937.99,81566.0,principal
SKU_1778_TEA,2025-09-01,0,0.0,0.0,principal
SKU_1778_MIN,2025-09-01,342,32251.25,97435.8,principal
SKU_1779_LIG,2025-09-01,310,21930.97,66619.0,principal
SKU_1779_MIN,2025-09-01,331,23416.62,71131.9,principal
SKU_1780_AQU,2025-09-01,333,36913.68,111521.7,principal
SKU_1780_LIG,2025-09-01,359,39795.83,120229.1,principal
SKU_1781_CLE,2025-09-01,281,11607.6,36501.9,principal
SKU_1781_AQU,2025-09-01,331,13673.01,42996.9,principal
SKU_1782_NAV,2025-09-01,45,3722.26,11245.5,principal
SKU_1782_HUN,2025-09-01,269,22250.85,67223.1,principal
SKU_1783_EGR,2025-09-01,25,9539.2,29997.5,principal
SKU_1783_BAB,2025-09-01,351,133930.44,421164.9,principal
SKU_1784_EGR,2025-09-01,354,36312.22,109704.6,principal
SKU_1784_BLA,2025-09-01,340,34876.15,105366.0,principal
SKU_1785_HUN,2025-09-01,353,27491.0,86449.7,principal
SKU_1785_PAS,2025-09-01,305,23752.85,74694.5,principal
SKU_1786_TEA,2025-09-01,54,3198.05,9714.6,principal
SKU_1786_POW,2025-09-01,313,18536.82,56308.7,principal
SKU_1787_BAB,2025-09-01,567,52270.71,164373.3,principal
SKU_1787_BAB,2025-09-01,567,52270.71,164373.3,principal
SKU_1788_EME,2025-09-01,280,23160.73,69972.0,principal
SKU_1788_MYS,2025-09-01,333,27544.73,83216.7,principal
SKU_1789_SNO,2025-09-01,303,24887.2,81779.7,principal
SKU_1789_EME,2025-09-01,322,26447.78,86907.8,principal
SKU_1790_EGR,2025-09-01,0,0.0,0.0,principal
SKU_1790_ROY,2025-09-01,263,19692.02,68353.7,principal
SKU_1791_ARM,2025-09-01,319,22587.68,84503.1,principal
SKU_1791_IVO,2025-09-01,331,23437.37,87681.9,principal
SKU_1792_MIN,2025-09-01,324,42330.7,142527.6,principal
SKU_1792_AQU,2025-09-01,290,37888.59,127571.0,principal
SKU_1793_WHI,2025-09-01,277,18342.42,52602.3,principal
SKU_1793_MIN,2025-09-01,0,0.0,0.0,principal
SKU_1794_FLA,2025-09-01,277,22117.33,58142.3,principal
SKU_1794_LIG,2025-09-01,300,23953.79,62970.0,principal
SKU_1795_RAS,2025-09-01,273,26952.49,81872.7,principal
SKU_1795_HUN,2025-09-01,280,27643.58,83972.0,principal
SKU_1796_OLI,2025-09-01,16,2659.41,8078.4,principal
SKU_1796_SHO,2025-09-01,340,56512.45,171666.0,principal
SKU_1797_GAR,2025-09-01,38,4201.8,14436.2,principal
SKU_1797_BLU,2025-09-01,2,221.15,759.8,principal
SKU_1798_OFF,2025-09-01,264,34508.06,110853.6,principal
SKU_1798_MOS,2025-09-01,348,45487.9,146125.2,principal
SKU_1799_DEN,2025-09-01,328,26053.55,88527.2,principal
SKU_1799_POW,2025-09-01,356,28277.64,96084.4,principal
SKU_1800_SKY,2025-09-01,327,27183.61,91527.3,principal
SKU_1800_MOS,2025-09-01,278,23110.22,77812.2,principal
SKU_1801_MOS,2025-09-01,301,44280.34,112844.9,principal
SKU_1801_FLA,2025-09-01,344,50606.1,128965.6,principal
SKU_1802_OLI,2025-09-01,69,17012.77,51398.1,principal
SKU_1803_DUS,2025-09-01,121,8006.19,24187.9,principal
SKU_1803_SER,2025-09-01,72,4764.02,14392.8,principal
SKU_1804_SPA,2025-09-01,75,11231.48,34117.5,principal
SKU_1804_SEA,2025-09-01,53,7936.91,24109.7,principal
SKU_1805_BLU,2025-09-01,40,7677.88,23196.0,principal
SKU_1805_WHI,2025-09-01,51,9789.29,29574.9,principal
SKU_1806_ROS,2025-09-01,140,8982.55,27286.0,principal
SKU_1806_EME,2025-09-01,115,7378.52,22413.5,principal
SKU_1807_IVO,2025-09-01,62,8444.25,28203.8,principal
SKU_1807_BLU,2025-09-01,87,11849.19,39576.3,principal
SKU_1808_SNO,2025-09-01,75,20993.61,71992.5,principal
SKU_1808_PAS,2025-09-01,54,15115.4,51834.6,principal
SKU_1809_PRI,2025-09-01,128,8760.76,30707.2,principal
SKU_1809_SHO,2025-09-01,87,5954.58,20871.3,principal
SKU_1810_OFF,2025-09-01,51,2585.1,8154.9,principal
SKU_1810_COB,2025-09-01,113,5727.78,18068.7,principal
SKU_1811_BLU,2025-09-01,126,34110.31,86927.4,principal
SKU_1811_PIN,2025-09-01,133,36005.33,91756.7,principal
SKU_1812_BRI,2025-09-01,69,17309.86,45533.1,principal
SKU_1812_HOT,2025-09-01,73,18313.33,48172.7,principal
SKU_1813_BLU,2025-09-01,63,5315.43,16058.7,principal
SKU_1813_RAS,2025-09-01,57,4809.2,14529.3,principal
SKU_1814_PRI,2025-09-01,134,16758.45,50906.6,principal
SKU_1814_PAS,2025-09-01,50,6253.15,18995.0,principal
SKU_1815_WHI,2025-09-01,68,9901.27,29913.2,principal
SKU_1815_LIM,2025-09-01,54,7862.77,23754.6,principal
SKU_1816_MOS,2025-09-01,46,3632.85,11035.4,principal
SKU_1816_WHI,2025-09-01,80,6318.01,19192.0,principal
SKU_1817_BUB,2025-09-01,115,6935.37,25288.5,principal
SKU_1817_PRI,2025-09-01,61,3678.76,13413.9,principal
SKU_1818_BRI,2025-09-01,56,3151.62,11474.4,principal
SKU_1818_EGR,2025-09-01,50,2813.95,10245.0,principal
SKU_1819_AQU,2025-09-01,53,4886.16,18279.7,principal
SKU_1819_DEE,2025-09-01,54,4978.36,18624.6,principal
SKU_1820_PEA,2025-09-01,58,4993.82,16814.2,principal
SKU_1820_SPA,2025-09-01,76,6543.62,22032.4,principal
SKU_1821_BUB,2025-09-01,52,4909.34,13774.8,principal
SKU_1821_NAV,2025-09-01,52,4909.34,13774.8,principal
SKU_1822_ARM,2025-09-01,53,5436.58,16424.7,principal
SKU_1822_SEA,2025-09-01,146,14976.23,45245.4,principal
SKU_1823_MIN,2025-09-01,87,5612.54,16956.3,principal
SKU_1823_COR,2025-09-01,68,4386.81,13253.2,principal
SKU_1824_COR,2025-09-01,78,9241.37,28072.2,principal
SKU_1824_BLU,2025-09-01,133,15757.72,47866.7,principal
SKU_1825_MIN,2025-09-01,105,6045.59,18364.5,principal
SKU_1825_MIN,2025-09-01,105,6045.59,18364.5,principal
SKU_1826_SAP,2025-09-01,46,7383.09,22305.4,principal
SKU_1826_IVO,2025-09-01,55,8827.6,26669.5,principal
SKU_1827_PRI,2025-09-01,133,8243.1,25921.7,principal
SKU_1827_BUB,2025-09-01,118,7313.43,22998.2,principal
SKU_1828_FLA,2025-09-01,78,6322.83,19102.2,principal
SKU_1828_CER,2025-09-01,77,6241.77,18857.3,principal
SKU_1829_MOS,2025-09-01,59,5075.59,15334.1,principal
SKU_1829_HUN,2025-09-01,55,4731.48,14294.5,principal
SKU_1830_IVO,2025-09-01,83,7140.23,21571.7,principal
SKU_1830_NAV,2025-09-01,114,9807.07,29628.6,principal
SKU_1831_MID,2025-09-01,79,8709.68,26457.1,principal
SKU_1831_HOT,2025-09-01,68,7496.94,22773.2,principal
SKU_1832_COR,2025-09-01,54,5064.02,15924.6,principal
SKU_1832_MIN,2025-09-01,56,5251.58,16514.4,principal
SKU_1833_NAV,2025-09-01,87,6360.41,20001.3,principal
SKU_1833_LIG,2025-09-01,76,5556.22,17472.4,principal
SKU_1834_SAL,2025-09-01,55,7280.18,21994.5,principal
SKU_1834_MAG,2025-09-01,113,14957.46,45188.7,principal
SKU_1835_BIR,2025-09-01,54,3304.9,9984.6,principal
SKU_1835_BAB,2025-09-01,144,8813.07,26625.6,principal
SKU_1836_CRE,2025-09-01,49,11139.57,35030.1,principal
SKU_1836_MID,2025-09-01,111,25234.54,79353.9,principal
SKU_1837_SAP,2025-09-01,155,12751.4,38734.5,principal
SKU_1837_EGR,2025-09-01,121,9954.32,30237.9,principal
SKU_1838_DEN,2025-09-01,48,4548.77,15355.2,principal
SKU_1838_BAL,2025-09-01,85,8055.11,27191.5,principal
SKU_1839_DUS,2025-09-01,118,10333.87,34798.2,principal
SKU_1839_BAB,2025-09-01,50,4378.76,14745.0,principal
SKU_1840_LIM,2025-09-01,85,5211.43,18266.5,principal
SKU_1841_WHI,2025-09-01,133,6301.85,19271.7,principal
SKU_1841_LIM,2025-09-01,137,6491.38,19851.3,principal
SKU_1842_SAG,2025-09-01,94,17920.01,50280.6,principal
SKU_1842_POW,2025-09-01,129,24592.35,69002.1,principal
SKU_1843_BIR,2025-09-01,74,7468.22,22562.6,principal
SKU_1843_NAV,2025-09-01,117,11807.86,35673.3,principal
SKU_1844_BAL,2025-09-01,58,4797.58,14494.2,principal
SKU_1844_MOS,2025-09-01,72,5955.62,17992.8,principal
SKU_1845_BAL,2025-09-01,114,30938.11,93468.6,principal
SKU_1845_TUR,2025-09-01,54,14654.89,44274.6,principal
SKU_1846_PAS,2025-09-01,123,13685.99,43037.7,principal
SKU_1846_SEA,2025-09-01,76,8456.38,26592.4,principal
SKU_1847_PAS,2025-09-01,82,7285.79,22131.8,principal
SKU_1847_MYS,2025-09-01,143,12705.7,38595.7,principal
SKU_1848_BAL,2025-09-01,67,4405.17,14733.3,principal
SKU_1848_ARM,2025-09-01,151,9928.08,33204.9,principal
SKU_1849_BAB,2025-09-01,136,14005.24,44866.4,principal
SKU_1849_GAR,2025-09-01,81,8341.35,26721.9,principal
SKU_1850_DEE,2025-09-01,128,7718.66,26227.2,principal
SKU_1850_PRI,2025-09-01,151,9105.61,30939.9,principal
SKU_1851_DEE,2025-09-01,56,3935.25,12034.4,principal
SKU_1851_BLU,2025-09-01,51,3583.89,10959.9,principal
SKU_1852_BLA,2025-09-01,137,26052.19,68486.3,principal
SKU_1852_FOR,2025-09-01,83,15783.44,41491.7,principal
SKU_1853_ROS,2025-09-01,48,14297.61,43195.2,principal
SKU_1853_BLU,2025-09-01,69,20552.82,62093.1,principal
SKU_1854_NAV,2025-09-01,83,5079.76,15346.7,principal
SKU_1854_MID,2025-09-01,134,8201.05,24776.6,principal
SKU_1855_FLA,2025-09-01,127,11102.11,34912.3,principal
SKU_1855_AQU,2025-09-01,71,6206.69,19517.9,principal
SKU_1856_FLA,2025-09-01,81,8663.52,26316.9,principal
SKU_1856_PAS,2025-09-01,128,13690.51,41587.2,principal
SKU_1857_PAS,2025-09-01,56,4422.6,13434.4,principal
SKU_1857_IVO,2025-09-01,58,4580.55,13914.2,principal
SKU_1858_OLI,2025-09-01,82,21011.03,73791.8,principal
SKU_1859_LIG,2025-09-01,51,6694.43,21924.9,principal
SKU_1859_PEA,2025-09-01,113,14832.75,48578.7,principal
SKU_1860_BLA,2025-09-01,56,4788.52,17914.4,principal
SKU_1860_SPA,2025-09-01,123,10517.64,39347.7,principal
SKU_1861_DEE,2025-09-01,59,3415.23,11499.1,principal
SKU_1861_SAP,2025-09-01,130,7525.09,25337.0,principal
SKU_1862_PAS,2025-09-01,79,6332.19,17767.1,principal
SKU_1862_PIN,2025-09-01,135,10820.84,30361.5,principal
SKU_1863_MOS,2025-09-01,88,7424.73,22431.2,principal
SKU_1863_POW,2025-09-01,120,10124.63,30588.0,principal
SKU_1864_VAN,2025-09-01,121,6537.41,20557.9,principal
SKU_1864_BRI,2025-09-01,73,3944.06,12402.7,principal
SKU_1865_POW,2025-09-01,78,6198.52,19492.2,principal
SKU_1866_ROS,2025-09-01,75,8065.64,24367.5,principal
SKU_1866_DUS,2025-09-01,83,8925.98,26966.7,principal
SKU_1867_TEA,2025-09-01,78,5132.95,15592.2,principal
SKU_1867_LIG,2025-09-01,68,4474.88,13593.2,principal
SKU_1868_ARM,2025-09-01,119,31113.37,93998.1,principal
SKU_1868_SEA,2025-09-01,82,21439.47,64771.8,principal
SKU_1869_CRE,2025-09-01,62,9658.87,30373.8,principal
SKU_1869_AQU,2025-09-01,59,9191.5,28904.1,principal
SKU_1870_SAG,2025-09-01,68,5174.59,15633.2,principal
SKU_1870_AQU,2025-09-01,70,5326.78,16093.0,principal
SKU_1871_WHI,2025-09-01,69,4565.52,13793.1,principal
SKU_1871_SNO,2025-09-01,77,5094.85,15392.3,principal
SKU_1872_FRE,2025-09-01,79,22354.78,67537.1,principal
SKU_1872_SAP,2025-09-01,78,22071.81,66682.2,principal
SKU_1873_BAB,2025-09-01,88,13104.69,39591.2,principal
SKU_1873_BLA,2025-09-01,85,12657.94,38241.5,principal
SKU_1874_JAD,2025-09-01,61,4440.0,13413.9,principal
SKU_1874_GAR,2025-09-01,84,6114.1,18471.6,principal
SKU_1875_BAB,2025-09-01,54,3109.16,9444.6,principal
SKU_1875_BIR,2025-09-01,47,2706.12,8220.3,principal
SKU_1876_AQU,2025-09-01,73,4830.18,14592.7,principal
SKU_1876_CLO,2025-09-01,55,3639.18,10994.5,principal
SKU_1877_SAP,2025-09-01,48,8775.27,27595.2,principal
SKU_1877_TEA,2025-09-01,129,23583.55,74162.1,principal
SKU_1878_SEA,2025-09-01,71,10281.87,31232.9,principal
SKU_1878_ROS,2025-09-01,112,16219.29,49268.8,principal
SKU_1879_WHI,2025-09-01,69,6034.62,21038.1,principal
SKU_1880_DUS,2025-09-01,85,22167.74,72241.5,principal
SKU_1880_TUR,2025-09-01,76,19820.57,64592.4,principal
SKU_1881_CLO,2025-09-01,45,3144.15,11020.5,principal
SKU_1881_SNO,2025-09-01,55,3842.85,13469.5,principal
SKU_1882_TUR,2025-09-01,136,10668.83,32626.4,principal
SKU_1882_SPA,2025-09-01,46,3608.58,11035.4,principal
SKU_1883_ARM,2025-09-01,133,9772.15,29911.7,principal
SKU_1884_NAV,2025-09-01,86,10418.07,29231.4,principal
SKU_1884_FOR,2025-09-01,85,10296.93,28891.5,principal
SKU_1885_BLA,2025-09-01,47,8554.79,25845.3,principal
SKU_1885_MAG,2025-09-01,59,10739.0,32444.1,principal
SKU_1886_BAL,2025-09-01,67,4365.6,13728.3,principal
SKU_1886_CLO,2025-09-01,46,2997.28,9425.4,principal
SKU_1887_PAS,2025-09-01,64,4211.65,12793.6,principal
SKU_1888_SEA,2025-09-01,66,4056.84,13193.4,principal
SKU_1888_NAV,2025-09-01,46,2827.49,9195.4,principal
SKU_1889_MAR,2025-09-01,62,4854.64,16733.8,principal
SKU_1889_BIR,2025-09-01,153,11979.99,41294.7,principal
SKU_1890_TEA,2025-09-01,83,6385.54,21156.7,principal
SKU_1890_ROY,2025-09-01,46,3538.97,11725.4,principal
SKU_1891_MAR,2025-09-01,82,8746.93,27051.8,principal
SKU_1891_BUB,2025-09-01,122,13013.72,40247.8,principal
SKU_1892_AQU,2025-09-01,123,11709.38,35657.7,principal
SKU_1892_ROS,2025-09-01,124,11804.58,35947.6,principal
SKU_1893_BIR,2025-09-01,56,13774.39,35274.4,principal
SKU_1893_TEA,2025-09-01,53,13036.47,33384.7,principal
SKU_1894_IVO,2025-09-01,138,12488.6,37936.2,principal
SKU_1894_AQU,2025-09-01,53,4796.35,14569.7,principal
SKU_1895_PAS,2025-09-01,133,8580.08,25921.7,principal
SKU_1895_BRI,2025-09-01,47,3032.06,9160.3,principal
SKU_1896_ARM,2025-09-01,145,48470.15,146435.5,principal
SKU_1896_PAS,2025-09-01,51,17048.12,51504.9,principal
SKU_1897_JAD,2025-09-01,131,9785.46,30771.9,principal
SKU_1897_SHO,2025-09-01,58,4332.5,13624.2,principal
SKU_1898_EME,2025-09-01,43,6062.61,20850.7,principal
SKU_1898_WHI,2025-09-01,46,6485.59,22305.4,principal
SKU_1899_SAG,2025-09-01,58,4060.58,13044.2,principal
SKU_1899_SAP,2025-09-01,82,5740.82,18441.8,principal
SKU_1900_HON,2025-09-01,40,4972.88,16996.0,principal
SKU_1900_FRE,2025-09-01,123,15291.6,52262.7,principal
SKU_1901_LIM,2025-09-01,73,5419.51,17147.7,principal
SKU_1901_MIN,2025-09-01,131,9725.43,30771.9,principal
SKU_1902_BLU,2025-09-01,44,12414.66,36515.6,principal
SKU_1902_HOT,2025-09-01,81,22854.27,67221.9,principal
SKU_1903_PAS,2025-09-01,136,16327.6,44866.4,principal
SKU_1903_DUS,2025-09-01,76,9124.25,25072.4,principal
SKU_1904_SNO,2025-09-01,129,34917.9,96092.1,principal
SKU_1905_WHI,2025-09-01,128,15248.24,46067.2,principal
SKU_1905_PRI,2025-09-01,85,10125.79,30591.5,principal
SKU_1906_SHO,2025-09-01,55,5368.65,16219.5,principal
SKU_1906_NAV,2025-09-01,122,11908.65,35977.8,principal
SKU_1907_BLA,2025-09-01,138,11099.79,37936.2,principal
SKU_1907_TEA,2025-09-01,45,3619.5,12370.5,principal
SKU_1908_MID,2025-09-01,53,4941.97,16689.7,principal
SKU_1909_SPA,2025-09-01,45,6883.12,20245.5,principal
SKU_1909_PEA,2025-09-01,115,17590.18,51738.5,principal
SKU_1910_MID,2025-09-01,60,15340.97,44994.0,principal
SKU_1911_RAS,2025-09-01,55,4584.19,11819.5,principal
SKU_1911_LIG,2025-09-01,53,4417.49,11389.7,principal
SKU_1912_PAS,2025-09-01,73,9249.76,28097.7,principal
SKU_1912_MEX,2025-09-01,67,8489.51,25788.3,principal
SKU_1913_PIS,2025-09-01,142,10055.06,27675.8,principal
SKU_1913_MYS,2025-09-01,129,9134.52,25142.1,principal
SKU_1914_SNO,2025-09-01,135,9955.05,26986.5,principal
SKU_1914_BIR,2025-09-01,114,8406.48,22788.6,principal
SKU_1915_SPA,2025-09-01,78,34024.62,90862.2,principal
SKU_1915_DUS,2025-09-01,125,54526.63,145612.5,principal
SKU_1916_TUR,2025-09-01,74,6243.52,18862.6,principal
SKU_1916_HOT,2025-09-01,123,10377.74,31352.7,principal
SKU_1917_IVO,2025-09-01,51,6328.69,19119.9,principal
SKU_1917_LIG,2025-09-01,135,16752.41,50611.5,principal
SKU_1918_SKY,2025-09-01,124,8204.7,24787.6,principal
SKU_1919_COB,2025-09-01,54,12152.53,36714.6,principal
SKU_1919_PEA,2025-09-01,134,30156.28,91106.6,principal
SKU_1920_NAV,2025-09-01,141,11831.74,35940.9,principal
SKU_1920_GAR,2025-09-01,115,9650.0,29313.5,principal
SKU_1921_PIN,2025-09-01,70,5562.77,17493.0,principal
SKU_1921_VAN,2025-09-01,116,9218.31,28988.4,principal
SKU_1922_TEA,2025-09-01,117,23881.46,81303.3,principal
SKU_1922_BLU,2025-09-01,82,16737.44,56981.8,principal
SKU_1923_TUR,2025-09-01,130,7258.72,24687.0,principal
SKU_1923_PEA,2025-09-01,85,4746.09,16141.5,principal
SKU_1924_BIR,2025-09-01,129,24483.44,83192.1,principal
SKU_1924_TEA,2025-09-01,84,15942.7,54171.6,principal
SKU_1925_PIN,2025-09-01,117,13533.78,42693.3,principal
SKU_1925_PRI,2025-09-01,143,16541.28,52180.7,principal
SKU_1926_SHO,2025-09-01,87,8932.29,23481.3,principal
SKU_1926_IVO,2025-09-01,127,13039.08,34277.3,principal
SKU_1927_CER,2025-09-01,53,6042.53,15894.7,principal
SKU_1927_FUC,2025-09-01,53,6042.53,15894.7,principal
SKU_1928_COR,2025-09-01,80,8293.21,25192.0,principal
SKU_1928_BLU,2025-09-01,120,12439.81,37788.0,principal
SKU_1929_COB,2025-09-01,81,7863.57,23886.9,principal
SKU_1929_PEA,2025-09-01,57,5533.62,16809.3,principal
SKU_1930_SHO,2025-09-01,145,31671.9,95685.5,principal
SKU_1931_MID,2025-09-01,56,13732.38,41714.4,principal
SKU_1931_COR,2025-09-01,48,11770.61,35755.2,principal
SKU_1932_NAV,2025-09-01,78,4515.05,15202.2,principal
SKU_1932_COB,2025-09-01,126,7293.55,24557.4,principal
SKU_1933_GAR,2025-09-01,109,7926.39,24514.1,principal
SKU_1933_SNO,2025-09-01,137,9962.53,30811.3,principal
SKU_1934_HON,2025-09-01,90,6252.41,23391.0,principal
SKU_1934_COB,2025-09-01,135,9378.62,35086.5,principal
SKU_1935_DEN,2025-09-01,62,3535.75,11153.8,principal
SKU_1935_HOT,2025-09-01,58,3307.64,10434.2,principal
SKU_1936_HON,2025-09-01,86,4383.66,11171.4,principal
SKU_1937_BUB,2025-09-01,45,3126.46,9445.5,principal
SKU_1937_MIN,2025-09-01,126,8754.09,26447.4,principal
SKU_1938_CRE,2025-09-01,125,37233.36,112487.5,principal
SKU_1939_ROS,2025-09-01,79,4017.01,12632.1,principal
SKU_1939_LIG,2025-09-01,90,4576.34,14391.0,principal
SKU_1940_HUN,2025-09-01,138,49286.57,149716.2,principal
SKU_1940_BIR,2025-09-01,124,44286.49,134527.6,principal
SKU_1941_MIN,2025-09-01,162,55991.59,170083.8,principal
SKU_1941_MIN,2025-09-01,162,55991.59,170083.8,principal
SKU_1942_MYS,2025-09-01,124,47661.27,146927.6,principal
SKU_1942_SAL,2025-09-01,134,51504.92,158776.6,principal
SKU_1943_FUC,2025-09-01,86,6943.88,24071.4,principal
SKU_1943_AQU,2025-09-01,93,7509.08,26030.7,principal
SKU_1944_FUC,2025-09-01,81,10268.23,32391.9,principal
SKU_1944_PIS,2025-09-01,129,16353.11,51587.1,principal
SKU_1945_BAB,2025-09-01,121,7652.65,26002.9,principal
SKU_1945_BRI,2025-09-01,58,3668.21,12464.2,principal
SKU_1946_PEA,2025-09-01,120,15402.4,48588.0,principal
SKU_1946_BUB,2025-09-01,81,10396.62,32796.9,principal
SKU_1947_SKY,2025-09-01,54,9036.25,23754.6,principal
SKU_1947_CLE,2025-09-01,137,22925.3,60266.3,principal
SKU_1948_WHI,2025-09-01,46,3027.13,9195.4,principal
SKU_1948_PAL,2025-09-01,68,4474.88,13593.2,principal
SKU_1949_VAN,2025-09-01,72,3908.53,11872.8,principal
SKU_1949_SKY,2025-09-01,52,2822.82,8574.8,principal
SKU_1950_BLU,2025-09-01,134,17679.72,55596.6,principal
SKU_1950_FLA,2025-09-01,43,5673.34,17840.7,principal
SKU_1951_COR,2025-09-01,44,3692.18,11215.6,principal
SKU_1951_GAR,2025-09-01,83,6964.79,21156.7,principal
SKU_1952_TUR,2025-09-01,50,3372.65,10245.0,principal
SKU_1952_PIS,2025-09-01,85,5733.51,17416.5,principal
SKU_1953_LIM,2025-09-01,68,4411.96,15973.2,principal
SKU_1954_WHI,2025-09-01,49,3064.75,10285.1,principal
SKU_1954_ROY,2025-09-01,67,4190.58,14063.3,principal
SKU_1955_FRE,2025-09-01,90,24054.59,89991.0,principal
SKU_1955_SAL,2025-09-01,74,19778.22,73992.6,principal
SKU_1956_CLO,2025-09-01,112,6982.11,23508.8,principal
SKU_1956_PEA,2025-09-01,87,5423.61,18261.3,principal
SKU_1957_PEA,2025-09-01,42,2842.58,7975.8,principal
SKU_1957_CRE,2025-09-01,76,5143.71,14432.4,principal
SKU_1958_PAS,2025-09-01,51,3121.3,9429.9,principal
SKU_1958_BLU,2025-09-01,131,8017.45,24221.9,principal
SKU_1959_TUR,2025-09-01,131,30822.75,96926.9,principal
SKU_1959_WHI,2025-09-01,79,18587.77,58452.1,principal
SKU_1960_NAV,2025-09-01,69,3972.82,12068.1,principal
SKU_1960_BAL,2025-09-01,86,4951.63,15041.4,principal
SKU_1961_LIG,2025-09-01,78,10711.89,32362.2,principal
SKU_1961_SHO,2025-09-01,114,15655.84,47298.6,principal
SKU_1962_FRE,2025-09-01,82,5801.1,17621.8,principal
SKU_1962_LIG,2025-09-01,126,8913.88,27077.4,principal
SKU_1963_SER,2025-09-01,82,16077.41,56981.8,principal
SKU_1963_IVO,2025-09-01,143,28037.44,99370.7,principal
SKU_1964_SAL,2025-09-01,123,11038.51,36272.7,principal
SKU_1964_BRI,2025-09-01,72,6461.57,21232.8,principal
SKU_1965_GAR,2025-09-01,69,4624.17,16208.1,principal
SKU_1965_DEN,2025-09-01,66,4423.12,15503.4,principal
SKU_1966_FOR,2025-09-01,58,11625.83,39144.2,principal
SKU_1966_CER,2025-09-01,78,15634.73,52642.2,principal
SKU_1967_PAL,2025-09-01,68,5200.56,13253.2,principal
SKU_1967_BAB,2025-09-01,81,6194.78,15786.9,principal
SKU_1968_JAD,2025-09-01,139,8046.97,24311.1,principal
SKU_1968_PAS,2025-09-01,58,3357.73,10144.2,principal
SKU_1969_SER,2025-09-01,127,17230.97,52057.3,principal
SKU_1969_SNO,2025-09-01,87,11803.89,35661.3,principal
SKU_1970_PEA,2025-09-01,74,18117.29,56972.6,principal
SKU_1970_TUR,2025-09-01,48,11751.75,36955.2,principal
SKU_1971_RAS,2025-09-01,50,13660.15,41495.0,principal
SKU_1971_PIN,2025-09-01,71,19397.42,58922.9,principal
SKU_1972_PAS,2025-09-01,120,13699.43,41388.0,principal
SKU_1972_AQU,2025-09-01,63,7192.2,21728.7,principal
SKU_1973_SKY,2025-09-01,82,8341.71,26231.8,principal
SKU_1973_MYS,2025-09-01,64,6510.6,20473.6,principal
SKU_1974_JAD,2025-09-01,138,8772.41,27586.2,principal
SKU_1974_MIN,2025-09-01,119,7564.62,23788.1,principal
SKU_1975_MYS,2025-09-01,138,19523.99,61396.2,principal
SKU_1976_JAD,2025-09-01,53,9419.96,28614.7,principal
SKU_1977_NAV,2025-09-01,56,3983.39,12034.4,principal
SKU_1977_TEA,2025-09-01,81,5761.68,17406.9,principal
SKU_1978_BAL,2025-09-01,113,9347.01,28238.7,principal
SKU_1978_ROS,2025-09-01,129,10670.48,32237.1,principal
SKU_1979_MAR,2025-09-01,74,4773.88,14422.6,principal
SKU_1979_DEN,2025-09-01,44,2838.52,8575.6,principal
SKU_1980_DEN,2025-09-01,132,6731.09,20446.8,principal
SKU_1980_DEE,2025-09-01,118,6017.18,18278.2,principal
SKU_1981_FOR,2025-09-01,51,8350.65,26259.9,principal
SKU_1981_SEA,2025-09-01,136,22268.4,70026.4,principal
SKU_1982_PIS,2025-09-01,54,3998.0,12144.6,principal
SKU_1982_VAN,2025-09-01,120,8884.45,26988.0,principal
SKU_1983_SAP,2025-09-01,135,9654.96,30361.5,principal
SKU_1984_PIN,2025-09-01,76,7229.52,22792.4,principal
SKU_1984_PAS,2025-09-01,112,10654.03,33588.8,principal
SKU_1985_WHI,2025-09-01,51,6030.44,20904.9,principal
SKU_1985_PAS,2025-09-01,49,5793.95,20085.1,principal
SKU_1986_BUB,2025-09-01,145,8957.17,30435.5,principal
SKU_1986_TEA,2025-09-01,117,7227.51,24558.3,principal
SKU_1987_MYS,2025-09-01,125,44376.04,139987.5,principal
SKU_1987_CLO,2025-09-01,93,33015.77,104150.7,principal
SKU_1988_WHI,2025-09-01,99,16001.56,42065.1,principal
SKU_1988_WHI,2025-09-01,99,16001.56,42065.1,principal
SKU_1989_HOT,2025-09-01,58,6680.85,20294.2,principal
SKU_1989_MAG,2025-09-01,138,15895.82,48286.2,principal
SKU_1990_LIM,2025-09-01,106,6311.97,19069.4,principal
SKU_1990_IVO,2025-09-01,66,3930.1,11873.4,principal
SKU_1991_GAR,2025-09-01,129,12302.5,38687.1,principal
SKU_1991_PIN,2025-09-01,51,4863.78,15294.9,principal
SKU_1992_BAL,2025-09-01,130,39582.02,120237.0,principal
SKU_1992_DEE,2025-09-01,87,26489.51,80466.3,principal
SKU_1993_SAP,2025-09-01,119,7753.83,24383.1,principal
SKU_1993_MEX,2025-09-01,74,4821.71,15162.6,principal
SKU_1994_COB,2025-09-01,30,2212.42,8097.0,principal
SKU_1994_LIM,2025-09-01,98,7227.25,26450.2,principal
SKU_1995_WHI,2025-09-01,131,9358.04,30771.9,principal
SKU_1995_EME,2025-09-01,76,5429.09,17852.4,principal
SKU_1996_SHO,2025-09-01,49,3207.63,12000.1,principal
SKU_1996_BLA,2025-09-01,61,3993.17,14938.9,principal
SKU_1997_MID,2025-09-01,48,2889.52,9115.2,principal
SKU_1997_SPA,2025-09-01,108,6501.42,20509.2,principal
SKU_1998_COR,2025-09-01,77,10395.3,27327.3,principal
SKU_1998_SAL,2025-09-01,127,17145.5,45072.3,principal
SKU_1999_COB,2025-09-01,140,10885.27,32886.0,principal
SKU_1999_SKY,2025-09-01,75,5831.39,17617.5,principal
SKU_2000_SHO,2025-09-01,135,9550.59,29011.5,principal
SKU_2000_SAG,2025-09-01,37,2617.57,7951.3,principal
SKU_2001_DEN,2025-09-01,132,16156.56,50806.8,principal
SKU_2001_MAR,2025-09-01,111,13586.2,42723.9,principal
SKU_2002_WHI,2025-09-01,131,8836.35,26841.9,principal
SKU_2002_VAN,2025-09-01,56,3777.37,11474.4,principal
SKU_2003_BAL,2025-09-01,73,5796.7,17512.7,principal
SKU_2003_FOR,2025-09-01,133,10561.12,31906.7,principal
SKU_2004_MIN,2025-09-01,123,7722.87,27662.7,principal
SKU_2004_AQU,2025-09-01,68,4269.56,15293.2,principal
SKU_2005_FUC,2025-09-01,50,2537.94,8995.0,principal
SKU_2005_TEA,2025-09-01,79,4009.94,14212.1,principal
SKU_2006_PRI,2025-09-01,84,20317.9,76011.6,principal
SKU_2006_DEN,2025-09-01,56,13545.27,50674.4,principal
SKU_2007_LIG,2025-09-01,120,7480.84,25188.0,principal
SKU_2007_SAG,2025-09-01,49,3054.67,10285.1,principal
SKU_2008_HOT,2025-09-01,121,10561.17,29632.9,principal
SKU_2008_SAL,2025-09-01,57,4975.09,13959.3,principal
SKU_2009_WHI,2025-09-01,46,4370.09,11495.4,principal
SKU_2009_DUS,2025-09-01,122,11590.24,30487.8,principal
SKU_2010_SPA,2025-09-01,125,38060.86,114987.5,principal
SKU_2010_BIR,2025-09-01,119,36233.94,109468.1,principal
SKU_2011_TUR,2025-09-01,49,4111.74,12490.1,principal
SKU_2011_PIN,2025-09-01,50,4195.65,12745.0,principal
SKU_2012_ROY,2025-09-01,81,21118.98,66411.9,principal
SKU_2012_SKY,2025-09-01,128,33373.21,104947.2,principal
SKU_2013_TEA,2025-09-01,114,6977.02,21078.6,principal
SKU_2013_MYS,2025-09-01,76,4651.34,14052.4,principal
SKU_2014_BLA,2025-09-01,138,14532.93,44146.2,principal
SKU_2015_OLI,2025-09-01,72,7209.95,22672.8,principal
SKU_2015_HUN,2025-09-01,120,12016.58,37788.0,principal
SKU_2016_SAP,2025-09-01,71,5256.63,15967.9,principal
SKU_2016_PEA,2025-09-01,51,3775.89,11469.9,principal
SKU_2017_SHO,2025-09-01,74,6940.39,21082.6,principal
SKU_2017_FRE,2025-09-01,126,11817.42,35897.4,principal
SKU_2018_OFF,2025-09-01,49,7741.17,23515.1,principal
SKU_2018_BAB,2025-09-01,81,12796.63,38871.9,principal
SKU_2019_SAG,2025-09-01,125,22752.11,68737.5,principal
SKU_2020_FOR,2025-09-01,56,4183.1,13154.4,principal
SKU_2020_BAB,2025-09-01,128,9561.37,30067.2,principal
SKU_2021_NAV,2025-09-01,48,3017.13,9115.2,principal
SKU_2021_SAL,2025-09-01,146,9177.11,27725.4,principal
SKU_2022_SHO,2025-09-01,47,4183.39,13155.3,principal
SKU_2023_MID,2025-09-01,126,6668.79,20147.4,principal
SKU_2024_MIN,2025-09-01,91,11138.24,35025.9,principal
SKU_2024_LIG,2025-09-01,88,10771.04,33871.2,principal
SKU_2025_BAB,2025-09-01,53,3708.05,12184.7,principal
SKU_2025_SAP,2025-09-01,132,9235.14,30346.8,principal
SKU_2026_HON,2025-09-01,46,14567.46,47375.4,principal
SKU_2026_ROY,2025-09-01,118,37368.71,121528.2,principal
SKU_2027_CLE,2025-09-01,54,5390.63,18894.6,principal
SKU_2027_MAR,2025-09-01,92,9184.04,32190.8,principal
SKU_2028_PIS,2025-09-01,131,9528.32,32081.9,principal
SKU_2028_PAL,2025-09-01,109,7928.15,26694.1,principal
SKU_2029_BAB,2025-09-01,54,18742.02,52104.6,principal
SKU_2029_PRI,2025-09-01,65,22559.84,62718.5,principal
SKU_2030_SER,2025-09-01,91,11939.2,31385.9,principal
SKU_2030_BRI,2025-09-01,139,18236.79,47941.1,principal
SKU_2031_SNO,2025-09-01,120,16211.57,41988.0,principal
SKU_2031_NAV,2025-09-01,50,6754.82,17495.0,principal
SKU_2032_LIM,2025-09-01,76,6377.39,19372.4,principal
SKU_2032_WHI,2025-09-01,131,10992.61,33391.9,principal
SKU_2033_PRI,2025-09-01,134,13307.61,41526.6,principal
SKU_2033_RAS,2025-09-01,104,10328.3,32229.6,principal
SKU_2034_DUS,2025-09-01,85,4637.37,14441.5,principal
SKU_2034_PAS,2025-09-01,68,3709.89,11553.2,principal
SKU_2035_AQU,2025-09-01,116,7677.82,26088.4,principal
SKU_2036_SPA,2025-09-01,118,9256.78,28308.2,principal
SKU_2036_MAR,2025-09-01,56,4393.05,13434.4,principal
SKU_2037_SNO,2025-09-01,66,17051.39,47843.4,principal
SKU_2037_SEA,2025-09-01,132,34102.78,95686.8,principal
SKU_2038_OFF,2025-09-01,32,12020.86,36316.8,principal
SKU_2038_COB,2025-09-01,129,48459.1,146402.1,principal
SKU_2039_OLI,2025-09-01,47,15944.37,48170.3,principal
SKU_2039_EME,2025-09-01,83,28157.08,85066.7,principal
SKU_2040_BIR,2025-09-01,88,8589.85,25951.2,principal
SKU_2040_MIN,2025-09-01,54,5271.04,15924.6,principal
SKU_2041_POW,2025-09-01,49,3547.16,10775.1,principal
SKU_2041_MOS,2025-09-01,72,5212.16,15832.8,principal
SKU_2042_WHI,2025-09-01,57,14431.37,43599.3,principal
SKU_2042_SER,2025-09-01,123,31141.37,94082.7,principal
SKU_2043_ROS,2025-09-01,46,4818.98,16095.4,principal
SKU_2043_WHI,2025-09-01,80,8380.84,27992.0,principal
SKU_2044_PAS,2025-09-01,55,4008.01,13744.5,principal
SKU_2044_COB,2025-09-01,67,4882.49,16743.3,principal
SKU_2045_AQU,2025-09-01,79,4531.37,15397.1,principal
SKU_2045_MID,2025-09-01,52,2982.67,10134.8,principal
SKU_2046_BLA,2025-09-01,53,8105.04,27289.7,principal
SKU_2046_MAR,2025-09-01,81,12386.95,41706.9,principal
SKU_2047_HUN,2025-09-01,127,54344.82,142862.3,principal
SKU_2047_FUC,2025-09-01,69,29525.93,77618.1,principal
SKU_2048_MAR,2025-09-01,73,9249.76,28097.7,principal
SKU_2048_FOR,2025-09-01,49,6208.74,18860.1,principal
SKU_2049_TEA,2025-09-01,42,2870.2,9025.8,principal
SKU_2050_MOS,2025-09-01,145,21832.93,65960.5,principal
SKU_2050_BLU,2025-09-01,57,8582.6,25929.3,principal
SKU_2051_FOR,2025-09-01,49,12419.1,37725.1,principal
SKU_2051_MEX,2025-09-01,73,18501.93,56202.7,principal
SKU_2052_NAV,2025-09-01,123,11730.29,36887.7,principal
SKU_2052_FLA,2025-09-01,83,7915.56,24891.7,principal
SKU_2053_DEN,2025-09-01,139,14685.76,48636.1,principal
SKU_2053_EGR,2025-09-01,86,9086.15,30091.4,principal
SKU_2054_SAL,2025-09-01,138,17106.16,56566.2,principal
SKU_2055_RAS,2025-09-01,142,17456.24,65305.8,principal
SKU_2056_DEN,2025-09-01,137,46362.49,141781.3,principal
SKU_2056_SKY,2025-09-01,133,45008.84,137641.7,principal
SKU_2057_SNO,2025-09-01,148,53197.11,139845.2,principal
SKU_2057_VAN,2025-09-01,69,24801.36,65198.1,principal
SKU_2058_BUB,2025-09-01,133,9190.18,27916.7,principal
SKU_2058_MOS,2025-09-01,121,8360.99,25397.9,principal
SKU_2059_WHI,2025-09-01,76,15465.1,48632.4,principal
SKU_2060_MEX,2025-09-01,132,39243.36,123406.8,principal
SKU_2060_VAN,2025-09-01,128,38054.17,119667.2,principal
SKU_2061_POW,2025-09-01,77,5320.63,16162.3,principal
SKU_2061_BRI,2025-09-01,122,8430.09,25607.8,principal
SKU_2062_BAB,2025-09-01,118,5434.5,16508.2,principal
SKU_2062_DUS,2025-09-01,76,3500.19,10632.4,principal
SKU_2063_SHO,2025-09-01,83,6041.31,18251.7,principal
SKU_2064_PIS,2025-09-01,121,15929.3,48387.9,principal
SKU_2064_SAP,2025-09-01,109,14349.53,43589.1,principal
SKU_2065_OFF,2025-09-01,124,8160.08,24787.6,principal
SKU_2065_DUS,2025-09-01,128,8423.31,25587.2,principal
SKU_2066_TEA,2025-09-01,66,10374.67,31343.4,principal
SKU_2066_BLA,2025-09-01,82,12889.74,38941.8,principal
SKU_2067_MIN,2025-09-01,114,12684.57,39888.6,principal
SKU_2067_DUS,2025-09-01,80,8901.46,27992.0,principal
SKU_2068_IVO,2025-09-01,73,9730.39,29557.7,principal
SKU_2068_HON,2025-09-01,47,6264.77,19030.3,principal
SKU_2069_TEA,2025-09-01,115,8041.74,25288.5,principal
SKU_2069_BUB,2025-09-01,85,5943.9,18691.5,principal
SKU_2070_COR,2025-09-01,138,9762.82,29656.2,principal
SKU_2070_SPA,2025-09-01,58,4103.21,12464.2,principal
SKU_2071_PAS,2025-09-01,70,5989.14,18193.0,principal
SKU_2071_PEA,2025-09-01,52,4449.07,13514.8,principal
SKU_2072_BAB,2025-09-01,138,12328.49,37246.2,principal
SKU_2072_MIN,2025-09-01,53,4734.86,14304.7,principal
SKU_2073_HUN,2025-09-01,133,12692.87,38556.7,principal
SKU_2073_PAL,2025-09-01,65,6203.28,18843.5,principal
SKU_2074_PAS,2025-09-01,65,4778.93,17218.5,principal
SKU_2074_ARM,2025-09-01,78,5734.72,20662.2,principal
SKU_2075_COB,2025-09-01,102,7266.69,24469.8,principal
SKU_2075_COR,2025-09-01,75,5343.15,17992.5,principal
SKU_2076_MIN,2025-09-01,81,10282.2,38466.9,principal
SKU_2076_SAG,2025-09-01,84,10663.02,39891.6,principal
SKU_2077_MOS,2025-09-01,138,9246.32,28276.2,principal
SKU_2077_PIS,2025-09-01,104,6968.24,21309.6,principal
SKU_2078_ARM,2025-09-01,50,4562.9,11995.0,principal
SKU_2078_CLE,2025-09-01,131,11954.79,31426.9,principal
SKU_2079_TUR,2025-09-01,87,30642.36,93081.3,principal
SKU_2079_WHI,2025-09-01,129,45435.23,138017.1,principal
SKU_2080_FLA,2025-09-01,113,8924.18,27108.7,principal
SKU_2080_VAN,2025-09-01,69,5449.28,16553.1,principal
SKU_2081_PAL,2025-09-01,52,6447.39,20274.8,principal
SKU_2081_HUN,2025-09-01,127,15746.5,49517.3,principal
SKU_2082_PAS,2025-09-01,146,24641.43,74445.4,principal
SKU_2082_HON,2025-09-01,122,20590.78,62207.8,principal
SKU_2083_GAR,2025-09-01,130,10052.78,30537.0,principal
SKU_2083_VAN,2025-09-01,38,2938.51,8926.2,principal
SKU_2084_MAR,2025-09-01,133,10456.18,33901.7,principal
SKU_2084_GAR,2025-09-01,91,7154.23,23195.9,principal
SKU_2085_ARM,2025-09-01,74,10507.92,33662.6,principal
SKU_2085_OLI,2025-09-01,132,18743.86,60046.8,principal
SKU_2086_SHO,2025-09-01,111,9639.88,36063.9,principal
SKU_2086_MAG,2025-09-01,132,11463.64,42886.8,principal
SKU_2087_DEN,2025-09-01,54,4412.73,13494.6,principal
SKU_2087_CER,2025-09-01,52,4249.3,12994.8,principal
SKU_2088_VAN,2025-09-01,142,59142.99,155475.8,principal
SKU_2088_DUS,2025-09-01,136,56643.99,148906.4,principal
SKU_2089_EGR,2025-09-01,55,9009.65,27219.5,principal
SKU_2089_CLO,2025-09-01,153,25063.22,75719.7,principal
SKU_2090_LIG,2025-09-01,132,11574.01,34966.8,principal
SKU_2090_BUB,2025-09-01,55,4822.5,14569.5,principal
SKU_2091_BIR,2025-09-01,46,3652.72,11035.4,principal
SKU_2091_AQU,2025-09-01,64,5082.04,15353.6,principal
SKU_2092_EGR,2025-09-01,74,6468.95,20342.6,principal
SKU_2092_FUC,2025-09-01,51,4458.33,14019.9,principal
SKU_2093_SKY,2025-09-01,56,4146.08,12594.4,principal
SKU_2093_MYS,2025-09-01,141,10439.23,31710.9,principal
SKU_2094_MYS,2025-09-01,116,6518.34,21448.4,principal
SKU_2094_OLI,2025-09-01,80,4495.41,14792.0,principal
SKU_2095_CLO,2025-09-01,54,3955.49,12954.6,principal
SKU_2095_SEA,2025-09-01,54,3955.49,12954.6,principal
SKU_2096_TEA,2025-09-01,48,3671.45,12475.2,principal
SKU_2096_SNO,2025-09-01,63,4818.78,16373.7,principal
SKU_2097_ROS,2025-09-01,126,7480.66,25187.4,principal
SKU_2098_EME,2025-09-01,74,8563.19,21822.6,principal
SKU_2098_SPA,2025-09-01,52,6017.38,15334.8,principal
SKU_2100_BLU,2025-09-01,58,19378.09,58864.2,principal
SKU_2100_MAG,2025-09-01,121,40426.71,122802.9,principal
SKU_2101_PAS,2025-09-01,129,10456.99,31592.1,principal
SKU_2101_BUB,2025-09-01,139,11267.6,34041.1,principal
SKU_2102_CLO,2025-09-01,75,17765.86,55867.5,principal
SKU_2103_RAS,2025-09-01,105,15689.96,49339.5,principal
SKU_2103_FUC,2025-09-01,51,7620.84,23964.9,principal
SKU_2104_LIG,2025-09-01,82,5864.49,18441.8,principal
SKU_2104_PEA,2025-09-01,53,3790.46,11919.7,principal
SKU_2105_RAS,2025-09-01,146,15780.88,49625.4,principal
SKU_2105_LIG,2025-09-01,85,9187.5,28891.5,principal
SKU_2106_HON,2025-09-01,46,3557.14,10805.4,principal
SKU_2106_FUC,2025-09-01,46,3557.14,10805.4,principal
SKU_2107_SNO,2025-09-01,67,9423.01,28468.3,principal
SKU_2107_WHI,2025-09-01,111,15611.25,47163.9,principal
SKU_2108_BLU,2025-09-01,77,7343.35,23092.3,principal
SKU_2108_MAR,2025-09-01,138,13160.81,41386.2,principal
SKU_2109_TEA,2025-09-01,85,8646.9,27191.5,principal
SKU_2109_WHI,2025-09-01,57,5798.51,18234.3,principal
SKU_2110_SPA,2025-09-01,51,3566.34,11214.9,principal
SKU_2110_TEA,2025-09-01,77,5384.47,16932.3,principal
SKU_2111_SNO,2025-09-01,57,4257.8,13389.3,principal
SKU_2111_ARM,2025-09-01,139,10383.05,32651.1,principal
SKU_2112_MID,2025-09-01,78,8306.86,26122.2,principal
SKU_2112_TEA,2025-09-01,62,6602.89,20763.8,principal
SKU_2113_DUS,2025-09-01,47,2565.35,7750.3,principal
SKU_2113_NAV,2025-09-01,114,6222.34,18798.6,principal
SKU_2114_DUS,2025-09-01,67,8307.21,26123.3,principal
SKU_2114_BIR,2025-09-01,87,10786.97,33921.3,principal
SKU_2115_CER,2025-09-01,157,19084.58,60429.3,principal
SKU_2115_PEA,2025-09-01,133,16167.19,51191.7,principal
SKU_2116_SNO,2025-09-01,47,5651.85,17855.3,principal
SKU_2116_BLA,2025-09-01,126,15151.76,47867.4,principal
SKU_2117_RAS,2025-09-01,78,16051.95,60052.2,principal
SKU_2117_SAL,2025-09-01,128,26341.67,98547.2,principal
SKU_1000_COR,2025-10-01,0,0.0,0.0,principal
SKU_1000_EME,2025-10-01,134,8007.44,27456.6,principal
SKU_1000_ROY,2025-10-01,179,10696.51,36677.1,principal
SKU_1001_AQU,2025-10-01,92,23113.64,86470.8,principal
SKU_1001_SAP,2025-10-01,165,41453.82,155083.5,principal
SKU_1002_COR,2025-10-01,63,4839.17,14798.7,principal
SKU_1002_MYS,2025-10-01,59,4531.93,13859.1,principal
SKU_1003_SNO,2025-10-01,120,17182.41,43788.0,principal
SKU_1003_DUS,2025-10-01,160,22909.88,58384.0,principal
SKU_1004_FOR,2025-10-01,0,0.0,0.0,principal
SKU_1004_MEX,2025-10-01,97,11058.97,29090.3,principal
SKU_1005_OLI,2025-10-01,0,0.0,0.0,principal
SKU_1005_MYS,2025-10-01,0,0.0,0.0,principal
SKU_1006_MOS,2025-10-01,90,5434.94,17091.0,principal
SKU_1006_FOR,2025-10-01,81,4891.44,15381.9,principal
SKU_1007_COB,2025-10-01,148,13879.17,43645.2,principal
SKU_1007_FOR,2025-10-01,130,12191.17,38337.0,principal
SKU_1008_MEX,2025-10-01,146,15701.12,47435.4,principal
SKU_1008_WHI,2025-10-01,123,13227.65,39962.7,principal
SKU_1009_BAB,2025-10-01,169,24035.27,87018.1,principal
SKU_1009_MAG,2025-10-01,0,0.0,0.0,principal
SKU_1010_SNO,2025-10-01,120,13584.31,45588.0,principal
SKU_1010_BRI,2025-10-01,0,0.0,0.0,principal
SKU_1011_CER,2025-10-01,72,5001.93,18712.8,principal
SKU_1011_MIN,2025-10-01,54,3751.45,14034.6,principal
SKU_1012_VAN,2025-10-01,124,35719.48,120267.6,principal
SKU_1012_CLO,2025-10-01,157,45225.47,152274.3,principal
SKU_1013_LIG,2025-10-01,92,6295.92,16550.8,principal
SKU_1013_LIG,2025-10-01,92,6295.92,16550.8,principal
SKU_1014_FLA,2025-10-01,135,17869.53,53986.5,principal
SKU_1014_MIN,2025-10-01,155,20516.87,61984.5,principal
SKU_1015_ROY,2025-10-01,152,47036.69,142104.8,principal
SKU_1015_TUR,2025-10-01,51,15782.05,47679.9,principal
SKU_1016_HON,2025-10-01,55,3912.25,11819.5,principal
SKU_1016_SNO,2025-10-01,0,0.0,0.0,principal
SKU_1017_PAS,2025-10-01,164,7817.58,24583.6,principal
SKU_1017_BAL,2025-10-01,87,4147.13,13041.3,principal
SKU_1018_TEA,2025-10-01,158,6024.26,18944.2,principal
SKU_1018_ARM,2025-10-01,165,6291.15,19783.5,principal
SKU_1019_NAV,2025-10-01,65,5348.93,17218.5,principal
SKU_1019_GAR,2025-10-01,81,6665.59,21456.9,principal
SKU_1020_NAV,2025-10-01,54,3285.01,10794.6,principal
SKU_1020_LIG,2025-10-01,100,6083.36,19990.0,principal
SKU_1021_CRE,2025-10-01,87,6625.38,24786.3,principal
SKU_1021_PAS,2025-10-01,176,13403.06,50142.4,principal
SKU_1022_PAL,2025-10-01,142,14854.24,45425.8,principal
SKU_1022_DEN,2025-10-01,63,6590.26,20153.7,principal
SKU_1023_DEN,2025-10-01,142,15596.25,39745.8,principal
SKU_1023_FOR,2025-10-01,180,19769.9,50382.0,principal
SKU_1024_VAN,2025-10-01,165,13166.27,34633.5,principal
SKU_1024_DEN,2025-10-01,76,6064.46,15952.4,principal
SKU_1025_WHI,2025-10-01,119,18349.59,57703.1,principal
SKU_1025_MIN,2025-10-01,104,16036.61,50429.6,principal
SKU_1026_CLO,2025-10-01,0,0.0,0.0,principal
SKU_1026_SPA,2025-10-01,62,8468.27,25723.8,principal
SKU_1027_MAR,2025-10-01,189,25236.83,79361.1,principal
SKU_1027_BIR,2025-10-01,174,23233.91,73062.6,principal
SKU_1028_BLU,2025-10-01,99,19830.51,62360.1,principal
SKU_1028_AQU,2025-10-01,59,11818.18,37164.1,principal
SKU_1029_BLU,2025-10-01,179,13940.2,43837.1,principal
SKU_1029_BAL,2025-10-01,76,5918.74,18612.4,principal
SKU_1030_CRE,2025-10-01,92,19013.47,59790.8,principal
SKU_1030_DEN,2025-10-01,69,14260.11,44843.1,principal
SKU_1031_COR,2025-10-01,154,24207.55,73134.6,principal
SKU_1031_HON,2025-10-01,0,0.0,0.0,principal
SKU_1032_EME,2025-10-01,153,16780.76,52769.7,principal
SKU_1032_HON,2025-10-01,154,16890.44,53114.6,principal
SKU_1033_NAV,2025-10-01,164,33893.58,106583.6,principal
SKU_1033_LIM,2025-10-01,111,22940.17,72138.9,principal
SKU_1034_PAS,2025-10-01,87,6154.82,18696.3,principal
SKU_1034_PIS,2025-10-01,109,7711.21,23424.1,principal
SKU_1035_SAP,2025-10-01,172,35820.41,112642.8,principal
SKU_1035_FUC,2025-10-01,160,33321.31,104784.0,principal
SKU_1036_BIR,2025-10-01,80,19749.37,59992.0,principal
SKU_1036_MID,2025-10-01,88,21724.3,65991.2,principal
SKU_1037_PRI,2025-10-01,54,3604.4,11334.6,principal
SKU_1037_SPA,2025-10-01,107,7142.06,22459.3,principal
SKU_1038_LIG,2025-10-01,51,4133.97,12999.9,principal
SKU_1038_FLA,2025-10-01,116,9402.75,29568.4,principal
SKU_1039_ARM,2025-10-01,71,3640.3,10997.9,principal
SKU_1039_MIN,2025-10-01,87,4460.66,13476.3,principal
SKU_1040_BLA,2025-10-01,85,9145.21,29741.5,principal
SKU_1040_BAB,2025-10-01,85,9145.21,29741.5,principal
SKU_1041_EME,2025-10-01,106,6936.18,23309.4,principal
SKU_1041_SNO,2025-10-01,66,4318.75,14513.4,principal
SKU_1042_SEA,2025-10-01,124,11491.71,39047.6,principal
SKU_1042_EME,2025-10-01,163,15106.04,51328.7,principal
SKU_1043_SPA,2025-10-01,55,14291.49,48119.5,principal
SKU_1043_CER,2025-10-01,78,20267.93,68242.2,principal
SKU_1044_SER,2025-10-01,186,60841.71,159941.4,principal
SKU_1044_COR,2025-10-01,125,40888.24,107487.5,principal
SKU_1045_FOR,2025-10-01,50,4845.14,12745.0,principal
SKU_1045_BUB,2025-10-01,131,12694.26,33391.9,principal
SKU_1046_SNO,2025-10-01,0,0.0,0.0,principal
SKU_1046_PAS,2025-10-01,74,3916.59,11832.6,principal
SKU_1047_ROY,2025-10-01,168,11672.12,35263.2,principal
SKU_1047_DEE,2025-10-01,62,4307.57,13013.8,principal
SKU_1048_MAR,2025-10-01,146,11530.36,35025.4,principal
SKU_1048_PEA,2025-10-01,0,0.0,0.0,principal
SKU_1049_BAL,2025-10-01,153,38022.5,115499.7,principal
SKU_1049_LIG,2025-10-01,176,43738.3,132862.4,principal
SKU_1050_BUB,2025-10-01,0,0.0,0.0,principal
SKU_1050_PRI,2025-10-01,154,13693.84,46954.6,principal
SKU_1051_CLE,2025-10-01,126,28734.56,94487.4,principal
SKU_1051_LIG,2025-10-01,170,38768.86,127483.0,principal
SKU_1052_PAS,2025-10-01,142,13162.54,46135.8,principal
SKU_1052_FRE,2025-10-01,112,10381.72,36388.8,principal
SKU_1053_SHO,2025-10-01,0,0.0,0.0,principal
SKU_1053_NAV,2025-10-01,59,6171.83,18874.1,principal
SKU_1054_DEE,2025-10-01,105,13281.07,37264.5,principal
SKU_1054_PAS,2025-10-01,72,9107.02,25552.8,principal
SKU_1055_LIG,2025-10-01,188,70622.56,213361.2,principal
SKU_1055_PAL,2025-10-01,0,0.0,0.0,principal
SKU_1056_CRE,2025-10-01,135,10496.51,31711.5,principal
SKU_1056_OLI,2025-10-01,162,12595.81,38053.8,principal
SKU_1057_ROY,2025-10-01,58,3530.41,10724.2,principal
SKU_1057_SNO,2025-10-01,0,0.0,0.0,principal
SKU_1058_MID,2025-10-01,66,4090.56,12863.4,principal
SKU_1058_SHO,2025-10-01,122,7561.34,23777.8,principal
SKU_1059_PEA,2025-10-01,92,8773.87,27590.8,principal
SKU_1059_OFF,2025-10-01,156,14877.44,46784.4,principal
SKU_1060_CRE,2025-10-01,142,48444.87,157605.8,principal
SKU_1060_LIM,2025-10-01,59,20128.5,65484.1,principal
SKU_1061_PAS,2025-10-01,153,17694.95,62714.7,principal
