Código (SKU),Descrição / Nome,Modelo / Referência,Divisão,Categoria,Subcategoria,Preço de Venda (R$),Custo (R$),Temporada,Coleção,Nível de Risco,Faixa de Preço,Cor (nome do fornecedor),Material Principal
SKU_1000_COR,Saias Saia Curta SKU_1000_COR,,Feminino,Saias,Saia Curta,359.9,98.25,,PV24,,,,
SKU_1000_EME,Saias Saia Curta SKU_1000_EME,,Feminino,Saias,Saia Curta,204.9,59.76,,PV24,,,,
SKU_1000_ROY,Saias Saia Curta SKU_1000_ROY,,Feminino,Saias,Saia Curta,204.9,59.76,,PV24,,,,
SKU_1001_AQU,Vestidos Vestido de Festa SKU_1001_AQU,,Feminino,Vestidos,Vestido de Festa,939.9,251.24,,PV24,,,,
SKU_1001_SAP,Vestidos Vestido de Festa SKU_1001_SAP,,Feminino,Vestidos,Vestido de Festa,939.9,251.24,,PV24,,,,
SKU_1002_COR,Camisas Camisa Alfaiataria SKU_1002_COR,,Feminino,Camisas,Camisa Alfaiataria,234.9,76.81,,PV24,,,,
SKU_1002_MYS,Camisas Camisa Alfaiataria SKU_1002_MYS,,Feminino,Camisas,Camisa Alfaiataria,234.9,76.81,,PV24,,,,
SKU_1003_DUS,Camisas Camisa Estampada SKU_1003_DUS,,Feminino,Camisas,Camisa Estampada,364.9,143.19,,PV24,,,,
SKU_1003_SNO,Camisas Camisa Estampada SKU_1003_SNO,,Feminino,Camisas,Camisa Estampada,364.9,143.19,,PV24,,,,
SKU_1004_FOR,Blusas Body SKU_1004_FOR,,Feminino,Blusas,Body,299.9,114.01,,PV24,,,,
SKU_1004_MEX,Blusas Body SKU_1004_MEX,,Feminino,Blusas,Body,299.9,114.01,,PV24,,,,
SKU_1005_MYS,T-shirts e Regatas T-shirt Estampada SKU_1005_MYS,,Feminino,T-shirts e Regatas,T-shirt Estampada,184.9,60.87,,PV24,,,,
SKU_1005_OLI,T-shirts e Regatas T-shirt Estampada SKU_1005_OLI,,Feminino,T-shirts e Regatas,T-shirt Estampada,184.9,60.87,,PV24,,,,
SKU_1006_FOR,Blusas Blusa Cropped SKU_1006_FOR,,Feminino,Blusas,Blusa Cropped,189.9,60.39,,PV24,,,,
SKU_1006_MOS,Blusas Blusa Cropped SKU_1006_MOS,,Feminino,Blusas,Blusa Cropped,189.9,60.39,,PV24,,,,
SKU_1007_COB,Camisas Camisa Alfaiataria SKU_1007_COB,,Feminino,Camisas,Camisa Alfaiataria,294.9,93.78,,PV24,,,,
SKU_1007_FOR,Camisas Camisa Alfaiataria SKU_1007_FOR,,Feminino,Camisas,Camisa Alfaiataria,294.9,93.78,,PV24,,,,
SKU_1008_MEX,Camisas Camisa Estampada SKU_1008_MEX,,Feminino,Camisas,Camisa Estampada,324.9,107.54,,PV24,,,,
SKU_1008_WHI,Camisas Camisa Estampada SKU_1008_WHI,,Feminino,Camisas,Camisa Estampada,324.9,107.54,,PV24,,,,
SKU_1009_BAB,Vestidos Vestido Midi SKU_1009_BAB,,Feminino,Vestidos,Vestido Midi,514.9,142.22,,PV24,,,,
SKU_1009_MAG,Vestidos Vestido Midi SKU_1009_MAG,,Feminino,Vestidos,Vestido Midi,514.9,142.22,,PV24,,,,
SKU_1010_BRI,Camisas Camisa Alfaiataria SKU_1010_BRI,,Feminino,Camisas,Camisa Alfaiataria,379.9,113.2,,PV24,,,,
SKU_1010_SNO,Camisas Camisa Alfaiataria SKU_1010_SNO,,Feminino,Camisas,Camisa Alfaiataria,379.9,113.2,,PV24,,,,
SKU_1011_CER,Camisas Camisa Alfaiataria SKU_1011_CER,,Feminino,Camisas,Camisa Alfaiataria,259.9,69.47,,PV24,,,,
SKU_1011_MIN,Camisas Camisa Alfaiataria SKU_1011_MIN,,Feminino,Camisas,Camisa Alfaiataria,259.9,69.47,,PV24,,,,
SKU_1012_CLO,Vestidos Vestido Longo SKU_1012_CLO,,Feminino,Vestidos,Vestido Longo,969.9,288.06,,PV24,,,,
SKU_1012_VAN,Vestidos Vestido Longo SKU_1012_VAN,,Feminino,Vestidos,Vestido Longo,969.9,288.06,,PV24,,,,
SKU_1013_LIG,Shorts e Bermudas Bermuda SKU_1013_LIG,,Feminino,Shorts e Bermudas,Bermuda,179.9,68.43,,PV24,,,,
SKU_1014_FLA,Calças Calça Pantalona SKU_1014_FLA,,Feminino,Calças,Calça Pantalona,399.9,132.37,,PV24,,,,
SKU_1014_MIN,Calças Calça Pantalona SKU_1014_MIN,,Feminino,Calças,Calça Pantalona,399.9,132.37,,PV24,,,,
SKU_1015_ROY,Vestidos Vestido Longo SKU_1015_ROY,,Feminino,Vestidos,Vestido Longo,934.9,309.45,,PV24,,,,
SKU_1015_TUR,Vestidos Vestido Longo SKU_1015_TUR,,Feminino,Vestidos,Vestido Longo,934.9,309.45,,PV24,,,,
SKU_1016_HON,Blusas Blusa Cropped SKU_1016_HON,,Feminino,Blusas,Blusa Cropped,214.9,71.13,,PV24,,,,
SKU_1016_SNO,Blusas Blusa Cropped SKU_1016_SNO,,Feminino,Blusas,Blusa Cropped,214.9,71.13,,PV24,,,,
SKU_1017_BAL,Lenços Lenço Estampado SKU_1017_BAL,,Acessórios,Lenços,Lenço Estampado,149.9,47.67,,PV24,,,,
SKU_1017_PAS,Lenços Lenço Estampado SKU_1017_PAS,,Acessórios,Lenços,Lenço Estampado,149.9,47.67,,PV24,,,,
SKU_1018_ARM,T-shirts e Regatas Regata SKU_1018_ARM,,Feminino,T-shirts e Regatas,Regata,119.9,38.13,,PV24,,,,
SKU_1018_TEA,T-shirts e Regatas Regata SKU_1018_TEA,,Feminino,T-shirts e Regatas,Regata,119.9,38.13,,PV24,,,,
SKU_1019_GAR,Camisas Camisa Alfaiataria SKU_1019_GAR,,Feminino,Camisas,Camisa Alfaiataria,264.9,82.29,,PV24,,,,
SKU_1019_NAV,Camisas Camisa Alfaiataria SKU_1019_NAV,,Feminino,Camisas,Camisa Alfaiataria,264.9,82.29,,PV24,,,,
SKU_1020_LIG,Shorts e Bermudas Short Jeans SKU_1020_LIG,,Feminino,Shorts e Bermudas,Short Jeans,199.9,60.83,,PV24,,,,
SKU_1020_NAV,Shorts e Bermudas Short Jeans SKU_1020_NAV,,Feminino,Shorts e Bermudas,Short Jeans,199.9,60.83,,PV24,,,,
SKU_1021_CRE,Saias Saia Curta SKU_1021_CRE,,Feminino,Saias,Saia Curta,284.9,76.15,,PV24,,,,
SKU_1021_PAS,Saias Saia Curta SKU_1021_PAS,,Feminino,Saias,Saia Curta,284.9,76.15,,PV24,,,,
SKU_1022_DEN,Blusas Body SKU_1022_DEN,,Feminino,Blusas,Body,319.9,104.61,,PV24,,,,
SKU_1022_PAL,Blusas Body SKU_1022_PAL,,Feminino,Blusas,Body,319.9,104.61,,PV24,,,,
SKU_1023_DEN,Camisas Camisa Estampada SKU_1023_DEN,,Feminino,Camisas,Camisa Estampada,279.9,109.83,,PV24,,,,
SKU_1023_FOR,Camisas Camisa Estampada SKU_1023_FOR,,Feminino,Camisas,Camisa Estampada,279.9,109.83,,PV24,,,,
SKU_1024_DEN,Blusas Blusa Cropped SKU_1024_DEN,,Feminino,Blusas,Blusa Cropped,209.9,79.8,,PV24,,,,
SKU_1024_VAN,Blusas Blusa Cropped SKU_1024_VAN,,Feminino,Blusas,Blusa Cropped,209.9,79.8,,PV24,,,,
SKU_1025_MIN,Bolsas Bolsa Tiracolo SKU_1025_MIN,,Acessórios,Bolsas,Bolsa Tiracolo,484.9,154.2,,PV24,,,,
SKU_1025_WHI,Bolsas Bolsa Tiracolo SKU_1025_WHI,,Acessórios,Bolsas,Bolsa Tiracolo,484.9,154.2,,PV24,,,,
SKU_1026_CLO,Calças Calça Jeans SKU_1026_CLO,,Feminino,Calças,Calça Jeans,414.9,136.59,,PV24,,,,
SKU_1026_SPA,Calças Calça Jeans SKU_1026_SPA,,Feminino,Calças,Calça Jeans,414.9,136.59,,PV24,,,,
SKU_1027_BIR,Camisas Camisa Alfaiataria SKU_1027_BIR,,Feminino,Camisas,Camisa Alfaiataria,419.9,133.53,,PV24,,,,
SKU_1027_MAR,Camisas Camisa Alfaiataria SKU_1027_MAR,,Feminino,Camisas,Camisa Alfaiataria,419.9,133.53,,PV24,,,,
SKU_1028_AQU,Bolsas Bolsa Tiracolo SKU_1028_AQU,,Acessórios,Bolsas,Bolsa Tiracolo,629.9,200.31,,PV24,,,,
SKU_1028_BLU,Bolsas Bolsa Tiracolo SKU_1028_BLU,,Acessórios,Bolsas,Bolsa Tiracolo,629.9,200.31,,PV24,,,,
SKU_1029_BAL,Shorts e Bermudas Short Alfaiataria SKU_1029_BAL,,Feminino,Shorts e Bermudas,Short Alfaiataria,244.9,77.88,,PV24,,,,
SKU_1029_BLU,Shorts e Bermudas Short Alfaiataria SKU_1029_BLU,,Feminino,Shorts e Bermudas,Short Alfaiataria,244.9,77.88,,PV24,,,,
SKU_1030_CRE,Vestidos Vestido Midi SKU_1030_CRE,,Feminino,Vestidos,Vestido Midi,649.9,206.67,,PV24,,,,
SKU_1030_DEN,Vestidos Vestido Midi SKU_1030_DEN,,Feminino,Vestidos,Vestido Midi,649.9,206.67,,PV24,,,,
SKU_1031_COR,Vestidos Vestido Midi SKU_1031_COR,,Feminino,Vestidos,Vestido Midi,474.9,157.19,,PV24,,,,
SKU_1031_HON,Vestidos Vestido Midi SKU_1031_HON,,Feminino,Vestidos,Vestido Midi,474.9,157.19,,PV24,,,,
SKU_1032_EME,Vestidos Vestido Curto SKU_1032_EME,,Feminino,Vestidos,Vestido Curto,344.9,109.68,,PV24,,,,
SKU_1032_HON,Vestidos Vestido Curto SKU_1032_HON,,Feminino,Vestidos,Vestido Curto,344.9,109.68,,PV24,,,,
SKU_1033_LIM,Bolsas Bolsa Tiracolo SKU_1033_LIM,,Acessórios,Bolsas,Bolsa Tiracolo,649.9,206.67,,PV24,,,,
SKU_1033_NAV,Bolsas Bolsa Tiracolo SKU_1033_NAV,,Acessórios,Bolsas,Bolsa Tiracolo,649.9,206.67,,PV24,,,,
SKU_1034_PAS,Lenços Lenço Estampado SKU_1034_PAS,,Acessórios,Lenços,Lenço Estampado,214.9,70.75,,PV24,,,,
SKU_1034_PIS,Lenços Lenço Estampado SKU_1034_PIS,,Acessórios,Lenços,Lenço Estampado,214.9,70.75,,PV24,,,,
SKU_1035_FUC,Vestidos Vestido Midi SKU_1035_FUC,,Feminino,Vestidos,Vestido Midi,654.9,208.26,,PV24,,,,
SKU_1035_SAP,Vestidos Vestido Midi SKU_1035_SAP,,Feminino,Vestidos,Vestido Midi,654.9,208.26,,PV24,,,,
SKU_1036_BIR,Vestidos Vestido Longo SKU_1036_BIR,,Feminino,Vestidos,Vestido Longo,749.9,246.87,,PV24,,,,
SKU_1036_MID,Vestidos Vestido Longo SKU_1036_MID,,Feminino,Vestidos,Vestido Longo,749.9,246.87,,PV24,,,,
SKU_1037_PRI,Blusas Blusa Cropped SKU_1037_PRI,,Feminino,Blusas,Blusa Cropped,209.9,66.75,,PV24,,,,
SKU_1037_SPA,Blusas Blusa Cropped SKU_1037_SPA,,Feminino,Blusas,Blusa Cropped,209.9,66.75,,PV24,,,,
SKU_1038_FLA,Camisas Camisa Alfaiataria SKU_1038_FLA,,Feminino,Camisas,Camisa Alfaiataria,254.9,81.06,,PV24,,,,
SKU_1038_LIG,Camisas Camisa Alfaiataria SKU_1038_LIG,,Feminino,Camisas,Camisa Alfaiataria,254.9,81.06,,PV24,,,,
SKU_1039_ARM,Bijoux Colar SKU_1039_ARM,,Acessórios,Bijoux,Colar,154.9,51.27,,PV24,,,,
SKU_1039_MIN,Bijoux Colar SKU_1039_MIN,,Acessórios,Bijoux,Colar,154.9,51.27,,PV24,,,,
SKU_1040_BAB,Vestidos Vestido Curto SKU_1040_BAB,,Feminino,Vestidos,Vestido Curto,349.9,107.59,,PV24,,,,
SKU_1040_BLA,Vestidos Vestido Curto SKU_1040_BLA,,Feminino,Vestidos,Vestido Curto,349.9,107.59,,PV24,,,,
SKU_1041_EME,Cintos Cinto de Couro SKU_1041_EME,,Acessórios,Cintos,Cinto de Couro,219.9,65.44,,PV24,,,,
SKU_1041_SNO,Cintos Cinto de Couro SKU_1041_SNO,,Acessórios,Cintos,Cinto de Couro,219.9,65.44,,PV24,,,,
SKU_1042_EME,Saias Saia Midi SKU_1042_EME,,Feminino,Saias,Saia Midi,314.9,92.68,,PV24,,,,
SKU_1042_SEA,Saias Saia Midi SKU_1042_SEA,,Feminino,Saias,Saia Midi,314.9,92.68,,PV24,,,,
SKU_1043_CER,Vestidos Vestido Longo SKU_1043_CER,,Feminino,Vestidos,Vestido Longo,874.9,259.85,,PV24,,,,
SKU_1043_SPA,Vestidos Vestido Longo SKU_1043_SPA,,Feminino,Vestidos,Vestido Longo,874.9,259.85,,PV24,,,,
SKU_1044_COR,Vestidos Vestido Longo SKU_1044_COR,,Feminino,Vestidos,Vestido Longo,859.9,327.11,,PV24,,,,
SKU_1044_SER,Vestidos Vestido Longo SKU_1044_SER,,Feminino,Vestidos,Vestido Longo,859.9,327.11,,PV24,,,,
SKU_1045_BUB,Calças Calça Jeans SKU_1045_BUB,,Feminino,Calças,Calça Jeans,254.9,96.9,,PV24,,,,
SKU_1045_FOR,Calças Calça Jeans SKU_1045_FOR,,Feminino,Calças,Calça Jeans,254.9,96.9,,PV24,,,,
SKU_1046_PAS,T-shirts e Regatas T-shirt Básica SKU_1046_PAS,,Feminino,T-shirts e Regatas,T-shirt Básica,159.9,52.93,,PV24,,,,
SKU_1046_SNO,T-shirts e Regatas T-shirt Básica SKU_1046_SNO,,Feminino,T-shirts e Regatas,T-shirt Básica,159.9,52.93,,PV24,,,,
SKU_1047_DEE,Saias Saia Midi SKU_1047_DEE,,Feminino,Saias,Saia Midi,209.9,69.48,,PV24,,,,
SKU_1047_ROY,Saias Saia Midi SKU_1047_ROY,,Feminino,Saias,Saia Midi,209.9,69.48,,PV24,,,,
SKU_1048_MAR,Shorts e Bermudas Short Jeans SKU_1048_MAR,,Feminino,Shorts e Bermudas,Short Jeans,239.9,78.98,,PV24,,,,
SKU_1048_PEA,Shorts e Bermudas Short Jeans SKU_1048_PEA,,Feminino,Shorts e Bermudas,Short Jeans,239.9,78.98,,PV24,,,,
SKU_1049_BAL,Vestidos Vestido Longo SKU_1049_BAL,,Feminino,Vestidos,Vestido Longo,754.9,248.51,,PV24,,,,
SKU_1049_LIG,Vestidos Vestido Longo SKU_1049_LIG,,Feminino,Vestidos,Vestido Longo,754.9,248.51,,PV24,,,,
SKU_1050_BUB,Calças Calça Jeans SKU_1050_BUB,,Feminino,Calças,Calça Jeans,304.9,88.92,,PV24,,,,
SKU_1050_PRI,Calças Calça Jeans SKU_1050_PRI,,Feminino,Calças,Calça Jeans,304.9,88.92,,PV24,,,,
SKU_1051_CLE,Bolsas Bolsa Tiracolo SKU_1051_CLE,,Acessórios,Bolsas,Bolsa Tiracolo,749.9,228.05,,PV24,,,,
SKU_1051_LIG,Bolsas Bolsa Tiracolo SKU_1051_LIG,,Acessórios,Bolsas,Bolsa Tiracolo,749.9,228.05,,PV24,,,,
SKU_1052_FRE,Saias Saia Midi SKU_1052_FRE,,Feminino,Saias,Saia Midi,324.9,92.69,,PV24,,,,
SKU_1052_PAS,Saias Saia Midi SKU_1052_PAS,,Feminino,Saias,Saia Midi,324.9,92.69,,PV24,,,,
SKU_1053_NAV,Vestidos Vestido Curto SKU_1053_NAV,,Feminino,Vestidos,Vestido Curto,319.9,104.61,,PV24,,,,
SKU_1053_SHO,Vestidos Vestido Curto SKU_1053_SHO,,Feminino,Vestidos,Vestido Curto,319.9,104.61,,PV24,,,,
SKU_1054_DEE,Camisas Camisa Alfaiataria SKU_1054_DEE,,Feminino,Camisas,Camisa Alfaiataria,354.9,126.49,,PV24,,,,
SKU_1054_PAS,Camisas Camisa Alfaiataria SKU_1054_PAS,,Feminino,Camisas,Camisa Alfaiataria,354.9,126.49,,PV24,,,,
SKU_1055_LIG,Vestidos Vestido de Festa SKU_1055_LIG,,Feminino,Vestidos,Vestido de Festa,1134.9,375.65,,PV24,,,,
SKU_1055_PAL,Vestidos Vestido de Festa SKU_1055_PAL,,Feminino,Vestidos,Vestido de Festa,1134.9,375.65,,PV24,,,,
SKU_1056_CRE,Shorts e Bermudas Bermuda SKU_1056_CRE,,Feminino,Shorts e Bermudas,Bermuda,234.9,77.75,,PV24,,,,
SKU_1056_OLI,Shorts e Bermudas Bermuda SKU_1056_OLI,,Feminino,Shorts e Bermudas,Bermuda,234.9,77.75,,PV24,,,,
SKU_1057_ROY,Blusas Body SKU_1057_ROY,,Feminino,Blusas,Body,184.9,60.87,,PV24,,,,
SKU_1057_SNO,Blusas Body SKU_1057_SNO,,Feminino,Blusas,Body,184.9,60.87,,PV24,,,,
SKU_1058_MID,T-shirts e Regatas T-shirt Estampada SKU_1058_MID,,Feminino,T-shirts e Regatas,T-shirt Estampada,194.9,61.98,,PV24,,,,
SKU_1058_SHO,T-shirts e Regatas T-shirt Estampada SKU_1058_SHO,,Feminino,T-shirts e Regatas,T-shirt Estampada,194.9,61.98,,PV24,,,,
SKU_1059_OFF,Shorts e Bermudas Short Alfaiataria SKU_1059_OFF,,Feminino,Shorts e Bermudas,Short Alfaiataria,299.9,95.37,,PV24,,,,
SKU_1059_PEA,Shorts e Bermudas Short Alfaiataria SKU_1059_PEA,,Feminino,Shorts e Bermudas,Short Alfaiataria,299.9,95.37,,PV24,,,,
SKU_1060_CRE,Vestidos Vestido de Festa SKU_1060_CRE,,Feminino,Vestidos,Vestido de Festa,1109.9,341.16,,PV24,,,,
SKU_1060_LIM,Vestidos Vestido de Festa SKU_1060_LIM,,Feminino,Vestidos,Vestido de Festa,1109.9,341.16,,PV24,,,,
SKU_1061_EGR,Vestidos Vestido Curto SKU_1061_EGR,,Feminino,Vestidos,Vestido Curto,409.9,115.65,,PV24,,,,
SKU_1061_PAS,Vestidos Vestido Curto SKU_1061_PAS,,Feminino,Vestidos,Vestido Curto,409.9,115.65,,PV24,,,,
SKU_1062_MID,Shorts e Bermudas Short Jeans SKU_1062_MID,,Feminino,Shorts e Bermudas,Short Jeans,199.9,57.03,,PV24,,,,
SKU_1062_OLI,Shorts e Bermudas Short Jeans SKU_1062_OLI,,Feminino,Shorts e Bermudas,Short Jeans,199.9,57.03,,PV24,,,,
SKU_1063_SAP,Lenços Lenço Estampado SKU_1063_SAP,,Acessórios,Lenços,Lenço Estampado,184.9,58.61,,PV24,,,,
SKU_1063_SNO,Lenços Lenço Estampado SKU_1063_SNO,,Acessórios,Lenços,Lenço Estampado,184.9,58.61,,PV24,,,,
SKU_1064_BIR,Blusas Blusa Manga Curta SKU_1064_BIR,,Feminino,Blusas,Blusa Manga Curta,189.9,67.68,,PV24,,,,
SKU_1064_PRI,Blusas Blusa Manga Curta SKU_1064_PRI,,Feminino,Blusas,Blusa Manga Curta,189.9,67.68,,PV24,,,,
SKU_1065_CLE,Bolsas Bolsa Tote SKU_1065_CLE,,Acessórios,Bolsas,Bolsa Tote,644.9,212.3,,PV24,,,,
SKU_1065_COB,Bolsas Bolsa Tote SKU_1065_COB,,Acessórios,Bolsas,Bolsa Tote,644.9,212.3,,PV24,,,,
SKU_1066_IVO,Blusas Blusa Manga Curta SKU_1066_IVO,,Feminino,Blusas,Blusa Manga Curta,179.9,59.55,,PV24,,,,
SKU_1066_WHI,Blusas Blusa Manga Curta SKU_1066_WHI,,Feminino,Blusas,Blusa Manga Curta,179.9,59.55,,PV24,,,,
SKU_1067_EME,Calças Calça Pantalona SKU_1067_EME,,Feminino,Calças,Calça Pantalona,264.9,84.24,,PV24,,,,
SKU_1067_WHI,Calças Calça Pantalona SKU_1067_WHI,,Feminino,Calças,Calça Pantalona,264.9,84.24,,PV24,,,,
SKU_1068_BAL,Vestidos Vestido de Festa SKU_1068_BAL,,Feminino,Vestidos,Vestido de Festa,794.9,263.11,,PV24,,,,
SKU_1068_COR,Vestidos Vestido de Festa SKU_1068_COR,,Feminino,Vestidos,Vestido de Festa,794.9,263.11,,PV24,,,,
SKU_1069_CRE,Bolsas Bolsa Tote SKU_1069_CRE,,Acessórios,Bolsas,Bolsa Tote,529.9,175.4,,PV24,,,,
SKU_1069_OLI,Bolsas Bolsa Tote SKU_1069_OLI,,Acessórios,Bolsas,Bolsa Tote,529.9,175.4,,PV24,,,,
SKU_1070_LIG,Camisas Camisa Estampada SKU_1070_LIG,,Feminino,Camisas,Camisa Estampada,344.9,114.16,,PV24,,,,
SKU_1070_MID,Camisas Camisa Estampada SKU_1070_MID,,Feminino,Camisas,Camisa Estampada,344.9,114.16,,PV24,,,,
SKU_1071_BAB,Camisas Camisa Alfaiataria SKU_1071_BAB,,Feminino,Camisas,Camisa Alfaiataria,269.9,88.85,,PV24,,,,
SKU_1071_SKY,Camisas Camisa Alfaiataria SKU_1071_SKY,,Feminino,Camisas,Camisa Alfaiataria,269.9,88.85,,PV24,,,,
SKU_1072_CER,Vestidos Vestido Curto SKU_1072_CER,,Feminino,Vestidos,Vestido Curto,459.9,152.23,,PV24,,,,
SKU_1072_PAS,Vestidos Vestido Curto SKU_1072_PAS,,Feminino,Vestidos,Vestido Curto,459.9,152.23,,PV24,,,,
SKU_1073_BLU,Saias Saia Midi SKU_1073_BLU,,Feminino,Saias,Saia Midi,319.9,105.89,,PV24,,,,
SKU_1073_FRE,Saias Saia Midi SKU_1073_FRE,,Feminino,Saias,Saia Midi,319.9,105.89,,PV24,,,,
SKU_1074_JAD,Lenços Lenço Estampado SKU_1074_JAD,,Acessórios,Lenços,Lenço Estampado,204.9,67.45,,PV24,,,,
SKU_1074_PRI,Lenços Lenço Estampado SKU_1074_PRI,,Acessórios,Lenços,Lenço Estampado,204.9,67.45,,PV24,,,,
SKU_1075_LIG,Calças Calça Pantalona SKU_1075_LIG,,Feminino,Calças,Calça Pantalona,289.9,92.19,,PV24,,,,
SKU_1075_NAV,Calças Calça Pantalona SKU_1075_NAV,,Feminino,Calças,Calça Pantalona,289.9,92.19,,PV24,,,,
SKU_1076_BLU,Blusas Body SKU_1076_BLU,,Feminino,Blusas,Body,214.9,70.75,,PV24,,,,
SKU_1076_POW,Blusas Body SKU_1076_POW,,Feminino,Blusas,Body,214.9,70.75,,PV24,,,,
SKU_1077_MAR,Cintos Cinto de Couro SKU_1077_MAR,,Acessórios,Cintos,Cinto de Couro,229.9,73.11,,PV24,,,,
SKU_1077_NAV,Cintos Cinto de Couro SKU_1077_NAV,,Acessórios,Cintos,Cinto de Couro,229.9,73.11,,PV24,,,,
SKU_1078_BLU,Vestidos Vestido Curto SKU_1078_BLU,,Feminino,Vestidos,Vestido Curto,309.9,98.55,,PV24,,,,
SKU_1078_GAR,Vestidos Vestido Curto SKU_1078_GAR,,Feminino,Vestidos,Vestido Curto,309.9,98.55,,PV24,,,,
SKU_1079_BAB,Calças Calça Pantalona SKU_1079_BAB,,Feminino,Calças,Calça Pantalona,274.9,90.5,,PV24,,,,
SKU_1079_JAD,Calças Calça Pantalona SKU_1079_JAD,,Feminino,Calças,Calça Pantalona,274.9,90.5,,PV24,,,,
SKU_1080_MAR,Bolsas Bolsa Tiracolo SKU_1080_MAR,,Acessórios,Bolsas,Bolsa Tiracolo,474.9,151.02,,PV24,,,,
SKU_1080_TEA,Bolsas Bolsa Tiracolo SKU_1080_TEA,,Acessórios,Bolsas,Bolsa Tiracolo,474.9,151.02,,PV24,,,,
SKU_1081_EGR,Saias Saia Midi SKU_1081_EGR,,Feminino,Saias,Saia Midi,279.9,87.87,,PV24,,,,
SKU_1081_PAS,Saias Saia Midi SKU_1081_PAS,,Feminino,Saias,Saia Midi,279.9,87.87,,PV24,,,,
SKU_1082_LIG,Shorts e Bermudas Short Jeans SKU_1082_LIG,,Feminino,Shorts e Bermudas,Short Jeans,209.9,64.54,,PV24,,,,
SKU_1082_PIN,Shorts e Bermudas Short Jeans SKU_1082_PIN,,Feminino,Shorts e Bermudas,Short Jeans,209.9,64.54,,PV24,,,,
SKU_1083_BAB,Vestidos Vestido Curto SKU_1083_BAB,,Feminino,Vestidos,Vestido Curto,459.9,135.35,,PV24,,,,
SKU_1083_OFF,Vestidos Vestido Curto SKU_1083_OFF,,Feminino,Vestidos,Vestido Curto,459.9,135.35,,PV24,,,,
SKU_1084_DUS,Vestidos Vestido de Festa SKU_1084_DUS,,Feminino,Vestidos,Vestido de Festa,989.9,323.7,,PV24,,,,
SKU_1084_PAS,Vestidos Vestido de Festa SKU_1084_PAS,,Feminino,Vestidos,Vestido de Festa,989.9,323.7,,PV24,,,,
SKU_1085_COB,Bolsas Bolsa Tiracolo SKU_1085_COB,,Acessórios,Bolsas,Bolsa Tiracolo,499.9,163.32,,PV24,,,,
SKU_1085_CRE,Bolsas Bolsa Tiracolo SKU_1085_CRE,,Acessórios,Bolsas,Bolsa Tiracolo,499.9,163.32,,PV24,,,,
SKU_1086_CRE,Shorts e Bermudas Short Alfaiataria SKU_1086_CRE,,Feminino,Shorts e Bermudas,Short Alfaiataria,224.9,88.25,,PV24,,,,
SKU_1086_PRI,Shorts e Bermudas Short Alfaiataria SKU_1086_PRI,,Feminino,Shorts e Bermudas,Short Alfaiataria,224.9,88.25,,PV24,,,,
SKU_1087_BIR,Calças Calça Jeans SKU_1087_BIR,,Feminino,Calças,Calça Jeans,374.9,144.75,,PV24,,,,
SKU_1087_SNO,Calças Calça Jeans SKU_1087_SNO,,Feminino,Calças,Calça Jeans,374.9,144.75,,PV24,,,,
SKU_1088_CER,Vestidos Vestido de Festa SKU_1088_CER,,Feminino,Vestidos,Vestido de Festa,714.9,235.35,,PV24,,,,
SKU_1088_HON,Vestidos Vestido de Festa SKU_1088_HON,,Feminino,Vestidos,Vestido de Festa,714.9,235.35,,PV24,,,,
SKU_1089_EGR,Camisas Camisa Alfaiataria SKU_1089_EGR,,Feminino,Camisas,Camisa Alfaiataria,334.9,97.48,,PV24,,,,
SKU_1089_GAR,Camisas Camisa Alfaiataria SKU_1089_GAR,,Feminino,Camisas,Camisa Alfaiataria,334.9,97.48,,PV24,,,,
SKU_1090_PAL,T-shirts e Regatas Regata SKU_1090_PAL,,Feminino,T-shirts e Regatas,Regata,134.9,43.32,,PV24,,,,
SKU_1090_WHI,T-shirts e Regatas Regata SKU_1090_WHI,,Feminino,T-shirts e Regatas,Regata,134.9,43.32,,PV24,,,,
SKU_1091_MOS,Blusas Body SKU_1091_MOS,,Feminino,Blusas,Body,314.9,84.17,,PV24,,,,
SKU_1091_OFF,Blusas Body SKU_1091_OFF,,Feminino,Blusas,Body,314.9,84.17,,PV24,,,,
SKU_1092_MIN,Camisas Camisa Alfaiataria SKU_1092_MIN,,Feminino,Camisas,Camisa Alfaiataria,329.9,107.88,,PV24,,,,
SKU_1092_TUR,Camisas Camisa Alfaiataria SKU_1092_TUR,,Feminino,Camisas,Camisa Alfaiataria,329.9,107.88,,PV24,,,,
SKU_1093_GAR,Vestidos Vestido de Festa SKU_1093_GAR,,Feminino,Vestidos,Vestido de Festa,1164.9,415.17,,PV24,,,,
SKU_1093_TEA,Vestidos Vestido de Festa SKU_1093_TEA,,Feminino,Vestidos,Vestido de Festa,1164.9,415.17,,PV24,,,,
SKU_1094_DEE,Shorts e Bermudas Short Jeans SKU_1094_DEE,,Feminino,Shorts e Bermudas,Short Jeans,234.9,89.3,,PV24,,,,
SKU_1094_FOR,Shorts e Bermudas Short Jeans SKU_1094_FOR,,Feminino,Shorts e Bermudas,Short Jeans,234.9,89.3,,PV24,,,,
SKU_1095_COB,Vestidos Vestido Curto SKU_1095_COB,,Feminino,Vestidos,Vestido Curto,404.9,133.29,,PV24,,,,
SKU_1095_MAG,Vestidos Vestido Curto SKU_1095_MAG,,Feminino,Vestidos,Vestido Curto,404.9,133.29,,PV24,,,,
SKU_1096_CLE,Calças Calça Pantalona SKU_1096_CLE,,Feminino,Calças,Calça Pantalona,279.9,92.14,,PV24,,,,
SKU_1096_HOT,Calças Calça Pantalona SKU_1096_HOT,,Feminino,Calças,Calça Pantalona,279.9,92.14,,PV24,,,,
SKU_1097_AQU,Saias Saia Curta SKU_1097_AQU,,Feminino,Saias,Saia Curta,214.9,71.13,,PV24,,,,
SKU_1097_PAL,Saias Saia Curta SKU_1097_PAL,,Feminino,Saias,Saia Curta,214.9,71.13,,PV24,,,,
SKU_1098_HON,Calças Calça Jeans SKU_1098_HON,,Feminino,Calças,Calça Jeans,344.9,114.16,,PV24,,,,
SKU_1098_HUN,Calças Calça Jeans SKU_1098_HUN,,Feminino,Calças,Calça Jeans,344.9,114.16,,PV24,,,,
SKU_1099_PRI,Blusas Blusa Manga Curta SKU_1099_PRI,,Feminino,Blusas,Blusa Manga Curta,249.9,74.82,,PV24,,,,
SKU_1099_SAL,Blusas Blusa Manga Curta SKU_1099_SAL,,Feminino,Blusas,Blusa Manga Curta,249.9,74.82,,PV24,,,,
SKU_1100_COB,Blusas Blusa Manga Curta SKU_1100_COB,,Feminino,Blusas,Blusa Manga Curta,184.9,50.52,,PV24,,,,
SKU_1100_PEA,Blusas Blusa Manga Curta SKU_1100_PEA,,Feminino,Blusas,Blusa Manga Curta,184.9,50.52,,PV24,,,,
SKU_1101_CLE,Macacões Macacão Longo SKU_1101_CLE,,Feminino,Macacões,Macacão Longo,414.9,110.9,,PV24,,,,
SKU_1101_DEE,Macacões Macacão Longo SKU_1101_DEE,,Feminino,Macacões,Macacão Longo,414.9,110.9,,PV24,,,,
SKU_1102_FLA,Vestidos Vestido Longo SKU_1102_FLA,,Feminino,Vestidos,Vestido Longo,969.9,288.06,,PV24,,,,
SKU_1102_OFF,Vestidos Vestido Longo SKU_1102_OFF,,Feminino,Vestidos,Vestido Longo,969.9,288.06,,PV24,,,,
SKU_1103_EGR,T-shirts e Regatas T-shirt Básica SKU_1103_EGR,,Feminino,T-shirts e Regatas,T-shirt Básica,129.9,49.41,,PV24,,,,
SKU_1103_LIG,T-shirts e Regatas T-shirt Básica SKU_1103_LIG,,Feminino,T-shirts e Regatas,T-shirt Básica,129.9,49.41,,PV24,,,,
SKU_1104_MEX,T-shirts e Regatas T-shirt Básica SKU_1104_MEX,,Feminino,T-shirts e Regatas,T-shirt Básica,179.9,59.55,,PV24,,,,
SKU_1104_POW,T-shirts e Regatas T-shirt Básica SKU_1104_POW,,Feminino,T-shirts e Regatas,T-shirt Básica,179.9,59.55,,PV24,,,,
SKU_1105_ARM,Shorts e Bermudas Short Jeans SKU_1105_ARM,,Feminino,Shorts e Bermudas,Short Jeans,204.9,67.45,,PV24,,,,
SKU_1105_SER,Shorts e Bermudas Short Jeans SKU_1105_SER,,Feminino,Shorts e Bermudas,Short Jeans,204.9,67.45,,PV24,,,,
SKU_1106_MYS,Vestidos Vestido de Festa SKU_1106_MYS,,Feminino,Vestidos,Vestido de Festa,779.9,248.01,,PV24,,,,
SKU_1106_SNO,Vestidos Vestido de Festa SKU_1106_SNO,,Feminino,Vestidos,Vestido de Festa,779.9,248.01,,PV24,,,,
SKU_1107_BAL,Vestidos Vestido de Festa SKU_1107_BAL,,Feminino,Vestidos,Vestido de Festa,994.9,327.52,,PV24,,,,
SKU_1107_PAS,Vestidos Vestido de Festa SKU_1107_PAS,,Feminino,Vestidos,Vestido de Festa,994.9,327.52,,PV24,,,,
SKU_1108_PRI,Camisas Camisa Estampada SKU_1108_PRI,,Feminino,Camisas,Camisa Estampada,249.9,82.72,,PV24,,,,
SKU_1108_SNO,Camisas Camisa Estampada SKU_1108_SNO,,Feminino,Camisas,Camisa Estampada,249.9,82.72,,PV24,,,,
SKU_1109_CER,Camisas Camisa Estampada SKU_1109_CER,,Feminino,Camisas,Camisa Estampada,229.9,63.05,,PV24,,,,
SKU_1109_SAG,Camisas Camisa Estampada SKU_1109_SAG,,Feminino,Camisas,Camisa Estampada,229.9,63.05,,PV24,,,,
SKU_1110_FLA,Saias Saia Curta SKU_1110_FLA,,Feminino,Saias,Saia Curta,229.9,63.15,,PV24,,,,
SKU_1110_HUN,Saias Saia Curta SKU_1110_HUN,,Feminino,Saias,Saia Curta,229.9,63.15,,PV24,,,,
SKU_1111_BLU,Shorts e Bermudas Bermuda SKU_1111_BLU,,Feminino,Shorts e Bermudas,Bermuda,209.9,56.11,,PV24,,,,
SKU_1111_CRE,Shorts e Bermudas Bermuda SKU_1111_CRE,,Feminino,Shorts e Bermudas,Bermuda,209.9,56.11,,PV24,,,,
SKU_1112_EGR,Shorts e Bermudas Short Jeans SKU_1112_EGR,,Feminino,Shorts e Bermudas,Short Jeans,274.9,81.65,,PV24,,,,
SKU_1112_MIN,Shorts e Bermudas Short Jeans SKU_1112_MIN,,Feminino,Shorts e Bermudas,Short Jeans,274.9,81.65,,PV24,,,,
SKU_1113_OLI,Lenços Lenço Estampado SKU_1113_OLI,,Acessórios,Lenços,Lenço Estampado,184.9,72.55,,PV24,,,,
SKU_1113_VAN,Lenços Lenço Estampado SKU_1113_VAN,,Acessórios,Lenços,Lenço Estampado,184.9,72.55,,PV24,,,,
SKU_1114_GAR,Camisas Camisa Estampada SKU_1114_GAR,,Feminino,Camisas,Camisa Estampada,399.9,132.37,,PV24,,,,
SKU_1114_PRI,Camisas Camisa Estampada SKU_1114_PRI,,Feminino,Camisas,Camisa Estampada,399.9,132.37,,PV24,,,,
SKU_1115_LIM,Blusas Blusa Cropped SKU_1115_LIM,,Feminino,Blusas,Blusa Cropped,214.9,71.13,,PV24,,,,
SKU_1115_TEA,Blusas Blusa Cropped SKU_1115_TEA,,Feminino,Blusas,Blusa Cropped,214.9,71.13,,PV24,,,,
SKU_1116_MOS,Cintos Cinto de Couro SKU_1116_MOS,,Acessórios,Cintos,Cinto de Couro,239.9,78.98,,PV24,,,,
SKU_1116_SNO,Cintos Cinto de Couro SKU_1116_SNO,,Acessórios,Cintos,Cinto de Couro,239.9,78.98,,PV24,,,,
SKU_1117_MIN,Shorts e Bermudas Short Jeans SKU_1117_MIN,,Feminino,Shorts e Bermudas,Short Jeans,219.9,72.79,,PV24,,,,
SKU_1117_MOS,Shorts e Bermudas Short Jeans SKU_1117_MOS,,Feminino,Shorts e Bermudas,Short Jeans,219.9,72.79,,PV24,,,,
SKU_1118_DUS,Saias Saia Midi SKU_1118_DUS,,Feminino,Saias,Saia Midi,294.9,97.61,,PV24,,,,
SKU_1118_FUC,Saias Saia Midi SKU_1118_FUC,,Feminino,Saias,Saia Midi,294.9,97.61,,PV24,,,,
SKU_1119_LIG,T-shirts e Regatas Regata SKU_1119_LIG,,Feminino,T-shirts e Regatas,Regata,139.9,46.06,,PV24,,,,
SKU_1119_PAS,T-shirts e Regatas Regata SKU_1119_PAS,,Feminino,T-shirts e Regatas,Regata,139.9,46.06,,PV24,,,,
SKU_1120_AQU,Blusas Body SKU_1120_AQU,,Feminino,Blusas,Body,239.9,76.29,,PV24,,,,
SKU_1120_SAL,Blusas Body SKU_1120_SAL,,Feminino,Blusas,Body,239.9,76.29,,PV24,,,,
SKU_1121_MIN,Blusas Blusa Manga Curta SKU_1121_MIN,,Feminino,Blusas,Blusa Manga Curta,249.9,82.27,,PV24,,,,
SKU_1121_MYS,Blusas Blusa Manga Curta SKU_1121_MYS,,Feminino,Blusas,Blusa Manga Curta,249.9,82.27,,PV24,,,,
SKU_1122_PIS,Bolsas Bolsa Tiracolo SKU_1122_PIS,,Acessórios,Bolsas,Bolsa Tiracolo,424.9,140.64,,PV24,,,,
SKU_1122_ROY,Bolsas Bolsa Tiracolo SKU_1122_ROY,,Acessórios,Bolsas,Bolsa Tiracolo,424.9,140.64,,PV24,,,,
SKU_1123_BAB,Calças Calça Pantalona SKU_1123_BAB,,Feminino,Calças,Calça Pantalona,429.9,142.3,,PV24,,,,
SKU_1123_SER,Calças Calça Pantalona SKU_1123_SER,,Feminino,Calças,Calça Pantalona,429.9,142.3,,PV24,,,,
SKU_1124_BLU,Camisas Camisa Estampada SKU_1124_BLU,,Feminino,Camisas,Camisa Estampada,379.9,125.06,,PV24,,,,
SKU_1124_FOR,Camisas Camisa Estampada SKU_1124_FOR,,Feminino,Camisas,Camisa Estampada,379.9,125.06,,PV24,,,,
SKU_1125_MIN,Lenços Lenço Estampado SKU_1125_MIN,,Acessórios,Lenços,Lenço Estampado,159.9,52.64,,PV24,,,,
SKU_1125_SAP,Lenços Lenço Estampado SKU_1125_SAP,,Acessórios,Lenços,Lenço Estampado,159.9,52.64,,PV24,,,,
SKU_1126_WHI,Vestidos Vestido Longo SKU_1126_WHI,,Feminino,Vestidos,Vestido Longo,684.9,226.7,,PV24,,,,
SKU_1127_BLU,Cintos Cinto de Couro SKU_1127_BLU,,Acessórios,Cintos,Cinto de Couro,199.9,65.81,,PV24,,,,
SKU_1127_SAL,Cintos Cinto de Couro SKU_1127_SAL,,Acessórios,Cintos,Cinto de Couro,199.9,65.81,,PV24,,,,
SKU_1128_PRI,Macacões Macacão Longo SKU_1128_PRI,,Feminino,Macacões,Macacão Longo,409.9,134.94,,PV24,,,,
SKU_1128_TEA,Macacões Macacão Longo SKU_1128_TEA,,Feminino,Macacões,Macacão Longo,409.9,134.94,,PV24,,,,
SKU_1129_SAG,Calças Calça Pantalona SKU_1129_SAG,,Feminino,Calças,Calça Pantalona,384.9,127.4,,PV24,,,,
SKU_1129_VAN,Calças Calça Pantalona SKU_1129_VAN,,Feminino,Calças,Calça Pantalona,384.9,127.4,,PV24,,,,
SKU_1130_CRE,Blusas Blusa Cropped SKU_1130_CRE,,Feminino,Blusas,Blusa Cropped,249.9,74.03,,PV24,,,,
SKU_1130_MEX,Blusas Blusa Cropped SKU_1130_MEX,,Feminino,Blusas,Blusa Cropped,249.9,74.03,,PV24,,,,
SKU_1131_CLO,Vestidos Vestido de Festa SKU_1131_CLO,,Feminino,Vestidos,Vestido de Festa,884.9,271.07,,PV24,,,,
SKU_1131_JAD,Vestidos Vestido de Festa SKU_1131_JAD,,Feminino,Vestidos,Vestido de Festa,884.9,271.07,,PV24,,,,
SKU_1132_CLE,T-shirts e Regatas T-shirt Básica SKU_1132_CLE,,Feminino,T-shirts e Regatas,T-shirt Básica,174.9,51.47,,PV24,,,,
SKU_1132_NAV,T-shirts e Regatas T-shirt Básica SKU_1132_NAV,,Feminino,T-shirts e Regatas,T-shirt Básica,174.9,51.47,,PV24,,,,
SKU_1133_MOS,Vestidos Vestido Longo SKU_1133_MOS,,Feminino,Vestidos,Vestido Longo,909.9,270.24,,PV24,,,,
SKU_1133_PEA,Vestidos Vestido Longo SKU_1133_PEA,,Feminino,Vestidos,Vestido Longo,909.9,270.24,,PV24,,,,
SKU_1134_DUS,Saias Saia Curta SKU_1134_DUS,,Feminino,Saias,Saia Curta,224.9,88.25,,PV24,,,,
SKU_1134_PIN,Saias Saia Curta SKU_1134_PIN,,Feminino,Saias,Saia Curta,224.9,88.25,,PV24,,,,
SKU_1135_MAR,Shorts e Bermudas Short Jeans SKU_1135_MAR,,Feminino,Shorts e Bermudas,Short Jeans,179.9,68.39,,PV24,,,,
SKU_1135_ROS,Shorts e Bermudas Short Jeans SKU_1135_ROS,,Feminino,Shorts e Bermudas,Short Jeans,179.9,68.39,,PV24,,,,
SKU_1136_FUC,Lenços Lenço Estampado SKU_1136_FUC,,Acessórios,Lenços,Lenço Estampado,249.9,82.27,,PV24,,,,
SKU_1136_SNO,Lenços Lenço Estampado SKU_1136_SNO,,Acessórios,Lenços,Lenço Estampado,249.9,82.27,,PV24,,,,
SKU_1137_DEE,Saias Saia Longa SKU_1137_DEE,,Feminino,Saias,Saia Longa,404.9,128.76,,PV24,,,,
SKU_1137_PAL,Saias Saia Longa SKU_1137_PAL,,Feminino,Saias,Saia Longa,404.9,128.76,,PV24,,,,
SKU_1138_HON,Saias Saia Midi SKU_1138_HON,,Feminino,Saias,Saia Midi,224.9,71.52,,PV24,,,,
SKU_1138_PEA,Saias Saia Midi SKU_1138_PEA,,Feminino,Saias,Saia Midi,224.9,71.52,,PV24,,,,
SKU_1139_EGR,Calças Calça Jeans SKU_1139_EGR,,Feminino,Calças,Calça Jeans,289.9,95.96,,PV24,,,,
SKU_1139_PRI,Calças Calça Jeans SKU_1139_PRI,,Feminino,Calças,Calça Jeans,289.9,95.96,,PV24,,,,
SKU_1140_ROS,Blusas Blusa Manga Curta SKU_1140_ROS,,Feminino,Blusas,Blusa Manga Curta,199.9,59.77,,PV24,,,,
SKU_1140_SNO,Blusas Blusa Manga Curta SKU_1140_SNO,,Feminino,Blusas,Blusa Manga Curta,199.9,59.77,,PV24,,,,
SKU_1141_CLE,Camisas Camisa Estampada SKU_1141_CLE,,Feminino,Camisas,Camisa Estampada,364.9,110.42,,PV24,,,,
SKU_1141_SKY,Camisas Camisa Estampada SKU_1141_SKY,,Feminino,Camisas,Camisa Estampada,364.9,110.42,,PV24,,,,
SKU_1142_MIN,Camisas Camisa Alfaiataria SKU_1142_MIN,,Feminino,Camisas,Camisa Alfaiataria,339.9,90.86,,PV24,,,,
SKU_1142_PAS,Camisas Camisa Alfaiataria SKU_1142_PAS,,Feminino,Camisas,Camisa Alfaiataria,339.9,90.86,,PV24,,,,
SKU_1143_IVO,Cintos Cinto de Couro SKU_1143_IVO,,Acessórios,Cintos,Cinto de Couro,194.9,63.73,,PV24,,,,
SKU_1143_SNO,Cintos Cinto de Couro SKU_1143_SNO,,Acessórios,Cintos,Cinto de Couro,194.9,63.73,,PV24,,,,
SKU_1144_BUB,Vestidos Vestido Curto SKU_1144_BUB,,Feminino,Vestidos,Vestido Curto,329.9,125.49,,PV24,,,,
SKU_1144_SEA,Vestidos Vestido Curto SKU_1144_SEA,,Feminino,Vestidos,Vestido Curto,329.9,125.49,,PV24,,,,
SKU_1145_LIG,Vestidos Vestido Curto SKU_1145_LIG,,Feminino,Vestidos,Vestido Curto,449.9,148.92,,PV24,,,,
SKU_1145_MOS,Vestidos Vestido Curto SKU_1145_MOS,,Feminino,Vestidos,Vestido Curto,449.9,148.92,,PV24,,,,
SKU_1146_CER,Vestidos Vestido Curto SKU_1146_CER,,Feminino,Vestidos,Vestido Curto,469.9,154.69,,PV24,,,,
SKU_1146_FRE,Vestidos Vestido Curto SKU_1146_FRE,,Feminino,Vestidos,Vestido Curto,469.9,154.69,,PV24,,,,
SKU_1147_COR,Calças Calça Pantalona SKU_1147_COR,,Feminino,Calças,Calça Pantalona,349.9,115.82,,PV24,,,,
SKU_1147_MEX,Calças Calça Pantalona SKU_1147_MEX,,Feminino,Calças,Calça Pantalona,349.9,115.82,,PV24,,,,
SKU_1148_SPA,Bolsas Bolsa Tiracolo SKU_1148_SPA,,Acessórios,Bolsas,Bolsa Tiracolo,434.9,143.95,,PV24,,,,
SKU_1148_TEA,Bolsas Bolsa Tiracolo SKU_1148_TEA,,Acessórios,Bolsas,Bolsa Tiracolo,434.9,143.95,,PV24,,,,
SKU_1149_IVO,Blusas Blusa Cropped SKU_1149_IVO,,Feminino,Blusas,Blusa Cropped,159.9,50.85,,PV24,,,,
SKU_1149_OLI,Blusas Blusa Cropped SKU_1149_OLI,,Feminino,Blusas,Blusa Cropped,159.9,50.85,,PV24,,,,
SKU_1150_SAG,Vestidos Vestido Longo SKU_1150_SAG,,Feminino,Vestidos,Vestido Longo,634.9,199.04,,PV24,,,,
SKU_1150_VAN,Vestidos Vestido Longo SKU_1150_VAN,,Feminino,Vestidos,Vestido Longo,634.9,199.04,,PV24,,,,
SKU_1151_CRE,Vestidos Vestido de Festa SKU_1151_CRE,,Feminino,Vestidos,Vestido de Festa,809.9,247.29,,PV24,,,,
SKU_1151_JAD,Vestidos Vestido de Festa SKU_1151_JAD,,Feminino,Vestidos,Vestido de Festa,809.9,247.29,,PV24,,,,
SKU_1152_CLO,Vestidos Vestido Longo SKU_1152_CLO,,Feminino,Vestidos,Vestido Longo,1014.9,271.28,,PV24,,,,
SKU_1152_WHI,Vestidos Vestido Longo SKU_1152_WHI,,Feminino,Vestidos,Vestido Longo,1014.9,271.28,,PV24,,,,
SKU_1153_MOS,Camisas Camisa Estampada SKU_1153_MOS,,Feminino,Camisas,Camisa Estampada,374.9,111.35,,PV24,,,,
SKU_1153_PEA,Camisas Camisa Estampada SKU_1153_PEA,,Feminino,Camisas,Camisa Estampada,374.9,111.35,,PV24,,,,
SKU_1154_PEA,Vestidos Vestido Midi SKU_1154_PEA,,Feminino,Vestidos,Vestido Midi,534.9,209.89,,PV24,,,,
SKU_1154_VAN,Vestidos Vestido Midi SKU_1154_VAN,,Feminino,Vestidos,Vestido Midi,534.9,209.89,,PV24,,,,
SKU_1155_ARM,Vestidos Vestido Longo SKU_1155_ARM,,Feminino,Vestidos,Vestido Longo,774.9,294.59,,PV24,,,,
SKU_1155_BAB,Vestidos Vestido Longo SKU_1155_BAB,,Feminino,Vestidos,Vestido Longo,774.9,294.59,,PV24,,,,
SKU_1156_EGR,Vestidos Vestido Curto SKU_1156_EGR,,Feminino,Vestidos,Vestido Curto,284.9,90.6,,PV24,,,,
SKU_1156_FLA,Vestidos Vestido Curto SKU_1156_FLA,,Feminino,Vestidos,Vestido Curto,284.9,90.6,,PV24,,,,
SKU_1157_DEE,Shorts e Bermudas Short Alfaiataria SKU_1157_DEE,,Feminino,Shorts e Bermudas,Short Alfaiataria,189.9,62.52,,PV24,,,,
SKU_1157_PAS,Shorts e Bermudas Short Alfaiataria SKU_1157_PAS,,Feminino,Shorts e Bermudas,Short Alfaiataria,189.9,62.52,,PV24,,,,
SKU_1158_AQU,Vestidos Vestido Longo SKU_1158_AQU,,Feminino,Vestidos,Vestido Longo,689.9,219.39,,PV24,,,,
SKU_1158_MYS,Vestidos Vestido Longo SKU_1158_MYS,,Feminino,Vestidos,Vestido Longo,689.9,219.39,,PV24,,,,
SKU_1159_PAS,Cintos Cinto de Couro SKU_1159_PAS,,Acessórios,Cintos,Cinto de Couro,179.9,59.55,,PV24,,,,
SKU_1159_PRI,Cintos Cinto de Couro SKU_1159_PRI,,Acessórios,Cintos,Cinto de Couro,179.9,59.55,,PV24,,,,
SKU_1160_DUS,Blusas Blusa Manga Curta SKU_1160_DUS,,Feminino,Blusas,Blusa Manga Curta,204.9,67.82,,PV24,,,,
SKU_1160_LIM,Blusas Blusa Manga Curta SKU_1160_LIM,,Feminino,Blusas,Blusa Manga Curta,204.9,67.82,,PV24,,,,
SKU_1161_DUS,Vestidos Vestido Midi SKU_1161_DUS,,Feminino,Vestidos,Vestido Midi,424.9,140.64,,PV24,,,,
SKU_1161_MEX,Vestidos Vestido Midi SKU_1161_MEX,,Feminino,Vestidos,Vestido Midi,424.9,140.64,,PV24,,,,
SKU_1162_BUB,Vestidos Vestido de Festa SKU_1162_BUB,,Feminino,Vestidos,Vestido de Festa,759.9,241.65,,PV24,,,,
SKU_1162_HOT,Vestidos Vestido de Festa SKU_1162_HOT,,Feminino,Vestidos,Vestido de Festa,759.9,241.65,,PV24,,,,
SKU_1163_HUN,Blusas Body SKU_1163_HUN,,Feminino,Blusas,Body,249.9,82.27,,PV24,,,,
SKU_1163_SPA,Blusas Body SKU_1163_SPA,,Feminino,Blusas,Body,249.9,82.27,,PV24,,,,
SKU_1164_BRI,Shorts e Bermudas Short Alfaiataria SKU_1164_BRI,,Feminino,Shorts e Bermudas,Short Alfaiataria,199.9,63.57,,PV24,,,,
SKU_1164_MIN,Shorts e Bermudas Short Alfaiataria SKU_1164_MIN,,Feminino,Shorts e Bermudas,Short Alfaiataria,199.9,63.57,,PV24,,,,
SKU_1165_HUN,Calças Calça Pantalona SKU_1165_HUN,,Feminino,Calças,Calça Pantalona,339.9,108.09,,PV24,,,,
SKU_1165_MAR,Calças Calça Pantalona SKU_1165_MAR,,Feminino,Calças,Calça Pantalona,339.9,108.09,,PV24,,,,
SKU_1166_FRE,Bolsas Bolsa Tote SKU_1166_FRE,,Acessórios,Bolsas,Bolsa Tote,604.9,192.36,,PV24,,,,
SKU_1166_PIS,Bolsas Bolsa Tote SKU_1166_PIS,,Acessórios,Bolsas,Bolsa Tote,604.9,192.36,,PV24,,,,
SKU_1167_JAD,Vestidos Vestido de Festa SKU_1167_JAD,,Feminino,Vestidos,Vestido de Festa,744.9,236.88,,PV24,,,,
SKU_1167_WHI,Vestidos Vestido de Festa SKU_1167_WHI,,Feminino,Vestidos,Vestido de Festa,744.9,236.88,,PV24,,,,
SKU_1168_BLU,Vestidos Vestido de Festa SKU_1168_BLU,,Feminino,Vestidos,Vestido de Festa,759.9,251.53,,PV24,,,,
SKU_1168_GAR,Vestidos Vestido de Festa SKU_1168_GAR,,Feminino,Vestidos,Vestido de Festa,759.9,251.53,,PV24,,,,
SKU_1169_BUB,Blusas Blusa Manga Curta SKU_1169_BUB,,Feminino,Blusas,Blusa Manga Curta,199.9,63.57,,PV24,,,,
SKU_1169_MEX,Blusas Blusa Manga Curta SKU_1169_MEX,,Feminino,Blusas,Blusa Manga Curta,199.9,63.57,,PV24,,,,
SKU_1170_GAR,Vestidos Vestido Longo SKU_1170_GAR,,Feminino,Vestidos,Vestido Longo,894.9,294.6,,PV24,,,,
SKU_1170_OFF,Vestidos Vestido Longo SKU_1170_OFF,,Feminino,Vestidos,Vestido Longo,894.9,294.6,,PV24,,,,
SKU_1171_EME,Shorts e Bermudas Short Jeans SKU_1171_EME,,Feminino,Shorts e Bermudas,Short Jeans,184.9,56.61,,PV24,,,,
SKU_1171_MIN,Shorts e Bermudas Short Jeans SKU_1171_MIN,,Feminino,Shorts e Bermudas,Short Jeans,184.9,56.61,,PV24,,,,
SKU_1172_ARM,Vestidos Vestido Curto SKU_1172_ARM,,Feminino,Vestidos,Vestido Curto,359.9,110.44,,PV24,,,,
SKU_1172_PIN,Vestidos Vestido Curto SKU_1172_PIN,,Feminino,Vestidos,Vestido Curto,359.9,110.44,,PV24,,,,
SKU_1173_AQU,Calças Calça Jeans SKU_1173_AQU,,Feminino,Calças,Calça Jeans,294.9,86.79,,PV24,,,,
SKU_1173_GAR,Calças Calça Jeans SKU_1173_GAR,,Feminino,Calças,Calça Jeans,294.9,86.79,,PV24,,,,
SKU_1174_BLU,Saias Saia Curta SKU_1174_BLU,,Feminino,Saias,Saia Curta,209.9,66.54,,PV24,,,,
SKU_1174_PEA,Saias Saia Curta SKU_1174_PEA,,Feminino,Saias,Saia Curta,209.9,66.54,,PV24,,,,
SKU_1175_CLE,Shorts e Bermudas Bermuda SKU_1175_CLE,,Feminino,Shorts e Bermudas,Bermuda,269.9,88.18,,PV24,,,,
SKU_1175_FUC,Shorts e Bermudas Bermuda SKU_1175_FUC,,Feminino,Shorts e Bermudas,Bermuda,269.9,88.18,,PV24,,,,
SKU_1176_GAR,Vestidos Vestido Curto SKU_1176_GAR,,Feminino,Vestidos,Vestido Curto,324.9,123.59,,PV24,,,,
SKU_1176_NAV,Vestidos Vestido Curto SKU_1176_NAV,,Feminino,Vestidos,Vestido Curto,324.9,123.59,,PV24,,,,
SKU_1177_MIN,Blusas Blusa Cropped SKU_1177_MIN,,Feminino,Blusas,Blusa Cropped,239.9,78.98,,PV24,,,,
SKU_1177_PEA,Blusas Blusa Cropped SKU_1177_PEA,,Feminino,Blusas,Blusa Cropped,239.9,78.98,,PV24,,,,
SKU_1178_MID,Blusas Body SKU_1178_MID,,Feminino,Blusas,Body,319.9,101.73,,PV24,,,,
SKU_1178_RAS,Blusas Body SKU_1178_RAS,,Feminino,Blusas,Body,319.9,101.73,,PV24,,,,
SKU_1179_TUR,Saias Saia Midi SKU_1179_TUR,,Feminino,Saias,Saia Midi,339.9,108.09,,PV24,,,,
SKU_1179_VAN,Saias Saia Midi SKU_1179_VAN,,Feminino,Saias,Saia Midi,339.9,108.09,,PV24,,,,
SKU_1180_AQU,Macacões Macacão Longo SKU_1180_AQU,,Feminino,Macacões,Macacão Longo,529.9,152.66,,PV24,,,,
SKU_1180_ROY,Macacões Macacão Longo SKU_1180_ROY,,Feminino,Macacões,Macacão Longo,529.9,152.66,,PV24,,,,
SKU_1181_AQU,Saias Saia Curta SKU_1181_AQU,,Feminino,Saias,Saia Curta,289.9,89.77,,PV24,,,,
SKU_1181_SER,Saias Saia Curta SKU_1181_SER,,Feminino,Saias,Saia Curta,289.9,89.77,,PV24,,,,
SKU_1182_BIR,Vestidos Vestido de Festa SKU_1182_BIR,,Feminino,Vestidos,Vestido de Festa,839.9,253.5,,PV24,,,,
SKU_1182_PIN,Vestidos Vestido de Festa SKU_1182_PIN,,Feminino,Vestidos,Vestido de Festa,839.9,253.5,,PV24,,,,
SKU_1183_MOS,Vestidos Vestido Midi SKU_1183_MOS,,Feminino,Vestidos,Vestido Midi,649.9,216.77,,PV24,,,,
SKU_1183_POW,Vestidos Vestido Midi SKU_1183_POW,,Feminino,Vestidos,Vestido Midi,649.9,216.77,,PV24,,,,
SKU_1184_BAB,Calças Calça Pantalona SKU_1184_BAB,,Feminino,Calças,Calça Pantalona,339.9,119.13,,PV24,,,,
SKU_1184_HOT,Calças Calça Pantalona SKU_1184_HOT,,Feminino,Calças,Calça Pantalona,339.9,119.13,,PV24,,,,
SKU_1185_BAL,Vestidos Vestido de Festa SKU_1185_BAL,,Feminino,Vestidos,Vestido de Festa,989.9,374.73,,PV24,,,,
SKU_1185_MAG,Vestidos Vestido de Festa SKU_1185_MAG,,Feminino,Vestidos,Vestido de Festa,989.9,374.73,,PV24,,,,
SKU_1186_FLA,Bolsas Bolsa Tiracolo SKU_1186_FLA,,Acessórios,Bolsas,Bolsa Tiracolo,474.9,156.34,,PV24,,,,
SKU_1186_MEX,Bolsas Bolsa Tiracolo SKU_1186_MEX,,Acessórios,Bolsas,Bolsa Tiracolo,474.9,156.34,,PV24,,,,
SKU_1187_JAD,Vestidos Vestido Curto SKU_1187_JAD,,Feminino,Vestidos,Vestido Curto,309.9,102.58,,PV24,,,,
SKU_1187_OLI,Vestidos Vestido Curto SKU_1187_OLI,,Feminino,Vestidos,Vestido Curto,309.9,102.58,,PV24,,,,
SKU_1188_BAB,Blusas Blusa Cropped SKU_1188_BAB,,Feminino,Blusas,Blusa Cropped,239.9,79.41,,PV24,,,,
SKU_1188_TEA,Blusas Blusa Cropped SKU_1188_TEA,,Feminino,Blusas,Blusa Cropped,239.9,79.41,,PV24,,,,
SKU_1189_FUC,Shorts e Bermudas Short Alfaiataria SKU_1189_FUC,,Feminino,Shorts e Bermudas,Short Alfaiataria,234.9,77.75,,PV24,,,,
SKU_1189_ROY,Shorts e Bermudas Short Alfaiataria SKU_1189_ROY,,Feminino,Shorts e Bermudas,Short Alfaiataria,234.9,77.75,,PV24,,,,
SKU_1190_MAG,Vestidos Vestido Midi SKU_1190_MAG,,Feminino,Vestidos,Vestido Midi,579.9,168.61,,PV24,,,,
SKU_1190_TEA,Vestidos Vestido Midi SKU_1190_TEA,,Feminino,Vestidos,Vestido Midi,579.9,168.61,,PV24,,,,
SKU_1191_MIN,T-shirts e Regatas T-shirt Estampada SKU_1191_MIN,,Feminino,T-shirts e Regatas,T-shirt Estampada,184.9,57.56,,PV24,,,,
SKU_1191_MYS,T-shirts e Regatas T-shirt Estampada SKU_1191_MYS,,Feminino,T-shirts e Regatas,T-shirt Estampada,184.9,57.56,,PV24,,,,
SKU_1192_MAR,Shorts e Bermudas Short Alfaiataria SKU_1192_MAR,,Feminino,Shorts e Bermudas,Short Alfaiataria,234.9,64.39,,PV24,,,,
SKU_1192_RAS,Shorts e Bermudas Short Alfaiataria SKU_1192_RAS,,Feminino,Shorts e Bermudas,Short Alfaiataria,234.9,64.39,,PV24,,,,
SKU_1193_CLE,Calças Calça Jeans SKU_1193_CLE,,Feminino,Calças,Calça Jeans,444.9,140.61,,PV24,,,,
SKU_1193_ROS,Calças Calça Jeans SKU_1193_ROS,,Feminino,Calças,Calça Jeans,444.9,140.61,,PV24,,,,
SKU_1194_FLA,Saias Saia Curta SKU_1194_FLA,,Feminino,Saias,Saia Curta,219.9,77.12,,PV24,,,,
SKU_1194_SAG,Saias Saia Curta SKU_1194_SAG,,Feminino,Saias,Saia Curta,219.9,77.12,,PV24,,,,
SKU_1195_HUN,Bolsas Bolsa Tote SKU_1195_HUN,,Acessórios,Bolsas,Bolsa Tote,469.9,160.22,,PV24,,,,
SKU_1195_SAL,Bolsas Bolsa Tote SKU_1195_SAL,,Acessórios,Bolsas,Bolsa Tote,469.9,160.22,,PV24,,,,
SKU_1196_PEA,Camisas Camisa Alfaiataria SKU_1196_PEA,,Feminino,Camisas,Camisa Alfaiataria,304.9,118.26,,PV24,,,,
SKU_1196_RAS,Camisas Camisa Alfaiataria SKU_1196_RAS,,Feminino,Camisas,Camisa Alfaiataria,304.9,118.26,,PV24,,,,
SKU_1197_COR,Vestidos Vestido de Festa SKU_1197_COR,,Feminino,Vestidos,Vestido de Festa,794.9,261.68,,PV24,,,,
SKU_1197_ROS,Vestidos Vestido de Festa SKU_1197_ROS,,Feminino,Vestidos,Vestido de Festa,794.9,261.68,,PV24,,,,
SKU_1198_SAL,Saias Saia Longa SKU_1198_SAL,,Feminino,Saias,Saia Longa,334.9,106.5,,PV24,,,,
SKU_1198_SEA,Saias Saia Longa SKU_1198_SEA,,Feminino,Saias,Saia Longa,334.9,106.5,,PV24,,,,
SKU_1199_PAL,Lenços Lenço Estampado SKU_1199_PAL,,Acessórios,Lenços,Lenço Estampado,209.9,57.54,,PV24,,,,
SKU_1199_TEA,Lenços Lenço Estampado SKU_1199_TEA,,Acessórios,Lenços,Lenço Estampado,209.9,57.54,,PV24,,,,
SKU_1200_MID,Blusas Blusa Cropped SKU_1200_MID,,Feminino,Blusas,Blusa Cropped,179.9,53.27,,PV24,,,,
SKU_1200_PAS,Blusas Blusa Cropped SKU_1200_PAS,,Feminino,Blusas,Blusa Cropped,179.9,53.27,,PV24,,,,
SKU_1201_BIR,Vestidos Vestido Midi SKU_1201_BIR,,Feminino,Vestidos,Vestido Midi,484.9,154.46,,PV24,,,,
SKU_1201_SAG,Vestidos Vestido Midi SKU_1201_SAG,,Feminino,Vestidos,Vestido Midi,484.9,154.46,,PV24,,,,
SKU_1202_CLE,Vestidos Vestido Longo SKU_1202_CLE,,Feminino,Vestidos,Vestido Longo,814.9,296.56,,PV24,,,,
SKU_1202_LIG,Vestidos Vestido Longo SKU_1202_LIG,,Feminino,Vestidos,Vestido Longo,814.9,296.56,,PV24,,,,
SKU_1203_FLA,Vestidos Vestido Longo SKU_1203_FLA,,Feminino,Vestidos,Vestido Longo,759.9,276.13,,PV24,,,,
SKU_1203_OFF,Vestidos Vestido Longo SKU_1203_OFF,,Feminino,Vestidos,Vestido Longo,759.9,276.13,,PV24,,,,
SKU_1204_AQU,Calças Calça Pantalona SKU_1204_AQU,,Feminino,Calças,Calça Pantalona,349.9,134.99,,PV24,,,,
SKU_1204_MIN,Calças Calça Pantalona SKU_1204_MIN,,Feminino,Calças,Calça Pantalona,349.9,134.99,,PV24,,,,
SKU_1205_COR,Vestidos Vestido de Festa SKU_1205_COR,,Feminino,Vestidos,Vestido de Festa,794.9,263.11,,PV24,,,,
SKU_1205_RAS,Vestidos Vestido de Festa SKU_1205_RAS,,Feminino,Vestidos,Vestido de Festa,794.9,263.11,,PV24,,,,
SKU_1206_BLA,Calças Calça Jeans SKU_1206_BLA,,Feminino,Calças,Calça Jeans,414.9,137.33,,PV24,,,,
SKU_1206_HUN,Calças Calça Jeans SKU_1206_HUN,,Feminino,Calças,Calça Jeans,414.9,137.33,,PV24,,,,
SKU_1207_BLA,Vestidos Vestido Longo SKU_1207_BLA,,Feminino,Vestidos,Vestido Longo,1019.9,335.75,,PV24,,,,
SKU_1207_POW,Vestidos Vestido Longo SKU_1207_POW,,Feminino,Vestidos,Vestido Longo,1019.9,335.75,,PV24,,,,
SKU_1208_MOS,Vestidos Vestido Longo SKU_1208_MOS,,Feminino,Vestidos,Vestido Longo,644.9,245.09,,PV24,,,,
SKU_1208_PAS,Vestidos Vestido Longo SKU_1208_PAS,,Feminino,Vestidos,Vestido Longo,644.9,245.09,,PV24,,,,
SKU_1209_BLA,Camisas Camisa Estampada SKU_1209_BLA,,Feminino,Camisas,Camisa Estampada,279.9,107.93,,PV24,,,,
SKU_1209_DUS,Camisas Camisa Estampada SKU_1209_DUS,,Feminino,Camisas,Camisa Estampada,279.9,107.93,,PV24,,,,
SKU_1210_SHO,Blusas Blusa Cropped SKU_1210_SHO,,Feminino,Blusas,Blusa Cropped,204.9,80.15,,PV24,,,,
SKU_1210_WHI,Blusas Blusa Cropped SKU_1210_WHI,,Feminino,Blusas,Blusa Cropped,204.9,80.15,,PV24,,,,
SKU_1211_CRE,Shorts e Bermudas Short Alfaiataria SKU_1211_CRE,,Feminino,Shorts e Bermudas,Short Alfaiataria,319.9,105.31,,PV24,,,,
SKU_1211_GAR,Shorts e Bermudas Short Alfaiataria SKU_1211_GAR,,Feminino,Shorts e Bermudas,Short Alfaiataria,319.9,105.31,,PV24,,,,
SKU_1212_COB,Blusas Blusa Cropped SKU_1212_COB,,Feminino,Blusas,Blusa Cropped,219.9,69.93,,PV24,,,,
SKU_1212_SNO,Blusas Blusa Cropped SKU_1212_SNO,,Feminino,Blusas,Blusa Cropped,219.9,69.93,,PV24,,,,
SKU_1213_MAG,Vestidos Vestido de Festa SKU_1213_MAG,,Feminino,Vestidos,Vestido de Festa,874.9,288.02,,PV24,,,,
SKU_1213_POW,Vestidos Vestido de Festa SKU_1213_POW,,Feminino,Vestidos,Vestido de Festa,874.9,288.02,,PV24,,,,
SKU_1214_BLA,Macacões Macaquinho SKU_1214_BLA,,Feminino,Macacões,Macaquinho,299.9,94.02,,PV24,,,,
SKU_1214_RAS,Macacões Macaquinho SKU_1214_RAS,,Feminino,Macacões,Macaquinho,299.9,94.02,,PV24,,,,
SKU_1215_BRI,Blusas Blusa Manga Curta SKU_1215_BRI,,Feminino,Blusas,Blusa Manga Curta,219.9,69.01,,PV24,,,,
SKU_1215_MAG,Blusas Blusa Manga Curta SKU_1215_MAG,,Feminino,Blusas,Blusa Manga Curta,219.9,69.01,,PV24,,,,
SKU_1216_CRE,Vestidos Vestido Midi SKU_1216_CRE,,Feminino,Vestidos,Vestido Midi,569.9,152.33,,PV24,,,,
SKU_1216_WHI,Vestidos Vestido Midi SKU_1216_WHI,,Feminino,Vestidos,Vestido Midi,569.9,152.33,,PV24,,,,
SKU_1217_RAS,Vestidos Vestido de Festa SKU_1217_RAS,,Feminino,Vestidos,Vestido de Festa,819.9,259.91,,PV24,,,,
SKU_1217_ROS,Vestidos Vestido de Festa SKU_1217_ROS,,Feminino,Vestidos,Vestido de Festa,819.9,259.91,,PV24,,,,
SKU_1218_BLU,Vestidos Vestido Longo SKU_1218_BLU,,Feminino,Vestidos,Vestido Longo,654.9,256.98,,PV24,,,,
SKU_1218_SNO,Vestidos Vestido Longo SKU_1218_SNO,,Feminino,Vestidos,Vestido Longo,654.9,256.98,,PV24,,,,
SKU_1219_LIM,Vestidos Vestido Curto SKU_1219_LIM,,Feminino,Vestidos,Vestido Curto,394.9,150.13,,PV24,,,,
SKU_1219_MAR,Vestidos Vestido Curto SKU_1219_MAR,,Feminino,Vestidos,Vestido Curto,394.9,150.13,,PV24,,,,
SKU_1220_HOT,Calças Calça Jeans SKU_1220_HOT,,Feminino,Calças,Calça Jeans,304.9,100.92,,PV24,,,,
SKU_1220_TUR,Calças Calça Jeans SKU_1220_TUR,,Feminino,Calças,Calça Jeans,304.9,100.92,,PV24,,,,
SKU_1221_PAL,Bolsas Bolsa Tiracolo SKU_1221_PAL,,Acessórios,Bolsas,Bolsa Tiracolo,734.9,233.7,,PV24,,,,
SKU_1221_SAG,Bolsas Bolsa Tiracolo SKU_1221_SAG,,Acessórios,Bolsas,Bolsa Tiracolo,734.9,233.7,,PV24,,,,
SKU_1222_HON,Vestidos Vestido Longo SKU_1222_HON,,Feminino,Vestidos,Vestido Longo,844.9,278.14,,PV24,,,,
SKU_1222_PAS,Vestidos Vestido Longo SKU_1222_PAS,,Feminino,Vestidos,Vestido Longo,844.9,278.14,,PV24,,,,
SKU_1223_BLA,T-shirts e Regatas T-shirt Básica SKU_1223_BLA,,Feminino,T-shirts e Regatas,T-shirt Básica,144.9,47.7,,PV24,,,,
SKU_1223_TEA,T-shirts e Regatas T-shirt Básica SKU_1223_TEA,,Feminino,T-shirts e Regatas,T-shirt Básica,144.9,47.7,,PV24,,,,
SKU_1224_ARM,Calças Calça Pantalona SKU_1224_ARM,,Feminino,Calças,Calça Pantalona,414.9,135.67,,PV24,,,,
SKU_1224_OLI,Calças Calça Pantalona SKU_1224_OLI,,Feminino,Calças,Calça Pantalona,414.9,135.67,,PV24,,,,
SKU_1225_IVO,Saias Saia Midi SKU_1225_IVO,,Feminino,Saias,Saia Midi,214.9,65.1,,PV24,,,,
SKU_1225_POW,Saias Saia Midi SKU_1225_POW,,Feminino,Saias,Saia Midi,214.9,65.1,,PV24,,,,
SKU_1226_LIG,Vestidos Vestido Midi SKU_1226_LIG,,Feminino,Vestidos,Vestido Midi,484.9,138.34,,PV24,,,,
SKU_1226_PAL,Vestidos Vestido Midi SKU_1226_PAL,,Feminino,Vestidos,Vestido Midi,484.9,138.34,,PV24,,,,
SKU_1227_CLO,Calças Calça Pantalona SKU_1227_CLO,,Feminino,Calças,Calça Pantalona,399.9,118.77,,PV24,,,,
SKU_1227_PAS,Calças Calça Pantalona SKU_1227_PAS,,Feminino,Calças,Calça Pantalona,399.9,118.77,,PV24,,,,
SKU_1228_SPA,Saias Saia Midi SKU_1228_SPA,,Feminino,Saias,Saia Midi,289.9,113.76,,PV24,,,,
SKU_1228_WHI,Saias Saia Midi SKU_1228_WHI,,Feminino,Saias,Saia Midi,289.9,113.76,,PV24,,,,
SKU_1229_CLO,Vestidos Vestido Longo SKU_1229_CLO,,Feminino,Vestidos,Vestido Longo,859.9,283.08,,PV24,,,,
SKU_1229_SAL,Vestidos Vestido Longo SKU_1229_SAL,,Feminino,Vestidos,Vestido Longo,859.9,283.08,,PV24,,,,
SKU_1230_NAV,Camisas Camisa Alfaiataria SKU_1230_NAV,,Feminino,Camisas,Camisa Alfaiataria,399.9,131.65,,PV24,,,,
SKU_1230_ROS,Camisas Camisa Alfaiataria SKU_1230_ROS,,Feminino,Camisas,Camisa Alfaiataria,399.9,131.65,,PV24,,,,
SKU_1231_BIR,Bolsas Bolsa Tote SKU_1231_BIR,,Acessórios,Bolsas,Bolsa Tote,479.9,158.85,,PV24,,,,
SKU_1231_LIG,Bolsas Bolsa Tote SKU_1231_LIG,,Acessórios,Bolsas,Bolsa Tote,479.9,158.85,,PV24,,,,
SKU_1232_AQU,Macacões Macaquinho SKU_1232_AQU,,Feminino,Macacões,Macaquinho,354.9,117.47,,PV24,,,,
SKU_1232_FOR,Macacões Macaquinho SKU_1232_FOR,,Feminino,Macacões,Macaquinho,354.9,117.47,,PV24,,,,
SKU_1233_JAD,Saias Saia Midi SKU_1233_JAD,,Feminino,Saias,Saia Midi,239.9,78.98,,PV24,,,,
SKU_1233_SEA,Saias Saia Midi SKU_1233_SEA,,Feminino,Saias,Saia Midi,239.9,78.98,,PV24,,,,
SKU_1234_MOS,Lenços Lenço Estampado SKU_1234_MOS,,Acessórios,Lenços,Lenço Estampado,204.9,66.47,,PV24,,,,
SKU_1234_SAL,Lenços Lenço Estampado SKU_1234_SAL,,Acessórios,Lenços,Lenço Estampado,204.9,66.47,,PV24,,,,
SKU_1235_COR,Calças Calça Jeans SKU_1235_COR,,Feminino,Calças,Calça Jeans,469.9,135.55,,PV24,,,,
SKU_1235_HUN,Calças Calça Jeans SKU_1235_HUN,,Feminino,Calças,Calça Jeans,469.9,135.55,,PV24,,,,
SKU_1236_DEE,Macacões Macacão Longo SKU_1236_DEE,,Feminino,Macacões,Macacão Longo,569.9,176.67,,PV24,,,,
SKU_1236_LIM,Macacões Macacão Longo SKU_1236_LIM,,Feminino,Macacões,Macacão Longo,569.9,176.67,,PV24,,,,
SKU_1237_BAB,Vestidos Vestido Longo SKU_1237_BAB,,Feminino,Vestidos,Vestido Longo,999.9,285.27,,PV24,,,,
SKU_1237_GAR,Vestidos Vestido Longo SKU_1237_GAR,,Feminino,Vestidos,Vestido Longo,999.9,285.27,,PV24,,,,
SKU_1238_SAP,Bolsas Bolsa Tiracolo SKU_1238_SAP,,Acessórios,Bolsas,Bolsa Tiracolo,459.9,145.79,,PV24,,,,
SKU_1238_TUR,Bolsas Bolsa Tiracolo SKU_1238_TUR,,Acessórios,Bolsas,Bolsa Tiracolo,459.9,145.79,,PV24,,,,
SKU_1239_BAB,Calças Calça Jeans SKU_1239_BAB,,Feminino,Calças,Calça Jeans,309.9,117.89,,PV24,,,,
SKU_1239_MID,Calças Calça Jeans SKU_1239_MID,,Feminino,Calças,Calça Jeans,309.9,117.89,,PV24,,,,
SKU_1240_MOS,Vestidos Vestido Longo SKU_1240_MOS,,Feminino,Vestidos,Vestido Longo,999.9,329.17,,PV24,,,,
SKU_1240_PAL,Vestidos Vestido Longo SKU_1240_PAL,,Feminino,Vestidos,Vestido Longo,999.9,329.17,,PV24,,,,
SKU_1241_BAL,Vestidos Vestido Curto SKU_1241_BAL,,Feminino,Vestidos,Vestido Curto,359.9,118.48,,PV24,,,,
SKU_1241_FLA,Vestidos Vestido Curto SKU_1241_FLA,,Feminino,Vestidos,Vestido Curto,359.9,118.48,,PV24,,,,
SKU_1242_AQU,Camisas Camisa Estampada SKU_1242_AQU,,Feminino,Camisas,Camisa Estampada,314.9,100.14,,PV24,,,,
SKU_1242_SKY,Camisas Camisa Estampada SKU_1242_SKY,,Feminino,Camisas,Camisa Estampada,314.9,100.14,,PV24,,,,
SKU_1243_PIN,Blusas Blusa Manga Curta SKU_1243_PIN,,Feminino,Blusas,Blusa Manga Curta,244.9,81.06,,PV24,,,,
SKU_1243_SNO,Blusas Blusa Manga Curta SKU_1243_SNO,,Feminino,Blusas,Blusa Manga Curta,244.9,81.06,,PV24,,,,
SKU_1244_COB,Vestidos Vestido Curto SKU_1244_COB,,Feminino,Vestidos,Vestido Curto,289.9,92.19,,PV24,,,,
SKU_1244_GAR,Vestidos Vestido Curto SKU_1244_GAR,,Feminino,Vestidos,Vestido Curto,289.9,92.19,,PV24,,,,
SKU_1245_COB,Shorts e Bermudas Short Alfaiataria SKU_1245_COB,,Feminino,Shorts e Bermudas,Short Alfaiataria,209.9,61.88,,PV24,,,,
SKU_1245_SNO,Shorts e Bermudas Short Alfaiataria SKU_1245_SNO,,Feminino,Shorts e Bermudas,Short Alfaiataria,209.9,61.88,,PV24,,,,
SKU_1246_COR,Calças Calça Jeans SKU_1246_COR,,Feminino,Calças,Calça Jeans,294.9,82.33,,PV24,,,,
SKU_1246_PAL,Calças Calça Jeans SKU_1246_PAL,,Feminino,Calças,Calça Jeans,294.9,82.33,,PV24,,,,
SKU_1247_SAP,T-shirts e Regatas Regata SKU_1247_SAP,,Feminino,T-shirts e Regatas,Regata,179.9,51.33,,PV24,,,,
SKU_1247_SKY,T-shirts e Regatas Regata SKU_1247_SKY,,Feminino,T-shirts e Regatas,Regata,179.9,51.33,,PV24,,,,
SKU_1248_AQU,T-shirts e Regatas T-shirt Estampada SKU_1248_AQU,,Feminino,T-shirts e Regatas,T-shirt Estampada,169.9,55.56,,PV24,,,,
SKU_1248_SAG,T-shirts e Regatas T-shirt Estampada SKU_1248_SAG,,Feminino,T-shirts e Regatas,T-shirt Estampada,169.9,55.56,,PV24,,,,
SKU_1249_ARM,Blusas Blusa Manga Curta SKU_1249_ARM,,Feminino,Blusas,Blusa Manga Curta,269.9,102.67,,PV24,,,,
SKU_1249_WHI,Blusas Blusa Manga Curta SKU_1249_WHI,,Feminino,Blusas,Blusa Manga Curta,269.9,102.67,,PV24,,,,
SKU_1250_AQU,Shorts e Bermudas Short Jeans SKU_1250_AQU,,Feminino,Shorts e Bermudas,Short Jeans,259.9,85.56,,PV24,,,,
SKU_1250_BAB,Shorts e Bermudas Short Jeans SKU_1250_BAB,,Feminino,Shorts e Bermudas,Short Jeans,259.9,85.56,,PV24,,,,
SKU_1251_COB,Vestidos Vestido Longo SKU_1251_COB,,Feminino,Vestidos,Vestido Longo,919.9,302.83,,PV24,,,,
SKU_1251_SHO,Vestidos Vestido Longo SKU_1251_SHO,,Feminino,Vestidos,Vestido Longo,919.9,302.83,,PV24,,,,
SKU_1252_FLA,Blusas Blusa Manga Curta SKU_1252_FLA,,Feminino,Blusas,Blusa Manga Curta,224.9,71.52,,PV24,,,,
SKU_1252_NAV,Blusas Blusa Manga Curta SKU_1252_NAV,,Feminino,Blusas,Blusa Manga Curta,224.9,71.52,,PV24,,,,
SKU_1253_FRE,Vestidos Vestido Curto SKU_1253_FRE,,Feminino,Vestidos,Vestido Curto,359.9,118.48,,PV24,,,,
SKU_1253_SEA,Vestidos Vestido Curto SKU_1253_SEA,,Feminino,Vestidos,Vestido Curto,359.9,118.48,,PV24,,,,
SKU_1254_BAB,Blusas Blusa Manga Curta SKU_1254_BAB,,Feminino,Blusas,Blusa Manga Curta,189.9,62.86,,PV24,,,,
SKU_1254_SEA,Blusas Blusa Manga Curta SKU_1254_SEA,,Feminino,Blusas,Blusa Manga Curta,189.9,62.86,,PV24,,,,
SKU_1255_SHO,Calças Calça Jeans SKU_1255_SHO,,Feminino,Calças,Calça Jeans,479.9,149.08,,PV24,,,,
SKU_1255_VAN,Calças Calça Jeans SKU_1255_VAN,,Feminino,Calças,Calça Jeans,479.9,149.08,,PV24,,,,
SKU_1256_MID,Vestidos Vestido Midi SKU_1256_MID,,Feminino,Vestidos,Vestido Midi,649.9,197.78,,PV24,,,,
SKU_1256_SEA,Vestidos Vestido Midi SKU_1256_SEA,,Feminino,Vestidos,Vestido Midi,649.9,197.78,,PV24,,,,
SKU_1257_EME,T-shirts e Regatas T-shirt Estampada SKU_1257_EME,,Feminino,T-shirts e Regatas,T-shirt Estampada,204.9,58.46,,PV24,,,,
SKU_1257_SPA,T-shirts e Regatas T-shirt Estampada SKU_1257_SPA,,Feminino,T-shirts e Regatas,T-shirt Estampada,204.9,58.46,,PV24,,,,
SKU_1258_AQU,Shorts e Bermudas Bermuda SKU_1258_AQU,,Feminino,Shorts e Bermudas,Bermuda,264.9,78.68,,PV24,,,,
SKU_1258_LIG,Shorts e Bermudas Bermuda SKU_1258_LIG,,Feminino,Shorts e Bermudas,Bermuda,264.9,78.68,,PV24,,,,
SKU_1259_ARM,Camisas Camisa Alfaiataria SKU_1259_ARM,,Feminino,Camisas,Camisa Alfaiataria,359.9,128.27,,PV24,,,,
SKU_1259_POW,Camisas Camisa Alfaiataria SKU_1259_POW,,Feminino,Camisas,Camisa Alfaiataria,359.9,128.27,,PV24,,,,
SKU_1260_ROY,Calças Calça Jeans SKU_1260_ROY,,Feminino,Calças,Calça Jeans,339.9,112.51,,PV24,,,,
SKU_1260_WHI,Calças Calça Jeans SKU_1260_WHI,,Feminino,Calças,Calça Jeans,339.9,112.51,,PV24,,,,
SKU_1261_PAS,Vestidos Vestido Midi SKU_1261_PAS,,Feminino,Vestidos,Vestido Midi,494.9,162.92,,PV24,,,,
SKU_1262_BLU,Calças Calça Pantalona SKU_1262_BLU,,Feminino,Calças,Calça Pantalona,274.9,90.99,,PV24,,,,
SKU_1262_OFF,Calças Calça Pantalona SKU_1262_OFF,,Feminino,Calças,Calça Pantalona,274.9,90.99,,PV24,,,,
SKU_1263_COB,Blusas Blusa Cropped SKU_1263_COB,,Feminino,Blusas,Blusa Cropped,184.9,60.87,,PV24,,,,
SKU_1263_SKY,Blusas Blusa Cropped SKU_1263_SKY,,Feminino,Blusas,Blusa Cropped,184.9,60.87,,PV24,,,,
SKU_1264_BRI,Bolsas Bolsa Tote SKU_1264_BRI,,Acessórios,Bolsas,Bolsa Tote,614.9,195.54,,PV24,,,,
SKU_1264_EGR,Bolsas Bolsa Tote SKU_1264_EGR,,Acessórios,Bolsas,Bolsa Tote,614.9,195.54,,PV24,,,,
SKU_1265_CRE,Saias Saia Curta SKU_1265_CRE,,Feminino,Saias,Saia Curta,219.9,72.79,,PV24,,,,
SKU_1265_JAD,Saias Saia Curta SKU_1265_JAD,,Feminino,Saias,Saia Curta,219.9,72.79,,PV24,,,,
SKU_1266_MEX,Calças Calça Pantalona SKU_1266_MEX,,Feminino,Calças,Calça Pantalona,299.9,98.73,,PV24,,,,
SKU_1266_SPA,Calças Calça Pantalona SKU_1266_SPA,,Feminino,Calças,Calça Pantalona,299.9,98.73,,PV24,,,,
SKU_1267_SAP,Camisas Camisa Alfaiataria SKU_1267_SAP,,Feminino,Camisas,Camisa Alfaiataria,334.9,110.85,,PV24,,,,
SKU_1267_SKY,Camisas Camisa Alfaiataria SKU_1267_SKY,,Feminino,Camisas,Camisa Alfaiataria,334.9,110.85,,PV24,,,,
SKU_1268_MAR,Vestidos Vestido Curto SKU_1268_MAR,,Feminino,Vestidos,Vestido Curto,334.9,106.5,,PV24,,,,
SKU_1268_MYS,Vestidos Vestido Curto SKU_1268_MYS,,Feminino,Vestidos,Vestido Curto,334.9,106.5,,PV24,,,,
SKU_1269_BAB,Vestidos Vestido Longo SKU_1269_BAB,,Feminino,Vestidos,Vestido Longo,1039.9,342.34,,PV24,,,,
SKU_1269_CER,Vestidos Vestido Longo SKU_1269_CER,,Feminino,Vestidos,Vestido Longo,1039.9,342.34,,PV24,,,,
SKU_1270_CRE,Bijoux Brinco SKU_1270_CRE,,Acessórios,Bijoux,Brinco,189.9,62.52,,PV24,,,,
SKU_1270_TUR,Bijoux Brinco SKU_1270_TUR,,Acessórios,Bijoux,Brinco,189.9,62.52,,PV24,,,,
SKU_1271_FLA,Bolsas Bolsa Tote SKU_1271_FLA,,Acessórios,Bolsas,Bolsa Tote,889.9,292.96,,PV24,,,,
SKU_1271_OLI,Bolsas Bolsa Tote SKU_1271_OLI,,Acessórios,Bolsas,Bolsa Tote,889.9,292.96,,PV24,,,,
SKU_1272_PAS,Calças Calça Jeans SKU_1272_PAS,,Feminino,Calças,Calça Jeans,379.9,125.75,,PV24,,,,
SKU_1272_TEA,Calças Calça Jeans SKU_1272_TEA,,Feminino,Calças,Calça Jeans,379.9,125.75,,PV24,,,,
SKU_1273_EGR,Vestidos Vestido de Festa SKU_1273_EGR,,Feminino,Vestidos,Vestido de Festa,764.9,243.24,,PV24,,,,
SKU_1273_PAS,Vestidos Vestido de Festa SKU_1273_PAS,,Feminino,Vestidos,Vestido de Festa,764.9,243.24,,PV24,,,,
SKU_1274_BAL,Saias Saia Midi SKU_1274_BAL,,Feminino,Saias,Saia Midi,264.9,84.24,,PV24,,,,
SKU_1274_MEX,Saias Saia Midi SKU_1274_MEX,,Feminino,Saias,Saia Midi,264.9,84.24,,PV24,,,,
SKU_1275_BIR,T-shirts e Regatas T-shirt Estampada SKU_1275_BIR,,Feminino,T-shirts e Regatas,T-shirt Estampada,184.9,60.87,,PV24,,,,
SKU_1275_MIN,T-shirts e Regatas T-shirt Estampada SKU_1275_MIN,,Feminino,T-shirts e Regatas,T-shirt Estampada,184.9,60.87,,PV24,,,,
SKU_1276_LIG,T-shirts e Regatas T-shirt Básica SKU_1276_LIG,,Feminino,T-shirts e Regatas,T-shirt Básica,174.9,50.39,,OI24,,,,
SKU_1276_WHI,T-shirts e Regatas T-shirt Básica SKU_1276_WHI,,Feminino,T-shirts e Regatas,T-shirt Básica,174.9,50.39,,OI24,,,,
SKU_1277_BAB,Blusas Body SKU_1277_BAB,,Feminino,Blusas,Body,264.9,71.59,,OI24,,,,
SKU_1277_MYS,Blusas Body SKU_1277_MYS,,Feminino,Blusas,Body,264.9,71.59,,OI24,,,,
SKU_1278_BAB,Vestidos Vestido de Festa SKU_1278_BAB,,Feminino,Vestidos,Vestido de Festa,1029.9,293.83,,OI24,,,,
SKU_1278_MOS,Vestidos Vestido de Festa SKU_1278_MOS,,Feminino,Vestidos,Vestido de Festa,1029.9,293.83,,OI24,,,,
SKU_1279_FUC,Tricô Cardigan SKU_1279_FUC,,Feminino,Tricô,Cardigan,454.9,135.11,,OI24,,,,
SKU_1279_IVO,Tricô Cardigan SKU_1279_IVO,,Feminino,Tricô,Cardigan,454.9,135.11,,OI24,,,,
SKU_1280_LIM,Bolsas Bolsa Tiracolo SKU_1280_LIM,,Acessórios,Bolsas,Bolsa Tiracolo,499.9,178.16,,OI24,,,,
SKU_1280_PRI,Bolsas Bolsa Tiracolo SKU_1280_PRI,,Acessórios,Bolsas,Bolsa Tiracolo,499.9,178.16,,OI24,,,,
SKU_1281_CER,Casacos e Jaquetas Jaqueta Jeans SKU_1281_CER,,Feminino,Casacos e Jaquetas,Jaqueta Jeans,529.9,201.45,,OI24,,,,
SKU_1281_PIS,Casacos e Jaquetas Jaqueta Jeans SKU_1281_PIS,,Feminino,Casacos e Jaquetas,Jaqueta Jeans,529.9,201.45,,OI24,,,,
SKU_1282_BAL,Saias Saia Midi SKU_1282_BAL,,Feminino,Saias,Saia Midi,214.9,71.13,,OI24,,,,
SKU_1282_PIN,Saias Saia Midi SKU_1282_PIN,,Feminino,Saias,Saia Midi,214.9,71.13,,OI24,,,,
SKU_1283_BAB,Blusas Body SKU_1283_BAB,,Feminino,Blusas,Body,189.9,60.39,,OI24,,,,
SKU_1283_SNO,Blusas Body SKU_1283_SNO,,Feminino,Blusas,Body,189.9,60.39,,OI24,,,,
SKU_1284_COR,Vestidos Vestido de Festa SKU_1284_COR,,Feminino,Vestidos,Vestido de Festa,709.9,233.7,,OI24,,,,
SKU_1284_HOT,Vestidos Vestido de Festa SKU_1284_HOT,,Feminino,Vestidos,Vestido de Festa,709.9,233.7,,OI24,,,,
SKU_1285_CLO,Vestidos Vestido de Festa SKU_1285_CLO,,Feminino,Vestidos,Vestido de Festa,879.9,291.25,,OI24,,,,
SKU_1285_WHI,Vestidos Vestido de Festa SKU_1285_WHI,,Feminino,Vestidos,Vestido de Festa,879.9,291.25,,OI24,,,,
SKU_1286_HOT,Blusas Blusa Manga Longa SKU_1286_HOT,,Feminino,Blusas,Blusa Manga Longa,244.9,73.68,,OI24,,,,
SKU_1286_MAR,Blusas Blusa Manga Longa SKU_1286_MAR,,Feminino,Blusas,Blusa Manga Longa,244.9,73.68,,OI24,,,,
SKU_1287_CER,Calças Calça Alfaiataria SKU_1287_CER,,Feminino,Calças,Calça Alfaiataria,379.9,112.0,,OI24,,,,
SKU_1287_NAV,Calças Calça Alfaiataria SKU_1287_NAV,,Feminino,Calças,Calça Alfaiataria,379.9,112.0,,OI24,,,,
SKU_1288_BAB,Blusas Body SKU_1288_BAB,,Feminino,Blusas,Body,239.9,70.6,,OI24,,,,
SKU_1288_SAG,Blusas Body SKU_1288_SAG,,Feminino,Blusas,Body,239.9,70.6,,OI24,,,,
SKU_1289_AQU,Vestidos Vestido de Festa SKU_1289_AQU,,Feminino,Vestidos,Vestido de Festa,1029.9,336.78,,OI24,,,,
SKU_1290_BIR,Tricô Cardigan SKU_1290_BIR,,Feminino,Tricô,Cardigan,504.9,192.06,,OI24,,,,
SKU_1290_PIN,Tricô Cardigan SKU_1290_PIN,,Feminino,Tricô,Cardigan,504.9,192.06,,OI24,,,,
SKU_1291_SAL,Blusas Blusa Manga Longa SKU_1291_SAL,,Feminino,Blusas,Blusa Manga Longa,239.9,78.98,,OI24,,,,
SKU_1291_SPA,Blusas Blusa Manga Longa SKU_1291_SPA,,Feminino,Blusas,Blusa Manga Longa,239.9,78.98,,OI24,,,,
SKU_1292_FLA,Calças Calça Alfaiataria SKU_1292_FLA,,Feminino,Calças,Calça Alfaiataria,309.9,102.58,,OI24,,,,
SKU_1292_TEA,Calças Calça Alfaiataria SKU_1292_TEA,,Feminino,Calças,Calça Alfaiataria,309.9,102.58,,OI24,,,,
SKU_1293_OFF,Tricô Cardigan SKU_1293_OFF,,Feminino,Tricô,Cardigan,304.9,100.37,,OI24,,,,
SKU_1293_TEA,Tricô Cardigan SKU_1293_TEA,,Feminino,Tricô,Cardigan,304.9,100.37,,OI24,,,,
SKU_1294_COR,T-shirts e Regatas T-shirt Estampada SKU_1294_COR,,Feminino,T-shirts e Regatas,T-shirt Estampada,199.9,66.17,,OI24,,,,
SKU_1294_SEA,T-shirts e Regatas T-shirt Estampada SKU_1294_SEA,,Feminino,T-shirts e Regatas,T-shirt Estampada,199.9,66.17,,OI24,,,,
SKU_1295_FLA,Vestidos Vestido Midi SKU_1295_FLA,,Feminino,Vestidos,Vestido Midi,514.9,169.51,,OI24,,,,
SKU_1295_PIS,Vestidos Vestido Midi SKU_1295_PIS,,Feminino,Vestidos,Vestido Midi,514.9,169.51,,OI24,,,,
SKU_1296_DEE,Vestidos Vestido Midi SKU_1296_DEE,,Feminino,Vestidos,Vestido Midi,649.9,181.44,,OI24,,,,
SKU_1296_PEA,Vestidos Vestido Midi SKU_1296_PEA,,Feminino,Vestidos,Vestido Midi,649.9,181.44,,OI24,,,,
SKU_1297_MIN,Blusas Body SKU_1297_MIN,,Feminino,Blusas,Body,229.9,64.87,,OI24,,,,
SKU_1297_WHI,Blusas Body SKU_1297_WHI,,Feminino,Blusas,Body,229.9,64.87,,OI24,,,,
SKU_1298_IVO,T-shirts e Regatas T-shirt Estampada SKU_1298_IVO,,Feminino,T-shirts e Regatas,T-shirt Estampada,179.9,52.94,,OI24,,,,
SKU_1298_OFF,T-shirts e Regatas T-shirt Estampada SKU_1298_OFF,,Feminino,T-shirts e Regatas,T-shirt Estampada,179.9,52.94,,OI24,,,,
SKU_1299_BRI,Blusas Blusa Manga Longa SKU_1299_BRI,,Feminino,Blusas,Blusa Manga Longa,219.9,65.31,,OI24,,,,
SKU_1299_HOT,Blusas Blusa Manga Longa SKU_1299_HOT,,Feminino,Blusas,Blusa Manga Longa,219.9,65.31,,OI24,,,,
SKU_1300_BIR,Casacos e Jaquetas Jaqueta de Couro SKU_1300_BIR,,Feminino,Casacos e Jaquetas,Jaqueta de Couro,1149.9,409.82,,OI24,,,,
SKU_1300_TEA,Casacos e Jaquetas Jaqueta de Couro SKU_1300_TEA,,Feminino,Casacos e Jaquetas,Jaqueta de Couro,1149.9,409.82,,OI24,,,,
SKU_1301_AQU,Vestidos Vestido Midi SKU_1301_AQU,,Feminino,Vestidos,Vestido Midi,544.9,179.38,,OI24,,,,
SKU_1301_GAR,Vestidos Vestido Midi SKU_1301_GAR,,Feminino,Vestidos,Vestido Midi,544.9,179.38,,OI24,,,,
SKU_1302_DUS,Vestidos Vestido Midi SKU_1302_DUS,,Feminino,Vestidos,Vestido Midi,419.9,138.23,,OI24,,,,
SKU_1302_EME,Vestidos Vestido Midi SKU_1302_EME,,Feminino,Vestidos,Vestido Midi,419.9,138.23,,OI24,,,,
SKU_1303_BIR,Cintos Cinto de Couro SKU_1303_BIR,,Acessórios,Cintos,Cinto de Couro,164.9,54.58,,OI24,,,,
SKU_1303_SAP,Cintos Cinto de Couro SKU_1303_SAP,,Acessórios,Cintos,Cinto de Couro,164.9,54.58,,OI24,,,,
SKU_1304_GAR,Calças Calça Alfaiataria SKU_1304_GAR,,Feminino,Calças,Calça Alfaiataria,494.9,157.38,,OI24,,,,
SKU_1304_TUR,Calças Calça Alfaiataria SKU_1304_TUR,,Feminino,Calças,Calça Alfaiataria,494.9,157.38,,OI24,,,,
SKU_1305_MAR,Tricô Cardigan SKU_1305_MAR,,Feminino,Tricô,Cardigan,349.9,115.19,,OI24,,,,
SKU_1305_OFF,Tricô Cardigan SKU_1305_OFF,,Feminino,Tricô,Cardigan,349.9,115.19,,OI24,,,,
SKU_1306_FRE,Vestidos Vestido de Festa SKU_1306_FRE,,Feminino,Vestidos,Vestido de Festa,859.9,273.45,,OI24,,,,
SKU_1306_SPA,Vestidos Vestido de Festa SKU_1306_SPA,,Feminino,Vestidos,Vestido de Festa,859.9,273.45,,OI24,,,,
SKU_1307_FOR,Saias Saia Midi SKU_1307_FOR,,Feminino,Saias,Saia Midi,219.9,72.79,,OI24,,,,
SKU_1307_MAG,Saias Saia Midi SKU_1307_MAG,,Feminino,Saias,Saia Midi,219.9,72.79,,OI24,,,,
SKU_1308_CER,Casacos e Jaquetas Jaqueta Jeans SKU_1308_CER,,Feminino,Casacos e Jaquetas,Jaqueta Jeans,419.9,138.99,,OI24,,,,
SKU_1308_PAS,Casacos e Jaquetas Jaqueta Jeans SKU_1308_PAS,,Feminino,Casacos e Jaquetas,Jaqueta Jeans,419.9,138.99,,OI24,,,,
SKU_1309_LIG,Camisas Camisa Jeans SKU_1309_LIG,,Feminino,Camisas,Camisa Jeans,364.9,120.13,,OI24,,,,
SKU_1309_OLI,Camisas Camisa Jeans SKU_1309_OLI,,Feminino,Camisas,Camisa Jeans,364.9,120.13,,OI24,,,,
SKU_1310_EGR,Blusas Blusa Manga Longa SKU_1310_EGR,,Feminino,Blusas,Blusa Manga Longa,239.9,79.41,,OI24,,,,
SKU_1310_MOS,Blusas Blusa Manga Longa SKU_1310_MOS,,Feminino,Blusas,Blusa Manga Longa,239.9,79.41,,OI24,,,,
SKU_1311_BAB,Casacos e Jaquetas Jaqueta de Couro SKU_1311_BAB,,Feminino,Casacos e Jaquetas,Jaqueta de Couro,879.9,289.66,,OI24,,,,
SKU_1311_NAV,Casacos e Jaquetas Jaqueta de Couro SKU_1311_NAV,,Feminino,Casacos e Jaquetas,Jaqueta de Couro,879.9,289.66,,OI24,,,,
SKU_1312_HOT,Blusas Blusa Manga Longa SKU_1312_HOT,,Feminino,Blusas,Blusa Manga Longa,249.9,82.72,,OI24,,,,
SKU_1312_NAV,Blusas Blusa Manga Longa SKU_1312_NAV,,Feminino,Blusas,Blusa Manga Longa,249.9,82.72,,OI24,,,,
SKU_1313_SHO,Casacos e Jaquetas Casaco de Lã SKU_1313_SHO,,Feminino,Casacos e Jaquetas,Casaco de Lã,934.9,307.77,,OI24,,,,
SKU_1313_SPA,Casacos e Jaquetas Casaco de Lã SKU_1313_SPA,,Feminino,Casacos e Jaquetas,Casaco de Lã,934.9,307.77,,OI24,,,,
SKU_1314_BLU,Camisas Camisa Alfaiataria SKU_1314_BLU,,Feminino,Camisas,Camisa Alfaiataria,289.9,95.44,,OI24,,,,
SKU_1314_SNO,Camisas Camisa Alfaiataria SKU_1314_SNO,,Feminino,Camisas,Camisa Alfaiataria,289.9,95.44,,OI24,,,,
SKU_1315_BLA,Tricô Suéter SKU_1315_BLA,,Feminino,Tricô,Suéter,344.9,114.16,,OI24,,,,
SKU_1315_WHI,Tricô Suéter SKU_1315_WHI,,Feminino,Tricô,Suéter,344.9,114.16,,OI24,,,,
SKU_1316_AQU,Tricô Cardigan SKU_1316_AQU,,Feminino,Tricô,Cardigan,514.9,169.51,,OI24,,,,
SKU_1316_DEN,Tricô Cardigan SKU_1316_DEN,,Feminino,Tricô,Cardigan,514.9,169.51,,OI24,,,,
SKU_1317_BLU,Blusas Body SKU_1317_BLU,,Feminino,Blusas,Body,214.9,65.4,,OI24,,,,
SKU_1317_ROS,Blusas Body SKU_1317_ROS,,Feminino,Blusas,Body,214.9,65.4,,OI24,,,,
SKU_1318_MYS,Lenços Lenço Estampado SKU_1318_MYS,,Acessórios,Lenços,Lenço Estampado,239.9,76.09,,OI24,,,,
SKU_1318_PAS,Lenços Lenço Estampado SKU_1318_PAS,,Acessórios,Lenços,Lenço Estampado,239.9,76.09,,OI24,,,,
SKU_1319_MAR,T-shirts e Regatas T-shirt Estampada SKU_1319_MAR,,Feminino,T-shirts e Regatas,T-shirt Estampada,189.9,54.18,,OI24,,,,
SKU_1319_ROS,T-shirts e Regatas T-shirt Estampada SKU_1319_ROS,,Feminino,T-shirts e Regatas,T-shirt Estampada,189.9,54.18,,OI24,,,,
SKU_1320_FOR,T-shirts e Regatas T-shirt Básica SKU_1320_FOR,,Feminino,T-shirts e Regatas,T-shirt Básica,149.9,44.52,,OI24,,,,
SKU_1320_PIS,T-shirts e Regatas T-shirt Básica SKU_1320_PIS,,Feminino,T-shirts e Regatas,T-shirt Básica,149.9,44.52,,OI24,,,,
SKU_1321_FLA,Lenços Lenço Estampado SKU_1321_FLA,,Acessórios,Lenços,Lenço Estampado,149.9,53.92,,OI24,,,,
SKU_1321_SER,Lenços Lenço Estampado SKU_1321_SER,,Acessórios,Lenços,Lenço Estampado,149.9,53.92,,OI24,,,,
SKU_1322_IVO,Calças Calça Pantalona SKU_1322_IVO,,Feminino,Calças,Calça Pantalona,329.9,125.49,,OI24,,,,
SKU_1322_MOS,Calças Calça Pantalona SKU_1322_MOS,,Feminino,Calças,Calça Pantalona,329.9,125.49,,OI24,,,,
SKU_1323_AQU,Calças Calça Alfaiataria SKU_1323_AQU,,Feminino,Calças,Calça Alfaiataria,289.9,111.93,,OI24,,,,
SKU_1323_FRE,Calças Calça Alfaiataria SKU_1323_FRE,,Feminino,Calças,Calça Alfaiataria,289.9,111.93,,OI24,,,,
SKU_1324_MID,Saias Saia Midi SKU_1324_MID,,Feminino,Saias,Saia Midi,329.9,109.2,,OI24,,,,
SKU_1324_SNO,Saias Saia Midi SKU_1324_SNO,,Feminino,Saias,Saia Midi,329.9,109.2,,OI24,,,,
SKU_1325_LIG,Cintos Cinto de Couro SKU_1325_LIG,,Acessórios,Cintos,Cinto de Couro,299.9,93.17,,OI24,,,,
SKU_1325_PEA,Cintos Cinto de Couro SKU_1325_PEA,,Acessórios,Cintos,Cinto de Couro,299.9,93.17,,OI24,,,,
SKU_1326_BAB,Tricô Cardigan SKU_1326_BAB,,Feminino,Tricô,Cardigan,504.9,147.26,,OI24,,,,
SKU_1326_PAS,Tricô Cardigan SKU_1326_PAS,,Feminino,Tricô,Cardigan,504.9,147.26,,OI24,,,,
SKU_1327_GAR,Blusas Blusa Manga Longa SKU_1327_GAR,,Feminino,Blusas,Blusa Manga Longa,259.9,74.15,,OI24,,,,
SKU_1327_HON,Blusas Blusa Manga Longa SKU_1327_HON,,Feminino,Blusas,Blusa Manga Longa,259.9,74.15,,OI24,,,,
SKU_1328_EGR,Camisas Camisa Jeans SKU_1328_EGR,,Feminino,Camisas,Camisa Jeans,264.9,78.68,,OI24,,,,
SKU_1328_LIG,Camisas Camisa Jeans SKU_1328_LIG,,Feminino,Camisas,Camisa Jeans,264.9,78.68,,OI24,,,,
SKU_1329_MIN,Blusas Blusa Manga Longa SKU_1329_MIN,,Feminino,Blusas,Blusa Manga Longa,274.9,97.97,,OI24,,,,
SKU_1329_NAV,Blusas Blusa Manga Longa SKU_1329_NAV,,Feminino,Blusas,Blusa Manga Longa,274.9,97.97,,OI24,,,,
SKU_1330_LIM,Calças Calça Pantalona SKU_1330_LIM,,Feminino,Calças,Calça Pantalona,309.9,102.58,,OI24,,,,
SKU_1330_PRI,Calças Calça Pantalona SKU_1330_PRI,,Feminino,Calças,Calça Pantalona,309.9,102.58,,OI24,,,,
SKU_1331_AQU,Calças Calça Jeans SKU_1331_AQU,,Feminino,Calças,Calça Jeans,279.9,89.01,,OI24,,,,
SKU_1331_ARM,Calças Calça Jeans SKU_1331_ARM,,Feminino,Calças,Calça Jeans,279.9,89.01,,OI24,,,,
SKU_1332_MOS,Lenços Lenço Estampado SKU_1332_MOS,,Acessórios,Lenços,Lenço Estampado,164.9,54.58,,OI24,,,,
SKU_1333_MOS,Blusas Blusa Manga Longa SKU_1333_MOS,,Feminino,Blusas,Blusa Manga Longa,189.9,62.86,,OI24,,,,
SKU_1333_PIS,Blusas Blusa Manga Longa SKU_1333_PIS,,Feminino,Blusas,Blusa Manga Longa,189.9,62.86,,OI24,,,,
SKU_1334_ROY,Bolsas Bolsa Tote SKU_1334_ROY,,Acessórios,Bolsas,Bolsa Tote,459.9,152.23,,OI24,,,,
SKU_1334_TEA,Bolsas Bolsa Tote SKU_1334_TEA,,Acessórios,Bolsas,Bolsa Tote,459.9,152.23,,OI24,,,,
SKU_1335_BRI,Calças Calça Jeans SKU_1335_BRI,,Feminino,Calças,Calça Jeans,379.9,113.74,,OI24,,,,
SKU_1335_CRE,Calças Calça Jeans SKU_1335_CRE,,Feminino,Calças,Calça Jeans,379.9,113.74,,OI24,,,,
SKU_1336_LIM,Calças Calça Jeans SKU_1336_LIM,,Feminino,Calças,Calça Jeans,349.9,95.6,,OI24,,,,
SKU_1336_PIN,Calças Calça Jeans SKU_1336_PIN,,Feminino,Calças,Calça Jeans,349.9,95.6,,OI24,,,,
SKU_1337_DUS,Bijoux Brinco SKU_1337_DUS,,Acessórios,Bijoux,Brinco,184.9,54.42,,OI24,,,,
SKU_1337_MAG,Bijoux Brinco SKU_1337_MAG,,Acessórios,Bijoux,Brinco,184.9,54.42,,OI24,,,,
SKU_1338_OLI,Saias Saia Midi SKU_1338_OLI,,Feminino,Saias,Saia Midi,204.9,67.0,,OI24,,,,
SKU_1338_PAS,Saias Saia Midi SKU_1338_PAS,,Feminino,Saias,Saia Midi,204.9,67.0,,OI24,,,,
SKU_1339_EME,Tricô Suéter SKU_1339_EME,,Feminino,Tricô,Suéter,309.9,110.45,,OI24,,,,
SKU_1339_JAD,Tricô Suéter SKU_1339_JAD,,Feminino,Tricô,Suéter,309.9,110.45,,OI24,,,,
SKU_1340_POW,Vestidos Vestido de Festa SKU_1340_POW,,Feminino,Vestidos,Vestido de Festa,1144.9,376.9,,OI24,,,,
SKU_1340_SNO,Vestidos Vestido de Festa SKU_1340_SNO,,Feminino,Vestidos,Vestido de Festa,1144.9,376.9,,OI24,,,,
SKU_1341_HOT,T-shirts e Regatas T-shirt Básica SKU_1341_HOT,,Feminino,T-shirts e Regatas,T-shirt Básica,179.9,57.21,,OI24,,,,
SKU_1341_PEA,T-shirts e Regatas T-shirt Básica SKU_1341_PEA,,Feminino,T-shirts e Regatas,T-shirt Básica,179.9,57.21,,OI24,,,,
SKU_1342_BAB,Tricô Cardigan SKU_1342_BAB,,Feminino,Tricô,Cardigan,349.9,111.27,,OI24,,,,
SKU_1342_CRE,Tricô Cardigan SKU_1342_CRE,,Feminino,Tricô,Cardigan,349.9,111.27,,OI24,,,,
SKU_1343_IVO,Blusas Blusa Manga Longa SKU_1343_IVO,,Feminino,Blusas,Blusa Manga Longa,314.9,104.23,,OI24,,,,
SKU_1343_NAV,Blusas Blusa Manga Longa SKU_1343_NAV,,Feminino,Blusas,Blusa Manga Longa,314.9,104.23,,OI24,,,,
SKU_1344_MID,Camisas Camisa Alfaiataria SKU_1344_MID,,Feminino,Camisas,Camisa Alfaiataria,314.9,100.14,,OI24,,,,
SKU_1344_PAS,Camisas Camisa Alfaiataria SKU_1344_PAS,,Feminino,Camisas,Camisa Alfaiataria,314.9,100.14,,OI24,,,,
SKU_1345_ARM,Casacos e Jaquetas Jaqueta de Couro SKU_1345_ARM,,Feminino,Casacos e Jaquetas,Jaqueta de Couro,1199.9,329.07,,OI24,,,,
SKU_1345_FOR,Casacos e Jaquetas Jaqueta de Couro SKU_1345_FOR,,Feminino,Casacos e Jaquetas,Jaqueta de Couro,1199.9,329.07,,OI24,,,,
SKU_1346_HON,Tricô Cardigan SKU_1346_HON,,Feminino,Tricô,Cardigan,264.9,77.66,,OI24,,,,
SKU_1346_PEA,Tricô Cardigan SKU_1346_PEA,,Feminino,Tricô,Cardigan,264.9,77.66,,OI24,,,,
SKU_1347_DUS,Blusas Blusa Manga Longa SKU_1347_DUS,,Feminino,Blusas,Blusa Manga Longa,289.9,77.49,,OI24,,,,
SKU_1347_LIM,Blusas Blusa Manga Longa SKU_1347_LIM,,Feminino,Blusas,Blusa Manga Longa,289.9,77.49,,OI24,,,,
SKU_1348_NAV,Bolsas Bolsa Tiracolo SKU_1348_NAV,,Acessórios,Bolsas,Bolsa Tiracolo,649.9,212.52,,OI24,,,,
SKU_1348_PIS,Bolsas Bolsa Tiracolo SKU_1348_PIS,,Acessórios,Bolsas,Bolsa Tiracolo,649.9,212.52,,OI24,,,,
SKU_1349_HON,Blusas Blusa Manga Longa SKU_1349_HON,,Feminino,Blusas,Blusa Manga Longa,209.9,82.36,,OI24,,,,
SKU_1349_SEA,Blusas Blusa Manga Longa SKU_1349_SEA,,Feminino,Blusas,Blusa Manga Longa,209.9,82.36,,OI24,,,,
SKU_1350_BAB,Calças Calça Jeans SKU_1350_BAB,,Feminino,Calças,Calça Jeans,284.9,94.3,,OI24,,,,
SKU_1350_SNO,Calças Calça Jeans SKU_1350_SNO,,Feminino,Calças,Calça Jeans,284.9,94.3,,OI24,,,,
SKU_1351_HON,Casacos e Jaquetas Casaco de Lã SKU_1351_HON,,Feminino,Casacos e Jaquetas,Casaco de Lã,689.9,228.36,,OI24,,,,
SKU_1351_SAG,Casacos e Jaquetas Casaco de Lã SKU_1351_SAG,,Feminino,Casacos e Jaquetas,Casaco de Lã,689.9,228.36,,OI24,,,,
SKU_1352_CER,Calças Calça Jeans SKU_1352_CER,,Feminino,Calças,Calça Jeans,279.9,92.65,,OI24,,,,
SKU_1352_HUN,Calças Calça Jeans SKU_1352_HUN,,Feminino,Calças,Calça Jeans,279.9,92.65,,OI24,,,,
SKU_1353_MAG,Blusas Blusa Manga Longa SKU_1353_MAG,,Feminino,Blusas,Blusa Manga Longa,189.9,62.86,,OI24,,,,
SKU_1353_MAR,Blusas Blusa Manga Longa SKU_1353_MAR,,Feminino,Blusas,Blusa Manga Longa,189.9,62.86,,OI24,,,,
SKU_1354_AQU,Casacos e Jaquetas Casaco de Lã SKU_1354_AQU,,Feminino,Casacos e Jaquetas,Casaco de Lã,924.9,304.48,,OI24,,,,
SKU_1354_CLE,Casacos e Jaquetas Casaco de Lã SKU_1354_CLE,,Feminino,Casacos e Jaquetas,Casaco de Lã,924.9,304.48,,OI24,,,,
SKU_1355_DEE,Blusas Blusa Manga Longa SKU_1355_DEE,,Feminino,Blusas,Blusa Manga Longa,174.9,57.58,,OI24,,,,
SKU_1355_PAS,Blusas Blusa Manga Longa SKU_1355_PAS,,Feminino,Blusas,Blusa Manga Longa,174.9,57.58,,OI24,,,,
SKU_1356_BLU,Blusas Blusa Manga Longa SKU_1356_BLU,,Feminino,Blusas,Blusa Manga Longa,214.9,70.75,,OI24,,,,
SKU_1356_DEN,Blusas Blusa Manga Longa SKU_1356_DEN,,Feminino,Blusas,Blusa Manga Longa,214.9,70.75,,OI24,,,,
SKU_1357_BLU,Casacos e Jaquetas Blazer SKU_1357_BLU,,Feminino,Casacos e Jaquetas,Blazer,664.9,220.08,,OI24,,,,
SKU_1357_BRI,Casacos e Jaquetas Blazer SKU_1357_BRI,,Feminino,Casacos e Jaquetas,Blazer,664.9,220.08,,OI24,,,,
SKU_1358_DUS,Cintos Cinto de Couro SKU_1358_DUS,,Acessórios,Cintos,Cinto de Couro,199.9,65.81,,OI24,,,,
SKU_1358_MAR,Cintos Cinto de Couro SKU_1358_MAR,,Acessórios,Cintos,Cinto de Couro,199.9,65.81,,OI24,,,,
SKU_1359_BLU,Calças Calça Jeans SKU_1359_BLU,,Feminino,Calças,Calça Jeans,424.9,135.12,,OI24,,,,
SKU_1359_NAV,Calças Calça Jeans SKU_1359_NAV,,Feminino,Calças,Calça Jeans,424.9,135.12,,OI24,,,,
SKU_1360_FRE,Blusas Blusa Manga Longa SKU_1360_FRE,,Feminino,Blusas,Blusa Manga Longa,319.9,105.89,,OI24,,,,
SKU_1360_WHI,Blusas Blusa Manga Longa SKU_1360_WHI,,Feminino,Blusas,Blusa Manga Longa,319.9,105.89,,OI24,,,,
SKU_1361_BLU,Blusas Blusa Manga Longa SKU_1361_BLU,,Feminino,Blusas,Blusa Manga Longa,189.9,60.39,,OI24,,,,
SKU_1361_MEX,Blusas Blusa Manga Longa SKU_1361_MEX,,Feminino,Blusas,Blusa Manga Longa,189.9,60.39,,OI24,,,,
SKU_1362_POW,Casacos e Jaquetas Casaco de Lã SKU_1362_POW,,Feminino,Casacos e Jaquetas,Casaco de Lã,954.9,303.66,,OI24,,,,
SKU_1362_SEA,Casacos e Jaquetas Casaco de Lã SKU_1362_SEA,,Feminino,Casacos e Jaquetas,Casaco de Lã,954.9,303.66,,OI24,,,,
SKU_1363_HUN,Casacos e Jaquetas Casaco de Lã SKU_1363_HUN,,Feminino,Casacos e Jaquetas,Casaco de Lã,949.9,302.07,,OI24,,,,
SKU_1363_RAS,Casacos e Jaquetas Casaco de Lã SKU_1363_RAS,,Feminino,Casacos e Jaquetas,Casaco de Lã,949.9,302.07,,OI24,,,,
SKU_1364_OFF,Casacos e Jaquetas Jaqueta Jeans SKU_1364_OFF,,Feminino,Casacos e Jaquetas,Jaqueta Jeans,459.9,146.25,,OI24,,,,
SKU_1364_TEA,Casacos e Jaquetas Jaqueta Jeans SKU_1364_TEA,,Feminino,Casacos e Jaquetas,Jaqueta Jeans,459.9,146.25,,OI24,,,,
SKU_1365_BUB,Calças Calça Alfaiataria SKU_1365_BUB,,Feminino,Calças,Calça Alfaiataria,499.9,165.47,,OI24,,,,
SKU_1365_NAV,Calças Calça Alfaiataria SKU_1365_NAV,,Feminino,Calças,Calça Alfaiataria,499.9,165.47,,OI24,,,,
SKU_1366_PAL,Tricô Cardigan SKU_1366_PAL,,Feminino,Tricô,Cardigan,439.9,134.43,,OI24,,,,
SKU_1366_TEA,Tricô Cardigan SKU_1366_TEA,,Feminino,Tricô,Cardigan,439.9,134.43,,OI24,,,,
SKU_1367_BLA,T-shirts e Regatas T-shirt Estampada SKU_1367_BLA,,Feminino,T-shirts e Regatas,T-shirt Estampada,179.9,55.11,,OI24,,,,
SKU_1367_VAN,T-shirts e Regatas T-shirt Estampada SKU_1367_VAN,,Feminino,T-shirts e Regatas,T-shirt Estampada,179.9,55.11,,OI24,,,,
SKU_1368_SNO,Casacos e Jaquetas Casaco de Lã SKU_1368_SNO,,Feminino,Casacos e Jaquetas,Casaco de Lã,744.9,212.52,,OI24,,,,
SKU_1368_TUR,Casacos e Jaquetas Casaco de Lã SKU_1368_TUR,,Feminino,Casacos e Jaquetas,Casaco de Lã,744.9,212.52,,OI24,,,,
SKU_1369_RAS,T-shirts e Regatas T-shirt Básica SKU_1369_RAS,,Feminino,T-shirts e Regatas,T-shirt Básica,159.9,50.69,,OI24,,,,
SKU_1369_SNO,T-shirts e Regatas T-shirt Básica SKU_1369_SNO,,Feminino,T-shirts e Regatas,T-shirt Básica,159.9,50.69,,OI24,,,,
SKU_1370_MYS,T-shirts e Regatas T-shirt Básica SKU_1370_MYS,,Feminino,T-shirts e Regatas,T-shirt Básica,179.9,70.59,,OI24,,,,
SKU_1370_PRI,T-shirts e Regatas T-shirt Básica SKU_1370_PRI,,Feminino,T-shirts e Regatas,T-shirt Básica,179.9,70.59,,OI24,,,,
SKU_1371_HOT,Camisas Camisa Alfaiataria SKU_1371_HOT,,Feminino,Camisas,Camisa Alfaiataria,274.9,90.99,,OI24,,,,
SKU_1371_WHI,Camisas Camisa Alfaiataria SKU_1371_WHI,,Feminino,Camisas,Camisa Alfaiataria,274.9,90.99,,OI24,,,,
SKU_1372_DEN,Camisas Camisa Jeans SKU_1372_DEN,,Feminino,Camisas,Camisa Jeans,339.9,112.51,,OI24,,,,
SKU_1372_SEA,Camisas Camisa Jeans SKU_1372_SEA,,Feminino,Camisas,Camisa Jeans,339.9,112.51,,OI24,,,,
SKU_1373_CRE,T-shirts e Regatas T-shirt Estampada SKU_1373_CRE,,Feminino,T-shirts e Regatas,T-shirt Estampada,189.9,62.52,,OI24,,,,
SKU_1373_SKY,T-shirts e Regatas T-shirt Estampada SKU_1373_SKY,,Feminino,T-shirts e Regatas,T-shirt Estampada,189.9,62.52,,OI24,,,,
SKU_1374_BLU,Lenços Lenço Estampado SKU_1374_BLU,,Acessórios,Lenços,Lenço Estampado,189.9,62.86,,OI24,,,,
SKU_1374_SAL,Lenços Lenço Estampado SKU_1374_SAL,,Acessórios,Lenços,Lenço Estampado,189.9,62.86,,OI24,,,,
SKU_1375_CLE,Blusas Blusa Manga Longa SKU_1375_CLE,,Feminino,Blusas,Blusa Manga Longa,264.9,87.68,,OI24,,,,
SKU_1375_COR,Blusas Blusa Manga Longa SKU_1375_COR,,Feminino,Blusas,Blusa Manga Longa,264.9,87.68,,OI24,,,,
SKU_1376_BIR,Saias Saia Midi SKU_1376_BIR,,Feminino,Saias,Saia Midi,284.9,79.81,,OI24,,,,
SKU_1376_SNO,Saias Saia Midi SKU_1376_SNO,,Feminino,Saias,Saia Midi,284.9,79.81,,OI24,,,,
SKU_1377_CLO,Camisas Camisa Alfaiataria SKU_1377_CLO,,Feminino,Camisas,Camisa Alfaiataria,259.9,78.65,,OI24,,,,
SKU_1377_PRI,Camisas Camisa Alfaiataria SKU_1377_PRI,,Feminino,Camisas,Camisa Alfaiataria,259.9,78.65,,OI24,,,,
SKU_1378_MOS,Blusas Blusa Manga Longa SKU_1378_MOS,,Feminino,Blusas,Blusa Manga Longa,204.9,58.46,,OI24,,,,
SKU_1378_SPA,Blusas Blusa Manga Longa SKU_1378_SPA,,Feminino,Blusas,Blusa Manga Longa,204.9,58.46,,OI24,,,,
SKU_1379_SNO,Tricô Suéter SKU_1379_SNO,,Feminino,Tricô,Suéter,484.9,153.71,,OI24,,,,
SKU_1379_WHI,Tricô Suéter SKU_1379_WHI,,Feminino,Tricô,Suéter,484.9,153.71,,OI24,,,,
SKU_1380_MIN,Lenços Lenço Estampado SKU_1380_MIN,,Acessórios,Lenços,Lenço Estampado,229.9,90.21,,OI24,,,,
SKU_1380_TUR,Lenços Lenço Estampado SKU_1380_TUR,,Acessórios,Lenços,Lenço Estampado,229.9,90.21,,OI24,,,,
SKU_1381_PAS,Calças Calça Pantalona SKU_1381_PAS,,Feminino,Calças,Calça Pantalona,274.9,90.99,,OI24,,,,
SKU_1381_WHI,Calças Calça Pantalona SKU_1381_WHI,,Feminino,Calças,Calça Pantalona,274.9,90.99,,OI24,,,,
SKU_1382_ARM,Lenços Lenço Estampado SKU_1382_ARM,,Acessórios,Lenços,Lenço Estampado,189.9,60.39,,OI24,,,,
SKU_1382_HOT,Lenços Lenço Estampado SKU_1382_HOT,,Acessórios,Lenços,Lenço Estampado,189.9,60.39,,OI24,,,,
SKU_1383_CLE,Cintos Cinto de Couro SKU_1383_CLE,,Acessórios,Cintos,Cinto de Couro,179.9,59.55,,OI24,,,,
SKU_1383_TUR,Cintos Cinto de Couro SKU_1383_TUR,,Acessórios,Cintos,Cinto de Couro,179.9,59.55,,OI24,,,,
SKU_1384_CRE,Tricô Suéter SKU_1384_CRE,,Feminino,Tricô,Suéter,519.9,171.15,,OI24,,,,
SKU_1384_SKY,Tricô Suéter SKU_1384_SKY,,Feminino,Tricô,Suéter,519.9,171.15,,OI24,,,,
SKU_1385_NAV,Calças Calça Jeans SKU_1385_NAV,,Feminino,Calças,Calça Jeans,289.9,95.96,,OI24,,,,
SKU_1385_PRI,Calças Calça Jeans SKU_1385_PRI,,Feminino,Calças,Calça Jeans,289.9,95.96,,OI24,,,,
SKU_1386_COB,Blusas Body SKU_1386_COB,,Feminino,Blusas,Body,214.9,67.37,,OI24,,,,
SKU_1386_SER,Blusas Body SKU_1386_SER,,Feminino,Blusas,Body,214.9,67.37,,OI24,,,,
SKU_1387_BAB,T-shirts e Regatas T-shirt Básica SKU_1387_BAB,,Feminino,T-shirts e Regatas,T-shirt Básica,159.9,45.74,,OI24,,,,
SKU_1387_BRI,T-shirts e Regatas T-shirt Básica SKU_1387_BRI,,Feminino,T-shirts e Regatas,T-shirt Básica,159.9,45.74,,OI24,,,,
SKU_1388_BRI,Camisas Camisa Alfaiataria SKU_1388_BRI,,Feminino,Camisas,Camisa Alfaiataria,374.9,100.21,,OI24,,,,
SKU_1388_VAN,Camisas Camisa Alfaiataria SKU_1388_VAN,,Feminino,Camisas,Camisa Alfaiataria,374.9,100.21,,OI24,,,,
SKU_1389_BAB,Lenços Lenço Estampado SKU_1389_BAB,,Acessórios,Lenços,Lenço Estampado,139.9,41.55,,PV25,,,,
SKU_1389_SHO,Lenços Lenço Estampado SKU_1389_SHO,,Acessórios,Lenços,Lenço Estampado,139.9,41.55,,PV25,,,,
SKU_1390_PAS,Shorts e Bermudas Short Alfaiataria SKU_1390_PAS,,Feminino,Shorts e Bermudas,Short Alfaiataria,229.9,90.21,,PV25,,,,
SKU_1390_SAP,Shorts e Bermudas Short Alfaiataria SKU_1390_SAP,,Feminino,Shorts e Bermudas,Short Alfaiataria,229.9,90.21,,PV25,,,,
SKU_1391_LIG,Saias Saia Midi SKU_1391_LIG,,Feminino,Saias,Saia Midi,284.9,94.3,,PV25,,,,
SKU_1391_SEA,Saias Saia Midi SKU_1391_SEA,,Feminino,Saias,Saia Midi,284.9,94.3,,PV25,,,,
SKU_1392_BLU,Saias Saia Longa SKU_1392_BLU,,Feminino,Saias,Saia Longa,294.9,97.61,,PV25,,,,
SKU_1392_LIM,Saias Saia Longa SKU_1392_LIM,,Feminino,Saias,Saia Longa,294.9,97.61,,PV25,,,,
SKU_1393_COB,Vestidos Vestido Curto SKU_1393_COB,,Feminino,Vestidos,Vestido Curto,309.9,98.55,,PV25,,,,
SKU_1393_SKY,Vestidos Vestido Curto SKU_1393_SKY,,Feminino,Vestidos,Vestido Curto,309.9,98.55,,PV25,,,,
SKU_1394_EME,Vestidos Vestido Curto SKU_1394_EME,,Feminino,Vestidos,Vestido Curto,469.9,149.43,,PV25,,,,
SKU_1394_FOR,Vestidos Vestido Curto SKU_1394_FOR,,Feminino,Vestidos,Vestido Curto,469.9,149.43,,PV25,,,,
SKU_1395_BLA,Blusas Blusa Manga Curta SKU_1395_BLA,,Feminino,Blusas,Blusa Manga Curta,289.9,92.19,,PV25,,,,
SKU_1395_TUR,Blusas Blusa Manga Curta SKU_1395_TUR,,Feminino,Blusas,Blusa Manga Curta,289.9,92.19,,PV25,,,,
SKU_1396_FUC,T-shirts e Regatas T-shirt Estampada SKU_1396_FUC,,Feminino,T-shirts e Regatas,T-shirt Estampada,134.9,44.41,,PV25,,,,
SKU_1396_PAS,T-shirts e Regatas T-shirt Estampada SKU_1396_PAS,,Feminino,T-shirts e Regatas,T-shirt Estampada,134.9,44.41,,PV25,,,,
SKU_1397_BUB,Saias Saia Midi SKU_1397_BUB,,Feminino,Saias,Saia Midi,234.9,77.33,,PV25,,,,
SKU_1397_SNO,Saias Saia Midi SKU_1397_SNO,,Feminino,Saias,Saia Midi,234.9,77.33,,PV25,,,,
SKU_1398_AQU,Vestidos Vestido Longo SKU_1398_AQU,,Feminino,Vestidos,Vestido Longo,674.9,222.18,,PV25,,,,
SKU_1398_SPA,Vestidos Vestido Longo SKU_1398_SPA,,Feminino,Vestidos,Vestido Longo,674.9,222.18,,PV25,,,,
SKU_1399_CRE,Shorts e Bermudas Short Jeans SKU_1399_CRE,,Feminino,Shorts e Bermudas,Short Jeans,269.9,85.83,,PV25,,,,
SKU_1399_PAL,Shorts e Bermudas Short Jeans SKU_1399_PAL,,Feminino,Shorts e Bermudas,Short Jeans,269.9,85.83,,PV25,,,,
SKU_1400_FOR,Blusas Blusa Cropped SKU_1400_FOR,,Feminino,Blusas,Blusa Cropped,209.9,69.1,,PV25,,,,
SKU_1400_PAL,Blusas Blusa Cropped SKU_1400_PAL,,Feminino,Blusas,Blusa Cropped,209.9,69.1,,PV25,,,,
SKU_1401_BLU,Shorts e Bermudas Short Jeans SKU_1401_BLU,,Feminino,Shorts e Bermudas,Short Jeans,239.9,79.41,,PV25,,,,
SKU_1401_GAR,Shorts e Bermudas Short Jeans SKU_1401_GAR,,Feminino,Shorts e Bermudas,Short Jeans,239.9,79.41,,PV25,,,,
SKU_1402_VAN,Camisas Camisa Estampada SKU_1402_VAN,,Feminino,Camisas,Camisa Estampada,234.9,74.7,,PV25,,,,
SKU_1402_WHI,Camisas Camisa Estampada SKU_1402_WHI,,Feminino,Camisas,Camisa Estampada,234.9,74.7,,PV25,,,,
SKU_1403_AQU,Calças Calça Jeans SKU_1403_AQU,,Feminino,Calças,Calça Jeans,384.9,126.71,,PV25,,,,
SKU_1403_DUS,Calças Calça Jeans SKU_1403_DUS,,Feminino,Calças,Calça Jeans,384.9,126.71,,PV25,,,,
SKU_1404_ARM,Vestidos Vestido Longo SKU_1404_ARM,,Feminino,Vestidos,Vestido Longo,1019.9,337.59,,PV25,,,,
SKU_1404_SAP,Vestidos Vestido Longo SKU_1404_SAP,,Feminino,Vestidos,Vestido Longo,1019.9,337.59,,PV25,,,,
SKU_1405_CLO,Blusas Body SKU_1405_CLO,,Feminino,Blusas,Body,214.9,71.13,,PV25,,,,
SKU_1405_FLA,Blusas Body SKU_1405_FLA,,Feminino,Blusas,Body,214.9,71.13,,PV25,,,,
SKU_1406_PRI,Camisas Camisa Alfaiataria SKU_1406_PRI,,Feminino,Camisas,Camisa Alfaiataria,349.9,115.19,,PV25,,,,
SKU_1406_SHO,Camisas Camisa Alfaiataria SKU_1406_SHO,,Feminino,Camisas,Camisa Alfaiataria,349.9,115.19,,PV25,,,,
SKU_1407_EME,Saias Saia Midi SKU_1407_EME,,Feminino,Saias,Saia Midi,214.9,61.64,,PV25,,,,
SKU_1407_OFF,Saias Saia Midi SKU_1407_OFF,,Feminino,Saias,Saia Midi,214.9,61.64,,PV25,,,,
SKU_1408_FUC,Vestidos Vestido Longo SKU_1408_FUC,,Feminino,Vestidos,Vestido Longo,919.9,291.18,,PV25,,,,
SKU_1408_PAS,Vestidos Vestido Longo SKU_1408_PAS,,Feminino,Vestidos,Vestido Longo,919.9,291.18,,PV25,,,,
SKU_1409_PEA,Saias Saia Midi SKU_1409_PEA,,Feminino,Saias,Saia Midi,209.9,61.77,,PV25,,,,
SKU_1410_JAD,Vestidos Vestido Longo SKU_1410_JAD,,Feminino,Vestidos,Vestido Longo,1139.9,338.55,,PV25,,,,
SKU_1410_ROS,Vestidos Vestido Longo SKU_1410_ROS,,Feminino,Vestidos,Vestido Longo,1139.9,338.55,,PV25,,,,
SKU_1411_BLU,Shorts e Bermudas Short Jeans SKU_1411_BLU,,Feminino,Shorts e Bermudas,Short Jeans,224.9,78.42,,PV25,,,,
SKU_1411_RAS,Shorts e Bermudas Short Jeans SKU_1411_RAS,,Feminino,Shorts e Bermudas,Short Jeans,224.9,78.42,,PV25,,,,
SKU_1412_BAB,Vestidos Vestido Longo SKU_1412_BAB,,Feminino,Vestidos,Vestido Longo,894.9,318.94,,PV25,,,,
SKU_1412_SHO,Vestidos Vestido Longo SKU_1412_SHO,,Feminino,Vestidos,Vestido Longo,894.9,318.94,,PV25,,,,
SKU_1413_JAD,Lenços Lenço Estampado SKU_1413_JAD,,Acessórios,Lenços,Lenço Estampado,184.9,61.2,,PV25,,,,
SKU_1413_SAG,Lenços Lenço Estampado SKU_1413_SAG,,Acessórios,Lenços,Lenço Estampado,184.9,61.2,,PV25,,,,
SKU_1414_CLO,Vestidos Vestido Curto SKU_1414_CLO,,Feminino,Vestidos,Vestido Curto,339.9,108.09,,PV25,,,,
SKU_1414_DUS,Vestidos Vestido Curto SKU_1414_DUS,,Feminino,Vestidos,Vestido Curto,339.9,108.09,,PV25,,,,
SKU_1415_BAB,Saias Saia Midi SKU_1415_BAB,,Feminino,Saias,Saia Midi,354.9,112.86,,PV25,,,,
SKU_1415_MID,Saias Saia Midi SKU_1415_MID,,Feminino,Saias,Saia Midi,354.9,112.86,,PV25,,,,
SKU_1416_AQU,Shorts e Bermudas Short Jeans SKU_1416_AQU,,Feminino,Shorts e Bermudas,Short Jeans,279.9,86.07,,PV25,,,,
SKU_1416_CLE,Shorts e Bermudas Short Jeans SKU_1416_CLE,,Feminino,Shorts e Bermudas,Short Jeans,279.9,86.07,,PV25,,,,
SKU_1417_BIR,Blusas Blusa Manga Curta SKU_1417_BIR,,Feminino,Blusas,Blusa Manga Curta,279.9,89.4,,PV25,,,,
SKU_1417_SNO,Blusas Blusa Manga Curta SKU_1417_SNO,,Feminino,Blusas,Blusa Manga Curta,279.9,89.4,,PV25,,,,
SKU_1418_CLE,Vestidos Vestido de Festa SKU_1418_CLE,,Feminino,Vestidos,Vestido de Festa,844.9,255.01,,PV25,,,,
SKU_1418_MOS,Vestidos Vestido de Festa SKU_1418_MOS,,Feminino,Vestidos,Vestido de Festa,844.9,255.01,,PV25,,,,
SKU_1419_FLA,Shorts e Bermudas Short Alfaiataria SKU_1419_FLA,,Feminino,Shorts e Bermudas,Short Alfaiataria,249.9,83.35,,PV25,,,,
SKU_1419_WHI,Shorts e Bermudas Short Alfaiataria SKU_1419_WHI,,Feminino,Shorts e Bermudas,Short Alfaiataria,249.9,83.35,,PV25,,,,
SKU_1420_EGR,Vestidos Vestido Longo SKU_1420_EGR,,Feminino,Vestidos,Vestido Longo,989.9,325.07,,PV25,,,,
SKU_1420_LIM,Vestidos Vestido Longo SKU_1420_LIM,,Feminino,Vestidos,Vestido Longo,989.9,325.07,,PV25,,,,
SKU_1421_LIG,Lenços Lenço Estampado SKU_1421_LIG,,Acessórios,Lenços,Lenço Estampado,229.9,87.03,,PV25,,,,
SKU_1421_SER,Lenços Lenço Estampado SKU_1421_SER,,Acessórios,Lenços,Lenço Estampado,229.9,87.03,,PV25,,,,
SKU_1422_MIN,Saias Saia Midi SKU_1422_MIN,,Feminino,Saias,Saia Midi,314.9,119.96,,PV25,,,,
SKU_1422_PIN,Saias Saia Midi SKU_1422_PIN,,Feminino,Saias,Saia Midi,314.9,119.96,,PV25,,,,
SKU_1423_JAD,Vestidos Vestido Longo SKU_1423_JAD,,Feminino,Vestidos,Vestido Longo,1199.9,395.01,,PV25,,,,
SKU_1423_SAG,Vestidos Vestido Longo SKU_1423_SAG,,Feminino,Vestidos,Vestido Longo,1199.9,395.01,,PV25,,,,
SKU_1424_BAB,Vestidos Vestido Longo SKU_1424_BAB,,Feminino,Vestidos,Vestido Longo,994.9,327.52,,PV25,,,,
SKU_1424_VAN,Vestidos Vestido Longo SKU_1424_VAN,,Feminino,Vestidos,Vestido Longo,994.9,327.52,,PV25,,,,
SKU_1425_LIG,Blusas Blusa Cropped SKU_1425_LIG,,Feminino,Blusas,Blusa Cropped,209.9,66.75,,PV25,,,,
SKU_1425_WHI,Blusas Blusa Cropped SKU_1425_WHI,,Feminino,Blusas,Blusa Cropped,209.9,66.75,,PV25,,,,
SKU_1426_NAV,Bijoux Brinco SKU_1426_NAV,,Acessórios,Bijoux,Brinco,129.9,37.77,,PV25,,,,
SKU_1426_SEA,Bijoux Brinco SKU_1426_SEA,,Acessórios,Bijoux,Brinco,129.9,37.77,,PV25,,,,
SKU_1427_AQU,Blusas Blusa Manga Curta SKU_1427_AQU,,Feminino,Blusas,Blusa Manga Curta,199.9,62.23,,PV25,,,,
SKU_1427_BLA,Blusas Blusa Manga Curta SKU_1427_BLA,,Feminino,Blusas,Blusa Manga Curta,199.9,62.23,,PV25,,,,
SKU_1428_COB,Bolsas Bolsa Tiracolo SKU_1428_COB,,Acessórios,Bolsas,Bolsa Tiracolo,489.9,134.3,,PV25,,,,
SKU_1428_SKY,Bolsas Bolsa Tiracolo SKU_1428_SKY,,Acessórios,Bolsas,Bolsa Tiracolo,489.9,134.3,,PV25,,,,
SKU_1429_MAG,Shorts e Bermudas Short Alfaiataria SKU_1429_MAG,,Feminino,Shorts e Bermudas,Short Alfaiataria,189.9,60.02,,PV25,,,,
SKU_1429_SPA,Shorts e Bermudas Short Alfaiataria SKU_1429_SPA,,Feminino,Shorts e Bermudas,Short Alfaiataria,189.9,60.02,,PV25,,,,
SKU_1430_JAD,T-shirts e Regatas T-shirt Básica SKU_1430_JAD,,Feminino,T-shirts e Regatas,T-shirt Básica,179.9,63.09,,PV25,,,,
SKU_1430_PEA,T-shirts e Regatas T-shirt Básica SKU_1430_PEA,,Feminino,T-shirts e Regatas,T-shirt Básica,179.9,63.09,,PV25,,,,
SKU_1431_CRE,Vestidos Vestido Curto SKU_1431_CRE,,Feminino,Vestidos,Vestido Curto,369.9,126.12,,PV25,,,,
SKU_1431_TEA,Vestidos Vestido Curto SKU_1431_TEA,,Feminino,Vestidos,Vestido Curto,369.9,126.12,,PV25,,,,
SKU_1432_BRI,Bolsas Bolsa Tote SKU_1432_BRI,,Acessórios,Bolsas,Bolsa Tote,719.9,279.21,,PV25,,,,
SKU_1432_WHI,Bolsas Bolsa Tote SKU_1432_WHI,,Acessórios,Bolsas,Bolsa Tote,719.9,279.21,,PV25,,,,
SKU_1433_OLI,Blusas Body SKU_1433_OLI,,Feminino,Blusas,Body,314.9,103.67,,PV25,,,,
SKU_1433_SAP,Blusas Body SKU_1433_SAP,,Feminino,Blusas,Body,314.9,103.67,,PV25,,,,
SKU_1434_ARM,T-shirts e Regatas T-shirt Estampada SKU_1434_ARM,,Feminino,T-shirts e Regatas,T-shirt Estampada,209.9,66.75,,PV25,,,,
SKU_1434_MIN,T-shirts e Regatas T-shirt Estampada SKU_1434_MIN,,Feminino,T-shirts e Regatas,T-shirt Estampada,209.9,66.75,,PV25,,,,
SKU_1435_OLI,Vestidos Vestido Longo SKU_1435_OLI,,Feminino,Vestidos,Vestido Longo,1009.9,304.81,,PV25,,,,
SKU_1435_SKY,Vestidos Vestido Longo SKU_1435_SKY,,Feminino,Vestidos,Vestido Longo,1009.9,304.81,,PV25,,,,
SKU_1436_BLU,Blusas Blusa Manga Curta SKU_1436_BLU,,Feminino,Blusas,Blusa Manga Curta,279.9,82.88,,PV25,,,,
SKU_1436_PAS,Blusas Blusa Manga Curta SKU_1436_PAS,,Feminino,Blusas,Blusa Manga Curta,279.9,82.88,,PV25,,,,
SKU_1437_AQU,T-shirts e Regatas T-shirt Básica SKU_1437_AQU,,Feminino,T-shirts e Regatas,T-shirt Básica,164.9,52.53,,PV25,,,,
SKU_1437_ROY,T-shirts e Regatas T-shirt Básica SKU_1437_ROY,,Feminino,T-shirts e Regatas,T-shirt Básica,164.9,52.53,,PV25,,,,
SKU_1438_DEE,Bijoux Colar SKU_1438_DEE,,Acessórios,Bijoux,Colar,204.9,76.92,,PV25,,,,
SKU_1438_MOS,Bijoux Colar SKU_1438_MOS,,Acessórios,Bijoux,Colar,204.9,76.92,,PV25,,,,
SKU_1439_CER,Shorts e Bermudas Short Jeans SKU_1439_CER,,Feminino,Shorts e Bermudas,Short Jeans,184.9,61.2,,PV25,,,,
SKU_1439_SHO,Shorts e Bermudas Short Jeans SKU_1439_SHO,,Feminino,Shorts e Bermudas,Short Jeans,184.9,61.2,,PV25,,,,
SKU_1440_BLU,Vestidos Vestido de Festa SKU_1440_BLU,,Feminino,Vestidos,Vestido de Festa,1199.9,462.93,,PV25,,,,
SKU_1440_PIS,Vestidos Vestido de Festa SKU_1440_PIS,,Feminino,Vestidos,Vestido de Festa,1199.9,462.93,,PV25,,,,
SKU_1441_COB,Vestidos Vestido de Festa SKU_1441_COB,,Feminino,Vestidos,Vestido de Festa,1154.9,447.85,,PV25,,,,
SKU_1441_IVO,Vestidos Vestido de Festa SKU_1441_IVO,,Feminino,Vestidos,Vestido de Festa,1154.9,447.85,,PV25,,,,
SKU_1442_EME,Calças Calça Jeans SKU_1442_EME,,Feminino,Calças,Calça Jeans,289.9,95.96,,PV25,,,,
SKU_1442_OFF,Calças Calça Jeans SKU_1442_OFF,,Feminino,Calças,Calça Jeans,289.9,95.96,,PV25,,,,
SKU_1443_BLU,Calças Calça Jeans SKU_1443_BLU,,Feminino,Calças,Calça Jeans,269.9,89.34,,PV25,,,,
SKU_1443_PRI,Calças Calça Jeans SKU_1443_PRI,,Feminino,Calças,Calça Jeans,269.9,89.34,,PV25,,,,
SKU_1444_HUN,Blusas Blusa Cropped SKU_1444_HUN,,Feminino,Blusas,Blusa Cropped,239.9,91.17,,PV25,,,,
SKU_1444_OLI,Blusas Blusa Cropped SKU_1444_OLI,,Feminino,Blusas,Blusa Cropped,239.9,91.17,,PV25,,,,
SKU_1445_PRI,Calças Calça Jeans SKU_1445_PRI,,Feminino,Calças,Calça Jeans,409.9,158.06,,PV25,,,,
SKU_1445_TEA,Calças Calça Jeans SKU_1445_TEA,,Feminino,Calças,Calça Jeans,409.9,158.06,,PV25,,,,
SKU_1446_GAR,Calças Calça Jeans SKU_1446_GAR,,Feminino,Calças,Calça Jeans,269.9,105.58,,PV25,,,,
SKU_1446_SHO,Calças Calça Jeans SKU_1446_SHO,,Feminino,Calças,Calça Jeans,269.9,105.58,,PV25,,,,
SKU_1447_BLU,Blusas Blusa Manga Curta SKU_1447_BLU,,Feminino,Blusas,Blusa Manga Curta,239.9,78.98,,PV25,,,,
SKU_1447_OLI,Blusas Blusa Manga Curta SKU_1447_OLI,,Feminino,Blusas,Blusa Manga Curta,239.9,78.98,,PV25,,,,
SKU_1448_SEA,Blusas Blusa Manga Curta SKU_1448_SEA,,Feminino,Blusas,Blusa Manga Curta,179.9,59.22,,PV25,,,,
SKU_1448_SKY,Blusas Blusa Manga Curta SKU_1448_SKY,,Feminino,Blusas,Blusa Manga Curta,179.9,59.22,,PV25,,,,
SKU_1449_BLA,Camisas Camisa Alfaiataria SKU_1449_BLA,,Feminino,Camisas,Camisa Alfaiataria,324.9,107.54,,PV25,,,,
SKU_1449_NAV,Camisas Camisa Alfaiataria SKU_1449_NAV,,Feminino,Camisas,Camisa Alfaiataria,324.9,107.54,,PV25,,,,
SKU_1450_JAD,Calças Calça Pantalona SKU_1450_JAD,,Feminino,Calças,Calça Pantalona,409.9,132.56,,PV25,,,,
SKU_1450_MAG,Calças Calça Pantalona SKU_1450_MAG,,Feminino,Calças,Calça Pantalona,409.9,132.56,,PV25,,,,
SKU_1451_BIR,Shorts e Bermudas Short Jeans SKU_1451_BIR,,Feminino,Shorts e Bermudas,Short Jeans,244.9,79.28,,PV25,,,,
SKU_1451_WHI,Shorts e Bermudas Short Jeans SKU_1451_WHI,,Feminino,Shorts e Bermudas,Short Jeans,244.9,79.28,,PV25,,,,
SKU_1452_DEE,T-shirts e Regatas T-shirt Básica SKU_1452_DEE,,Feminino,T-shirts e Regatas,T-shirt Básica,144.9,38.73,,PV25,,,,
SKU_1452_SKY,T-shirts e Regatas T-shirt Básica SKU_1452_SKY,,Feminino,T-shirts e Regatas,T-shirt Básica,144.9,38.73,,PV25,,,,
SKU_1453_PRI,Saias Saia Midi SKU_1453_PRI,,Feminino,Saias,Saia Midi,234.9,74.46,,PV25,,,,
SKU_1453_SAP,Saias Saia Midi SKU_1453_SAP,,Feminino,Saias,Saia Midi,234.9,74.46,,PV25,,,,
SKU_1454_BRI,T-shirts e Regatas T-shirt Básica SKU_1454_BRI,,Feminino,T-shirts e Regatas,T-shirt Básica,149.9,57.02,,PV25,,,,
SKU_1454_BUB,T-shirts e Regatas T-shirt Básica SKU_1454_BUB,,Feminino,T-shirts e Regatas,T-shirt Básica,149.9,57.02,,PV25,,,,
SKU_1455_ROY,Camisas Camisa Alfaiataria SKU_1455_ROY,,Feminino,Camisas,Camisa Alfaiataria,334.9,110.85,,PV25,,,,
SKU_1455_TEA,Camisas Camisa Alfaiataria SKU_1455_TEA,,Feminino,Camisas,Camisa Alfaiataria,334.9,110.85,,PV25,,,,
SKU_1456_DEN,Camisas Camisa Estampada SKU_1456_DEN,,Feminino,Camisas,Camisa Estampada,314.9,104.23,,PV25,,,,
SKU_1456_EME,Camisas Camisa Estampada SKU_1456_EME,,Feminino,Camisas,Camisa Estampada,314.9,104.23,,PV25,,,,
SKU_1457_MAG,T-shirts e Regatas Regata SKU_1457_MAG,,Feminino,T-shirts e Regatas,Regata,159.9,52.93,,PV25,,,,
SKU_1457_SNO,T-shirts e Regatas Regata SKU_1457_SNO,,Feminino,T-shirts e Regatas,Regata,159.9,52.93,,PV25,,,,
SKU_1458_MIN,Camisas Camisa Alfaiataria SKU_1458_MIN,,Feminino,Camisas,Camisa Alfaiataria,349.9,115.82,,PV25,,,,
SKU_1458_PEA,Camisas Camisa Alfaiataria SKU_1458_PEA,,Feminino,Camisas,Camisa Alfaiataria,349.9,115.82,,PV25,,,,
SKU_1459_CRE,Saias Saia Curta SKU_1459_CRE,,Feminino,Saias,Saia Curta,209.9,69.1,,PV25,,,,
SKU_1459_OFF,Saias Saia Curta SKU_1459_OFF,,Feminino,Saias,Saia Curta,209.9,69.1,,PV25,,,,
SKU_1460_FUC,Blusas Blusa Manga Curta SKU_1460_FUC,,Feminino,Blusas,Blusa Manga Curta,174.9,55.44,,PV25,,,,
SKU_1460_OLI,Blusas Blusa Manga Curta SKU_1460_OLI,,Feminino,Blusas,Blusa Manga Curta,174.9,55.44,,PV25,,,,
SKU_1461_NAV,Vestidos Vestido Longo SKU_1461_NAV,,Feminino,Vestidos,Vestido Longo,1069.9,345.94,,PV25,,,,
SKU_1461_PRI,Vestidos Vestido Longo SKU_1461_PRI,,Feminino,Vestidos,Vestido Longo,1069.9,345.94,,PV25,,,,
SKU_1462_MID,Vestidos Vestido Curto SKU_1462_MID,,Feminino,Vestidos,Vestido Curto,364.9,97.54,,PV25,,,,
SKU_1462_OFF,Vestidos Vestido Curto SKU_1462_OFF,,Feminino,Vestidos,Vestido Curto,364.9,97.54,,PV25,,,,
SKU_1463_DUS,Blusas Blusa Cropped SKU_1463_DUS,,Feminino,Blusas,Blusa Cropped,259.9,84.99,,PV25,,,,
SKU_1463_LIG,Blusas Blusa Cropped SKU_1463_LIG,,Feminino,Blusas,Blusa Cropped,259.9,84.99,,PV25,,,,
SKU_1464_BIR,Blusas Body SKU_1464_BIR,,Feminino,Blusas,Body,229.9,87.45,,PV25,,,,
SKU_1464_MOS,Blusas Body SKU_1464_MOS,,Feminino,Blusas,Body,229.9,87.45,,PV25,,,,
SKU_1465_CLE,Calças Calça Jeans SKU_1465_CLE,,Feminino,Calças,Calça Jeans,314.9,119.71,,PV25,,,,
SKU_1465_OFF,Calças Calça Jeans SKU_1465_OFF,,Feminino,Calças,Calça Jeans,314.9,119.71,,PV25,,,,
SKU_1466_PRI,Camisas Camisa Alfaiataria SKU_1466_PRI,,Feminino,Camisas,Camisa Alfaiataria,269.9,88.85,,PV25,,,,
SKU_1466_SAP,Camisas Camisa Alfaiataria SKU_1466_SAP,,Feminino,Camisas,Camisa Alfaiataria,269.9,88.85,,PV25,,,,
SKU_1467_FUC,Blusas Blusa Cropped SKU_1467_FUC,,Feminino,Blusas,Blusa Cropped,204.9,65.16,,PV25,,,,
SKU_1467_OLI,Blusas Blusa Cropped SKU_1467_OLI,,Feminino,Blusas,Blusa Cropped,204.9,65.16,,PV25,,,,
SKU_1468_BAB,Vestidos Vestido Midi SKU_1468_BAB,,Feminino,Vestidos,Vestido Midi,529.9,175.4,,PV25,,,,
SKU_1468_MYS,Vestidos Vestido Midi SKU_1468_MYS,,Feminino,Vestidos,Vestido Midi,529.9,175.4,,PV25,,,,
SKU_1469_ARM,Camisas Camisa Alfaiataria SKU_1469_ARM,,Feminino,Camisas,Camisa Alfaiataria,294.9,93.78,,PV25,,,,
SKU_1469_SAL,Camisas Camisa Alfaiataria SKU_1469_SAL,,Feminino,Camisas,Camisa Alfaiataria,294.9,93.78,,PV25,,,,
SKU_1470_MAR,Vestidos Vestido de Festa SKU_1470_MAR,,Feminino,Vestidos,Vestido de Festa,919.9,298.4,,PV25,,,,
SKU_1470_WHI,Vestidos Vestido de Festa SKU_1470_WHI,,Feminino,Vestidos,Vestido de Festa,919.9,298.4,,PV25,,,,
SKU_1471_LIG,Lenços Lenço Estampado SKU_1471_LIG,,Acessórios,Lenços,Lenço Estampado,204.9,55.38,,PV25,,,,
SKU_1471_ROS,Lenços Lenço Estampado SKU_1471_ROS,,Acessórios,Lenços,Lenço Estampado,204.9,55.38,,PV25,,,,
SKU_1472_EME,Vestidos Vestido Midi SKU_1472_EME,,Feminino,Vestidos,Vestido Midi,469.9,148.02,,PV25,,,,
SKU_1472_MYS,Vestidos Vestido Midi SKU_1472_MYS,,Feminino,Vestidos,Vestido Midi,469.9,148.02,,PV25,,,,
SKU_1473_BAB,Bijoux Colar SKU_1473_BAB,,Acessórios,Bijoux,Colar,179.9,48.09,,PV25,,,,
SKU_1473_BLU,Bijoux Colar SKU_1473_BLU,,Acessórios,Bijoux,Colar,179.9,48.09,,PV25,,,,
SKU_1474_BRI,Vestidos Vestido Longo SKU_1474_BRI,,Feminino,Vestidos,Vestido Longo,1059.9,346.59,,PV25,,,,
SKU_1474_DEN,Vestidos Vestido Longo SKU_1474_DEN,,Feminino,Vestidos,Vestido Longo,1059.9,346.59,,PV25,,,,
SKU_1475_MIN,Blusas Body SKU_1475_MIN,,Feminino,Blusas,Body,249.9,95.06,,PV25,,,,
SKU_1475_VAN,Blusas Body SKU_1475_VAN,,Feminino,Blusas,Body,249.9,95.06,,PV25,,,,
SKU_1476_CLO,Shorts e Bermudas Short Jeans SKU_1476_CLO,,Feminino,Shorts e Bermudas,Short Jeans,274.9,90.5,,PV25,,,,
SKU_1476_WHI,Shorts e Bermudas Short Jeans SKU_1476_WHI,,Feminino,Shorts e Bermudas,Short Jeans,274.9,90.5,,PV25,,,,
SKU_1477_CLE,Saias Saia Midi SKU_1477_CLE,,Feminino,Saias,Saia Midi,224.9,74.44,,PV25,,,,
SKU_1477_EME,Saias Saia Midi SKU_1477_EME,,Feminino,Saias,Saia Midi,224.9,74.44,,PV25,,,,
SKU_1478_COB,Shorts e Bermudas Short Alfaiataria SKU_1478_COB,,Feminino,Shorts e Bermudas,Short Alfaiataria,194.9,64.16,,PV25,,,,
SKU_1478_TEA,Shorts e Bermudas Short Alfaiataria SKU_1478_TEA,,Feminino,Shorts e Bermudas,Short Alfaiataria,194.9,64.16,,PV25,,,,
SKU_1479_FUC,Bolsas Bolsa Tiracolo SKU_1479_FUC,,Acessórios,Bolsas,Bolsa Tiracolo,554.9,183.67,,PV25,,,,
SKU_1479_MIN,Bolsas Bolsa Tiracolo SKU_1479_MIN,,Acessórios,Bolsas,Bolsa Tiracolo,554.9,183.67,,PV25,,,,
SKU_1480_MEX,Vestidos Vestido Curto SKU_1480_MEX,,Feminino,Vestidos,Vestido Curto,369.9,122.44,,PV25,,,,
SKU_1480_SNO,Vestidos Vestido Curto SKU_1480_SNO,,Feminino,Vestidos,Vestido Curto,369.9,122.44,,PV25,,,,
SKU_1481_BLA,Vestidos Vestido de Festa SKU_1481_BLA,,Feminino,Vestidos,Vestido de Festa,809.9,246.3,,PV25,,,,
SKU_1481_TEA,Vestidos Vestido de Festa SKU_1481_TEA,,Feminino,Vestidos,Vestido de Festa,809.9,246.3,,PV25,,,,
SKU_1482_MOS,Calças Calça Pantalona SKU_1482_MOS,,Feminino,Calças,Calça Pantalona,444.9,124.21,,PV25,,,,
SKU_1482_SHO,Calças Calça Pantalona SKU_1482_SHO,,Feminino,Calças,Calça Pantalona,444.9,124.21,,PV25,,,,
SKU_1483_POW,Saias Saia Midi SKU_1483_POW,,Feminino,Saias,Saia Midi,324.9,95.62,,PV25,,,,
SKU_1483_WHI,Saias Saia Midi SKU_1483_WHI,,Feminino,Saias,Saia Midi,324.9,95.62,,PV25,,,,
SKU_1484_EGR,Bolsas Bolsa Tiracolo SKU_1484_EGR,,Acessórios,Bolsas,Bolsa Tiracolo,459.9,136.59,,PV25,,,,
SKU_1484_MOS,Bolsas Bolsa Tiracolo SKU_1484_MOS,,Acessórios,Bolsas,Bolsa Tiracolo,459.9,136.59,,PV25,,,,
SKU_1485_CER,Vestidos Vestido Longo SKU_1485_CER,,Feminino,Vestidos,Vestido Longo,664.9,260.91,,PV25,,,,
SKU_1485_PAS,Vestidos Vestido Longo SKU_1485_PAS,,Feminino,Vestidos,Vestido Longo,664.9,260.91,,PV25,,,,
SKU_1486_OLI,Camisas Camisa Estampada SKU_1486_OLI,,Feminino,Camisas,Camisa Estampada,289.9,95.96,,PV25,,,,
SKU_1486_PAL,Camisas Camisa Estampada SKU_1486_PAL,,Feminino,Camisas,Camisa Estampada,289.9,95.96,,PV25,,,,
SKU_1487_BRI,Vestidos Vestido Curto SKU_1487_BRI,,Feminino,Vestidos,Vestido Curto,334.9,106.5,,PV25,,,,
SKU_1487_CLE,Vestidos Vestido Curto SKU_1487_CLE,,Feminino,Vestidos,Vestido Curto,334.9,106.5,,PV25,,,,
SKU_1488_IVO,Saias Saia Midi SKU_1488_IVO,,Feminino,Saias,Saia Midi,339.9,108.09,,PV25,,,,
SKU_1488_PEA,Saias Saia Midi SKU_1488_PEA,,Feminino,Saias,Saia Midi,339.9,108.09,,PV25,,,,
SKU_1489_IVO,Camisas Camisa Alfaiataria SKU_1489_IVO,,Feminino,Camisas,Camisa Alfaiataria,369.9,121.77,,PV25,,,,
SKU_1489_TEA,Camisas Camisa Alfaiataria SKU_1489_TEA,,Feminino,Camisas,Camisa Alfaiataria,369.9,121.77,,PV25,,,,
SKU_1490_EME,Camisas Camisa Estampada SKU_1490_EME,,Feminino,Camisas,Camisa Estampada,314.9,104.23,,PV25,,,,
SKU_1490_VAN,Camisas Camisa Estampada SKU_1490_VAN,,Feminino,Camisas,Camisa Estampada,314.9,104.23,,PV25,,,,
SKU_1491_CER,T-shirts e Regatas T-shirt Básica SKU_1491_CER,,Feminino,T-shirts e Regatas,T-shirt Básica,134.9,41.91,,PV25,,,,
SKU_1491_GAR,T-shirts e Regatas T-shirt Básica SKU_1491_GAR,,Feminino,T-shirts e Regatas,T-shirt Básica,134.9,41.91,,PV25,,,,
SKU_1492_BIR,Vestidos Vestido Curto SKU_1492_BIR,,Feminino,Vestidos,Vestido Curto,374.9,117.69,,PV25,,,,
SKU_1492_SKY,Vestidos Vestido Curto SKU_1492_SKY,,Feminino,Vestidos,Vestido Curto,374.9,117.69,,PV25,,,,
SKU_1493_CLO,Camisas Camisa Estampada SKU_1493_CLO,,Feminino,Camisas,Camisa Estampada,329.9,88.18,,PV25,,,,
SKU_1493_PEA,Camisas Camisa Estampada SKU_1493_PEA,,Feminino,Camisas,Camisa Estampada,329.9,88.18,,PV25,,,,
SKU_1494_EGR,Vestidos Vestido de Festa SKU_1494_EGR,,Feminino,Vestidos,Vestido de Festa,1084.9,343.91,,PV25,,,,
SKU_1494_HOT,Vestidos Vestido de Festa SKU_1494_HOT,,Feminino,Vestidos,Vestido de Festa,1084.9,343.91,,PV25,,,,
SKU_1495_BLA,Calças Calça Jeans SKU_1495_BLA,,Feminino,Calças,Calça Jeans,329.9,117.58,,PV25,,,,
SKU_1495_FUC,Calças Calça Jeans SKU_1495_FUC,,Feminino,Calças,Calça Jeans,329.9,117.58,,PV25,,,,
SKU_1496_PAS,Vestidos Vestido de Festa SKU_1496_PAS,,Feminino,Vestidos,Vestido de Festa,1134.9,373.61,,PV25,,,,
SKU_1496_PEA,Vestidos Vestido de Festa SKU_1496_PEA,,Feminino,Vestidos,Vestido de Festa,1134.9,373.61,,PV25,,,,
SKU_1497_FUC,Bijoux Colar SKU_1497_FUC,,Acessórios,Bijoux,Colar,134.9,44.65,,PV25,,,,
SKU_1497_VAN,Bijoux Colar SKU_1497_VAN,,Acessórios,Bijoux,Colar,134.9,44.65,,PV25,,,,
SKU_1498_LIG,Camisas Camisa Alfaiataria SKU_1498_LIG,,Feminino,Camisas,Camisa Alfaiataria,339.9,112.51,,PV25,,,,
SKU_1498_OLI,Camisas Camisa Alfaiataria SKU_1498_OLI,,Feminino,Camisas,Camisa Alfaiataria,339.9,112.51,,PV25,,,,
SKU_1499_HOT,Calças Calça Jeans SKU_1499_HOT,,Feminino,Calças,Calça Jeans,259.9,82.65,,PV25,,,,
SKU_1499_RAS,Calças Calça Jeans SKU_1499_RAS,,Feminino,Calças,Calça Jeans,259.9,82.65,,PV25,,,,
SKU_1500_MOS,Blusas Blusa Manga Curta SKU_1500_MOS,,Feminino,Blusas,Blusa Manga Curta,259.9,85.56,,PV25,,,,
SKU_1500_PAS,Blusas Blusa Manga Curta SKU_1500_PAS,,Feminino,Blusas,Blusa Manga Curta,259.9,85.56,,PV25,,,,
SKU_1501_OLI,T-shirts e Regatas T-shirt Estampada SKU_1501_OLI,,Feminino,T-shirts e Regatas,T-shirt Estampada,169.9,56.24,,PV25,,,,
SKU_1501_SAL,T-shirts e Regatas T-shirt Estampada SKU_1501_SAL,,Feminino,T-shirts e Regatas,T-shirt Estampada,169.9,56.24,,PV25,,,,
SKU_1502_PEA,Shorts e Bermudas Short Jeans SKU_1502_PEA,,Feminino,Shorts e Bermudas,Short Jeans,209.9,69.1,,PV25,,,,
SKU_1502_VAN,Shorts e Bermudas Short Jeans SKU_1502_VAN,,Feminino,Shorts e Bermudas,Short Jeans,209.9,69.1,,PV25,,,,
SKU_1503_CER,Cintos Cinto de Couro SKU_1503_CER,,Acessórios,Cintos,Cinto de Couro,229.9,75.68,,PV25,,,,
SKU_1503_VAN,Cintos Cinto de Couro SKU_1503_VAN,,Acessórios,Cintos,Cinto de Couro,229.9,75.68,,PV25,,,,
SKU_1504_EME,Calças Calça Pantalona SKU_1504_EME,,Feminino,Calças,Calça Pantalona,339.9,112.51,,PV25,,,,
SKU_1504_NAV,Calças Calça Pantalona SKU_1504_NAV,,Feminino,Calças,Calça Pantalona,339.9,112.51,,PV25,,,,
SKU_1505_BLU,Cintos Cinto de Couro SKU_1505_BLU,,Acessórios,Cintos,Cinto de Couro,234.9,77.75,,PV25,,,,
SKU_1505_SNO,Cintos Cinto de Couro SKU_1505_SNO,,Acessórios,Cintos,Cinto de Couro,234.9,77.75,,PV25,,,,
SKU_1506_BRI,Blusas Blusa Manga Curta SKU_1506_BRI,,Feminino,Blusas,Blusa Manga Curta,229.9,73.11,,PV25,,,,
SKU_1506_PAL,Blusas Blusa Manga Curta SKU_1506_PAL,,Feminino,Blusas,Blusa Manga Curta,229.9,73.11,,PV25,,,,
SKU_1507_FLA,Cintos Cinto de Couro SKU_1507_FLA,,Acessórios,Cintos,Cinto de Couro,179.9,59.55,,PV25,,,,
SKU_1507_PAS,Cintos Cinto de Couro SKU_1507_PAS,,Acessórios,Cintos,Cinto de Couro,179.9,59.55,,PV25,,,,
SKU_1508_DEE,Blusas Blusa Manga Curta SKU_1508_DEE,,Feminino,Blusas,Blusa Manga Curta,209.9,69.1,,PV25,,,,
SKU_1508_LIM,Blusas Blusa Manga Curta SKU_1508_LIM,,Feminino,Blusas,Blusa Manga Curta,209.9,69.1,,PV25,,,,
SKU_1509_HOT,Camisas Camisa Alfaiataria SKU_1509_HOT,,Feminino,Camisas,Camisa Alfaiataria,319.9,105.89,,PV25,,,,
SKU_1509_MAG,Camisas Camisa Alfaiataria SKU_1509_MAG,,Feminino,Camisas,Camisa Alfaiataria,319.9,105.89,,PV25,,,,
SKU_1510_ROS,Vestidos Vestido de Festa SKU_1510_ROS,,Feminino,Vestidos,Vestido de Festa,834.9,265.5,,PV25,,,,
SKU_1510_SNO,Vestidos Vestido de Festa SKU_1510_SNO,,Feminino,Vestidos,Vestido de Festa,834.9,265.5,,PV25,,,,
SKU_1511_CLE,Vestidos Vestido Longo SKU_1511_CLE,,Feminino,Vestidos,Vestido Longo,934.9,297.3,,PV25,,,,
SKU_1511_SKY,Vestidos Vestido Longo SKU_1511_SKY,,Feminino,Vestidos,Vestido Longo,934.9,297.3,,PV25,,,,
SKU_1512_MYS,Shorts e Bermudas Short Alfaiataria SKU_1512_MYS,,Feminino,Shorts e Bermudas,Short Alfaiataria,224.9,71.34,,PV25,,,,
SKU_1512_TEA,Shorts e Bermudas Short Alfaiataria SKU_1512_TEA,,Feminino,Shorts e Bermudas,Short Alfaiataria,224.9,71.34,,PV25,,,,
SKU_1513_PAS,Blusas Body SKU_1513_PAS,,Feminino,Blusas,Body,214.9,58.08,,PV25,,,,
SKU_1513_RAS,Blusas Body SKU_1513_RAS,,Feminino,Blusas,Body,214.9,58.08,,PV25,,,,
SKU_1514_PEA,Vestidos Vestido de Festa SKU_1514_PEA,,Feminino,Vestidos,Vestido de Festa,829.9,244.24,,PV25,,,,
SKU_1514_SPA,Vestidos Vestido de Festa SKU_1514_SPA,,Feminino,Vestidos,Vestido de Festa,829.9,244.24,,PV25,,,,
SKU_1515_AQU,Shorts e Bermudas Short Jeans SKU_1515_AQU,,Feminino,Shorts e Bermudas,Short Jeans,194.9,63.73,,PV25,,,,
SKU_1515_SEA,Shorts e Bermudas Short Jeans SKU_1515_SEA,,Feminino,Shorts e Bermudas,Short Jeans,194.9,63.73,,PV25,,,,
SKU_1516_CRE,Camisas Camisa Alfaiataria SKU_1516_CRE,,Feminino,Camisas,Camisa Alfaiataria,349.9,133.1,,PV25,,,,
SKU_1516_EME,Camisas Camisa Alfaiataria SKU_1516_EME,,Feminino,Camisas,Camisa Alfaiataria,349.9,133.1,,PV25,,,,
SKU_1517_FOR,Vestidos Vestido Longo SKU_1517_FOR,,Feminino,Vestidos,Vestido Longo,1199.9,456.15,,PV25,,,,
SKU_1517_ROS,Vestidos Vestido Longo SKU_1517_ROS,,Feminino,Vestidos,Vestido Longo,1199.9,456.15,,PV25,,,,
SKU_1518_CLE,Camisas Camisa Alfaiataria SKU_1518_CLE,,Feminino,Camisas,Camisa Alfaiataria,234.9,74.7,,PV25,,,,
SKU_1518_LIM,Camisas Camisa Alfaiataria SKU_1518_LIM,,Feminino,Camisas,Camisa Alfaiataria,234.9,74.7,,PV25,,,,
SKU_1519_BLU,Vestidos Vestido Midi SKU_1519_BLU,,Feminino,Vestidos,Vestido Midi,629.9,200.31,,PV25,,,,
SKU_1519_TEA,Vestidos Vestido Midi SKU_1519_TEA,,Feminino,Vestidos,Vestido Midi,629.9,200.31,,PV25,,,,
SKU_1520_GAR,Shorts e Bermudas Short Jeans SKU_1520_GAR,,Feminino,Shorts e Bermudas,Short Jeans,224.9,74.04,,PV25,,,,
SKU_1520_ROY,Shorts e Bermudas Short Jeans SKU_1520_ROY,,Feminino,Shorts e Bermudas,Short Jeans,224.9,74.04,,PV25,,,,
SKU_1521_FRE,Blusas Body SKU_1521_FRE,,Feminino,Blusas,Body,189.9,60.39,,PV25,,,,
SKU_1521_MOS,Blusas Body SKU_1521_MOS,,Feminino,Blusas,Body,189.9,60.39,,PV25,,,,
SKU_1522_BIR,T-shirts e Regatas Regata SKU_1522_BIR,,Feminino,T-shirts e Regatas,Regata,149.9,40.96,,PV25,,,,
SKU_1522_MOS,T-shirts e Regatas Regata SKU_1522_MOS,,Feminino,T-shirts e Regatas,Regata,149.9,40.96,,PV25,,,,
SKU_1523_CRE,Calças Calça Jeans SKU_1523_CRE,,Feminino,Calças,Calça Jeans,374.9,103.55,,PV25,,,,
SKU_1523_HOT,Calças Calça Jeans SKU_1523_HOT,,Feminino,Calças,Calça Jeans,374.9,103.55,,PV25,,,,
SKU_1524_BLU,Calças Calça Jeans SKU_1524_BLU,,Feminino,Calças,Calça Jeans,369.9,108.86,,PV25,,,,
SKU_1524_DEN,Calças Calça Jeans SKU_1524_DEN,,Feminino,Calças,Calça Jeans,369.9,108.86,,PV25,,,,
SKU_1525_MYS,Calças Calça Jeans SKU_1525_MYS,,Feminino,Calças,Calça Jeans,289.9,91.9,,PV25,,,,
SKU_1525_OLI,Calças Calça Jeans SKU_1525_OLI,,Feminino,Calças,Calça Jeans,289.9,91.9,,PV25,,,,
SKU_1526_FOR,T-shirts e Regatas T-shirt Básica SKU_1526_FOR,,Feminino,T-shirts e Regatas,T-shirt Básica,169.9,60.55,,PV25,,,,
SKU_1526_POW,T-shirts e Regatas T-shirt Básica SKU_1526_POW,,Feminino,T-shirts e Regatas,T-shirt Básica,169.9,54.88,,PV25,,,,
SKU_1527_FUC,Vestidos Vestido Longo SKU_1527_FUC,,Feminino,Vestidos,Vestido Longo,909.9,299.54,,PV25,,,,
SKU_1527_TEA,Vestidos Vestido Longo SKU_1527_TEA,,Feminino,Vestidos,Vestido Longo,909.9,299.54,,PV25,,,,
SKU_1528_DEN,Blusas Blusa Manga Curta SKU_1528_DEN,,Feminino,Blusas,Blusa Manga Curta,214.9,71.13,,PV25,,,,
SKU_1528_PAS,Blusas Blusa Manga Curta SKU_1528_PAS,,Feminino,Blusas,Blusa Manga Curta,214.9,71.13,,PV25,,,,
SKU_1529_HUN,Blusas Blusa Cropped SKU_1529_HUN,,Feminino,Blusas,Blusa Cropped,244.9,80.62,,PV25,,,,
SKU_1529_MIN,Blusas Blusa Cropped SKU_1529_MIN,,Feminino,Blusas,Blusa Cropped,244.9,80.62,,PV25,,,,
SKU_1530_HON,Bijoux Brinco SKU_1530_HON,,Acessórios,Bijoux,Brinco,129.9,42.76,,PV25,,,,
SKU_1530_PEA,Bijoux Brinco SKU_1530_PEA,,Acessórios,Bijoux,Brinco,129.9,42.76,,PV25,,,,
SKU_1531_SNO,Bolsas Bolsa Tiracolo SKU_1531_SNO,,Acessórios,Bolsas,Bolsa Tiracolo,549.9,182.02,,PV25,,,,
SKU_1531_TEA,Bolsas Bolsa Tiracolo SKU_1531_TEA,,Acessórios,Bolsas,Bolsa Tiracolo,549.9,182.02,,PV25,,,,
SKU_1532_BRI,Vestidos Vestido de Festa SKU_1532_BRI,,Feminino,Vestidos,Vestido de Festa,979.9,273.57,,PV25,,,,
SKU_1532_EME,Vestidos Vestido de Festa SKU_1532_EME,,Feminino,Vestidos,Vestido de Festa,979.9,273.57,,PV25,,,,
SKU_1533_CER,T-shirts e Regatas T-shirt Básica SKU_1533_CER,,Feminino,T-shirts e Regatas,T-shirt Básica,164.9,49.66,,PV25,,,,
SKU_1533_DUS,T-shirts e Regatas T-shirt Básica SKU_1533_DUS,,Feminino,T-shirts e Regatas,T-shirt Básica,164.9,49.66,,PV25,,,,
SKU_1534_HUN,T-shirts e Regatas T-shirt Estampada SKU_1534_HUN,,Feminino,T-shirts e Regatas,T-shirt Estampada,199.9,58.83,,PV25,,,,
SKU_1534_MYS,T-shirts e Regatas T-shirt Estampada SKU_1534_MYS,,Feminino,T-shirts e Regatas,T-shirt Estampada,199.9,58.83,,PV25,,,,
SKU_1535_MOS,Vestidos Vestido Curto SKU_1535_MOS,,Feminino,Vestidos,Vestido Curto,304.9,96.65,,PV25,,,,
SKU_1535_NAV,Vestidos Vestido Curto SKU_1535_NAV,,Feminino,Vestidos,Vestido Curto,304.9,96.65,,PV25,,,,
SKU_1536_FRE,Calças Calça Jeans SKU_1536_FRE,,Feminino,Calças,Calça Jeans,344.9,122.92,,PV25,,,,
SKU_1536_MOS,Calças Calça Jeans SKU_1536_MOS,,Feminino,Calças,Calça Jeans,344.9,122.92,,PV25,,,,
SKU_1537_BLA,Blusas Blusa Manga Curta SKU_1537_BLA,,Feminino,Blusas,Blusa Manga Curta,254.9,84.37,,PV25,,,,
SKU_1537_SAP,Blusas Blusa Manga Curta SKU_1537_SAP,,Feminino,Blusas,Blusa Manga Curta,254.9,84.37,,PV25,,,,
SKU_1538_MAG,T-shirts e Regatas T-shirt Estampada SKU_1538_MAG,,Feminino,T-shirts e Regatas,T-shirt Estampada,209.9,69.48,,PV25,,,,
SKU_1538_PAS,T-shirts e Regatas T-shirt Estampada SKU_1538_PAS,,Feminino,T-shirts e Regatas,T-shirt Estampada,209.9,69.48,,PV25,,,,
SKU_1539_BLA,Calças Calça Jeans SKU_1539_BLA,,Feminino,Calças,Calça Jeans,349.9,111.27,,PV25,,,,
SKU_1539_PEA,Calças Calça Jeans SKU_1539_PEA,,Feminino,Calças,Calça Jeans,349.9,111.27,,PV25,,,,
SKU_1540_BAL,Blusas Blusa Manga Curta SKU_1540_BAL,,Feminino,Blusas,Blusa Manga Curta,169.9,54.03,,PV25,,,,
SKU_1540_MAG,Blusas Blusa Manga Curta SKU_1540_MAG,,Feminino,Blusas,Blusa Manga Curta,169.9,54.03,,PV25,,,,
SKU_1541_AQU,Bolsas Bolsa Tote SKU_1541_AQU,,Acessórios,Bolsas,Bolsa Tote,674.9,214.62,,PV25,,,,
SKU_1541_POW,Bolsas Bolsa Tote SKU_1541_POW,,Acessórios,Bolsas,Bolsa Tote,674.9,214.62,,PV25,,,,
SKU_1542_DEE,Vestidos Vestido Midi SKU_1542_DEE,,Feminino,Vestidos,Vestido Midi,469.9,154.69,,PV25,,,,
SKU_1542_PEA,Vestidos Vestido Midi SKU_1542_PEA,,Feminino,Vestidos,Vestido Midi,469.9,154.69,,PV25,,,,
SKU_1543_BAB,Bolsas Bolsa Tiracolo SKU_1543_BAB,,Acessórios,Bolsas,Bolsa Tiracolo,734.9,233.7,,PV25,,,,
SKU_1543_FLA,Bolsas Bolsa Tiracolo SKU_1543_FLA,,Acessórios,Bolsas,Bolsa Tiracolo,734.9,233.7,,PV25,,,,
SKU_1544_OLI,Shorts e Bermudas Short Alfaiataria SKU_1544_OLI,,Feminino,Shorts e Bermudas,Short Alfaiataria,199.9,63.57,,PV25,,,,
SKU_1544_PEA,Shorts e Bermudas Short Alfaiataria SKU_1544_PEA,,Feminino,Shorts e Bermudas,Short Alfaiataria,199.9,63.57,,PV25,,,,
SKU_1545_HOT,Blusas Body SKU_1545_HOT,,Feminino,Blusas,Body,259.9,82.65,,PV25,,,,
SKU_1545_TEA,Blusas Body SKU_1545_TEA,,Feminino,Blusas,Body,259.9,82.65,,PV25,,,,
SKU_1546_IVO,T-shirts e Regatas Regata SKU_1546_IVO,,Feminino,T-shirts e Regatas,Regata,174.9,55.62,,PV25,,,,
SKU_1546_PAS,T-shirts e Regatas Regata SKU_1546_PAS,,Feminino,T-shirts e Regatas,Regata,174.9,55.62,,PV25,,,,
SKU_1547_FUC,Camisas Camisa Alfaiataria SKU_1547_FUC,,Feminino,Camisas,Camisa Alfaiataria,329.9,109.2,,PV25,,,,
SKU_1547_IVO,Camisas Camisa Alfaiataria SKU_1547_IVO,,Feminino,Camisas,Camisa Alfaiataria,329.9,109.2,,PV25,,,,
SKU_1548_CLO,Calças Calça Jeans SKU_1548_CLO,,Feminino,Calças,Calça Jeans,474.9,157.19,,PV25,,,,
SKU_1548_HOT,Calças Calça Jeans SKU_1548_HOT,,Feminino,Calças,Calça Jeans,474.9,157.19,,PV25,,,,
SKU_1549_BAL,Shorts e Bermudas Short Jeans SKU_1549_BAL,,Feminino,Shorts e Bermudas,Short Jeans,184.9,58.8,,PV25,,,,
SKU_1549_PAS,Shorts e Bermudas Short Jeans SKU_1549_PAS,,Feminino,Shorts e Bermudas,Short Jeans,184.9,58.8,,PV25,,,,
SKU_1550_IVO,Cintos Cinto de Couro SKU_1550_IVO,,Acessórios,Cintos,Cinto de Couro,164.9,54.29,,PV25,,,,
SKU_1550_PAL,Cintos Cinto de Couro SKU_1550_PAL,,Acessórios,Cintos,Cinto de Couro,164.9,54.29,,PV25,,,,
SKU_1551_DUS,Saias Saia Midi SKU_1551_DUS,,Feminino,Saias,Saia Midi,219.9,72.79,,PV25,,,,
SKU_1551_ROS,Saias Saia Midi SKU_1551_ROS,,Feminino,Saias,Saia Midi,219.9,72.79,,PV25,,,,
SKU_1552_CLE,Bolsas Bolsa Tiracolo SKU_1552_CLE,,Acessórios,Bolsas,Bolsa Tiracolo,659.9,217.24,,PV25,,,,
SKU_1552_SAP,Bolsas Bolsa Tiracolo SKU_1552_SAP,,Acessórios,Bolsas,Bolsa Tiracolo,659.9,217.24,,PV25,,,,
SKU_1553_DEN,Saias Saia Longa SKU_1553_DEN,,Feminino,Saias,Saia Longa,254.9,80.02,,PV25,,,,
SKU_1553_HOT,Saias Saia Longa SKU_1553_HOT,,Feminino,Saias,Saia Longa,254.9,80.02,,PV25,,,,
SKU_1554_PIS,Vestidos Vestido de Festa SKU_1554_PIS,,Feminino,Vestidos,Vestido de Festa,1034.9,298.14,,PV25,,,,
SKU_1554_SKY,Vestidos Vestido de Festa SKU_1554_SKY,,Feminino,Vestidos,Vestido de Festa,1034.9,298.14,,PV25,,,,
SKU_1555_FUC,Shorts e Bermudas Short Jeans SKU_1555_FUC,,Feminino,Shorts e Bermudas,Short Jeans,189.9,54.18,,PV25,,,,
SKU_1555_RAS,Shorts e Bermudas Short Jeans SKU_1555_RAS,,Feminino,Shorts e Bermudas,Short Jeans,189.9,54.18,,PV25,,,,
SKU_1556_HUN,Blusas Blusa Manga Curta SKU_1556_HUN,,Feminino,Blusas,Blusa Manga Curta,204.9,60.86,,PV25,,,,
SKU_1556_SAL,Blusas Blusa Manga Curta SKU_1556_SAL,,Feminino,Blusas,Blusa Manga Curta,204.9,60.86,,PV25,,,,
SKU_1557_SAG,Lenços Lenço Estampado SKU_1557_SAG,,Acessórios,Lenços,Lenço Estampado,199.9,71.9,,PV25,,,,
SKU_1557_TUR,Lenços Lenço Estampado SKU_1557_TUR,,Acessórios,Lenços,Lenço Estampado,199.9,71.9,,PV25,,,,
SKU_1558_CLE,Saias Saia Midi SKU_1558_CLE,,Feminino,Saias,Saia Midi,329.9,125.49,,PV25,,,,
SKU_1558_MEX,Saias Saia Midi SKU_1558_MEX,,Feminino,Saias,Saia Midi,329.9,125.49,,PV25,,,,
SKU_1559_BLU,Vestidos Vestido de Festa SKU_1559_BLU,,Feminino,Vestidos,Vestido de Festa,1199.9,463.28,,PV25,,,,
SKU_1559_SKY,Vestidos Vestido de Festa SKU_1559_SKY,,Feminino,Vestidos,Vestido de Festa,1199.9,463.28,,PV25,,,,
SKU_1560_CRE,Camisas Camisa Estampada SKU_1560_CRE,,Feminino,Camisas,Camisa Estampada,224.9,74.04,,PV25,,,,
SKU_1560_PAL,Camisas Camisa Estampada SKU_1560_PAL,,Feminino,Camisas,Camisa Estampada,224.9,74.04,,PV25,,,,
SKU_1561_LIM,Calças Calça Jeans SKU_1561_LIM,,Feminino,Calças,Calça Jeans,349.9,112.13,,PV25,,,,
SKU_1561_VAN,Calças Calça Jeans SKU_1561_VAN,,Feminino,Calças,Calça Jeans,349.9,112.13,,PV25,,,,
SKU_1562_BLU,Camisas Camisa Alfaiataria SKU_1562_BLU,,Feminino,Camisas,Camisa Alfaiataria,309.9,96.47,,PV25,,,,
SKU_1562_CLO,Camisas Camisa Alfaiataria SKU_1562_CLO,,Feminino,Camisas,Camisa Alfaiataria,309.9,96.47,,PV25,,,,
SKU_1563_MEX,T-shirts e Regatas T-shirt Estampada SKU_1563_MEX,,Feminino,T-shirts e Regatas,T-shirt Estampada,149.9,40.07,,PV25,,,,
SKU_1563_WHI,T-shirts e Regatas T-shirt Estampada SKU_1563_WHI,,Feminino,T-shirts e Regatas,T-shirt Estampada,149.9,40.07,,PV25,,,,
SKU_1564_BLA,Vestidos Vestido Midi SKU_1564_BLA,,Feminino,Vestidos,Vestido Midi,589.9,187.0,,PV25,,,,
SKU_1564_NAV,Vestidos Vestido Midi SKU_1564_NAV,,Feminino,Vestidos,Vestido Midi,589.9,187.0,,PV25,,,,
SKU_1565_BAB,Calças Calça Jeans SKU_1565_BAB,,Feminino,Calças,Calça Jeans,359.9,141.22,,PV25,,,,
SKU_1565_LIG,Calças Calça Jeans SKU_1565_LIG,,Feminino,Calças,Calça Jeans,359.9,141.22,,PV25,,,,
SKU_1566_PEA,Vestidos Vestido de Festa SKU_1566_PEA,,Feminino,Vestidos,Vestido de Festa,1034.9,393.43,,PV25,,,,
SKU_1566_POW,Vestidos Vestido de Festa SKU_1566_POW,,Feminino,Vestidos,Vestido de Festa,1034.9,393.43,,PV25,,,,
SKU_1567_POW,Bolsas Bolsa Tiracolo SKU_1567_POW,,Acessórios,Bolsas,Bolsa Tiracolo,689.9,227.12,,PV25,,,,
SKU_1567_PRI,Bolsas Bolsa Tiracolo SKU_1567_PRI,,Acessórios,Bolsas,Bolsa Tiracolo,689.9,227.12,,PV25,,,,
SKU_1568_FRE,Camisas Camisa Alfaiataria SKU_1568_FRE,,Feminino,Camisas,Camisa Alfaiataria,234.9,74.7,,PV25,,,,
SKU_1568_PIN,Camisas Camisa Alfaiataria SKU_1568_PIN,,Feminino,Camisas,Camisa Alfaiataria,234.9,74.7,,PV25,,,,
SKU_1569_PAS,Blusas Blusa Cropped SKU_1569_PAS,,Feminino,Blusas,Blusa Cropped,219.9,69.93,,PV25,,,,
SKU_1569_WHI,Blusas Blusa Cropped SKU_1569_WHI,,Feminino,Blusas,Blusa Cropped,219.9,69.93,,PV25,,,,
SKU_1570_HON,Vestidos Vestido Longo SKU_1570_HON,,Feminino,Vestidos,Vestido Longo,714.9,227.34,,PV25,,,,
SKU_1570_MEX,Vestidos Vestido Longo SKU_1570_MEX,,Feminino,Vestidos,Vestido Longo,714.9,227.34,,PV25,,,,
SKU_1571_BIR,Camisas Camisa Alfaiataria SKU_1571_BIR,,Feminino,Camisas,Camisa Alfaiataria,249.9,72.53,,PV25,,,,
SKU_1571_WHI,Camisas Camisa Alfaiataria SKU_1571_WHI,,Feminino,Camisas,Camisa Alfaiataria,249.9,72.53,,PV25,,,,
SKU_1572_BAL,T-shirts e Regatas T-shirt Estampada SKU_1572_BAL,,Feminino,T-shirts e Regatas,T-shirt Estampada,139.9,40.8,,PV25,,,,
SKU_1572_MAR,T-shirts e Regatas T-shirt Estampada SKU_1572_MAR,,Feminino,T-shirts e Regatas,T-shirt Estampada,139.9,40.8,,PV25,,,,
SKU_1573_MIN,Vestidos Vestido de Festa SKU_1573_MIN,,Feminino,Vestidos,Vestido de Festa,1024.9,301.63,,PV25,,,,
SKU_1573_SAG,Vestidos Vestido de Festa SKU_1573_SAG,,Feminino,Vestidos,Vestido de Festa,1024.9,301.63,,PV25,,,,
SKU_1574_COB,Vestidos Vestido Longo SKU_1574_COB,,Feminino,Vestidos,Vestido Longo,604.9,179.66,,PV25,,,,
SKU_1574_GAR,Vestidos Vestido Longo SKU_1574_GAR,,Feminino,Vestidos,Vestido Longo,604.9,179.66,,PV25,,,,
SKU_1575_AQU,Vestidos Vestido Longo SKU_1575_AQU,,Feminino,Vestidos,Vestido Longo,864.9,329.01,,PV25,,,,
SKU_1575_JAD,Vestidos Vestido Longo SKU_1575_JAD,,Feminino,Vestidos,Vestido Longo,864.9,329.01,,PV25,,,,
SKU_1576_AQU,Lenços Lenço Estampado SKU_1576_AQU,,Acessórios,Lenços,Lenço Estampado,244.9,80.62,,PV25,,,,
SKU_1576_BLU,Lenços Lenço Estampado SKU_1576_BLU,,Acessórios,Lenços,Lenço Estampado,244.9,80.62,,PV25,,,,
SKU_1577_FLA,T-shirts e Regatas T-shirt Básica SKU_1577_FLA,,Feminino,T-shirts e Regatas,T-shirt Básica,159.9,50.85,,PV25,,,,
SKU_1577_HUN,T-shirts e Regatas T-shirt Básica SKU_1577_HUN,,Feminino,T-shirts e Regatas,T-shirt Básica,159.9,50.85,,PV25,,,,
SKU_1578_PAS,T-shirts e Regatas T-shirt Básica SKU_1578_PAS,,Feminino,T-shirts e Regatas,T-shirt Básica,124.9,41.12,,PV25,,,,
SKU_1578_TEA,T-shirts e Regatas T-shirt Básica SKU_1578_TEA,,Feminino,T-shirts e Regatas,T-shirt Básica,124.9,41.12,,PV25,,,,
SKU_1579_DEN,Blusas Blusa Manga Curta SKU_1579_DEN,,Feminino,Blusas,Blusa Manga Curta,229.9,75.68,,PV25,,,,
SKU_1579_SAG,Blusas Blusa Manga Curta SKU_1579_SAG,,Feminino,Blusas,Blusa Manga Curta,229.9,75.68,,PV25,,,,
SKU_1580_MOS,Saias Saia Curta SKU_1580_MOS,,Feminino,Saias,Saia Curta,189.9,60.39,,PV25,,,,
SKU_1580_WHI,Saias Saia Curta SKU_1580_WHI,,Feminino,Saias,Saia Curta,189.9,60.39,,PV25,,,,
SKU_1581_BIR,Vestidos Vestido Longo SKU_1581_BIR,,Feminino,Vestidos,Vestido Longo,854.9,234.46,,PV25,,,,
SKU_1581_COB,Vestidos Vestido Longo SKU_1581_COB,,Feminino,Vestidos,Vestido Longo,854.9,234.46,,PV25,,,,
SKU_1582_PAS,Blusas Blusa Cropped SKU_1582_PAS,,Feminino,Blusas,Blusa Cropped,229.9,67.4,,PV25,,,,
SKU_1582_WHI,Blusas Blusa Cropped SKU_1582_WHI,,Feminino,Blusas,Blusa Cropped,229.9,67.4,,PV25,,,,
SKU_1583_BLU,Blusas Body SKU_1583_BLU,,Feminino,Blusas,Body,254.9,68.13,,PV25,,,,
SKU_1583_WHI,Blusas Body SKU_1583_WHI,,Feminino,Blusas,Body,254.9,68.13,,PV25,,,,
SKU_1584_AQU,Cintos Cinto de Couro SKU_1584_AQU,,Acessórios,Cintos,Cinto de Couro,184.9,60.46,,PV25,,,,
SKU_1584_FLA,Cintos Cinto de Couro SKU_1584_FLA,,Acessórios,Cintos,Cinto de Couro,184.9,60.46,,PV25,,,,
SKU_1585_BLA,Calças Calça Pantalona SKU_1585_BLA,,Feminino,Calças,Calça Pantalona,319.9,125.53,,PV25,,,,
SKU_1585_COR,Calças Calça Pantalona SKU_1585_COR,,Feminino,Calças,Calça Pantalona,319.9,125.53,,PV25,,,,
SKU_1586_EGR,Calças Calça Jeans SKU_1586_EGR,,Feminino,Calças,Calça Jeans,304.9,115.91,,PV25,,,,
SKU_1586_JAD,Calças Calça Jeans SKU_1586_JAD,,Feminino,Calças,Calça Jeans,304.9,115.91,,PV25,,,,
SKU_1587_DEE,Shorts e Bermudas Short Jeans SKU_1587_DEE,,Feminino,Shorts e Bermudas,Short Jeans,229.9,73.11,,PV25,,,,
SKU_1587_LIG,Shorts e Bermudas Short Jeans SKU_1587_LIG,,Feminino,Shorts e Bermudas,Short Jeans,229.9,73.11,,PV25,,,,
SKU_1588_CRE,Bolsas Bolsa Tiracolo SKU_1588_CRE,,Acessórios,Bolsas,Bolsa Tiracolo,489.9,155.79,,PV25,,,,
SKU_1588_PAS,Bolsas Bolsa Tiracolo SKU_1588_PAS,,Acessórios,Bolsas,Bolsa Tiracolo,489.9,155.79,,PV25,,,,
SKU_1589_CER,Bolsas Bolsa Tiracolo SKU_1589_CER,,Acessórios,Bolsas,Bolsa Tiracolo,679.9,225.05,,PV25,,,,
SKU_1589_TUR,Bolsas Bolsa Tiracolo SKU_1589_TUR,,Acessórios,Bolsas,Bolsa Tiracolo,679.9,225.05,,PV25,,,,
SKU_1590_HOT,Shorts e Bermudas Short Jeans SKU_1590_HOT,,Feminino,Shorts e Bermudas,Short Jeans,189.9,62.52,,PV25,,,,
SKU_1590_MYS,Shorts e Bermudas Short Jeans SKU_1590_MYS,,Feminino,Shorts e Bermudas,Short Jeans,189.9,62.52,,PV25,,,,
SKU_1591_HON,Vestidos Vestido Longo SKU_1591_HON,,Feminino,Vestidos,Vestido Longo,889.9,282.99,,PV25,,,,
SKU_1591_MYS,Vestidos Vestido Longo SKU_1591_MYS,,Feminino,Vestidos,Vestido Longo,889.9,282.99,,PV25,,,,
SKU_1592_CER,Saias Saia Curta SKU_1592_CER,,Feminino,Saias,Saia Curta,209.9,66.75,,PV25,,,,
SKU_1592_SAG,Saias Saia Curta SKU_1592_SAG,,Feminino,Saias,Saia Curta,209.9,66.75,,PV25,,,,
SKU_1593_FUC,T-shirts e Regatas T-shirt Básica SKU_1593_FUC,,Feminino,T-shirts e Regatas,T-shirt Básica,144.9,47.96,,PV25,,,,
SKU_1593_LIG,T-shirts e Regatas T-shirt Básica SKU_1593_LIG,,Feminino,T-shirts e Regatas,T-shirt Básica,144.9,47.96,,PV25,,,,
SKU_1594_BAL,Bolsas Bolsa Tiracolo SKU_1594_BAL,,Acessórios,Bolsas,Bolsa Tiracolo,499.9,164.57,,PV25,,,,
SKU_1594_WHI,Bolsas Bolsa Tiracolo SKU_1594_WHI,,Acessórios,Bolsas,Bolsa Tiracolo,499.9,164.57,,PV25,,,,
SKU_1595_FLA,Shorts e Bermudas Short Alfaiataria SKU_1595_FLA,,Feminino,Shorts e Bermudas,Short Alfaiataria,299.9,99.27,,PV25,,,,
SKU_1595_MYS,Shorts e Bermudas Short Alfaiataria SKU_1595_MYS,,Feminino,Shorts e Bermudas,Short Alfaiataria,299.9,99.27,,PV25,,,,
SKU_1596_BIR,Cintos Cinto de Couro SKU_1596_BIR,,Acessórios,Cintos,Cinto de Couro,274.9,90.5,,PV25,,,,
SKU_1596_CER,Cintos Cinto de Couro SKU_1596_CER,,Acessórios,Cintos,Cinto de Couro,274.9,90.5,,PV25,,,,
SKU_1597_FLA,Vestidos Vestido Midi SKU_1597_FLA,,Feminino,Vestidos,Vestido Midi,529.9,168.51,,PV25,,,,
SKU_1597_SHO,Vestidos Vestido Midi SKU_1597_SHO,,Feminino,Vestidos,Vestido Midi,529.9,168.51,,PV25,,,,
SKU_1598_DUS,Bolsas Bolsa Tiracolo SKU_1598_DUS,,Acessórios,Bolsas,Bolsa Tiracolo,489.9,155.79,,PV25,,,,
SKU_1598_NAV,Bolsas Bolsa Tiracolo SKU_1598_NAV,,Acessórios,Bolsas,Bolsa Tiracolo,489.9,155.79,,PV25,,,,
SKU_1599_CER,Bolsas Bolsa Tiracolo SKU_1599_CER,,Acessórios,Bolsas,Bolsa Tiracolo,469.9,154.69,,PV25,,,,
SKU_1599_WHI,Bolsas Bolsa Tiracolo SKU_1599_WHI,,Acessórios,Bolsas,Bolsa Tiracolo,469.9,154.69,,PV25,,,,
SKU_1600_LIG,Calças Calça Jeans SKU_1600_LIG,,Feminino,Calças,Calça Jeans,394.9,130.0,,PV25,,,,
SKU_1600_SHO,Calças Calça Jeans SKU_1600_SHO,,Feminino,Calças,Calça Jeans,394.9,130.0,,PV25,,,,
SKU_1601_AQU,Vestidos Vestido Longo SKU_1601_AQU,,Feminino,Vestidos,Vestido Longo,734.9,243.25,,PV25,,,,
SKU_1601_EME,Vestidos Vestido Longo SKU_1601_EME,,Feminino,Vestidos,Vestido Longo,734.9,243.25,,PV25,,,,
SKU_1602_AQU,Lenços Lenço Estampado SKU_1602_AQU,,Acessórios,Lenços,Lenço Estampado,229.9,68.1,,PV25,,,,
SKU_1602_PAS,Lenços Lenço Estampado SKU_1602_PAS,,Acessórios,Lenços,Lenço Estampado,229.9,68.1,,PV25,,,,
SKU_1603_BUB,Vestidos Vestido Longo SKU_1603_BUB,,Feminino,Vestidos,Vestido Longo,744.9,207.25,,PV25,,,,
SKU_1603_PEA,Vestidos Vestido Longo SKU_1603_PEA,,Feminino,Vestidos,Vestido Longo,744.9,207.25,,PV25,,,,
SKU_1604_CLE,Bolsas Bolsa Tote SKU_1604_CLE,,Acessórios,Bolsas,Bolsa Tote,604.9,161.69,,PV25,,,,
SKU_1604_SNO,Bolsas Bolsa Tote SKU_1604_SNO,,Acessórios,Bolsas,Bolsa Tote,604.9,161.69,,PV25,,,,
SKU_1605_COR,Shorts e Bermudas Short Alfaiataria SKU_1605_COR,,Feminino,Shorts e Bermudas,Short Alfaiataria,219.9,65.31,,PV25,,,,
SKU_1605_VAN,Shorts e Bermudas Short Alfaiataria SKU_1605_VAN,,Feminino,Shorts e Bermudas,Short Alfaiataria,219.9,65.31,,PV25,,,,
SKU_1606_COB,Vestidos Vestido Longo SKU_1606_COB,,Feminino,Vestidos,Vestido Longo,1084.9,386.66,,PV25,,,,
SKU_1606_SEA,Vestidos Vestido Longo SKU_1606_SEA,,Feminino,Vestidos,Vestido Longo,1084.9,386.66,,PV25,,,,
SKU_1607_GAR,Calças Calça Jeans SKU_1607_GAR,,Feminino,Calças,Calça Jeans,299.9,99.27,,PV25,,,,
SKU_1607_MAR,Calças Calça Jeans SKU_1607_MAR,,Feminino,Calças,Calça Jeans,299.9,99.27,,PV25,,,,
SKU_1608_MID,Saias Saia Longa SKU_1608_MID,,Feminino,Saias,Saia Longa,304.9,100.37,,PV25,,,,
SKU_1608_WHI,Saias Saia Longa SKU_1608_WHI,,Feminino,Saias,Saia Longa,304.9,100.37,,PV25,,,,
SKU_1609_LIM,Camisas Camisa Estampada SKU_1609_LIM,,Feminino,Camisas,Camisa Estampada,269.9,85.83,,PV25,,,,
SKU_1609_SAP,Camisas Camisa Estampada SKU_1609_SAP,,Feminino,Camisas,Camisa Estampada,269.9,85.83,,PV25,,,,
SKU_1610_MEX,Blusas Blusa Manga Curta SKU_1610_MEX,,Feminino,Blusas,Blusa Manga Curta,184.9,60.87,,PV25,,,,
SKU_1610_PRI,Blusas Blusa Manga Curta SKU_1610_PRI,,Feminino,Blusas,Blusa Manga Curta,184.9,60.87,,PV25,,,,
SKU_1611_BRI,Blusas Blusa Manga Curta SKU_1611_BRI,,Feminino,Blusas,Blusa Manga Curta,219.9,72.39,,PV25,,,,
SKU_1611_MID,Blusas Blusa Manga Curta SKU_1611_MID,,Feminino,Blusas,Blusa Manga Curta,219.9,72.39,,PV25,,,,
SKU_1612_PAL,Camisas Camisa Alfaiataria SKU_1612_PAL,,Feminino,Camisas,Camisa Alfaiataria,329.9,101.75,,PV25,,,,
SKU_1612_SNO,Camisas Camisa Alfaiataria SKU_1612_SNO,,Feminino,Camisas,Camisa Alfaiataria,329.9,101.75,,PV25,,,,
SKU_1613_AQU,Shorts e Bermudas Bermuda SKU_1613_AQU,,Feminino,Shorts e Bermudas,Bermuda,189.9,53.84,,PV25,,,,
SKU_1613_BIR,Shorts e Bermudas Bermuda SKU_1613_BIR,,Feminino,Shorts e Bermudas,Bermuda,189.9,53.84,,PV25,,,,
SKU_1614_IVO,Vestidos Vestido Curto SKU_1614_IVO,,Feminino,Vestidos,Vestido Curto,444.9,126.93,,PV25,,,,
SKU_1614_VAN,Vestidos Vestido Curto SKU_1614_VAN,,Feminino,Vestidos,Vestido Curto,444.9,126.93,,PV25,,,,
SKU_1615_MOS,Vestidos Vestido Midi SKU_1615_MOS,,Feminino,Vestidos,Vestido Midi,464.9,147.37,,PV25,,,,
SKU_1615_SHO,Vestidos Vestido Midi SKU_1615_SHO,,Feminino,Vestidos,Vestido Midi,464.9,147.37,,PV25,,,,
SKU_1616_COR,Vestidos Vestido de Festa SKU_1616_COR,,Feminino,Vestidos,Vestido de Festa,1024.9,389.87,,PV25,,,,
SKU_1616_SER,Vestidos Vestido de Festa SKU_1616_SER,,Feminino,Vestidos,Vestido de Festa,1024.9,389.87,,PV25,,,,
SKU_1617_DEN,Blusas Blusa Manga Curta SKU_1617_DEN,,Feminino,Blusas,Blusa Manga Curta,164.9,62.69,,PV25,,,,
SKU_1617_MIN,Blusas Blusa Manga Curta SKU_1617_MIN,,Feminino,Blusas,Blusa Manga Curta,164.9,62.69,,PV25,,,,
SKU_1618_SAL,Bijoux Colar SKU_1618_SAL,,Acessórios,Bijoux,Colar,179.9,59.55,,PV25,,,,
SKU_1618_SAP,Bijoux Colar SKU_1618_SAP,,Acessórios,Bijoux,Colar,179.9,59.55,,PV25,,,,
SKU_1619_IVO,Bijoux Brinco SKU_1619_IVO,,Acessórios,Bijoux,Brinco,199.9,65.81,,PV25,,,,
SKU_1619_PAS,Bijoux Brinco SKU_1619_PAS,,Acessórios,Bijoux,Brinco,199.9,65.81,,PV25,,,,
SKU_1620_BLU,Blusas Body SKU_1620_BLU,,Feminino,Blusas,Body,264.9,87.68,,PV25,,,,
SKU_1620_SAG,Blusas Body SKU_1620_SAG,,Feminino,Blusas,Body,264.9,87.68,,PV25,,,,
SKU_1621_FUC,Blusas Blusa Cropped SKU_1621_FUC,,Feminino,Blusas,Blusa Cropped,234.9,77.75,,PV25,,,,
SKU_1621_PAS,Blusas Blusa Cropped SKU_1621_PAS,,Feminino,Blusas,Blusa Cropped,234.9,77.75,,PV25,,,,
SKU_1622_CLO,Blusas Blusa Manga Curta SKU_1622_CLO,,Feminino,Blusas,Blusa Manga Curta,269.9,82.02,,PV25,,,,
SKU_1622_VAN,Blusas Blusa Manga Curta SKU_1622_VAN,,Feminino,Blusas,Blusa Manga Curta,269.9,82.02,,PV25,,,,
SKU_1623_EGR,Vestidos Vestido de Festa SKU_1623_EGR,,Feminino,Vestidos,Vestido de Festa,914.9,261.73,,PV25,,,,
SKU_1623_SER,Vestidos Vestido de Festa SKU_1623_SER,,Feminino,Vestidos,Vestido de Festa,914.9,261.73,,PV25,,,,
SKU_1624_ARM,Blusas Blusa Manga Curta SKU_1624_ARM,,Feminino,Blusas,Blusa Manga Curta,209.9,61.77,,PV25,,,,
SKU_1624_PRI,Blusas Blusa Manga Curta SKU_1624_PRI,,Feminino,Blusas,Blusa Manga Curta,209.9,61.77,,PV25,,,,
SKU_1625_DUS,Cintos Cinto de Couro SKU_1625_DUS,,Acessórios,Cintos,Cinto de Couro,204.9,64.95,,PV25,,,,
SKU_1625_GAR,Cintos Cinto de Couro SKU_1625_GAR,,Acessórios,Cintos,Cinto de Couro,204.9,64.95,,PV25,,,,
SKU_1626_BAB,Vestidos Vestido Midi SKU_1626_BAB,,Feminino,Vestidos,Vestido Midi,539.9,205.38,,PV25,,,,
SKU_1626_DEN,Vestidos Vestido Midi SKU_1626_DEN,,Feminino,Vestidos,Vestido Midi,539.9,205.38,,PV25,,,,
SKU_1627_BAB,Calças Calça Jeans SKU_1627_BAB,,Feminino,Calças,Calça Jeans,329.9,109.2,,PV25,,,,
SKU_1627_MOS,Calças Calça Jeans SKU_1627_MOS,,Feminino,Calças,Calça Jeans,329.9,109.2,,PV25,,,,
SKU_1628_PEA,Bolsas Bolsa Tiracolo SKU_1628_PEA,,Acessórios,Bolsas,Bolsa Tiracolo,549.9,181.03,,PV25,,,,
SKU_1628_POW,Bolsas Bolsa Tiracolo SKU_1628_POW,,Acessórios,Bolsas,Bolsa Tiracolo,549.9,181.03,,PV25,,,,
SKU_1629_ARM,Blusas Blusa Manga Curta SKU_1629_ARM,,Feminino,Blusas,Blusa Manga Curta,254.9,81.06,,PV25,,,,
SKU_1629_CLO,Blusas Blusa Manga Curta SKU_1629_CLO,,Feminino,Blusas,Blusa Manga Curta,254.9,81.06,,PV25,,,,
SKU_1630_LIM,Camisas Camisa Alfaiataria SKU_1630_LIM,,Feminino,Camisas,Camisa Alfaiataria,334.9,110.85,,PV25,,,,
SKU_1630_SNO,Camisas Camisa Alfaiataria SKU_1630_SNO,,Feminino,Camisas,Camisa Alfaiataria,334.9,110.85,,PV25,,,,
SKU_1631_BAL,Blusas Blusa Manga Curta SKU_1631_BAL,,Feminino,Blusas,Blusa Manga Curta,179.9,57.21,,PV25,,,,
SKU_1631_SNO,Blusas Blusa Manga Curta SKU_1631_SNO,,Feminino,Blusas,Blusa Manga Curta,179.9,57.21,,PV25,,,,
SKU_1632_SAP,Shorts e Bermudas Short Alfaiataria SKU_1632_SAP,,Feminino,Shorts e Bermudas,Short Alfaiataria,184.9,61.2,,PV25,,,,
SKU_1632_SPA,Shorts e Bermudas Short Alfaiataria SKU_1632_SPA,,Feminino,Shorts e Bermudas,Short Alfaiataria,184.9,61.2,,PV25,,,,
SKU_1633_DEN,Blusas Blusa Manga Curta SKU_1633_DEN,,Feminino,Blusas,Blusa Manga Curta,234.9,74.7,,PV25,,,,
SKU_1633_SER,Blusas Blusa Manga Curta SKU_1633_SER,,Feminino,Blusas,Blusa Manga Curta,234.9,74.7,,PV25,,,,
SKU_1634_NAV,Vestidos Vestido Longo SKU_1634_NAV,,Feminino,Vestidos,Vestido Longo,979.9,324.35,,PV25,,,,
SKU_1634_SAP,Vestidos Vestido Longo SKU_1634_SAP,,Feminino,Vestidos,Vestido Longo,979.9,324.35,,PV25,,,,
SKU_1635_SAG,Vestidos Vestido Midi SKU_1635_SAG,,Feminino,Vestidos,Vestido Midi,604.9,192.36,,PV25,,,,
SKU_1635_TEA,Vestidos Vestido Midi SKU_1635_TEA,,Feminino,Vestidos,Vestido Midi,604.9,192.36,,PV25,,,,
SKU_1636_LIG,Vestidos Vestido Curto SKU_1636_LIG,,Feminino,Vestidos,Vestido Curto,439.9,144.82,,PV25,,,,
SKU_1636_SHO,Vestidos Vestido Curto SKU_1636_SHO,,Feminino,Vestidos,Vestido Curto,439.9,144.82,,PV25,,,,
SKU_1637_BLU,Vestidos Vestido Longo SKU_1637_BLU,,Feminino,Vestidos,Vestido Longo,919.9,292.53,,PV25,,,,
SKU_1637_WHI,Vestidos Vestido Longo SKU_1637_WHI,,Feminino,Vestidos,Vestido Longo,919.9,292.53,,PV25,,,,
SKU_1638_PEA,Vestidos Vestido de Festa SKU_1638_PEA,,Feminino,Vestidos,Vestido de Festa,1139.9,362.49,,PV25,,,,
SKU_1638_SAP,Vestidos Vestido de Festa SKU_1638_SAP,,Feminino,Vestidos,Vestido de Festa,1139.9,362.49,,PV25,,,,
SKU_1639_FRE,Blusas Blusa Manga Curta SKU_1639_FRE,,Feminino,Blusas,Blusa Manga Curta,189.9,60.39,,PV25,,,,
SKU_1639_WHI,Blusas Blusa Manga Curta SKU_1639_WHI,,Feminino,Blusas,Blusa Manga Curta,189.9,60.39,,PV25,,,,
SKU_1640_IVO,Shorts e Bermudas Short Alfaiataria SKU_1640_IVO,,Feminino,Shorts e Bermudas,Short Alfaiataria,219.9,72.39,,PV25,,,,
SKU_1640_TEA,Shorts e Bermudas Short Alfaiataria SKU_1640_TEA,,Feminino,Shorts e Bermudas,Short Alfaiataria,219.9,72.39,,PV25,,,,
SKU_1641_MEX,Macacões Macaquinho SKU_1641_MEX,,Feminino,Macacões,Macaquinho,324.9,103.32,,PV25,,,,
SKU_1641_SER,Macacões Macaquinho SKU_1641_SER,,Feminino,Macacões,Macaquinho,324.9,103.32,,PV25,,,,
SKU_1642_OFF,Shorts e Bermudas Short Jeans SKU_1642_OFF,,Feminino,Shorts e Bermudas,Short Jeans,224.9,74.44,,PV25,,,,
SKU_1642_SAL,Shorts e Bermudas Short Jeans SKU_1642_SAL,,Feminino,Shorts e Bermudas,Short Jeans,224.9,74.44,,PV25,,,,
SKU_1643_EGR,Camisas Camisa Estampada SKU_1643_EGR,,Feminino,Camisas,Camisa Estampada,224.9,68.86,,PV25,,,,
SKU_1643_PAS,Camisas Camisa Estampada SKU_1643_PAS,,Feminino,Camisas,Camisa Estampada,224.9,68.86,,PV25,,,,
SKU_1644_BAB,Camisas Camisa Estampada SKU_1644_BAB,,Feminino,Camisas,Camisa Estampada,319.9,91.97,,PV25,,,,
SKU_1644_PEA,Camisas Camisa Estampada SKU_1644_PEA,,Feminino,Camisas,Camisa Estampada,319.9,91.97,,PV25,,,,
SKU_1645_MIN,Vestidos Vestido Curto SKU_1645_MIN,,Feminino,Vestidos,Vestido Curto,399.9,114.09,,PV25,,,,
SKU_1645_MYS,Vestidos Vestido Curto SKU_1645_MYS,,Feminino,Vestidos,Vestido Curto,399.9,114.09,,PV25,,,,
SKU_1646_BLU,Shorts e Bermudas Short Alfaiataria SKU_1646_BLU,,Feminino,Shorts e Bermudas,Short Alfaiataria,204.9,64.95,,PV25,,,,
SKU_1646_CLE,Shorts e Bermudas Short Alfaiataria SKU_1646_CLE,,Feminino,Shorts e Bermudas,Short Alfaiataria,204.9,64.95,,PV25,,,,
SKU_1647_ARM,Vestidos Vestido Curto SKU_1647_ARM,,Feminino,Vestidos,Vestido Curto,339.9,111.05,,PV25,,,,
SKU_1647_BLA,Vestidos Vestido Curto SKU_1647_BLA,,Feminino,Vestidos,Vestido Curto,339.9,111.05,,PV25,,,,
SKU_1648_FLA,Vestidos Vestido Longo SKU_1648_FLA,,Feminino,Vestidos,Vestido Longo,699.9,249.44,,PV25,,,,
SKU_1648_RAS,Vestidos Vestido Longo SKU_1648_RAS,,Feminino,Vestidos,Vestido Longo,699.9,249.44,,PV25,,,,
SKU_1649_FLA,Camisas Camisa Estampada SKU_1649_FLA,,Feminino,Camisas,Camisa Estampada,234.9,77.33,,PV25,,,,
SKU_1649_GAR,Camisas Camisa Estampada SKU_1649_GAR,,Feminino,Camisas,Camisa Estampada,234.9,77.33,,PV25,,,,
SKU_1650_EGR,Vestidos Vestido Longo SKU_1650_EGR,,Feminino,Vestidos,Vestido Longo,1004.9,319.56,,PV25,,,,
SKU_1650_OLI,Vestidos Vestido Longo SKU_1650_OLI,,Feminino,Vestidos,Vestido Longo,1004.9,319.56,,PV25,,,,
SKU_1651_PAS,Blusas Blusa Manga Curta SKU_1651_PAS,,Feminino,Blusas,Blusa Manga Curta,264.9,87.68,,PV25,,,,
SKU_1651_SAL,Blusas Blusa Manga Curta SKU_1651_SAL,,Feminino,Blusas,Blusa Manga Curta,264.9,87.68,,PV25,,,,
SKU_1652_MOS,Blusas Blusa Manga Curta SKU_1652_MOS,,Feminino,Blusas,Blusa Manga Curta,219.9,67.62,,PV25,,,,
SKU_1652_TEA,Blusas Blusa Manga Curta SKU_1652_TEA,,Feminino,Blusas,Blusa Manga Curta,219.9,67.62,,PV25,,,,
SKU_1653_BAB,Saias Saia Midi SKU_1653_BAB,,Feminino,Saias,Saia Midi,359.9,114.96,,PV25,,,,
SKU_1653_ROS,Saias Saia Midi SKU_1653_ROS,,Feminino,Saias,Saia Midi,359.9,114.96,,PV25,,,,
SKU_1654_CRE,Camisas Camisa Alfaiataria SKU_1654_CRE,,Feminino,Camisas,Camisa Alfaiataria,309.9,90.67,,PV25,,,,
SKU_1654_NAV,Camisas Camisa Alfaiataria SKU_1654_NAV,,Feminino,Camisas,Camisa Alfaiataria,309.9,90.67,,PV25,,,,
SKU_1655_SNO,Bolsas Bolsa Tiracolo SKU_1655_SNO,,Acessórios,Bolsas,Bolsa Tiracolo,644.9,208.52,,PV25,,,,
SKU_1655_TEA,Bolsas Bolsa Tiracolo SKU_1655_TEA,,Acessórios,Bolsas,Bolsa Tiracolo,644.9,208.52,,PV25,,,,
SKU_1656_FUC,Saias Saia Curta SKU_1656_FUC,,Feminino,Saias,Saia Curta,234.9,84.93,,PV25,,,,
SKU_1656_SNO,Saias Saia Curta SKU_1656_SNO,,Feminino,Saias,Saia Curta,234.9,84.93,,PV25,,,,
SKU_1657_EME,Saias Saia Midi SKU_1657_EME,,Feminino,Saias,Saia Midi,214.9,76.22,,PV25,,,,
SKU_1657_SPA,Saias Saia Midi SKU_1657_SPA,,Feminino,Saias,Saia Midi,214.9,76.22,,PV25,,,,
SKU_1658_BAB,Vestidos Vestido Longo SKU_1658_BAB,,Feminino,Vestidos,Vestido Longo,879.9,335.2,,PV25,,,,
SKU_1658_MYS,Vestidos Vestido Longo SKU_1658_MYS,,Feminino,Vestidos,Vestido Longo,879.9,335.2,,PV25,,,,
SKU_1659_MOS,Vestidos Vestido de Festa SKU_1659_MOS,,Feminino,Vestidos,Vestido de Festa,1024.9,339.24,,PV25,,,,
SKU_1659_SNO,Vestidos Vestido de Festa SKU_1659_SNO,,Feminino,Vestidos,Vestido de Festa,1024.9,339.24,,PV25,,,,
SKU_1660_MAG,Calças Calça Pantalona SKU_1660_MAG,,Feminino,Calças,Calça Pantalona,314.9,103.67,,PV25,,,,
SKU_1660_NAV,Calças Calça Pantalona SKU_1660_NAV,,Feminino,Calças,Calça Pantalona,314.9,103.67,,PV25,,,,
SKU_1661_CER,Vestidos Vestido Longo SKU_1661_CER,,Feminino,Vestidos,Vestido Longo,989.9,327.66,,PV25,,,,
SKU_1661_WHI,Vestidos Vestido Longo SKU_1661_WHI,,Feminino,Vestidos,Vestido Longo,989.9,327.66,,PV25,,,,
SKU_1662_LIG,T-shirts e Regatas T-shirt Estampada SKU_1662_LIG,,Feminino,T-shirts e Regatas,T-shirt Estampada,199.9,62.04,,PV25,,,,
SKU_1662_PIS,T-shirts e Regatas T-shirt Estampada SKU_1662_PIS,,Feminino,T-shirts e Regatas,T-shirt Estampada,199.9,62.04,,PV25,,,,
SKU_1663_FLA,Vestidos Vestido de Festa SKU_1663_FLA,,Feminino,Vestidos,Vestido de Festa,794.9,255.25,,PV25,,,,
SKU_1663_SNO,Vestidos Vestido de Festa SKU_1663_SNO,,Feminino,Vestidos,Vestido de Festa,794.9,255.25,,PV25,,,,
SKU_1664_MIN,Vestidos Vestido Curto SKU_1664_MIN,,Feminino,Vestidos,Vestido Curto,329.9,99.57,,PV25,,,,
SKU_1664_PIN,Vestidos Vestido Curto SKU_1664_PIN,,Feminino,Vestidos,Vestido Curto,329.9,99.57,,PV25,,,,
SKU_1665_RAS,Blusas Blusa Manga Curta SKU_1665_RAS,,Feminino,Blusas,Blusa Manga Curta,249.9,74.0,,PV25,,,,
SKU_1665_SAG,Blusas Blusa Manga Curta SKU_1665_SAG,,Feminino,Blusas,Blusa Manga Curta,249.9,74.0,,PV25,,,,
SKU_1666_FUC,Vestidos Vestido Longo SKU_1666_FUC,,Feminino,Vestidos,Vestido Longo,799.9,280.53,,PV25,,,,
SKU_1666_PAS,Vestidos Vestido Longo SKU_1666_PAS,,Feminino,Vestidos,Vestido Longo,799.9,280.53,,PV25,,,,
SKU_1667_LIG,Saias Saia Curta SKU_1667_LIG,,Feminino,Saias,Saia Curta,209.9,76.39,,PV25,,,,
SKU_1667_MID,Saias Saia Curta SKU_1667_MID,,Feminino,Saias,Saia Curta,209.9,76.39,,PV25,,,,
SKU_1668_DEN,Shorts e Bermudas Short Alfaiataria SKU_1668_DEN,,Feminino,Shorts e Bermudas,Short Alfaiataria,269.9,104.68,,PV25,,,,
SKU_1668_VAN,Shorts e Bermudas Short Alfaiataria SKU_1668_VAN,,Feminino,Shorts e Bermudas,Short Alfaiataria,269.9,104.68,,PV25,,,,
SKU_1669_COR,Blusas Body SKU_1669_COR,,Feminino,Blusas,Body,199.9,77.12,,PV25,,,,
SKU_1669_TEA,Blusas Body SKU_1669_TEA,,Feminino,Blusas,Body,199.9,77.12,,PV25,,,,
SKU_1670_PEA,T-shirts e Regatas Regata SKU_1670_PEA,,Feminino,T-shirts e Regatas,Regata,144.9,47.96,,PV25,,,,
SKU_1670_SAP,T-shirts e Regatas Regata SKU_1670_SAP,,Feminino,T-shirts e Regatas,Regata,144.9,47.96,,PV25,,,,
SKU_1671_MIN,Saias Saia Midi SKU_1671_MIN,,Feminino,Saias,Saia Midi,349.9,105.61,,PV25,,,,
SKU_1671_SEA,Saias Saia Midi SKU_1671_SEA,,Feminino,Saias,Saia Midi,349.9,105.61,,PV25,,,,
SKU_1672_FOR,Vestidos Vestido Curto SKU_1672_FOR,,Feminino,Vestidos,Vestido Curto,294.9,93.2,,PV25,,,,
SKU_1672_TEA,Vestidos Vestido Curto SKU_1672_TEA,,Feminino,Vestidos,Vestido Curto,294.9,93.2,,PV25,,,,
SKU_1673_FUC,Calças Calça Jeans SKU_1673_FUC,,Feminino,Calças,Calça Jeans,409.9,139.36,,PV25,,,,
SKU_1673_PEA,Calças Calça Jeans SKU_1673_PEA,,Feminino,Calças,Calça Jeans,409.9,139.36,,PV25,,,,
SKU_1674_PAS,Blusas Blusa Manga Curta SKU_1674_PAS,,Feminino,Blusas,Blusa Manga Curta,229.9,83.66,,PV25,,,,
SKU_1674_WHI,Blusas Blusa Manga Curta SKU_1674_WHI,,Feminino,Blusas,Blusa Manga Curta,229.9,83.66,,PV25,,,,
SKU_1675_CRE,Vestidos Vestido Longo SKU_1675_CRE,,Feminino,Vestidos,Vestido Longo,764.9,253.18,,PV25,,,,
SKU_1675_DEN,Vestidos Vestido Longo SKU_1675_DEN,,Feminino,Vestidos,Vestido Longo,764.9,253.18,,PV25,,,,
SKU_1676_NAV,Blusas Blusa Manga Curta SKU_1676_NAV,,Feminino,Blusas,Blusa Manga Curta,169.9,55.93,,PV25,,,,
SKU_1676_PIN,Blusas Blusa Manga Curta SKU_1676_PIN,,Feminino,Blusas,Blusa Manga Curta,169.9,55.93,,PV25,,,,
SKU_1677_POW,Bolsas Bolsa Tiracolo SKU_1677_POW,,Acessórios,Bolsas,Bolsa Tiracolo,569.9,221.0,,PV25,,,,
SKU_1677_VAN,Bolsas Bolsa Tiracolo SKU_1677_VAN,,Acessórios,Bolsas,Bolsa Tiracolo,569.9,221.0,,PV25,,,,
SKU_1678_LIG,Bolsas Bolsa Tiracolo SKU_1678_LIG,,Acessórios,Bolsas,Bolsa Tiracolo,714.9,263.72,,PV25,,,,
SKU_1678_MAG,Bolsas Bolsa Tiracolo SKU_1678_MAG,,Acessórios,Bolsas,Bolsa Tiracolo,714.9,263.72,,PV25,,,,
SKU_1679_GAR,Vestidos Vestido Longo SKU_1679_GAR,,Feminino,Vestidos,Vestido Longo,919.9,344.47,,PV25,,,,
SKU_1679_SHO,Vestidos Vestido Longo SKU_1679_SHO,,Feminino,Vestidos,Vestido Longo,919.9,344.47,,PV25,,,,
SKU_1680_NAV,Camisas Camisa Alfaiataria SKU_1680_NAV,,Feminino,Camisas,Camisa Alfaiataria,334.9,110.85,,OI25,,,,
SKU_1680_SEA,Camisas Camisa Alfaiataria SKU_1680_SEA,,Feminino,Camisas,Camisa Alfaiataria,334.9,110.85,,OI25,,,,
SKU_1681_OFF,Saias Saia Midi SKU_1681_OFF,,Feminino,Saias,Saia Midi,234.9,77.33,,OI25,,,,
SKU_1681_PIS,Saias Saia Midi SKU_1681_PIS,,Feminino,Saias,Saia Midi,234.9,77.33,,OI25,,,,
SKU_1682_BIR,Saias Saia Midi SKU_1682_BIR,,Feminino,Saias,Saia Midi,234.9,91.89,,OI25,,,,
SKU_1682_OLI,Saias Saia Midi SKU_1682_OLI,,Feminino,Saias,Saia Midi,234.9,91.89,,OI25,,,,
SKU_1683_PAL,Blusas Body SKU_1683_PAL,,Feminino,Blusas,Body,314.9,124.94,,OI25,,,,
SKU_1683_SHO,Blusas Body SKU_1683_SHO,,Feminino,Blusas,Body,314.9,124.94,,OI25,,,,
SKU_1684_HON,Lenços Lenço Estampado SKU_1684_HON,,Acessórios,Lenços,Lenço Estampado,184.9,61.2,,OI25,,,,
SKU_1684_SHO,Lenços Lenço Estampado SKU_1684_SHO,,Acessórios,Lenços,Lenço Estampado,184.9,61.2,,OI25,,,,
SKU_1685_BIR,Casacos e Jaquetas Casaco de Lã SKU_1685_BIR,,Feminino,Casacos e Jaquetas,Casaco de Lã,664.9,220.08,,OI25,,,,
SKU_1685_COB,Casacos e Jaquetas Casaco de Lã SKU_1685_COB,,Feminino,Casacos e Jaquetas,Casaco de Lã,664.9,220.08,,OI25,,,,
SKU_1686_MOS,Blusas Blusa Manga Longa SKU_1686_MOS,,Feminino,Blusas,Blusa Manga Longa,214.9,67.37,,OI25,,,,
SKU_1686_SKY,Blusas Blusa Manga Longa SKU_1686_SKY,,Feminino,Blusas,Blusa Manga Longa,214.9,67.37,,OI25,,,,
SKU_1687_FOR,Casacos e Jaquetas Jaqueta de Couro SKU_1687_FOR,,Feminino,Casacos e Jaquetas,Jaqueta de Couro,899.9,282.42,,OI25,,,,
SKU_1687_WHI,Casacos e Jaquetas Jaqueta de Couro SKU_1687_WHI,,Feminino,Casacos e Jaquetas,Jaqueta de Couro,899.9,282.42,,OI25,,,,
SKU_1688_LIG,Calças Calça Alfaiataria SKU_1688_LIG,,Feminino,Calças,Calça Alfaiataria,429.9,126.52,,OI25,,,,
SKU_1688_WHI,Calças Calça Alfaiataria SKU_1688_WHI,,Feminino,Calças,Calça Alfaiataria,429.9,126.52,,OI25,,,,
SKU_1689_IVO,Casacos e Jaquetas Jaqueta de Couro SKU_1689_IVO,,Feminino,Casacos e Jaquetas,Jaqueta de Couro,964.9,315.52,,OI25,,,,
SKU_1689_MAG,Casacos e Jaquetas Jaqueta de Couro SKU_1689_MAG,,Feminino,Casacos e Jaquetas,Jaqueta de Couro,964.9,315.52,,OI25,,,,
SKU_1690_MAG,Vestidos Vestido Midi SKU_1690_MAG,,Feminino,Vestidos,Vestido Midi,539.9,192.42,,OI25,,,,
SKU_1690_MYS,Vestidos Vestido Midi SKU_1690_MYS,,Feminino,Vestidos,Vestido Midi,539.9,192.42,,OI25,,,,
SKU_1691_HUN,Calças Calça Alfaiataria SKU_1691_HUN,,Feminino,Calças,Calça Alfaiataria,309.9,102.02,,OI25,,,,
SKU_1691_ROS,Calças Calça Alfaiataria SKU_1691_ROS,,Feminino,Calças,Calça Alfaiataria,309.9,102.02,,OI25,,,,
SKU_1692_BLU,Blusas Blusa Manga Longa SKU_1692_BLU,,Feminino,Blusas,Blusa Manga Longa,219.9,72.79,,OI25,,,,
SKU_1692_OLI,Blusas Blusa Manga Longa SKU_1692_OLI,,Feminino,Blusas,Blusa Manga Longa,219.9,72.79,,OI25,,,,
SKU_1693_FLA,Blusas Blusa Manga Longa SKU_1693_FLA,,Feminino,Blusas,Blusa Manga Longa,204.9,67.82,,OI25,,,,
SKU_1693_MEX,Blusas Blusa Manga Longa SKU_1693_MEX,,Feminino,Blusas,Blusa Manga Longa,204.9,67.82,,OI25,,,,
SKU_1694_PIS,Calças Calça Jeans SKU_1694_PIS,,Feminino,Calças,Calça Jeans,279.9,92.65,,OI25,,,,
SKU_1694_SER,Calças Calça Jeans SKU_1694_SER,,Feminino,Calças,Calça Jeans,279.9,92.65,,OI25,,,,
SKU_1695_CRE,T-shirts e Regatas T-shirt Estampada SKU_1695_CRE,,Feminino,T-shirts e Regatas,T-shirt Estampada,209.9,66.75,,OI25,,,,
SKU_1695_LIM,T-shirts e Regatas T-shirt Estampada SKU_1695_LIM,,Feminino,T-shirts e Regatas,T-shirt Estampada,209.9,66.75,,OI25,,,,
SKU_1696_SER,Calças Calça Pantalona SKU_1696_SER,,Feminino,Calças,Calça Pantalona,279.9,83.13,,OI25,,,,
SKU_1696_SHO,Calças Calça Pantalona SKU_1696_SHO,,Feminino,Calças,Calça Pantalona,279.9,83.13,,OI25,,,,
SKU_1697_MIN,Saias Saia Midi SKU_1697_MIN,,Feminino,Saias,Saia Midi,219.9,66.62,,OI25,,,,
SKU_1697_PIS,Saias Saia Midi SKU_1697_PIS,,Feminino,Saias,Saia Midi,219.9,66.62,,OI25,,,,
SKU_1698_PRI,Tricô Suéter SKU_1698_PRI,,Feminino,Tricô,Suéter,419.9,123.58,,OI25,,,,
SKU_1698_SNO,Tricô Suéter SKU_1698_SNO,,Feminino,Tricô,Suéter,419.9,123.58,,OI25,,,,
SKU_1699_CLO,Saias Saia Midi SKU_1699_CLO,,Feminino,Saias,Saia Midi,329.9,107.88,,OI25,,,,
SKU_1699_COB,Saias Saia Midi SKU_1699_COB,,Feminino,Saias,Saia Midi,329.9,107.88,,OI25,,,,
SKU_1700_HUN,Casacos e Jaquetas Blazer SKU_1700_HUN,,Feminino,Casacos e Jaquetas,Blazer,699.9,274.64,,OI25,,,,
SKU_1700_PIS,Casacos e Jaquetas Blazer SKU_1700_PIS,,Feminino,Casacos e Jaquetas,Blazer,699.9,274.64,,OI25,,,,
SKU_1701_BLU,Calças Calça Jeans SKU_1701_BLU,,Feminino,Calças,Calça Jeans,339.9,129.22,,OI25,,,,
SKU_1701_SPA,Calças Calça Jeans SKU_1701_SPA,,Feminino,Calças,Calça Jeans,339.9,129.22,,OI25,,,,
SKU_1702_COR,Casacos e Jaquetas Casaco de Lã SKU_1702_COR,,Feminino,Casacos e Jaquetas,Casaco de Lã,619.9,205.19,,OI25,,,,
SKU_1702_LIG,Casacos e Jaquetas Casaco de Lã SKU_1702_LIG,,Feminino,Casacos e Jaquetas,Casaco de Lã,619.9,205.19,,OI25,,,,
SKU_1703_BLU,Tricô Cardigan SKU_1703_BLU,,Feminino,Tricô,Cardigan,269.9,85.83,,OI25,,,,
SKU_1703_PAS,Tricô Cardigan SKU_1703_PAS,,Feminino,Tricô,Cardigan,269.9,85.83,,OI25,,,,
SKU_1704_BAB,Calças Calça Pantalona SKU_1704_BAB,,Feminino,Calças,Calça Pantalona,334.9,106.5,,OI25,,,,
SKU_1704_PEA,Calças Calça Pantalona SKU_1704_PEA,,Feminino,Calças,Calça Pantalona,334.9,106.5,,OI25,,,,
SKU_1705_JAD,Calças Calça Alfaiataria SKU_1705_JAD,,Feminino,Calças,Calça Alfaiataria,409.9,135.68,,OI25,,,,
SKU_1705_SER,Calças Calça Alfaiataria SKU_1705_SER,,Feminino,Calças,Calça Alfaiataria,409.9,135.68,,OI25,,,,
SKU_1706_BLA,T-shirts e Regatas T-shirt Estampada SKU_1706_BLA,,Feminino,T-shirts e Regatas,T-shirt Estampada,184.9,59.98,,OI25,,,,
SKU_1706_JAD,T-shirts e Regatas T-shirt Estampada SKU_1706_JAD,,Feminino,T-shirts e Regatas,T-shirt Estampada,184.9,59.98,,OI25,,,,
SKU_1707_ARM,Tricô Cardigan SKU_1707_ARM,,Feminino,Tricô,Cardigan,279.9,75.65,,OI25,,,,
SKU_1707_SAP,Tricô Cardigan SKU_1707_SAP,,Feminino,Tricô,Cardigan,279.9,75.65,,OI25,,,,
SKU_1708_FLA,T-shirts e Regatas T-shirt Estampada SKU_1708_FLA,,Feminino,T-shirts e Regatas,T-shirt Estampada,169.9,53.52,,OI25,,,,
SKU_1708_FRE,T-shirts e Regatas T-shirt Estampada SKU_1708_FRE,,Feminino,T-shirts e Regatas,T-shirt Estampada,169.9,53.52,,OI25,,,,
SKU_1709_CRE,T-shirts e Regatas T-shirt Estampada SKU_1709_CRE,,Feminino,T-shirts e Regatas,T-shirt Estampada,209.9,61.77,,OI25,,,,
SKU_1709_MAR,T-shirts e Regatas T-shirt Estampada SKU_1709_MAR,,Feminino,T-shirts e Regatas,T-shirt Estampada,209.9,61.77,,OI25,,,,
SKU_1710_MEX,Casacos e Jaquetas Casaco de Lã SKU_1710_MEX,,Feminino,Casacos e Jaquetas,Casaco de Lã,809.9,240.54,,OI25,,,,
SKU_1710_OLI,Casacos e Jaquetas Casaco de Lã SKU_1710_OLI,,Feminino,Casacos e Jaquetas,Casaco de Lã,809.9,240.54,,OI25,,,,
SKU_1711_ARM,Vestidos Vestido de Festa SKU_1711_ARM,,Feminino,Vestidos,Vestido de Festa,994.9,378.46,,OI25,,,,
SKU_1711_VAN,Vestidos Vestido de Festa SKU_1711_VAN,,Feminino,Vestidos,Vestido de Festa,994.9,378.46,,OI25,,,,
SKU_1712_MOS,Blusas Blusa Manga Longa SKU_1712_MOS,,Feminino,Blusas,Blusa Manga Longa,179.9,59.55,,OI25,,,,
SKU_1712_NAV,Blusas Blusa Manga Longa SKU_1712_NAV,,Feminino,Blusas,Blusa Manga Longa,179.9,59.55,,OI25,,,,
SKU_1713_SAL,Vestidos Vestido Midi SKU_1713_SAL,,Feminino,Vestidos,Vestido Midi,504.9,167.12,,OI25,,,,
SKU_1713_SNO,Vestidos Vestido Midi SKU_1713_SNO,,Feminino,Vestidos,Vestido Midi,504.9,167.12,,OI25,,,,
SKU_1714_DEE,Camisas Camisa Jeans SKU_1714_DEE,,Feminino,Camisas,Camisa Jeans,304.9,96.96,,OI25,,,,
SKU_1714_MID,Camisas Camisa Jeans SKU_1714_MID,,Feminino,Camisas,Camisa Jeans,304.9,96.96,,OI25,,,,
SKU_1715_HON,Blusas Body SKU_1715_HON,,Feminino,Blusas,Body,219.9,69.93,,OI25,,,,
SKU_1715_JAD,Blusas Body SKU_1715_JAD,,Feminino,Blusas,Body,219.9,69.93,,OI25,,,,
SKU_1716_AQU,T-shirts e Regatas T-shirt Estampada SKU_1716_AQU,,Feminino,T-shirts e Regatas,T-shirt Estampada,164.9,54.29,,OI25,,,,
SKU_1716_SAL,T-shirts e Regatas T-shirt Estampada SKU_1716_SAL,,Feminino,T-shirts e Regatas,T-shirt Estampada,164.9,54.29,,OI25,,,,
SKU_1717_CRE,Blusas Blusa Manga Longa SKU_1717_CRE,,Feminino,Blusas,Blusa Manga Longa,259.9,76.62,,OI25,,,,
SKU_1717_MIN,Blusas Blusa Manga Longa SKU_1717_MIN,,Feminino,Blusas,Blusa Manga Longa,259.9,76.62,,OI25,,,,
SKU_1718_DUS,Calças Calça Pantalona SKU_1718_DUS,,Feminino,Calças,Calça Pantalona,369.9,110.22,,OI25,,,,
SKU_1718_SEA,Calças Calça Pantalona SKU_1718_SEA,,Feminino,Calças,Calça Pantalona,369.9,110.22,,OI25,,,,
SKU_1719_OFF,Calças Calça Pantalona SKU_1719_OFF,,Feminino,Calças,Calça Pantalona,319.9,91.27,,OI25,,,,
SKU_1719_WHI,Calças Calça Pantalona SKU_1719_WHI,,Feminino,Calças,Calça Pantalona,319.9,91.27,,OI25,,,,
SKU_1720_PAL,Blusas Blusa Manga Longa SKU_1720_PAL,,Feminino,Blusas,Blusa Manga Longa,224.9,66.8,,OI25,,,,
SKU_1720_PAS,Blusas Blusa Manga Longa SKU_1720_PAS,,Feminino,Blusas,Blusa Manga Longa,224.9,66.8,,OI25,,,,
SKU_1721_COR,Calças Calça Pantalona SKU_1721_COR,,Feminino,Calças,Calça Pantalona,419.9,159.73,,OI25,,,,
SKU_1721_FRE,Calças Calça Pantalona SKU_1721_FRE,,Feminino,Calças,Calça Pantalona,419.9,159.73,,OI25,,,,
SKU_1722_AQU,Calças Calça Jeans SKU_1722_AQU,,Feminino,Calças,Calça Jeans,324.9,107.54,,OI25,,,,
SKU_1722_PAS,Calças Calça Jeans SKU_1722_PAS,,Feminino,Calças,Calça Jeans,324.9,107.54,,OI25,,,,
SKU_1723_COB,Calças Calça Jeans SKU_1723_COB,,Feminino,Calças,Calça Jeans,434.9,143.95,,OI25,,,,
SKU_1723_MOS,Calças Calça Jeans SKU_1723_MOS,,Feminino,Calças,Calça Jeans,434.9,143.95,,OI25,,,,
SKU_1724_PEA,Casacos e Jaquetas Jaqueta de Couro SKU_1724_PEA,,Feminino,Casacos e Jaquetas,Jaqueta de Couro,1114.9,354.54,,OI25,,,,
SKU_1724_PIN,Casacos e Jaquetas Jaqueta de Couro SKU_1724_PIN,,Feminino,Casacos e Jaquetas,Jaqueta de Couro,1114.9,354.54,,OI25,,,,
SKU_1725_BAB,Blusas Blusa Manga Longa SKU_1725_BAB,,Feminino,Blusas,Blusa Manga Longa,244.9,77.88,,OI25,,,,
SKU_1725_OFF,Blusas Blusa Manga Longa SKU_1725_OFF,,Feminino,Blusas,Blusa Manga Longa,244.9,77.88,,OI25,,,,
SKU_1726_BUB,Calças Calça Alfaiataria SKU_1726_BUB,,Feminino,Calças,Calça Alfaiataria,429.9,141.52,,OI25,,,,
SKU_1726_PAS,Calças Calça Alfaiataria SKU_1726_PAS,,Feminino,Calças,Calça Alfaiataria,429.9,141.52,,OI25,,,,
SKU_1727_LIG,T-shirts e Regatas T-shirt Básica SKU_1727_LIG,,Feminino,T-shirts e Regatas,T-shirt Básica,154.9,46.65,,OI25,,,,
SKU_1727_WHI,T-shirts e Regatas T-shirt Básica SKU_1727_WHI,,Feminino,T-shirts e Regatas,T-shirt Básica,154.9,46.65,,OI25,,,,
SKU_1728_EGR,Tricô Suéter SKU_1728_EGR,,Feminino,Tricô,Suéter,329.9,103.56,,OI25,,,,
SKU_1728_MID,Tricô Suéter SKU_1728_MID,,Feminino,Tricô,Suéter,329.9,103.56,,OI25,,,,
SKU_1729_CLE,T-shirts e Regatas T-shirt Básica SKU_1729_CLE,,Feminino,T-shirts e Regatas,T-shirt Básica,174.9,51.47,,OI25,,,,
SKU_1729_FUC,T-shirts e Regatas T-shirt Básica SKU_1729_FUC,,Feminino,T-shirts e Regatas,T-shirt Básica,174.9,51.47,,OI25,,,,
SKU_1730_MIN,Calças Calça Alfaiataria SKU_1730_MIN,,Feminino,Calças,Calça Alfaiataria,319.9,95.01,,OI25,,,,
SKU_1730_OFF,Calças Calça Alfaiataria SKU_1730_OFF,,Feminino,Calças,Calça Alfaiataria,319.9,95.01,,OI25,,,,
SKU_1731_ARM,Vestidos Vestido de Festa SKU_1731_ARM,,Feminino,Vestidos,Vestido de Festa,909.9,346.13,,OI25,,,,
SKU_1731_MIN,Vestidos Vestido de Festa SKU_1731_MIN,,Feminino,Vestidos,Vestido de Festa,909.9,346.13,,OI25,,,,
SKU_1732_OFF,Vestidos Vestido de Festa SKU_1732_OFF,,Feminino,Vestidos,Vestido de Festa,1114.9,367.03,,OI25,,,,
SKU_1732_WHI,Vestidos Vestido de Festa SKU_1732_WHI,,Feminino,Vestidos,Vestido de Festa,1114.9,367.03,,OI25,,,,
SKU_1733_NAV,Camisas Camisa Jeans SKU_1733_NAV,,Feminino,Camisas,Camisa Jeans,349.9,115.82,,OI25,,,,
SKU_1733_SAG,Camisas Camisa Jeans SKU_1733_SAG,,Feminino,Camisas,Camisa Jeans,349.9,115.82,,OI25,,,,
SKU_1734_BRI,Calças Calça Jeans SKU_1734_BRI,,Feminino,Calças,Calça Jeans,349.9,111.27,,OI25,,,,
SKU_1734_FRE,Calças Calça Jeans SKU_1734_FRE,,Feminino,Calças,Calça Jeans,349.9,111.27,,OI25,,,,
SKU_1735_COR,Calças Calça Jeans SKU_1735_COR,,Feminino,Calças,Calça Jeans,269.9,88.85,,OI25,,,,
SKU_1735_MOS,Calças Calça Jeans SKU_1735_MOS,,Feminino,Calças,Calça Jeans,269.9,88.85,,OI25,,,,
SKU_1736_JAD,Camisas Camisa Alfaiataria SKU_1736_JAD,,Feminino,Camisas,Camisa Alfaiataria,324.9,106.96,,OI25,,,,
SKU_1736_PAS,Camisas Camisa Alfaiataria SKU_1736_PAS,,Feminino,Camisas,Camisa Alfaiataria,324.9,106.96,,OI25,,,,
SKU_1737_DEE,Casacos e Jaquetas Casaco de Lã SKU_1737_DEE,,Feminino,Casacos e Jaquetas,Casaco de Lã,769.9,254.84,,OI25,,,,
SKU_1737_SAG,Casacos e Jaquetas Casaco de Lã SKU_1737_SAG,,Feminino,Casacos e Jaquetas,Casaco de Lã,769.9,254.84,,OI25,,,,
SKU_1738_BLU,Bijoux Colar SKU_1738_BLU,,Acessórios,Bijoux,Colar,194.9,64.51,,OI25,,,,
SKU_1738_ROY,Bijoux Colar SKU_1738_ROY,,Acessórios,Bijoux,Colar,194.9,64.51,,OI25,,,,
SKU_1739_AQU,Camisas Camisa Alfaiataria SKU_1739_AQU,,Feminino,Camisas,Camisa Alfaiataria,254.9,83.91,,OI25,,,,
SKU_1739_MOS,Camisas Camisa Alfaiataria SKU_1739_MOS,,Feminino,Camisas,Camisa Alfaiataria,254.9,83.91,,OI25,,,,
SKU_1740_FRE,Blusas Body SKU_1740_FRE,,Feminino,Blusas,Body,214.9,70.75,,OI25,,,,
SKU_1740_OLI,Blusas Body SKU_1740_OLI,,Feminino,Blusas,Body,214.9,70.75,,OI25,,,,
SKU_1741_PEA,Lenços Lenço Estampado SKU_1741_PEA,,Acessórios,Lenços,Lenço Estampado,239.9,78.98,,OI25,,,,
SKU_1741_PIN,Lenços Lenço Estampado SKU_1741_PIN,,Acessórios,Lenços,Lenço Estampado,239.9,78.98,,OI25,,,,
SKU_1742_DEN,Calças Calça Jeans SKU_1742_DEN,,Feminino,Calças,Calça Jeans,259.9,86.03,,OI25,,,,
SKU_1742_EME,Calças Calça Jeans SKU_1742_EME,,Feminino,Calças,Calça Jeans,259.9,86.03,,OI25,,,,
SKU_1743_CLO,Vestidos Vestido Midi SKU_1743_CLO,,Feminino,Vestidos,Vestido Midi,439.9,139.89,,OI25,,,,
SKU_1743_DEE,Vestidos Vestido Midi SKU_1743_DEE,,Feminino,Vestidos,Vestido Midi,439.9,139.89,,OI25,,,,
SKU_1744_EME,Camisas Camisa Alfaiataria SKU_1744_EME,,Feminino,Camisas,Camisa Alfaiataria,264.9,87.21,,OI25,,,,
SKU_1744_LIG,Camisas Camisa Alfaiataria SKU_1744_LIG,,Feminino,Camisas,Camisa Alfaiataria,264.9,87.21,,OI25,,,,
SKU_1745_FOR,Tricô Suéter SKU_1745_FOR,,Feminino,Tricô,Suéter,409.9,134.94,,OI25,,,,
SKU_1745_PEA,Tricô Suéter SKU_1745_PEA,,Feminino,Tricô,Suéter,409.9,134.94,,OI25,,,,
SKU_1746_EME,Lenços Lenço Estampado SKU_1746_EME,,Acessórios,Lenços,Lenço Estampado,179.9,59.22,,OI25,,,,
SKU_1746_NAV,Lenços Lenço Estampado SKU_1746_NAV,,Acessórios,Lenços,Lenço Estampado,179.9,59.22,,OI25,,,,
SKU_1747_FUC,T-shirts e Regatas T-shirt Básica SKU_1747_FUC,,Feminino,T-shirts e Regatas,T-shirt Básica,174.9,55.62,,OI25,,,,
SKU_1747_TEA,T-shirts e Regatas T-shirt Básica SKU_1747_TEA,,Feminino,T-shirts e Regatas,T-shirt Básica,174.9,55.62,,OI25,,,,
SKU_1748_BAB,Calças Calça Alfaiataria SKU_1748_BAB,,Feminino,Calças,Calça Alfaiataria,309.9,95.29,,OI25,,,,
SKU_1748_COB,Calças Calça Alfaiataria SKU_1748_COB,,Feminino,Calças,Calça Alfaiataria,309.9,95.29,,OI25,,,,
SKU_1749_BIR,Tricô Suéter SKU_1749_BIR,,Feminino,Tricô,Suéter,349.9,100.94,,OI25,,,,
SKU_1749_SNO,Tricô Suéter SKU_1749_SNO,,Feminino,Tricô,Suéter,349.9,100.94,,OI25,,,,
SKU_1750_MIN,Calças Calça Alfaiataria SKU_1750_MIN,,Feminino,Calças,Calça Alfaiataria,369.9,98.87,,OI25,,,,
SKU_1750_SNO,Calças Calça Alfaiataria SKU_1750_SNO,,Feminino,Calças,Calça Alfaiataria,369.9,98.87,,OI25,,,,
SKU_1751_BLU,Calças Calça Pantalona SKU_1751_BLU,,Feminino,Calças,Calça Pantalona,329.9,97.98,,OI25,,,,
SKU_1751_MIN,Calças Calça Pantalona SKU_1751_MIN,,Feminino,Calças,Calça Pantalona,329.9,97.98,,OI25,,,,
SKU_1752_SNO,Tricô Suéter SKU_1752_SNO,,Feminino,Tricô,Suéter,429.9,153.22,,OI25,,,,
SKU_1752_SPA,Tricô Suéter SKU_1752_SPA,,Feminino,Tricô,Suéter,429.9,153.22,,OI25,,,,
SKU_1753_PAL,Vestidos Vestido de Festa SKU_1753_PAL,,Feminino,Vestidos,Vestido de Festa,789.9,300.29,,OI25,,,,
SKU_1753_WHI,Vestidos Vestido de Festa SKU_1753_WHI,,Feminino,Vestidos,Vestido de Festa,789.9,300.29,,OI25,,,,
SKU_1754_IVO,Tricô Suéter SKU_1754_IVO,,Feminino,Tricô,Suéter,339.9,112.51,,OI25,,,,
SKU_1754_SER,Tricô Suéter SKU_1754_SER,,Feminino,Tricô,Suéter,339.9,112.51,,OI25,,,,
SKU_1755_AQU,Saias Saia Midi SKU_1755_AQU,,Feminino,Saias,Saia Midi,334.9,110.25,,OI25,,,,
SKU_1755_BIR,Saias Saia Midi SKU_1755_BIR,,Feminino,Saias,Saia Midi,334.9,110.25,,OI25,,,,
SKU_1756_BUB,Bijoux Colar SKU_1756_BUB,,Acessórios,Bijoux,Colar,179.9,57.21,,OI25,,,,
SKU_1756_FLA,Bijoux Colar SKU_1756_FLA,,Acessórios,Bijoux,Colar,179.9,57.21,,OI25,,,,
SKU_1757_PIN,Blusas Blusa Manga Longa SKU_1757_PIN,,Feminino,Blusas,Blusa Manga Longa,264.9,84.24,,OI25,,,,
SKU_1757_TUR,Blusas Blusa Manga Longa SKU_1757_TUR,,Feminino,Blusas,Blusa Manga Longa,264.9,84.24,,OI25,,,,
SKU_1758_CLO,T-shirts e Regatas T-shirt Básica SKU_1758_CLO,,Feminino,T-shirts e Regatas,T-shirt Básica,179.9,49.16,,OI25,,,,
SKU_1758_HON,T-shirts e Regatas T-shirt Básica SKU_1758_HON,,Feminino,T-shirts e Regatas,T-shirt Básica,179.9,49.16,,OI25,,,,
SKU_1759_CLE,Saias Saia Midi SKU_1759_CLE,,Feminino,Saias,Saia Midi,269.9,82.08,,OI25,,,,
SKU_1759_COB,Saias Saia Midi SKU_1759_COB,,Feminino,Saias,Saia Midi,269.9,82.08,,OI25,,,,
SKU_1760_OFF,Blusas Blusa Manga Longa SKU_1760_OFF,,Feminino,Blusas,Blusa Manga Longa,249.9,73.55,,OI25,,,,
SKU_1760_PAS,Blusas Blusa Manga Longa SKU_1760_PAS,,Feminino,Blusas,Blusa Manga Longa,249.9,73.55,,OI25,,,,
SKU_1761_MOS,Vestidos Vestido de Festa SKU_1761_MOS,,Feminino,Vestidos,Vestido de Festa,1104.9,350.25,,OI25,,,,
SKU_1761_SAP,Vestidos Vestido de Festa SKU_1761_SAP,,Feminino,Vestidos,Vestido de Festa,1104.9,350.25,,OI25,,,,
SKU_1762_BRI,Saias Saia Midi SKU_1762_BRI,,Feminino,Saias,Saia Midi,254.9,90.85,,OI25,,,,
SKU_1762_DEN,Saias Saia Midi SKU_1762_DEN,,Feminino,Saias,Saia Midi,254.9,90.85,,OI25,,,,
SKU_1763_HOT,Calças Calça Alfaiataria SKU_1763_HOT,,Feminino,Calças,Calça Alfaiataria,299.9,99.27,,OI25,,,,
SKU_1763_MAR,Calças Calça Alfaiataria SKU_1763_MAR,,Feminino,Calças,Calça Alfaiataria,299.9,99.27,,OI25,,,,
SKU_1764_FUC,Blusas Body SKU_1764_FUC,,Feminino,Blusas,Body,234.9,77.33,,OI25,,,,
SKU_1764_MAR,Blusas Body SKU_1764_MAR,,Feminino,Blusas,Body,234.9,77.33,,OI25,,,,
SKU_1765_MYS,Calças Calça Jeans SKU_1765_MYS,,Feminino,Calças,Calça Jeans,259.9,82.65,,OI25,,,,
SKU_1765_PAS,Calças Calça Jeans SKU_1765_PAS,,Feminino,Calças,Calça Jeans,259.9,82.65,,OI25,,,,
SKU_1766_CLE,Calças Calça Jeans SKU_1766_CLE,,Feminino,Calças,Calça Jeans,394.9,125.58,,OI25,,,,
SKU_1766_MYS,Calças Calça Jeans SKU_1766_MYS,,Feminino,Calças,Calça Jeans,394.9,125.58,,OI25,,,,
SKU_1767_FUC,Blusas Body SKU_1767_FUC,,Feminino,Blusas,Body,204.9,65.16,,OI25,,,,
SKU_1767_PRI,Blusas Body SKU_1767_PRI,,Feminino,Blusas,Body,204.9,65.16,,OI25,,,,
SKU_1768_MIN,Vestidos Vestido Midi SKU_1768_MIN,,Feminino,Vestidos,Vestido Midi,624.9,186.21,,OI25,,,,
SKU_1768_PEA,Vestidos Vestido Midi SKU_1768_PEA,,Feminino,Vestidos,Vestido Midi,624.9,186.21,,OI25,,,,
SKU_1769_EME,Camisas Camisa Alfaiataria SKU_1769_EME,,Feminino,Camisas,Camisa Alfaiataria,324.9,91.67,,OI25,,,,
SKU_1769_WHI,Camisas Camisa Alfaiataria SKU_1769_WHI,,Feminino,Camisas,Camisa Alfaiataria,324.9,91.67,,OI25,,,,
SKU_1770_DEE,Blusas Body SKU_1770_DEE,,Feminino,Blusas,Body,219.9,64.72,,OI25,,,,
SKU_1770_JAD,Blusas Body SKU_1770_JAD,,Feminino,Blusas,Body,219.9,64.72,,OI25,,,,
SKU_1771_EME,Calças Calça Pantalona SKU_1771_EME,,Feminino,Calças,Calça Pantalona,264.9,86.62,,OI25,,,,
SKU_1771_PIN,Calças Calça Pantalona SKU_1771_PIN,,Feminino,Calças,Calça Pantalona,264.9,86.62,,OI25,,,,
SKU_1772_BLU,Calças Calça Jeans SKU_1772_BLU,,Feminino,Calças,Calça Jeans,414.9,162.81,,OI25,,,,
SKU_1772_SNO,Calças Calça Jeans SKU_1772_SNO,,Feminino,Calças,Calça Jeans,414.9,162.81,,OI25,,,,
SKU_1773_FRE,Calças Calça Jeans SKU_1773_FRE,,Feminino,Calças,Calça Jeans,324.9,106.96,,OI25,,,,
SKU_1773_OLI,Calças Calça Jeans SKU_1773_OLI,,Feminino,Calças,Calça Jeans,324.9,106.96,,OI25,,,,
SKU_1774_COB,Blusas Blusa Manga Longa SKU_1774_COB,,Feminino,Blusas,Blusa Manga Longa,204.9,65.16,,OI25,,,,
SKU_1774_MOS,Blusas Blusa Manga Longa SKU_1774_MOS,,Feminino,Blusas,Blusa Manga Longa,204.9,65.16,,OI25,,,,
SKU_1775_PAL,Saias Saia Midi SKU_1775_PAL,,Feminino,Saias,Saia Midi,279.9,92.14,,OI25,,,,
SKU_1775_PAS,Saias Saia Midi SKU_1775_PAS,,Feminino,Saias,Saia Midi,279.9,92.14,,OI25,,,,
SKU_1776_BIR,Camisas Camisa Alfaiataria SKU_1776_BIR,,Feminino,Camisas,Camisa Alfaiataria,329.9,109.2,,OI25,,,,
SKU_1776_PAS,Camisas Camisa Alfaiataria SKU_1776_PAS,,Feminino,Camisas,Camisa Alfaiataria,329.9,109.2,,OI25,,,,
SKU_1777_FRE,Camisas Camisa Alfaiataria SKU_1777_FRE,,Feminino,Camisas,Camisa Alfaiataria,239.9,76.29,,OI25,,,,
SKU_1777_TUR,Camisas Camisa Alfaiataria SKU_1777_TUR,,Feminino,Camisas,Camisa Alfaiataria,239.9,76.29,,OI25,,,,
SKU_1778_MIN,Camisas Camisa Alfaiataria SKU_1778_MIN,,Feminino,Camisas,Camisa Alfaiataria,284.9,94.3,,OI25,,,,
SKU_1778_TEA,Camisas Camisa Alfaiataria SKU_1778_TEA,,Feminino,Camisas,Camisa Alfaiataria,284.9,94.3,,OI25,,,,
SKU_1779_LIG,Lenços Lenço Estampado SKU_1779_LIG,,Acessórios,Lenços,Lenço Estampado,214.9,70.75,,OI25,,,,
SKU_1779_MIN,Lenços Lenço Estampado SKU_1779_MIN,,Acessórios,Lenços,Lenço Estampado,214.9,70.75,,OI25,,,,
SKU_1780_AQU,Tricô Suéter SKU_1780_AQU,,Feminino,Tricô,Suéter,334.9,110.85,,OI25,,,,
SKU_1780_LIG,Tricô Suéter SKU_1780_LIG,,Feminino,Tricô,Suéter,334.9,110.85,,OI25,,,,
SKU_1781_AQU,T-shirts e Regatas T-shirt Básica SKU_1781_AQU,,Feminino,T-shirts e Regatas,T-shirt Básica,129.9,41.31,,OI25,,,,
SKU_1781_CLE,T-shirts e Regatas T-shirt Básica SKU_1781_CLE,,Feminino,T-shirts e Regatas,T-shirt Básica,129.9,41.31,,OI25,,,,
SKU_1782_HUN,Camisas Camisa Alfaiataria SKU_1782_HUN,,Feminino,Camisas,Camisa Alfaiataria,249.9,82.72,,OI25,,,,
SKU_1782_NAV,Camisas Camisa Alfaiataria SKU_1782_NAV,,Feminino,Camisas,Camisa Alfaiataria,249.9,82.72,,OI25,,,,
SKU_1783_BAB,Casacos e Jaquetas Jaqueta de Couro SKU_1783_BAB,,Feminino,Casacos e Jaquetas,Jaqueta de Couro,1199.9,381.57,,OI25,,,,
SKU_1783_EGR,Casacos e Jaquetas Jaqueta de Couro SKU_1783_EGR,,Feminino,Casacos e Jaquetas,Jaqueta de Couro,1199.9,381.57,,OI25,,,,
SKU_1784_BLA,Camisas Camisa Jeans SKU_1784_BLA,,Feminino,Camisas,Camisa Jeans,309.9,102.58,,OI25,,,,
SKU_1784_EGR,Camisas Camisa Jeans SKU_1784_EGR,,Feminino,Camisas,Camisa Jeans,309.9,102.58,,OI25,,,,
SKU_1785_HUN,Blusas Body SKU_1785_HUN,,Feminino,Blusas,Body,244.9,77.88,,OI25,,,,
SKU_1785_PAS,Blusas Body SKU_1785_PAS,,Feminino,Blusas,Body,244.9,77.88,,OI25,,,,
SKU_1786_POW,T-shirts e Regatas T-shirt Estampada SKU_1786_POW,,Feminino,T-shirts e Regatas,T-shirt Estampada,179.9,59.22,,OI25,,,,
SKU_1786_TEA,T-shirts e Regatas T-shirt Estampada SKU_1786_TEA,,Feminino,T-shirts e Regatas,T-shirt Estampada,179.9,59.22,,OI25,,,,
SKU_1787_BAB,Calças Calça Alfaiataria SKU_1787_BAB,,Feminino,Calças,Calça Alfaiataria,289.9,92.19,,OI25,,,,
SKU_1788_EME,Camisas Camisa Jeans SKU_1788_EME,,Feminino,Camisas,Camisa Jeans,249.9,82.72,,OI25,,,,
SKU_1788_MYS,Camisas Camisa Jeans SKU_1788_MYS,,Feminino,Camisas,Camisa Jeans,249.9,82.72,,OI25,,,,
SKU_1789_EME,Tricô Cardigan SKU_1789_EME,,Feminino,Tricô,Cardigan,269.9,82.14,,OI25,,,,
SKU_1789_SNO,Tricô Cardigan SKU_1789_SNO,,Feminino,Tricô,Cardigan,269.9,82.14,,OI25,,,,
SKU_1790_EGR,Blusas Body SKU_1790_EGR,,Feminino,Blusas,Body,259.9,74.87,,OI25,,,,
SKU_1790_ROY,Blusas Body SKU_1790_ROY,,Feminino,Blusas,Body,259.9,74.87,,OI25,,,,
SKU_1791_ARM,Blusas Blusa Manga Longa SKU_1791_ARM,,Feminino,Blusas,Blusa Manga Longa,264.9,70.81,,OI25,,,,
SKU_1791_IVO,Blusas Blusa Manga Longa SKU_1791_IVO,,Feminino,Blusas,Blusa Manga Longa,264.9,70.81,,OI25,,,,
SKU_1792_AQU,Calças Calça Pantalona SKU_1792_AQU,,Feminino,Calças,Calça Pantalona,439.9,130.65,,OI25,,,,
SKU_1792_MIN,Calças Calça Pantalona SKU_1792_MIN,,Feminino,Calças,Calça Pantalona,439.9,130.65,,OI25,,,,
SKU_1793_MIN,Cintos Cinto de Couro SKU_1793_MIN,,Acessórios,Cintos,Cinto de Couro,189.9,66.22,,OI25,,,,
SKU_1793_WHI,Cintos Cinto de Couro SKU_1793_WHI,,Acessórios,Cintos,Cinto de Couro,189.9,66.22,,OI25,,,,
SKU_1794_FLA,Saias Saia Midi SKU_1794_FLA,,Feminino,Saias,Saia Midi,209.9,79.85,,OI25,,,,
SKU_1794_LIG,Saias Saia Midi SKU_1794_LIG,,Feminino,Saias,Saia Midi,209.9,79.85,,OI25,,,,
SKU_1795_HUN,Camisas Camisa Alfaiataria SKU_1795_HUN,,Feminino,Camisas,Camisa Alfaiataria,299.9,98.73,,OI25,,,,
SKU_1795_RAS,Camisas Camisa Alfaiataria SKU_1795_RAS,,Feminino,Camisas,Camisa Alfaiataria,299.9,98.73,,OI25,,,,
SKU_1796_OLI,Tricô Cardigan SKU_1796_OLI,,Feminino,Tricô,Cardigan,504.9,166.21,,OI25,,,,
SKU_1796_SHO,Tricô Cardigan SKU_1796_SHO,,Feminino,Tricô,Cardigan,504.9,166.21,,OI25,,,,
SKU_1797_BLU,Tricô Suéter SKU_1797_BLU,,Feminino,Tricô,Suéter,379.9,110.57,,OI25,,,,
SKU_1797_GAR,Tricô Suéter SKU_1797_GAR,,Feminino,Tricô,Suéter,379.9,110.57,,OI25,,,,
SKU_1798_MOS,Vestidos Vestido Midi SKU_1798_MOS,,Feminino,Vestidos,Vestido Midi,419.9,130.71,,OI25,,,,
SKU_1798_OFF,Vestidos Vestido Midi SKU_1798_OFF,,Feminino,Vestidos,Vestido Midi,419.9,130.71,,OI25,,,,
SKU_1799_DEN,Calças Calça Jeans SKU_1799_DEN,,Feminino,Calças,Calça Jeans,269.9,79.43,,OI25,,,,
SKU_1799_POW,Calças Calça Jeans SKU_1799_POW,,Feminino,Calças,Calça Jeans,269.9,79.43,,OI25,,,,
SKU_1800_MOS,Calças Calça Jeans SKU_1800_MOS,,Feminino,Calças,Calça Jeans,279.9,83.13,,OI25,,,,
SKU_1800_SKY,Calças Calça Jeans SKU_1800_SKY,,Feminino,Calças,Calça Jeans,279.9,83.13,,OI25,,,,
SKU_1801_FLA,Calças Calça Alfaiataria SKU_1801_FLA,,Feminino,Calças,Calça Alfaiataria,374.9,147.11,,OI25,,,,
SKU_1801_MOS,Calças Calça Alfaiataria SKU_1801_MOS,,Feminino,Calças,Calça Alfaiataria,374.9,147.11,,OI25,,,,
SKU_1802_DEN,Bolsas Bolsa Tote SKU_1802_DEN,,Acessórios,Bolsas,Bolsa Tote,744.9,246.56,,PV26,,,,
SKU_1802_OLI,Bolsas Bolsa Tote SKU_1802_OLI,,Acessórios,Bolsas,Bolsa Tote,744.9,246.56,,PV26,,,,
SKU_1803_DUS,Blusas Body SKU_1803_DUS,,Feminino,Blusas,Body,199.9,66.17,,PV26,,,,
SKU_1803_SER,Blusas Body SKU_1803_SER,,Feminino,Blusas,Body,199.9,66.17,,PV26,,,,
SKU_1804_SEA,Calças Calça Jeans SKU_1804_SEA,,Feminino,Calças,Calça Jeans,454.9,149.75,,PV26,,,,
SKU_1804_SPA,Calças Calça Jeans SKU_1804_SPA,,Feminino,Calças,Calça Jeans,454.9,149.75,,PV26,,,,
SKU_1805_BLU,Vestidos Vestido Midi SKU_1805_BLU,,Feminino,Vestidos,Vestido Midi,579.9,191.95,,PV26,,,,
SKU_1805_WHI,Vestidos Vestido Midi SKU_1805_WHI,,Feminino,Vestidos,Vestido Midi,579.9,191.95,,PV26,,,,
SKU_1806_EME,Blusas Blusa Manga Curta SKU_1806_EME,,Feminino,Blusas,Blusa Manga Curta,194.9,64.16,,PV26,,,,
SKU_1806_ROS,Blusas Blusa Manga Curta SKU_1806_ROS,,Feminino,Blusas,Blusa Manga Curta,194.9,64.16,,PV26,,,,
SKU_1807_BLU,Vestidos Vestido Curto SKU_1807_BLU,,Feminino,Vestidos,Vestido Curto,454.9,136.2,,PV26,,,,
SKU_1807_IVO,Vestidos Vestido Curto SKU_1807_IVO,,Feminino,Vestidos,Vestido Curto,454.9,136.2,,PV26,,,,
SKU_1808_PAS,Vestidos Vestido de Festa SKU_1808_PAS,,Feminino,Vestidos,Vestido de Festa,959.9,279.91,,PV26,,,,
SKU_1808_SNO,Vestidos Vestido de Festa SKU_1808_SNO,,Feminino,Vestidos,Vestido de Festa,959.9,279.91,,PV26,,,,
SKU_1809_PRI,Lenços Lenço Estampado SKU_1809_PRI,,Acessórios,Lenços,Lenço Estampado,239.9,68.44,,PV26,,,,
SKU_1809_SHO,Lenços Lenço Estampado SKU_1809_SHO,,Acessórios,Lenços,Lenço Estampado,239.9,68.44,,PV26,,,,
SKU_1810_COB,Lenços Lenço Estampado SKU_1810_COB,,Acessórios,Lenços,Lenço Estampado,159.9,50.69,,PV26,,,,
SKU_1810_OFF,Lenços Lenço Estampado SKU_1810_OFF,,Acessórios,Lenços,Lenço Estampado,159.9,50.69,,PV26,,,,
SKU_1811_BLU,Vestidos Vestido Longo SKU_1811_BLU,,Feminino,Vestidos,Vestido Longo,689.9,270.72,,PV26,,,,
SKU_1811_PIN,Vestidos Vestido Longo SKU_1811_PIN,,Feminino,Vestidos,Vestido Longo,689.9,270.72,,PV26,,,,
SKU_1812_BRI,Bolsas Bolsa Tiracolo SKU_1812_BRI,,Acessórios,Bolsas,Bolsa Tiracolo,659.9,250.87,,PV26,,,,
SKU_1812_HOT,Bolsas Bolsa Tiracolo SKU_1812_HOT,,Acessórios,Bolsas,Bolsa Tiracolo,659.9,250.87,,PV26,,,,
SKU_1813_BLU,Blusas Body SKU_1813_BLU,,Feminino,Blusas,Body,254.9,84.37,,PV26,,,,
SKU_1813_RAS,Blusas Body SKU_1813_RAS,,Feminino,Blusas,Body,254.9,84.37,,PV26,,,,
SKU_1814_PAS,Calças Calça Jeans SKU_1814_PAS,,Feminino,Calças,Calça Jeans,379.9,125.06,,PV26,,,,
SKU_1814_PRI,Calças Calça Jeans SKU_1814_PRI,,Feminino,Calças,Calça Jeans,379.9,125.06,,PV26,,,,
SKU_1815_LIM,Calças Calça Jeans SKU_1815_LIM,,Feminino,Calças,Calça Jeans,439.9,145.61,,PV26,,,,
SKU_1815_WHI,Calças Calça Jeans SKU_1815_WHI,,Feminino,Calças,Calça Jeans,439.9,145.61,,PV26,,,,
SKU_1816_MOS,Cintos Cinto de Couro SKU_1816_MOS,,Acessórios,Cintos,Cinto de Couro,239.9,78.98,,PV26,,,,
SKU_1816_WHI,Cintos Cinto de Couro SKU_1816_WHI,,Acessórios,Cintos,Cinto de Couro,239.9,78.98,,PV26,,,,
SKU_1817_BUB,Shorts e Bermudas Short Alfaiataria SKU_1817_BUB,,Feminino,Shorts e Bermudas,Short Alfaiataria,219.9,60.31,,PV26,,,,
SKU_1817_PRI,Shorts e Bermudas Short Alfaiataria SKU_1817_PRI,,Feminino,Shorts e Bermudas,Short Alfaiataria,219.9,60.31,,PV26,,,,
SKU_1818_BRI,Shorts e Bermudas Short Alfaiataria SKU_1818_BRI,,Feminino,Shorts e Bermudas,Short Alfaiataria,204.9,56.28,,PV26,,,,
SKU_1818_EGR,Shorts e Bermudas Short Alfaiataria SKU_1818_EGR,,Feminino,Shorts e Bermudas,Short Alfaiataria,204.9,56.28,,PV26,,,,
SKU_1819_AQU,Camisas Camisa Alfaiataria SKU_1819_AQU,,Feminino,Camisas,Camisa Alfaiataria,344.9,92.19,,PV26,,,,
SKU_1819_DEE,Camisas Camisa Alfaiataria SKU_1819_DEE,,Feminino,Camisas,Camisa Alfaiataria,344.9,92.19,,PV26,,,,
SKU_1820_PEA,Blusas Blusa Manga Curta SKU_1820_PEA,,Feminino,Blusas,Blusa Manga Curta,289.9,86.1,,PV26,,,,
SKU_1820_SPA,Blusas Blusa Manga Curta SKU_1820_SPA,,Feminino,Blusas,Blusa Manga Curta,289.9,86.1,,PV26,,,,
SKU_1821_BUB,Calças Calça Jeans SKU_1821_BUB,,Feminino,Calças,Calça Jeans,264.9,94.41,,PV26,,,,
SKU_1821_NAV,Calças Calça Jeans SKU_1821_NAV,,Feminino,Calças,Calça Jeans,264.9,94.41,,PV26,,,,
SKU_1822_ARM,Calças Calça Pantalona SKU_1822_ARM,,Feminino,Calças,Calça Pantalona,309.9,102.58,,PV26,,,,
SKU_1822_SEA,Calças Calça Pantalona SKU_1822_SEA,,Feminino,Calças,Calça Pantalona,309.9,102.58,,PV26,,,,
SKU_1823_COR,Blusas Blusa Manga Curta SKU_1823_COR,,Feminino,Blusas,Blusa Manga Curta,194.9,64.51,,PV26,,,,
SKU_1823_MIN,Blusas Blusa Manga Curta SKU_1823_MIN,,Feminino,Blusas,Blusa Manga Curta,194.9,64.51,,PV26,,,,
SKU_1824_BLU,Camisas Camisa Estampada SKU_1824_BLU,,Feminino,Camisas,Camisa Estampada,359.9,118.48,,PV26,,,,
SKU_1824_COR,Camisas Camisa Estampada SKU_1824_COR,,Feminino,Camisas,Camisa Estampada,359.9,118.48,,PV26,,,,
SKU_1825_MIN,Blusas Blusa Cropped SKU_1825_MIN,,Feminino,Blusas,Blusa Cropped,174.9,57.58,,PV26,,,,
SKU_1826_IVO,Bolsas Bolsa Tote SKU_1826_IVO,,Acessórios,Bolsas,Bolsa Tote,484.9,160.5,,PV26,,,,
SKU_1826_SAP,Bolsas Bolsa Tote SKU_1826_SAP,,Acessórios,Bolsas,Bolsa Tote,484.9,160.5,,PV26,,,,
SKU_1827_BUB,T-shirts e Regatas T-shirt Estampada SKU_1827_BUB,,Feminino,T-shirts e Regatas,T-shirt Estampada,194.9,61.98,,PV26,,,,
SKU_1827_PRI,T-shirts e Regatas T-shirt Estampada SKU_1827_PRI,,Feminino,T-shirts e Regatas,T-shirt Estampada,194.9,61.98,,PV26,,,,
SKU_1828_CER,Shorts e Bermudas Short Jeans SKU_1828_CER,,Feminino,Shorts e Bermudas,Short Jeans,244.9,81.06,,PV26,,,,
SKU_1828_FLA,Shorts e Bermudas Short Jeans SKU_1828_FLA,,Feminino,Shorts e Bermudas,Short Jeans,244.9,81.06,,PV26,,,,
SKU_1829_HUN,Saias Saia Midi SKU_1829_HUN,,Feminino,Saias,Saia Midi,259.9,86.03,,PV26,,,,
SKU_1829_MOS,Saias Saia Midi SKU_1829_MOS,,Feminino,Saias,Saia Midi,259.9,86.03,,PV26,,,,
SKU_1830_IVO,Shorts e Bermudas Short Alfaiataria SKU_1830_IVO,,Feminino,Shorts e Bermudas,Short Alfaiataria,259.9,86.03,,PV26,,,,
SKU_1830_NAV,Shorts e Bermudas Short Alfaiataria SKU_1830_NAV,,Feminino,Shorts e Bermudas,Short Alfaiataria,259.9,86.03,,PV26,,,,
SKU_1831_HOT,Vestidos Vestido Curto SKU_1831_HOT,,Feminino,Vestidos,Vestido Curto,334.9,110.25,,PV26,,,,
SKU_1831_MID,Vestidos Vestido Curto SKU_1831_MID,,Feminino,Vestidos,Vestido Curto,334.9,110.25,,PV26,,,,
SKU_1832_COR,Camisas Camisa Estampada SKU_1832_COR,,Feminino,Camisas,Camisa Estampada,294.9,93.78,,PV26,,,,
SKU_1832_MIN,Camisas Camisa Estampada SKU_1832_MIN,,Feminino,Camisas,Camisa Estampada,294.9,93.78,,PV26,,,,
SKU_1833_LIG,Blusas Blusa Cropped SKU_1833_LIG,,Feminino,Blusas,Blusa Cropped,229.9,73.11,,PV26,,,,
SKU_1833_NAV,Blusas Blusa Cropped SKU_1833_NAV,,Feminino,Blusas,Blusa Cropped,229.9,73.11,,PV26,,,,
SKU_1834_MAG,Vestidos Vestido Midi SKU_1834_MAG,,Feminino,Vestidos,Vestido Midi,399.9,132.37,,PV26,,,,
SKU_1834_SAL,Vestidos Vestido Midi SKU_1834_SAL,,Feminino,Vestidos,Vestido Midi,399.9,132.37,,PV26,,,,
SKU_1835_BAB,Blusas Body SKU_1835_BAB,,Feminino,Blusas,Body,184.9,61.2,,PV26,,,,
SKU_1835_BIR,Blusas Body SKU_1835_BIR,,Feminino,Blusas,Body,184.9,61.2,,PV26,,,,
SKU_1836_CRE,Vestidos Vestido de Festa SKU_1836_CRE,,Feminino,Vestidos,Vestido de Festa,714.9,227.34,,PV26,,,,
SKU_1836_MID,Vestidos Vestido de Festa SKU_1836_MID,,Feminino,Vestidos,Vestido de Festa,714.9,227.34,,PV26,,,,
SKU_1837_EGR,Cintos Cinto de Couro SKU_1837_EGR,,Acessórios,Cintos,Cinto de Couro,249.9,82.27,,PV26,,,,
SKU_1837_SAP,Cintos Cinto de Couro SKU_1837_SAP,,Acessórios,Cintos,Cinto de Couro,249.9,82.27,,PV26,,,,
SKU_1838_BAL,Camisas Camisa Alfaiataria SKU_1838_BAL,,Feminino,Camisas,Camisa Alfaiataria,319.9,94.77,,PV26,,,,
SKU_1838_DEN,Camisas Camisa Alfaiataria SKU_1838_DEN,,Feminino,Camisas,Camisa Alfaiataria,319.9,94.77,,PV26,,,,
SKU_1839_BAB,Cintos Cinto de Couro SKU_1839_BAB,,Acessórios,Cintos,Cinto de Couro,294.9,87.58,,PV26,,,,
SKU_1839_DUS,Cintos Cinto de Couro SKU_1839_DUS,,Acessórios,Cintos,Cinto de Couro,294.9,87.58,,PV26,,,,
SKU_1840_FOR,Saias Saia Curta SKU_1840_FOR,,Feminino,Saias,Saia Curta,214.9,61.31,,PV26,,,,
SKU_1840_LIM,Saias Saia Curta SKU_1840_LIM,,Feminino,Saias,Saia Curta,214.9,61.31,,PV26,,,,
SKU_1841_LIM,T-shirts e Regatas T-shirt Estampada SKU_1841_LIM,,Feminino,T-shirts e Regatas,T-shirt Estampada,144.9,47.38,,PV26,,,,
SKU_1841_WHI,T-shirts e Regatas T-shirt Estampada SKU_1841_WHI,,Feminino,T-shirts e Regatas,T-shirt Estampada,144.9,47.38,,PV26,,,,
SKU_1842_POW,Bolsas Bolsa Tiracolo SKU_1842_POW,,Acessórios,Bolsas,Bolsa Tiracolo,534.9,190.64,,PV26,,,,
SKU_1842_SAG,Bolsas Bolsa Tiracolo SKU_1842_SAG,,Acessórios,Bolsas,Bolsa Tiracolo,534.9,190.64,,PV26,,,,
SKU_1843_BIR,Calças Calça Jeans SKU_1843_BIR,,Feminino,Calças,Calça Jeans,304.9,100.92,,PV26,,,,
SKU_1843_NAV,Calças Calça Jeans SKU_1843_NAV,,Feminino,Calças,Calça Jeans,304.9,100.92,,PV26,,,,
SKU_1844_BAL,Cintos Cinto de Couro SKU_1844_BAL,,Acessórios,Cintos,Cinto de Couro,249.9,82.72,,PV26,,,,
SKU_1844_MOS,Cintos Cinto de Couro SKU_1844_MOS,,Acessórios,Cintos,Cinto de Couro,249.9,82.72,,PV26,,,,
SKU_1845_BAL,Vestidos Vestido de Festa SKU_1845_BAL,,Feminino,Vestidos,Vestido de Festa,819.9,271.39,,PV26,,,,
SKU_1845_TUR,Vestidos Vestido de Festa SKU_1845_TUR,,Feminino,Vestidos,Vestido de Festa,819.9,271.39,,PV26,,,,
SKU_1846_PAS,Calças Calça Pantalona SKU_1846_PAS,,Feminino,Calças,Calça Pantalona,349.9,111.27,,PV26,,,,
SKU_1846_SEA,Calças Calça Pantalona SKU_1846_SEA,,Feminino,Calças,Calça Pantalona,349.9,111.27,,PV26,,,,
SKU_1847_MYS,Shorts e Bermudas Short Alfaiataria SKU_1847_MYS,,Feminino,Shorts e Bermudas,Short Alfaiataria,269.9,88.85,,PV26,,,,
SKU_1847_PAS,Shorts e Bermudas Short Alfaiataria SKU_1847_PAS,,Feminino,Shorts e Bermudas,Short Alfaiataria,269.9,88.85,,PV26,,,,
SKU_1848_ARM,Blusas Blusa Manga Curta SKU_1848_ARM,,Feminino,Blusas,Blusa Manga Curta,219.9,65.75,,PV26,,,,
SKU_1848_BAL,Blusas Blusa Manga Curta SKU_1848_BAL,,Feminino,Blusas,Blusa Manga Curta,219.9,65.75,,PV26,,,,
SKU_1849_BAB,Macacões Macaquinho SKU_1849_BAB,,Feminino,Macacões,Macaquinho,329.9,102.98,,PV26,,,,
SKU_1849_GAR,Macacões Macaquinho SKU_1849_GAR,,Feminino,Macacões,Macaquinho,329.9,102.98,,PV26,,,,
SKU_1850_DEE,Cintos Cinto de Couro SKU_1850_DEE,,Acessórios,Cintos,Cinto de Couro,204.9,60.3,,PV26,,,,
SKU_1850_PRI,Cintos Cinto de Couro SKU_1850_PRI,,Acessórios,Cintos,Cinto de Couro,204.9,60.3,,PV26,,,,
SKU_1851_BLU,Blusas Blusa Manga Curta SKU_1851_BLU,,Feminino,Blusas,Blusa Manga Curta,214.9,70.27,,PV26,,,,
SKU_1851_DEE,Blusas Blusa Manga Curta SKU_1851_DEE,,Feminino,Blusas,Blusa Manga Curta,214.9,70.27,,PV26,,,,
SKU_1852_BLA,Vestidos Vestido Midi SKU_1852_BLA,,Feminino,Vestidos,Vestido Midi,499.9,190.16,,PV26,,,,
SKU_1852_FOR,Vestidos Vestido Midi SKU_1852_FOR,,Feminino,Vestidos,Vestido Midi,499.9,190.16,,PV26,,,,
SKU_1853_BLU,Vestidos Vestido Longo SKU_1853_BLU,,Feminino,Vestidos,Vestido Longo,899.9,297.87,,PV26,,,,
SKU_1853_ROS,Vestidos Vestido Longo SKU_1853_ROS,,Feminino,Vestidos,Vestido Longo,899.9,297.87,,PV26,,,,
SKU_1854_MID,Bijoux Brinco SKU_1854_MID,,Acessórios,Bijoux,Brinco,184.9,61.2,,PV26,,,,
SKU_1854_NAV,Bijoux Brinco SKU_1854_NAV,,Acessórios,Bijoux,Brinco,184.9,61.2,,PV26,,,,
SKU_1855_AQU,Saias Saia Midi SKU_1855_AQU,,Feminino,Saias,Saia Midi,274.9,87.42,,PV26,,,,
SKU_1855_FLA,Saias Saia Midi SKU_1855_FLA,,Feminino,Saias,Saia Midi,274.9,87.42,,PV26,,,,
SKU_1856_FLA,Vestidos Vestido Curto SKU_1856_FLA,,Feminino,Vestidos,Vestido Curto,324.9,106.96,,PV26,,,,
SKU_1856_PAS,Vestidos Vestido Curto SKU_1856_PAS,,Feminino,Vestidos,Vestido Curto,324.9,106.96,,PV26,,,,
SKU_1857_IVO,Saias Saia Midi SKU_1857_IVO,,Feminino,Saias,Saia Midi,239.9,78.98,,PV26,,,,
SKU_1857_PAS,Saias Saia Midi SKU_1857_PAS,,Feminino,Saias,Saia Midi,239.9,78.98,,PV26,,,,
SKU_1858_IVO,Vestidos Vestido Longo SKU_1858_IVO,,Feminino,Vestidos,Vestido Longo,899.9,256.23,,PV26,,,,
SKU_1858_OLI,Vestidos Vestido Longo SKU_1858_OLI,,Feminino,Vestidos,Vestido Longo,899.9,256.23,,PV26,,,,
SKU_1859_LIG,Vestidos Vestido Midi SKU_1859_LIG,,Feminino,Vestidos,Vestido Midi,429.9,131.26,,PV26,,,,
SKU_1859_PEA,Vestidos Vestido Midi SKU_1859_PEA,,Feminino,Vestidos,Vestido Midi,429.9,131.26,,PV26,,,,
SKU_1860_BLA,Vestidos Vestido Curto SKU_1860_BLA,,Feminino,Vestidos,Vestido Curto,319.9,85.51,,PV26,,,,
SKU_1860_SPA,Vestidos Vestido Curto SKU_1860_SPA,,Feminino,Vestidos,Vestido Curto,319.9,85.51,,PV26,,,,
SKU_1861_DEE,Saias Saia Curta SKU_1861_DEE,,Feminino,Saias,Saia Curta,194.9,57.89,,PV26,,,,
SKU_1861_SAP,Saias Saia Curta SKU_1861_SAP,,Feminino,Saias,Saia Curta,194.9,57.89,,PV26,,,,
SKU_1862_PAS,Blusas Blusa Cropped SKU_1862_PAS,,Feminino,Blusas,Blusa Cropped,224.9,80.15,,PV26,,,,
SKU_1862_PIN,Blusas Blusa Cropped SKU_1862_PIN,,Feminino,Blusas,Blusa Cropped,224.9,80.15,,PV26,,,,
SKU_1863_MOS,Camisas Camisa Estampada SKU_1863_MOS,,Feminino,Camisas,Camisa Estampada,254.9,84.37,,PV26,,,,
SKU_1863_POW,Camisas Camisa Estampada SKU_1863_POW,,Feminino,Camisas,Camisa Estampada,254.9,84.37,,PV26,,,,
SKU_1864_BRI,Saias Saia Curta SKU_1864_BRI,,Feminino,Saias,Saia Curta,169.9,54.03,,PV26,,,,
SKU_1864_VAN,Saias Saia Curta SKU_1864_VAN,,Feminino,Saias,Saia Curta,169.9,54.03,,PV26,,,,
SKU_1865_CRE,Cintos Cinto de Couro SKU_1865_CRE,,Acessórios,Cintos,Cinto de Couro,249.9,79.47,,PV26,,,,
SKU_1865_POW,Cintos Cinto de Couro SKU_1865_POW,,Acessórios,Cintos,Cinto de Couro,249.9,79.47,,PV26,,,,
SKU_1866_DUS,Calças Calça Pantalona SKU_1866_DUS,,Feminino,Calças,Calça Pantalona,324.9,107.54,,PV26,,,,
SKU_1866_ROS,Calças Calça Pantalona SKU_1866_ROS,,Feminino,Calças,Calça Pantalona,324.9,107.54,,PV26,,,,
SKU_1867_LIG,Shorts e Bermudas Short Alfaiataria SKU_1867_LIG,,Feminino,Shorts e Bermudas,Short Alfaiataria,199.9,65.81,,PV26,,,,
SKU_1867_TEA,Shorts e Bermudas Short Alfaiataria SKU_1867_TEA,,Feminino,Shorts e Bermudas,Short Alfaiataria,199.9,65.81,,PV26,,,,
SKU_1868_ARM,Vestidos Vestido Longo SKU_1868_ARM,,Feminino,Vestidos,Vestido Longo,789.9,261.46,,PV26,,,,
SKU_1868_SEA,Vestidos Vestido Longo SKU_1868_SEA,,Feminino,Vestidos,Vestido Longo,789.9,261.46,,PV26,,,,
SKU_1869_AQU,Bolsas Bolsa Tiracolo SKU_1869_AQU,,Acessórios,Bolsas,Bolsa Tiracolo,489.9,155.79,,PV26,,,,
SKU_1869_CRE,Bolsas Bolsa Tiracolo SKU_1869_CRE,,Acessórios,Bolsas,Bolsa Tiracolo,489.9,155.79,,PV26,,,,
SKU_1870_AQU,Blusas Blusa Cropped SKU_1870_AQU,,Feminino,Blusas,Blusa Cropped,229.9,76.1,,PV26,,,,
SKU_1870_SAG,Blusas Blusa Cropped SKU_1870_SAG,,Feminino,Blusas,Blusa Cropped,229.9,76.1,,PV26,,,,
SKU_1871_SNO,Blusas Body SKU_1871_SNO,,Feminino,Blusas,Body,199.9,66.17,,PV26,,,,
SKU_1871_WHI,Blusas Body SKU_1871_WHI,,Feminino,Blusas,Body,199.9,66.17,,PV26,,,,
SKU_1872_FRE,Bolsas Bolsa Tote SKU_1872_FRE,,Acessórios,Bolsas,Bolsa Tote,854.9,282.97,,PV26,,,,
SKU_1872_SAP,Bolsas Bolsa Tote SKU_1872_SAP,,Acessórios,Bolsas,Bolsa Tote,854.9,282.97,,PV26,,,,
SKU_1873_BAB,Calças Calça Jeans SKU_1873_BAB,,Feminino,Calças,Calça Jeans,449.9,148.92,,PV26,,,,
SKU_1873_BLA,Calças Calça Jeans SKU_1873_BLA,,Feminino,Calças,Calça Jeans,449.9,148.92,,PV26,,,,
SKU_1874_GAR,Shorts e Bermudas Short Jeans SKU_1874_GAR,,Feminino,Shorts e Bermudas,Short Jeans,219.9,72.79,,PV26,,,,
SKU_1874_JAD,Shorts e Bermudas Short Jeans SKU_1874_JAD,,Feminino,Shorts e Bermudas,Short Jeans,219.9,72.79,,PV26,,,,
SKU_1875_BAB,T-shirts e Regatas T-shirt Básica SKU_1875_BAB,,Feminino,T-shirts e Regatas,T-shirt Básica,174.9,57.58,,PV26,,,,
SKU_1875_BIR,T-shirts e Regatas T-shirt Básica SKU_1875_BIR,,Feminino,T-shirts e Regatas,T-shirt Básica,174.9,57.58,,PV26,,,,
SKU_1876_AQU,Shorts e Bermudas Bermuda SKU_1876_AQU,,Feminino,Shorts e Bermudas,Bermuda,199.9,66.17,,PV26,,,,
SKU_1876_CLO,Shorts e Bermudas Bermuda SKU_1876_CLO,,Feminino,Shorts e Bermudas,Bermuda,199.9,66.17,,PV26,,,,
SKU_1877_SAP,Vestidos Vestido Midi SKU_1877_SAP,,Feminino,Vestidos,Vestido Midi,574.9,182.82,,PV26,,,,
SKU_1877_TEA,Vestidos Vestido Midi SKU_1877_TEA,,Feminino,Vestidos,Vestido Midi,574.9,182.82,,PV26,,,,
SKU_1878_ROS,Vestidos Vestido Midi SKU_1878_ROS,,Feminino,Vestidos,Vestido Midi,439.9,144.82,,PV26,,,,
SKU_1878_SEA,Vestidos Vestido Midi SKU_1878_SEA,,Feminino,Vestidos,Vestido Midi,439.9,144.82,,PV26,,,,
SKU_1879_COR,Calças Calça Jeans SKU_1879_COR,,Feminino,Calças,Calça Jeans,304.9,87.46,,PV26,,,,
SKU_1879_WHI,Calças Calça Jeans SKU_1879_WHI,,Feminino,Calças,Calça Jeans,304.9,87.46,,PV26,,,,
SKU_1880_DUS,Vestidos Vestido de Festa SKU_1880_DUS,,Feminino,Vestidos,Vestido de Festa,849.9,260.8,,PV26,,,,
SKU_1880_TUR,Vestidos Vestido de Festa SKU_1880_TUR,,Feminino,Vestidos,Vestido de Festa,849.9,260.8,,PV26,,,,
SKU_1881_CLO,Cintos Cinto de Couro SKU_1881_CLO,,Acessórios,Cintos,Cinto de Couro,244.9,69.87,,PV26,,,,
SKU_1881_SNO,Cintos Cinto de Couro SKU_1881_SNO,,Acessórios,Cintos,Cinto de Couro,244.9,69.87,,PV26,,,,
SKU_1882_SPA,Shorts e Bermudas Short Jeans SKU_1882_SPA,,Feminino,Shorts e Bermudas,Short Jeans,239.9,78.45,,PV26,,,,
SKU_1882_TUR,Shorts e Bermudas Short Jeans SKU_1882_TUR,,Feminino,Shorts e Bermudas,Short Jeans,239.9,78.45,,PV26,,,,
SKU_1883_ARM,Lenços Lenço Estampado SKU_1883_ARM,,Acessórios,Lenços,Lenço Estampado,224.9,73.47,,PV26,,,,
SKU_1883_BLU,Lenços Lenço Estampado SKU_1883_BLU,,Acessórios,Lenços,Lenço Estampado,224.9,73.47,,PV26,,,,
SKU_1884_FOR,Camisas Camisa Estampada SKU_1884_FOR,,Feminino,Camisas,Camisa Estampada,339.9,121.14,,PV26,,,,
SKU_1884_NAV,Camisas Camisa Estampada SKU_1884_NAV,,Feminino,Camisas,Camisa Estampada,339.9,121.14,,PV26,,,,
SKU_1885_BLA,Vestidos Vestido Midi SKU_1885_BLA,,Feminino,Vestidos,Vestido Midi,549.9,182.02,,PV26,,,,
SKU_1885_MAG,Vestidos Vestido Midi SKU_1885_MAG,,Feminino,Vestidos,Vestido Midi,549.9,182.02,,PV26,,,,
SKU_1886_BAL,Blusas Blusa Manga Curta SKU_1886_BAL,,Feminino,Blusas,Blusa Manga Curta,204.9,65.16,,PV26,,,,
SKU_1886_CLO,Blusas Blusa Manga Curta SKU_1886_CLO,,Feminino,Blusas,Blusa Manga Curta,204.9,65.16,,PV26,,,,
SKU_1887_CLE,Blusas Body SKU_1887_CLE,,Feminino,Blusas,Body,199.9,65.81,,PV26,,,,
SKU_1887_PAS,Blusas Body SKU_1887_PAS,,Feminino,Blusas,Body,199.9,65.81,,PV26,,,,
SKU_1888_NAV,Saias Saia Curta SKU_1888_NAV,,Feminino,Saias,Saia Curta,199.9,61.47,,PV26,,,,
SKU_1888_SEA,Saias Saia Curta SKU_1888_SEA,,Feminino,Saias,Saia Curta,199.9,61.47,,PV26,,,,
SKU_1889_BIR,Calças Calça Jeans SKU_1889_BIR,,Feminino,Calças,Calça Jeans,269.9,78.3,,PV26,,,,
SKU_1889_MAR,Calças Calça Jeans SKU_1889_MAR,,Feminino,Calças,Calça Jeans,269.9,78.3,,PV26,,,,
SKU_1890_ROY,Blusas Blusa Cropped SKU_1890_ROY,,Feminino,Blusas,Blusa Cropped,254.9,76.93,,PV26,,,,
SKU_1890_TEA,Blusas Blusa Cropped SKU_1890_TEA,,Feminino,Blusas,Blusa Cropped,254.9,76.93,,PV26,,,,
SKU_1891_BUB,Saias Saia Longa SKU_1891_BUB,,Feminino,Saias,Saia Longa,329.9,106.67,,PV26,,,,
SKU_1891_MAR,Saias Saia Longa SKU_1891_MAR,,Feminino,Saias,Saia Longa,329.9,106.67,,PV26,,,,
SKU_1892_AQU,Camisas Camisa Estampada SKU_1892_AQU,,Feminino,Camisas,Camisa Estampada,289.9,95.2,,PV26,,,,
SKU_1892_ROS,Camisas Camisa Estampada SKU_1892_ROS,,Feminino,Camisas,Camisa Estampada,289.9,95.2,,PV26,,,,
SKU_1893_BIR,Vestidos Vestido Longo SKU_1893_BIR,,Feminino,Vestidos,Vestido Longo,629.9,245.97,,PV26,,,,
SKU_1893_TEA,Vestidos Vestido Longo SKU_1893_TEA,,Feminino,Vestidos,Vestido Longo,629.9,245.97,,PV26,,,,
SKU_1894_AQU,Shorts e Bermudas Bermuda SKU_1894_AQU,,Feminino,Shorts e Bermudas,Bermuda,274.9,90.5,,PV26,,,,
SKU_1894_IVO,Shorts e Bermudas Bermuda SKU_1894_IVO,,Feminino,Shorts e Bermudas,Bermuda,274.9,90.5,,PV26,,,,
SKU_1895_BRI,Blusas Blusa Cropped SKU_1895_BRI,,Feminino,Blusas,Blusa Cropped,194.9,64.51,,PV26,,,,
SKU_1895_PAS,Blusas Blusa Cropped SKU_1895_PAS,,Feminino,Blusas,Blusa Cropped,194.9,64.51,,PV26,,,,
SKU_1896_ARM,Vestidos Vestido de Festa SKU_1896_ARM,,Feminino,Vestidos,Vestido de Festa,1009.9,334.28,,PV26,,,,
SKU_1896_PAS,Vestidos Vestido de Festa SKU_1896_PAS,,Feminino,Vestidos,Vestido de Festa,1009.9,334.28,,PV26,,,,
SKU_1897_JAD,Blusas Blusa Manga Curta SKU_1897_JAD,,Feminino,Blusas,Blusa Manga Curta,234.9,74.7,,PV26,,,,
SKU_1897_SHO,Blusas Blusa Manga Curta SKU_1897_SHO,,Feminino,Blusas,Blusa Manga Curta,234.9,74.7,,PV26,,,,
SKU_1898_EME,Macacões Macacão Longo SKU_1898_EME,,Feminino,Macacões,Macacão Longo,484.9,140.99,,PV26,,,,
SKU_1898_WHI,Macacões Macacão Longo SKU_1898_WHI,,Feminino,Macacões,Macacão Longo,484.9,140.99,,PV26,,,,
SKU_1899_SAG,Cintos Cinto de Couro SKU_1899_SAG,,Acessórios,Cintos,Cinto de Couro,224.9,70.01,,PV26,,,,
SKU_1899_SAP,Cintos Cinto de Couro SKU_1899_SAP,,Acessórios,Cintos,Cinto de Couro,224.9,70.01,,PV26,,,,
SKU_1900_FRE,Calças Calça Jeans SKU_1900_FRE,,Feminino,Calças,Calça Jeans,424.9,124.32,,PV26,,,,
SKU_1900_HON,Calças Calça Jeans SKU_1900_HON,,Feminino,Calças,Calça Jeans,424.9,124.32,,PV26,,,,
SKU_1901_LIM,Shorts e Bermudas Short Jeans SKU_1901_LIM,,Feminino,Shorts e Bermudas,Short Jeans,234.9,74.24,,PV26,,,,
SKU_1901_MIN,Shorts e Bermudas Short Jeans SKU_1901_MIN,,Feminino,Shorts e Bermudas,Short Jeans,234.9,74.24,,PV26,,,,
SKU_1902_BLU,Vestidos Vestido Longo SKU_1902_BLU,,Feminino,Vestidos,Vestido Longo,829.9,282.15,,PV26,,,,
SKU_1902_HOT,Vestidos Vestido Longo SKU_1902_HOT,,Feminino,Vestidos,Vestido Longo,829.9,282.15,,PV26,,,,
SKU_1903_DUS,Calças Calça Jeans SKU_1903_DUS,,Feminino,Calças,Calça Jeans,329.9,120.06,,PV26,,,,
SKU_1903_PAS,Calças Calça Jeans SKU_1903_PAS,,Feminino,Calças,Calça Jeans,329.9,120.06,,PV26,,,,
SKU_1904_CLE,Vestidos Vestido de Festa SKU_1904_CLE,,Feminino,Vestidos,Vestido de Festa,744.9,270.68,,PV26,,,,
SKU_1904_SNO,Vestidos Vestido de Festa SKU_1904_SNO,,Feminino,Vestidos,Vestido de Festa,744.9,270.68,,PV26,,,,
SKU_1905_PRI,Saias Saia Longa SKU_1905_PRI,,Feminino,Saias,Saia Longa,359.9,119.13,,PV26,,,,
SKU_1905_WHI,Saias Saia Longa SKU_1905_WHI,,Feminino,Saias,Saia Longa,359.9,119.13,,PV26,,,,
SKU_1906_NAV,Camisas Camisa Alfaiataria SKU_1906_NAV,,Feminino,Camisas,Camisa Alfaiataria,294.9,97.61,,PV26,,,,
SKU_1906_SHO,Camisas Camisa Alfaiataria SKU_1906_SHO,,Feminino,Camisas,Camisa Alfaiataria,294.9,97.61,,PV26,,,,
SKU_1907_BLA,Calças Calça Jeans SKU_1907_BLA,,Feminino,Calças,Calça Jeans,274.9,80.43,,PV26,,,,
SKU_1907_TEA,Calças Calça Jeans SKU_1907_TEA,,Feminino,Calças,Calça Jeans,274.9,80.43,,PV26,,,,
SKU_1908_BLA,Camisas Camisa Estampada SKU_1908_BLA,,Feminino,Camisas,Camisa Estampada,314.9,93.24,,PV26,,,,
SKU_1908_MID,Camisas Camisa Estampada SKU_1908_MID,,Feminino,Camisas,Camisa Estampada,314.9,93.24,,PV26,,,,
SKU_1909_PEA,Vestidos Vestido Curto SKU_1909_PEA,,Feminino,Vestidos,Vestido Curto,449.9,152.96,,PV26,,,,
SKU_1909_SPA,Vestidos Vestido Curto SKU_1909_SPA,,Feminino,Vestidos,Vestido Curto,449.9,152.96,,PV26,,,,
SKU_1910_MID,Vestidos Vestido de Festa SKU_1910_MID,,Feminino,Vestidos,Vestido de Festa,749.9,255.68,,PV26,,,,
SKU_1910_MYS,Vestidos Vestido de Festa SKU_1910_MYS,,Feminino,Vestidos,Vestido de Festa,749.9,255.68,,PV26,,,,
SKU_1911_LIG,Blusas Blusa Manga Curta SKU_1911_LIG,,Feminino,Blusas,Blusa Manga Curta,214.9,83.35,,PV26,,,,
SKU_1911_RAS,Blusas Blusa Manga Curta SKU_1911_RAS,,Feminino,Blusas,Blusa Manga Curta,214.9,83.35,,PV26,,,,
SKU_1912_MEX,Vestidos Vestido Curto SKU_1912_MEX,,Feminino,Vestidos,Vestido Curto,384.9,126.71,,PV26,,,,
SKU_1912_PAS,Vestidos Vestido Curto SKU_1912_PAS,,Feminino,Vestidos,Vestido Curto,384.9,126.71,,PV26,,,,
SKU_1913_MYS,T-shirts e Regatas T-shirt Estampada SKU_1913_MYS,,Feminino,T-shirts e Regatas,T-shirt Estampada,194.9,70.81,,PV26,,,,
SKU_1913_PIS,T-shirts e Regatas T-shirt Estampada SKU_1913_PIS,,Feminino,T-shirts e Regatas,T-shirt Estampada,194.9,70.81,,PV26,,,,
SKU_1914_BIR,Shorts e Bermudas Bermuda SKU_1914_BIR,,Feminino,Shorts e Bermudas,Bermuda,199.9,73.74,,PV26,,,,
SKU_1914_SNO,Shorts e Bermudas Bermuda SKU_1914_SNO,,Feminino,Shorts e Bermudas,Bermuda,199.9,73.74,,PV26,,,,
SKU_1915_DUS,Vestidos Vestido de Festa SKU_1915_DUS,,Feminino,Vestidos,Vestido de Festa,1164.9,436.21,,PV26,,,,
SKU_1915_SPA,Vestidos Vestido de Festa SKU_1915_SPA,,Feminino,Vestidos,Vestido de Festa,1164.9,436.21,,PV26,,,,
SKU_1916_HOT,Shorts e Bermudas Short Alfaiataria SKU_1916_HOT,,Feminino,Shorts e Bermudas,Short Alfaiataria,254.9,84.37,,PV26,,,,
SKU_1916_TUR,Shorts e Bermudas Short Alfaiataria SKU_1916_TUR,,Feminino,Shorts e Bermudas,Short Alfaiataria,254.9,84.37,,PV26,,,,
SKU_1917_IVO,Calças Calça Jeans SKU_1917_IVO,,Feminino,Calças,Calça Jeans,374.9,124.09,,PV26,,,,
SKU_1917_LIG,Calças Calça Jeans SKU_1917_LIG,,Feminino,Calças,Calça Jeans,374.9,124.09,,PV26,,,,
SKU_1918_SKY,T-shirts e Regatas T-shirt Estampada SKU_1918_SKY,,Feminino,T-shirts e Regatas,T-shirt Estampada,199.9,66.17,,PV26,,,,
SKU_1918_WHI,T-shirts e Regatas T-shirt Estampada SKU_1918_WHI,,Feminino,T-shirts e Regatas,T-shirt Estampada,199.9,66.17,,PV26,,,,
SKU_1919_COB,Vestidos Vestido Longo SKU_1919_COB,,Feminino,Vestidos,Vestido Longo,679.9,225.05,,PV26,,,,
SKU_1919_PEA,Vestidos Vestido Longo SKU_1919_PEA,,Feminino,Vestidos,Vestido Longo,679.9,225.05,,PV26,,,,
SKU_1920_GAR,Lenços Lenço Estampado SKU_1920_GAR,,Acessórios,Lenços,Lenço Estampado,254.9,83.91,,PV26,,,,
SKU_1920_NAV,Lenços Lenço Estampado SKU_1920_NAV,,Acessórios,Lenços,Lenço Estampado,254.9,83.91,,PV26,,,,
SKU_1921_PIN,Shorts e Bermudas Short Alfaiataria SKU_1921_PIN,,Feminino,Shorts e Bermudas,Short Alfaiataria,249.9,79.47,,PV26,,,,
SKU_1921_VAN,Shorts e Bermudas Short Alfaiataria SKU_1921_VAN,,Feminino,Shorts e Bermudas,Short Alfaiataria,249.9,79.47,,PV26,,,,
SKU_1922_BLU,Vestidos Vestido Longo SKU_1922_BLU,,Feminino,Vestidos,Vestido Longo,694.9,204.12,,PV26,,,,
SKU_1922_TEA,Vestidos Vestido Longo SKU_1922_TEA,,Feminino,Vestidos,Vestido Longo,694.9,204.12,,PV26,,,,
SKU_1923_PEA,Shorts e Bermudas Bermuda SKU_1923_PEA,,Feminino,Shorts e Bermudas,Bermuda,189.9,55.84,,PV26,,,,
SKU_1923_TUR,Shorts e Bermudas Bermuda SKU_1923_TUR,,Feminino,Shorts e Bermudas,Bermuda,189.9,55.84,,PV26,,,,
SKU_1924_BIR,Vestidos Vestido Longo SKU_1924_BIR,,Feminino,Vestidos,Vestido Longo,644.9,189.79,,PV26,,,,
SKU_1924_TEA,Vestidos Vestido Longo SKU_1924_TEA,,Feminino,Vestidos,Vestido Longo,644.9,189.79,,PV26,,,,
SKU_1925_PIN,Saias Saia Longa SKU_1925_PIN,,Feminino,Saias,Saia Longa,364.9,115.67,,PV26,,,,
SKU_1925_PRI,Saias Saia Longa SKU_1925_PRI,,Feminino,Saias,Saia Longa,364.9,115.67,,PV26,,,,
SKU_1926_IVO,Blusas Blusa Manga Curta SKU_1926_IVO,,Feminino,Blusas,Blusa Manga Curta,269.9,102.67,,PV26,,,,
SKU_1926_SHO,Blusas Blusa Manga Curta SKU_1926_SHO,,Feminino,Blusas,Blusa Manga Curta,269.9,102.67,,PV26,,,,
SKU_1927_CER,Calças Calça Jeans SKU_1927_CER,,Feminino,Calças,Calça Jeans,299.9,114.01,,PV26,,,,
SKU_1927_FUC,Calças Calça Jeans SKU_1927_FUC,,Feminino,Calças,Calça Jeans,299.9,114.01,,PV26,,,,
SKU_1928_BLU,Vestidos Vestido Curto SKU_1928_BLU,,Feminino,Vestidos,Vestido Curto,314.9,103.67,,PV26,,,,
SKU_1928_COR,Vestidos Vestido Curto SKU_1928_COR,,Feminino,Vestidos,Vestido Curto,314.9,103.67,,PV26,,,,
SKU_1929_COB,Blusas Body SKU_1929_COB,,Feminino,Blusas,Body,294.9,97.08,,PV26,,,,
SKU_1929_PEA,Blusas Body SKU_1929_PEA,,Feminino,Blusas,Body,294.9,97.08,,PV26,,,,
SKU_1930_GAR,Bolsas Bolsa Tiracolo SKU_1930_GAR,,Acessórios,Bolsas,Bolsa Tiracolo,659.9,218.43,,PV26,,,,
SKU_1930_SHO,Bolsas Bolsa Tiracolo SKU_1930_SHO,,Acessórios,Bolsas,Bolsa Tiracolo,659.9,218.43,,PV26,,,,
SKU_1931_COR,Bolsas Bolsa Tiracolo SKU_1931_COR,,Acessórios,Bolsas,Bolsa Tiracolo,744.9,245.22,,PV26,,,,
SKU_1931_MID,Bolsas Bolsa Tiracolo SKU_1931_MID,,Acessórios,Bolsas,Bolsa Tiracolo,744.9,245.22,,PV26,,,,
SKU_1932_COB,Blusas Blusa Cropped SKU_1932_COB,,Feminino,Blusas,Blusa Cropped,194.9,57.89,,PV26,,,,
SKU_1932_NAV,Blusas Blusa Cropped SKU_1932_NAV,,Feminino,Blusas,Blusa Cropped,194.9,57.89,,PV26,,,,
SKU_1933_GAR,Blusas Blusa Cropped SKU_1933_GAR,,Feminino,Blusas,Blusa Cropped,224.9,72.72,,PV26,,,,
SKU_1933_SNO,Blusas Blusa Cropped SKU_1933_SNO,,Feminino,Blusas,Blusa Cropped,224.9,72.72,,PV26,,,,
SKU_1934_COB,Blusas Blusa Manga Curta SKU_1934_COB,,Feminino,Blusas,Blusa Manga Curta,259.9,69.47,,PV26,,,,
SKU_1934_HON,Blusas Blusa Manga Curta SKU_1934_HON,,Feminino,Blusas,Blusa Manga Curta,259.9,69.47,,PV26,,,,
SKU_1935_DEN,Blusas Blusa Manga Curta SKU_1935_DEN,,Feminino,Blusas,Blusa Manga Curta,179.9,57.03,,PV26,,,,
SKU_1935_HOT,Blusas Blusa Manga Curta SKU_1935_HOT,,Feminino,Blusas,Blusa Manga Curta,179.9,57.03,,PV26,,,,
SKU_1936_HON,T-shirts e Regatas T-shirt Básica SKU_1936_HON,,Feminino,T-shirts e Regatas,T-shirt Básica,129.9,50.97,,PV26,,,,
SKU_1936_WHI,T-shirts e Regatas T-shirt Básica SKU_1936_WHI,,Feminino,T-shirts e Regatas,T-shirt Básica,129.9,50.97,,PV26,,,,
SKU_1937_BUB,Blusas Blusa Manga Curta SKU_1937_BUB,,Feminino,Blusas,Blusa Manga Curta,209.9,69.48,,PV26,,,,
SKU_1937_MIN,Blusas Blusa Manga Curta SKU_1937_MIN,,Feminino,Blusas,Blusa Manga Curta,209.9,69.48,,PV26,,,,
SKU_1938_CRE,Vestidos Vestido de Festa SKU_1938_CRE,,Feminino,Vestidos,Vestido de Festa,899.9,297.87,,PV26,,,,
SKU_1938_PAS,Vestidos Vestido de Festa SKU_1938_PAS,,Feminino,Vestidos,Vestido de Festa,899.9,297.87,,PV26,,,,
SKU_1939_LIG,Cintos Cinto de Couro SKU_1939_LIG,,Acessórios,Cintos,Cinto de Couro,159.9,50.85,,PV26,,,,
SKU_1939_ROS,Cintos Cinto de Couro SKU_1939_ROS,,Acessórios,Cintos,Cinto de Couro,159.9,50.85,,PV26,,,,
SKU_1940_BIR,Vestidos Vestido Longo SKU_1940_BIR,,Feminino,Vestidos,Vestido Longo,1084.9,357.15,,PV26,,,,
SKU_1940_HUN,Vestidos Vestido Longo SKU_1940_HUN,,Feminino,Vestidos,Vestido Longo,1084.9,357.15,,PV26,,,,
SKU_1941_MIN,Vestidos Vestido Longo SKU_1941_MIN,,Feminino,Vestidos,Vestido Longo,1049.9,345.63,,PV26,,,,
SKU_1942_MYS,Vestidos Vestido Longo SKU_1942_MYS,,Feminino,Vestidos,Vestido Longo,1184.9,384.37,,PV26,,,,
SKU_1942_SAL,Vestidos Vestido Longo SKU_1942_SAL,,Feminino,Vestidos,Vestido Longo,1184.9,384.37,,PV26,,,,
SKU_1943_AQU,Blusas Blusa Manga Curta SKU_1943_AQU,,Feminino,Blusas,Blusa Manga Curta,279.9,80.74,,PV26,,,,
SKU_1943_FUC,Blusas Blusa Manga Curta SKU_1943_FUC,,Feminino,Blusas,Blusa Manga Curta,279.9,80.74,,PV26,,,,
SKU_1944_FUC,Calças Calça Jeans SKU_1944_FUC,,Feminino,Calças,Calça Jeans,399.9,126.77,,PV26,,,,
SKU_1944_PIS,Calças Calça Jeans SKU_1944_PIS,,Feminino,Calças,Calça Jeans,399.9,126.77,,PV26,,,,
SKU_1945_BAB,Shorts e Bermudas Bermuda SKU_1945_BAB,,Feminino,Shorts e Bermudas,Bermuda,214.9,63.25,,PV26,,,,
SKU_1945_BRI,Shorts e Bermudas Bermuda SKU_1945_BRI,,Feminino,Shorts e Bermudas,Bermuda,214.9,63.25,,PV26,,,,
SKU_1946_BUB,Macacões Macacão Longo SKU_1946_BUB,,Feminino,Macacões,Macacão Longo,404.9,128.35,,PV26,,,,
SKU_1946_PEA,Macacões Macacão Longo SKU_1946_PEA,,Feminino,Macacões,Macacão Longo,404.9,128.35,,PV26,,,,
SKU_1947_CLE,Vestidos Vestido Curto SKU_1947_CLE,,Feminino,Vestidos,Vestido Curto,439.9,167.34,,PV26,,,,
SKU_1947_SKY,Vestidos Vestido Curto SKU_1947_SKY,,Feminino,Vestidos,Vestido Curto,439.9,167.34,,PV26,,,,
SKU_1948_PAL,T-shirts e Regatas T-shirt Estampada SKU_1948_PAL,,Feminino,T-shirts e Regatas,T-shirt Estampada,199.9,65.81,,PV26,,,,
SKU_1948_WHI,T-shirts e Regatas T-shirt Estampada SKU_1948_WHI,,Feminino,T-shirts e Regatas,T-shirt Estampada,199.9,65.81,,PV26,,,,
SKU_1949_SKY,Shorts e Bermudas Short Jeans SKU_1949_SKY,,Feminino,Shorts e Bermudas,Short Jeans,164.9,54.29,,PV26,,,,
SKU_1949_VAN,Shorts e Bermudas Short Jeans SKU_1949_VAN,,Feminino,Shorts e Bermudas,Short Jeans,164.9,54.29,,PV26,,,,
SKU_1950_BLU,Vestidos Vestido Midi SKU_1950_BLU,,Feminino,Vestidos,Vestido Midi,414.9,131.94,,PV26,,,,
SKU_1950_FLA,Vestidos Vestido Midi SKU_1950_FLA,,Feminino,Vestidos,Vestido Midi,414.9,131.94,,PV26,,,,
SKU_1951_COR,Camisas Camisa Estampada SKU_1951_COR,,Feminino,Camisas,Camisa Estampada,254.9,83.91,,PV26,,,,
SKU_1951_GAR,Camisas Camisa Estampada SKU_1951_GAR,,Feminino,Camisas,Camisa Estampada,254.9,83.91,,PV26,,,,
SKU_1952_PIS,Cintos Cinto de Couro SKU_1952_PIS,,Acessórios,Cintos,Cinto de Couro,204.9,67.45,,PV26,,,,
SKU_1952_TUR,Cintos Cinto de Couro SKU_1952_TUR,,Acessórios,Cintos,Cinto de Couro,204.9,67.45,,PV26,,,,
SKU_1953_IVO,Blusas Blusa Cropped SKU_1953_IVO,,Feminino,Blusas,Blusa Cropped,234.9,64.88,,PV26,,,,
SKU_1953_LIM,Blusas Blusa Cropped SKU_1953_LIM,,Feminino,Blusas,Blusa Cropped,234.9,64.88,,PV26,,,,
SKU_1954_ROY,Cintos Cinto de Couro SKU_1954_ROY,,Acessórios,Cintos,Cinto de Couro,209.9,62.55,,PV26,,,,
SKU_1954_WHI,Cintos Cinto de Couro SKU_1954_WHI,,Acessórios,Cintos,Cinto de Couro,209.9,62.55,,PV26,,,,
SKU_1955_FRE,Vestidos Vestido Longo SKU_1955_FRE,,Feminino,Vestidos,Vestido Longo,999.9,267.27,,PV26,,,,
SKU_1955_SAL,Vestidos Vestido Longo SKU_1955_SAL,,Feminino,Vestidos,Vestido Longo,999.9,267.27,,PV26,,,,
SKU_1956_CLO,T-shirts e Regatas T-shirt Estampada SKU_1956_CLO,,Feminino,T-shirts e Regatas,T-shirt Estampada,209.9,62.34,,PV26,,,,
SKU_1956_PEA,T-shirts e Regatas T-shirt Estampada SKU_1956_PEA,,Feminino,T-shirts e Regatas,T-shirt Estampada,209.9,62.34,,PV26,,,,
SKU_1957_CRE,Cintos Cinto de Couro SKU_1957_CRE,,Acessórios,Cintos,Cinto de Couro,189.9,67.68,,PV26,,,,
SKU_1957_PEA,Cintos Cinto de Couro SKU_1957_PEA,,Acessórios,Cintos,Cinto de Couro,189.9,67.68,,PV26,,,,
SKU_1958_BLU,T-shirts e Regatas T-shirt Estampada SKU_1958_BLU,,Feminino,T-shirts e Regatas,T-shirt Estampada,184.9,61.2,,PV26,,,,
SKU_1958_PAS,T-shirts e Regatas T-shirt Estampada SKU_1958_PAS,,Feminino,T-shirts e Regatas,T-shirt Estampada,184.9,61.2,,PV26,,,,
SKU_1959_TUR,Vestidos Vestido de Festa SKU_1959_TUR,,Feminino,Vestidos,Vestido de Festa,739.9,235.29,,PV26,,,,
SKU_1959_WHI,Vestidos Vestido de Festa SKU_1959_WHI,,Feminino,Vestidos,Vestido de Festa,739.9,235.29,,PV26,,,,
SKU_1960_BAL,Bijoux Colar SKU_1960_BAL,,Acessórios,Bijoux,Colar,174.9,57.58,,PV26,,,,
SKU_1960_NAV,Bijoux Colar SKU_1960_NAV,,Acessórios,Bijoux,Colar,174.9,57.58,,PV26,,,,
SKU_1961_LIG,Vestidos Vestido Curto SKU_1961_LIG,,Feminino,Vestidos,Vestido Curto,414.9,137.33,,PV26,,,,
SKU_1961_SHO,Vestidos Vestido Curto SKU_1961_SHO,,Feminino,Vestidos,Vestido Curto,414.9,137.33,,PV26,,,,
SKU_1962_FRE,Blusas Blusa Manga Curta SKU_1962_FRE,,Feminino,Blusas,Blusa Manga Curta,214.9,70.75,,PV26,,,,
SKU_1962_LIG,Blusas Blusa Manga Curta SKU_1962_LIG,,Feminino,Blusas,Blusa Manga Curta,214.9,70.75,,PV26,,,,
SKU_1963_IVO,Bolsas Bolsa Tote SKU_1963_IVO,,Acessórios,Bolsas,Bolsa Tote,694.9,196.07,,PV26,,,,
SKU_1963_SER,Bolsas Bolsa Tote SKU_1963_SER,,Acessórios,Bolsas,Bolsa Tote,694.9,196.07,,PV26,,,,
SKU_1964_BRI,Calças Calça Jeans SKU_1964_BRI,,Feminino,Calças,Calça Jeans,294.9,89.74,,PV26,,,,
SKU_1964_SAL,Calças Calça Jeans SKU_1964_SAL,,Feminino,Calças,Calça Jeans,294.9,89.74,,PV26,,,,
SKU_1965_DEN,Blusas Blusa Manga Curta SKU_1965_DEN,,Feminino,Blusas,Blusa Manga Curta,234.9,67.02,,PV26,,,,
SKU_1965_GAR,Blusas Blusa Manga Curta SKU_1965_GAR,,Feminino,Blusas,Blusa Manga Curta,234.9,67.02,,PV26,,,,
SKU_1966_CER,Bolsas Bolsa Tiracolo SKU_1966_CER,,Acessórios,Bolsas,Bolsa Tiracolo,674.9,200.45,,PV26,,,,
SKU_1966_FOR,Bolsas Bolsa Tiracolo SKU_1966_FOR,,Acessórios,Bolsas,Bolsa Tiracolo,674.9,200.45,,PV26,,,,
SKU_1967_BAB,Lenços Lenço Estampado SKU_1967_BAB,,Acessórios,Lenços,Lenço Estampado,194.9,76.48,,PV26,,,,
SKU_1967_PAL,Lenços Lenço Estampado SKU_1967_PAL,,Acessórios,Lenços,Lenço Estampado,194.9,76.48,,PV26,,,,
SKU_1968_JAD,Bijoux Colar SKU_1968_JAD,,Acessórios,Bijoux,Colar,174.9,57.89,,PV26,,,,
SKU_1968_PAS,Bijoux Colar SKU_1968_PAS,,Acessórios,Bijoux,Colar,174.9,57.89,,PV26,,,,
SKU_1969_SER,Vestidos Vestido Curto SKU_1969_SER,,Feminino,Vestidos,Vestido Curto,409.9,135.68,,PV26,,,,
SKU_1969_SNO,Vestidos Vestido Curto SKU_1969_SNO,,Feminino,Vestidos,Vestido Curto,409.9,135.68,,PV26,,,,
SKU_1970_PEA,Vestidos Vestido de Festa SKU_1970_PEA,,Feminino,Vestidos,Vestido de Festa,769.9,244.83,,PV26,,,,
SKU_1970_TUR,Vestidos Vestido de Festa SKU_1970_TUR,,Feminino,Vestidos,Vestido de Festa,769.9,244.83,,PV26,,,,
SKU_1971_PIN,Vestidos Vestido de Festa SKU_1971_PIN,,Feminino,Vestidos,Vestido de Festa,829.9,273.2,,PV26,,,,
SKU_1971_RAS,Vestidos Vestido de Festa SKU_1971_RAS,,Feminino,Vestidos,Vestido de Festa,829.9,273.2,,PV26,,,,
SKU_1972_AQU,Vestidos Vestido Curto SKU_1972_AQU,,Feminino,Vestidos,Vestido Curto,344.9,114.16,,PV26,,,,
SKU_1972_PAS,Vestidos Vestido Curto SKU_1972_PAS,,Feminino,Vestidos,Vestido Curto,344.9,114.16,,PV26,,,,
SKU_1973_MYS,Shorts e Bermudas Short Alfaiataria SKU_1973_MYS,,Feminino,Shorts e Bermudas,Short Alfaiataria,319.9,101.73,,PV26,,,,
SKU_1973_SKY,Shorts e Bermudas Short Alfaiataria SKU_1973_SKY,,Feminino,Shorts e Bermudas,Short Alfaiataria,319.9,101.73,,PV26,,,,
SKU_1974_JAD,Shorts e Bermudas Short Alfaiataria SKU_1974_JAD,,Feminino,Shorts e Bermudas,Short Alfaiataria,199.9,63.57,,PV26,,,,
SKU_1974_MIN,Shorts e Bermudas Short Alfaiataria SKU_1974_MIN,,Feminino,Shorts e Bermudas,Short Alfaiataria,199.9,63.57,,PV26,,,,
SKU_1975_MYS,Vestidos Vestido Midi SKU_1975_MYS,,Feminino,Vestidos,Vestido Midi,444.9,141.48,,PV26,,,,
SKU_1975_PAS,Vestidos Vestido Midi SKU_1975_PAS,,Feminino,Vestidos,Vestido Midi,444.9,141.48,,PV26,,,,
SKU_1976_JAD,Bolsas Bolsa Tiracolo SKU_1976_JAD,,Acessórios,Bolsas,Bolsa Tiracolo,539.9,177.74,,PV26,,,,
SKU_1976_SKY,Bolsas Bolsa Tiracolo SKU_1976_SKY,,Acessórios,Bolsas,Bolsa Tiracolo,539.9,177.74,,PV26,,,,
SKU_1977_NAV,Blusas Blusa Manga Curta SKU_1977_NAV,,Feminino,Blusas,Blusa Manga Curta,214.9,71.13,,PV26,,,,
SKU_1977_TEA,Blusas Blusa Manga Curta SKU_1977_TEA,,Feminino,Blusas,Blusa Manga Curta,214.9,71.13,,PV26,,,,
SKU_1978_BAL,Cintos Cinto de Couro SKU_1978_BAL,,Acessórios,Cintos,Cinto de Couro,249.9,82.72,,PV26,,,,
SKU_1978_ROS,Cintos Cinto de Couro SKU_1978_ROS,,Acessórios,Cintos,Cinto de Couro,249.9,82.72,,PV26,,,,
SKU_1979_DEN,T-shirts e Regatas T-shirt Estampada SKU_1979_DEN,,Feminino,T-shirts e Regatas,T-shirt Estampada,194.9,64.51,,PV26,,,,
SKU_1979_MAR,T-shirts e Regatas T-shirt Estampada SKU_1979_MAR,,Feminino,T-shirts e Regatas,T-shirt Estampada,194.9,64.51,,PV26,,,,
SKU_1980_DEE,T-shirts e Regatas T-shirt Estampada SKU_1980_DEE,,Feminino,T-shirts e Regatas,T-shirt Estampada,154.9,50.99,,PV26,,,,
SKU_1980_DEN,T-shirts e Regatas T-shirt Estampada SKU_1980_DEN,,Feminino,T-shirts e Regatas,T-shirt Estampada,154.9,50.99,,PV26,,,,
SKU_1981_FOR,Vestidos Vestido Midi SKU_1981_FOR,,Feminino,Vestidos,Vestido Midi,514.9,163.74,,PV26,,,,
SKU_1981_SEA,Vestidos Vestido Midi SKU_1981_SEA,,Feminino,Vestidos,Vestido Midi,514.9,163.74,,PV26,,,,
SKU_1982_PIS,Shorts e Bermudas Short Alfaiataria SKU_1982_PIS,,Feminino,Shorts e Bermudas,Short Alfaiataria,224.9,74.04,,PV26,,,,
SKU_1982_VAN,Shorts e Bermudas Short Alfaiataria SKU_1982_VAN,,Feminino,Shorts e Bermudas,Short Alfaiataria,224.9,74.04,,PV26,,,,
SKU_1983_GAR,Blusas Blusa Cropped SKU_1983_GAR,,Feminino,Blusas,Blusa Cropped,224.9,71.52,,PV26,,,,
SKU_1983_SAP,Blusas Blusa Cropped SKU_1983_SAP,,Feminino,Blusas,Blusa Cropped,224.9,71.52,,PV26,,,,
SKU_1984_PAS,Camisas Camisa Estampada SKU_1984_PAS,,Feminino,Camisas,Camisa Estampada,299.9,95.13,,PV26,,,,
SKU_1984_PIN,Camisas Camisa Estampada SKU_1984_PIN,,Feminino,Camisas,Camisa Estampada,299.9,95.13,,PV26,,,,
SKU_1985_PAS,Calças Calça Jeans SKU_1985_PAS,,Feminino,Calças,Calça Jeans,409.9,118.24,,PV26,,,,
SKU_1985_WHI,Calças Calça Jeans SKU_1985_WHI,,Feminino,Calças,Calça Jeans,409.9,118.24,,PV26,,,,
SKU_1986_BUB,Blusas Blusa Manga Curta SKU_1986_BUB,,Feminino,Blusas,Blusa Manga Curta,209.9,61.77,,PV26,,,,
SKU_1986_TEA,Blusas Blusa Manga Curta SKU_1986_TEA,,Feminino,Blusas,Blusa Manga Curta,209.9,61.77,,PV26,,,,
SKU_1987_CLO,Vestidos Vestido Longo SKU_1987_CLO,,Feminino,Vestidos,Vestido Longo,1119.9,355.01,,PV26,,,,
SKU_1987_MYS,Vestidos Vestido Longo SKU_1987_MYS,,Feminino,Vestidos,Vestido Longo,1119.9,355.01,,PV26,,,,
SKU_1988_WHI,Vestidos Vestido Midi SKU_1988_WHI,,Feminino,Vestidos,Vestido Midi,424.9,161.63,,PV26,,,,
SKU_1989_HOT,Camisas Camisa Alfaiataria SKU_1989_HOT,,Feminino,Camisas,Camisa Alfaiataria,349.9,115.19,,PV26,,,,
SKU_1989_MAG,Camisas Camisa Alfaiataria SKU_1989_MAG,,Feminino,Camisas,Camisa Alfaiataria,349.9,115.19,,PV26,,,,
SKU_1990_IVO,Saias Saia Curta SKU_1990_IVO,,Feminino,Saias,Saia Curta,179.9,59.55,,PV26,,,,
SKU_1990_LIM,Saias Saia Curta SKU_1990_LIM,,Feminino,Saias,Saia Curta,179.9,59.55,,PV26,,,,
SKU_1991_GAR,Vestidos Vestido Curto SKU_1991_GAR,,Feminino,Vestidos,Vestido Curto,299.9,95.37,,PV26,,,,
SKU_1991_PIN,Vestidos Vestido Curto SKU_1991_PIN,,Feminino,Vestidos,Vestido Curto,299.9,95.37,,PV26,,,,
SKU_1992_BAL,Vestidos Vestido Longo SKU_1992_BAL,,Feminino,Vestidos,Vestido Longo,924.9,304.48,,PV26,,,,
SKU_1992_DEE,Vestidos Vestido Longo SKU_1992_DEE,,Feminino,Vestidos,Vestido Longo,924.9,304.48,,PV26,,,,
SKU_1993_MEX,Shorts e Bermudas Short Jeans SKU_1993_MEX,,Feminino,Shorts e Bermudas,Short Jeans,204.9,65.16,,PV26,,,,
SKU_1993_SAP,Shorts e Bermudas Short Jeans SKU_1993_SAP,,Feminino,Shorts e Bermudas,Short Jeans,204.9,65.16,,PV26,,,,
SKU_1994_COB,Shorts e Bermudas Short Alfaiataria SKU_1994_COB,,Feminino,Shorts e Bermudas,Short Alfaiataria,269.9,73.75,,PV26,,,,
SKU_1994_LIM,Shorts e Bermudas Short Alfaiataria SKU_1994_LIM,,Feminino,Shorts e Bermudas,Short Alfaiataria,269.9,73.75,,PV26,,,,
SKU_1995_EME,Saias Saia Curta SKU_1995_EME,,Feminino,Saias,Saia Curta,234.9,71.44,,PV26,,,,
SKU_1995_WHI,Saias Saia Curta SKU_1995_WHI,,Feminino,Saias,Saia Curta,234.9,71.44,,PV26,,,,
SKU_1996_BLA,Shorts e Bermudas Short Jeans SKU_1996_BLA,,Feminino,Shorts e Bermudas,Short Jeans,244.9,65.46,,PV26,,,,
SKU_1996_SHO,Shorts e Bermudas Short Jeans SKU_1996_SHO,,Feminino,Shorts e Bermudas,Short Jeans,244.9,65.46,,PV26,,,,
SKU_1997_MID,Shorts e Bermudas Short Jeans SKU_1997_MID,,Feminino,Shorts e Bermudas,Short Jeans,189.9,60.2,,PV26,,,,
SKU_1997_SPA,Shorts e Bermudas Short Jeans SKU_1997_SPA,,Feminino,Shorts e Bermudas,Short Jeans,189.9,60.2,,PV26,,,,
SKU_1998_COR,Calças Calça Jeans SKU_1998_COR,,Feminino,Calças,Calça Jeans,354.9,135.0,,PV26,,,,
SKU_1998_SAL,Calças Calça Jeans SKU_1998_SAL,,Feminino,Calças,Calça Jeans,354.9,135.0,,PV26,,,,
SKU_1999_COB,Saias Saia Midi SKU_1999_COB,,Feminino,Saias,Saia Midi,234.9,77.75,,PV26,,,,
SKU_1999_SKY,Saias Saia Midi SKU_1999_SKY,,Feminino,Saias,Saia Midi,234.9,77.75,,PV26,,,,
SKU_2000_SAG,Saias Saia Midi SKU_2000_SAG,,Feminino,Saias,Saia Midi,214.9,70.75,,PV26,,,,
SKU_2000_SHO,Saias Saia Midi SKU_2000_SHO,,Feminino,Saias,Saia Midi,214.9,70.75,,PV26,,,,
SKU_2001_DEN,Calças Calça Jeans SKU_2001_DEN,,Feminino,Calças,Calça Jeans,384.9,122.4,,PV26,,,,
SKU_2001_MAR,Calças Calça Jeans SKU_2001_MAR,,Feminino,Calças,Calça Jeans,384.9,122.4,,PV26,,,,
SKU_2002_VAN,Cintos Cinto de Couro SKU_2002_VAN,,Acessórios,Cintos,Cinto de Couro,204.9,67.45,,PV26,,,,
SKU_2002_WHI,Cintos Cinto de Couro SKU_2002_WHI,,Acessórios,Cintos,Cinto de Couro,204.9,67.45,,PV26,,,,
SKU_2003_BAL,Blusas Body SKU_2003_BAL,,Feminino,Blusas,Body,239.9,79.41,,PV26,,,,
SKU_2003_FOR,Blusas Body SKU_2003_FOR,,Feminino,Blusas,Body,239.9,79.41,,PV26,,,,
SKU_2004_AQU,Shorts e Bermudas Short Jeans SKU_2004_AQU,,Feminino,Shorts e Bermudas,Short Jeans,224.9,62.79,,PV26,,,,
SKU_2004_MIN,Shorts e Bermudas Short Jeans SKU_2004_MIN,,Feminino,Shorts e Bermudas,Short Jeans,224.9,62.79,,PV26,,,,
SKU_2005_FUC,Shorts e Bermudas Short Jeans SKU_2005_FUC,,Feminino,Shorts e Bermudas,Short Jeans,179.9,50.76,,PV26,,,,
SKU_2005_TEA,Shorts e Bermudas Short Jeans SKU_2005_TEA,,Feminino,Shorts e Bermudas,Short Jeans,179.9,50.76,,PV26,,,,
SKU_2006_DEN,Vestidos Vestido de Festa SKU_2006_DEN,,Feminino,Vestidos,Vestido de Festa,904.9,241.88,,PV26,,,,
SKU_2006_PRI,Vestidos Vestido de Festa SKU_2006_PRI,,Feminino,Vestidos,Vestido de Festa,904.9,241.88,,PV26,,,,
SKU_2007_LIG,Shorts e Bermudas Short Alfaiataria SKU_2007_LIG,,Feminino,Shorts e Bermudas,Short Alfaiataria,209.9,62.34,,PV26,,,,
SKU_2007_SAG,Shorts e Bermudas Short Alfaiataria SKU_2007_SAG,,Feminino,Shorts e Bermudas,Short Alfaiataria,209.9,62.34,,PV26,,,,
SKU_2008_HOT,Shorts e Bermudas Bermuda SKU_2008_HOT,,Feminino,Shorts e Bermudas,Bermuda,244.9,87.28,,PV26,,,,
SKU_2008_SAL,Shorts e Bermudas Bermuda SKU_2008_SAL,,Feminino,Shorts e Bermudas,Bermuda,244.9,87.28,,PV26,,,,
SKU_2009_DUS,Blusas Blusa Cropped SKU_2009_DUS,,Feminino,Blusas,Blusa Cropped,249.9,95.0,,PV26,,,,
SKU_2009_WHI,Blusas Blusa Cropped SKU_2009_WHI,,Feminino,Blusas,Blusa Cropped,249.9,95.0,,PV26,,,,
SKU_2010_BIR,Vestidos Vestido Longo SKU_2010_BIR,,Feminino,Vestidos,Vestido Longo,919.9,304.49,,PV26,,,,
SKU_2010_SPA,Vestidos Vestido Longo SKU_2010_SPA,,Feminino,Vestidos,Vestido Longo,919.9,304.49,,PV26,,,,
SKU_2011_PIN,Shorts e Bermudas Short Alfaiataria SKU_2011_PIN,,Feminino,Shorts e Bermudas,Short Alfaiataria,254.9,83.91,,PV26,,,,
SKU_2011_TUR,Shorts e Bermudas Short Alfaiataria SKU_2011_TUR,,Feminino,Shorts e Bermudas,Short Alfaiataria,254.9,83.91,,PV26,,,,
SKU_2012_ROY,Vestidos Vestido Longo SKU_2012_ROY,,Feminino,Vestidos,Vestido Longo,819.9,260.73,,PV26,,,,
SKU_2012_SKY,Vestidos Vestido Longo SKU_2012_SKY,,Feminino,Vestidos,Vestido Longo,819.9,260.73,,PV26,,,,
SKU_2013_MYS,Blusas Blusa Manga Curta SKU_2013_MYS,,Feminino,Blusas,Blusa Manga Curta,184.9,61.2,,PV26,,,,
SKU_2013_TEA,Blusas Blusa Manga Curta SKU_2013_TEA,,Feminino,Blusas,Blusa Manga Curta,184.9,61.2,,PV26,,,,
SKU_2014_BLA,Vestidos Vestido Curto SKU_2014_BLA,,Feminino,Vestidos,Vestido Curto,319.9,105.31,,PV26,,,,
SKU_2014_BRI,Vestidos Vestido Curto SKU_2014_BRI,,Feminino,Vestidos,Vestido Curto,319.9,105.31,,PV26,,,,
SKU_2015_HUN,Calças Calça Jeans SKU_2015_HUN,,Feminino,Calças,Calça Jeans,314.9,100.14,,PV26,,,,
SKU_2015_OLI,Calças Calça Jeans SKU_2015_OLI,,Feminino,Calças,Calça Jeans,314.9,100.14,,PV26,,,,
SKU_2016_PEA,Lenços Lenço Estampado SKU_2016_PEA,,Acessórios,Lenços,Lenço Estampado,224.9,74.04,,PV26,,,,
SKU_2016_SAP,Lenços Lenço Estampado SKU_2016_SAP,,Acessórios,Lenços,Lenço Estampado,224.9,74.04,,PV26,,,,
SKU_2017_FRE,Vestidos Vestido Curto SKU_2017_FRE,,Feminino,Vestidos,Vestido Curto,284.9,93.79,,PV26,,,,
SKU_2017_SHO,Vestidos Vestido Curto SKU_2017_SHO,,Feminino,Vestidos,Vestido Curto,284.9,93.79,,PV26,,,,
SKU_2018_BAB,Vestidos Vestido Midi SKU_2018_BAB,,Feminino,Vestidos,Vestido Midi,479.9,157.98,,PV26,,,,
SKU_2018_OFF,Vestidos Vestido Midi SKU_2018_OFF,,Feminino,Vestidos,Vestido Midi,479.9,157.98,,PV26,,,,
SKU_2019_SAG,Vestidos Vestido Midi SKU_2019_SAG,,Feminino,Vestidos,Vestido Midi,549.9,182.02,,PV26,,,,
SKU_2019_TUR,Vestidos Vestido Midi SKU_2019_TUR,,Feminino,Vestidos,Vestido Midi,549.9,182.02,,PV26,,,,
SKU_2020_BAB,Camisas Camisa Estampada SKU_2020_BAB,,Feminino,Camisas,Camisa Estampada,234.9,74.7,,PV26,,,,
SKU_2020_FOR,Camisas Camisa Estampada SKU_2020_FOR,,Feminino,Camisas,Camisa Estampada,234.9,74.7,,PV26,,,,
SKU_2021_NAV,Shorts e Bermudas Short Alfaiataria SKU_2021_NAV,,Feminino,Shorts e Bermudas,Short Alfaiataria,189.9,62.86,,PV26,,,,
SKU_2021_SAL,Shorts e Bermudas Short Alfaiataria SKU_2021_SAL,,Feminino,Shorts e Bermudas,Short Alfaiataria,189.9,62.86,,PV26,,,,
SKU_2022_ROY,Camisas Camisa Alfaiataria SKU_2022_ROY,,Feminino,Camisas,Camisa Alfaiataria,279.9,89.01,,PV26,,,,
SKU_2022_SHO,Camisas Camisa Alfaiataria SKU_2022_SHO,,Feminino,Camisas,Camisa Alfaiataria,279.9,89.01,,PV26,,,,
SKU_2023_MID,T-shirts e Regatas T-shirt Básica SKU_2023_MID,,Feminino,T-shirts e Regatas,T-shirt Básica,159.9,52.93,,PV26,,,,
SKU_2023_SPA,T-shirts e Regatas T-shirt Básica SKU_2023_SPA,,Feminino,T-shirts e Regatas,T-shirt Básica,159.9,52.93,,PV26,,,,
SKU_2024_LIG,Vestidos Vestido Curto SKU_2024_LIG,,Feminino,Vestidos,Vestido Curto,384.9,122.4,,PV26,,,,
SKU_2024_MIN,Vestidos Vestido Curto SKU_2024_MIN,,Feminino,Vestidos,Vestido Curto,384.9,122.4,,PV26,,,,
SKU_2025_BAB,Lenços Lenço Estampado SKU_2025_BAB,,Acessórios,Lenços,Lenço Estampado,229.9,69.96,,PV26,,,,
SKU_2025_SAP,Lenços Lenço Estampado SKU_2025_SAP,,Acessórios,Lenços,Lenço Estampado,229.9,69.96,,PV26,,,,
SKU_2026_HON,Vestidos Vestido Longo SKU_2026_HON,,Feminino,Vestidos,Vestido Longo,1029.9,316.68,,PV26,,,,
SKU_2026_ROY,Vestidos Vestido Longo SKU_2026_ROY,,Feminino,Vestidos,Vestido Longo,1029.9,316.68,,PV26,,,,
SKU_2027_CLE,Camisas Camisa Alfaiataria SKU_2027_CLE,,Feminino,Camisas,Camisa Alfaiataria,349.9,99.83,,PV26,,,,
SKU_2027_MAR,Camisas Camisa Alfaiataria SKU_2027_MAR,,Feminino,Camisas,Camisa Alfaiataria,349.9,99.83,,PV26,,,,
SKU_2028_PAL,Camisas Camisa Alfaiataria SKU_2028_PAL,,Feminino,Camisas,Camisa Alfaiataria,244.9,72.74,,PV26,,,,
SKU_2028_PIS,Camisas Camisa Alfaiataria SKU_2028_PIS,,Feminino,Camisas,Camisa Alfaiataria,244.9,72.74,,PV26,,,,
SKU_2029_BAB,Vestidos Vestido de Festa SKU_2029_BAB,,Feminino,Vestidos,Vestido de Festa,964.9,347.07,,PV26,,,,
SKU_2029_PRI,Vestidos Vestido de Festa SKU_2029_PRI,,Feminino,Vestidos,Vestido de Festa,964.9,347.07,,PV26,,,,
SKU_2030_BRI,Calças Calça Jeans SKU_2030_BRI,,Feminino,Calças,Calça Jeans,344.9,131.2,,PV26,,,,
SKU_2030_SER,Calças Calça Jeans SKU_2030_SER,,Feminino,Calças,Calça Jeans,344.9,131.2,,PV26,,,,
SKU_2031_NAV,Calças Calça Jeans SKU_2031_NAV,,Feminino,Calças,Calça Jeans,349.9,135.1,,PV26,,,,
SKU_2031_SNO,Calças Calça Jeans SKU_2031_SNO,,Feminino,Calças,Calça Jeans,349.9,135.1,,PV26,,,,
SKU_2032_LIM,Saias Saia Midi SKU_2032_LIM,,Feminino,Saias,Saia Midi,254.9,83.91,,PV26,,,,
SKU_2032_WHI,Saias Saia Midi SKU_2032_WHI,,Feminino,Saias,Saia Midi,254.9,83.91,,PV26,,,,
SKU_2033_PRI,Camisas Camisa Alfaiataria SKU_2033_PRI,,Feminino,Camisas,Camisa Alfaiataria,309.9,99.31,,PV26,,,,
SKU_2033_RAS,Camisas Camisa Alfaiataria SKU_2033_RAS,,Feminino,Camisas,Camisa Alfaiataria,309.9,99.31,,PV26,,,,
SKU_2034_DUS,T-shirts e Regatas T-shirt Básica SKU_2034_DUS,,Feminino,T-shirts e Regatas,T-shirt Básica,169.9,54.56,,PV26,,,,
SKU_2034_PAS,T-shirts e Regatas T-shirt Básica SKU_2034_PAS,,Feminino,T-shirts e Regatas,T-shirt Básica,169.9,54.56,,PV26,,,,
SKU_2035_AQU,Blusas Blusa Manga Curta SKU_2035_AQU,,Feminino,Blusas,Blusa Manga Curta,224.9,66.19,,PV26,,,,
SKU_2035_LIG,Blusas Blusa Manga Curta SKU_2035_LIG,,Feminino,Blusas,Blusa Manga Curta,224.9,66.19,,PV26,,,,
SKU_2036_MAR,Lenços Lenço Estampado SKU_2036_MAR,,Acessórios,Lenços,Lenço Estampado,239.9,78.45,,PV26,,,,
SKU_2036_SPA,Lenços Lenço Estampado SKU_2036_SPA,,Acessórios,Lenços,Lenço Estampado,239.9,78.45,,PV26,,,,
SKU_2037_SEA,Bolsas Bolsa Tiracolo SKU_2037_SEA,,Acessórios,Bolsas,Bolsa Tiracolo,724.9,258.35,,PV26,,,,
SKU_2037_SNO,Bolsas Bolsa Tiracolo SKU_2037_SNO,,Acessórios,Bolsas,Bolsa Tiracolo,724.9,258.35,,PV26,,,,
SKU_2038_COB,Vestidos Vestido de Festa SKU_2038_COB,,Feminino,Vestidos,Vestido de Festa,1134.9,375.65,,PV26,,,,
SKU_2038_OFF,Vestidos Vestido de Festa SKU_2038_OFF,,Feminino,Vestidos,Vestido de Festa,1134.9,375.65,,PV26,,,,
SKU_2039_EME,Vestidos Vestido de Festa SKU_2039_EME,,Feminino,Vestidos,Vestido de Festa,1024.9,339.24,,PV26,,,,
SKU_2039_OLI,Vestidos Vestido de Festa SKU_2039_OLI,,Feminino,Vestidos,Vestido de Festa,1024.9,339.24,,PV26,,,,
SKU_2040_BIR,Calças Calça Pantalona SKU_2040_BIR,,Feminino,Calças,Calça Pantalona,294.9,97.61,,PV26,,,,
SKU_2040_MIN,Calças Calça Pantalona SKU_2040_MIN,,Feminino,Calças,Calça Pantalona,294.9,97.61,,PV26,,,,
SKU_2041_MOS,Saias Saia Midi SKU_2041_MOS,,Feminino,Saias,Saia Midi,219.9,72.39,,PV26,,,,
SKU_2041_POW,Saias Saia Midi SKU_2041_POW,,Feminino,Saias,Saia Midi,219.9,72.39,,PV26,,,,
SKU_2042_SER,Vestidos Vestido de Festa SKU_2042_SER,,Feminino,Vestidos,Vestido de Festa,764.9,253.18,,PV26,,,,
SKU_2042_WHI,Vestidos Vestido de Festa SKU_2042_WHI,,Feminino,Vestidos,Vestido de Festa,764.9,253.18,,PV26,,,,
SKU_2043_ROS,Vestidos Vestido Curto SKU_2043_ROS,,Feminino,Vestidos,Vestido Curto,349.9,104.76,,PV26,,,,
SKU_2043_WHI,Vestidos Vestido Curto SKU_2043_WHI,,Feminino,Vestidos,Vestido Curto,349.9,104.76,,PV26,,,,
SKU_2044_COB,Camisas Camisa Estampada SKU_2044_COB,,Feminino,Camisas,Camisa Estampada,249.9,72.87,,PV26,,,,
SKU_2044_PAS,Camisas Camisa Estampada SKU_2044_PAS,,Feminino,Camisas,Camisa Estampada,249.9,72.87,,PV26,,,,
SKU_2045_AQU,Bijoux Brinco SKU_2045_AQU,,Acessórios,Bijoux,Brinco,194.9,57.36,,PV26,,,,
SKU_2045_MID,Bijoux Brinco SKU_2045_MID,,Acessórios,Bijoux,Brinco,194.9,57.36,,PV26,,,,
SKU_2046_BLA,Vestidos Vestido Midi SKU_2046_BLA,,Feminino,Vestidos,Vestido Midi,514.9,152.93,,PV26,,,,
SKU_2046_MAR,Vestidos Vestido Midi SKU_2046_MAR,,Feminino,Vestidos,Vestido Midi,514.9,152.93,,PV26,,,,
SKU_2047_FUC,Vestidos Vestido Longo SKU_2047_FUC,,Feminino,Vestidos,Vestido Longo,1124.9,427.91,,PV26,,,,
SKU_2047_HUN,Vestidos Vestido Longo SKU_2047_HUN,,Feminino,Vestidos,Vestido Longo,1124.9,427.91,,PV26,,,,
SKU_2048_FOR,Vestidos Vestido Curto SKU_2048_FOR,,Feminino,Vestidos,Vestido Curto,384.9,126.71,,PV26,,,,
SKU_2048_MAR,Vestidos Vestido Curto SKU_2048_MAR,,Feminino,Vestidos,Vestido Curto,384.9,126.71,,PV26,,,,
SKU_2049_PAS,Blusas Body SKU_2049_PAS,,Feminino,Blusas,Body,214.9,68.34,,PV26,,,,
SKU_2049_TEA,Blusas Body SKU_2049_TEA,,Feminino,Blusas,Body,214.9,68.34,,PV26,,,,
SKU_2050_BLU,Macacões Macacão Longo SKU_2050_BLU,,Feminino,Macacões,Macacão Longo,454.9,150.57,,PV26,,,,
SKU_2050_MOS,Macacões Macacão Longo SKU_2050_MOS,,Feminino,Macacões,Macacão Longo,454.9,150.57,,PV26,,,,
SKU_2051_FOR,Vestidos Vestido de Festa SKU_2051_FOR,,Feminino,Vestidos,Vestido de Festa,769.9,253.45,,PV26,,,,
SKU_2051_MEX,Vestidos Vestido de Festa SKU_2051_MEX,,Feminino,Vestidos,Vestido de Festa,769.9,253.45,,PV26,,,,
SKU_2052_FLA,Saias Saia Midi SKU_2052_FLA,,Feminino,Saias,Saia Midi,299.9,95.37,,PV26,,,,
SKU_2052_NAV,Saias Saia Midi SKU_2052_NAV,,Feminino,Saias,Saia Midi,299.9,95.37,,PV26,,,,
SKU_2053_DEN,Vestidos Vestido Curto SKU_2053_DEN,,Feminino,Vestidos,Vestido Curto,349.9,105.65,,PV26,,,,
SKU_2053_EGR,Vestidos Vestido Curto SKU_2053_EGR,,Feminino,Vestidos,Vestido Curto,349.9,105.65,,PV26,,,,
SKU_2054_ROY,Vestidos Vestido Curto SKU_2054_ROY,,Feminino,Vestidos,Vestido Curto,409.9,123.96,,PV26,,,,
SKU_2054_SAL,Vestidos Vestido Curto SKU_2054_SAL,,Feminino,Vestidos,Vestido Curto,409.9,123.96,,PV26,,,,
SKU_2055_RAS,Vestidos Vestido Midi SKU_2055_RAS,,Feminino,Vestidos,Vestido Midi,459.9,122.93,,PV26,,,,
SKU_2055_SAP,Vestidos Vestido Midi SKU_2055_SAP,,Feminino,Vestidos,Vestido Midi,459.9,122.93,,PV26,,,,
SKU_2056_DEN,Vestidos Vestido de Festa SKU_2056_DEN,,Feminino,Vestidos,Vestido de Festa,1034.9,338.41,,PV26,,,,
SKU_2056_SKY,Vestidos Vestido de Festa SKU_2056_SKY,,Feminino,Vestidos,Vestido de Festa,1034.9,338.41,,PV26,,,,
SKU_2057_SNO,Bolsas Bolsa Tote SKU_2057_SNO,,Acessórios,Bolsas,Bolsa Tote,944.9,359.44,,PV26,,,,
SKU_2057_VAN,Bolsas Bolsa Tote SKU_2057_VAN,,Acessórios,Bolsas,Bolsa Tote,944.9,359.44,,PV26,,,,
SKU_2058_BUB,Saias Saia Midi SKU_2058_BUB,,Feminino,Saias,Saia Midi,209.9,69.1,,PV26,,,,
SKU_2058_MOS,Saias Saia Midi SKU_2058_MOS,,Feminino,Saias,Saia Midi,209.9,69.1,,PV26,,,,
SKU_2059_SNO,Vestidos Vestido Midi SKU_2059_SNO,,Feminino,Vestidos,Vestido Midi,639.9,203.49,,PV26,,,,
SKU_2059_WHI,Vestidos Vestido Midi SKU_2059_WHI,,Feminino,Vestidos,Vestido Midi,639.9,203.49,,PV26,,,,
SKU_2060_MEX,Bolsas Bolsa Tote SKU_2060_MEX,,Acessórios,Bolsas,Bolsa Tote,934.9,297.3,,PV26,,,,
SKU_2060_VAN,Bolsas Bolsa Tote SKU_2060_VAN,,Acessórios,Bolsas,Bolsa Tote,934.9,297.3,,PV26,,,,
SKU_2061_BRI,Blusas Blusa Manga Curta SKU_2061_BRI,,Feminino,Blusas,Blusa Manga Curta,209.9,69.1,,PV26,,,,
SKU_2061_POW,Blusas Blusa Manga Curta SKU_2061_POW,,Feminino,Blusas,Blusa Manga Curta,209.9,69.1,,PV26,,,,
SKU_2062_BAB,Bijoux Brinco SKU_2062_BAB,,Acessórios,Bijoux,Brinco,139.9,46.06,,PV26,,,,
SKU_2062_DUS,Bijoux Brinco SKU_2062_DUS,,Acessórios,Bijoux,Brinco,139.9,46.06,,PV26,,,,
SKU_2063_POW,Blusas Body SKU_2063_POW,,Feminino,Blusas,Body,219.9,72.79,,PV26,,,,
SKU_2063_SHO,Blusas Body SKU_2063_SHO,,Feminino,Blusas,Body,219.9,72.79,,PV26,,,,
SKU_2064_PIS,Vestidos Vestido Curto SKU_2064_PIS,,Feminino,Vestidos,Vestido Curto,399.9,131.65,,PV26,,,,
SKU_2064_SAP,Vestidos Vestido Curto SKU_2064_SAP,,Feminino,Vestidos,Vestido Curto,399.9,131.65,,PV26,,,,
SKU_2065_DUS,Shorts e Bermudas Short Alfaiataria SKU_2065_DUS,,Feminino,Shorts e Bermudas,Short Alfaiataria,199.9,65.81,,PV26,,,,
SKU_2065_OFF,Shorts e Bermudas Short Alfaiataria SKU_2065_OFF,,Feminino,Shorts e Bermudas,Short Alfaiataria,199.9,65.81,,PV26,,,,
SKU_2066_BLA,Calças Calça Jeans SKU_2066_BLA,,Feminino,Calças,Calça Jeans,474.9,157.19,,PV26,,,,
SKU_2066_TEA,Calças Calça Jeans SKU_2066_TEA,,Feminino,Calças,Calça Jeans,474.9,157.19,,PV26,,,,
SKU_2067_DUS,Vestidos Vestido Curto SKU_2067_DUS,,Feminino,Vestidos,Vestido Curto,349.9,111.27,,PV26,,,,
SKU_2067_MIN,Vestidos Vestido Curto SKU_2067_MIN,,Feminino,Vestidos,Vestido Curto,349.9,111.27,,PV26,,,,
SKU_2068_HON,Vestidos Vestido Midi SKU_2068_HON,,Feminino,Vestidos,Vestido Midi,404.9,133.29,,PV26,,,,
SKU_2068_IVO,Vestidos Vestido Midi SKU_2068_IVO,,Feminino,Vestidos,Vestido Midi,404.9,133.29,,PV26,,,,
SKU_2069_BUB,Blusas Body SKU_2069_BUB,,Feminino,Blusas,Body,219.9,69.93,,PV26,,,,
SKU_2069_TEA,Blusas Body SKU_2069_TEA,,Feminino,Blusas,Body,219.9,69.93,,PV26,,,,
SKU_2070_COR,Blusas Blusa Cropped SKU_2070_COR,,Feminino,Blusas,Blusa Cropped,214.9,70.75,,PV26,,,,
SKU_2070_SPA,Blusas Blusa Cropped SKU_2070_SPA,,Feminino,Blusas,Blusa Cropped,214.9,70.75,,PV26,,,,
SKU_2071_PAS,Calças Calça Jeans SKU_2071_PAS,,Feminino,Calças,Calça Jeans,259.9,85.56,,PV26,,,,
SKU_2071_PEA,Calças Calça Jeans SKU_2071_PEA,,Feminino,Calças,Calça Jeans,259.9,85.56,,PV26,,,,
SKU_2072_BAB,Camisas Camisa Alfaiataria SKU_2072_BAB,,Feminino,Camisas,Camisa Alfaiataria,269.9,89.34,,PV26,,,,
SKU_2072_MIN,Camisas Camisa Alfaiataria SKU_2072_MIN,,Feminino,Camisas,Camisa Alfaiataria,269.9,89.34,,PV26,,,,
SKU_2073_HUN,Cintos Cinto de Couro SKU_2073_HUN,,Acessórios,Cintos,Cinto de Couro,289.9,95.44,,PV26,,,,
SKU_2073_PAL,Cintos Cinto de Couro SKU_2073_PAL,,Acessórios,Cintos,Cinto de Couro,289.9,95.44,,PV26,,,,
SKU_2074_ARM,Blusas Body SKU_2074_ARM,,Feminino,Blusas,Body,264.9,73.52,,PV26,,,,
SKU_2074_PAS,Blusas Body SKU_2074_PAS,,Feminino,Blusas,Body,264.9,73.52,,PV26,,,,
SKU_2075_COB,Saias Saia Midi SKU_2075_COB,,Feminino,Saias,Saia Midi,239.9,71.24,,PV26,,,,
SKU_2075_COR,Saias Saia Midi SKU_2075_COR,,Feminino,Saias,Saia Midi,239.9,71.24,,PV26,,,,
SKU_2076_MIN,Calças Calça Jeans SKU_2076_MIN,,Feminino,Calças,Calça Jeans,474.9,126.94,,PV26,,,,
SKU_2076_SAG,Calças Calça Jeans SKU_2076_SAG,,Feminino,Calças,Calça Jeans,474.9,126.94,,PV26,,,,
SKU_2077_MOS,Lenços Lenço Estampado SKU_2077_MOS,,Acessórios,Lenços,Lenço Estampado,204.9,67.0,,PV26,,,,
SKU_2077_PIS,Lenços Lenço Estampado SKU_2077_PIS,,Acessórios,Lenços,Lenço Estampado,204.9,67.0,,PV26,,,,
SKU_2078_ARM,Camisas Camisa Estampada SKU_2078_ARM,,Feminino,Camisas,Camisa Estampada,239.9,91.26,,PV26,,,,
SKU_2078_CLE,Camisas Camisa Estampada SKU_2078_CLE,,Feminino,Camisas,Camisa Estampada,239.9,91.26,,PV26,,,,
SKU_2079_TUR,Vestidos Vestido Longo SKU_2079_TUR,,Feminino,Vestidos,Vestido Longo,1069.9,352.21,,PV26,,,,
SKU_2079_WHI,Vestidos Vestido Longo SKU_2079_WHI,,Feminino,Vestidos,Vestido Longo,1069.9,352.21,,PV26,,,,
SKU_2080_FLA,Blusas Blusa Manga Curta SKU_2080_FLA,,Feminino,Blusas,Blusa Manga Curta,239.9,78.98,,PV26,,,,
SKU_2080_VAN,Blusas Blusa Manga Curta SKU_2080_VAN,,Feminino,Blusas,Blusa Manga Curta,239.9,78.98,,PV26,,,,
SKU_2081_HUN,Calças Calça Jeans SKU_2081_HUN,,Feminino,Calças,Calça Jeans,389.9,123.99,,PV26,,,,
SKU_2081_PAL,Calças Calça Jeans SKU_2081_PAL,,Feminino,Calças,Calça Jeans,389.9,123.99,,PV26,,,,
SKU_2082_HON,Vestidos Vestido Midi SKU_2082_HON,,Feminino,Vestidos,Vestido Midi,509.9,168.78,,PV26,,,,
SKU_2082_PAS,Vestidos Vestido Midi SKU_2082_PAS,,Feminino,Vestidos,Vestido Midi,509.9,168.78,,PV26,,,,
SKU_2083_GAR,Lenços Lenço Estampado SKU_2083_GAR,,Acessórios,Lenços,Lenço Estampado,234.9,77.33,,PV26,,,,
SKU_2083_VAN,Lenços Lenço Estampado SKU_2083_VAN,,Acessórios,Lenços,Lenço Estampado,234.9,77.33,,PV26,,,,
SKU_2084_GAR,Calças Calça Jeans SKU_2084_GAR,,Feminino,Calças,Calça Jeans,254.9,78.62,,PV26,,,,
SKU_2084_MAR,Calças Calça Jeans SKU_2084_MAR,,Feminino,Calças,Calça Jeans,254.9,78.62,,PV26,,,,
SKU_2085_ARM,Vestidos Vestido Midi SKU_2085_ARM,,Feminino,Vestidos,Vestido Midi,454.9,142.0,,PV26,,,,
SKU_2085_OLI,Vestidos Vestido Midi SKU_2085_OLI,,Feminino,Vestidos,Vestido Midi,454.9,142.0,,PV26,,,,
SKU_2086_MAG,Camisas Camisa Alfaiataria SKU_2086_MAG,,Feminino,Camisas,Camisa Alfaiataria,324.9,86.85,,PV26,,,,
SKU_2086_SHO,Camisas Camisa Alfaiataria SKU_2086_SHO,,Feminino,Camisas,Camisa Alfaiataria,324.9,86.85,,PV26,,,,
SKU_2087_CER,Camisas Camisa Alfaiataria SKU_2087_CER,,Feminino,Camisas,Camisa Alfaiataria,249.9,81.72,,PV26,,,,
SKU_2087_DEN,Camisas Camisa Alfaiataria SKU_2087_DEN,,Feminino,Camisas,Camisa Alfaiataria,249.9,81.72,,PV26,,,,
SKU_2088_DUS,Vestidos Vestido Longo SKU_2088_DUS,,Feminino,Vestidos,Vestido Longo,1094.9,416.5,,PV26,,,,
SKU_2088_VAN,Vestidos Vestido Longo SKU_2088_VAN,,Feminino,Vestidos,Vestido Longo,1094.9,416.5,,PV26,,,,
SKU_2089_CLO,Calças Calça Pantalona SKU_2089_CLO,,Feminino,Calças,Calça Pantalona,494.9,163.81,,PV26,,,,
SKU_2089_EGR,Calças Calça Pantalona SKU_2089_EGR,,Feminino,Calças,Calça Pantalona,494.9,163.81,,PV26,,,,
SKU_2090_BUB,Saias Saia Midi SKU_2090_BUB,,Feminino,Saias,Saia Midi,264.9,87.68,,PV26,,,,
SKU_2090_LIG,Saias Saia Midi SKU_2090_LIG,,Feminino,Saias,Saia Midi,264.9,87.68,,PV26,,,,
SKU_2091_AQU,Blusas Blusa Cropped SKU_2091_AQU,,Feminino,Blusas,Blusa Cropped,239.9,79.41,,PV26,,,,
SKU_2091_BIR,Blusas Blusa Cropped SKU_2091_BIR,,Feminino,Blusas,Blusa Cropped,239.9,79.41,,PV26,,,,
SKU_2092_EGR,Calças Calça Jeans SKU_2092_EGR,,Feminino,Calças,Calça Jeans,274.9,87.42,,PV26,,,,
SKU_2092_FUC,Calças Calça Jeans SKU_2092_FUC,,Feminino,Calças,Calça Jeans,274.9,87.42,,PV26,,,,
SKU_2093_MYS,Lenços Lenço Estampado SKU_2093_MYS,,Acessórios,Lenços,Lenço Estampado,224.9,74.04,,PV26,,,,
SKU_2093_SKY,Lenços Lenço Estampado SKU_2093_SKY,,Acessórios,Lenços,Lenço Estampado,224.9,74.04,,PV26,,,,
SKU_2094_MYS,T-shirts e Regatas T-shirt Estampada SKU_2094_MYS,,Feminino,T-shirts e Regatas,T-shirt Estampada,184.9,56.19,,PV26,,,,
SKU_2094_OLI,T-shirts e Regatas T-shirt Estampada SKU_2094_OLI,,Feminino,T-shirts e Regatas,T-shirt Estampada,184.9,56.19,,PV26,,,,
SKU_2095_CLO,Shorts e Bermudas Bermuda SKU_2095_CLO,,Feminino,Shorts e Bermudas,Bermuda,239.9,73.25,,PV26,,,,
SKU_2095_SEA,Shorts e Bermudas Bermuda SKU_2095_SEA,,Feminino,Shorts e Bermudas,Bermuda,239.9,73.25,,PV26,,,,
SKU_2096_SNO,Blusas Blusa Cropped SKU_2096_SNO,,Feminino,Blusas,Blusa Cropped,259.9,76.49,,PV26,,,,
SKU_2096_TEA,Blusas Blusa Cropped SKU_2096_TEA,,Feminino,Blusas,Blusa Cropped,259.9,76.49,,PV26,,,,
SKU_2097_ROS,T-shirts e Regatas T-shirt Estampada SKU_2097_ROS,,Feminino,T-shirts e Regatas,T-shirt Estampada,199.9,59.37,,PV26,,,,
SKU_2097_SPA,T-shirts e Regatas T-shirt Estampada SKU_2097_SPA,,Feminino,T-shirts e Regatas,T-shirt Estampada,199.9,59.37,,PV26,,,,
SKU_2098_EME,Shorts e Bermudas Short Alfaiataria SKU_2098_EME,,Feminino,Shorts e Bermudas,Short Alfaiataria,294.9,115.72,,PV26,,,,
SKU_2098_SPA,Shorts e Bermudas Short Alfaiataria SKU_2098_SPA,,Feminino,Shorts e Bermudas,Short Alfaiataria,294.9,115.72,,PV26,,,,
SKU_2099_DEE,Shorts e Bermudas Short Jeans SKU_2099_DEE,,Feminino,Shorts e Bermudas,Short Jeans,269.9,89.34,,PV26,,,,
SKU_2099_LIG,Shorts e Bermudas Short Jeans SKU_2099_LIG,,Feminino,Shorts e Bermudas,Short Jeans,269.9,89.34,,PV26,,,,
SKU_2100_BLU,Vestidos Vestido Longo SKU_2100_BLU,,Feminino,Vestidos,Vestido Longo,1014.9,334.11,,PV26,,,,
SKU_2100_MAG,Vestidos Vestido Longo SKU_2100_MAG,,Feminino,Vestidos,Vestido Longo,1014.9,334.11,,PV26,,,,
SKU_2101_BUB,Blusas Blusa Manga Curta SKU_2101_BUB,,Feminino,Blusas,Blusa Manga Curta,244.9,81.06,,PV26,,,,
SKU_2101_PAS,Blusas Blusa Manga Curta SKU_2101_PAS,,Feminino,Blusas,Blusa Manga Curta,244.9,81.06,,PV26,,,,
SKU_2102_CLO,Vestidos Vestido Longo SKU_2102_CLO,,Feminino,Vestidos,Vestido Longo,744.9,236.88,,PV26,,,,
SKU_2102_WHI,Vestidos Vestido Longo SKU_2102_WHI,,Feminino,Vestidos,Vestido Longo,744.9,236.88,,PV26,,,,
SKU_2103_FUC,Bolsas Bolsa Tiracolo SKU_2103_FUC,,Acessórios,Bolsas,Bolsa Tiracolo,469.9,149.43,,PV26,,,,
SKU_2103_RAS,Bolsas Bolsa Tiracolo SKU_2103_RAS,,Acessórios,Bolsas,Bolsa Tiracolo,469.9,149.43,,PV26,,,,
SKU_2104_LIG,Shorts e Bermudas Short Jeans SKU_2104_LIG,,Feminino,Shorts e Bermudas,Short Jeans,224.9,71.52,,PV26,,,,
SKU_2104_PEA,Shorts e Bermudas Short Jeans SKU_2104_PEA,,Feminino,Shorts e Bermudas,Short Jeans,224.9,71.52,,PV26,,,,
SKU_2105_LIG,Vestidos Vestido Curto SKU_2105_LIG,,Feminino,Vestidos,Vestido Curto,339.9,108.09,,PV26,,,,
SKU_2105_RAS,Vestidos Vestido Curto SKU_2105_RAS,,Feminino,Vestidos,Vestido Curto,339.9,108.09,,PV26,,,,
SKU_2106_FUC,Camisas Camisa Estampada SKU_2106_FUC,,Feminino,Camisas,Camisa Estampada,234.9,77.33,,PV26,,,,
SKU_2106_HON,Camisas Camisa Estampada SKU_2106_HON,,Feminino,Camisas,Camisa Estampada,234.9,77.33,,PV26,,,,
SKU_2107_SNO,Calças Calça Pantalona SKU_2107_SNO,,Feminino,Calças,Calça Pantalona,424.9,140.64,,PV26,,,,
SKU_2107_WHI,Calças Calça Pantalona SKU_2107_WHI,,Feminino,Calças,Calça Pantalona,424.9,140.64,,PV26,,,,
SKU_2108_BLU,Shorts e Bermudas Short Alfaiataria SKU_2108_BLU,,Feminino,Shorts e Bermudas,Short Alfaiataria,299.9,95.37,,PV26,,,,
SKU_2108_MAR,Shorts e Bermudas Short Alfaiataria SKU_2108_MAR,,Feminino,Shorts e Bermudas,Short Alfaiataria,299.9,95.37,,PV26,,,,
SKU_2109_TEA,Camisas Camisa Estampada SKU_2109_TEA,,Feminino,Camisas,Camisa Estampada,319.9,101.73,,PV26,,,,
SKU_2109_WHI,Camisas Camisa Estampada SKU_2109_WHI,,Feminino,Camisas,Camisa Estampada,319.9,101.73,,PV26,,,,
SKU_2110_SPA,Saias Saia Curta SKU_2110_SPA,,Feminino,Saias,Saia Curta,219.9,69.93,,PV26,,,,
SKU_2110_TEA,Saias Saia Curta SKU_2110_TEA,,Feminino,Saias,Saia Curta,219.9,69.93,,PV26,,,,
SKU_2111_ARM,Saias Saia Longa SKU_2111_ARM,,Feminino,Saias,Saia Longa,234.9,74.7,,PV26,,,,
SKU_2111_SNO,Saias Saia Longa SKU_2111_SNO,,Feminino,Saias,Saia Longa,234.9,74.7,,PV26,,,,
SKU_2112_MID,Camisas Camisa Alfaiataria SKU_2112_MID,,Feminino,Camisas,Camisa Alfaiataria,334.9,106.5,,PV26,,,,
SKU_2112_TEA,Camisas Camisa Alfaiataria SKU_2112_TEA,,Feminino,Camisas,Camisa Alfaiataria,334.9,106.5,,PV26,,,,
SKU_2113_DUS,Blusas Blusa Manga Curta SKU_2113_DUS,,Feminino,Blusas,Blusa Manga Curta,164.9,54.58,,PV26,,,,
SKU_2113_NAV,Blusas Blusa Manga Curta SKU_2113_NAV,,Feminino,Blusas,Blusa Manga Curta,164.9,54.58,,PV26,,,,
SKU_2114_BIR,Vestidos Vestido Curto SKU_2114_BIR,,Feminino,Vestidos,Vestido Curto,389.9,123.99,,PV26,,,,
SKU_2114_DUS,Vestidos Vestido Curto SKU_2114_DUS,,Feminino,Vestidos,Vestido Curto,389.9,123.99,,PV26,,,,
SKU_2115_CER,Calças Calça Pantalona SKU_2115_CER,,Feminino,Calças,Calça Pantalona,384.9,121.56,,PV26,,,,
SKU_2115_PEA,Calças Calça Pantalona SKU_2115_PEA,,Feminino,Calças,Calça Pantalona,384.9,121.56,,PV26,,,,
SKU_2116_BLA,Vestidos Vestido Curto SKU_2116_BLA,,Feminino,Vestidos,Vestido Curto,379.9,120.25,,PV26,,,,
SKU_2116_SNO,Vestidos Vestido Curto SKU_2116_SNO,,Feminino,Vestidos,Vestido Curto,379.9,120.25,,PV26,,,,
SKU_2117_RAS,Vestidos Vestido Longo SKU_2117_RAS,,Feminino,Vestidos,Vestido Longo,769.9,205.79,,PV26,,,,
SKU_2117_SAL,Vestidos Vestido Longo SKU_2117_SAL,,Feminino,Vestidos,Vestido Longo,769.9,205.79,,PV26,,,,
