Código (SKU),Data da Posição de Estoque,Quantidade em Estoque,Valor ao Custo (R$),Valor a Preço de Venda (R$),Localização / CD
SKU_1000_COR,2023-09-01,324,31833.87,116607.6,principal
SKU_1000_EME,2023-09-01,503,30057.79,103064.7,principal
SKU_1000_ROY,2023-09-01,229,13684.36,46922.1,principal
SKU_1001_AQU,2023-09-01,468,117578.11,439873.2,principal
SKU_1001_SAP,2023-09-01,497,124863.93,467130.3,principal
SKU_1002_COR,2023-09-01,266,20432.07,62483.4,principal
SKU_1002_MYS,2023-09-01,447,34335.1,105000.3,principal
SKU_1003_SNO,2023-09-01,281,40235.48,102536.9,principal
SKU_1003_DUS,2023-09-01,506,72452.5,184639.4,principal
SKU_1004_FOR,2023-09-01,219,24968.19,65678.1,principal
SKU_1004_MEX,2023-09-01,287,32720.87,86071.3,principal
SKU_1005_OLI,2023-09-01,290,17652.03,53621.0,principal
SKU_1006_MOS,2023-09-01,283,17089.86,53741.7,principal
SKU_1006_FOR,2023-09-01,453,27355.85,86024.7,principal
SKU_1007_COB,2023-09-01,485,45482.43,143026.5,principal
SKU_1007_FOR,2023-09-01,216,20256.09,63698.4,principal
SKU_1008_MEX,2023-09-01,312,33553.07,101368.8,principal
SKU_1008_WHI,2023-09-01,294,31617.32,95520.6,principal
SKU_1009_BAB,2023-09-01,326,46363.89,167857.4,principal
SKU_1009_MAG,2023-09-01,268,38115.1,137993.2,principal
SKU_1010_SNO,2023-09-01,479,54224.05,181972.1,principal
SKU_1011_CER,2023-09-01,213,14797.38,55358.7,principal
SKU_1011_MIN,2023-09-01,202,14033.2,52499.8,principal
SKU_1012_VAN,2023-09-01,231,66541.93,224046.9,principal
SKU_1012_CLO,2023-09-01,214,61644.9,207558.6,principal
SKU_1013_LIG,2023-09-01,845,57826.7,152015.5,principal
SKU_1013_LIG,2023-09-01,845,57826.7,152015.5,principal
SKU_1014_FLA,2023-09-01,198,26208.65,79180.2,principal
SKU_1014_MIN,2023-09-01,317,41960.31,126768.3,principal
SKU_1015_ROY,2023-09-01,298,92216.67,278600.2,principal
SKU_1015_TUR,2023-09-01,426,131826.51,398267.4,principal
SKU_1016_HON,2023-09-01,169,12021.29,36318.1,principal
SKU_1016_SNO,2023-09-01,317,22548.81,68123.3,principal
SKU_1017_PAS,2023-09-01,507,24167.78,75999.3,principal
SKU_1017_BAL,2023-09-01,454,21641.36,68054.6,principal
SKU_1018_TEA,2023-09-01,485,18492.18,58151.5,principal
SKU_1018_ARM,2023-09-01,498,18987.84,59710.2,principal
SKU_1019_NAV,2023-09-01,190,15635.33,50331.0,principal
SKU_1019_GAR,2023-09-01,198,16293.65,52450.2,principal
SKU_1020_NAV,2023-09-01,184,11193.38,36781.6,principal
SKU_1020_LIG,2023-09-01,458,27861.77,91554.2,principal
SKU_1021_CRE,2023-09-01,447,34040.74,127350.3,principal
SKU_1021_PAS,2023-09-01,326,24826.13,92877.4,principal
SKU_1022_PAL,2023-09-01,204,21339.89,65259.6,principal
SKU_1022_DEN,2023-09-01,286,29917.69,91491.4,principal
SKU_1023_DEN,2023-09-01,292,32071.17,81730.8,principal
SKU_1023_FOR,2023-09-01,319,35036.65,89288.1,principal
SKU_1024_VAN,2023-09-01,316,25215.4,66328.4,principal
SKU_1024_DEN,2023-09-01,187,14921.77,39251.3,principal
SKU_1025_WHI,2023-09-01,282,43483.89,136741.8,principal
SKU_1025_MIN,2023-09-01,459,70776.97,222569.1,principal
SKU_1026_CLO,2023-09-01,447,61053.53,185460.3,principal
SKU_1026_SPA,2023-09-01,290,39609.67,120321.0,principal
SKU_1027_MAR,2023-09-01,236,31512.66,99096.4,principal
SKU_1027_BIR,2023-09-01,232,30978.54,97416.8,principal
SKU_1028_BLU,2023-09-01,221,44268.11,139207.9,principal
SKU_1028_AQU,2023-09-01,276,55285.06,173852.4,principal
SKU_1029_BLU,2023-09-01,233,18145.62,57061.7,principal
SKU_1029_BAL,2023-09-01,213,16588.06,52163.7,principal
SKU_1030_CRE,2023-09-01,447,92380.69,290505.3,principal
SKU_1030_DEN,2023-09-01,180,37200.28,116982.0,principal
SKU_1031_COR,2023-09-01,211,33167.49,100203.9,principal
SKU_1031_HON,2023-09-01,198,31124.0,94030.2,principal
SKU_1032_EME,2023-09-01,302,33122.82,104159.8,principal
SKU_1032_HON,2023-09-01,200,21935.64,68980.0,principal
SKU_1033_NAV,2023-09-01,326,67373.83,211867.4,principal
SKU_1033_LIM,2023-09-01,456,94240.7,296354.4,principal
SKU_1034_PAS,2023-09-01,471,33320.93,101217.9,principal
SKU_1034_PIS,2023-09-01,225,15917.64,48352.5,principal
SKU_1035_SAP,2023-09-01,492,102463.03,322210.8,principal
SKU_1035_FUC,2023-09-01,322,67059.14,210877.8,principal
SKU_1036_BIR,2023-09-01,282,69616.52,211471.8,principal
SKU_1036_MID,2023-09-01,201,49620.28,150729.9,principal
SKU_1037_PRI,2023-09-01,201,13416.39,42189.9,principal
SKU_1037_SPA,2023-09-01,311,20758.69,65278.9,principal
SKU_1038_LIG,2023-09-01,185,14995.77,47156.5,principal
SKU_1038_FLA,2023-09-01,225,18238.1,57352.5,principal
SKU_1039_ARM,2023-09-01,265,13587.05,41048.5,principal
SKU_1039_MIN,2023-09-01,219,11228.55,33923.1,principal
SKU_1040_BLA,2023-09-01,186,20011.88,65081.4,principal
SKU_1040_BAB,2023-09-01,284,30555.77,99371.6,principal
SKU_1041_EME,2023-09-01,310,20285.05,68169.0,principal
SKU_1041_SNO,2023-09-01,259,16947.83,56954.1,principal
SKU_1042_SEA,2023-09-01,461,42723.21,145168.9,principal
SKU_1042_EME,2023-09-01,319,29563.35,100453.1,principal
SKU_1043_SPA,2023-09-01,437,113552.4,382331.3,principal
SKU_1043_CER,2023-09-01,281,73016.53,245846.9,principal
SKU_1044_SER,2023-09-01,512,167478.25,440268.8,principal
SKU_1044_COR,2023-09-01,231,75561.48,198636.9,principal
SKU_1045_FOR,2023-09-01,190,18411.53,48431.0,principal
SKU_1045_BUB,2023-09-01,294,28489.42,74940.6,principal
SKU_1046_SNO,2023-09-01,271,14343.19,43332.9,principal
SKU_1046_PAS,2023-09-01,274,14501.97,43812.6,principal
SKU_1047_ROY,2023-09-01,310,21537.84,65069.0,principal
SKU_1047_DEE,2023-09-01,186,12922.7,39041.4,principal
SKU_1048_MAR,2023-09-01,303,23929.45,72689.7,principal
SKU_1049_BAL,2023-09-01,302,75050.95,227979.8,principal
SKU_1049_LIG,2023-09-01,227,56412.47,171362.3,principal
SKU_1050_BUB,2023-09-01,182,16183.63,55491.8,principal
SKU_1050_PRI,2023-09-01,228,20274.0,69517.2,principal
SKU_1051_CLE,2023-09-01,289,65907.05,216721.1,principal
SKU_1051_LIG,2023-09-01,493,112429.68,369700.7,principal
SKU_1052_PAS,2023-09-01,290,26881.25,94221.0,principal
SKU_1052_FRE,2023-09-01,478,44307.72,155302.2,principal
SKU_1053_NAV,2023-09-01,274,28662.4,87652.6,principal
SKU_1054_DEE,2023-09-01,212,26815.11,75238.8,principal
SKU_1054_PAS,2023-09-01,462,58436.7,163963.8,principal
SKU_1055_LIG,2023-09-01,327,122838.17,371112.3,principal
SKU_1055_PAL,2023-09-01,194,72876.47,220170.6,principal
SKU_1056_CRE,2023-09-01,215,16716.66,50503.5,principal
SKU_1056_OLI,2023-09-01,311,24180.84,73053.9,principal
SKU_1057_ROY,2023-09-01,454,27634.56,83944.6,principal
SKU_1058_MID,2023-09-01,299,18531.48,58275.1,principal
SKU_1058_SHO,2023-09-01,314,19461.15,61198.6,principal
SKU_1059_PEA,2023-09-01,470,44823.05,140953.0,principal
SKU_1059_OFF,2023-09-01,303,28896.56,90869.7,principal
SKU_1060_CRE,2023-09-01,206,70279.18,228639.4,principal
SKU_1060_LIM,2023-09-01,188,64138.28,208661.2,principal
SKU_1061_PAS,2023-09-01,223,25790.68,91407.7,principal
SKU_1061_EGR,2023-09-01,189,21858.47,77471.1,principal
SKU_1062_OLI,2023-09-01,228,13003.18,45577.2,principal
SKU_1062_MID,2023-09-01,271,15455.53,54172.9,principal
SKU_1063_SNO,2023-09-01,457,26786.28,84499.3,principal
SKU_1063_SAP,2023-09-01,275,16118.66,50847.5,principal
SKU_1064_PRI,2023-09-01,464,31403.69,88113.6,principal
SKU_1064_BIR,2023-09-01,219,14822.0,41588.1,principal
SKU_1065_CLE,2023-09-01,295,62628.82,190245.5,principal
SKU_1065_COB,2023-09-01,302,64114.93,194759.8,principal
SKU_1066_IVO,2023-09-01,517,30785.75,93008.3,principal
SKU_1066_WHI,2023-09-01,286,17030.41,51451.4,principal
SKU_1067_EME,2023-09-01,444,37401.76,117615.6,principal
SKU_1067_WHI,2023-09-01,268,22575.84,70993.2,principal
SKU_1068_COR,2023-09-01,292,76828.67,232110.8,principal
SKU_1069_OLI,2023-09-01,471,82611.94,249582.9,principal
SKU_1069_CRE,2023-09-01,213,37359.54,112868.7,principal
SKU_1070_LIG,2023-09-01,291,33221.11,100365.9,principal
SKU_1070_MID,2023-09-01,318,36303.48,109678.2,principal
SKU_1071_BAB,2023-09-01,329,29232.01,88797.1,principal
SKU_1071_SKY,2023-09-01,504,44780.94,136029.6,principal
SKU_1072_PAS,2023-09-01,230,35012.19,105777.0,principal
SKU_1072_CER,2023-09-01,216,32881.01,99338.4,principal
SKU_1073_FRE,2023-09-01,464,49131.52,148433.6,principal
SKU_1073_BLU,2023-09-01,185,19589.08,59181.5,principal
SKU_1074_JAD,2023-09-01,301,20303.38,61674.9,principal
SKU_1074_PRI,2023-09-01,232,15649.11,47536.8,principal
SKU_1075_NAV,2023-09-01,470,43328.45,136253.0,principal
SKU_1075_LIG,2023-09-01,294,27103.33,85230.6,principal
SKU_1076_POW,2023-09-01,292,20657.56,62750.8,principal
SKU_1077_NAV,2023-09-01,286,20908.95,65751.4,principal
SKU_1077_MAR,2023-09-01,205,14987.18,47129.5,principal
SKU_1078_BLU,2023-09-01,444,43755.4,137595.6,principal
SKU_1079_BAB,2023-09-01,205,18551.9,56354.5,principal
SKU_1079_JAD,2023-09-01,482,43619.59,132501.8,principal
SKU_1080_TEA,2023-09-01,480,72488.74,227952.0,principal
SKU_1080_MAR,2023-09-01,172,25975.13,81682.8,principal
SKU_1081_EGR,2023-09-01,284,24954.0,79491.6,principal
SKU_1081_PAS,2023-09-01,477,41912.18,133512.3,principal
SKU_1082_PIN,2023-09-01,314,20266.24,65908.6,principal
SKU_1082_LIG,2023-09-01,502,32400.16,105369.8,principal
SKU_1083_OFF,2023-09-01,422,57117.1,194077.8,principal
SKU_1083_BAB,2023-09-01,220,29776.69,101178.0,principal
SKU_1084_DUS,2023-09-01,280,90635.24,277172.0,principal
SKU_1084_PAS,2023-09-01,201,65063.16,198969.9,principal
SKU_1085_COB,2023-09-01,200,32663.47,99980.0,principal
SKU_1085_CRE,2023-09-01,281,45892.17,140471.9,principal
SKU_1086_PRI,2023-09-01,224,19768.17,50377.6,principal
SKU_1086_CRE,2023-09-01,468,41301.36,105253.2,principal
SKU_1087_BIR,2023-09-01,298,43135.17,111720.2,principal
SKU_1087_SNO,2023-09-01,287,41542.93,107596.3,principal
SKU_1088_CER,2023-09-01,219,51540.57,156563.1,principal
SKU_1088_HON,2023-09-01,198,46598.33,141550.2,principal
SKU_1089_GAR,2023-09-01,339,33044.36,113531.1,principal
SKU_1089_EGR,2023-09-01,209,20372.48,69994.1,principal
SKU_1090_PAL,2023-09-01,491,21269.27,66235.9,principal
SKU_1090_WHI,2023-09-01,202,8750.29,27249.8,principal
SKU_1091_OFF,2023-09-01,186,15656.14,58571.4,principal
SKU_1091_MOS,2023-09-01,314,26430.25,98878.6,principal
SKU_1092_TUR,2023-09-01,475,51241.72,156702.5,principal
SKU_1092_MIN,2023-09-01,333,35923.14,109856.7,principal
SKU_1093_GAR,2023-09-01,495,205509.33,576625.5,principal
SKU_1093_TEA,2023-09-01,291,120814.57,338985.9,principal
SKU_1094_FOR,2023-09-01,199,17770.62,46745.1,principal
SKU_1094_DEE,2023-09-01,337,30093.96,79161.3,principal
SKU_1095_COB,2023-09-01,327,43586.84,132402.3,principal
SKU_1095_MAG,2023-09-01,194,25858.86,78550.6,principal
SKU_1096_HOT,2023-09-01,219,20179.33,61298.1,principal
SKU_1096_CLE,2023-09-01,275,25339.35,76972.5,principal
SKU_1097_AQU,2023-09-01,211,15008.83,45343.9,principal
SKU_1097_PAL,2023-09-01,458,32578.41,98424.2,principal
SKU_1098_HON,2023-09-01,444,50687.88,153135.6,principal
SKU_1098_HUN,2023-09-01,497,56738.46,171415.3,principal
SKU_1099_SAL,2023-09-01,205,15338.17,51229.5,principal
SKU_1099_PRI,2023-09-01,446,33369.88,111455.4,principal
SKU_1100_PEA,2023-09-01,288,14548.78,53251.2,principal
SKU_1101_CLE,2023-09-01,223,24731.32,92522.7,principal
SKU_1101_DEE,2023-09-01,468,51902.5,194173.2,principal
SKU_1102_FLA,2023-09-01,532,153248.08,515986.8,principal
SKU_1102_OFF,2023-09-01,215,61932.96,208528.5,principal
SKU_1103_EGR,2023-09-01,490,24212.84,63651.0,principal
SKU_1103_LIG,2023-09-01,440,21742.14,57156.0,principal
SKU_1104_POW,2023-09-01,189,11254.36,34001.1,principal
SKU_1104_MEX,2023-09-01,208,12385.76,37419.2,principal
SKU_1105_ARM,2023-09-01,293,19763.75,60035.7,principal
SKU_1105_SER,2023-09-01,326,21989.7,66797.4,principal
SKU_1106_MYS,2023-09-01,289,71674.37,225391.1,principal
SKU_1106_SNO,2023-09-01,292,72418.39,227730.8,principal
SKU_1107_BAL,2023-09-01,515,168673.36,512373.5,principal
SKU_1107_PAS,2023-09-01,284,93015.99,282551.6,principal
SKU_1108_PRI,2023-09-01,277,22912.58,69222.3,principal
SKU_1108_SNO,2023-09-01,216,17866.85,53978.4,principal
SKU_1109_SAG,2023-09-01,267,16834.36,61383.3,principal
SKU_1109_CER,2023-09-01,519,32722.97,119318.1,principal
SKU_1110_FLA,2023-09-01,499,31509.67,114720.1,principal
SKU_1110_HUN,2023-09-01,297,18754.25,68280.3,principal
SKU_1111_CRE,2023-09-01,274,15373.12,57512.6,principal
SKU_1111_BLU,2023-09-01,205,11501.79,43029.5,principal
SKU_1112_MIN,2023-09-01,449,36658.74,123430.1,principal
SKU_1112_EGR,2023-09-01,279,22779.04,76697.1,principal
SKU_1113_VAN,2023-09-01,518,37583.37,95778.2,principal
SKU_1114_GAR,2023-09-01,454,60094.57,181554.6,principal
SKU_1114_PRI,2023-09-01,225,29782.55,89977.5,principal
SKU_1115_LIM,2023-09-01,213,15151.09,45773.7,principal
SKU_1115_TEA,2023-09-01,293,20841.65,62965.7,principal
SKU_1116_MOS,2023-09-01,302,23850.47,72449.8,principal
SKU_1116_SNO,2023-09-01,471,37197.26,112992.9,principal
SKU_1117_MOS,2023-09-01,457,33263.61,100494.3,principal
SKU_1117_MIN,2023-09-01,207,15066.89,45519.3,principal
SKU_1118_FUC,2023-09-01,264,25769.54,77853.6,principal
SKU_1118_DUS,2023-09-01,193,18839.1,56915.7,principal
SKU_1119_PAS,2023-09-01,292,13448.08,40850.8,principal
SKU_1119_LIG,2023-09-01,298,13724.41,41690.2,principal
SKU_1120_AQU,2023-09-01,201,15333.93,48219.9,principal
SKU_1120_SAL,2023-09-01,296,22581.31,71010.4,principal
SKU_1121_MYS,2023-09-01,221,18181.02,55227.9,principal
SKU_1121_MIN,2023-09-01,310,25502.79,77469.0,principal
SKU_1122_ROY,2023-09-01,514,72289.94,218398.6,principal
SKU_1122_PIS,2023-09-01,226,31785.07,96027.4,principal
SKU_1123_BAB,2023-09-01,261,37139.49,112203.9,principal
SKU_1123_SER,2023-09-01,197,28032.49,84690.3,principal
SKU_1124_BLU,2023-09-01,289,36143.23,109791.1,principal
SKU_1124_FOR,2023-09-01,307,38394.37,116629.3,principal
SKU_1125_MIN,2023-09-01,310,16318.11,49569.0,principal
SKU_1125_SAP,2023-09-01,188,9896.15,30061.2,principal
SKU_1126_WHI,2023-09-01,383,86826.83,262316.7,principal
SKU_1126_WHI,2023-09-01,383,86826.83,262316.7,principal
SKU_1127_SAL,2023-09-01,485,31916.43,96951.5,principal
SKU_1127_BLU,2023-09-01,465,30600.29,92953.5,principal
SKU_1128_PRI,2023-09-01,324,43720.26,132807.6,principal
SKU_1128_TEA,2023-09-01,218,29416.72,89358.2,principal
SKU_1129_VAN,2023-09-01,299,38093.17,115085.1,principal
SKU_1129_SAG,2023-09-01,443,56439.04,170510.7,principal
SKU_1130_CRE,2023-09-01,282,20876.32,70471.8,principal
SKU_1130_MEX,2023-09-01,296,21912.73,73970.4,principal
SKU_1131_CLO,2023-09-01,314,85117.43,277858.6,principal
SKU_1131_JAD,2023-09-01,271,73461.22,239807.9,principal
SKU_1132_CLE,2023-09-01,246,12662.38,43025.4,principal
SKU_1133_MOS,2023-09-01,440,118905.73,400356.0,principal
SKU_1133_PEA,2023-09-01,217,58642.15,197448.3,principal
SKU_1134_DUS,2023-09-01,190,16767.64,42731.0,principal
SKU_1134_PIN,2023-09-01,227,20032.92,51052.3,principal
SKU_1135_ROS,2023-09-01,201,13746.55,36159.9,principal
SKU_1135_MAR,2023-09-01,460,31459.76,82754.0,principal
SKU_1136_SNO,2023-09-01,458,37678.32,114454.2,principal
SKU_1136_FUC,2023-09-01,419,34469.91,104708.1,principal
SKU_1137_DEE,2023-09-01,282,36309.81,114181.8,principal
SKU_1137_PAL,2023-09-01,304,39142.49,123089.6,principal
SKU_1138_PEA,2023-09-01,510,36474.28,114699.0,principal
SKU_1138_HON,2023-09-01,214,15304.89,48128.6,principal
SKU_1139_PRI,2023-09-01,307,29458.77,88999.3,principal
SKU_1139_EGR,2023-09-01,448,42988.69,129875.2,principal
SKU_1140_SNO,2023-09-01,487,29107.49,97351.3,principal
SKU_1140_ROS,2023-09-01,301,17990.46,60169.9,principal
SKU_1141_SKY,2023-09-01,185,20428.02,67506.5,principal
SKU_1141_CLE,2023-09-01,519,57308.88,189383.1,principal
SKU_1142_MIN,2023-09-01,282,25621.19,95851.8,principal
SKU_1142_PAS,2023-09-01,474,43065.4,161112.6,principal
SKU_1143_IVO,2023-09-01,215,13702.44,41903.5,principal
SKU_1143_SNO,2023-09-01,191,12172.87,37225.9,principal
SKU_1144_SEA,2023-09-01,307,38526.65,101279.3,principal
SKU_1144_BUB,2023-09-01,505,63374.45,166599.5,principal
SKU_1145_MOS,2023-09-01,201,29932.3,90429.9,principal
SKU_1145_LIG,2023-09-01,506,75351.95,227649.4,principal
SKU_1146_FRE,2023-09-01,282,43622.88,132511.8,principal
SKU_1146_CER,2023-09-01,288,44551.03,135331.2,principal
SKU_1147_COR,2023-09-01,232,26869.52,81176.8,principal
SKU_1148_TEA,2023-09-01,438,63050.93,190486.2,principal
SKU_1148_SPA,2023-09-01,506,72839.66,220059.4,principal
SKU_1149_IVO,2023-09-01,198,10067.94,31660.2,principal
SKU_1149_OLI,2023-09-01,491,24966.47,78510.9,principal
SKU_1150_SAG,2023-09-01,467,92950.7,296498.3,principal
SKU_1150_VAN,2023-09-01,228,45380.64,144757.2,principal
SKU_1151_CRE,2023-09-01,209,51683.68,169269.1,principal
SKU_1151_JAD,2023-09-01,308,76165.42,249449.2,principal
SKU_1152_CLO,2023-09-01,492,133471.12,499330.8,principal
SKU_1152_WHI,2023-09-01,292,79214.57,296350.8,principal
SKU_1153_PEA,2023-09-01,317,35296.46,118843.3,principal
SKU_1153_MOS,2023-09-01,195,21712.33,73105.5,principal
SKU_1154_VAN,2023-09-01,195,40929.48,104305.5,principal
SKU_1154_PEA,2023-09-01,204,42818.53,109119.6,principal
SKU_1155_ARM,2023-09-01,220,64808.92,170478.0,principal
SKU_1155_BAB,2023-09-01,284,83662.42,220071.6,principal
SKU_1156_FLA,2023-09-01,499,45208.5,142165.1,principal
SKU_1156_EGR,2023-09-01,457,41403.38,130199.3,principal
SKU_1157_DEE,2023-09-01,207,12940.62,39309.3,principal
SKU_1157_PAS,2023-09-01,204,12753.08,38739.6,principal
SKU_1158_AQU,2023-09-01,312,68449.12,215248.8,principal
SKU_1158_MYS,2023-09-01,286,62745.03,197311.4,principal
SKU_1159_PAS,2023-09-01,466,27748.86,83833.4,principal
SKU_1159_PRI,2023-09-01,194,11552.1,34900.6,principal
SKU_1160_DUS,2023-09-01,228,15463.39,46717.2,principal
SKU_1160_LIM,2023-09-01,423,28688.66,86672.7,principal
SKU_1161_MEX,2023-09-01,280,39379.73,118972.0,principal
SKU_1161_DUS,2023-09-01,196,27565.81,83280.4,principal
SKU_1162_HOT,2023-09-01,227,54854.14,172497.3,principal
SKU_1162_BUB,2023-09-01,234,56545.68,177816.6,principal
SKU_1163_HUN,2023-09-01,294,24186.52,73470.6,principal
SKU_1163_SPA,2023-09-01,212,17440.62,52978.8,principal
SKU_1164_BRI,2023-09-01,486,30894.15,97151.4,principal
SKU_1164_MIN,2023-09-01,290,18434.78,57971.0,principal
SKU_1165_HUN,2023-09-01,212,22914.7,72058.8,principal
SKU_1165_MAR,2023-09-01,305,32966.9,103669.5,principal
SKU_1166_PIS,2023-09-01,197,37894.57,119165.3,principal
SKU_1166_FRE,2023-09-01,488,93870.8,295191.2,principal
SKU_1167_WHI,2023-09-01,450,106595.19,335205.0,principal
SKU_1167_JAD,2023-09-01,202,47849.4,150469.8,principal
SKU_1168_GAR,2023-09-01,314,78979.45,238608.6,principal
SKU_1168_BLU,2023-09-01,211,53072.18,160338.9,principal
SKU_1169_BUB,2023-09-01,469,29813.49,93753.1,principal
SKU_1169_MEX,2023-09-01,493,31339.12,98550.7,principal
SKU_1170_GAR,2023-09-01,463,136400.3,414338.7,principal
SKU_1170_OFF,2023-09-01,454,133748.89,406284.6,principal
SKU_1171_MIN,2023-09-01,279,15793.83,51587.1,principal
SKU_1171_EME,2023-09-01,213,12057.66,39383.7,principal
SKU_1172_ARM,2023-09-01,396,43733.24,142520.4,principal
SKU_1172_PIN,2023-09-01,201,22197.93,72339.9,principal
SKU_1173_GAR,2023-09-01,421,36538.2,124152.9,principal
SKU_1173_AQU,2023-09-01,443,38447.56,130640.7,principal
SKU_1174_PEA,2023-09-01,300,19961.49,62970.0,principal
SKU_1174_BLU,2023-09-01,190,12642.28,39881.0,principal
SKU_1175_FUC,2023-09-01,272,23983.96,73412.8,principal
SKU_1175_CLE,2023-09-01,290,25571.14,78271.0,principal
SKU_1176_GAR,2023-09-01,320,39549.43,103968.0,principal
SKU_1176_NAV,2023-09-01,507,62661.12,164724.3,principal
SKU_1177_MIN,2023-09-01,214,16900.67,51338.6,principal
SKU_1177_PEA,2023-09-01,217,17137.59,52058.3,principal
SKU_1178_RAS,2023-09-01,318,32349.57,101728.2,principal
SKU_1178_MID,2023-09-01,496,50457.19,158670.4,principal
SKU_1179_TUR,2023-09-01,307,33183.08,104349.3,principal
SKU_1179_VAN,2023-09-01,493,53287.48,167570.7,principal
SKU_1180_ROY,2023-09-01,229,34958.89,121347.1,principal
SKU_1180_AQU,2023-09-01,289,44118.42,153141.1,principal
SKU_1181_AQU,2023-09-01,524,47037.52,151907.6,principal
SKU_1181_SER,2023-09-01,213,19120.21,61748.7,principal
SKU_1182_BIR,2023-09-01,455,115342.25,382154.5,principal
SKU_1182_PIN,2023-09-01,468,118637.75,393073.2,principal
SKU_1183_POW,2023-09-01,454,98412.51,295054.6,principal
SKU_1183_MOS,2023-09-01,219,47472.11,142328.1,principal
SKU_1184_HOT,2023-09-01,225,26805.08,76477.5,principal
SKU_1184_BAB,2023-09-01,287,34191.37,97551.3,principal
SKU_1185_BAL,2023-09-01,459,171999.91,454364.1,principal
SKU_1185_MAG,2023-09-01,457,171250.45,452384.3,principal
SKU_1186_FLA,2023-09-01,279,43618.05,132497.1,principal
SKU_1186_MEX,2023-09-01,468,73165.75,222253.2,principal
SKU_1187_JAD,2023-09-01,457,46877.64,141624.3,principal
SKU_1187_OLI,2023-09-01,472,48416.3,146272.8,principal
SKU_1188_TEA,2023-09-01,444,35256.66,106515.6,principal
SKU_1188_BAB,2023-09-01,428,33986.15,102677.2,principal
SKU_1189_FUC,2023-09-01,472,36698.9,110872.8,principal
SKU_1189_ROY,2023-09-01,498,38720.45,116980.2,principal
SKU_1190_TEA,2023-09-01,201,33891.31,116559.9,principal
SKU_1190_MAG,2023-09-01,478,80597.24,277192.2,principal
SKU_1191_MIN,2023-09-01,285,16404.1,52696.5,principal
SKU_1191_MYS,2023-09-01,425,24462.26,78582.5,principal
SKU_1192_MAR,2023-09-01,444,28590.66,104295.6,principal
SKU_1192_RAS,2023-09-01,196,12621.1,46040.4,principal
SKU_1193_CLE,2023-09-01,195,27418.99,86755.5,principal
SKU_1193_ROS,2023-09-01,452,63555.81,201094.8,principal
SKU_1194_FLA,2023-09-01,303,23367.54,66629.7,principal
SKU_1194_SAG,2023-09-01,472,36400.91,103792.8,principal
SKU_1195_HUN,2023-09-01,208,33324.77,97739.2,principal
SKU_1195_SAL,2023-09-01,285,45661.34,133921.5,principal
SKU_1196_RAS,2023-09-01,297,35121.83,90555.3,principal
SKU_1197_ROS,2023-09-01,302,79027.69,240059.8,principal
SKU_1197_COR,2023-09-01,272,71177.25,216212.8,principal
SKU_1198_SEA,2023-09-01,466,49628.16,156063.4,principal
SKU_1198_SAL,2023-09-01,181,19276.17,60616.9,principal
SKU_1199_PAL,2023-09-01,210,12083.42,44079.0,principal
SKU_1199_TEA,2023-09-01,461,26525.98,96763.9,principal
SKU_1200_MID,2023-09-01,232,12358.64,41736.8,principal
SKU_1200_PAS,2023-09-01,212,11293.24,38138.8,principal
SKU_1201_SAG,2023-09-01,311,48035.94,150803.9,principal
SKU_1202_LIG,2023-09-01,308,91338.99,250989.2,principal
SKU_1202_CLE,2023-09-01,492,145905.13,400930.8,principal
SKU_1203_OFF,2023-09-01,298,82287.36,226450.2,principal
SKU_1203_FLA,2023-09-01,440,121498.12,334356.0,principal
SKU_1204_AQU,2023-09-01,194,26188.54,67880.6,principal
SKU_1204_MIN,2023-09-01,325,43872.55,113717.5,principal
SKU_1205_RAS,2023-09-01,296,77881.12,235290.4,principal
SKU_1205_COR,2023-09-01,451,118663.47,358499.9,principal
SKU_1206_HUN,2023-09-01,309,42435.56,128204.1,principal
SKU_1206_BLA,2023-09-01,292,40100.91,121150.8,principal
SKU_1207_POW,2023-09-01,313,105090.09,319228.7,principal
SKU_1207_BLA,2023-09-01,261,87631.03,266193.9,principal
SKU_1208_PAS,2023-09-01,195,47791.87,125755.5,principal
SKU_1208_MOS,2023-09-01,202,49507.48,130269.8,principal
SKU_1209_BLA,2023-09-01,220,23745.22,61578.0,principal
SKU_1209_DUS,2023-09-01,442,47706.31,123715.8,principal
SKU_1210_SHO,2023-09-01,492,39435.79,100810.8,principal
SKU_1210_WHI,2023-09-01,483,38714.4,98966.7,principal
SKU_1211_GAR,2023-09-01,491,51707.74,157070.9,principal
SKU_1211_CRE,2023-09-01,475,50022.76,151952.5,principal
SKU_1212_COB,2023-09-01,236,16503.06,51896.4,principal
SKU_1212_SNO,2023-09-01,475,33215.9,104452.5,principal
SKU_1213_MAG,2023-09-01,193,55587.3,168855.7,principal
SKU_1213_POW,2023-09-01,296,85253.06,258970.4,principal
SKU_1214_BLA,2023-09-01,459,43156.35,137654.1,principal
SKU_1214_RAS,2023-09-01,203,19086.58,60879.7,principal
SKU_1215_MAG,2023-09-01,211,14561.37,46398.9,principal
SKU_1215_BRI,2023-09-01,424,29260.76,93237.6,principal
SKU_1216_WHI,2023-09-01,521,79366.15,296917.9,principal
SKU_1216_CRE,2023-09-01,318,48442.3,181228.2,principal
SKU_1217_ROS,2023-09-01,295,76672.95,241870.5,principal
SKU_1217_RAS,2023-09-01,458,119038.0,375514.2,principal
SKU_1218_BLU,2023-09-01,219,56279.22,143423.1,principal
SKU_1218_SNO,2023-09-01,202,51910.52,132289.8,principal
SKU_1219_MAR,2023-09-01,303,45487.93,119654.7,principal
SKU_1219_LIM,2023-09-01,480,72060.09,189552.0,principal
SKU_1220_TUR,2023-09-01,222,22404.66,67687.8,principal
SKU_1220_HOT,2023-09-01,273,27551.68,83237.7,principal
SKU_1221_SAG,2023-09-01,212,49544.02,155798.8,principal
SKU_1221_PAL,2023-09-01,240,56087.57,176376.0,principal
SKU_1222_PAS,2023-09-01,288,80104.63,243331.2,principal
SKU_1222_HON,2023-09-01,468,130170.03,395413.2,principal
SKU_1223_TEA,2023-09-01,323,15407.45,46802.7,principal
SKU_1223_BLA,2023-09-01,458,21847.09,66364.2,principal
SKU_1224_OLI,2023-09-01,287,38937.95,119076.3,principal
SKU_1224_ARM,2023-09-01,438,59424.47,181726.2,principal
SKU_1225_POW,2023-09-01,200,13020.36,42980.0,principal
SKU_1225_IVO,2023-09-01,503,32746.21,108094.7,principal
SKU_1226_PAL,2023-09-01,298,41225.91,144500.2,principal
SKU_1226_LIG,2023-09-01,216,29881.87,104738.4,principal
SKU_1227_CLO,2023-09-01,293,34799.7,117170.7,principal
SKU_1227_PAS,2023-09-01,229,27198.4,91577.1,principal
SKU_1228_WHI,2023-09-01,499,56764.62,144660.1,principal
SKU_1228_SPA,2023-09-01,443,50394.24,128425.7,principal
SKU_1229_SAL,2023-09-01,443,125404.03,380935.7,principal
SKU_1229_CLO,2023-09-01,500,141539.54,429950.0,principal
SKU_1230_ROS,2023-09-01,468,61610.83,187153.2,principal
SKU_1230_NAV,2023-09-01,496,65296.95,198350.4,principal
SKU_1231_LIG,2023-09-01,475,75452.28,227952.5,principal
SKU_1231_BIR,2023-09-01,178,28274.75,85422.2,principal
SKU_1232_AQU,2023-09-01,193,22672.08,68495.7,principal
SKU_1232_FOR,2023-09-01,194,22789.55,68850.6,principal
SKU_1233_JAD,2023-09-01,299,23613.55,71730.1,principal
SKU_1233_SEA,2023-09-01,492,38855.74,118030.8,principal
SKU_1234_MOS,2023-09-01,190,12628.68,38931.0,principal
SKU_1235_HUN,2023-09-01,297,40258.96,139560.3,principal
SKU_1235_COR,2023-09-01,219,29685.9,102908.1,principal
SKU_1236_DEE,2023-09-01,449,79324.38,255885.1,principal
SKU_1236_LIM,2023-09-01,223,39397.19,127087.7,principal
SKU_1237_BAB,2023-09-01,482,137500.85,481951.8,principal
SKU_1237_GAR,2023-09-01,312,89004.7,311968.8,principal
SKU_1238_SAP,2023-09-01,216,31490.27,99338.4,principal
SKU_1239_BAB,2023-09-01,186,21926.79,57641.4,principal
SKU_1239_MID,2023-09-01,419,49394.22,129848.1,principal
SKU_1240_PAL,2023-09-01,520,171166.88,519948.0,principal
SKU_1240_MOS,2023-09-01,207,68137.59,206979.3,principal
SKU_1241_BAL,2023-09-01,439,52012.32,157996.1,principal
SKU_1241_FLA,2023-09-01,290,34358.93,104371.0,principal
SKU_1242_AQU,2023-09-01,302,30241.74,95099.8,principal
SKU_1242_SKY,2023-09-01,236,23632.62,74316.4,principal
SKU_1243_SNO,2023-09-01,294,23832.2,72000.6,principal
SKU_1243_PIN,2023-09-01,489,39639.27,119756.1,principal
SKU_1244_COB,2023-09-01,502,46278.48,145529.8,principal
SKU_1244_GAR,2023-09-01,433,39917.49,125526.7,principal
SKU_1245_COB,2023-09-01,185,11447.91,38831.5,principal
SKU_1245_SNO,2023-09-01,284,17574.1,59611.6,principal
SKU_1246_PAL,2023-09-01,483,39765.48,142436.7,principal
SKU_1246_COR,2023-09-01,204,16795.36,60159.6,principal
SKU_1247_SAP,2023-09-01,199,10213.77,35800.1,principal
SKU_1247_SKY,2023-09-01,213,10932.33,38318.7,principal
SKU_1248_AQU,2023-09-01,185,10278.1,31431.5,principal
SKU_1248_SAG,2023-09-01,186,10333.66,31601.4,principal
SKU_1249_WHI,2023-09-01,277,28439.58,74762.3,principal
SKU_1249_ARM,2023-09-01,467,47946.87,126043.3,principal
SKU_1250_AQU,2023-09-01,445,38073.79,115655.5,principal
SKU_1250_BAB,2023-09-01,463,39613.85,120333.7,principal
SKU_1251_SHO,2023-09-01,193,58446.4,177540.7,principal
SKU_1252_NAV,2023-09-01,292,20883.31,65670.8,principal
SKU_1252_FLA,2023-09-01,294,21026.35,66120.6,principal
SKU_1253_SEA,2023-09-01,302,35780.68,108689.8,principal
SKU_1253_FRE,2023-09-01,296,35069.81,106530.4,principal
SKU_1254_SEA,2023-09-01,487,30611.31,92481.3,principal
SKU_1254_BAB,2023-09-01,199,12508.52,37790.1,principal
SKU_1255_VAN,2023-09-01,396,59036.05,190040.4,principal
SKU_1255_SHO,2023-09-01,218,32499.64,104618.2,principal
SKU_1256_SEA,2023-09-01,499,98691.01,324300.1,principal
SKU_1256_MID,2023-09-01,214,42324.4,139078.6,principal
SKU_1257_SPA,2023-09-01,276,16134.4,56552.4,principal
SKU_1257_EME,2023-09-01,193,11282.39,39545.7,principal
SKU_1258_AQU,2023-09-01,261,20534.25,69138.9,principal
SKU_1258_LIG,2023-09-01,430,33830.38,113907.0,principal
SKU_1259_ARM,2023-09-01,194,24884.06,69820.6,principal
SKU_1260_WHI,2023-09-01,300,33752.07,101970.0,principal
SKU_1260_ROY,2023-09-01,488,54903.37,165871.2,principal
SKU_1261_PAS,2023-09-01,594,96775.12,293970.6,principal
SKU_1261_PAS,2023-09-01,594,96775.12,293970.6,principal
SKU_1262_BLU,2023-09-01,310,28207.49,85219.0,principal
SKU_1262_OFF,2023-09-01,300,27297.57,82470.0,principal
SKU_1263_SKY,2023-09-01,210,12782.51,38829.0,principal
SKU_1264_EGR,2023-09-01,524,102462.02,322207.6,principal
SKU_1264_BRI,2023-09-01,221,43213.94,135892.9,principal
SKU_1265_CRE,2023-09-01,203,14775.74,44639.7,principal
SKU_1265_JAD,2023-09-01,219,15940.33,48158.1,principal
SKU_1266_MEX,2023-09-01,301,29716.85,90269.9,principal
SKU_1266_SPA,2023-09-01,308,30407.94,92369.2,principal
SKU_1267_SKY,2023-09-01,222,24609.12,74347.8,principal
SKU_1267_SAP,2023-09-01,199,22059.53,66645.1,principal
SKU_1268_MYS,2023-09-01,468,49841.16,156733.2,principal
SKU_1268_MAR,2023-09-01,305,32481.95,102144.5,principal
SKU_1269_BAB,2023-09-01,203,69494.02,211099.7,principal
SKU_1269_CER,2023-09-01,208,71205.7,216299.2,principal
SKU_1270_CRE,2023-09-01,324,20254.89,61527.6,principal
SKU_1270_TUR,2023-09-01,480,30007.24,91152.0,principal
SKU_1271_OLI,2023-09-01,210,61520.57,186879.0,principal
SKU_1271_FLA,2023-09-01,424,124212.95,377317.6,principal
SKU_1272_PAS,2023-09-01,315,39610.27,119668.5,principal
SKU_1272_TEA,2023-09-01,288,36215.11,109411.2,principal
SKU_1273_PAS,2023-09-01,296,71998.51,226410.4,principal
SKU_1273_EGR,2023-09-01,290,70539.08,221821.0,principal
SKU_1274_MEX,2023-09-01,294,24766.03,77880.6,principal
SKU_1274_BAL,2023-09-01,228,19206.31,60397.2,principal
SKU_1275_MIN,2023-09-01,307,18686.81,56764.3,principal
SKU_1275_BIR,2023-09-01,204,12417.29,37719.6,principal
SKU_1000_COR,2023-10-01,238,23384.14,85656.2,principal
SKU_1000_EME,2023-10-01,963,57546.03,197318.7,principal
SKU_1000_ROY,2023-10-01,421,25157.71,86262.9,principal
SKU_1001_AQU,2023-10-01,902,226614.21,847789.8,principal
SKU_1001_SAP,2023-10-01,960,241185.86,902304.0,principal
SKU_1002_COR,2023-10-01,493,37868.46,115805.7,principal
SKU_1002_MYS,2023-10-01,862,66212.2,202483.8,principal
SKU_1003_SNO,2023-10-01,536,76748.1,195586.4,principal
SKU_1003_DUS,2023-10-01,967,138461.6,352858.3,principal
SKU_1004_FOR,2023-10-01,127,14479.27,38087.3,principal
SKU_1004_MEX,2023-10-01,522,59513.21,156547.8,principal
SKU_1005_OLI,2023-10-01,555,33782.34,102619.5,principal
SKU_1005_MYS,2023-10-01,217,13208.59,40123.3,principal
SKU_1006_MOS,2023-10-01,514,31039.53,97608.6,principal
SKU_1006_FOR,2023-10-01,836,50484.54,158756.4,principal
SKU_1007_COB,2023-10-01,954,89464.4,281334.6,principal
SKU_1007_FOR,2023-10-01,386,36198.39,113831.4,principal
SKU_1008_MEX,2023-10-01,567,60976.26,184218.3,principal
SKU_1008_WHI,2023-10-01,549,59040.5,178370.1,principal
SKU_1009_BAB,2023-10-01,600,85332.32,308940.0,principal
SKU_1009_MAG,2023-10-01,170,24177.49,87533.0,principal
SKU_1010_SNO,2023-10-01,902,102108.75,342669.8,principal
SKU_1010_BRI,2023-10-01,193,21848.1,73320.7,principal
SKU_1011_CER,2023-10-01,376,26121.2,97722.4,principal
SKU_1011_MIN,2023-10-01,346,24037.06,89925.4,principal
SKU_1012_VAN,2023-10-01,409,117816.66,396689.1,principal
SKU_1012_CLO,2023-10-01,387,111479.34,375351.3,principal
SKU_1013_LIG,2023-10-01,1620,110863.02,291438.0,principal
SKU_1013_LIG,2023-10-01,1620,110863.02,291438.0,principal
SKU_1014_FLA,2023-10-01,360,47652.08,143964.0,principal
SKU_1014_MIN,2023-10-01,581,76905.17,232341.9,principal
SKU_1015_ROY,2023-10-01,561,173602.52,524478.9,principal
SKU_1015_TUR,2023-10-01,824,254988.37,770357.6,principal
SKU_1016_HON,2023-10-01,299,21268.44,64255.1,principal
SKU_1016_SNO,2023-10-01,233,16573.73,50071.7,principal
SKU_1017_PAS,2023-10-01,974,46428.83,146002.6,principal
SKU_1017_BAL,2023-10-01,871,41519.0,130562.9,principal
SKU_1018_TEA,2023-10-01,946,36069.28,113425.4,principal
SKU_1018_ARM,2023-10-01,941,35878.64,112825.9,principal
SKU_1019_NAV,2023-10-01,336,27649.84,89006.4,principal
SKU_1019_GAR,2023-10-01,361,29707.12,95628.9,principal
SKU_1020_NAV,2023-10-01,342,20805.08,68365.8,principal
SKU_1020_LIG,2023-10-01,872,53046.87,174312.8,principal
SKU_1021_CRE,2023-10-01,868,66101.47,247293.2,principal
SKU_1021_PAS,2023-10-01,608,46301.49,173219.2,principal
SKU_1022_PAL,2023-10-01,374,39123.13,119642.6,principal
SKU_1022_DEN,2023-10-01,517,54081.97,165388.3,principal
SKU_1023_DEN,2023-10-01,558,61286.68,156184.2,principal
SKU_1023_FOR,2023-10-01,580,63703.0,162342.0,principal
SKU_1024_VAN,2023-10-01,597,47637.96,125310.3,principal
SKU_1024_DEN,2023-10-01,357,28487.02,74934.3,principal
SKU_1025_WHI,2023-10-01,531,81879.24,257481.9,principal
SKU_1025_MIN,2023-10-01,901,138932.58,436894.9,principal
SKU_1026_CLO,2023-10-01,357,48760.87,148119.3,principal
SKU_1026_SPA,2023-10-01,544,74302.28,225705.6,principal
SKU_1027_MAR,2023-10-01,425,56749.49,178457.5,principal
SKU_1027_BIR,2023-10-01,422,56348.9,177197.8,principal
SKU_1028_BLU,2023-10-01,385,77118.66,242511.5,principal
SKU_1028_AQU,2023-10-01,511,102357.49,321878.9,principal
SKU_1029_BLU,2023-10-01,390,30372.5,95511.0,principal
SKU_1029_BAL,2023-10-01,373,29048.57,91347.7,principal
SKU_1030_CRE,2023-10-01,832,171947.94,540716.8,principal
SKU_1030_DEN,2023-10-01,343,70887.19,222915.7,principal
SKU_1031_COR,2023-10-01,385,60518.88,182836.5,principal
SKU_1031_HON,2023-10-01,335,52659.29,159091.5,principal
SKU_1032_EME,2023-10-01,568,62297.22,195903.2,principal
SKU_1032_HON,2023-10-01,369,40471.26,127268.1,principal
SKU_1033_NAV,2023-10-01,603,124620.92,391889.7,principal
SKU_1033_LIM,2023-10-01,876,181041.34,569312.4,principal
SKU_1034_PAS,2023-10-01,910,64378.02,195559.0,principal
SKU_1034_PIS,2023-10-01,395,27944.31,84885.5,principal
SKU_1035_SAP,2023-10-01,966,201177.42,632633.4,principal
SKU_1035_FUC,2023-10-01,601,125163.18,393594.9,principal
SKU_1036_BIR,2023-10-01,518,127877.15,388448.2,principal
SKU_1036_MID,2023-10-01,363,89612.75,272213.7,principal
SKU_1037_PRI,2023-10-01,354,23628.86,74304.6,principal
SKU_1037_SPA,2023-10-01,552,36845.01,115864.8,principal
SKU_1038_LIG,2023-10-01,328,26587.09,83607.2,principal
SKU_1038_FLA,2023-10-01,420,34044.44,107058.0,principal
SKU_1039_ARM,2023-10-01,515,26405.03,79773.5,principal
SKU_1039_MIN,2023-10-01,383,19637.14,59326.7,principal
SKU_1040_BLA,2023-10-01,340,36580.86,118966.0,principal
SKU_1040_BAB,2023-10-01,510,54871.28,178449.0,principal
SKU_1041_EME,2023-10-01,569,37232.88,125123.1,principal
SKU_1041_SNO,2023-10-01,484,31670.85,106431.6,principal
SKU_1042_SEA,2023-10-01,863,79978.59,271758.7,principal
SKU_1042_EME,2023-10-01,583,54029.57,183586.7,principal
SKU_1043_SPA,2023-10-01,829,215411.75,725292.1,principal
SKU_1043_CER,2023-10-01,518,134599.87,453198.2,principal
SKU_1044_SER,2023-10-01,973,318274.1,836682.7,principal
SKU_1044_COR,2023-10-01,412,134767.66,354278.8,principal
SKU_1045_FOR,2023-10-01,337,32656.24,85901.3,principal
SKU_1045_BUB,2023-10-01,559,54168.66,142489.1,principal
SKU_1046_SNO,2023-10-01,172,9103.43,27502.8,principal
SKU_1046_PAS,2023-10-01,503,26622.23,80429.7,principal
SKU_1047_ROY,2023-10-01,559,38837.59,117334.1,principal
SKU_1047_DEE,2023-10-01,343,23830.58,71995.7,principal
SKU_1048_MAR,2023-10-01,577,45568.62,138422.3,principal
SKU_1048_PEA,2023-10-01,83,6554.93,19911.7,principal
SKU_1049_BAL,2023-10-01,567,140906.92,428028.3,principal
SKU_1049_LIG,2023-10-01,398,98908.21,300450.2,principal
SKU_1050_BUB,2023-10-01,82,7291.52,25001.8,principal
SKU_1050_PRI,2023-10-01,409,36368.7,124704.1,principal
SKU_1051_CLE,2023-10-01,554,126340.86,415444.6,principal
SKU_1051_LIG,2023-10-01,968,220754.42,725903.2,principal
SKU_1052_PAS,2023-10-01,554,51352.46,179994.6,principal
SKU_1052_FRE,2023-10-01,925,85741.92,300532.5,principal
SKU_1053_SHO,2023-10-01,235,24582.72,75176.5,principal
SKU_1053_NAV,2023-10-01,512,53558.94,163788.8,principal
SKU_1054_DEE,2023-10-01,375,47432.39,133087.5,principal
SKU_1054_PAS,2023-10-01,871,110169.62,309117.9,principal
SKU_1055_LIG,2023-10-01,611,229523.31,693423.9,principal
SKU_1055_PAL,2023-10-01,342,128472.95,388135.8,principal
SKU_1056_CRE,2023-10-01,399,31023.01,93725.1,principal
SKU_1056_OLI,2023-10-01,563,43774.32,132248.7,principal
SKU_1057_ROY,2023-10-01,869,52895.23,160678.1,principal
SKU_1058_MID,2023-10-01,550,34088.01,107195.0,principal
SKU_1058_SHO,2023-10-01,577,35761.42,112457.3,principal
SKU_1059_PEA,2023-10-01,883,84210.12,264811.7,principal
SKU_1059_OFF,2023-10-01,565,53883.03,169443.5,principal
SKU_1060_CRE,2023-10-01,386,131688.17,428421.4,principal
SKU_1060_LIM,2023-10-01,334,113947.79,370706.6,principal
SKU_1061_PAS,2023-10-01,414,47880.46,169698.6,principal
SKU_1061_EGR,2023-10-01,341,39437.77,139775.9,principal
SKU_1062_OLI,2023-10-01,415,23668.06,82958.5,principal
SKU_1062_MID,2023-10-01,529,30169.65,105747.1,principal
SKU_1063_SNO,2023-10-01,878,51462.48,162342.2,principal
SKU_1063_SAP,2023-10-01,505,29599.72,93374.5,principal
SKU_1064_PRI,2023-10-01,902,61047.68,171289.8,principal
SKU_1064_BIR,2023-10-01,398,26936.78,75580.2,principal
SKU_1065_CLE,2023-10-01,574,121860.82,370172.6,principal
SKU_1065_COB,2023-10-01,559,118676.3,360499.1,principal
SKU_1066_IVO,2023-10-01,995,59249.17,179000.5,principal
SKU_1066_WHI,2023-10-01,526,31321.67,94627.4,principal
SKU_1067_EME,2023-10-01,856,72107.9,226754.4,principal
SKU_1067_WHI,2023-10-01,497,41866.39,131655.3,principal
SKU_1068_COR,2023-10-01,521,137081.3,414142.9,principal
SKU_1068_BAL,2023-10-01,91,23943.18,72335.9,principal
SKU_1069_OLI,2023-10-01,376,65949.23,199242.4,principal
SKU_1069_CRE,2023-10-01,381,66826.22,201891.9,principal
SKU_1070_LIG,2023-10-01,529,60391.65,182452.1,principal
SKU_1070_MID,2023-10-01,597,68154.65,205905.3,principal
SKU_1071_BAB,2023-10-01,626,55620.78,168957.4,principal
SKU_1071_SKY,2023-10-01,959,85208.19,258834.1,principal
SKU_1072_PAS,2023-10-01,397,60434.08,182580.3,principal
SKU_1072_CER,2023-10-01,400,60890.76,183960.0,principal
SKU_1073_FRE,2023-10-01,892,94451.11,285350.8,principal
SKU_1073_BLU,2023-10-01,359,38013.4,114844.1,principal
SKU_1074_JAD,2023-10-01,546,36829.38,111875.4,principal
SKU_1074_PRI,2023-10-01,424,28600.11,86877.6,principal
SKU_1075_NAV,2023-10-01,909,83799.07,263519.1,principal
SKU_1075_LIG,2023-10-01,557,51348.83,161474.3,principal
SKU_1076_BLU,2023-10-01,193,13653.8,41475.7,principal
SKU_1076_POW,2023-10-01,547,38697.56,117550.3,principal
SKU_1077_NAV,2023-10-01,537,39259.1,123456.3,principal
SKU_1077_MAR,2023-10-01,369,26976.93,84833.1,principal
SKU_1078_GAR,2023-10-01,385,37941.06,119311.5,principal
SKU_1078_BLU,2023-10-01,869,85638.39,269303.1,principal
SKU_1079_BAB,2023-10-01,371,33574.42,101987.9,principal
SKU_1079_JAD,2023-10-01,876,79275.44,240812.4,principal
SKU_1080_TEA,2023-10-01,916,138332.67,435008.4,principal
SKU_1080_MAR,2023-10-01,312,47117.68,148168.8,principal
SKU_1081_EGR,2023-10-01,515,45251.1,144148.5,principal
SKU_1081_PAS,2023-10-01,899,78991.72,251630.1,principal
SKU_1082_PIN,2023-10-01,603,38918.92,126569.7,principal
SKU_1082_LIG,2023-10-01,965,62283.18,202553.5,principal
SKU_1083_OFF,2023-10-01,812,109903.04,373438.8,principal
SKU_1083_BAB,2023-10-01,391,52921.29,179820.9,principal
SKU_1084_DUS,2023-10-01,522,168969.99,516727.8,principal
SKU_1084_PAS,2023-10-01,354,114588.84,350424.6,principal
SKU_1085_COB,2023-10-01,360,58794.24,179964.0,principal
SKU_1085_CRE,2023-10-01,520,84925.01,259948.0,principal
SKU_1086_PRI,2023-10-01,416,36712.32,93558.4,principal
SKU_1086_CRE,2023-10-01,893,78807.93,200835.7,principal
SKU_1087_BIR,2023-10-01,556,80480.38,208444.4,principal
SKU_1087_SNO,2023-10-01,532,77006.41,199446.8,principal
SKU_1088_CER,2023-10-01,381,89666.48,272376.9,principal
SKU_1088_HON,2023-10-01,375,88254.4,268087.5,principal
SKU_1089_GAR,2023-10-01,638,62189.68,213666.2,principal
SKU_1089_EGR,2023-10-01,371,36163.59,124247.9,principal
SKU_1090_PAL,2023-10-01,928,40199.36,125187.2,principal
SKU_1090_WHI,2023-10-01,371,16071.08,50047.9,principal
SKU_1091_OFF,2023-10-01,329,27692.84,103602.1,principal
SKU_1091_MOS,2023-10-01,568,47810.13,178863.2,principal
SKU_1092_TUR,2023-10-01,905,97628.96,298559.5,principal
SKU_1092_MIN,2023-10-01,628,67746.94,207177.2,principal
SKU_1093_GAR,2023-10-01,405,168144.0,471784.5,principal
SKU_1093_TEA,2023-10-01,546,226683.02,636035.4,principal
SKU_1094_FOR,2023-10-01,348,31076.26,81745.2,principal
SKU_1094_DEE,2023-10-01,656,58580.53,154094.4,principal
SKU_1095_COB,2023-10-01,598,79709.26,242130.2,principal
SKU_1095_MAG,2023-10-01,102,13595.89,41299.8,principal
SKU_1096_HOT,2023-10-01,409,37686.52,114479.1,principal
SKU_1096_CLE,2023-10-01,505,46532.26,141349.5,principal
SKU_1097_AQU,2023-10-01,105,7468.85,22564.5,principal
SKU_1097_PAL,2023-10-01,877,62382.68,188467.3,principal
SKU_1098_HON,2023-10-01,350,39956.67,120715.0,principal
SKU_1098_HUN,2023-10-01,956,109138.78,329724.4,principal
SKU_1099_SAL,2023-10-01,366,27384.25,91463.4,principal
SKU_1099_PRI,2023-10-01,883,66066.38,220661.7,principal
SKU_1100_PEA,2023-10-01,533,26925.34,98551.7,principal
SKU_1100_COB,2023-10-01,128,6466.12,23667.2,principal
SKU_1101_CLE,2023-10-01,400,44361.11,165960.0,principal
SKU_1101_DEE,2023-10-01,878,97372.63,364282.2,principal
SKU_1102_FLA,2023-10-01,1020,293821.51,989298.0,principal
SKU_1102_OFF,2023-10-01,403,116088.3,390869.7,principal
SKU_1103_EGR,2023-10-01,941,46498.54,122235.9,principal
SKU_1103_LIG,2023-10-01,839,41458.31,108986.1,principal
SKU_1104_POW,2023-10-01,339,20186.4,60986.1,principal
SKU_1104_MEX,2023-10-01,360,21436.88,64764.0,principal
SKU_1105_ARM,2023-10-01,553,37301.55,113309.7,principal
SKU_1105_SER,2023-10-01,598,40336.94,122530.2,principal
SKU_1106_MYS,2023-10-01,530,131444.35,413347.0,principal
SKU_1106_SNO,2023-10-01,530,131444.35,413347.0,principal
SKU_1107_BAL,2023-10-01,963,315402.8,958088.7,principal
SKU_1107_PAS,2023-10-01,528,172931.13,525307.2,principal
SKU_1108_PRI,2023-10-01,524,43343.66,130947.6,principal
SKU_1108_SNO,2023-10-01,369,30522.54,92213.1,principal
SKU_1109_SAG,2023-10-01,534,33668.72,122766.6,principal
SKU_1109_CER,2023-10-01,1014,63932.73,233118.6,principal
SKU_1110_FLA,2023-10-01,954,60240.92,219324.6,principal
SKU_1110_HUN,2023-10-01,202,12755.42,46439.8,principal
SKU_1111_CRE,2023-10-01,509,28558.09,106839.1,principal
SKU_1111_BLU,2023-10-01,388,21769.23,81441.2,principal
SKU_1112_MIN,2023-10-01,859,70133.31,236139.1,principal
SKU_1112_EGR,2023-10-01,532,43435.3,146246.8,principal
SKU_1113_VAN,2023-10-01,414,30037.67,76548.6,principal
SKU_1113_OLI,2023-10-01,382,27715.92,70631.8,principal
SKU_1114_GAR,2023-10-01,861,113967.9,344313.9,principal
SKU_1114_PRI,2023-10-01,399,52814.39,159560.1,principal
SKU_1115_LIM,2023-10-01,374,26603.33,80372.6,principal
SKU_1115_TEA,2023-10-01,554,39407.07,119054.6,principal
SKU_1116_MOS,2023-10-01,568,44857.85,136263.2,principal
SKU_1116_SNO,2023-10-01,903,71314.5,216629.7,principal
SKU_1117_MOS,2023-10-01,862,62742.31,189553.8,principal
SKU_1117_MIN,2023-10-01,369,26858.37,81143.1,principal
SKU_1118_FUC,2023-10-01,496,48415.5,146270.4,principal
SKU_1118_DUS,2023-10-01,359,35042.67,105869.1,principal
SKU_1119_PAS,2023-10-01,524,24132.86,73307.6,principal
SKU_1119_LIG,2023-10-01,199,9164.96,27840.1,principal
SKU_1120_AQU,2023-10-01,364,27768.9,87323.6,principal
SKU_1120_SAL,2023-10-01,548,41805.93,131465.2,principal
SKU_1121_MYS,2023-10-01,407,33482.7,101709.3,principal
SKU_1121_MIN,2023-10-01,572,47056.77,142942.8,principal
SKU_1122_ROY,2023-10-01,960,135016.22,407904.0,principal
SKU_1122_PIS,2023-10-01,409,57522.54,173784.1,principal
SKU_1123_BAB,2023-10-01,484,68871.7,208071.6,principal
SKU_1123_SER,2023-10-01,342,48665.54,147025.8,principal
SKU_1124_BLU,2023-10-01,571,71411.02,216922.9,principal
SKU_1124_FOR,2023-10-01,557,69660.14,211604.3,principal
SKU_1125_MIN,2023-10-01,580,30530.67,92742.0,principal
SKU_1125_SAP,2023-10-01,350,18423.68,55965.0,principal
SKU_1126_WHI,2023-10-01,709,160731.65,485594.1,principal
SKU_1126_WHI,2023-10-01,709,160731.65,485594.1,principal
SKU_1127_SAL,2023-10-01,930,61200.58,185907.0,principal
SKU_1127_BLU,2023-10-01,876,57647.0,175112.4,principal
SKU_1128_PRI,2023-10-01,610,82312.84,250039.0,principal
SKU_1128_TEA,2023-10-01,392,52896.12,160680.8,principal
SKU_1129_VAN,2023-10-01,570,72619.08,219393.0,principal
SKU_1129_SAG,2023-10-01,832,105998.38,320236.8,principal
SKU_1130_CRE,2023-10-01,510,37755.05,127449.0,principal
SKU_1130_MEX,2023-10-01,564,41752.64,140943.6,principal
SKU_1131_CLO,2023-10-01,579,156952.19,512357.1,principal
SKU_1131_JAD,2023-10-01,499,135266.23,441565.1,principal
SKU_1132_NAV,2023-10-01,116,5970.88,20288.4,principal
SKU_1132_CLE,2023-10-01,452,23265.83,79054.8,principal
SKU_1133_MOS,2023-10-01,813,219705.36,739748.7,principal
SKU_1133_PEA,2023-10-01,386,104312.76,351221.4,principal
SKU_1134_DUS,2023-10-01,354,31240.77,79614.6,principal
SKU_1134_PIN,2023-10-01,400,35300.3,89960.0,principal
SKU_1135_ROS,2023-10-01,376,25714.93,67642.4,principal
SKU_1135_MAR,2023-10-01,892,61004.58,160470.8,principal
SKU_1136_SNO,2023-10-01,881,72477.3,220161.9,principal
SKU_1136_FUC,2023-10-01,815,67047.67,203668.5,principal
SKU_1137_DEE,2023-10-01,514,66181.71,208118.6,principal
SKU_1137_PAL,2023-10-01,586,75452.31,237271.4,principal
SKU_1138_PEA,2023-10-01,975,69730.24,219277.5,principal
SKU_1138_HON,2023-10-01,380,27176.92,85462.0,principal
SKU_1139_PRI,2023-10-01,574,55079.26,166402.6,principal
SKU_1139_EGR,2023-10-01,864,82906.76,250473.6,principal
SKU_1140_SNO,2023-10-01,927,55405.84,185307.3,principal
SKU_1140_ROS,2023-10-01,563,33649.94,112543.7,principal
SKU_1141_SKY,2023-10-01,342,37764.23,124795.8,principal
SKU_1141_CLE,2023-10-01,984,108654.98,359061.6,principal
SKU_1142_MIN,2023-10-01,529,48062.44,179807.1,principal
SKU_1142_PAS,2023-10-01,908,82496.59,308629.2,principal
SKU_1143_IVO,2023-10-01,389,24791.86,75816.1,principal
SKU_1143_SNO,2023-10-01,324,20649.27,63147.6,principal
SKU_1144_SEA,2023-10-01,570,71531.56,188043.0,principal
SKU_1144_BUB,2023-10-01,962,120725.19,317363.8,principal
SKU_1145_MOS,2023-10-01,372,55397.09,167362.8,principal
SKU_1145_LIG,2023-10-01,404,60162.43,181759.6,principal
SKU_1146_FRE,2023-10-01,539,83378.49,253276.1,principal
SKU_1146_CER,2023-10-01,546,84461.33,256565.4,principal
SKU_1147_COR,2023-10-01,432,50032.9,151156.8,principal
SKU_1147_MEX,2023-10-01,92,10655.15,32190.8,principal
SKU_1148_TEA,2023-10-01,817,117608.7,355313.3,principal
SKU_1148_SPA,2023-10-01,965,138913.58,419678.5,principal
SKU_1149_IVO,2023-10-01,384,19525.71,61401.6,principal
SKU_1149_OLI,2023-10-01,962,48915.97,153823.8,principal
SKU_1150_SAG,2023-10-01,906,180328.35,575219.4,principal
SKU_1150_VAN,2023-10-01,412,82003.62,261578.8,principal
SKU_1151_CRE,2023-10-01,374,92486.58,302902.6,principal
SKU_1151_JAD,2023-10-01,570,140955.49,461643.0,principal
SKU_1152_CLO,2023-10-01,942,255548.37,956035.8,principal
SKU_1152_WHI,2023-10-01,522,141609.61,529777.8,principal
SKU_1153_PEA,2023-10-01,569,63355.48,213318.1,principal
SKU_1153_MOS,2023-10-01,368,40975.07,137963.2,principal
SKU_1154_VAN,2023-10-01,350,73463.17,187215.0,principal
SKU_1154_PEA,2023-10-01,363,76191.8,194168.7,principal
SKU_1155_ARM,2023-10-01,400,117834.39,309960.0,principal
SKU_1155_BAB,2023-10-01,558,164378.98,432394.2,principal
SKU_1156_FLA,2023-10-01,947,85796.5,269800.3,principal
SKU_1156_EGR,2023-10-01,871,78911.03,248147.9,principal
SKU_1157_DEE,2023-10-01,368,23005.55,69883.2,principal
SKU_1157_PAS,2023-10-01,376,23505.67,71402.4,principal
SKU_1158_AQU,2023-10-01,592,129877.81,408420.8,principal
SKU_1158_MYS,2023-10-01,527,115617.58,363577.3,principal
SKU_1159_PAS,2023-10-01,885,52699.01,159211.5,principal
SKU_1159_PRI,2023-10-01,351,20900.96,63144.9,principal
SKU_1160_DUS,2023-10-01,410,27806.98,84009.0,principal
SKU_1160_LIM,2023-10-01,808,54800.1,165559.2,principal
SKU_1161_MEX,2023-10-01,528,74258.92,224347.2,principal
SKU_1161_DUS,2023-10-01,352,49505.95,149564.8,principal
SKU_1162_HOT,2023-10-01,386,93276.21,293321.4,principal
SKU_1162_BUB,2023-10-01,419,101250.6,318398.1,principal
SKU_1163_HUN,2023-10-01,568,46727.7,141943.2,principal
SKU_1163_SPA,2023-10-01,402,33071.37,100459.8,principal
SKU_1164_BRI,2023-10-01,950,60389.79,189905.0,principal
SKU_1164_MIN,2023-10-01,547,34771.81,109345.3,principal
SKU_1165_HUN,2023-10-01,374,40424.99,127122.6,principal
SKU_1165_MAR,2023-10-01,557,60205.13,189324.3,principal
SKU_1166_PIS,2023-10-01,366,70403.1,221393.4,principal
SKU_1166_FRE,2023-10-01,933,179470.2,564371.7,principal
SKU_1167_WHI,2023-10-01,867,205373.4,645828.3,principal
SKU_1167_JAD,2023-10-01,368,87171.18,274123.2,principal
SKU_1168_GAR,2023-10-01,583,146640.18,443021.7,principal
SKU_1168_BLU,2023-10-01,379,95328.7,288002.1,principal
SKU_1169_BUB,2023-10-01,892,56702.83,178310.8,principal
SKU_1169_MEX,2023-10-01,939,59690.54,187706.1,principal
SKU_1170_GAR,2023-10-01,880,259248.95,787512.0,principal
SKU_1170_OFF,2023-10-01,865,254829.93,774088.5,principal
SKU_1171_MIN,2023-10-01,512,28983.67,94668.8,principal
SKU_1171_EME,2023-10-01,405,22926.53,74884.5,principal
SKU_1172_ARM,2023-10-01,782,86362.1,281441.8,principal
SKU_1172_PIN,2023-10-01,367,40530.55,132083.3,principal
SKU_1173_GAR,2023-10-01,822,71340.62,242407.8,principal
SKU_1173_AQU,2023-10-01,873,75766.86,257447.7,principal
SKU_1174_PEA,2023-10-01,556,36995.29,116704.4,principal
SKU_1174_BLU,2023-10-01,361,24020.33,75773.9,principal
SKU_1175_FUC,2023-10-01,505,44529.05,136299.5,principal
SKU_1175_CLE,2023-10-01,540,47615.22,145746.0,principal
SKU_1176_GAR,2023-10-01,615,76009.06,199813.5,principal
SKU_1176_NAV,2023-10-01,967,119513.43,314178.3,principal
SKU_1177_MIN,2023-10-01,372,29378.73,89242.8,principal
SKU_1177_PEA,2023-10-01,380,30010.53,91162.0,principal
SKU_1178_RAS,2023-10-01,599,60935.19,191620.1,principal
SKU_1178_MID,2023-10-01,947,96336.61,302945.3,principal
SKU_1179_TUR,2023-10-01,553,59772.77,187964.7,principal
SKU_1179_VAN,2023-10-01,933,100846.29,317126.7,principal
SKU_1180_ROY,2023-10-01,404,61674.19,214079.6,principal
SKU_1180_AQU,2023-10-01,528,80603.89,279787.2,principal
SKU_1181_AQU,2023-10-01,1004,90125.32,291059.6,principal
SKU_1181_SER,2023-10-01,376,33752.11,109002.4,principal
SKU_1182_BIR,2023-10-01,864,219023.53,725673.6,principal
SKU_1182_PIN,2023-10-01,876,222065.53,735752.4,principal
SKU_1183_POW,2023-10-01,880,190755.53,571912.0,principal
SKU_1183_MOS,2023-10-01,383,83022.01,248911.7,principal
SKU_1184_HOT,2023-10-01,397,47296.08,134940.3,principal
SKU_1184_BAB,2023-10-01,205,24422.41,69679.5,principal
SKU_1185_BAL,2023-10-01,868,325263.44,859233.2,principal
SKU_1185_MAG,2023-10-01,864,323764.53,855273.6,principal
SKU_1186_FLA,2023-10-01,531,83014.99,252171.9,principal
SKU_1186_MEX,2023-10-01,897,140234.36,425985.3,principal
SKU_1187_JAD,2023-10-01,867,88934.17,268683.3,principal
SKU_1187_OLI,2023-10-01,908,93139.83,281389.2,principal
SKU_1188_TEA,2023-10-01,837,66463.58,200796.3,principal
SKU_1188_BAB,2023-10-01,806,64001.96,193359.4,principal
SKU_1189_FUC,2023-10-01,383,29778.98,89966.7,principal
SKU_1189_ROY,2023-10-01,954,74175.31,224094.6,principal
SKU_1190_TEA,2023-10-01,349,58846.1,202385.1,principal
SKU_1190_MAG,2023-10-01,916,154449.93,531188.4,principal
SKU_1191_MIN,2023-10-01,521,29987.85,96332.9,principal
SKU_1191_MYS,2023-10-01,835,48061.15,154391.5,principal
SKU_1192_MAR,2023-10-01,867,55829.05,203658.3,principal
SKU_1192_RAS,2023-10-01,360,23181.61,84564.0,principal
SKU_1193_CLE,2023-10-01,348,48932.35,154825.2,principal
SKU_1193_ROS,2023-10-01,853,119940.5,379499.7,principal
SKU_1194_FLA,2023-10-01,546,42107.84,120065.4,principal
SKU_1194_SAG,2023-10-01,897,69177.16,197250.3,principal
SKU_1195_HUN,2023-10-01,364,58318.34,171043.6,principal
SKU_1195_SAL,2023-10-01,199,31882.83,93510.1,principal
SKU_1196_PEA,2023-10-01,133,15727.96,40551.7,principal
SKU_1196_RAS,2023-10-01,547,64685.66,166780.3,principal
SKU_1197_ROS,2023-10-01,547,143139.55,434810.3,principal
SKU_1197_COR,2023-10-01,504,131887.26,400629.6,principal
SKU_1198_SEA,2023-10-01,882,93931.41,295381.8,principal
SKU_1198_SAL,2023-10-01,320,34079.42,107168.0,principal
SKU_1199_PAL,2023-10-01,371,21347.38,77872.9,principal
SKU_1199_TEA,2023-10-01,865,49772.18,181563.5,principal
SKU_1200_MID,2023-10-01,419,22320.13,75378.1,principal
SKU_1200_PAS,2023-10-01,376,20029.52,67642.4,principal
SKU_1201_BIR,2023-10-01,322,49734.96,156137.8,principal
SKU_1201_SAG,2023-10-01,594,91747.11,288030.6,principal
SKU_1202_LIG,2023-10-01,573,169926.1,466937.7,principal
SKU_1202_CLE,2023-10-01,926,274610.07,754597.4,principal
SKU_1203_OFF,2023-10-01,198,54674.15,150460.2,principal
SKU_1203_FLA,2023-10-01,855,236092.93,649714.5,principal
SKU_1204_AQU,2023-10-01,339,45762.45,118616.1,principal
SKU_1204_MIN,2023-10-01,586,79105.59,205041.4,principal
SKU_1205_RAS,2023-10-01,534,140501.75,424476.6,principal
SKU_1205_COR,2023-10-01,853,224434.45,678049.7,principal
SKU_1206_HUN,2023-10-01,575,78965.84,238567.5,principal
SKU_1206_BLA,2023-10-01,547,75120.55,226950.3,principal
SKU_1207_POW,2023-10-01,580,194735.63,591542.0,principal
SKU_1207_BLA,2023-10-01,481,161496.27,490571.9,principal
SKU_1208_PAS,2023-10-01,342,83819.59,220555.8,principal
SKU_1208_MOS,2023-10-01,356,87250.8,229584.4,principal
SKU_1209_BLA,2023-10-01,389,41985.87,108881.1,principal
SKU_1209_DUS,2023-10-01,856,92390.49,239594.4,principal
SKU_1210_SHO,2023-10-01,929,74463.1,190352.1,principal
SKU_1210_WHI,2023-10-01,930,74543.25,190557.0,principal
SKU_1211_GAR,2023-10-01,936,98571.17,299426.4,principal
SKU_1211_CRE,2023-10-01,921,96991.5,294627.9,principal
SKU_1212_COB,2023-10-01,414,28950.27,91038.6,principal
SKU_1212_SNO,2023-10-01,913,63844.45,200768.7,principal
SKU_1213_MAG,2023-10-01,360,103686.15,314964.0,principal
SKU_1213_POW,2023-10-01,547,157545.34,478570.3,principal
SKU_1214_BLA,2023-10-01,873,82081.69,261812.7,principal
SKU_1214_RAS,2023-10-01,365,34318.23,109463.5,principal
SKU_1215_MAG,2023-10-01,382,26362.28,84001.8,principal
SKU_1215_BRI,2023-10-01,815,56244.14,179218.5,principal
SKU_1216_WHI,2023-10-01,996,151724.93,567620.4,principal
SKU_1216_CRE,2023-10-01,596,90791.22,339660.4,principal
SKU_1217_ROS,2023-10-01,553,143729.29,453404.7,principal
SKU_1217_RAS,2023-10-01,876,227679.67,718232.4,principal
SKU_1218_BLU,2023-10-01,391,100480.26,256065.9,principal
SKU_1218_SNO,2023-10-01,352,90457.93,230524.8,principal
SKU_1219_MAR,2023-10-01,555,83319.48,219169.5,principal
SKU_1219_LIM,2023-10-01,402,60350.32,158749.8,principal
SKU_1220_TUR,2023-10-01,409,41277.06,124704.1,principal
SKU_1220_HOT,2023-10-01,531,53589.53,161901.9,principal
SKU_1221_SAG,2023-10-01,386,90207.51,283671.4,principal
SKU_1221_PAL,2023-10-01,121,28277.48,88922.9,principal
SKU_1222_PAS,2023-10-01,530,147414.77,447797.0,principal
SKU_1222_HON,2023-10-01,897,249492.55,757875.3,principal
SKU_1223_TEA,2023-10-01,602,28716.05,87229.8,principal
SKU_1223_BLA,2023-10-01,872,41595.34,126352.8,principal
SKU_1224_OLI,2023-10-01,522,70820.94,216577.8,principal
SKU_1224_ARM,2023-10-01,835,113286.37,346441.5,principal
SKU_1225_POW,2023-10-01,369,24022.57,79298.1,principal
SKU_1225_IVO,2023-10-01,962,62627.94,206733.8,principal
SKU_1226_PAL,2023-10-01,556,76918.14,269604.4,principal
SKU_1226_LIG,2023-10-01,378,52293.26,183292.2,principal
SKU_1227_CLO,2023-10-01,571,67817.84,228342.9,principal
SKU_1227_PAS,2023-10-01,415,49289.67,165958.5,principal
SKU_1228_WHI,2023-10-01,963,109547.76,279173.7,principal
SKU_1228_SPA,2023-10-01,851,96807.0,246704.9,principal
SKU_1229_SAL,2023-10-01,846,239484.9,727475.4,principal
SKU_1229_CLO,2023-10-01,956,270623.6,822064.4,principal
SKU_1230_ROS,2023-10-01,882,116112.72,352711.8,principal
SKU_1230_NAV,2023-10-01,940,123748.26,375906.0,principal
SKU_1231_LIG,2023-10-01,915,145344.91,439108.5,principal
SKU_1231_BIR,2023-10-01,328,52101.78,157407.2,principal
SKU_1232_AQU,2023-10-01,337,39588.03,119601.3,principal
SKU_1232_FOR,2023-10-01,115,13509.27,40813.5,principal
SKU_1233_JAD,2023-10-01,550,43436.29,131945.0,principal
SKU_1233_SEA,2023-10-01,946,74710.43,226945.4,principal
SKU_1234_MOS,2023-10-01,340,22598.68,69666.0,principal
SKU_1234_SAL,2023-10-01,106,7045.47,21719.4,principal
SKU_1235_HUN,2023-10-01,527,71435.93,247637.3,principal
SKU_1235_COR,2023-10-01,391,53000.85,183730.9,principal
SKU_1236_DEE,2023-10-01,854,150875.33,486694.6,principal
SKU_1236_LIM,2023-10-01,421,74377.65,239927.9,principal
SKU_1237_BAB,2023-10-01,908,259026.49,907909.2,principal
SKU_1237_GAR,2023-10-01,576,164316.37,575942.4,principal
SKU_1238_SAP,2023-10-01,393,57294.8,180740.7,principal
SKU_1238_TUR,2023-10-01,251,36592.86,115434.9,principal
SKU_1239_BAB,2023-10-01,341,40199.11,105675.9,principal
SKU_1239_MID,2023-10-01,805,94898.2,249469.5,principal
SKU_1240_PAL,2023-10-01,1008,331800.42,1007899.2,principal
SKU_1240_MOS,2023-10-01,379,124754.32,378962.1,principal
SKU_1241_BAL,2023-10-01,817,96797.41,294038.3,principal
SKU_1241_FLA,2023-10-01,542,64215.66,195065.8,principal
SKU_1242_AQU,2023-10-01,550,55076.01,173195.0,principal
SKU_1242_SKY,2023-10-01,408,40856.39,128479.2,principal
SKU_1243_SNO,2023-10-01,544,44097.67,133225.6,principal
SKU_1243_PIN,2023-10-01,957,77576.24,234369.3,principal
SKU_1244_COB,2023-10-01,978,90160.06,283522.2,principal
SKU_1244_GAR,2023-10-01,835,76977.15,242066.5,principal
SKU_1245_COB,2023-10-01,332,20544.37,69686.8,principal
SKU_1245_SNO,2023-10-01,187,11571.68,39251.3,principal
SKU_1246_PAL,2023-10-01,910,74920.47,268359.0,principal
SKU_1246_COR,2023-10-01,371,30544.5,109407.9,principal
SKU_1247_SAP,2023-10-01,366,18785.12,65843.4,principal
SKU_1247_SKY,2023-10-01,391,20068.26,70340.9,principal
SKU_1248_AQU,2023-10-01,334,18556.14,56746.6,principal
SKU_1248_SAG,2023-10-01,349,19389.5,59295.1,principal
SKU_1249_WHI,2023-10-01,520,53388.38,140348.0,principal
SKU_1249_ARM,2023-10-01,910,93429.66,245609.0,principal
SKU_1250_AQU,2023-10-01,841,71955.19,218575.9,principal
SKU_1250_BAB,2023-10-01,888,75976.46,230791.2,principal
SKU_1251_SHO,2023-10-01,342,103568.23,314605.8,principal
SKU_1251_COB,2023-10-01,388,117498.46,356921.2,principal
SKU_1252_NAV,2023-10-01,541,38691.35,121670.9,principal
SKU_1252_FLA,2023-10-01,548,39191.97,123245.2,principal
SKU_1253_SEA,2023-10-01,549,65045.01,197585.1,principal
SKU_1253_FRE,2023-10-01,546,64689.58,196505.4,principal
SKU_1254_SEA,2023-10-01,395,24828.48,75010.5,principal
SKU_1254_BAB,2023-10-01,344,21622.77,65325.6,principal
SKU_1255_VAN,2023-10-01,767,114345.08,368083.3,principal
SKU_1255_SHO,2023-10-01,396,59036.05,190040.4,principal
SKU_1256_SEA,2023-10-01,934,184724.25,607006.6,principal
SKU_1256_MID,2023-10-01,399,78913.25,259310.1,principal
SKU_1257_SPA,2023-10-01,523,30573.52,107162.7,principal
SKU_1257_EME,2023-10-01,363,21220.24,74378.7,principal
SKU_1258_AQU,2023-10-01,492,38708.25,130330.8,principal
SKU_1258_LIG,2023-10-01,358,28165.76,94834.2,principal
SKU_1259_ARM,2023-10-01,339,43482.97,122006.1,principal
SKU_1259_POW,2023-10-01,196,25140.6,70540.4,principal
SKU_1260_WHI,2023-10-01,568,63903.92,193063.2,principal
SKU_1260_ROY,2023-10-01,925,104068.88,314407.5,principal
SKU_1261_PAS,2023-10-01,1097,178724.42,542905.3,principal
SKU_1261_PAS,2023-10-01,1097,178724.42,542905.3,principal
SKU_1262_BLU,2023-10-01,578,52593.32,158892.2,principal
SKU_1262_OFF,2023-10-01,206,18744.33,56629.4,principal
SKU_1263_COB,2023-10-01,118,7182.55,21818.2,principal
SKU_1263_SKY,2023-10-01,380,23130.25,70262.0,principal
SKU_1264_EGR,2023-10-01,994,194364.97,611210.6,principal
SKU_1264_BRI,2023-10-01,395,77237.59,242885.5,principal
SKU_1265_CRE,2023-10-01,374,27222.3,82242.6,principal
SKU_1265_JAD,2023-10-01,410,29842.63,90159.0,principal
SKU_1266_MEX,2023-10-01,545,53806.26,163445.5,principal
SKU_1266_SPA,2023-10-01,592,58446.43,177540.8,principal
SKU_1267_SKY,2023-10-01,403,44673.32,134964.7,principal
SKU_1267_SAP,2023-10-01,348,38576.46,116545.2,principal
SKU_1268_MYS,2023-10-01,881,93824.91,295046.9,principal
SKU_1268_MAR,2023-10-01,560,59638.99,187544.0,principal
SKU_1269_BAB,2023-10-01,367,125636.97,381643.3,principal
SKU_1269_CER,2023-10-01,367,125636.97,381643.3,principal
SKU_1270_CRE,2023-10-01,609,38071.68,115649.1,principal
SKU_1270_TUR,2023-10-01,928,58013.99,176227.2,principal
SKU_1271_OLI,2023-10-01,373,109272.24,331932.7,principal
SKU_1271_FLA,2023-10-01,805,235828.84,716369.5,principal
SKU_1272_PAS,2023-10-01,588,73939.18,223381.2,principal
SKU_1272_TEA,2023-10-01,542,68154.82,205905.8,principal
SKU_1273_PAS,2023-10-01,565,137429.58,432168.5,principal
SKU_1273_EGR,2023-10-01,546,132808.06,417635.4,principal
SKU_1274_MEX,2023-10-01,539,45404.39,142781.1,principal
SKU_1274_BAL,2023-10-01,415,34958.85,109933.5,principal
SKU_1275_MIN,2023-10-01,567,34512.77,104838.3,principal
SKU_1275_BIR,2023-10-01,361,21973.74,66748.9,principal
SKU_1000_COR,2023-11-01,144,14148.39,51825.6,principal
SKU_1000_EME,2023-11-01,846,50554.45,173345.4,principal
SKU_1000_ROY,2023-11-01,316,18883.22,64748.4,principal
SKU_1001_AQU,2023-11-01,787,197722.16,739701.3,principal
SKU_1001_SAP,2023-11-01,877,220333.33,824292.3,principal
SKU_1002_COR,2023-11-01,396,30417.67,93020.4,principal
SKU_1002_MYS,2023-11-01,758,58223.72,178054.2,principal
SKU_1003_SNO,2023-11-01,436,62429.43,159096.4,principal
SKU_1003_DUS,2023-11-01,867,124142.92,316368.3,principal
SKU_1004_FOR,2023-11-01,20,2280.2,5998.0,principal
SKU_1004_MEX,2023-11-01,422,48112.21,126557.8,principal
SKU_1005_OLI,2023-11-01,452,27512.82,83574.8,principal
SKU_1005_MYS,2023-11-01,120,7304.29,22188.0,principal
SKU_1006_MOS,2023-11-01,410,24759.16,77859.0,principal
SKU_1006_FOR,2023-11-01,752,45411.93,142804.8,principal
SKU_1007_COB,2023-11-01,863,80930.59,254498.7,principal
SKU_1007_FOR,2023-11-01,286,26820.57,84341.4,principal
SKU_1008_MEX,2023-11-01,463,49791.9,150428.7,principal
SKU_1008_WHI,2023-11-01,440,47318.44,142956.0,principal
SKU_1009_BAB,2023-11-01,494,70256.94,254360.6,principal
SKU_1009_MAG,2023-11-01,59,8391.01,30379.1,principal
SKU_1010_SNO,2023-11-01,797,90222.47,302780.3,principal
SKU_1010_BRI,2023-11-01,93,10527.84,35330.7,principal
SKU_1011_CER,2023-11-01,279,19382.48,72512.1,principal
SKU_1011_MIN,2023-11-01,245,17020.46,63675.5,principal
SKU_1012_VAN,2023-11-01,316,91027.05,306488.4,principal
SKU_1012_CLO,2023-11-01,296,85265.85,287090.4,principal
SKU_1013_LIG,2023-11-01,1440,98544.9,259056.0,principal
SKU_1013_LIG,2023-11-01,1440,98544.9,259056.0,principal
SKU_1014_FLA,2023-11-01,258,34150.66,103174.2,principal
SKU_1014_MIN,2023-11-01,487,64462.68,194751.3,principal
SKU_1015_ROY,2023-11-01,467,144514.04,436598.3,principal
SKU_1015_TUR,2023-11-01,722,223424.27,674997.8,principal
SKU_1016_HON,2023-11-01,215,15293.36,46203.5,principal
SKU_1016_SNO,2023-11-01,137,9745.07,29441.3,principal
SKU_1017_PAS,2023-11-01,872,41566.67,130712.8,principal
SKU_1017_BAL,2023-11-01,790,37657.88,118421.0,principal
SKU_1018_TEA,2023-11-01,851,32447.1,102034.9,principal
SKU_1018_ARM,2023-11-01,852,32485.23,102154.8,principal
SKU_1019_NAV,2023-11-01,231,19009.26,61191.9,principal
SKU_1019_GAR,2023-11-01,255,20984.25,67549.5,principal
SKU_1020_NAV,2023-11-01,227,13809.22,45377.3,principal
SKU_1020_LIG,2023-11-01,772,46963.51,154322.8,principal
SKU_1021_CRE,2023-11-01,766,58333.79,218233.4,principal
SKU_1021_PAS,2023-11-01,513,39066.88,146153.7,principal
SKU_1022_PAL,2023-11-01,285,29813.08,91171.5,principal
SKU_1022_DEN,2023-11-01,428,44771.92,136917.2,principal
SKU_1023_DEN,2023-11-01,467,51291.9,130713.3,principal
SKU_1023_FOR,2023-11-01,494,54257.38,138270.6,principal
SKU_1024_VAN,2023-11-01,501,39977.59,105159.9,principal
SKU_1024_DEN,2023-11-01,253,20188.28,53104.7,principal
SKU_1025_WHI,2023-11-01,450,69389.19,218205.0,principal
SKU_1025_MIN,2023-11-01,801,123512.76,388404.9,principal
SKU_1026_CLO,2023-11-01,278,37970.65,115342.2,principal
SKU_1026_SPA,2023-11-01,426,58185.24,176747.4,principal
SKU_1027_MAR,2023-11-01,335,44731.95,140666.5,principal
SKU_1027_BIR,2023-11-01,310,41393.74,130169.0,principal
SKU_1028_BLU,2023-11-01,296,59291.23,186450.4,principal
SKU_1028_AQU,2023-11-01,416,83328.21,262038.4,principal
SKU_1029_BLU,2023-11-01,286,22273.17,70041.4,principal
SKU_1029_BAL,2023-11-01,270,21027.11,66123.0,principal
SKU_1030_CRE,2023-11-01,733,151487.79,476376.7,principal
SKU_1030_DEN,2023-11-01,243,50220.37,157925.7,principal
SKU_1031_COR,2023-11-01,280,44013.73,132972.0,principal
SKU_1031_HON,2023-11-01,255,40083.93,121099.5,principal
SKU_1032_EME,2023-11-01,462,50671.33,159343.8,principal
SKU_1032_HON,2023-11-01,278,30490.54,95882.2,principal
SKU_1033_NAV,2023-11-01,509,105194.11,330799.1,principal
SKU_1033_LIM,2023-11-01,800,165334.56,519920.0,principal
SKU_1034_PAS,2023-11-01,809,57232.77,173854.1,principal
SKU_1034_PIS,2023-11-01,293,20728.31,62965.7,principal
SKU_1035_SAP,2023-11-01,851,177227.73,557319.9,principal
SKU_1035_FUC,2023-11-01,508,105795.17,332689.2,principal
SKU_1036_BIR,2023-11-01,412,101709.24,308958.8,principal
SKU_1036_MID,2023-11-01,280,69122.78,209972.0,principal
SKU_1037_PRI,2023-11-01,252,16820.55,52894.8,principal
SKU_1037_SPA,2023-11-01,458,30570.68,96134.2,principal
SKU_1038_LIG,2023-11-01,236,19129.74,60156.4,principal
SKU_1038_FLA,2023-11-01,305,24722.75,77744.5,principal
SKU_1039_ARM,2023-11-01,425,21790.56,65832.5,principal
SKU_1039_MIN,2023-11-01,275,14099.77,42597.5,principal
SKU_1040_BLA,2023-11-01,243,26144.55,85025.7,principal
SKU_1040_BAB,2023-11-01,439,47232.34,153606.1,principal
SKU_1041_EME,2023-11-01,451,29511.47,99174.9,principal
SKU_1041_SNO,2023-11-01,397,25977.95,87300.3,principal
SKU_1042_SEA,2023-11-01,763,70711.08,240268.7,principal
SKU_1042_EME,2023-11-01,486,45040.08,153041.4,principal
SKU_1043_SPA,2023-11-01,736,191246.14,643926.4,principal
SKU_1043_CER,2023-11-01,424,110174.41,370957.6,principal
SKU_1044_SER,2023-11-01,871,284909.29,748972.9,principal
SKU_1044_COR,2023-11-01,293,95842.05,251950.7,principal
SKU_1045_FOR,2023-11-01,250,24225.7,63725.0,principal
SKU_1045_BUB,2023-11-01,472,45738.11,120312.8,principal
SKU_1046_SNO,2023-11-01,78,4128.3,12472.2,principal
SKU_1046_PAS,2023-11-01,417,22070.52,66678.3,principal
SKU_1047_ROY,2023-11-01,464,32237.28,97393.6,principal
SKU_1047_DEE,2023-11-01,250,17369.22,52475.0,principal
SKU_1048_MAR,2023-11-01,479,37829.06,114912.1,principal
SKU_1048_PEA,2023-11-01,0,0.0,0.0,principal
SKU_1049_BAL,2023-11-01,476,118292.23,359332.4,principal
SKU_1049_LIG,2023-11-01,314,78033.11,237038.6,principal
SKU_1050_BUB,2023-11-01,0,0.0,0.0,principal
SKU_1050_PRI,2023-11-01,303,26943.07,92384.7,principal
SKU_1051_CLE,2023-11-01,453,103307.6,339704.7,principal
SKU_1051_LIG,2023-11-01,871,198633.37,653162.9,principal
SKU_1052_PAS,2023-11-01,456,42268.45,148154.4,principal
SKU_1052_FRE,2023-11-01,832,77121.38,270316.8,principal
SKU_1053_SHO,2023-11-01,140,14645.02,44786.0,principal
SKU_1053_NAV,2023-11-01,417,43621.24,133398.3,principal
SKU_1054_DEE,2023-11-01,282,35669.15,100081.8,principal
SKU_1054_PAS,2023-11-01,760,96129.63,269724.0,principal
SKU_1055_LIG,2023-11-01,497,186698.99,564045.3,principal
SKU_1055_PAL,2023-11-01,242,90907.76,274645.8,principal
SKU_1056_CRE,2023-11-01,298,23170.07,70000.2,principal
SKU_1056_OLI,2023-11-01,471,36621.14,110637.9,principal
SKU_1057_ROY,2023-11-01,779,47417.01,144037.1,principal
SKU_1058_MID,2023-11-01,429,26588.65,83612.1,principal
SKU_1058_SHO,2023-11-01,473,29315.69,92187.7,principal
SKU_1059_PEA,2023-11-01,772,73624.25,231522.8,principal
SKU_1059_OFF,2023-11-01,473,45109.16,141852.7,principal
SKU_1060_CRE,2023-11-01,286,97572.06,317431.4,principal
SKU_1060_LIM,2023-11-01,249,84949.1,276365.1,principal
SKU_1061_PAS,2023-11-01,310,35852.52,127069.0,principal
SKU_1061_EGR,2023-11-01,240,27756.79,98376.0,principal
SKU_1062_OLI,2023-11-01,310,17679.76,61969.0,principal
SKU_1062_MID,2023-11-01,425,24238.37,84957.5,principal
SKU_1063_SNO,2023-11-01,773,45308.08,142927.7,principal
SKU_1063_SAP,2023-11-01,392,22976.41,72480.8,principal
SKU_1064_PRI,2023-11-01,796,53873.57,151160.4,principal
SKU_1064_BIR,2023-11-01,286,19356.58,54311.4,principal
SKU_1065_CLE,2023-11-01,483,102541.42,311486.7,principal
SKU_1065_COB,2023-11-01,466,98932.3,300523.4,principal
SKU_1066_IVO,2023-11-01,894,53234.93,160830.6,principal
SKU_1066_WHI,2023-11-01,436,25962.45,78436.4,principal
SKU_1067_EME,2023-11-01,765,64442.22,202648.5,principal
SKU_1067_WHI,2023-11-01,398,33526.8,105430.2,principal
SKU_1068_COR,2023-11-01,422,111033.22,335447.8,principal
SKU_1068_BAL,2023-11-01,0,0.0,0.0,principal
SKU_1069_OLI,2023-11-01,291,51040.5,154200.9,principal
SKU_1069_CRE,2023-11-01,281,49286.53,148901.9,principal
SKU_1070_LIG,2023-11-01,442,50459.56,152445.8,principal
SKU_1070_MID,2023-11-01,499,56966.79,172105.1,principal
SKU_1071_BAB,2023-11-01,509,45225.2,137379.1,principal
SKU_1071_SKY,2023-11-01,853,75789.97,230224.7,principal
SKU_1072_PAS,2023-11-01,305,46429.2,140269.5,principal
SKU_1072_CER,2023-11-01,308,46885.89,141649.2,principal
SKU_1073_FRE,2023-11-01,794,84074.2,254000.6,principal
SKU_1073_BLU,2023-11-01,256,27107.05,81894.4,principal
SKU_1074_JAD,2023-11-01,444,29949.17,90975.6,principal
SKU_1074_PRI,2023-11-01,333,22461.88,68231.7,principal
SKU_1075_NAV,2023-11-01,805,74211.5,233369.5,principal
SKU_1075_LIG,2023-11-01,450,41484.69,130455.0,principal
SKU_1076_BLU,2023-11-01,97,6862.27,20845.3,principal
SKU_1076_POW,2023-11-01,442,31269.33,94985.8,principal
SKU_1077_NAV,2023-11-01,440,32167.61,101156.0,principal
SKU_1077_MAR,2023-11-01,274,20031.65,62992.6,principal
SKU_1078_GAR,2023-11-01,294,28973.17,91110.6,principal
SKU_1078_BLU,2023-11-01,772,76079.21,239242.8,principal
SKU_1079_BAB,2023-11-01,271,24524.71,74497.9,principal
SKU_1079_JAD,2023-11-01,784,70949.71,215521.6,principal
SKU_1080_TEA,2023-11-01,813,122777.8,386093.7,principal
SKU_1080_MAR,2023-11-01,213,32166.88,101153.7,principal
SKU_1081_EGR,2023-11-01,408,35849.41,114199.2,principal
SKU_1081_PAS,2023-11-01,802,70468.7,224479.8,principal
SKU_1082_PIN,2023-11-01,489,31561.11,102641.1,principal
SKU_1082_LIG,2023-11-01,851,54925.37,178624.9,principal
SKU_1083_OFF,2023-11-01,714,96638.88,328368.6,principal
SKU_1083_BAB,2023-11-01,293,39657.13,134750.7,principal
SKU_1084_DUS,2023-11-01,414,134010.68,409818.6,principal
SKU_1084_PAS,2023-11-01,255,82542.81,252424.5,principal
SKU_1085_COB,2023-11-01,259,42299.19,129474.1,principal
SKU_1085_CRE,2023-11-01,428,69899.82,213957.2,principal
SKU_1086_PRI,2023-11-01,326,28769.75,73317.4,principal
SKU_1086_CRE,2023-11-01,794,70071.1,178570.6,principal
SKU_1087_BIR,2023-11-01,465,67308.23,174328.5,principal
SKU_1087_SNO,2023-11-01,438,63400.01,164206.2,principal
SKU_1088_CER,2023-11-01,277,65190.59,198027.3,principal
SKU_1088_HON,2023-11-01,280,65896.62,200172.0,principal
SKU_1089_GAR,2023-11-01,522,50882.47,174817.8,principal
SKU_1089_EGR,2023-11-01,286,27878.13,95781.4,principal
SKU_1090_PAL,2023-11-01,829,35910.85,111832.1,principal
SKU_1090_WHI,2023-11-01,277,11999.16,37367.3,principal
SKU_1091_OFF,2023-11-01,251,21127.37,79039.9,principal
SKU_1091_MOS,2023-11-01,455,38298.61,143279.5,principal
SKU_1092_TUR,2023-11-01,809,87272.74,266889.1,principal
SKU_1092_MIN,2023-11-01,530,57174.97,174847.0,principal
SKU_1093_GAR,2023-11-01,296,122890.43,344810.4,principal
SKU_1093_TEA,2023-11-01,434,180183.94,505566.6,principal
SKU_1094_FOR,2023-11-01,265,23664.39,62248.5,principal
SKU_1094_DEE,2023-11-01,551,49204.07,129429.9,principal
SKU_1095_COB,2023-11-01,503,67046.42,203664.7,principal
SKU_1095_MAG,2023-11-01,12,1599.52,4858.8,principal
SKU_1096_HOT,2023-11-01,310,28564.35,86769.0,principal
SKU_1096_CLE,2023-11-01,410,37778.66,114759.0,principal
SKU_1097_AQU,2023-11-01,9,640.19,1934.1,principal
SKU_1097_PAL,2023-11-01,789,56123.07,169556.1,principal
SKU_1098_HON,2023-11-01,254,28997.12,87604.6,principal
SKU_1098_HUN,2023-11-01,857,97836.75,295579.3,principal
SKU_1099_SAL,2023-11-01,269,20126.68,67223.1,principal
SKU_1099_PRI,2023-11-01,784,58659.16,195921.6,principal
SKU_1100_PEA,2023-11-01,417,21065.42,77103.3,principal
SKU_1100_COB,2023-11-01,12,606.2,2218.8,principal
SKU_1101_CLE,2023-11-01,303,33603.54,125714.7,principal
SKU_1101_DEE,2023-11-01,769,85284.23,319058.1,principal
SKU_1102_FLA,2023-11-01,937,269912.5,908796.3,principal
SKU_1102_OFF,2023-11-01,291,83825.55,282240.9,principal
SKU_1103_EGR,2023-11-01,813,40173.55,105608.7,principal
SKU_1103_LIG,2023-11-01,759,37505.2,98594.1,principal
SKU_1104_POW,2023-11-01,235,13993.52,42276.5,principal
SKU_1104_MEX,2023-11-01,258,15363.1,46414.2,principal
SKU_1105_ARM,2023-11-01,447,30151.53,91590.3,principal
SKU_1105_SER,2023-11-01,508,34266.16,104089.2,principal
SKU_1106_MYS,2023-11-01,448,111107.67,349395.2,principal
SKU_1106_SNO,2023-11-01,426,105651.49,332237.4,principal
SKU_1107_BAL,2023-11-01,868,284288.3,863573.2,principal
SKU_1107_PAS,2023-11-01,436,142799.19,433776.4,principal
SKU_1108_PRI,2023-11-01,420,34741.1,104958.0,principal
SKU_1108_SNO,2023-11-01,278,22995.3,69472.2,principal
SKU_1109_SAG,2023-11-01,429,27048.46,98627.1,principal
SKU_1109_CER,2023-11-01,920,58006.03,211508.0,principal
SKU_1110_FLA,2023-11-01,850,53673.78,195415.0,principal
SKU_1110_HUN,2023-11-01,101,6377.71,23219.9,principal
SKU_1111_CRE,2023-11-01,404,22666.93,84799.6,principal
SKU_1111_BLU,2023-11-01,297,16663.56,62340.3,principal
SKU_1112_MIN,2023-11-01,765,62458.65,210298.5,principal
SKU_1112_EGR,2023-11-01,446,36413.8,122605.4,principal
SKU_1113_VAN,2023-11-01,310,22491.98,57319.0,principal
SKU_1113_OLI,2023-11-01,288,20895.77,53251.2,principal
SKU_1114_GAR,2023-11-01,773,102319.61,309122.7,principal
SKU_1114_PRI,2023-11-01,291,38518.77,116370.9,principal
SKU_1115_LIM,2023-11-01,288,20485.99,61891.2,principal
SKU_1115_TEA,2023-11-01,454,32293.88,97564.6,principal
SKU_1116_MOS,2023-11-01,467,36881.36,112033.3,principal
SKU_1116_SNO,2023-11-01,784,61916.46,188081.6,principal
SKU_1117_MOS,2023-11-01,781,56846.57,171741.9,principal
SKU_1117_MIN,2023-11-01,257,18706.23,56514.3,principal
SKU_1118_FUC,2023-11-01,405,39532.82,119434.5,principal
SKU_1118_DUS,2023-11-01,248,24207.75,73135.2,principal
SKU_1119_PAS,2023-11-01,432,19895.79,60436.8,principal
SKU_1119_LIG,2023-11-01,90,4144.96,12591.0,principal
SKU_1120_AQU,2023-11-01,250,19072.05,59975.0,principal
SKU_1120_SAL,2023-11-01,448,34177.11,107475.2,principal
SKU_1121_MYS,2023-11-01,280,23034.78,69972.0,principal
SKU_1121_MIN,2023-11-01,452,37184.72,112954.8,principal
SKU_1122_ROY,2023-11-01,852,119826.9,362014.8,principal
SKU_1122_PIS,2023-11-01,315,44302.2,133843.5,principal
SKU_1123_BAB,2023-11-01,392,55780.38,168520.8,principal
SKU_1123_SER,2023-11-01,254,36143.41,109194.6,principal
SKU_1124_BLU,2023-11-01,480,60030.28,182352.0,principal
SKU_1124_FOR,2023-11-01,439,54902.69,166776.1,principal
SKU_1125_MIN,2023-11-01,489,25740.51,78191.1,principal
SKU_1125_SAP,2023-11-01,257,13528.24,41094.3,principal
SKU_1126_WHI,2023-11-01,525,119018.5,359572.5,principal
SKU_1126_WHI,2023-11-01,525,119018.5,359572.5,principal
SKU_1127_SAL,2023-11-01,832,54751.49,166316.8,principal
SKU_1127_BLU,2023-11-01,774,50934.68,154722.6,principal
SKU_1128_PRI,2023-11-01,502,67739.42,205769.8,principal
SKU_1128_TEA,2023-11-01,295,39807.03,120920.5,principal
SKU_1129_VAN,2023-11-01,463,58987.08,178208.7,principal
SKU_1129_SAG,2023-11-01,742,94532.21,285595.8,principal
SKU_1130_CRE,2023-11-01,394,29167.62,98460.6,principal
SKU_1130_MEX,2023-11-01,467,34571.78,116703.3,principal
SKU_1131_CLO,2023-11-01,471,127676.14,416787.9,principal
SKU_1131_JAD,2023-11-01,385,104363.72,340686.5,principal
SKU_1132_NAV,2023-11-01,20,1029.46,3498.0,principal
SKU_1132_CLE,2023-11-01,347,17861.16,60690.3,principal
SKU_1133_MOS,2023-11-01,712,192411.09,647848.8,principal
SKU_1133_PEA,2023-11-01,291,78639.93,264780.9,principal
SKU_1134_DUS,2023-11-01,262,23121.7,58923.8,principal
SKU_1134_PIN,2023-11-01,287,25327.97,64546.3,principal
SKU_1135_ROS,2023-11-01,270,18465.51,48573.0,principal
SKU_1135_MAR,2023-11-01,790,54028.72,142121.0,principal
SKU_1136_SNO,2023-11-01,790,64990.99,197421.0,principal
SKU_1136_FUC,2023-11-01,708,58245.09,176929.2,principal
SKU_1137_DEE,2023-11-01,416,53563.41,168438.4,principal
SKU_1137_PAL,2023-11-01,491,63220.28,198805.9,principal
SKU_1138_PEA,2023-11-01,874,62506.91,196562.6,principal
SKU_1138_HON,2023-11-01,281,20096.61,63196.9,principal
SKU_1139_PRI,2023-11-01,469,45003.79,135963.1,principal
SKU_1139_EGR,2023-11-01,775,74366.6,224672.5,principal
SKU_1140_SNO,2023-11-01,833,49787.56,166516.7,principal
SKU_1140_ROS,2023-11-01,472,28210.96,94352.8,principal
SKU_1141_SKY,2023-11-01,241,26611.64,87940.9,principal
SKU_1141_CLE,2023-11-01,895,98827.45,326585.5,principal
SKU_1142_MIN,2023-11-01,449,40794.02,152615.1,principal
SKU_1142_PAS,2023-11-01,805,73138.49,273619.5,principal
SKU_1143_IVO,2023-11-01,292,18609.83,56910.8,principal
SKU_1143_SNO,2023-11-01,240,15295.75,46776.0,principal
SKU_1144_SEA,2023-11-01,468,58731.17,154393.2,principal
SKU_1144_BUB,2023-11-01,854,107171.84,281734.6,principal
SKU_1145_MOS,2023-11-01,257,38271.64,115624.3,principal
SKU_1145_LIG,2023-11-01,301,44823.99,135419.9,principal
SKU_1146_FRE,2023-11-01,437,67600.0,205346.3,principal
SKU_1146_CER,2023-11-01,444,68682.84,208635.6,principal
SKU_1147_COR,2023-11-01,301,34860.89,105319.9,principal
SKU_1147_MEX,2023-11-01,4,463.27,1399.6,principal
SKU_1148_TEA,2023-11-01,711,102349.8,309213.9,principal
SKU_1148_SPA,2023-11-01,867,124806.3,377058.3,principal
SKU_1149_IVO,2023-11-01,294,14949.37,47010.6,principal
SKU_1149_OLI,2023-11-01,845,42966.73,135115.5,principal
SKU_1150_SAG,2023-11-01,815,162215.9,517443.5,principal
SKU_1150_VAN,2023-11-01,313,62298.87,198723.7,principal
SKU_1151_CRE,2023-11-01,267,66026.52,216243.3,principal
SKU_1151_JAD,2023-11-01,464,114742.71,375793.6,principal
SKU_1152_CLO,2023-11-01,841,228148.81,853530.9,principal
SKU_1152_WHI,2023-11-01,432,117194.16,438436.8,principal
SKU_1153_PEA,2023-11-01,465,51775.56,174328.5,principal
SKU_1153_MOS,2023-11-01,264,29395.16,98973.6,principal
SKU_1154_VAN,2023-11-01,273,57301.27,146027.7,principal
SKU_1154_PEA,2023-11-01,263,55202.32,140678.7,principal
SKU_1155_ARM,2023-11-01,318,93678.34,246418.2,principal
SKU_1155_BAB,2023-11-01,466,137277.07,361103.4,principal
SKU_1156_FLA,2023-11-01,857,77642.66,244159.3,principal
SKU_1156_EGR,2023-11-01,788,71391.38,224501.2,principal
SKU_1157_DEE,2023-11-01,282,17629.25,53551.8,principal
SKU_1157_PAS,2023-11-01,276,17254.16,52412.4,principal
SKU_1158_AQU,2023-11-01,493,108158.38,340120.7,principal
SKU_1158_MYS,2023-11-01,428,93898.15,295277.2,principal
SKU_1159_PAS,2023-11-01,774,46089.3,139242.6,principal
SKU_1159_PRI,2023-11-01,254,15124.91,45694.6,principal
SKU_1160_DUS,2023-11-01,320,21703.01,65568.0,principal
SKU_1160_LIM,2023-11-01,710,48153.55,145479.0,principal
SKU_1161_MEX,2023-11-01,419,58928.96,178033.1,principal
SKU_1161_DUS,2023-11-01,249,35019.83,105800.1,principal
SKU_1162_HOT,2023-11-01,274,66211.61,208212.6,principal
SKU_1162_BUB,2023-11-01,311,75152.59,236328.9,principal
SKU_1163_HUN,2023-11-01,474,38994.6,118452.6,principal
SKU_1163_SPA,2023-11-01,311,25585.06,77718.9,principal
SKU_1164_BRI,2023-11-01,844,53651.56,168715.6,principal
SKU_1164_MIN,2023-11-01,432,27461.46,86356.8,principal
SKU_1165_HUN,2023-11-01,290,31345.58,98571.0,principal
SKU_1165_MAR,2023-11-01,476,51449.98,161792.4,principal
SKU_1166_PIS,2023-11-01,243,46743.04,146990.7,principal
SKU_1166_FRE,2023-11-01,819,157541.37,495413.1,principal
SKU_1167_WHI,2023-11-01,785,185949.39,584746.5,principal
SKU_1167_JAD,2023-11-01,264,62535.84,196653.6,principal
SKU_1168_GAR,2023-11-01,460,115702.37,349554.0,principal
SKU_1168_BLU,2023-11-01,272,68415.32,206692.8,principal
SKU_1169_BUB,2023-11-01,790,50218.88,157921.0,principal
SKU_1169_MEX,2023-11-01,833,52952.31,166516.7,principal
SKU_1170_GAR,2023-11-01,786,231556.45,703391.4,principal
SKU_1170_OFF,2023-11-01,756,222718.42,676544.4,principal
SKU_1171_MIN,2023-11-01,427,24171.93,78952.3,principal
SKU_1171_EME,2023-11-01,292,16529.75,53990.8,principal
SKU_1172_ARM,2023-11-01,696,76864.48,250490.4,principal
SKU_1172_PIN,2023-11-01,262,28934.62,94293.8,principal
SKU_1173_GAR,2023-11-01,725,62922.08,213802.5,principal
SKU_1173_AQU,2023-11-01,758,65786.12,223534.2,principal
SKU_1174_PEA,2023-11-01,465,30940.31,97603.5,principal
SKU_1174_BLU,2023-11-01,265,17632.65,55623.5,principal
SKU_1175_FUC,2023-11-01,397,35006.0,107150.3,principal
SKU_1175_CLE,2023-11-01,434,38268.53,117136.6,principal
SKU_1176_GAR,2023-11-01,495,61178.02,160825.5,principal
SKU_1176_NAV,2023-11-01,864,106783.45,280713.6,principal
SKU_1177_MIN,2023-11-01,286,22586.87,68611.4,principal
SKU_1177_PEA,2023-11-01,285,22507.9,68371.5,principal
SKU_1178_RAS,2023-11-01,504,51271.01,161229.6,principal
SKU_1178_MID,2023-11-01,840,85451.69,268716.0,principal
SKU_1179_TUR,2023-11-01,442,47774.98,150235.8,principal
SKU_1179_VAN,2023-11-01,827,89388.94,281097.3,principal
SKU_1180_ROY,2023-11-01,300,45797.67,158970.0,principal
SKU_1180_AQU,2023-11-01,417,63658.76,220968.3,principal
SKU_1181_AQU,2023-11-01,887,79622.67,257141.3,principal
SKU_1181_SER,2023-11-01,281,25224.32,81461.9,principal
SKU_1182_BIR,2023-11-01,761,192913.09,639163.9,principal
SKU_1182_PIN,2023-11-01,757,191899.09,635804.3,principal
SKU_1183_POW,2023-11-01,777,168428.46,504972.3,principal
SKU_1183_MOS,2023-11-01,286,61995.55,185871.4,principal
SKU_1184_HOT,2023-11-01,299,35620.98,101630.1,principal
SKU_1184_BAB,2023-11-01,113,13462.11,38408.7,principal
SKU_1185_BAL,2023-11-01,761,285167.6,753313.9,principal
SKU_1185_MAG,2023-11-01,780,292287.43,772122.0,principal
SKU_1186_FLA,2023-11-01,441,68944.65,209430.9,principal
SKU_1186_MEX,2023-11-01,801,125226.0,380394.9,principal
SKU_1187_JAD,2023-11-01,774,79394.52,239862.6,principal
SKU_1187_OLI,2023-11-01,815,83600.17,252568.5,principal
SKU_1188_TEA,2023-11-01,720,57172.97,172728.0,principal
SKU_1188_BAB,2023-11-01,702,55743.64,168409.8,principal
SKU_1189_FUC,2023-11-01,281,21848.28,66006.9,principal
SKU_1189_ROY,2023-11-01,865,67255.39,203188.5,principal
SKU_1190_TEA,2023-11-01,248,41816.14,143815.2,principal
SKU_1190_MAG,2023-11-01,821,138431.65,476097.9,principal
SKU_1191_MIN,2023-11-01,429,24692.49,79322.1,principal
SKU_1191_MYS,2023-11-01,741,42650.67,137010.9,principal
SKU_1192_MAR,2023-11-01,770,49582.9,180873.0,principal
SKU_1192_RAS,2023-11-01,257,16549.1,60369.3,principal
SKU_1193_CLE,2023-11-01,247,34730.72,109890.3,principal
SKU_1193_ROS,2023-11-01,749,105317.04,333230.1,principal
SKU_1194_FLA,2023-11-01,441,34010.18,96975.9,principal
SKU_1194_SAG,2023-11-01,787,60693.9,173061.3,principal
SKU_1195_HUN,2023-11-01,253,40534.45,118884.7,principal
SKU_1195_SAL,2023-11-01,98,15701.09,46050.2,principal
SKU_1196_PEA,2023-11-01,37,4375.45,11281.3,principal
SKU_1196_RAS,2023-11-01,447,52860.12,136290.3,principal
SKU_1197_ROS,2023-11-01,433,113307.91,344191.7,principal
SKU_1197_COR,2023-11-01,423,110691.1,336242.7,principal
SKU_1198_SEA,2023-11-01,799,85092.06,267585.1,principal
SKU_1198_SAL,2023-11-01,235,25027.08,78701.5,principal
SKU_1199_PAL,2023-11-01,289,16629.09,60661.1,principal
SKU_1199_TEA,2023-11-01,768,44190.79,161203.2,principal
SKU_1200_MID,2023-11-01,320,17046.4,57568.0,principal
SKU_1200_PAS,2023-11-01,270,14382.9,48573.0,principal
SKU_1201_BIR,2023-11-01,219,33825.95,106193.1,principal
SKU_1201_SAG,2023-11-01,488,75374.73,236631.2,principal
SKU_1202_LIG,2023-11-01,472,139974.03,384632.8,principal
SKU_1202_CLE,2023-11-01,834,247326.99,679626.6,principal
SKU_1203_OFF,2023-11-01,99,27337.08,75230.1,principal
SKU_1203_FLA,2023-11-01,767,211793.31,582843.3,principal
SKU_1204_AQU,2023-11-01,232,31318.25,81176.8,principal
SKU_1204_MIN,2023-11-01,481,64931.38,168301.9,principal
SKU_1205_RAS,2023-11-01,431,113401.23,342601.9,principal
SKU_1205_COR,2023-11-01,780,205227.28,620022.0,principal
SKU_1206_HUN,2023-11-01,473,64957.99,196247.7,principal
SKU_1206_BLA,2023-11-01,431,59190.05,178821.9,principal
SKU_1207_POW,2023-11-01,465,156124.25,474253.5,principal
SKU_1207_BLA,2023-11-01,394,132285.93,401840.6,principal
SKU_1208_PAS,2023-11-01,251,61516.72,161869.9,principal
SKU_1208_MOS,2023-11-01,255,62497.06,164449.5,principal
SKU_1209_BLA,2023-11-01,298,32163.98,83410.2,principal
SKU_1209_DUS,2023-11-01,768,82892.4,214963.2,principal
SKU_1210_SHO,2023-11-01,834,66848.47,170886.6,principal
SKU_1210_WHI,2023-11-01,826,66207.23,169247.4,principal
SKU_1211_GAR,2023-11-01,840,88461.31,268716.0,principal
SKU_1211_CRE,2023-11-01,836,88040.06,267436.4,principal
SKU_1212_COB,2023-11-01,307,21467.96,67509.3,principal
SKU_1212_SNO,2023-11-01,825,57690.77,181417.5,principal
SKU_1213_MAG,2023-11-01,273,78628.66,238847.7,principal
SKU_1213_POW,2023-11-01,432,124423.38,377956.8,principal
SKU_1214_BLA,2023-11-01,781,73431.61,234221.9,principal
SKU_1214_RAS,2023-11-01,259,24351.84,77674.1,principal
SKU_1215_MAG,2023-11-01,285,19668.2,62671.5,principal
SKU_1215_BRI,2023-11-01,739,50999.29,162506.1,principal
SKU_1216_WHI,2023-11-01,894,136186.84,509490.6,principal
SKU_1216_CRE,2023-11-01,499,76014.8,284380.1,principal
SKU_1217_ROS,2023-11-01,458,119038.0,375514.2,principal
SKU_1217_RAS,2023-11-01,781,202988.38,640341.9,principal
SKU_1218_BLU,2023-11-01,291,74781.98,190575.9,principal
SKU_1218_SNO,2023-11-01,244,62703.79,159795.6,principal
SKU_1219_MAR,2023-11-01,450,67556.33,177705.0,principal
SKU_1219_LIM,2023-11-01,308,46238.56,121629.2,principal
SKU_1220_TUR,2023-11-01,289,29166.43,88116.1,principal
SKU_1220_HOT,2023-11-01,435,43901.03,132631.5,principal
SKU_1221_SAG,2023-11-01,300,70109.46,220470.0,principal
SKU_1221_PAL,2023-11-01,15,3505.47,11023.5,principal
SKU_1222_PAS,2023-11-01,431,119878.81,364151.9,principal
SKU_1222_HON,2023-11-01,796,221400.3,672540.4,principal
SKU_1223_TEA,2023-11-01,512,24422.95,74188.8,principal
SKU_1223_BLA,2023-11-01,765,36491.33,110848.5,principal
SKU_1224_OLI,2023-11-01,430,58339.09,178407.0,principal
SKU_1224_ARM,2023-11-01,731,99176.45,303291.9,principal
SKU_1225_POW,2023-11-01,264,17186.88,56733.6,principal
SKU_1225_IVO,2023-11-01,851,55401.64,182879.9,principal
SKU_1226_PAL,2023-11-01,465,64329.02,225478.5,principal
SKU_1226_LIG,2023-11-01,282,39012.44,136741.8,principal
SKU_1227_CLO,2023-11-01,477,56653.43,190752.3,principal
SKU_1227_PAS,2023-11-01,320,38006.5,127968.0,principal
SKU_1228_WHI,2023-11-01,851,96807.0,246704.9,principal
SKU_1228_SPA,2023-11-01,747,84976.3,216555.3,principal
SKU_1229_SAL,2023-11-01,738,208912.36,634606.2,principal
SKU_1229_CLO,2023-11-01,847,239767.98,728335.3,principal
SKU_1230_ROS,2023-11-01,782,102948.02,312721.8,principal
SKU_1230_NAV,2023-11-01,842,110846.84,336715.8,principal
SKU_1231_LIG,2023-11-01,832,132160.62,399276.8,principal
SKU_1231_BIR,2023-11-01,248,39394.03,119015.2,principal
SKU_1232_AQU,2023-11-01,257,30190.28,91209.3,principal
SKU_1232_FOR,2023-11-01,3,352.42,1064.7,principal
SKU_1233_JAD,2023-11-01,463,36565.46,111073.7,principal
SKU_1233_SEA,2023-11-01,837,66102.14,200796.3,principal
SKU_1234_MOS,2023-11-01,234,15553.21,47946.6,principal
SKU_1234_SAL,2023-11-01,19,1262.87,3893.1,principal
SKU_1235_HUN,2023-11-01,428,58016.28,201117.2,principal
SKU_1235_COR,2023-11-01,281,38090.13,132041.9,principal
SKU_1236_DEE,2023-11-01,763,134798.45,434833.7,principal
SKU_1236_LIM,2023-11-01,304,53707.38,173249.6,principal
SKU_1237_BAB,2023-11-01,795,226790.82,794920.5,principal
SKU_1237_GAR,2023-11-01,483,137786.12,482951.7,principal
SKU_1238_SAP,2023-11-01,299,43590.7,137510.1,principal
SKU_1238_TUR,2023-11-01,143,20847.73,65765.7,principal
SKU_1239_BAB,2023-11-01,233,27467.43,72206.7,principal
SKU_1239_MID,2023-11-01,705,83109.6,218479.5,principal
SKU_1240_PAL,2023-11-01,912,300200.38,911908.8,principal
SKU_1240_MOS,2023-11-01,284,93483.45,283971.6,principal
SKU_1241_BAL,2023-11-01,718,85067.98,258408.2,principal
SKU_1241_FLA,2023-11-01,434,51419.92,156196.6,principal
SKU_1242_AQU,2023-11-01,456,45663.02,143594.4,principal
SKU_1242_SKY,2023-11-01,309,30942.7,97304.1,principal
SKU_1243_SNO,2023-11-01,431,34937.68,105551.9,principal
SKU_1243_PIN,2023-11-01,865,70118.54,211838.5,principal
SKU_1244_COB,2023-11-01,891,82139.69,258300.9,principal
SKU_1244_GAR,2023-11-01,758,69878.66,219744.2,principal
SKU_1245_COB,2023-11-01,246,15222.63,51635.4,principal
SKU_1245_SNO,2023-11-01,80,4950.45,16792.0,principal
SKU_1246_PAL,2023-11-01,799,65781.82,235625.1,principal
SKU_1246_COR,2023-11-01,265,21817.5,78148.5,principal
SKU_1247_SAP,2023-11-01,251,12882.69,45154.9,principal
SKU_1247_SKY,2023-11-01,290,14884.39,52171.0,principal
SKU_1248_AQU,2023-11-01,246,13667.1,41795.4,principal
SKU_1248_SAG,2023-11-01,247,13722.65,41965.3,principal
SKU_1249_WHI,2023-11-01,453,46509.49,122264.7,principal
SKU_1249_ARM,2023-11-01,813,83470.68,219428.7,principal
SKU_1250_AQU,2023-11-01,725,62030.33,188427.5,principal
SKU_1250_BAB,2023-11-01,790,67591.67,205321.0,principal
SKU_1251_SHO,2023-11-01,252,76313.43,231814.8,principal
SKU_1251_COB,2023-11-01,298,90243.66,274130.2,principal
SKU_1252_NAV,2023-11-01,443,31682.56,99630.7,principal
SKU_1252_FLA,2023-11-01,442,31611.04,99405.8,principal
SKU_1253_SEA,2023-11-01,457,54144.94,164474.3,principal
SKU_1253_FRE,2023-11-01,427,50590.57,153677.3,principal
SKU_1254_SEA,2023-11-01,314,19737.07,59628.6,principal
SKU_1254_BAB,2023-11-01,244,15337.08,46335.6,principal
SKU_1255_VAN,2023-11-01,664,98989.74,318653.6,principal
SKU_1255_SHO,2023-11-01,291,43382.55,139650.9,principal
SKU_1256_SEA,2023-11-01,824,162968.72,535517.6,principal
SKU_1256_MID,2023-11-01,293,57948.83,190420.7,principal
SKU_1257_SPA,2023-11-01,420,24552.35,86058.0,principal
SKU_1257_EME,2023-11-01,241,14088.37,49380.9,principal
SKU_1258_AQU,2023-11-01,406,31942.17,107549.4,principal
SKU_1258_LIG,2023-11-01,239,18803.4,63311.1,principal
SKU_1259_ARM,2023-11-01,254,32580.16,91414.6,principal
SKU_1259_POW,2023-11-01,92,11800.69,33110.8,principal
SKU_1260_WHI,2023-11-01,467,52540.72,158733.3,principal
SKU_1260_ROY,2023-11-01,827,93043.21,281097.3,principal
SKU_1261_PAS,2023-11-01,918,149561.55,454318.2,principal
SKU_1261_PAS,2023-11-01,918,149561.55,454318.2,principal
SKU_1262_BLU,2023-11-01,480,43676.11,131952.0,principal
SKU_1262_OFF,2023-11-01,97,8826.21,26665.3,principal
SKU_1263_COB,2023-11-01,21,1278.25,3882.9,principal
SKU_1263_SKY,2023-11-01,289,17591.16,53436.1,principal
SKU_1264_EGR,2023-11-01,904,176766.53,555869.6,principal
SKU_1264_BRI,2023-11-01,293,57292.69,180165.7,principal
SKU_1265_CRE,2023-11-01,276,20089.18,60692.4,principal
SKU_1265_JAD,2023-11-01,313,22782.3,68828.7,principal
SKU_1266_MEX,2023-11-01,449,44328.46,134655.1,principal
SKU_1266_SPA,2023-11-01,487,48080.09,146051.3,principal
SKU_1267_SKY,2023-11-01,303,33588.13,101474.7,principal
SKU_1267_SAP,2023-11-01,250,27712.97,83725.0,principal
SKU_1268_MYS,2023-11-01,777,82749.1,260217.3,principal
SKU_1268_MAR,2023-11-01,457,48669.68,153049.3,principal
SKU_1269_BAB,2023-11-01,294,100646.51,305730.6,principal
SKU_1269_CER,2023-11-01,268,91745.8,278693.2,principal
SKU_1270_CRE,2023-11-01,517,32320.3,98178.3,principal
SKU_1270_TUR,2023-11-01,844,52762.73,160275.6,principal
SKU_1271_OLI,2023-11-01,268,78511.96,238493.2,principal
SKU_1271_FLA,2023-11-01,728,213271.3,647847.2,principal
SKU_1272_PAS,2023-11-01,482,60610.01,183111.8,principal
SKU_1272_TEA,2023-11-01,448,56334.61,170195.2,principal
SKU_1273_PAS,2023-11-01,462,112376.05,353383.8,principal
SKU_1273_EGR,2023-11-01,467,113592.24,357208.3,principal
SKU_1274_MEX,2023-11-01,440,37064.81,116556.0,principal
SKU_1274_BAL,2023-11-01,316,26619.27,83708.4,principal
SKU_1275_MIN,2023-11-01,466,28364.99,86163.4,principal
SKU_1275_BIR,2023-11-01,273,16617.26,50477.7,principal
SKU_1000_COR,2023-12-01,0,0.0,0.0,principal
SKU_1000_EME,2023-12-01,677,40455.51,138717.3,principal
SKU_1000_ROY,2023-12-01,445,26591.88,91180.5,principal
SKU_1001_AQU,2023-12-01,639,160539.34,600596.1,principal
SKU_1001_SAP,2023-12-01,712,178879.51,669208.8,principal
SKU_1002_COR,2023-12-01,556,42707.64,130604.4,principal
SKU_1002_MYS,2023-12-01,595,45703.32,139765.5,principal
SKU_1003_SNO,2023-12-01,635,90923.59,231711.5,principal
SKU_1003_DUS,2023-12-01,715,102378.53,260903.5,principal
SKU_1004_FOR,2023-12-01,144,16417.44,43185.6,principal
SKU_1004_MEX,2023-12-01,636,72510.35,190736.4,principal
SKU_1005_OLI,2023-12-01,290,17652.03,53621.0,principal
SKU_1005_MYS,2023-12-01,320,19478.11,59168.0,principal
SKU_1006_MOS,2023-12-01,584,35266.71,110901.6,principal
SKU_1006_FOR,2023-12-01,616,37199.13,116978.4,principal
SKU_1007_COB,2023-12-01,694,65082.07,204660.6,principal
SKU_1007_FOR,2023-12-01,401,37605.06,118254.9,principal
SKU_1008_MEX,2023-12-01,696,74849.16,226130.4,principal
SKU_1008_WHI,2023-12-01,638,68611.73,207286.2,principal
SKU_1009_BAB,2023-12-01,713,101403.24,367123.7,principal
SKU_1009_MAG,2023-12-01,233,33137.38,119971.7,principal
SKU_1010_SNO,2023-12-01,649,73468.49,246555.1,principal
SKU_1010_BRI,2023-12-01,289,32715.55,109791.1,principal
SKU_1011_CER,2023-12-01,367,25495.96,95383.3,principal
SKU_1011_MIN,2023-12-01,331,22994.99,86026.9,principal
SKU_1012_VAN,2023-12-01,415,119545.02,402508.5,principal
SKU_1012_CLO,2023-12-01,411,118392.78,398628.9,principal
SKU_1013_LIG,2023-12-01,1166,79794.0,209763.4,principal
SKU_1013_LIG,2023-12-01,1166,79794.0,209763.4,principal
SKU_1014_FLA,2023-12-01,380,50299.42,151962.0,principal
SKU_1014_MIN,2023-12-01,693,91730.26,277130.7,principal
SKU_1015_ROY,2023-12-01,686,212284.0,641341.4,principal
SKU_1015_TUR,2023-12-01,591,182886.07,552525.9,principal
SKU_1016_HON,2023-12-01,299,21268.44,64255.1,principal
SKU_1016_SNO,2023-12-01,349,24825.03,75000.1,principal
SKU_1017_PAS,2023-12-01,735,35036.13,110176.5,principal
SKU_1017_BAL,2023-12-01,631,30078.63,94586.9,principal
SKU_1018_TEA,2023-12-01,706,26918.51,84649.4,principal
SKU_1018_ARM,2023-12-01,697,26575.36,83570.3,principal
SKU_1019_NAV,2023-12-01,340,27979.0,90066.0,principal
SKU_1019_GAR,2023-12-01,346,28472.75,91655.4,principal
SKU_1020_NAV,2023-12-01,339,20622.58,67766.1,principal
SKU_1020_LIG,2023-12-01,616,37473.48,123138.4,principal
SKU_1021_CRE,2023-12-01,603,45920.72,171794.7,principal
SKU_1021_PAS,2023-12-01,737,56125.33,209971.3,principal
SKU_1022_PAL,2023-12-01,401,41947.53,128279.9,principal
SKU_1022_DEN,2023-12-01,612,64019.67,195778.8,principal
SKU_1023_DEN,2023-12-01,672,73807.61,188092.8,principal
SKU_1023_FOR,2023-12-01,699,76773.1,195650.1,principal
SKU_1024_VAN,2023-12-01,701,55936.7,147139.9,principal
SKU_1024_DEN,2023-12-01,326,26013.36,68427.4,principal
SKU_1025_WHI,2023-12-01,636,98070.06,308396.4,principal
SKU_1025_MIN,2023-12-01,643,99149.44,311790.7,principal
SKU_1026_CLO,2023-12-01,150,20487.76,62235.0,principal
SKU_1026_SPA,2023-12-01,625,85365.67,259312.5,principal
SKU_1027_MAR,2023-12-01,470,62758.25,197353.0,principal
SKU_1027_BIR,2023-12-01,434,57951.24,182236.6,principal
SKU_1028_BLU,2023-12-01,404,80924.51,254479.6,principal
SKU_1028_AQU,2023-12-01,590,118181.84,371641.0,principal
SKU_1029_BLU,2023-12-01,408,31774.31,99919.2,principal
SKU_1029_BAL,2023-12-01,378,29437.96,92572.2,principal
SKU_1030_CRE,2023-12-01,578,119454.22,375642.2,principal
SKU_1030_DEN,2023-12-01,327,67580.5,212517.3,principal
SKU_1031_COR,2023-12-01,415,65234.64,197083.5,principal
SKU_1031_HON,2023-12-01,126,19806.18,59837.4,principal
SKU_1032_EME,2023-12-01,673,73813.43,232117.7,principal
SKU_1032_HON,2023-12-01,399,43761.6,137615.1,principal
SKU_1033_NAV,2023-12-01,727,150247.78,472477.3,principal
SKU_1033_LIM,2023-12-01,664,137227.68,431533.6,principal
SKU_1034_PAS,2023-12-01,640,45276.85,137536.0,principal
SKU_1034_PIS,2023-12-01,416,29429.95,89398.4,principal
SKU_1035_SAP,2023-12-01,703,146405.51,460394.7,principal
SKU_1035_FUC,2023-12-01,700,145780.74,458430.0,principal
SKU_1036_BIR,2023-12-01,602,148613.98,451439.8,principal
SKU_1036_MID,2023-12-01,378,93315.76,283462.2,principal
SKU_1037_PRI,2023-12-01,365,24363.09,76613.5,principal
SKU_1037_SPA,2023-12-01,691,46123.01,145040.9,principal
SKU_1038_LIG,2023-12-01,332,26911.32,84626.8,principal
SKU_1038_FLA,2023-12-01,428,34692.91,109097.2,principal
SKU_1039_ARM,2023-12-01,581,29788.97,89996.9,principal
SKU_1039_MIN,2023-12-01,381,19534.59,59016.9,principal
SKU_1040_BLA,2023-12-01,325,34966.99,113717.5,principal
SKU_1040_BAB,2023-12-01,616,66275.9,215538.4,principal
SKU_1041_EME,2023-12-01,658,43056.65,144694.2,principal
SKU_1041_SNO,2023-12-01,559,36578.52,122924.1,principal
SKU_1042_SEA,2023-12-01,590,54678.29,185791.0,principal
SKU_1042_EME,2023-12-01,706,65428.6,222319.4,principal
SKU_1043_SPA,2023-12-01,598,155387.49,523190.2,principal
SKU_1043_CER,2023-12-01,586,152269.35,512691.4,principal
SKU_1044_SER,2023-12-01,728,238133.14,626007.2,principal
SKU_1044_COR,2023-12-01,413,135094.76,355138.7,principal
SKU_1045_FOR,2023-12-01,318,30815.09,81058.2,principal
SKU_1045_BUB,2023-12-01,673,65215.57,171547.7,principal
SKU_1046_SNO,2023-12-01,266,14078.56,42533.4,principal
SKU_1046_PAS,2023-12-01,590,31226.87,94341.0,principal
SKU_1047_ROY,2023-12-01,690,47939.06,144831.0,principal
SKU_1047_DEE,2023-12-01,327,22718.95,68637.3,principal
SKU_1048_MAR,2023-12-01,700,55282.56,167930.0,principal
SKU_1048_PEA,2023-12-01,91,7186.73,21830.9,principal
SKU_1049_BAL,2023-12-01,674,167497.82,508802.6,principal
SKU_1049_LIG,2023-12-01,439,109097.24,331401.1,principal
SKU_1050_BUB,2023-12-01,103,9158.87,31404.7,principal
SKU_1050_PRI,2023-12-01,422,37524.68,128667.8,principal
SKU_1051_CLE,2023-12-01,634,144585.02,475436.6,principal
SKU_1051_LIG,2023-12-01,708,161460.88,530929.2,principal
SKU_1052_PAS,2023-12-01,661,61270.71,214758.9,principal
SKU_1052_FRE,2023-12-01,678,62846.51,220282.2,principal
SKU_1053_SHO,2023-12-01,340,35566.48,108766.0,principal
SKU_1053_NAV,2023-12-01,593,62032.13,189700.7,principal
SKU_1054_DEE,2023-12-01,396,50088.6,140540.4,principal
SKU_1054_PAS,2023-12-01,592,74879.93,210100.8,principal
SKU_1055_LIG,2023-12-01,718,269718.06,814858.2,principal
SKU_1055_PAL,2023-12-01,83,31179.11,94196.7,principal
SKU_1056_CRE,2023-12-01,423,32889.05,99362.7,principal
SKU_1056_OLI,2023-12-01,694,53959.82,163020.6,principal
SKU_1057_ROY,2023-12-01,621,37799.7,114822.9,principal
SKU_1057_SNO,2023-12-01,0,0.0,0.0,principal
SKU_1058_MID,2023-12-01,614,38054.61,119668.6,principal
SKU_1058_SHO,2023-12-01,675,41835.29,131557.5,principal
SKU_1059_PEA,2023-12-01,609,58079.23,182639.1,principal
SKU_1059_OFF,2023-12-01,654,62370.8,196134.6,principal
SKU_1060_CRE,2023-12-01,394,134417.46,437300.6,principal
SKU_1060_LIM,2023-12-01,337,114971.28,374036.3,principal
SKU_1061_PAS,2023-12-01,407,47070.89,166829.3,principal
SKU_1061_EGR,2023-12-01,316,36546.44,129528.4,principal
SKU_1062_OLI,2023-12-01,424,24181.34,84757.6,principal
SKU_1062_MID,2023-12-01,632,36043.89,126336.8,principal
SKU_1063_SNO,2023-12-01,635,37219.45,117411.5,principal
SKU_1063_SAP,2023-12-01,561,32882.06,103728.9,principal
SKU_1064_PRI,2023-12-01,642,43450.79,121915.8,principal
SKU_1064_BIR,2023-12-01,400,27072.14,75960.0,principal
SKU_1065_CLE,2023-12-01,673,142878.63,434017.7,principal
SKU_1065_COB,2023-12-01,688,146063.14,443691.2,principal
SKU_1066_IVO,2023-12-01,746,44421.99,134205.4,principal
SKU_1066_WHI,2023-12-01,601,35787.69,108119.9,principal
SKU_1067_EME,2023-12-01,630,53070.07,166887.0,principal
SKU_1067_WHI,2023-12-01,575,48436.96,152317.5,principal
SKU_1068_COR,2023-12-01,601,158130.25,477734.9,principal
SKU_1068_BAL,2023-12-01,81,21312.06,64386.9,principal
SKU_1069_OLI,2023-12-01,147,25783.34,77895.3,principal
SKU_1069_CRE,2023-12-01,382,67001.62,202421.8,principal
SKU_1070_LIG,2023-12-01,305,34819.38,105194.5,principal
SKU_1070_MID,2023-12-01,698,79685.01,240740.2,principal
SKU_1071_BAB,2023-12-01,745,66194.05,201075.5,principal
SKU_1071_SKY,2023-12-01,684,60774.14,184611.6,principal
SKU_1072_PAS,2023-12-01,427,65000.89,196377.3,principal
SKU_1072_CER,2023-12-01,436,66370.93,200516.4,principal
SKU_1073_FRE,2023-12-01,645,68297.05,206335.5,principal
SKU_1073_BLU,2023-12-01,367,38860.49,117403.3,principal
SKU_1074_JAD,2023-12-01,640,43169.97,131136.0,principal
SKU_1074_PRI,2023-12-01,456,30758.6,93434.4,principal
SKU_1075_NAV,2023-12-01,643,59277.01,186405.7,principal
SKU_1075_LIG,2023-12-01,666,61397.34,193073.4,principal
SKU_1076_BLU,2023-12-01,287,20303.84,61676.3,principal
SKU_1076_POW,2023-12-01,652,46125.79,140114.8,principal
SKU_1077_NAV,2023-12-01,611,44669.11,140468.9,principal
SKU_1077_MAR,2023-12-01,357,26099.63,82074.3,principal
SKU_1078_GAR,2023-12-01,108,10643.21,33469.2,principal
SKU_1078_BLU,2023-12-01,653,64351.97,202364.7,principal
SKU_1079_BAB,2023-12-01,382,34569.88,105011.8,principal
SKU_1079_JAD,2023-12-01,641,58008.63,176210.9,principal
SKU_1080_TEA,2023-12-01,651,98312.85,309159.9,principal
SKU_1080_MAR,2023-12-01,295,44550.37,140095.5,principal
SKU_1081_EGR,2023-12-01,570,50083.74,159543.0,principal
SKU_1081_PAS,2023-12-01,656,57640.23,183614.4,principal
SKU_1082_PIN,2023-12-01,717,46276.72,150498.3,principal
SKU_1082_LIG,2023-12-01,692,44663.17,145250.8,principal
SKU_1083_OFF,2023-12-01,561,75930.55,258003.9,principal
SKU_1083_BAB,2023-12-01,408,55222.22,187639.2,principal
SKU_1084_DUS,2023-12-01,599,193894.68,592950.1,principal
SKU_1084_PAS,2023-12-01,358,115883.63,354384.2,principal
SKU_1085_COB,2023-12-01,378,61733.95,188962.2,principal
SKU_1085_CRE,2023-12-01,604,98643.67,301939.6,principal
SKU_1086_PRI,2023-12-01,457,40330.6,102779.3,principal
SKU_1086_CRE,2023-12-01,650,57362.99,146185.0,principal
SKU_1087_BIR,2023-12-01,642,92928.79,240685.8,principal
SKU_1087_SNO,2023-12-01,639,92494.54,239561.1,principal
SKU_1088_CER,2023-12-01,377,88725.1,269517.3,principal
SKU_1088_HON,2023-12-01,408,96020.79,291679.2,principal
SKU_1089_GAR,2023-12-01,769,74959.04,257538.1,principal
SKU_1089_EGR,2023-12-01,388,37820.69,129941.2,principal
SKU_1090_PAL,2023-12-01,664,28763.34,89573.6,principal
SKU_1090_WHI,2023-12-01,380,16460.95,51262.0,principal
SKU_1091_OFF,2023-12-01,351,29544.64,110529.9,principal
SKU_1091_MOS,2023-12-01,676,56900.79,212872.4,principal
SKU_1092_TUR,2023-12-01,681,73464.44,224661.9,principal
SKU_1092_MIN,2023-12-01,762,82202.5,251383.8,principal
SKU_1093_GAR,2023-12-01,145,60199.7,168910.5,principal
SKU_1093_TEA,2023-12-01,618,256575.28,719908.2,principal
SKU_1094_FOR,2023-12-01,380,33933.84,89262.0,principal
SKU_1094_DEE,2023-12-01,780,69653.68,183222.0,principal
SKU_1095_COB,2023-12-01,714,95171.26,289098.6,principal
SKU_1095_MAG,2023-12-01,123,16395.05,49802.7,principal
SKU_1096_HOT,2023-12-01,432,39805.81,120916.8,principal
SKU_1096_CLE,2023-12-01,592,54548.7,165700.8,principal
SKU_1097_AQU,2023-12-01,98,6970.93,21060.2,principal
SKU_1097_PAL,2023-12-01,645,45880.08,138610.5,principal
SKU_1098_HON,2023-12-01,120,13699.43,41388.0,principal
SKU_1098_HUN,2023-12-01,689,78657.55,237636.1,principal
SKU_1099_SAL,2023-12-01,358,26785.69,89464.2,principal
SKU_1099_PRI,2023-12-01,621,46463.44,155187.9,principal
SKU_1100_PEA,2023-12-01,617,31168.73,114083.3,principal
SKU_1100_COB,2023-12-01,94,4748.56,17380.6,principal
SKU_1101_CLE,2023-12-01,424,47022.77,175917.6,principal
SKU_1101_DEE,2023-12-01,619,68648.81,256823.1,principal
SKU_1102_FLA,2023-12-01,753,216909.41,730334.7,principal
SKU_1102_OFF,2023-12-01,425,122425.63,412207.5,principal
SKU_1103_EGR,2023-12-01,640,31624.93,83136.0,principal
SKU_1103_LIG,2023-12-01,627,30982.55,81447.3,principal
SKU_1104_POW,2023-12-01,343,20424.59,61705.7,principal
SKU_1104_MEX,2023-12-01,358,21317.79,64404.2,principal
SKU_1105_ARM,2023-12-01,294,19831.21,60240.6,principal
SKU_1105_SER,2023-12-01,725,48903.48,148552.5,principal
SKU_1106_MYS,2023-12-01,642,159221.26,500695.8,principal
SKU_1106_SNO,2023-12-01,634,157237.2,494456.6,principal
SKU_1107_BAL,2023-12-01,706,231229.88,702399.4,principal
SKU_1107_PAS,2023-12-01,618,202408.03,614848.2,principal
SKU_1108_PRI,2023-12-01,608,50291.88,151939.2,principal
SKU_1108_SNO,2023-12-01,394,32590.46,98460.6,principal
SKU_1109_SAG,2023-12-01,289,18221.46,66441.1,principal
SKU_1109_CER,2023-12-01,754,47539.72,173344.6,principal
SKU_1110_FLA,2023-12-01,700,44201.94,160930.0,principal
SKU_1110_HUN,2023-12-01,319,20143.45,73338.1,principal
SKU_1111_CRE,2023-12-01,577,32373.32,121112.3,principal
SKU_1111_BLU,2023-12-01,405,22723.04,85009.5,principal
SKU_1112_MIN,2023-12-01,624,50946.67,171537.6,principal
SKU_1112_EGR,2023-12-01,632,51599.83,173736.8,principal
SKU_1113_VAN,2023-12-01,161,11681.32,29768.9,principal
SKU_1113_OLI,2023-12-01,118,8561.46,21818.2,principal
SKU_1114_GAR,2023-12-01,633,83788.25,253136.7,principal
SKU_1114_PRI,2023-12-01,409,54138.06,163559.1,principal
SKU_1115_LIM,2023-12-01,399,28381.63,85745.1,principal
SKU_1115_TEA,2023-12-01,284,20201.46,61031.6,principal
SKU_1116_MOS,2023-12-01,658,51965.6,157854.2,principal
SKU_1116_SNO,2023-12-01,651,51412.78,156174.9,principal
SKU_1117_MOS,2023-12-01,642,46729.19,141175.8,principal
SKU_1117_MIN,2023-12-01,395,28750.83,86860.5,principal
SKU_1118_FUC,2023-12-01,610,59543.26,179889.0,principal
SKU_1118_DUS,2023-12-01,367,35823.57,108228.3,principal
SKU_1119_PAS,2023-12-01,608,28001.49,85059.2,principal
SKU_1119_LIG,2023-12-01,282,12987.53,39451.8,principal
SKU_1120_AQU,2023-12-01,370,28226.63,88763.0,principal
SKU_1120_SAL,2023-12-01,635,48443.01,152336.5,principal
SKU_1121_MYS,2023-12-01,392,32248.7,97960.8,principal
SKU_1121_MIN,2023-12-01,677,55694.81,169182.3,principal
SKU_1122_ROY,2023-12-01,690,97042.91,293181.0,principal
SKU_1122_PIS,2023-12-01,443,62304.36,188230.7,principal
SKU_1123_BAB,2023-12-01,569,80966.94,244613.1,principal
SKU_1123_SER,2023-12-01,83,11810.64,35681.7,principal
SKU_1124_BLU,2023-12-01,707,88419.6,268589.3,principal
SKU_1124_FOR,2023-12-01,642,80290.5,243895.8,principal
SKU_1125_MIN,2023-12-01,689,36268.33,110171.1,principal
SKU_1125_SAP,2023-12-01,350,18423.68,55965.0,principal
SKU_1126_WHI,2023-12-01,746,169119.62,510935.4,principal
SKU_1126_WHI,2023-12-01,746,169119.62,510935.4,principal
SKU_1127_SAL,2023-12-01,680,44748.81,135932.0,principal
SKU_1127_BLU,2023-12-01,608,40010.7,121539.2,principal
SKU_1128_PRI,2023-12-01,716,96616.38,293488.4,principal
SKU_1128_TEA,2023-12-01,405,54650.33,166009.5,principal
SKU_1129_VAN,2023-12-01,668,85104.47,257113.2,principal
SKU_1129_SAG,2023-12-01,589,75039.72,226706.1,principal
SKU_1130_CRE,2023-12-01,564,41752.64,140943.6,principal
SKU_1130_MEX,2023-12-01,651,48193.21,162684.9,principal
SKU_1131_CLO,2023-12-01,693,187854.7,613235.7,principal
SKU_1131_JAD,2023-12-01,575,155867.9,508817.5,principal
SKU_1132_NAV,2023-12-01,135,6948.86,23611.5,principal
SKU_1132_CLE,2023-12-01,446,22956.99,78005.4,principal
SKU_1133_MOS,2023-12-01,586,158360.82,533201.4,principal
SKU_1133_PEA,2023-12-01,437,118095.01,397626.3,principal
SKU_1134_DUS,2023-12-01,343,30270.01,77140.7,principal
SKU_1134_PIN,2023-12-01,430,37947.83,96707.0,principal
SKU_1135_ROS,2023-12-01,382,26125.28,68721.8,principal
SKU_1135_MAR,2023-12-01,643,43975.27,115675.7,principal
SKU_1136_SNO,2023-12-01,647,53226.8,161685.3,principal
SKU_1136_FUC,2023-12-01,557,45822.76,139194.3,principal
SKU_1137_DEE,2023-12-01,620,79830.08,251038.0,principal
SKU_1137_PAL,2023-12-01,709,91289.56,287074.1,principal
SKU_1138_PEA,2023-12-01,708,50634.89,159229.2,principal
SKU_1138_HON,2023-12-01,401,28678.8,90184.9,principal
SKU_1139_PRI,2023-12-01,670,64291.12,194233.0,principal
SKU_1139_EGR,2023-12-01,627,60164.98,181767.3,principal
SKU_1140_SNO,2023-12-01,696,41599.21,139130.4,principal
SKU_1140_ROS,2023-12-01,335,20022.61,66966.5,principal
SKU_1141_SKY,2023-12-01,341,37653.81,124430.9,principal
SKU_1141_CLE,2023-12-01,735,81159.97,268201.5,principal
SKU_1142_MIN,2023-12-01,642,58329.08,218215.8,principal
SKU_1142_PAS,2023-12-01,677,61509.02,230112.3,principal
SKU_1143_IVO,2023-12-01,415,26448.9,80883.5,principal
SKU_1143_SNO,2023-12-01,362,23071.09,70553.8,principal
SKU_1144_SEA,2023-12-01,672,84331.94,221692.8,principal
SKU_1144_BUB,2023-12-01,713,89477.19,235218.7,principal
SKU_1145_MOS,2023-12-01,364,54205.75,163763.6,principal
SKU_1145_LIG,2023-12-01,160,23826.7,71984.0,principal
SKU_1146_FRE,2023-12-01,609,94206.87,286169.1,principal
SKU_1146_CER,2023-12-01,640,99002.29,300736.0,principal
SKU_1147_COR,2023-12-01,431,49917.08,150806.9,principal
SKU_1147_MEX,2023-12-01,113,13087.31,39538.7,principal
SKU_1148_TEA,2023-12-01,572,82340.49,248762.8,principal
SKU_1148_SPA,2023-12-01,721,103789.32,313562.9,principal
SKU_1149_IVO,2023-12-01,436,22169.82,69716.4,principal
SKU_1149_OLI,2023-12-01,690,35085.26,110331.0,principal
SKU_1150_SAG,2023-12-01,662,131763.1,420303.8,principal
SKU_1150_VAN,2023-12-01,444,88372.83,281895.6,principal
SKU_1151_CRE,2023-12-01,375,92733.87,303712.5,principal
SKU_1151_JAD,2023-12-01,674,166673.68,545872.6,principal
SKU_1152_CLO,2023-12-01,701,190169.22,711444.9,principal
SKU_1152_WHI,2023-12-01,621,168466.6,630252.9,principal
SKU_1153_PEA,2023-12-01,672,74824.04,251932.8,principal
SKU_1153_MOS,2023-12-01,353,39304.89,132339.7,principal
SKU_1154_VAN,2023-12-01,353,74092.85,188819.7,principal
SKU_1154_PEA,2023-12-01,356,74722.53,190424.4,principal
SKU_1155_ARM,2023-12-01,414,121958.6,320808.6,principal
SKU_1155_BAB,2023-12-01,653,192364.65,506009.7,principal
SKU_1156_FLA,2023-12-01,714,64687.11,203418.6,principal
SKU_1156_EGR,2023-12-01,639,57892.25,182051.1,principal
SKU_1157_DEE,2023-12-01,381,23818.25,72351.9,principal
SKU_1157_PAS,2023-12-01,399,24943.52,75770.1,principal
SKU_1158_AQU,2023-12-01,694,152255.41,478790.6,principal
SKU_1158_MYS,2023-12-01,604,132510.47,416699.6,principal
SKU_1159_PAS,2023-12-01,618,36799.98,111178.2,principal
SKU_1159_PRI,2023-12-01,374,22270.54,67282.6,principal
SKU_1160_DUS,2023-12-01,440,29841.64,90156.0,principal
SKU_1160_LIM,2023-12-01,569,38590.66,116588.1,principal
SKU_1161_MEX,2023-12-01,619,87057.34,263013.1,principal
SKU_1161_DUS,2023-12-01,92,12939.05,39090.8,principal
SKU_1162_HOT,2023-12-01,409,98834.11,310799.1,principal
SKU_1162_BUB,2023-12-01,434,104875.32,329796.6,principal
SKU_1163_HUN,2023-12-01,676,55612.55,168932.4,principal
SKU_1163_SPA,2023-12-01,424,34881.24,105957.6,principal
SKU_1164_BRI,2023-12-01,681,43289.94,136131.9,principal
SKU_1164_MIN,2023-12-01,625,39730.12,124937.5,principal
SKU_1165_HUN,2023-12-01,426,46045.57,144797.4,principal
SKU_1165_MAR,2023-12-01,691,74688.95,234870.9,principal
SKU_1166_PIS,2023-12-01,349,67133.01,211110.1,principal
SKU_1166_FRE,2023-12-01,666,128110.56,402863.4,principal
SKU_1167_WHI,2023-12-01,629,148996.39,468542.1,principal
SKU_1167_JAD,2023-12-01,374,88592.45,278592.6,principal
SKU_1168_GAR,2023-12-01,683,171792.87,519011.7,principal
SKU_1168_BLU,2023-12-01,379,95328.7,288002.1,principal
SKU_1169_BUB,2023-12-01,650,41319.33,129935.0,principal
SKU_1169_MEX,2023-12-01,685,43544.22,136931.5,principal
SKU_1170_GAR,2023-12-01,638,187955.49,570946.2,principal
SKU_1170_OFF,2023-12-01,603,177644.45,539624.7,principal
SKU_1171_MIN,2023-12-01,600,33965.24,110940.0,principal
SKU_1171_EME,2023-12-01,403,22813.32,74514.7,principal
SKU_1172_ARM,2023-12-01,552,60961.49,198664.8,principal
SKU_1172_PIN,2023-12-01,338,37327.87,121646.2,principal
SKU_1173_GAR,2023-12-01,564,48949.04,166323.6,principal
SKU_1173_AQU,2023-12-01,605,52507.39,178414.5,principal
SKU_1174_PEA,2023-12-01,663,44114.89,139163.7,principal
SKU_1174_BLU,2023-12-01,388,25816.86,81441.2,principal
SKU_1175_FUC,2023-12-01,574,50613.21,154922.6,principal
SKU_1175_CLE,2023-12-01,624,55022.03,168417.6,principal
SKU_1176_GAR,2023-12-01,732,90469.31,237826.8,principal
SKU_1176_NAV,2023-12-01,719,88862.62,233603.1,principal
SKU_1177_MIN,2023-12-01,400,31590.03,95960.0,principal
SKU_1177_PEA,2023-12-01,383,30247.46,91881.7,principal
SKU_1178_RAS,2023-12-01,705,71718.38,225529.5,principal
SKU_1178_MID,2023-12-01,674,68564.81,215612.6,principal
SKU_1179_TUR,2023-12-01,651,70365.42,221274.9,principal
SKU_1179_VAN,2023-12-01,690,74580.86,234531.0,principal
SKU_1180_ROY,2023-12-01,406,61979.51,215139.4,principal
SKU_1180_AQU,2023-12-01,628,95869.78,332777.2,principal
SKU_1181_AQU,2023-12-01,719,64541.94,208438.1,principal
SKU_1181_SER,2023-12-01,387,34739.54,112191.3,principal
SKU_1182_BIR,2023-12-01,617,156409.17,518218.3,principal
SKU_1182_PIN,2023-12-01,619,156916.16,519898.1,principal
SKU_1183_POW,2023-12-01,621,134612.71,403587.9,principal
SKU_1183_MOS,2023-12-01,397,86056.76,258010.3,principal
SKU_1184_HOT,2023-12-01,392,46700.41,133240.8,principal
SKU_1184_BAB,2023-12-01,316,37646.25,107408.4,principal
SKU_1185_BAL,2023-12-01,605,226710.12,598889.5,principal
SKU_1185_MAG,2023-12-01,614,230082.67,607798.6,principal
SKU_1186_FLA,2023-12-01,291,45494.09,138195.9,principal
SKU_1186_MEX,2023-12-01,661,103338.81,313908.9,principal
SKU_1187_JAD,2023-12-01,611,62674.49,189348.9,principal
SKU_1187_OLI,2023-12-01,663,68008.48,205463.7,principal
SKU_1188_TEA,2023-12-01,570,45261.93,136743.0,principal
SKU_1188_BAB,2023-12-01,552,43832.61,132424.8,principal
SKU_1189_FUC,2023-12-01,136,10574.26,31946.4,principal
SKU_1189_ROY,2023-12-01,705,54815.09,165604.5,principal
SKU_1190_TEA,2023-12-01,340,57328.58,197166.0,principal
SKU_1190_MAG,2023-12-01,665,112127.95,385633.5,principal
SKU_1191_MIN,2023-12-01,628,36146.59,116117.2,principal
SKU_1191_MYS,2023-12-01,610,35110.54,112789.0,principal
SKU_1192_MAR,2023-12-01,635,40889.79,149161.5,principal
SKU_1192_RAS,2023-12-01,364,23439.19,85503.6,principal
SKU_1193_CLE,2023-12-01,361,50760.28,160608.9,principal
SKU_1193_ROS,2023-12-01,583,81975.75,259376.7,principal
SKU_1194_FLA,2023-12-01,632,48740.21,138976.8,principal
SKU_1194_SAG,2023-12-01,637,49125.81,140076.3,principal
SKU_1195_HUN,2023-12-01,355,56876.4,166814.5,principal
SKU_1195_SAL,2023-12-01,288,46141.98,135331.2,principal
SKU_1196_PEA,2023-12-01,160,18920.85,48784.0,principal
SKU_1196_RAS,2023-12-01,303,35831.36,92384.7,principal
SKU_1197_ROS,2023-12-01,596,155961.92,473760.4,principal
SKU_1197_COR,2023-12-01,614,160672.18,488068.6,principal
SKU_1198_SEA,2023-12-01,631,67200.36,211321.9,principal
SKU_1198_SAL,2023-12-01,319,33972.93,106833.1,principal
SKU_1199_PAL,2023-12-01,399,22958.5,83750.1,principal
SKU_1199_TEA,2023-12-01,625,35962.56,131187.5,principal
SKU_1200_MID,2023-12-01,437,23278.99,78616.3,principal
SKU_1200_PAS,2023-12-01,365,19443.55,65663.5,principal
SKU_1201_BIR,2023-12-01,93,14364.45,45095.7,principal
SKU_1201_SAG,2023-12-01,691,106729.38,335065.9,principal
SKU_1202_LIG,2023-12-01,695,206105.83,566355.5,principal
SKU_1202_CLE,2023-12-01,685,203140.28,558206.5,principal
SKU_1203_OFF,2023-12-01,289,79802.17,219611.1,principal
SKU_1203_FLA,2023-12-01,601,165955.38,456699.9,principal
SKU_1204_AQU,2023-12-01,320,43197.59,111968.0,principal
SKU_1204_MIN,2023-12-01,693,93549.78,242480.7,principal
SKU_1205_RAS,2023-12-01,635,167076.06,504761.5,principal
SKU_1205_COR,2023-12-01,647,170233.4,514300.3,principal
SKU_1206_HUN,2023-12-01,701,96269.66,290844.9,principal
SKU_1206_BLA,2023-12-01,626,85969.77,259727.4,principal
SKU_1207_POW,2023-12-01,675,226631.98,688432.5,principal
SKU_1207_BLA,2023-12-01,566,190035.11,577263.4,principal
SKU_1208_PAS,2023-12-01,363,88966.41,234098.7,principal
SKU_1208_MOS,2023-12-01,373,91417.27,240547.7,principal
SKU_1209_BLA,2023-12-01,412,44468.32,115318.8,principal
SKU_1209_DUS,2023-12-01,591,63788.3,165420.9,principal
SKU_1210_SHO,2023-12-01,650,52100.12,133185.0,principal
SKU_1210_WHI,2023-12-01,678,54344.44,138922.2,principal
SKU_1211_GAR,2023-12-01,685,72138.09,219131.5,principal
SKU_1211_CRE,2023-12-01,708,74560.24,226489.2,principal
SKU_1212_COB,2023-12-01,445,31118.05,97855.5,principal
SKU_1212_SNO,2023-12-01,659,46082.68,144914.1,principal
SKU_1213_MAG,2023-12-01,373,107430.37,326337.7,principal
SKU_1213_POW,2023-12-01,635,182890.85,555561.5,principal
SKU_1214_BLA,2023-12-01,630,59234.21,188937.0,principal
SKU_1214_RAS,2023-12-01,389,36574.77,116661.1,principal
SKU_1215_MAG,2023-12-01,398,27466.46,87520.2,principal
SKU_1215_BRI,2023-12-01,589,40647.61,129521.1,principal
SKU_1216_WHI,2023-12-01,717,109223.67,408618.3,principal
SKU_1216_CRE,2023-12-01,696,106024.65,396650.4,principal
SKU_1217_ROS,2023-12-01,673,174918.29,551792.7,principal
SKU_1217_RAS,2023-12-01,611,158803.97,500958.9,principal
SKU_1218_BLU,2023-12-01,391,100480.26,256065.9,principal
SKU_1218_SNO,2023-12-01,337,86603.19,220701.3,principal
SKU_1219_MAR,2023-12-01,642,96380.37,253525.8,principal
SKU_1219_LIM,2023-12-01,170,25521.28,67133.0,principal
SKU_1220_TUR,2023-12-01,386,38955.85,117691.4,principal
SKU_1220_HOT,2023-12-01,608,61360.52,185379.2,principal
SKU_1221_SAG,2023-12-01,401,93712.98,294694.9,principal
SKU_1221_PAL,2023-12-01,145,33886.24,106560.5,principal
SKU_1222_PAS,2023-12-01,612,170222.34,517078.8,principal
SKU_1222_HON,2023-12-01,643,178844.71,543270.7,principal
SKU_1223_TEA,2023-12-01,719,34297.08,104183.1,principal
SKU_1223_BLA,2023-12-01,620,29574.67,89838.0,principal
SKU_1224_OLI,2023-12-01,289,39209.29,119906.1,principal
SKU_1224_ARM,2023-12-01,576,78147.24,238982.4,principal
SKU_1225_POW,2023-12-01,371,24152.77,79727.9,principal
SKU_1225_IVO,2023-12-01,699,45506.16,150215.1,principal
SKU_1226_PAL,2023-12-01,687,95040.93,333126.3,principal
SKU_1226_LIG,2023-12-01,396,54783.42,192020.4,principal
SKU_1227_CLO,2023-12-01,677,80407.49,270732.3,principal
SKU_1227_PAS,2023-12-01,434,51546.31,173556.6,principal
SKU_1228_WHI,2023-12-01,683,77695.87,198001.7,principal
SKU_1228_SPA,2023-12-01,582,66206.43,168721.8,principal
SKU_1229_SAL,2023-12-01,601,170130.53,516799.9,principal
SKU_1229_CLO,2023-12-01,697,197306.12,599350.3,principal
SKU_1230_ROS,2023-12-01,632,83200.95,252736.8,principal
SKU_1230_NAV,2023-12-01,698,91889.66,279130.2,principal
SKU_1231_LIG,2023-12-01,679,107857.05,325852.1,principal
SKU_1231_BIR,2023-12-01,336,53372.56,161246.4,principal
SKU_1232_AQU,2023-12-01,361,42407.36,128118.9,principal
SKU_1232_FOR,2023-12-01,82,9632.7,29101.8,principal
SKU_1233_JAD,2023-12-01,659,52044.58,158094.1,principal
SKU_1233_SEA,2023-12-01,686,54176.9,164571.4,principal
SKU_1234_MOS,2023-12-01,330,21934.01,67617.0,principal
SKU_1234_SAL,2023-12-01,148,9837.07,30325.2,principal
SKU_1235_HUN,2023-12-01,262,35514.64,123113.8,principal
SKU_1235_COR,2023-12-01,406,55034.13,190779.4,principal
SKU_1236_DEE,2023-12-01,620,109534.78,353338.0,principal
SKU_1236_LIM,2023-12-01,421,74377.65,239927.9,principal
SKU_1237_BAB,2023-12-01,632,180291.57,631936.8,principal
SKU_1237_GAR,2023-12-01,715,203969.1,714928.5,principal
SKU_1238_SAP,2023-12-01,428,62397.39,196837.2,principal
SKU_1238_TUR,2023-12-01,350,51025.9,160965.0,principal
SKU_1239_BAB,2023-12-01,333,39256.02,103196.7,principal
SKU_1239_MID,2023-12-01,562,66251.91,174163.8,principal
SKU_1240_PAL,2023-12-01,753,247862.81,752924.7,principal
SKU_1240_MOS,2023-12-01,130,42791.72,129987.0,principal
SKU_1241_BAL,2023-12-01,583,69073.3,209821.7,principal
SKU_1241_FLA,2023-12-01,596,70613.53,214500.4,principal
SKU_1242_AQU,2023-12-01,639,63988.31,201221.1,principal
SKU_1242_SKY,2023-12-01,431,43159.56,135721.9,principal
SKU_1243_SNO,2023-12-01,654,53014.48,160164.6,principal
SKU_1243_PIN,2023-12-01,709,57472.89,173634.1,principal
SKU_1244_COB,2023-12-01,730,67297.39,211627.0,principal
SKU_1244_GAR,2023-12-01,601,55405.11,174229.9,principal
SKU_1245_COB,2023-12-01,359,22215.14,75354.1,principal
SKU_1245_SNO,2023-12-01,246,15222.63,51635.4,principal
SKU_1246_PAL,2023-12-01,662,54502.58,195223.8,principal
SKU_1246_COR,2023-12-01,377,31038.48,111177.3,principal
SKU_1247_SAP,2023-12-01,353,18117.89,63504.7,principal
SKU_1247_SKY,2023-12-01,411,21094.77,73938.9,principal
SKU_1248_AQU,2023-12-01,340,18889.48,57766.0,principal
SKU_1248_SAG,2023-12-01,342,19000.6,58105.8,principal
SKU_1249_WHI,2023-12-01,623,63963.39,168147.7,principal
SKU_1249_ARM,2023-12-01,663,68070.18,178943.7,principal
SKU_1250_AQU,2023-12-01,594,50822.09,154380.6,principal
SKU_1250_BAB,2023-12-01,640,54757.81,166336.0,principal
SKU_1251_SHO,2023-12-01,374,113258.82,344042.6,principal
SKU_1251_COB,2023-12-01,139,42093.52,127866.1,principal
SKU_1252_NAV,2023-12-01,644,46057.72,144835.6,principal
SKU_1252_FLA,2023-12-01,622,44484.32,139887.8,principal
SKU_1253_SEA,2023-12-01,679,80447.3,244372.1,principal
SKU_1253_FRE,2023-12-01,625,74049.43,224937.5,principal
SKU_1254_SEA,2023-12-01,136,8548.54,25826.4,principal
SKU_1254_BAB,2023-12-01,339,21308.49,64376.1,principal
SKU_1255_VAN,2023-12-01,524,78118.41,251467.6,principal
SKU_1255_SHO,2023-12-01,407,60675.94,195319.3,principal
SKU_1256_SEA,2023-12-01,689,136268.74,447781.1,principal
SKU_1256_MID,2023-12-01,425,84055.47,276207.5,principal
SKU_1257_SPA,2023-12-01,613,35834.74,125603.7,principal
SKU_1257_EME,2023-12-01,339,19817.25,69461.1,principal
SKU_1258_AQU,2023-12-01,576,45316.97,152582.4,principal
SKU_1258_LIG,2023-12-01,110,8654.28,29139.0,principal
SKU_1259_ARM,2023-12-01,348,44637.39,125245.2,principal
SKU_1259_POW,2023-12-01,301,38608.78,108329.9,principal
SKU_1260_WHI,2023-12-01,680,76504.69,231132.0,principal
SKU_1260_ROY,2023-12-01,666,74929.6,226373.4,principal
SKU_1261_PAS,2023-12-01,1348,219617.62,667125.2,principal
SKU_1261_PAS,2023-12-01,1348,219617.62,667125.2,principal
SKU_1262_BLU,2023-12-01,712,64786.23,195728.8,principal
SKU_1262_OFF,2023-12-01,291,26478.64,79995.9,principal
SKU_1263_COB,2023-12-01,121,7365.16,22372.9,principal
SKU_1263_SKY,2023-12-01,416,25321.54,76918.4,principal
SKU_1264_EGR,2023-12-01,729,142547.35,448262.1,principal
SKU_1264_BRI,2023-12-01,405,79192.97,249034.5,principal
SKU_1265_CRE,2023-12-01,384,27950.17,84441.6,principal
SKU_1265_JAD,2023-12-01,435,31662.3,95656.5,principal
SKU_1266_MEX,2023-12-01,664,65554.78,199133.6,principal
SKU_1266_SPA,2023-12-01,725,71577.13,217427.5,principal
SKU_1267_SKY,2023-12-01,431,47777.17,144341.9,principal
SKU_1267_SAP,2023-12-01,357,39574.13,119559.3,principal
SKU_1268_MYS,2023-12-01,623,66348.38,208642.7,principal
SKU_1268_MAR,2023-12-01,673,71673.29,225387.7,principal
SKU_1269_BAB,2023-12-01,384,131456.67,399321.6,principal
SKU_1269_CER,2023-12-01,355,121528.95,369164.5,principal
SKU_1270_CRE,2023-12-01,746,46636.25,141665.4,principal
SKU_1270_TUR,2023-12-01,695,43447.98,131980.5,principal
SKU_1271_OLI,2023-12-01,377,110444.07,335492.3,principal
SKU_1271_FLA,2023-12-01,586,171671.68,521481.4,principal
SKU_1272_PAS,2023-12-01,329,41370.73,124987.1,principal
SKU_1272_TEA,2023-12-01,647,81358.24,245795.3,principal
SKU_1273_PAS,2023-12-01,665,161753.4,508658.5,principal
SKU_1273_EGR,2023-12-01,314,76376.79,240178.6,principal
SKU_1274_MEX,2023-12-01,624,52564.64,165297.6,principal
SKU_1274_BAL,2023-12-01,448,37738.71,118675.2,principal
SKU_1275_MIN,2023-12-01,675,41086.63,124807.5,principal
SKU_1275_BIR,2023-12-01,372,22643.3,68782.8,principal
SKU_1000_COR,2024-01-01,0,0.0,0.0,principal
SKU_1000_EME,2024-01-01,490,29280.95,100401.0,principal
SKU_1000_ROY,2024-01-01,271,16194.16,55527.9,principal
SKU_1001_AQU,2024-01-01,467,117326.87,438933.3,principal
SKU_1001_SAP,2024-01-01,541,135918.28,508485.9,principal
SKU_1002_COR,2024-01-01,403,30955.36,94664.7,principal
SKU_1002_MYS,2024-01-01,437,33566.98,102651.3,principal
SKU_1003_SNO,2024-01-01,494,70734.26,180260.6,principal
SKU_1003_DUS,2024-01-01,551,78895.9,201059.9,principal
SKU_1004_FOR,2024-01-01,0,0.0,0.0,principal
SKU_1004_MEX,2024-01-01,488,55636.87,146351.2,principal
SKU_1005_OLI,2024-01-01,139,8460.8,25701.1,principal
SKU_1005_MYS,2024-01-01,167,10165.14,30878.3,principal
SKU_1006_MOS,2024-01-01,450,27174.69,85455.0,principal
SKU_1006_FOR,2024-01-01,465,28080.51,88303.5,principal
SKU_1007_COB,2024-01-01,540,50640.23,159246.0,principal
SKU_1007_FOR,2024-01-01,246,23069.44,72545.4,principal
SKU_1008_MEX,2024-01-01,549,59040.5,178370.1,principal
SKU_1008_WHI,2024-01-01,478,51405.03,155302.2,principal
SKU_1009_BAB,2024-01-01,553,78647.95,284739.7,principal
SKU_1009_MAG,2024-01-01,94,13368.73,48400.6,principal
SKU_1010_SNO,2024-01-01,491,55582.48,186530.9,principal
SKU_1010_BRI,2024-01-01,132,14942.74,50146.8,principal
SKU_1011_CER,2024-01-01,210,14588.97,54579.0,principal
SKU_1011_MIN,2024-01-01,181,12574.3,47041.9,principal
SKU_1012_VAN,2024-01-01,247,71150.89,239565.3,principal
SKU_1012_CLO,2024-01-01,253,72879.26,245384.7,principal
SKU_1013_LIG,2024-01-01,832,56937.05,149676.8,principal
SKU_1013_LIG,2024-01-01,832,56937.05,149676.8,principal
SKU_1014_FLA,2024-01-01,231,30576.75,92376.9,principal
SKU_1014_MIN,2024-01-01,544,72007.59,217545.6,principal
SKU_1015_ROY,2024-01-01,528,163390.6,493627.2,principal
SKU_1015_TUR,2024-01-01,428,132445.41,400137.2,principal
SKU_1016_HON,2024-01-01,151,10740.92,32449.9,principal
SKU_1016_SNO,2024-01-01,184,13088.27,39541.6,principal
SKU_1017_PAS,2024-01-01,569,27123.21,85293.1,principal
SKU_1017_BAL,2024-01-01,480,22880.74,71952.0,principal
SKU_1018_TEA,2024-01-01,533,20322.33,63906.7,principal
SKU_1018_ARM,2024-01-01,529,20169.82,63427.1,principal
SKU_1019_NAV,2024-01-01,185,15223.87,49006.5,principal
SKU_1019_GAR,2024-01-01,186,15306.16,49271.4,principal
SKU_1020_NAV,2024-01-01,187,11375.88,37381.3,principal
SKU_1020_LIG,2024-01-01,480,29200.11,95952.0,principal
SKU_1021_CRE,2024-01-01,435,33126.89,123931.5,principal
SKU_1021_PAS,2024-01-01,566,43103.03,161253.4,principal
SKU_1022_PAL,2024-01-01,258,26988.68,82534.2,principal
SKU_1022_DEN,2024-01-01,443,46341.03,141715.7,principal
SKU_1023_DEN,2024-01-01,512,56234.37,143308.8,principal
SKU_1023_FOR,2024-01-01,550,60408.02,153945.0,principal
SKU_1024_VAN,2024-01-01,545,43488.59,114395.5,principal
SKU_1024_DEN,2024-01-01,174,13884.43,36522.6,principal
SKU_1025_WHI,2024-01-01,479,73860.94,232267.1,principal
SKU_1025_MIN,2024-01-01,495,76328.11,240025.5,principal
SKU_1026_CLO,2024-01-01,0,0.0,0.0,principal
SKU_1026_SPA,2024-01-01,460,62829.14,190854.0,principal
SKU_1027_MAR,2024-01-01,290,38723.18,121771.0,principal
SKU_1027_BIR,2024-01-01,269,35919.09,112953.1,principal
SKU_1028_BLU,2024-01-01,232,46471.5,146136.8,principal
SKU_1028_AQU,2024-01-01,438,87734.99,275896.2,principal
SKU_1029_BLU,2024-01-01,238,18535.01,58286.2,principal
SKU_1029_BAL,2024-01-01,215,16743.81,52653.5,principal
SKU_1030_CRE,2024-01-01,436,90107.34,283356.4,principal
SKU_1030_DEN,2024-01-01,180,37200.28,116982.0,principal
SKU_1031_COR,2024-01-01,276,43384.96,131072.4,principal
SKU_1031_HON,2024-01-01,0,0.0,0.0,principal
SKU_1032_EME,2024-01-01,524,57471.38,180727.6,principal
SKU_1032_HON,2024-01-01,258,28296.98,88984.2,principal
SKU_1033_NAV,2024-01-01,570,117800.87,370443.0,principal
SKU_1033_LIM,2024-01-01,492,101680.75,319750.8,principal
SKU_1034_PAS,2024-01-01,473,33462.42,101647.7,principal
SKU_1034_PIS,2024-01-01,259,18322.98,55659.1,principal
SKU_1035_SAP,2024-01-01,543,113084.2,355610.7,principal
SKU_1035_FUC,2024-01-01,555,115583.3,363469.5,principal
SKU_1036_BIR,2024-01-01,450,111090.19,337455.0,principal
SKU_1036_MID,2024-01-01,217,53570.16,162728.3,principal
SKU_1037_PRI,2024-01-01,209,13950.37,43869.1,principal
SKU_1037_SPA,2024-01-01,527,35176.3,110617.3,principal
SKU_1038_LIG,2024-01-01,182,14752.59,46391.8,principal
SKU_1038_FLA,2024-01-01,244,19778.2,62195.6,principal
SKU_1039_ARM,2024-01-01,430,22046.92,66607.0,principal
SKU_1039_MIN,2024-01-01,229,11741.27,35472.1,principal
SKU_1040_BLA,2024-01-01,178,19151.15,62282.2,principal
SKU_1040_BAB,2024-01-01,448,48200.66,156755.2,principal
SKU_1041_EME,2024-01-01,503,32914.13,110609.7,principal
SKU_1041_SNO,2024-01-01,410,26828.61,90159.0,principal
SKU_1042_SEA,2024-01-01,442,40962.38,139185.8,principal
SKU_1042_EME,2024-01-01,549,50878.61,172880.1,principal
SKU_1043_SPA,2024-01-01,437,113552.4,382331.3,principal
SKU_1043_CER,2024-01-01,423,109914.56,370082.7,principal
SKU_1044_SER,2024-01-01,572,187104.61,491862.8,principal
SKU_1044_COR,2024-01-01,229,74907.26,196917.1,principal
SKU_1045_FOR,2024-01-01,158,15310.64,40274.2,principal
SKU_1045_BUB,2024-01-01,511,49517.32,130253.9,principal
SKU_1046_SNO,2024-01-01,103,5451.47,16469.7,principal
SKU_1046_PAS,2024-01-01,446,23605.4,71315.4,principal
SKU_1047_ROY,2024-01-01,527,36614.33,110617.3,principal
SKU_1047_DEE,2024-01-01,194,13478.52,40720.6,principal
SKU_1048_MAR,2024-01-01,524,41382.94,125707.6,principal
SKU_1048_PEA,2024-01-01,0,0.0,0.0,principal
SKU_1049_BAL,2024-01-01,515,127984.24,388773.5,principal
SKU_1049_LIG,2024-01-01,275,68341.1,207597.5,principal
SKU_1050_BUB,2024-01-01,0,0.0,0.0,principal
SKU_1050_PRI,2024-01-01,255,22674.86,77749.5,principal
SKU_1051_CLE,2024-01-01,478,109008.9,358452.2,principal
SKU_1051_LIG,2024-01-01,533,121551.76,399696.7,principal
SKU_1052_PAS,2024-01-01,512,47459.31,166348.8,principal
SKU_1052_FRE,2024-01-01,503,46625.07,163424.7,principal
SKU_1053_SHO,2024-01-01,194,20293.82,62060.6,principal
SKU_1053_NAV,2024-01-01,434,45399.57,138836.6,principal
SKU_1054_DEE,2024-01-01,208,26309.16,73819.2,principal
SKU_1054_PAS,2024-01-01,423,53503.73,150122.7,principal
SKU_1055_LIG,2024-01-01,558,209613.76,633274.2,principal
SKU_1055_PAL,2024-01-01,0,0.0,0.0,principal
SKU_1056_CRE,2024-01-01,266,20682.01,62483.4,principal
SKU_1056_OLI,2024-01-01,522,40586.49,122617.8,principal
SKU_1057_ROY,2024-01-01,456,27756.3,84314.4,principal
SKU_1057_SNO,2024-01-01,0,0.0,0.0,principal
SKU_1058_MID,2024-01-01,467,28943.82,91018.3,principal
SKU_1058_SHO,2024-01-01,499,30927.12,97255.1,principal
SKU_1059_PEA,2024-01-01,458,43678.64,137354.2,principal
SKU_1059_OFF,2024-01-01,502,47874.84,150549.8,principal
SKU_1060_CRE,2024-01-01,235,80172.85,260826.5,principal
SKU_1060_LIM,2024-01-01,170,57997.38,188683.0,principal
SKU_1061_PAS,2024-01-01,257,29722.89,105344.3,principal
SKU_1061_EGR,2024-01-01,149,17232.34,61075.1,principal
SKU_1062_OLI,2024-01-01,270,15398.5,53973.0,principal
SKU_1062_MID,2024-01-01,481,27432.14,96151.9,principal
SKU_1063_SNO,2024-01-01,484,28368.84,89491.6,principal
SKU_1063_SAP,2024-01-01,406,23797.0,75069.4,principal
SKU_1064_PRI,2024-01-01,482,32621.93,91531.8,principal
SKU_1064_BIR,2024-01-01,242,16378.65,45955.8,principal
SKU_1065_CLE,2024-01-01,514,109122.76,331478.6,principal
SKU_1065_COB,2024-01-01,499,105938.24,321805.1,principal
SKU_1066_IVO,2024-01-01,564,33584.45,101463.6,principal
SKU_1066_WHI,2024-01-01,460,27391.57,82754.0,principal
SKU_1067_EME,2024-01-01,466,39255.0,123443.4,principal
SKU_1067_WHI,2024-01-01,413,34790.38,109403.7,principal
SKU_1068_COR,2024-01-01,438,115243.01,348166.2,principal
SKU_1068_BAL,2024-01-01,0,0.0,0.0,principal
SKU_1069_OLI,2024-01-01,0,0.0,0.0,principal
SKU_1069_CRE,2024-01-01,223,39113.51,118167.7,principal
SKU_1070_LIG,2024-01-01,127,14498.56,43802.3,principal
SKU_1070_MID,2024-01-01,536,61190.78,184866.4,principal
SKU_1071_BAB,2024-01-01,561,49845.46,151413.9,principal
SKU_1071_SKY,2024-01-01,521,46291.41,140617.9,principal
SKU_1072_PAS,2024-01-01,263,40035.67,120953.7,principal
SKU_1072_CER,2024-01-01,255,38817.86,117274.5,principal
SKU_1073_FRE,2024-01-01,486,51461.03,155471.4,principal
SKU_1073_BLU,2024-01-01,216,22871.57,69098.4,principal
SKU_1074_JAD,2024-01-01,506,34131.26,103679.4,principal
SKU_1074_PRI,2024-01-01,287,19359.03,58806.3,principal
SKU_1075_NAV,2024-01-01,492,45356.59,142630.8,principal
SKU_1075_LIG,2024-01-01,518,47753.49,150168.2,principal
SKU_1076_BLU,2024-01-01,98,6933.02,21060.2,principal
SKU_1076_POW,2024-01-01,495,35018.81,106375.5,principal
SKU_1077_NAV,2024-01-01,465,33995.31,106903.5,principal
SKU_1077_MAR,2024-01-01,189,13817.45,43451.1,principal
SKU_1078_GAR,2024-01-01,0,0.0,0.0,principal
SKU_1078_BLU,2024-01-01,502,49471.2,155569.8,principal
SKU_1079_BAB,2024-01-01,225,20361.84,61852.5,principal
SKU_1079_JAD,2024-01-01,499,45158.04,137175.1,principal
SKU_1080_TEA,2024-01-01,495,74754.01,235075.5,principal
SKU_1080_MAR,2024-01-01,169,25522.08,80258.1,principal
SKU_1081_EGR,2024-01-01,425,37343.14,118957.5,principal
SKU_1081_PAS,2024-01-01,477,41912.18,133512.3,principal
SKU_1082_PIN,2024-01-01,555,35820.89,116494.5,principal
SKU_1082_LIG,2024-01-01,543,35046.39,113975.7,principal
SKU_1083_OFF,2024-01-01,418,56575.7,192238.2,principal
SKU_1083_BAB,2024-01-01,252,34107.84,115894.8,principal
SKU_1084_DUS,2024-01-01,421,136276.56,416747.9,principal
SKU_1084_PAS,2024-01-01,196,63444.67,194020.4,principal
SKU_1085_COB,2024-01-01,235,38379.57,117476.5,principal
SKU_1085_CRE,2024-01-01,445,72676.21,222455.5,principal
SKU_1086_PRI,2024-01-01,312,27534.24,70168.8,principal
SKU_1086_CRE,2024-01-01,465,41036.6,104578.5,principal
SKU_1087_BIR,2024-01-01,474,68610.97,177702.6,principal
SKU_1087_SNO,2024-01-01,469,67887.23,175828.1,principal
SKU_1088_CER,2024-01-01,228,53658.68,162997.2,principal
SKU_1088_HON,2024-01-01,256,60248.34,183014.4,principal
SKU_1089_GAR,2024-01-01,597,58193.17,199935.3,principal
SKU_1089_EGR,2024-01-01,243,23686.67,81380.7,principal
SKU_1090_PAL,2024-01-01,521,22568.82,70282.9,principal
SKU_1090_WHI,2024-01-01,210,9096.84,28329.0,principal
SKU_1091_OFF,2024-01-01,226,19023.05,71167.4,principal
SKU_1091_MOS,2024-01-01,510,42928.11,160599.0,principal
SKU_1092_TUR,2024-01-01,533,57498.6,175836.7,principal
SKU_1092_MIN,2024-01-01,599,64618.5,197610.1,principal
SKU_1093_GAR,2024-01-01,0,0.0,0.0,principal
SKU_1093_TEA,2024-01-01,469,194714.9,546338.1,principal
SKU_1094_FOR,2024-01-01,218,19467.31,51208.2,principal
SKU_1094_DEE,2024-01-01,610,54472.75,143289.0,principal
SKU_1095_COB,2024-01-01,547,72911.31,221480.3,principal
SKU_1095_MAG,2024-01-01,0,0.0,0.0,principal
SKU_1096_HOT,2024-01-01,252,23220.06,70534.8,principal
SKU_1096_CLE,2024-01-01,420,38700.09,117558.0,principal
SKU_1097_AQU,2024-01-01,0,0.0,0.0,principal
SKU_1097_PAL,2024-01-01,474,33716.52,101862.6,principal
SKU_1098_HON,2024-01-01,0,0.0,0.0,principal
SKU_1098_HUN,2024-01-01,544,62104.07,187625.6,principal
SKU_1099_SAL,2024-01-01,183,13692.13,45731.7,principal
SKU_1099_PRI,2024-01-01,448,33519.52,111955.2,principal
SKU_1100_PEA,2024-01-01,457,23086.08,84499.3,principal
SKU_1100_COB,2024-01-01,0,0.0,0.0,principal
SKU_1101_CLE,2024-01-01,260,28834.72,107874.0,principal
SKU_1101_DEE,2024-01-01,478,53011.52,198322.2,principal
SKU_1102_FLA,2024-01-01,594,171107.82,576120.6,principal
SKU_1102_OFF,2024-01-01,246,70862.83,238595.4,principal
SKU_1103_EGR,2024-01-01,459,22681.01,59624.1,principal
SKU_1103_LIG,2024-01-01,461,22779.84,59883.9,principal
SKU_1104_POW,2024-01-01,180,10718.44,32382.0,principal
SKU_1104_MEX,2024-01-01,220,13100.32,39578.0,principal
SKU_1105_ARM,2024-01-01,131,8836.35,26841.9,principal
SKU_1105_SER,2024-01-01,565,38110.99,115768.5,principal
SKU_1106_MYS,2024-01-01,489,121276.01,381371.1,principal
SKU_1106_SNO,2024-01-01,474,117555.89,369672.6,principal
SKU_1107_BAL,2024-01-01,551,180464.12,548189.9,principal
SKU_1107_PAS,2024-01-01,459,150332.18,456659.1,principal
SKU_1108_PRI,2024-01-01,447,36974.45,111705.3,principal
SKU_1108_SNO,2024-01-01,255,21092.81,63724.5,principal
SKU_1109_SAG,2024-01-01,111,6998.55,25518.9,principal
SKU_1109_CER,2024-01-01,603,38019.17,138629.7,principal
SKU_1110_FLA,2024-01-01,523,33025.16,120237.7,principal
SKU_1110_HUN,2024-01-01,167,10545.32,38393.3,principal
SKU_1111_CRE,2024-01-01,429,24069.59,90047.1,principal
SKU_1111_BLU,2024-01-01,242,13577.72,50795.8,principal
SKU_1112_MIN,2024-01-01,475,38781.52,130577.5,principal
SKU_1112_EGR,2024-01-01,475,38781.52,130577.5,principal
SKU_1113_VAN,2024-01-01,24,1741.31,4437.6,principal
SKU_1113_OLI,2024-01-01,0,0.0,0.0,principal
SKU_1114_GAR,2024-01-01,477,63139.01,190752.3,principal
SKU_1114_PRI,2024-01-01,244,32297.52,97575.6,principal
SKU_1115_LIM,2024-01-01,255,18138.63,54799.5,principal
SKU_1115_TEA,2024-01-01,146,10385.26,31375.4,principal
SKU_1116_MOS,2024-01-01,486,38381.89,116591.4,principal
SKU_1116_SNO,2024-01-01,503,39724.47,120669.7,principal
SKU_1117_MOS,2024-01-01,482,35083.29,105991.8,principal
SKU_1117_MIN,2024-01-01,235,17104.92,51676.5,principal
SKU_1118_FUC,2024-01-01,456,44511.03,134474.4,principal
SKU_1118_DUS,2024-01-01,200,19522.38,58980.0,principal
SKU_1119_PAS,2024-01-01,441,20310.29,61695.9,principal
SKU_1119_LIG,2024-01-01,114,5250.28,15948.6,principal
SKU_1120_AQU,2024-01-01,205,15639.08,49179.5,principal
SKU_1120_SAL,2024-01-01,506,38601.83,121389.4,principal
SKU_1121_MYS,2024-01-01,252,20731.3,62974.8,principal
SKU_1121_MIN,2024-01-01,526,43272.48,131447.4,principal
SKU_1122_ROY,2024-01-01,514,72289.94,218398.6,principal
SKU_1122_PIS,2024-01-01,277,38957.81,117697.3,principal
SKU_1123_BAB,2024-01-01,420,59764.7,180558.0,principal
SKU_1123_SER,2024-01-01,0,0.0,0.0,principal
SKU_1124_BLU,2024-01-01,549,68659.63,208565.1,principal
SKU_1124_FOR,2024-01-01,494,61781.16,187670.6,principal
SKU_1125_MIN,2024-01-01,531,27951.35,84906.9,principal
SKU_1125_SAP,2024-01-01,200,10527.82,31980.0,principal
SKU_1126_WHI,2024-01-01,402,91134.16,275329.8,principal
SKU_1126_WHI,2024-01-01,402,91134.16,275329.8,principal
SKU_1127_SAL,2024-01-01,514,33824.84,102748.6,principal
SKU_1127_BLU,2024-01-01,464,30534.49,92753.6,principal
SKU_1128_PRI,2024-01-01,569,76780.34,233233.1,principal
SKU_1128_TEA,2024-01-01,242,32655.26,99195.8,principal
SKU_1129_VAN,2024-01-01,524,66758.6,201687.6,principal
SKU_1129_SAG,2024-01-01,424,54018.41,163197.6,principal
SKU_1130_CRE,2024-01-01,425,31462.54,106207.5,principal
SKU_1130_MEX,2024-01-01,498,36866.69,124450.2,principal
SKU_1131_CLO,2024-01-01,540,146380.29,477846.0,principal
SKU_1131_JAD,2024-01-01,427,115748.86,377852.3,principal
SKU_1132_NAV,2024-01-01,0,0.0,0.0,principal
SKU_1132_CLE,2024-01-01,284,14618.35,49671.6,principal
SKU_1133_MOS,2024-01-01,440,118905.73,400356.0,principal
SKU_1133_PEA,2024-01-01,256,69181.52,232934.4,principal
SKU_1134_DUS,2024-01-01,177,15620.38,39807.3,principal
SKU_1134_PIN,2024-01-01,268,23651.2,60273.2,principal
SKU_1135_ROS,2024-01-01,228,15593.1,41017.2,principal
SKU_1135_MAR,2024-01-01,484,33101.14,87071.6,principal
SKU_1136_SNO,2024-01-01,493,40557.67,123200.7,principal
SKU_1136_FUC,2024-01-01,389,32001.89,97211.1,principal
SKU_1137_DEE,2024-01-01,460,59228.77,186254.0,principal
SKU_1137_PAL,2024-01-01,527,67855.57,213382.3,principal
SKU_1138_PEA,2024-01-01,541,38691.35,121670.9,principal
SKU_1138_HON,2024-01-01,228,16306.15,51277.2,principal
SKU_1139_PRI,2024-01-01,526,50473.33,152487.4,principal
SKU_1139_EGR,2024-01-01,482,46251.23,139731.8,principal
SKU_1140_SNO,2024-01-01,524,31318.95,104747.6,principal
SKU_1140_ROS,2024-01-01,173,10340.03,34582.7,principal
SKU_1141_SKY,2024-01-01,175,19323.8,63857.5,principal
SKU_1141_CLE,2024-01-01,560,61836.17,204344.0,principal
SKU_1142_MIN,2024-01-01,463,42065.99,157373.7,principal
SKU_1142_PAS,2024-01-01,502,45609.35,170629.8,principal
SKU_1143_IVO,2024-01-01,252,16060.54,49114.8,principal
SKU_1143_SNO,2024-01-01,215,13702.44,41903.5,principal
SKU_1144_SEA,2024-01-01,517,64880.38,170558.3,principal
SKU_1144_BUB,2024-01-01,549,68896.18,181115.1,principal
SKU_1145_MOS,2024-01-01,223,33208.47,100327.7,principal
SKU_1145_LIG,2024-01-01,8,1191.34,3599.2,principal
SKU_1146_FRE,2024-01-01,439,67909.38,206286.1,principal
SKU_1146_CER,2024-01-01,496,76726.78,233070.4,principal
SKU_1147_COR,2024-01-01,273,31618.01,95522.7,principal
SKU_1147_MEX,2024-01-01,0,0.0,0.0,principal
SKU_1148_TEA,2024-01-01,424,61035.61,184397.6,principal
SKU_1148_SPA,2024-01-01,552,79461.45,240064.8,principal
SKU_1149_IVO,2024-01-01,263,13373.08,42053.7,principal
SKU_1149_OLI,2024-01-01,522,26542.76,83467.8,principal
SKU_1150_SAG,2024-01-01,496,98722.8,314910.4,principal
SKU_1150_VAN,2024-01-01,274,54536.39,173962.6,principal
SKU_1151_CRE,2024-01-01,220,54403.87,178178.0,principal
SKU_1151_JAD,2024-01-01,534,132053.04,432486.6,principal
SKU_1152_CLO,2024-01-01,551,149476.81,559209.9,principal
SKU_1152_WHI,2024-01-01,464,125875.21,470913.6,principal
SKU_1153_PEA,2024-01-01,536,59681.08,200946.4,principal
SKU_1153_MOS,2024-01-01,200,22269.06,74980.0,principal
SKU_1154_VAN,2024-01-01,218,45757.06,116608.2,principal
SKU_1154_PEA,2024-01-01,193,40509.69,103235.7,principal
SKU_1155_ARM,2024-01-01,258,76003.18,199924.2,principal
SKU_1155_BAB,2024-01-01,484,142579.62,375051.6,principal
SKU_1156_FLA,2024-01-01,550,49829.01,156695.0,principal
SKU_1156_EGR,2024-01-01,484,43849.53,137891.6,principal
SKU_1157_DEE,2024-01-01,246,15378.71,46715.4,principal
SKU_1157_PAS,2024-01-01,228,14253.44,43297.2,principal
SKU_1158_AQU,2024-01-01,529,116056.36,364957.1,principal
SKU_1158_MYS,2024-01-01,449,98505.3,309765.1,principal
SKU_1159_PAS,2024-01-01,462,27510.67,83113.8,principal
SKU_1159_PRI,2024-01-01,206,12266.66,37059.4,principal
SKU_1160_DUS,2024-01-01,277,18786.67,56757.3,principal
SKU_1160_LIM,2024-01-01,424,28756.49,86877.6,principal
SKU_1161_MEX,2024-01-01,469,65961.05,199278.1,principal
SKU_1161_DUS,2024-01-01,0,0.0,0.0,principal
SKU_1162_HOT,2024-01-01,259,62586.88,196814.1,principal
SKU_1162_BUB,2024-01-01,268,64761.72,203653.2,principal
SKU_1163_HUN,2024-01-01,512,42120.74,127948.8,principal
SKU_1163_SPA,2024-01-01,253,20813.57,63224.7,principal
SKU_1164_BRI,2024-01-01,533,33881.85,106546.7,principal
SKU_1164_MIN,2024-01-01,461,29304.94,92153.9,principal
SKU_1165_HUN,2024-01-01,278,30048.52,94492.2,principal
SKU_1165_MAR,2024-01-01,552,59664.69,187624.8,principal
SKU_1166_PIS,2024-01-01,194,37317.49,117350.6,principal
SKU_1166_FRE,2024-01-01,499,95986.74,301845.1,principal
SKU_1167_WHI,2024-01-01,473,112043.39,352337.7,principal
SKU_1167_JAD,2024-01-01,184,43585.59,137061.6,principal
SKU_1168_GAR,2024-01-01,524,131800.1,398187.6,principal
SKU_1168_BLU,2024-01-01,242,60869.51,183895.8,principal
SKU_1169_BUB,2024-01-01,488,31021.28,97551.2,principal
SKU_1169_MEX,2024-01-01,533,33881.85,106546.7,principal
SKU_1170_GAR,2024-01-01,455,134043.49,407179.5,principal
SKU_1170_OFF,2024-01-01,438,129035.27,391966.2,principal
SKU_1171_MIN,2024-01-01,440,24907.84,81356.0,principal
SKU_1171_EME,2024-01-01,244,13812.53,45115.6,principal
SKU_1172_ARM,2024-01-01,407,44948.05,146479.3,principal
SKU_1172_PIN,2024-01-01,189,20872.68,68021.1,principal
SKU_1173_GAR,2024-01-01,423,36711.78,124742.7,principal
SKU_1173_AQU,2024-01-01,449,38968.29,132410.1,principal
SKU_1174_PEA,2024-01-01,473,31472.62,99282.7,principal
SKU_1174_BLU,2024-01-01,226,15037.66,47437.4,principal
SKU_1175_FUC,2024-01-01,426,37563.12,114977.4,principal
SKU_1175_CLE,2024-01-01,453,39943.88,122264.7,principal
SKU_1176_GAR,2024-01-01,566,69953.05,183893.4,principal
SKU_1176_NAV,2024-01-01,541,66863.25,175770.9,principal
SKU_1177_MIN,2024-01-01,257,20296.6,61654.3,principal
SKU_1177_PEA,2024-01-01,231,18243.24,55416.9,principal
SKU_1178_RAS,2024-01-01,542,55136.68,173385.8,principal
SKU_1178_MID,2024-01-01,508,51677.93,162509.2,principal
SKU_1179_TUR,2024-01-01,508,54908.81,172669.2,principal
SKU_1179_VAN,2024-01-01,542,58583.8,184225.8,principal
SKU_1180_ROY,2024-01-01,243,37096.11,128765.7,principal
SKU_1180_AQU,2024-01-01,482,73581.59,255411.8,principal
SKU_1181_AQU,2024-01-01,565,50717.94,163793.5,principal
SKU_1181_SER,2024-01-01,247,22172.27,71605.3,principal
SKU_1182_BIR,2024-01-01,455,115342.25,382154.5,principal
SKU_1182_PIN,2024-01-01,466,118130.75,391393.4,principal
SKU_1183_POW,2024-01-01,471,102097.56,306102.9,principal
SKU_1183_MOS,2024-01-01,246,53324.84,159875.4,principal
SKU_1184_HOT,2024-01-01,228,27162.48,77497.2,principal
SKU_1184_BAB,2024-01-01,132,15725.65,44866.8,principal
SKU_1185_BAL,2024-01-01,445,166753.72,440505.5,principal
SKU_1185_MAG,2024-01-01,460,172374.64,455354.0,principal
SKU_1186_FLA,2024-01-01,122,19073.12,57937.8,principal
SKU_1186_MEX,2024-01-01,506,79106.56,240299.4,principal
SKU_1187_JAD,2024-01-01,460,47185.37,142554.0,principal
SKU_1187_OLI,2024-01-01,496,50878.14,153710.4,principal
SKU_1188_TEA,2024-01-01,401,31842.17,96199.9,principal
SKU_1188_BAB,2024-01-01,401,31842.17,96199.9,principal
SKU_1189_FUC,2024-01-01,0,0.0,0.0,principal
SKU_1189_ROY,2024-01-01,556,43230.06,130604.4,principal
SKU_1190_TEA,2024-01-01,190,32036.56,110181.0,principal
SKU_1190_MAG,2024-01-01,504,84981.19,292269.6,principal
SKU_1191_MIN,2024-01-01,461,26534.36,85238.9,principal
SKU_1191_MYS,2024-01-01,455,26189.01,84129.5,principal
SKU_1192_MAR,2024-01-01,468,30136.1,109933.2,principal
SKU_1192_RAS,2024-01-01,238,15325.62,55906.2,principal
SKU_1193_CLE,2024-01-01,203,28543.87,90314.7,principal
SKU_1193_ROS,2024-01-01,428,60181.17,190417.2,principal
SKU_1194_FLA,2024-01-01,451,34781.38,99174.9,principal
SKU_1194_SAG,2024-01-01,497,38328.93,109290.3,principal
SKU_1195_HUN,2024-01-01,234,37490.36,109956.6,principal
SKU_1195_SAL,2024-01-01,130,20827.98,61087.0,principal
SKU_1196_PEA,2024-01-01,0,0.0,0.0,principal
SKU_1196_RAS,2024-01-01,156,18447.83,47564.4,principal
SKU_1197_ROS,2024-01-01,451,118018.17,358499.9,principal
SKU_1197_COR,2024-01-01,426,111476.14,338627.4,principal
SKU_1198_SEA,2024-01-01,479,51012.64,160417.1,principal
SKU_1198_SAL,2024-01-01,151,16081.23,50569.9,principal
SKU_1199_PAL,2024-01-01,244,14039.78,51215.6,principal
SKU_1199_TEA,2024-01-01,483,27791.87,101381.7,principal
SKU_1200_MID,2024-01-01,284,15128.68,51091.6,principal
SKU_1200_PAS,2024-01-01,203,10813.81,36519.7,principal
SKU_1201_BIR,2024-01-01,0,0.0,0.0,principal
SKU_1201_SAG,2024-01-01,533,82325.27,258451.7,principal
SKU_1202_LIG,2024-01-01,526,155988.01,428637.4,principal
SKU_1202_CLE,2024-01-01,531,157470.78,432711.9,principal
SKU_1203_OFF,2024-01-01,141,38934.62,107145.9,principal
SKU_1203_FLA,2024-01-01,455,125640.1,345754.5,principal
SKU_1204_AQU,2024-01-01,170,22948.72,59483.0,principal
SKU_1204_MIN,2024-01-01,556,75055.81,194544.4,principal
SKU_1205_RAS,2024-01-01,475,124978.15,377577.5,principal
SKU_1205_COR,2024-01-01,486,127872.38,386321.4,principal
SKU_1206_HUN,2024-01-01,523,71824.58,216992.7,principal
SKU_1206_BLA,2024-01-01,449,61662.02,186290.1,principal
SKU_1207_POW,2024-01-01,516,173247.56,526268.4,principal
SKU_1207_BLA,2024-01-01,400,134300.43,407960.0,principal
SKU_1208_PAS,2024-01-01,213,52203.43,137363.7,principal
SKU_1208_MOS,2024-01-01,207,50732.91,133494.3,principal
SKU_1209_BLA,2024-01-01,258,27846.67,72214.2,principal
SKU_1209_DUS,2024-01-01,445,48030.1,124555.5,principal
SKU_1210_SHO,2024-01-01,495,39676.25,101425.5,principal
SKU_1210_WHI,2024-01-01,515,41279.33,105523.5,principal
SKU_1211_GAR,2024-01-01,515,54235.21,164748.5,principal
SKU_1211_CRE,2024-01-01,562,59184.83,179783.8,principal
SKU_1212_COB,2024-01-01,273,19090.4,60032.7,principal
SKU_1212_SNO,2024-01-01,483,33775.32,106211.7,principal
SKU_1213_MAG,2024-01-01,213,61347.64,186353.7,principal
SKU_1213_POW,2024-01-01,483,139112.25,422576.7,principal
SKU_1214_BLA,2024-01-01,485,45600.94,145451.5,principal
SKU_1214_RAS,2024-01-01,221,20778.98,66277.9,principal
SKU_1215_MAG,2024-01-01,247,17045.77,54315.3,principal
SKU_1215_BRI,2024-01-01,441,30433.95,96975.9,principal
SKU_1216_WHI,2024-01-01,577,87896.87,328832.3,principal
SKU_1216_CRE,2024-01-01,553,84240.85,315154.7,principal
SKU_1217_ROS,2024-01-01,506,131513.6,414869.4,principal
SKU_1217_RAS,2024-01-01,455,118258.28,373054.5,principal
SKU_1218_BLU,2024-01-01,237,60904.91,155211.3,principal
SKU_1218_SNO,2024-01-01,172,44201.03,112642.8,principal
SKU_1219_MAR,2024-01-01,487,73110.96,192316.3,principal
SKU_1219_LIM,2024-01-01,0,0.0,0.0,principal
SKU_1220_TUR,2024-01-01,218,22000.97,66468.2,principal
SKU_1220_HOT,2024-01-01,445,44910.25,135680.5,principal
SKU_1221_SAG,2024-01-01,233,54451.68,171231.7,principal
SKU_1221_PAL,2024-01-01,0,0.0,0.0,principal
SKU_1222_PAS,2024-01-01,452,125719.77,381894.8,principal
SKU_1222_HON,2024-01-01,500,139070.54,422450.0,principal
SKU_1223_TEA,2024-01-01,555,26474.1,80419.5,principal
SKU_1223_BLA,2024-01-01,448,21370.08,64915.2,principal
SKU_1224_OLI,2024-01-01,156,21164.88,64724.4,principal
SKU_1224_ARM,2024-01-01,433,58746.11,179651.7,principal
SKU_1225_POW,2024-01-01,207,13476.07,44484.3,principal
SKU_1225_IVO,2024-01-01,554,36066.4,119054.6,principal
SKU_1226_PAL,2024-01-01,531,73459.59,257481.9,principal
SKU_1226_LIG,2024-01-01,237,32787.05,114921.3,principal
SKU_1227_CLO,2024-01-01,524,62235.64,209547.6,principal
SKU_1227_PAS,2024-01-01,280,33255.68,111972.0,principal
SKU_1228_WHI,2024-01-01,518,58926.0,150168.2,principal
SKU_1228_SPA,2024-01-01,463,52669.38,134223.7,principal
SKU_1229_SAL,2024-01-01,460,130216.38,395554.0,principal
SKU_1229_CLO,2024-01-01,512,144936.49,440268.8,principal
SKU_1230_ROS,2024-01-01,479,63058.95,191552.1,principal
SKU_1230_NAV,2024-01-01,516,67929.89,206348.4,principal
SKU_1231_LIG,2024-01-01,501,79582.3,240429.9,principal
SKU_1231_BIR,2024-01-01,185,29386.68,88781.5,principal
SKU_1232_AQU,2024-01-01,205,24081.74,72754.5,principal
SKU_1232_FOR,2024-01-01,0,0.0,0.0,principal
SKU_1233_JAD,2024-01-01,475,37513.16,113952.5,principal
SKU_1233_SEA,2024-01-01,535,42251.67,128346.5,principal
SKU_1234_MOS,2024-01-01,184,12229.87,37701.6,principal
SKU_1234_SAL,2024-01-01,0,0.0,0.0,principal
SKU_1235_HUN,2024-01-01,103,13961.86,48399.7,principal
SKU_1235_COR,2024-01-01,239,32396.94,112306.1,principal
SKU_1236_DEE,2024-01-01,467,82504.42,266143.3,principal
SKU_1236_LIM,2024-01-01,281,49643.99,160141.9,principal
SKU_1237_BAB,2024-01-01,471,134362.86,470952.9,principal
SKU_1237_GAR,2024-01-01,571,162890.01,570942.9,principal
SKU_1238_SAP,2024-01-01,291,42424.4,133830.9,principal
SKU_1238_TUR,2024-01-01,157,22888.76,72204.3,principal
SKU_1239_BAB,2024-01-01,178,20983.7,55162.2,principal
SKU_1239_MID,2024-01-01,421,49629.99,130467.9,principal
SKU_1240_PAL,2024-01-01,585,192562.74,584941.5,principal
SKU_1240_MOS,2024-01-01,0,0.0,0.0,principal
SKU_1241_BAL,2024-01-01,424,50235.13,152597.6,principal
SKU_1241_FLA,2024-01-01,439,52012.32,157996.1,principal
SKU_1242_AQU,2024-01-01,506,50669.93,159339.4,principal
SKU_1242_SKY,2024-01-01,281,28138.83,88486.9,principal
SKU_1243_SNO,2024-01-01,509,41260.51,124654.1,principal
SKU_1243_PIN,2024-01-01,547,44340.86,133960.3,principal
SKU_1244_COB,2024-01-01,571,52639.46,165532.9,principal
SKU_1244_GAR,2024-01-01,443,40839.37,128425.7,principal
SKU_1245_COB,2024-01-01,193,11942.96,40510.7,principal
SKU_1245_SNO,2024-01-01,87,5383.61,18261.3,principal
SKU_1246_PAL,2024-01-01,508,41823.73,149809.2,principal
SKU_1246_COR,2024-01-01,211,17371.67,62223.9,principal
SKU_1247_SAP,2024-01-01,202,10367.74,36339.8,principal
SKU_1247_SKY,2024-01-01,254,13036.67,45694.6,principal
SKU_1248_AQU,2024-01-01,185,10278.1,31431.5,principal
SKU_1248_SAG,2024-01-01,200,11111.46,33980.0,principal
SKU_1249_WHI,2024-01-01,480,49281.58,129552.0,principal
SKU_1249_ARM,2024-01-01,522,53593.72,140887.8,principal
SKU_1250_AQU,2024-01-01,446,38159.35,115915.4,principal
SKU_1250_BAB,2024-01-01,463,39613.85,120333.7,principal
SKU_1251_SHO,2024-01-01,217,65714.34,199618.3,principal
SKU_1251_COB,2024-01-01,0,0.0,0.0,principal
SKU_1252_NAV,2024-01-01,480,34328.74,107952.0,principal
SKU_1252_FLA,2024-01-01,478,34185.7,107502.2,principal
SKU_1253_SEA,2024-01-01,523,61964.56,188227.7,principal
SKU_1253_FRE,2024-01-01,474,56159.08,170592.6,principal
SKU_1254_SEA,2024-01-01,0,0.0,0.0,principal
SKU_1254_BAB,2024-01-01,182,11439.96,34561.8,principal
SKU_1255_VAN,2024-01-01,388,57843.4,186201.2,principal
SKU_1255_SHO,2024-01-01,259,38611.96,124294.1,principal
SKU_1256_SEA,2024-01-01,533,105415.44,346396.7,principal
SKU_1256_MID,2024-01-01,256,50631.06,166374.4,principal
SKU_1257_SPA,2024-01-01,480,28059.83,98352.0,principal
SKU_1257_EME,2024-01-01,179,10463.98,36677.1,principal
SKU_1258_AQU,2024-01-01,455,35797.26,120529.5,principal
SKU_1258_LIG,2024-01-01,0,0.0,0.0,principal
SKU_1259_ARM,2024-01-01,192,24627.53,69100.8,principal
SKU_1259_POW,2024-01-01,142,18214.11,51105.8,principal
SKU_1260_WHI,2024-01-01,503,56590.97,170969.7,principal
SKU_1260_ROY,2024-01-01,522,58728.6,177427.8,principal
SKU_1261_PAS,2024-01-01,1046,170415.45,517665.4,principal
SKU_1261_PAS,2024-01-01,1046,170415.45,517665.4,principal
SKU_1262_BLU,2024-01-01,545,49590.59,149820.5,principal
SKU_1262_OFF,2024-01-01,126,11464.98,34637.4,principal
SKU_1263_COB,2024-01-01,0,0.0,0.0,principal
SKU_1263_SKY,2024-01-01,248,15095.53,45855.2,principal
SKU_1264_EGR,2024-01-01,574,112238.93,352952.6,principal
SKU_1264_BRI,2024-01-01,255,49862.24,156799.5,principal
SKU_1265_CRE,2024-01-01,218,15867.54,47938.2,principal
SKU_1265_JAD,2024-01-01,272,19798.04,59812.8,principal
SKU_1266_MEX,2024-01-01,503,49659.72,150849.7,principal
SKU_1266_SPA,2024-01-01,565,55780.8,169443.5,principal
SKU_1267_SKY,2024-01-01,248,27491.27,83055.2,principal
SKU_1267_SAP,2024-01-01,212,23500.6,70998.8,principal
SKU_1268_MYS,2024-01-01,456,48563.18,152714.4,principal
SKU_1268_MAR,2024-01-01,494,52610.11,165440.6,principal
SKU_1269_BAB,2024-01-01,241,82502.75,250615.9,principal
SKU_1269_CER,2024-01-01,197,67440.01,204860.3,principal
SKU_1270_CRE,2024-01-01,587,36696.35,111471.3,principal
SKU_1270_TUR,2024-01-01,527,32945.45,100077.3,principal
SKU_1271_OLI,2024-01-01,204,59762.84,181539.6,principal
SKU_1271_FLA,2024-01-01,420,123041.13,373758.0,principal
SKU_1272_PAS,2024-01-01,172,21628.47,65342.8,principal
SKU_1272_TEA,2024-01-01,495,62244.72,188050.5,principal
SKU_1273_PAS,2024-01-01,517,125754.15,395453.3,principal
SKU_1273_EGR,2024-01-01,169,41107.26,129268.1,principal
SKU_1274_MEX,2024-01-01,472,39760.43,125032.8,principal
SKU_1274_BAL,2024-01-01,279,23502.46,73907.1,principal
SKU_1275_MIN,2024-01-01,520,31651.92,96148.0,principal
SKU_1275_BIR,2024-01-01,206,12539.03,38089.4,principal
SKU_1000_COR,2024-02-01,0,0.0,0.0,principal
SKU_1000_EME,2024-02-01,386,23066.22,79091.4,principal
SKU_1000_ROY,2024-02-01,445,26591.88,91180.5,principal
SKU_1001_AQU,2024-02-01,363,91198.4,341183.7,principal
SKU_1001_SAP,2024-02-01,442,111045.99,415435.8,principal
SKU_1002_COR,2024-02-01,311,23888.63,73053.9,principal
SKU_1002_MYS,2024-02-01,337,25885.75,79161.3,principal
SKU_1003_SNO,2024-02-01,396,56701.96,144500.4,principal
SKU_1003_DUS,2024-02-01,458,65579.54,167124.2,principal
SKU_1004_FOR,2024-02-01,149,16987.49,44685.1,principal
SKU_1004_MEX,2024-02-01,390,44463.89,116961.0,principal
SKU_1005_OLI,2024-02-01,33,2008.68,6101.7,principal
SKU_1005_MYS,2024-02-01,60,3652.14,11094.0,principal
SKU_1006_MOS,2024-02-01,361,21800.14,68553.9,principal
SKU_1006_FOR,2024-02-01,365,22041.69,69313.5,principal
SKU_1007_COB,2024-02-01,436,40887.3,128576.4,principal
SKU_1007_FOR,2024-02-01,420,39386.84,123858.0,principal
SKU_1008_MEX,2024-02-01,454,48824.02,147504.6,principal
SKU_1008_WHI,2024-02-01,379,40758.38,123137.1,principal
SKU_1009_BAB,2024-02-01,467,66416.99,240458.3,principal
SKU_1009_MAG,2024-02-01,0,0.0,0.0,principal
SKU_1010_SNO,2024-02-01,398,45054.64,151200.2,principal
SKU_1010_BRI,2024-02-01,44,4980.91,16715.6,principal
SKU_1011_CER,2024-02-01,375,26051.73,97462.5,principal
SKU_1011_MIN,2024-02-01,331,22994.99,86026.9,principal
SKU_1012_VAN,2024-02-01,420,120985.33,407358.0,principal
SKU_1012_CLO,2024-02-01,431,124153.99,418026.9,principal
SKU_1013_LIG,2024-02-01,640,43797.73,115136.0,principal
SKU_1013_LIG,2024-02-01,640,43797.73,115136.0,principal
SKU_1014_FLA,2024-02-01,410,54270.43,163959.0,principal
SKU_1014_MIN,2024-02-01,435,57579.6,173956.5,principal
SKU_1015_ROY,2024-02-01,433,133992.67,404811.7,principal
SKU_1015_TUR,2024-02-01,336,103975.84,314126.4,principal
SKU_1016_HON,2024-02-01,293,20841.65,62965.7,principal
SKU_1016_SNO,2024-02-01,78,5548.29,16762.2,principal
SKU_1017_PAS,2024-02-01,454,21641.36,68054.6,principal
SKU_1017_BAL,2024-02-01,373,17780.24,55912.7,principal
SKU_1018_TEA,2024-02-01,444,16928.92,53235.6,principal
SKU_1018_ARM,2024-02-01,441,16814.54,52875.9,principal
SKU_1019_NAV,2024-02-01,343,28225.88,90860.7,principal
SKU_1019_GAR,2024-02-01,339,27896.71,89801.1,principal
SKU_1020_NAV,2024-02-01,333,20257.58,66566.7,principal
SKU_1020_LIG,2024-02-01,382,23238.42,76361.8,principal
SKU_1021_CRE,2024-02-01,340,25892.28,96866.0,principal
SKU_1021_PAS,2024-02-01,455,34649.97,129629.5,principal
SKU_1022_PAL,2024-02-01,420,43935.07,134358.0,principal
SKU_1022_DEN,2024-02-01,333,34834.23,106526.7,principal
SKU_1023_DEN,2024-02-01,408,44811.77,114199.2,principal
SKU_1023_FOR,2024-02-01,445,48875.58,124555.5,principal
SKU_1024_VAN,2024-02-01,464,37025.15,97393.6,principal
SKU_1024_DEN,2024-02-01,322,25694.18,67587.8,principal
SKU_1025_WHI,2024-02-01,393,60599.89,190565.7,principal
SKU_1025_MIN,2024-02-01,394,60754.09,191050.6,principal
SKU_1026_CLO,2024-02-01,0,0.0,0.0,principal
SKU_1026_SPA,2024-02-01,343,46848.68,142310.7,principal
SKU_1027_MAR,2024-02-01,494,65962.93,207430.6,principal
SKU_1027_BIR,2024-02-01,450,60087.69,188955.0,principal
SKU_1028_BLU,2024-02-01,396,79322.05,249440.4,principal
SKU_1028_AQU,2024-02-01,343,68705.71,216055.7,principal
SKU_1029_BLU,2024-02-01,436,33954.9,106776.4,principal
SKU_1029_BAL,2024-02-01,374,29126.45,91592.6,principal
SKU_1030_CRE,2024-02-01,333,68820.51,216416.7,principal
SKU_1030_DEN,2024-02-01,337,69647.18,219016.3,principal
SKU_1031_COR,2024-02-01,442,69478.82,209905.8,principal
SKU_1031_HON,2024-02-01,103,16190.77,48914.7,principal
SKU_1032_EME,2024-02-01,422,46284.2,145547.8,principal
SKU_1032_HON,2024-02-01,427,46832.59,147272.3,principal
SKU_1033_NAV,2024-02-01,475,98167.39,308702.5,principal
SKU_1033_LIM,2024-02-01,381,78740.58,247611.9,principal
SKU_1034_PAS,2024-02-01,367,25963.44,78868.3,principal
SKU_1034_PIS,2024-02-01,413,29217.72,88753.7,principal
SKU_1035_SAP,2024-02-01,439,91425.35,287501.1,principal
SKU_1035_FUC,2024-02-01,445,92674.9,291430.5,principal
SKU_1036_BIR,2024-02-01,346,85416.01,259465.4,principal
SKU_1036_MID,2024-02-01,371,91587.69,278212.9,principal
SKU_1037_PRI,2024-02-01,351,23428.62,73674.9,principal
SKU_1037_SPA,2024-02-01,419,27967.5,87948.1,principal
SKU_1038_LIG,2024-02-01,327,26506.03,83352.3,principal
SKU_1038_FLA,2024-02-01,420,34044.44,107058.0,principal
SKU_1039_ARM,2024-02-01,333,17073.54,51581.7,principal
SKU_1039_MIN,2024-02-01,378,19380.78,58552.2,principal
SKU_1040_BLA,2024-02-01,319,34321.45,111618.1,principal
SKU_1040_BAB,2024-02-01,361,38840.26,126313.9,principal
SKU_1041_EME,2024-02-01,381,24930.98,83781.9,principal
SKU_1041_SNO,2024-02-01,315,20612.23,69268.5,principal
SKU_1042_SEA,2024-02-01,355,32899.65,111789.5,principal
SKU_1042_EME,2024-02-01,458,42445.18,144224.2,principal
SKU_1043_SPA,2024-02-01,347,90166.32,303590.3,principal
SKU_1043_CER,2024-02-01,338,87827.71,295716.2,principal
SKU_1044_SER,2024-02-01,476,155702.44,409312.4,principal
SKU_1044_COR,2024-02-01,391,127898.43,336220.9,principal
SKU_1045_FOR,2024-02-01,319,30911.99,81313.1,principal
SKU_1045_BUB,2024-02-01,435,42152.71,110881.5,principal
SKU_1046_SNO,2024-02-01,8,423.42,1279.2,principal
SKU_1046_PAS,2024-02-01,348,18418.56,55645.2,principal
SKU_1047_ROY,2024-02-01,422,29319.25,88577.8,principal
SKU_1047_DEE,2024-02-01,324,22510.52,68007.6,principal
SKU_1048_MAR,2024-02-01,408,32221.83,97879.2,principal
SKU_1048_PEA,2024-02-01,84,6633.91,20151.6,principal
SKU_1049_BAL,2024-02-01,423,105121.03,319322.7,principal
SKU_1049_LIG,2024-02-01,431,107109.14,325361.9,principal
SKU_1050_BUB,2024-02-01,81,7202.6,24696.9,principal
SKU_1050_PRI,2024-02-01,445,39569.86,135680.5,principal
SKU_1051_CLE,2024-02-01,388,88484.21,290961.2,principal
SKU_1051_LIG,2024-02-01,428,97606.29,320957.2,principal
SKU_1052_PAS,2024-02-01,409,37911.83,132884.1,principal
SKU_1052_FRE,2024-02-01,399,36984.89,129635.1,principal
SKU_1053_SHO,2024-02-01,90,9414.66,28791.0,principal
SKU_1053_NAV,2024-02-01,341,35671.09,109085.9,principal
SKU_1054_DEE,2024-02-01,380,48064.82,134862.0,principal
SKU_1054_PAS,2024-02-01,348,44017.25,123505.2,principal
SKU_1055_LIG,2024-02-01,465,174678.13,527728.5,principal
SKU_1055_PAL,2024-02-01,76,28549.54,86252.4,principal
SKU_1056_CRE,2024-02-01,425,33044.56,99832.5,principal
SKU_1056_OLI,2024-02-01,432,33588.82,101476.8,principal
SKU_1057_ROY,2024-02-01,347,21121.57,64160.3,principal
SKU_1057_SNO,2024-02-01,0,0.0,0.0,principal
SKU_1058_MID,2024-02-01,375,23241.83,73087.5,principal
SKU_1058_SHO,2024-02-01,393,24357.43,76595.7,principal
SKU_1059_PEA,2024-02-01,367,35000.13,110063.3,principal
SKU_1059_OFF,2024-02-01,420,40054.64,125958.0,principal
SKU_1060_CRE,2024-02-01,415,141581.84,460608.5,principal
SKU_1060_LIM,2024-02-01,343,117018.24,380695.7,principal
SKU_1061_PAS,2024-02-01,441,51003.1,180765.9,principal
SKU_1061_EGR,2024-02-01,310,35852.52,127069.0,principal
SKU_1062_OLI,2024-02-01,444,25321.97,88755.6,principal
SKU_1062_MID,2024-02-01,402,22926.65,80359.8,principal
SKU_1063_SNO,2024-02-01,392,22976.41,72480.8,principal
SKU_1063_SAP,2024-02-01,319,18697.64,58983.1,principal
SKU_1064_PRI,2024-02-01,377,25515.5,71592.3,principal
SKU_1064_BIR,2024-02-01,417,28222.71,79188.3,principal
SKU_1065_CLE,2024-02-01,423,89803.36,272792.7,principal
SKU_1065_COB,2024-02-01,405,85981.94,261184.5,principal
SKU_1066_IVO,2024-02-01,457,27212.93,82214.3,principal
SKU_1066_WHI,2024-02-01,353,21020.06,63504.7,principal
SKU_1067_EME,2024-02-01,368,30999.66,97483.2,principal
SKU_1067_WHI,2024-02-01,328,27630.13,86887.2,principal
SKU_1068_COR,2024-02-01,349,91826.05,277420.1,principal
SKU_1068_BAL,2024-02-01,87,22890.74,69156.3,principal
SKU_1069_OLI,2024-02-01,0,0.0,0.0,principal
SKU_1069_CRE,2024-02-01,365,64019.87,193413.5,principal
SKU_1070_LIG,2024-02-01,39,4452.31,13451.1,principal
SKU_1070_MID,2024-02-01,439,50117.07,151411.1,principal
SKU_1071_BAB,2024-02-01,474,42115.41,127932.6,principal
SKU_1071_SKY,2024-02-01,427,37939.41,115247.3,principal
SKU_1072_PAS,2024-02-01,428,65153.11,196837.2,principal
SKU_1072_CER,2024-02-01,420,63935.3,193158.0,principal
SKU_1073_FRE,2024-02-01,373,39495.81,119322.7,principal
SKU_1073_BLU,2024-02-01,386,40872.34,123481.4,principal
SKU_1074_JAD,2024-02-01,424,28600.11,86877.6,principal
SKU_1074_PRI,2024-02-01,466,31433.14,95483.4,principal
SKU_1075_NAV,2024-02-01,388,35769.02,112481.2,principal
SKU_1075_LIG,2024-02-01,441,40655.0,127845.9,principal
SKU_1076_BLU,2024-02-01,10,707.45,2149.0,principal
SKU_1076_POW,2024-02-01,398,28156.54,85530.2,principal
SKU_1077_NAV,2024-02-01,342,25003.0,78625.8,principal
SKU_1077_MAR,2024-02-01,351,25660.98,80694.9,principal
SKU_1078_GAR,2024-02-01,0,0.0,0.0,principal
SKU_1078_BLU,2024-02-01,411,40503.31,127368.9,principal
SKU_1079_BAB,2024-02-01,370,33483.92,101713.0,principal
SKU_1079_JAD,2024-02-01,413,37375.29,113533.7,principal
SKU_1080_TEA,2024-02-01,394,59501.17,187110.6,principal
SKU_1080_MAR,2024-02-01,319,48174.81,151493.1,principal
SKU_1081_EGR,2024-02-01,322,28292.92,90127.8,principal
SKU_1081_PAS,2024-02-01,391,34355.69,109440.9,principal
SKU_1082_PIN,2024-02-01,446,28785.8,93615.4,principal
SKU_1082_LIG,2024-02-01,446,28785.8,93615.4,principal
SKU_1083_OFF,2024-02-01,315,42634.8,144868.5,principal
SKU_1083_BAB,2024-02-01,446,60365.46,205115.4,principal
SKU_1084_DUS,2024-02-01,331,107143.81,327656.9,principal
SKU_1084_PAS,2024-02-01,362,117178.42,358343.8,principal
SKU_1085_COB,2024-02-01,390,63693.76,194961.0,principal
SKU_1085_CRE,2024-02-01,362,59120.87,180963.8,principal
SKU_1086_PRI,2024-02-01,478,42183.86,107502.2,principal
SKU_1086_CRE,2024-02-01,362,31946.78,81413.8,principal
SKU_1087_BIR,2024-02-01,366,52978.09,137213.4,principal
SKU_1087_SNO,2024-02-01,370,53557.09,138713.0,principal
SKU_1088_CER,2024-02-01,393,92490.62,280955.7,principal
SKU_1088_HON,2024-02-01,405,95314.76,289534.5,principal
SKU_1089_GAR,2024-02-01,481,46885.95,161086.9,principal
SKU_1089_EGR,2024-02-01,411,40062.63,137643.9,principal
SKU_1090_PAL,2024-02-01,450,19493.23,60705.0,principal
SKU_1090_WHI,2024-02-01,374,16201.04,50452.6,principal
SKU_1091_OFF,2024-02-01,361,30386.37,113678.9,principal
SKU_1091_MOS,2024-02-01,424,35689.25,133517.6,principal
SKU_1092_TUR,2024-02-01,420,45308.47,138558.0,principal
SKU_1092_MIN,2024-02-01,489,52752.0,161321.1,principal
SKU_1093_GAR,2024-02-01,0,0.0,0.0,principal
SKU_1093_TEA,2024-02-01,360,149461.33,419364.0,principal
SKU_1094_FOR,2024-02-01,367,32772.95,86208.3,principal
SKU_1094_DEE,2024-02-01,491,43846.1,115335.9,principal
SKU_1095_COB,2024-02-01,462,61581.4,187063.8,principal
SKU_1095_MAG,2024-02-01,118,15728.58,47778.2,principal
SKU_1096_HOT,2024-02-01,426,39252.95,119237.4,principal
SKU_1096_CLE,2024-02-01,333,30683.65,93206.7,principal
SKU_1097_AQU,2024-02-01,104,7397.72,22349.6,principal
SKU_1097_PAL,2024-02-01,386,27456.91,82951.4,principal
SKU_1098_HON,2024-02-01,0,0.0,0.0,principal
SKU_1098_HUN,2024-02-01,444,50687.88,153135.6,principal
SKU_1099_SAL,2024-02-01,338,25289.28,84466.2,principal
SKU_1099_PRI,2024-02-01,346,25887.84,86465.4,principal
SKU_1100_PEA,2024-02-01,355,17933.39,65639.5,principal
SKU_1100_COB,2024-02-01,84,4243.39,15531.6,principal
SKU_1101_CLE,2024-02-01,186,20627.92,77171.4,principal
SKU_1101_DEE,2024-02-01,391,43362.98,162225.9,principal
SKU_1102_FLA,2024-02-01,503,144894.33,487859.7,principal
SKU_1102_OFF,2024-02-01,433,124730.11,419966.7,principal
SKU_1103_EGR,2024-02-01,349,17245.47,45335.1,principal
SKU_1103_LIG,2024-02-01,363,17937.27,47153.7,principal
SKU_1104_POW,2024-02-01,318,18935.91,57208.2,principal
SKU_1104_MEX,2024-02-01,392,23342.38,70520.8,principal
SKU_1105_ARM,2024-02-01,16,1079.25,3278.4,principal
SKU_1105_SER,2024-02-01,466,31433.14,95483.4,principal
SKU_1106_MYS,2024-02-01,378,93747.1,294802.2,principal
SKU_1106_SNO,2024-02-01,381,94491.12,297141.9,principal
SKU_1107_BAL,2024-02-01,447,146401.92,444720.3,principal
SKU_1107_PAS,2024-02-01,356,116597.5,354184.4,principal
SKU_1108_PRI,2024-02-01,351,29033.63,87714.9,principal
SKU_1108_SNO,2024-02-01,405,33500.34,101209.5,principal
SKU_1109_SAG,2024-02-01,21,1324.05,4827.9,principal
SKU_1109_CER,2024-02-01,484,30516.21,111271.6,principal
SKU_1110_FLA,2024-02-01,418,26394.87,96098.2,principal
SKU_1110_HUN,2024-02-01,68,4293.9,15633.2,principal
SKU_1111_CRE,2024-02-01,329,18458.96,69057.1,principal
SKU_1111_BLU,2024-02-01,395,22161.98,82910.5,principal
SKU_1112_MIN,2024-02-01,384,31351.8,105561.6,principal
SKU_1112_EGR,2024-02-01,376,30698.63,103362.4,principal
SKU_1113_VAN,2024-02-01,0,0.0,0.0,principal
SKU_1113_OLI,2024-02-01,0,0.0,0.0,principal
SKU_1114_GAR,2024-02-01,366,48446.29,146363.4,principal
SKU_1114_PRI,2024-02-01,422,55858.83,168757.8,principal
SKU_1115_LIM,2024-02-01,413,29377.47,88753.7,principal
SKU_1115_TEA,2024-02-01,54,3841.12,11604.6,principal
SKU_1116_MOS,2024-02-01,362,28588.98,86843.8,principal
SKU_1116_SNO,2024-02-01,408,32221.83,97879.2,principal
SKU_1117_MOS,2024-02-01,385,28022.96,84661.5,principal
SKU_1117_MIN,2024-02-01,404,29405.91,88839.6,principal
SKU_1118_FUC,2024-02-01,366,35725.96,107933.4,principal
SKU_1118_DUS,2024-02-01,356,34749.84,104984.4,principal
SKU_1119_PAS,2024-02-01,362,16671.94,50643.8,principal
SKU_1119_LIG,2024-02-01,8,368.44,1119.2,principal
SKU_1120_AQU,2024-02-01,352,26853.45,84444.8,principal
SKU_1120_SAL,2024-02-01,406,30973.01,97399.4,principal
SKU_1121_MYS,2024-02-01,425,34963.51,106207.5,principal
SKU_1121_MIN,2024-02-01,425,34963.51,106207.5,principal
SKU_1122_ROY,2024-02-01,401,56397.4,170384.9,principal
SKU_1122_PIS,2024-02-01,458,64413.99,194604.2,principal
SKU_1123_BAB,2024-02-01,317,45108.12,136278.3,principal
SKU_1123_SER,2024-02-01,58,8253.22,24934.2,principal
SKU_1124_BLU,2024-02-01,454,56778.64,172474.6,principal
SKU_1124_FOR,2024-02-01,411,51400.93,156138.9,principal
SKU_1125_MIN,2024-02-01,430,22634.8,68757.0,principal
SKU_1125_SAP,2024-02-01,361,19002.71,57723.9,principal
SKU_1126_WHI,2024-02-01,711,161185.05,486963.9,principal
SKU_1126_WHI,2024-02-01,711,161185.05,486963.9,principal
SKU_1127_SAL,2024-02-01,426,28033.82,85157.4,principal
SKU_1127_BLU,2024-02-01,368,24217.01,73563.2,principal
SKU_1128_PRI,2024-02-01,446,60182.83,182815.4,principal
SKU_1128_TEA,2024-02-01,139,18756.53,56976.1,principal
SKU_1129_VAN,2024-02-01,432,55037.62,166276.8,principal
SKU_1129_SAG,2024-02-01,318,40513.8,122398.2,principal
SKU_1130_CRE,2024-02-01,338,25021.97,84466.2,principal
SKU_1130_MEX,2024-02-01,406,30055.98,101459.4,principal
SKU_1131_CLO,2024-02-01,447,121170.35,395550.3,principal
SKU_1131_JAD,2024-02-01,335,90809.99,296441.5,principal
SKU_1132_NAV,2024-02-01,145,7463.6,25360.5,principal
SKU_1132_CLE,2024-02-01,464,23883.5,81153.6,principal
SKU_1133_MOS,2024-02-01,347,93773.38,315735.3,principal
SKU_1133_PEA,2024-02-01,443,119716.45,403085.7,principal
SKU_1134_DUS,2024-02-01,330,29122.75,74217.0,principal
SKU_1134_PIN,2024-02-01,438,38653.83,98506.2,principal
SKU_1135_ROS,2024-02-01,384,26262.06,69081.6,principal
SKU_1135_MAR,2024-02-01,379,25920.11,68182.1,principal
SKU_1136_SNO,2024-02-01,389,32001.89,97211.1,principal
SKU_1136_FUC,2024-02-01,312,25667.33,77968.8,principal
SKU_1137_DEE,2024-02-01,361,46481.71,146168.9,principal
SKU_1137_PAL,2024-02-01,437,56267.33,176941.3,principal
SKU_1138_PEA,2024-02-01,447,31968.64,100530.3,principal
SKU_1138_HON,2024-02-01,399,28535.76,89735.1,principal
SKU_1139_PRI,2024-02-01,414,39726.16,120018.6,principal
SKU_1139_EGR,2024-02-01,414,39726.16,120018.6,principal
SKU_1140_SNO,2024-02-01,430,25700.66,85957.0,principal
SKU_1140_ROS,2024-02-01,86,5140.13,17191.4,principal
SKU_1141_SKY,2024-02-01,325,35887.06,118592.5,principal
SKU_1141_CLE,2024-02-01,456,50352.31,166394.4,principal
SKU_1142_MIN,2024-02-01,360,32707.9,122364.0,principal
SKU_1142_PAS,2024-02-01,404,36705.53,137319.6,principal
SKU_1143_IVO,2024-02-01,413,26321.44,80493.7,principal
SKU_1143_SNO,2024-02-01,368,23453.49,71723.2,principal
SKU_1144_SEA,2024-02-01,411,51578.02,135588.9,principal
SKU_1144_BUB,2024-02-01,457,57350.74,150764.3,principal
SKU_1145_MOS,2024-02-01,382,56886.26,171861.8,principal
SKU_1145_LIG,2024-02-01,0,0.0,0.0,principal
SKU_1146_FRE,2024-02-01,348,53832.5,163525.2,principal
SKU_1146_CER,2024-02-01,414,64042.11,194538.6,principal
SKU_1147_COR,2024-02-01,459,53159.96,160604.1,principal
SKU_1147_MEX,2024-02-01,84,9728.62,29391.6,principal
SKU_1148_TEA,2024-02-01,337,48511.79,146561.3,principal
SKU_1148_SPA,2024-02-01,444,63914.64,193095.6,principal
SKU_1149_IVO,2024-02-01,430,21864.73,68757.0,principal
SKU_1149_OLI,2024-02-01,421,21407.09,67317.9,principal
SKU_1150_SAG,2024-02-01,396,78819.01,251420.4,principal
SKU_1150_VAN,2024-02-01,451,89766.1,286339.9,principal
SKU_1151_CRE,2024-02-01,387,95701.36,313431.3,principal
SKU_1151_JAD,2024-02-01,440,108807.75,356356.0,principal
SKU_1152_CLO,2024-02-01,475,128859.32,482077.5,principal
SKU_1152_WHI,2024-02-01,379,102816.17,384647.1,principal
SKU_1153_PEA,2024-02-01,435,48435.21,163081.5,principal
SKU_1153_MOS,2024-02-01,371,41309.11,139087.9,principal
SKU_1154_VAN,2024-02-01,366,76821.48,195773.4,principal
SKU_1154_PEA,2024-02-01,352,73882.96,188284.8,principal
SKU_1155_ARM,2024-02-01,415,122253.18,321583.5,principal
SKU_1155_BAB,2024-02-01,402,118423.57,311509.8,principal
SKU_1156_FLA,2024-02-01,440,39863.21,125356.0,principal
SKU_1156_EGR,2024-02-01,386,34970.91,109971.4,principal
SKU_1157_DEE,2024-02-01,426,26631.42,80897.4,principal
SKU_1157_PAS,2024-02-01,388,24255.85,73681.2,principal
SKU_1158_AQU,2024-02-01,435,95433.87,300106.5,principal
SKU_1158_MYS,2024-02-01,379,83148.13,261472.1,principal
SKU_1159_PAS,2024-02-01,387,23044.65,69621.3,principal
SKU_1159_PRI,2024-02-01,369,21972.81,66383.1,principal
SKU_1160_DUS,2024-02-01,463,31401.54,94868.7,principal
SKU_1160_LIM,2024-02-01,323,21906.47,66182.7,principal
SKU_1161_MEX,2024-02-01,378,53162.64,160612.2,principal
SKU_1161_DUS,2024-02-01,108,15189.33,45889.2,principal
SKU_1162_HOT,2024-02-01,445,107533.45,338155.5,principal
SKU_1162_BUB,2024-02-01,432,104392.02,328276.8,principal
SKU_1163_HUN,2024-02-01,404,33235.9,100959.6,principal
SKU_1163_SPA,2024-02-01,430,35374.84,107457.0,principal
SKU_1164_BRI,2024-02-01,454,28859.96,90754.6,principal
SKU_1164_MIN,2024-02-01,357,22693.85,71364.3,principal
SKU_1165_HUN,2024-02-01,185,19996.32,62881.5,principal
SKU_1165_MAR,2024-02-01,446,48207.34,151595.4,principal
SKU_1166_PIS,2024-02-01,351,67517.73,212319.9,principal
SKU_1166_FRE,2024-02-01,407,78289.79,246194.3,principal
SKU_1167_WHI,2024-02-01,381,90250.59,283806.9,principal
SKU_1167_JAD,2024-02-01,347,82196.74,258480.3,principal
SKU_1168_GAR,2024-02-01,427,107401.99,324477.3,principal
SKU_1168_BLU,2024-02-01,146,36722.93,110945.4,principal
SKU_1169_BUB,2024-02-01,394,25045.87,78760.6,principal
SKU_1169_MEX,2024-02-01,431,27397.89,86156.9,principal
SKU_1170_GAR,2024-02-01,384,113126.81,343641.6,principal
SKU_1170_OFF,2024-02-01,352,103699.58,315004.8,principal
SKU_1171_MIN,2024-02-01,340,19246.97,62866.0,principal
SKU_1171_EME,2024-02-01,408,23096.36,75439.2,principal
SKU_1172_ARM,2024-02-01,321,35450.43,115527.9,principal
SKU_1172_PIN,2024-02-01,341,37659.18,122725.9,principal
SKU_1173_GAR,2024-02-01,333,28900.76,98201.7,principal
SKU_1173_AQU,2024-02-01,366,31764.8,107933.4,principal
SKU_1174_PEA,2024-02-01,364,24219.94,76403.6,principal
SKU_1174_BLU,2024-02-01,377,25084.94,79132.3,principal
SKU_1175_FUC,2024-02-01,307,27070.13,82859.3,principal
SKU_1175_CLE,2024-02-01,349,30773.54,94195.1,principal
SKU_1176_GAR,2024-02-01,466,57593.85,151403.4,principal
SKU_1176_NAV,2024-02-01,447,55245.61,145230.3,principal
SKU_1177_MIN,2024-02-01,401,31669.01,96199.9,principal
SKU_1177_PEA,2024-02-01,387,30563.36,92841.3,principal
SKU_1178_RAS,2024-02-01,457,46489.79,146194.3,principal
SKU_1178_MID,2024-02-01,396,40284.37,126680.4,principal
SKU_1179_TUR,2024-02-01,406,43883.81,137999.4,principal
SKU_1179_VAN,2024-02-01,429,46369.84,145817.1,principal
SKU_1180_ROY,2024-02-01,416,63506.1,220438.4,principal
SKU_1180_AQU,2024-02-01,386,58926.33,204541.4,principal
SKU_1181_AQU,2024-02-01,449,40305.05,130165.1,principal
SKU_1181_SER,2024-02-01,397,35637.2,115090.3,principal
SKU_1182_BIR,2024-02-01,361,91513.3,303203.9,principal
SKU_1182_PIN,2024-02-01,374,94808.8,314122.6,principal
SKU_1183_POW,2024-02-01,378,81938.17,245662.2,principal
SKU_1183_MOS,2024-02-01,416,90175.34,270358.4,principal
SKU_1184_HOT,2024-02-01,429,51108.36,145817.1,principal
SKU_1184_BAB,2024-02-01,39,4646.21,13256.1,principal
SKU_1185_BAL,2024-02-01,364,136400.8,360323.6,principal
SKU_1185_MAG,2024-02-01,370,138649.16,366263.0,principal
SKU_1186_FLA,2024-02-01,24,3752.09,11397.6,principal
SKU_1186_MEX,2024-02-01,407,63629.19,193284.3,principal
SKU_1187_JAD,2024-02-01,367,37645.72,113733.3,principal
SKU_1187_OLI,2024-02-01,392,40210.14,121480.8,principal
SKU_1188_TEA,2024-02-01,303,24060.29,72689.7,principal
SKU_1188_BAB,2024-02-01,312,24774.95,74848.8,principal
SKU_1189_FUC,2024-02-01,0,0.0,0.0,principal
SKU_1189_ROY,2024-02-01,464,36076.88,108993.6,principal
SKU_1190_TEA,2024-02-01,345,58171.64,200065.5,principal
SKU_1190_MAG,2024-02-01,400,67445.39,231960.0,principal
SKU_1191_MIN,2024-02-01,371,21354.11,68597.9,principal
SKU_1191_MYS,2024-02-01,374,21526.79,69152.6,principal
SKU_1192_MAR,2024-02-01,368,23696.76,86443.2,principal
SKU_1192_RAS,2024-02-01,148,9530.22,34765.2,principal
SKU_1193_CLE,2024-02-01,365,51322.72,162388.5,principal
SKU_1193_ROS,2024-02-01,339,47666.86,150821.1,principal
SKU_1194_FLA,2024-02-01,385,29691.42,84661.5,principal
SKU_1194_SAG,2024-02-01,390,30077.03,85761.0,principal
SKU_1195_HUN,2024-02-01,389,62323.72,182791.1,principal
SKU_1195_SAL,2024-02-01,34,5447.32,15976.6,principal
SKU_1196_PEA,2024-02-01,174,20576.42,53052.6,principal
SKU_1196_RAS,2024-02-01,61,7213.57,18598.9,principal
SKU_1197_ROS,2024-02-01,362,94728.55,287753.8,principal
SKU_1197_COR,2024-02-01,330,86354.76,262317.0,principal
SKU_1198_SEA,2024-02-01,379,40362.82,126927.1,principal
SKU_1198_SAL,2024-02-01,308,32801.45,103149.2,principal
SKU_1199_PAL,2024-02-01,417,23994.22,87528.3,principal
SKU_1199_TEA,2024-02-01,381,21922.78,79971.9,principal
SKU_1200_MID,2024-02-01,459,24450.93,82574.1,principal
SKU_1200_PAS,2024-02-01,394,20988.38,70880.6,principal
SKU_1201_BIR,2024-02-01,0,0.0,0.0,principal
SKU_1201_SAG,2024-02-01,444,68578.65,215295.6,principal
SKU_1202_LIG,2024-02-01,442,131077.38,360185.8,principal
SKU_1202_CLE,2024-02-01,440,130484.27,358556.0,principal
SKU_1203_OFF,2024-02-01,30,8283.96,22797.0,principal
SKU_1203_FLA,2024-02-01,374,103273.4,284202.6,principal
SKU_1204_AQU,2024-02-01,322,43467.58,112667.8,principal
SKU_1204_MIN,2024-02-01,447,60341.63,156405.3,principal
SKU_1205_RAS,2024-02-01,372,97877.63,295702.8,principal
SKU_1205_COR,2024-02-01,363,95509.62,288548.7,principal
SKU_1206_HUN,2024-02-01,410,56306.08,170109.0,principal
SKU_1206_BLA,2024-02-01,358,49164.82,148534.2,principal
SKU_1207_POW,2024-02-01,418,140343.95,426318.2,principal
SKU_1207_BLA,2024-02-01,316,106097.34,322288.4,principal
SKU_1208_PAS,2024-02-01,367,89946.75,236678.3,principal
SKU_1208_MOS,2024-02-01,372,91172.18,239902.8,principal
SKU_1209_BLA,2024-02-01,419,45223.85,117278.1,principal
SKU_1209_DUS,2024-02-01,347,37452.69,97125.3,principal
SKU_1210_SHO,2024-02-01,379,30378.38,77657.1,principal
SKU_1210_WHI,2024-02-01,428,34305.93,87697.2,principal
SKU_1211_GAR,2024-02-01,423,44546.59,135317.7,principal
SKU_1211_CRE,2024-02-01,463,48759.03,148113.7,principal
SKU_1212_COB,2024-02-01,453,31677.47,99614.7,principal
SKU_1212_SNO,2024-02-01,389,27202.07,85541.1,principal
SKU_1213_MAG,2024-02-01,377,108582.44,329837.3,principal
SKU_1213_POW,2024-02-01,382,110022.52,334211.8,principal
SKU_1214_BLA,2024-02-01,394,37044.88,118160.6,principal
SKU_1214_RAS,2024-02-01,394,37044.88,118160.6,principal
SKU_1215_MAG,2024-02-01,409,28225.59,89939.1,principal
SKU_1215_BRI,2024-02-01,339,23394.8,74546.1,principal
SKU_1216_WHI,2024-02-01,466,70987.77,265573.4,principal
SKU_1216_CRE,2024-02-01,464,70683.1,264433.6,principal
SKU_1217_ROS,2024-02-01,412,107082.22,337798.8,principal
SKU_1217_RAS,2024-02-01,355,92267.45,291064.5,principal
SKU_1218_BLU,2024-02-01,398,102279.14,260650.2,principal
SKU_1218_SNO,2024-02-01,335,86089.22,219391.5,principal
SKU_1219_MAR,2024-02-01,409,61401.2,161514.1,principal
SKU_1219_LIM,2024-02-01,0,0.0,0.0,principal
SKU_1220_TUR,2024-02-01,373,37643.87,113727.7,principal
SKU_1220_HOT,2024-02-01,349,35221.74,106410.1,principal
SKU_1221_SAG,2024-02-01,396,92544.49,291020.4,principal
SKU_1221_PAL,2024-02-01,161,37625.41,118318.9,principal
SKU_1222_PAS,2024-02-01,344,95680.53,290645.6,principal
SKU_1222_HON,2024-02-01,401,111534.57,338804.9,principal
SKU_1223_TEA,2024-02-01,449,21417.78,65060.1,principal
SKU_1223_BLA,2024-02-01,346,16504.57,50135.4,principal
SKU_1224_OLI,2024-02-01,69,9361.39,28628.1,principal
SKU_1224_ARM,2024-02-01,353,47892.32,146459.7,principal
SKU_1225_POW,2024-02-01,369,24022.57,79298.1,principal
SKU_1225_IVO,2024-02-01,460,29946.83,98854.0,principal
SKU_1226_PAL,2024-02-01,433,59902.07,209961.7,principal
SKU_1226_LIG,2024-02-01,412,56996.89,199778.8,principal
SKU_1227_CLO,2024-02-01,423,50239.84,169157.7,principal
SKU_1227_PAS,2024-02-01,430,51071.23,171957.0,principal
SKU_1228_WHI,2024-02-01,419,47664.08,121468.1,principal
SKU_1228_SPA,2024-02-01,362,41179.95,104943.8,principal
SKU_1229_SAL,2024-02-01,361,102191.55,310423.9,principal
SKU_1229_CLO,2024-02-01,420,118893.21,361158.0,principal
SKU_1230_ROS,2024-02-01,396,52132.24,158360.4,principal
SKU_1230_NAV,2024-02-01,412,54238.6,164758.8,principal
SKU_1231_LIG,2024-02-01,411,65286.08,197238.9,principal
SKU_1231_BIR,2024-02-01,101,16043.54,48469.9,principal
SKU_1232_AQU,2024-02-01,339,39822.97,120311.1,principal
SKU_1232_FOR,2024-02-01,71,8340.5,25197.9,principal
SKU_1233_JAD,2024-02-01,382,30168.48,91641.8,principal
SKU_1233_SEA,2024-02-01,436,34433.13,104596.4,principal
SKU_1234_MOS,2024-02-01,330,21934.01,67617.0,principal
SKU_1234_SAL,2024-02-01,120,7976.01,24588.0,principal
SKU_1235_HUN,2024-02-01,12,1626.62,5638.8,principal
SKU_1235_COR,2024-02-01,402,54491.93,188899.8,principal
SKU_1236_DEE,2024-02-01,367,64837.52,209153.3,principal
SKU_1236_LIM,2024-02-01,468,82681.09,266713.2,principal
SKU_1237_BAB,2024-02-01,386,110114.79,385961.4,principal
SKU_1237_GAR,2024-02-01,462,131795.42,461953.8,principal
SKU_1238_SAP,2024-02-01,455,66333.68,209254.5,principal
SKU_1238_TUR,2024-02-01,54,7872.57,24834.6,principal
SKU_1239_BAB,2024-02-01,335,39491.8,103816.5,principal
SKU_1239_MID,2024-02-01,340,40081.23,105366.0,principal
SKU_1240_PAL,2024-02-01,478,157341.86,477952.2,principal
SKU_1240_MOS,2024-02-01,140,46083.39,139986.0,principal
SKU_1241_BAL,2024-02-01,344,40756.8,123805.6,principal
SKU_1241_FLA,2024-02-01,336,39808.97,120926.4,principal
SKU_1242_AQU,2024-02-01,412,41256.94,129738.8,principal
SKU_1242_SKY,2024-02-01,459,45963.43,144539.1,principal
SKU_1243_SNO,2024-02-01,405,32830.07,99184.5,principal
SKU_1243_PIN,2024-02-01,459,37207.41,112409.1,principal
SKU_1244_COB,2024-02-01,472,43512.83,136832.8,principal
SKU_1244_GAR,2024-02-01,361,33279.94,104653.9,principal
SKU_1245_COB,2024-02-01,341,21101.29,71575.9,principal
SKU_1245_SNO,2024-02-01,0,0.0,0.0,principal
SKU_1246_PAL,2024-02-01,420,34578.68,123858.0,principal
SKU_1246_COR,2024-02-01,368,30297.51,108523.2,principal
SKU_1247_SAP,2024-02-01,355,18220.54,63864.5,principal
SKU_1247_SKY,2024-02-01,425,21813.32,76457.5,principal
SKU_1248_AQU,2024-02-01,314,17444.99,53348.6,principal
SKU_1248_SAG,2024-02-01,341,18945.04,57935.9,principal
SKU_1249_WHI,2024-02-01,386,39630.6,104181.4,principal
SKU_1249_ARM,2024-02-01,423,43429.39,114167.7,principal
SKU_1250_AQU,2024-02-01,350,29945.68,90965.0,principal
SKU_1250_BAB,2024-02-01,375,32084.65,97462.5,principal
SKU_1251_SHO,2024-02-01,355,107505.03,326564.5,principal
SKU_1251_COB,2024-02-01,0,0.0,0.0,principal
SKU_1252_NAV,2024-02-01,385,27534.51,86586.5,principal
SKU_1252_FLA,2024-02-01,365,26104.14,82088.5,principal
SKU_1253_SEA,2024-02-01,430,50946.0,154757.0,principal
SKU_1253_FRE,2024-02-01,382,45259.01,137481.8,principal
SKU_1254_SEA,2024-02-01,0,0.0,0.0,principal
SKU_1254_BAB,2024-02-01,329,20679.92,62477.1,principal
SKU_1255_VAN,2024-02-01,296,44127.96,142050.4,principal
SKU_1255_SHO,2024-02-01,443,66042.85,212595.7,principal
SKU_1256_SEA,2024-02-01,435,86033.24,282706.5,principal
SKU_1256_MID,2024-02-01,441,87219.91,286605.9,principal
SKU_1257_SPA,2024-02-01,371,21687.91,76017.9,principal
SKU_1257_EME,2024-02-01,339,19817.25,69461.1,principal
SKU_1258_AQU,2024-02-01,359,28244.43,95099.1,principal
SKU_1258_LIG,2024-02-01,0,0.0,0.0,principal
SKU_1259_ARM,2024-02-01,345,44252.58,124165.5,principal
SKU_1259_POW,2024-02-01,54,6926.49,19434.6,principal
SKU_1260_WHI,2024-02-01,407,45790.31,138339.3,principal
SKU_1260_ROY,2024-02-01,428,48152.95,145477.2,principal
SKU_1261_PAS,2024-02-01,823,134084.05,407302.7,principal
SKU_1261_PAS,2024-02-01,823,134084.05,407302.7,principal
SKU_1262_BLU,2024-02-01,444,40400.4,122055.6,principal
SKU_1262_OFF,2024-02-01,40,3639.68,10996.0,principal
SKU_1263_COB,2024-02-01,120,7304.29,22188.0,principal
SKU_1263_SKY,2024-02-01,415,25260.67,76733.5,principal
SKU_1264_EGR,2024-02-01,472,92294.03,290232.8,principal
SKU_1264_BRI,2024-02-01,415,81148.35,255183.5,principal
SKU_1265_CRE,2024-02-01,394,28678.04,86640.6,principal
SKU_1265_JAD,2024-02-01,420,30570.5,92358.0,principal
SKU_1266_MEX,2024-02-01,411,40576.83,123258.9,principal
SKU_1266_SPA,2024-02-01,456,45019.55,136754.4,principal
SKU_1267_SKY,2024-02-01,429,47555.47,143672.1,principal
SKU_1267_SAP,2024-02-01,129,14299.9,43202.1,principal
SKU_1268_MYS,2024-02-01,378,40256.32,126592.2,principal
SKU_1268_MAR,2024-02-01,405,43131.77,135634.5,principal
SKU_1269_BAB,2024-02-01,388,132826.01,403481.2,principal
SKU_1269_CER,2024-02-01,368,125979.31,382683.2,principal
SKU_1270_CRE,2024-02-01,489,30569.87,92861.1,principal
SKU_1270_TUR,2024-02-01,412,25756.21,78238.8,principal
SKU_1271_OLI,2024-02-01,380,111322.93,338162.0,principal
SKU_1271_FLA,2024-02-01,330,96675.18,293667.0,principal
SKU_1272_PAS,2024-02-01,61,7670.56,23173.9,principal
SKU_1272_TEA,2024-02-01,388,48789.8,147401.2,principal
SKU_1273_PAS,2024-02-01,416,101187.09,318198.4,principal
SKU_1273_EGR,2024-02-01,84,20432.01,64251.6,principal
SKU_1274_MEX,2024-02-01,388,32684.42,102781.2,principal
SKU_1274_BAL,2024-02-01,474,39928.91,125562.6,principal
SKU_1275_MIN,2024-02-01,428,26051.97,79137.2,principal
SKU_1275_BIR,2024-02-01,375,22825.9,69337.5,principal
SKU_1000_COR,2024-03-01,0,0.0,0.0,principal
SKU_1000_EME,2024-03-01,323,19301.52,66182.7,principal
SKU_1000_ROY,2024-03-01,357,21333.26,73149.3,principal
SKU_1001_AQU,2024-03-01,290,72858.23,272571.0,principal
SKU_1001_SAP,2024-03-01,361,90695.93,339303.9,principal
SKU_1002_COR,2024-03-01,235,18050.89,55201.5,principal
SKU_1002_MYS,2024-03-01,264,20278.45,62013.6,principal
SKU_1003_SNO,2024-03-01,316,45247.02,115308.4,principal
SKU_1003_DUS,2024-03-01,376,53838.22,137202.4,principal
SKU_1004_FOR,2024-03-01,67,7638.67,20093.3,principal
SKU_1004_MEX,2024-03-01,305,34773.05,91469.5,principal
SKU_1005_OLI,2024-03-01,0,0.0,0.0,principal
SKU_1005_MYS,2024-03-01,0,0.0,0.0,principal
SKU_1006_MOS,2024-03-01,289,17452.19,54881.1,principal
SKU_1006_FOR,2024-03-01,282,17029.47,53551.8,principal
SKU_1007_COB,2024-03-01,336,31509.48,99086.4,principal
SKU_1007_FOR,2024-03-01,337,31603.25,99381.3,principal
SKU_1008_MEX,2024-03-01,362,38930.17,117613.8,principal
SKU_1008_WHI,2024-03-01,316,33983.24,102668.4,principal
SKU_1009_BAB,2024-03-01,384,54612.68,197721.6,principal
SKU_1009_MAG,2024-03-01,0,0.0,0.0,principal
SKU_1010_SNO,2024-03-01,316,35772.02,120048.4,principal
SKU_1010_BRI,2024-03-01,0,0.0,0.0,principal
SKU_1011_CER,2024-03-01,300,20841.38,77970.0,principal
SKU_1011_MIN,2024-03-01,252,17506.76,65494.8,principal
SKU_1012_VAN,2024-03-01,324,93331.54,314247.6,principal
SKU_1012_CLO,2024-03-01,356,102549.47,345284.4,principal
SKU_1013_LIG,2024-03-01,468,32027.09,84193.2,principal
SKU_1013_LIG,2024-03-01,468,32027.09,84193.2,principal
SKU_1014_FLA,2024-03-01,332,43945.81,132766.8,principal
SKU_1014_MIN,2024-03-01,360,47652.08,143964.0,principal
SKU_1015_ROY,2024-03-01,348,107689.26,325345.2,principal
SKU_1015_TUR,2024-03-01,255,78910.23,238399.5,principal
SKU_1016_HON,2024-03-01,229,16289.21,49212.1,principal
SKU_1016_SNO,2024-03-01,0,0.0,0.0,principal
SKU_1017_PAS,2024-03-01,369,17589.57,55313.1,principal
SKU_1017_BAL,2024-03-01,289,13776.11,43321.1,principal
SKU_1018_TEA,2024-03-01,365,13916.79,43763.5,principal
SKU_1018_ARM,2024-03-01,353,13459.25,42324.7,principal
SKU_1019_NAV,2024-03-01,282,23206.11,74701.8,principal
SKU_1019_GAR,2024-03-01,267,21971.75,70728.3,principal
SKU_1020_NAV,2024-03-01,249,15147.56,49775.1,principal
SKU_1020_LIG,2024-03-01,293,17824.24,58570.7,principal
SKU_1021_CRE,2024-03-01,262,19952.29,74643.8,principal
SKU_1021_PAS,2024-03-01,374,28481.51,106552.6,principal
SKU_1022_PAL,2024-03-01,333,34834.23,106526.7,principal
SKU_1022_DEN,2024-03-01,244,25524.18,78055.6,principal
SKU_1023_DEN,2024-03-01,327,35915.31,91527.3,principal
SKU_1023_FOR,2024-03-01,373,40967.62,104402.7,principal
SKU_1024_VAN,2024-03-01,370,29524.37,77663.0,principal
SKU_1024_DEN,2024-03-01,232,18512.58,48696.8,principal
SKU_1025_WHI,2024-03-01,322,49651.82,156137.8,principal
SKU_1025_MIN,2024-03-01,299,46105.26,144985.1,principal
SKU_1026_CLO,2024-03-01,0,0.0,0.0,principal
SKU_1026_SPA,2024-03-01,262,35785.29,108703.8,principal
SKU_1027_MAR,2024-03-01,396,52877.17,166280.4,principal
SKU_1027_BIR,2024-03-01,377,50340.13,158302.3,principal
SKU_1028_BLU,2024-03-01,319,63898.32,200938.1,principal
SKU_1028_AQU,2024-03-01,257,51479.21,161884.3,principal
SKU_1029_BLU,2024-03-01,362,28191.91,88653.8,principal
SKU_1029_BAL,2024-03-01,286,22273.17,70041.4,principal
SKU_1030_CRE,2024-03-01,263,54353.74,170923.7,principal
SKU_1030_DEN,2024-03-01,266,54973.74,172873.4,principal
SKU_1031_COR,2024-03-01,347,54545.59,164790.3,principal
SKU_1031_HON,2024-03-01,11,1729.11,5223.9,principal
SKU_1032_EME,2024-03-01,339,37180.91,116921.1,principal
SKU_1032_HON,2024-03-01,331,36303.48,114161.9,principal
SKU_1033_NAV,2024-03-01,388,80187.26,252161.2,principal
SKU_1033_LIM,2024-03-01,312,64480.48,202768.8,principal
SKU_1034_PAS,2024-03-01,274,19384.15,58882.6,principal
SKU_1034_PIS,2024-03-01,321,22709.17,68982.9,principal
SKU_1035_SAP,2024-03-01,358,74556.44,234454.2,principal
SKU_1035_FUC,2024-03-01,368,76639.02,241003.2,principal
SKU_1036_BIR,2024-03-01,271,66900.98,203222.9,principal
SKU_1036_MID,2024-03-01,297,73319.52,222720.3,principal
SKU_1037_PRI,2024-03-01,265,17688.27,55623.5,principal
SKU_1037_SPA,2024-03-01,330,22026.91,69267.0,principal
SKU_1038_LIG,2024-03-01,255,20669.84,64999.5,principal
SKU_1038_FLA,2024-03-01,320,25938.62,81568.0,principal
SKU_1039_ARM,2024-03-01,261,13381.97,40428.9,principal
SKU_1039_MIN,2024-03-01,282,14458.68,43681.8,principal
SKU_1040_BLA,2024-03-01,239,25714.19,83626.1,principal
SKU_1040_BAB,2024-03-01,275,29587.46,96222.5,principal
SKU_1041_EME,2024-03-01,307,20088.74,67509.3,principal
SKU_1041_SNO,2024-03-01,243,15900.86,53435.7,principal
SKU_1042_SEA,2024-03-01,289,26783.1,91006.1,principal
SKU_1042_EME,2024-03-01,361,33455.7,113678.9,principal
SKU_1043_SPA,2024-03-01,250,64961.33,218725.0,principal
SKU_1043_CER,2024-03-01,255,66260.55,223099.5,principal
SKU_1044_SER,2024-03-01,390,127571.32,335361.0,principal
SKU_1044_COR,2024-03-01,306,100094.42,263129.4,principal
SKU_1045_FOR,2024-03-01,241,23353.57,61430.9,principal
SKU_1045_BUB,2024-03-01,352,34109.78,89724.8,principal
SKU_1046_SNO,2024-03-01,0,0.0,0.0,principal
SKU_1046_PAS,2024-03-01,270,14290.26,43173.0,principal
SKU_1047_ROY,2024-03-01,351,24386.39,73674.9,principal
SKU_1047_DEE,2024-03-01,257,17855.56,53944.3,principal
SKU_1048_MAR,2024-03-01,329,25982.8,78927.1,principal
SKU_1048_PEA,2024-03-01,0,0.0,0.0,principal
SKU_1049_BAL,2024-03-01,341,84742.96,257420.9,principal
SKU_1049_LIG,2024-03-01,353,87725.12,266479.7,principal
SKU_1050_BUB,2024-03-01,2,177.84,609.8,principal
SKU_1050_PRI,2024-03-01,350,31122.36,106715.0,principal
SKU_1051_CLE,2024-03-01,309,70468.1,231719.1,principal
SKU_1051_LIG,2024-03-01,334,76169.4,250466.6,principal
SKU_1052_PAS,2024-03-01,320,29662.07,103968.0,principal
SKU_1052_FRE,2024-03-01,298,27622.8,96820.2,principal
SKU_1053_SHO,2024-03-01,3,313.82,959.7,principal
SKU_1053_NAV,2024-03-01,271,28348.58,86692.9,principal
SKU_1054_DEE,2024-03-01,307,38831.31,108954.3,principal
SKU_1054_PAS,2024-03-01,260,32886.45,92274.0,principal
SKU_1055_LIG,2024-03-01,379,142372.07,430127.1,principal
SKU_1055_PAL,2024-03-01,3,1126.96,3404.7,principal
SKU_1056_CRE,2024-03-01,333,25891.38,78221.7,principal
SKU_1056_OLI,2024-03-01,346,26902.16,81275.4,principal
SKU_1057_ROY,2024-03-01,265,16130.31,48998.5,principal
SKU_1057_SNO,2024-03-01,0,0.0,0.0,principal
SKU_1058_MID,2024-03-01,287,17787.74,55936.3,principal
SKU_1058_SHO,2024-03-01,319,19771.05,62173.1,principal
SKU_1059_PEA,2024-03-01,283,26989.2,84871.7,principal
SKU_1059_OFF,2024-03-01,330,31471.51,98967.0,principal
SKU_1060_CRE,2024-03-01,332,113265.47,368486.8,principal
SKU_1060_LIM,2024-03-01,243,82902.14,269705.7,principal
SKU_1061_PAS,2024-03-01,363,41982.14,148793.7,principal
SKU_1061_EGR,2024-03-01,238,27525.48,97556.2,principal
SKU_1062_OLI,2024-03-01,375,21386.8,74962.5,principal
SKU_1062_MID,2024-03-01,322,18364.13,64367.8,principal
SKU_1063_SNO,2024-03-01,312,18287.35,57688.8,principal
SKU_1063_SAP,2024-03-01,244,14301.65,45115.6,principal
SKU_1064_PRI,2024-03-01,291,19694.98,55260.9,principal
SKU_1064_BIR,2024-03-01,325,21996.12,61717.5,principal
SKU_1065_CLE,2024-03-01,339,71970.07,218621.1,principal
SKU_1065_COB,2024-03-01,309,65601.03,199274.1,principal
SKU_1066_IVO,2024-03-01,375,22330.09,67462.5,principal
SKU_1066_WHI,2024-03-01,263,15660.83,47313.7,principal
SKU_1067_EME,2024-03-01,268,22575.84,70993.2,principal
SKU_1067_WHI,2024-03-01,247,20806.84,65430.3,principal
SKU_1068_COR,2024-03-01,268,70513.99,213033.2,principal
SKU_1068_BAL,2024-03-01,2,526.22,1589.8,principal
SKU_1069_OLI,2024-03-01,0,0.0,0.0,principal
SKU_1069_CRE,2024-03-01,282,49461.93,149431.8,principal
SKU_1070_LIG,2024-03-01,0,0.0,0.0,principal
SKU_1070_MID,2024-03-01,355,40527.47,122439.5,principal
SKU_1071_BAB,2024-03-01,387,34385.37,104451.3,principal
SKU_1071_SKY,2024-03-01,342,30387.07,92305.8,principal
SKU_1072_PAS,2024-03-01,344,52366.05,158205.6,principal
SKU_1072_CER,2024-03-01,325,49473.74,149467.5,principal
SKU_1073_FRE,2024-03-01,297,31448.41,95010.3,principal
SKU_1073_BLU,2024-03-01,314,33248.49,100448.6,principal
SKU_1074_JAD,2024-03-01,347,23406.22,71100.3,principal
SKU_1074_PRI,2024-03-01,384,25901.98,78681.6,principal
SKU_1075_NAV,2024-03-01,316,29131.47,91608.4,principal
SKU_1075_LIG,2024-03-01,349,32173.68,101175.1,principal
SKU_1076_BLU,2024-03-01,0,0.0,0.0,principal
SKU_1076_POW,2024-03-01,330,23345.88,70917.0,principal
SKU_1077_NAV,2024-03-01,264,19300.56,60693.6,principal
SKU_1077_MAR,2024-03-01,276,20177.86,63452.4,principal
SKU_1078_GAR,2024-03-01,0,0.0,0.0,principal
SKU_1078_BLU,2024-03-01,332,32718.0,102886.8,principal
SKU_1079_BAB,2024-03-01,276,24977.19,75872.4,principal
SKU_1079_JAD,2024-03-01,323,29230.56,88792.7,principal
SKU_1080_TEA,2024-03-01,303,45758.51,143894.7,principal
SKU_1080_MAR,2024-03-01,241,36395.39,114450.9,principal
SKU_1081_EGR,2024-03-01,240,21087.89,67176.0,principal
SKU_1081_PAS,2024-03-01,315,27677.86,88168.5,principal
SKU_1082_PIN,2024-03-01,359,23170.63,75354.1,principal
SKU_1082_LIG,2024-03-01,361,23299.72,75773.9,principal
SKU_1083_OFF,2024-03-01,253,34243.19,116354.7,principal
SKU_1083_BAB,2024-03-01,352,47642.7,161884.8,principal
SKU_1084_DUS,2024-03-01,235,76068.87,232626.5,principal
SKU_1084_PAS,2024-03-01,286,92577.43,283111.4,principal
SKU_1085_COB,2024-03-01,300,48995.2,149970.0,principal
SKU_1085_CRE,2024-03-01,272,44422.31,135972.8,principal
SKU_1086_PRI,2024-03-01,381,33623.54,85686.9,principal
SKU_1086_CRE,2024-03-01,276,24357.21,62072.4,principal
SKU_1087_BIR,2024-03-01,273,39516.45,102347.7,principal
SKU_1087_SNO,2024-03-01,305,44148.41,114344.5,principal
SKU_1088_CER,2024-03-01,316,74369.05,225908.4,principal
SKU_1088_HON,2024-03-01,330,77663.88,235917.0,principal
SKU_1089_GAR,2024-03-01,400,38990.4,133960.0,principal
SKU_1089_EGR,2024-03-01,317,30899.89,106163.3,principal
SKU_1090_PAL,2024-03-01,360,15594.58,48564.0,principal
SKU_1090_WHI,2024-03-01,296,12822.21,39930.4,principal
SKU_1091_OFF,2024-03-01,270,22726.65,85023.0,principal
SKU_1091_MOS,2024-03-01,337,28366.22,106121.3,principal
SKU_1092_TUR,2024-03-01,342,36894.04,112825.8,principal
SKU_1092_MIN,2024-03-01,402,43366.67,132619.8,principal
SKU_1093_GAR,2024-03-01,0,0.0,0.0,principal
SKU_1093_TEA,2024-03-01,282,117078.04,328501.8,principal
SKU_1094_FOR,2024-03-01,291,25986.18,68355.9,principal
SKU_1094_DEE,2024-03-01,390,34826.84,91611.0,principal
SKU_1095_COB,2024-03-01,387,51584.42,156696.3,principal
SKU_1095_MAG,2024-03-01,16,2132.69,6478.4,principal
SKU_1096_HOT,2024-03-01,346,31881.51,96845.4,principal
SKU_1096_CLE,2024-03-01,261,24049.34,73053.9,principal
SKU_1097_AQU,2024-03-01,41,2916.41,8810.9,principal
SKU_1097_PAL,2024-03-01,296,21055.04,63610.4,principal
SKU_1098_HON,2024-03-01,0,0.0,0.0,principal
SKU_1098_HUN,2024-03-01,366,41783.26,126233.4,principal
SKU_1099_SAL,2024-03-01,263,19677.75,65723.7,principal
SKU_1099_PRI,2024-03-01,268,20051.86,66973.2,principal
SKU_1100_PEA,2024-03-01,266,13437.41,49183.4,principal
SKU_1100_COB,2024-03-01,0,0.0,0.0,principal
SKU_1101_CLE,2024-03-01,109,12088.4,45224.1,principal
SKU_1101_DEE,2024-03-01,315,34934.37,130693.5,principal
SKU_1102_FLA,2024-03-01,395,113783.82,383110.5,principal
SKU_1102_OFF,2024-03-01,345,99380.8,334615.5,principal
SKU_1103_EGR,2024-03-01,264,13045.29,34293.6,principal
SKU_1103_LIG,2024-03-01,279,13786.49,36242.1,principal
SKU_1104_POW,2024-03-01,235,13993.52,42276.5,principal
SKU_1104_MEX,2024-03-01,314,18697.73,56488.6,principal
SKU_1105_ARM,2024-03-01,0,0.0,0.0,principal
SKU_1105_SER,2024-03-01,379,25564.72,77657.1,principal
SKU_1106_MYS,2024-03-01,302,74898.48,235529.8,principal
SKU_1106_SNO,2024-03-01,280,69442.3,218372.0,principal
SKU_1107_BAL,2024-03-01,349,114304.86,347220.1,principal
SKU_1107_PAS,2024-03-01,271,88758.21,269617.9,principal
SKU_1108_PRI,2024-03-01,281,23243.45,70221.9,principal
SKU_1108_SNO,2024-03-01,311,25724.96,77718.9,principal
SKU_1109_SAG,2024-03-01,0,0.0,0.0,principal
SKU_1109_CER,2024-03-01,391,24652.56,89890.9,principal
SKU_1110_FLA,2024-03-01,348,21974.68,80005.2,principal
SKU_1110_HUN,2024-03-01,0,0.0,0.0,principal
SKU_1111_CRE,2024-03-01,236,13241.08,49536.4,principal
SKU_1111_BLU,2024-03-01,300,16831.88,62970.0,principal
SKU_1112_MIN,2024-03-01,303,24738.53,83294.7,principal
SKU_1112_EGR,2024-03-01,295,24085.36,81095.5,principal
SKU_1113_VAN,2024-03-01,0,0.0,0.0,principal
SKU_1113_OLI,2024-03-01,0,0.0,0.0,principal
SKU_1114_GAR,2024-03-01,291,38518.77,116370.9,principal
SKU_1114_PRI,2024-03-01,338,44740.01,135166.2,principal
SKU_1115_LIM,2024-03-01,326,23189.0,70057.4,principal
SKU_1115_TEA,2024-03-01,0,0.0,0.0,principal
SKU_1116_MOS,2024-03-01,281,22192.0,67411.9,principal
SKU_1116_SNO,2024-03-01,320,25272.03,76768.0,principal
SKU_1117_MOS,2024-03-01,294,21399.35,64650.6,principal
SKU_1117_MIN,2024-03-01,320,23291.81,70368.0,principal
SKU_1118_FUC,2024-03-01,292,28502.67,86110.8,principal
SKU_1118_DUS,2024-03-01,276,26940.88,81392.4,principal
SKU_1119_PAS,2024-03-01,280,12895.42,39172.0,principal
SKU_1119_LIG,2024-03-01,0,0.0,0.0,principal
SKU_1120_AQU,2024-03-01,290,22123.58,69571.0,principal
SKU_1120_SAL,2024-03-01,316,24107.07,75808.4,principal
SKU_1121_MYS,2024-03-01,331,27230.4,82716.9,principal
SKU_1121_MIN,2024-03-01,342,28135.34,85465.8,principal
SKU_1122_ROY,2024-03-01,315,44302.2,133843.5,principal
SKU_1122_PIS,2024-03-01,373,52459.43,158487.7,principal
SKU_1123_BAB,2024-03-01,254,36143.41,109194.6,principal
SKU_1123_SER,2024-03-01,0,0.0,0.0,principal
SKU_1124_BLU,2024-03-01,367,45898.15,139423.3,principal
SKU_1124_FOR,2024-03-01,322,40270.31,122327.8,principal
SKU_1125_MIN,2024-03-01,354,18634.23,56604.6,principal
SKU_1125_SAP,2024-03-01,283,14896.86,45251.7,principal
SKU_1126_WHI,2024-03-01,535,121285.52,366421.5,principal
SKU_1126_WHI,2024-03-01,535,121285.52,366421.5,principal
SKU_1127_SAL,2024-03-01,338,22242.79,67566.2,principal
SKU_1127_BLU,2024-03-01,276,18162.75,55172.4,principal
SKU_1128_PRI,2024-03-01,352,47498.56,144284.8,principal
SKU_1128_TEA,2024-03-01,61,8231.28,25003.9,principal
SKU_1129_VAN,2024-03-01,324,41278.22,124707.6,principal
SKU_1129_SAG,2024-03-01,239,30449.05,91991.1,principal
SKU_1130_CRE,2024-03-01,256,18951.55,63974.4,principal
SKU_1130_MEX,2024-03-01,318,23541.38,79468.2,principal
SKU_1131_CLO,2024-03-01,356,96502.56,315024.4,principal
SKU_1131_JAD,2024-03-01,241,65328.98,213260.9,principal
SKU_1132_NAV,2024-03-01,79,4066.37,13817.1,principal
SKU_1132_CLE,2024-03-01,384,19765.66,67161.6,principal
SKU_1133_MOS,2024-03-01,270,72964.88,245673.0,principal
SKU_1133_PEA,2024-03-01,357,96475.79,324834.3,principal
SKU_1134_DUS,2024-03-01,249,21974.44,56000.1,principal
SKU_1134_PIN,2024-03-01,370,32652.78,83213.0,principal
SKU_1135_ROS,2024-03-01,297,20312.06,53430.3,principal
SKU_1135_MAR,2024-03-01,301,20585.63,54149.9,principal
SKU_1136_SNO,2024-03-01,304,25009.19,75969.6,principal
SKU_1136_FUC,2024-03-01,237,19497.3,59226.3,principal
SKU_1137_DEE,2024-03-01,266,34249.68,107703.4,principal
SKU_1137_PAL,2024-03-01,351,45194.13,142119.9,principal
SKU_1138_PEA,2024-03-01,358,25603.52,80514.2,principal
SKU_1138_HON,2024-03-01,328,23457.97,73767.2,principal
SKU_1139_PRI,2024-03-01,324,31090.04,93927.6,principal
SKU_1139_EGR,2024-03-01,332,31857.69,96246.8,principal
SKU_1140_SNO,2024-03-01,341,20381.22,68165.9,principal
SKU_1140_ROS,2024-03-01,3,179.31,599.7,principal
SKU_1141_SKY,2024-03-01,257,28378.39,93779.3,principal
SKU_1141_CLE,2024-03-01,368,40635.2,134283.2,principal
SKU_1142_MIN,2024-03-01,292,26529.74,99250.8,principal
SKU_1142_PAS,2024-03-01,301,27347.44,102309.9,principal
SKU_1143_IVO,2024-03-01,327,20840.46,63732.3,principal
SKU_1143_SNO,2024-03-01,274,17462.65,53402.6,principal
SKU_1144_SEA,2024-03-01,322,40409.06,106227.8,principal
SKU_1144_BUB,2024-03-01,378,47436.72,124702.2,principal
SKU_1145_MOS,2024-03-01,300,44675.07,134970.0,principal
SKU_1145_LIG,2024-03-01,0,0.0,0.0,principal
SKU_1146_FRE,2024-03-01,260,40219.68,122174.0,principal
SKU_1146_CER,2024-03-01,327,50583.98,153657.3,principal
SKU_1147_COR,2024-03-01,385,44589.51,134711.5,principal
SKU_1147_MEX,2024-03-01,5,579.08,1749.5,principal
SKU_1148_TEA,2024-03-01,260,37427.49,113074.0,principal
SKU_1148_SPA,2024-03-01,357,51390.83,155259.3,principal
SKU_1149_IVO,2024-03-01,341,17339.24,54525.9,principal
SKU_1149_OLI,2024-03-01,327,16627.36,52287.3,principal
SKU_1150_SAG,2024-03-01,312,62099.83,198088.8,principal
SKU_1150_VAN,2024-03-01,372,74042.1,236182.8,principal
SKU_1151_CRE,2024-03-01,302,74681.68,244589.8,principal
SKU_1151_JAD,2024-03-01,347,85809.74,281035.3,principal
SKU_1152_CLO,2024-03-01,388,105257.71,393781.2,principal
SKU_1152_WHI,2024-03-01,296,80299.7,300410.4,principal
SKU_1153_PEA,2024-03-01,346,38525.47,129715.4,principal
SKU_1153_MOS,2024-03-01,280,31176.68,104972.0,principal
SKU_1154_VAN,2024-03-01,292,61289.27,156190.8,principal
SKU_1154_PEA,2024-03-01,270,56671.59,144423.0,principal
SKU_1155_ARM,2024-03-01,333,98097.13,258041.7,principal
SKU_1155_BAB,2024-03-01,303,89259.55,234794.7,principal
SKU_1156_FLA,2024-03-01,349,31618.77,99430.1,principal
SKU_1156_EGR,2024-03-01,303,27451.25,86324.7,principal
SKU_1157_DEE,2024-03-01,340,21255.13,64566.0,principal
SKU_1157_PAS,2024-03-01,296,18504.46,56210.4,principal
SKU_1158_AQU,2024-03-01,365,80076.69,251813.5,principal
SKU_1158_MYS,2024-03-01,295,64719.52,203520.5,principal
SKU_1159_PAS,2024-03-01,290,17268.6,52171.0,principal
SKU_1159_PRI,2024-03-01,286,17030.41,51451.4,principal
SKU_1160_DUS,2024-03-01,373,25297.57,76427.7,principal
SKU_1160_LIM,2024-03-01,240,16277.26,49176.0,principal
SKU_1161_MEX,2024-03-01,288,40504.87,122371.2,principal
SKU_1161_DUS,2024-03-01,9,1265.78,3824.1,principal
SKU_1162_HOT,2024-03-01,362,87476.65,275083.8,principal
SKU_1162_BUB,2024-03-01,348,84093.57,264445.2,principal
SKU_1163_HUN,2024-03-01,323,26572.27,80717.7,principal
SKU_1163_SPA,2024-03-01,352,28958.01,87964.8,principal
SKU_1164_BRI,2024-03-01,358,22757.42,71564.2,principal
SKU_1164_MIN,2024-03-01,286,18180.51,57171.4,principal
SKU_1165_HUN,2024-03-01,93,10052.2,31610.7,principal
SKU_1165_MAR,2024-03-01,359,38803.66,122024.1,principal
SKU_1166_PIS,2024-03-01,266,51167.28,160903.4,principal
SKU_1166_FRE,2024-03-01,331,63670.56,200221.9,principal
SKU_1167_WHI,2024-03-01,285,67510.29,212296.5,principal
SKU_1167_JAD,2024-03-01,274,64904.63,204102.6,principal
SKU_1168_GAR,2024-03-01,331,83255.4,251526.9,principal
SKU_1168_BLU,2024-03-01,64,16097.72,48633.6,principal
SKU_1169_BUB,2024-03-01,307,19515.44,61369.3,principal
SKU_1169_MEX,2024-03-01,337,21422.48,67366.3,principal
SKU_1170_GAR,2024-03-01,303,89264.13,271154.7,principal
SKU_1170_OFF,2024-03-01,266,78363.89,238043.4,principal
SKU_1171_MIN,2024-03-01,266,15057.92,49183.4,principal
SKU_1171_EME,2024-03-01,334,18907.31,61756.6,principal
SKU_1172_ARM,2024-03-01,238,26284.12,85656.2,principal
SKU_1172_PIN,2024-03-01,263,29045.06,94653.7,principal
SKU_1173_GAR,2024-03-01,261,22651.95,76968.9,principal
SKU_1173_AQU,2024-03-01,271,23519.84,79917.9,principal
SKU_1174_PEA,2024-03-01,263,17499.57,55203.7,principal
SKU_1174_BLU,2024-03-01,292,19429.18,61290.8,principal
SKU_1175_FUC,2024-03-01,224,19751.5,60457.6,principal
SKU_1175_CLE,2024-03-01,270,23807.61,72873.0,principal
SKU_1176_GAR,2024-03-01,396,48942.42,128660.4,principal
SKU_1176_NAV,2024-03-01,369,45605.43,119888.1,principal
SKU_1177_MIN,2024-03-01,325,25666.9,77967.5,principal
SKU_1177_PEA,2024-03-01,301,23771.5,72209.9,principal
SKU_1178_RAS,2024-03-01,371,37741.16,118682.9,principal
SKU_1178_MID,2024-03-01,315,32044.38,100768.5,principal
SKU_1179_TUR,2024-03-01,328,35452.93,111487.2,principal
SKU_1179_VAN,2024-03-01,353,38155.13,119984.7,principal
SKU_1180_ROY,2024-03-01,349,53277.95,184935.1,principal
SKU_1180_AQU,2024-03-01,298,45492.35,157910.2,principal
SKU_1181_AQU,2024-03-01,371,33303.28,107552.9,principal
SKU_1181_SER,2024-03-01,307,27558.24,88999.3,principal
SKU_1182_BIR,2024-03-01,299,75796.34,251130.1,principal
SKU_1182_PIN,2024-03-01,303,76810.34,254489.7,principal
SKU_1183_POW,2024-03-01,298,64596.76,193670.2,principal
SKU_1183_MOS,2024-03-01,338,73267.46,219666.2,principal
SKU_1184_HOT,2024-03-01,342,40743.73,116245.8,principal
SKU_1184_BAB,2024-03-01,0,0.0,0.0,principal
SKU_1185_BAL,2024-03-01,283,106047.87,280141.7,principal
SKU_1185_MAG,2024-03-01,300,112418.24,296970.0,principal
SKU_1186_FLA,2024-03-01,0,0.0,0.0,principal
SKU_1186_MEX,2024-03-01,311,48620.83,147693.9,principal
SKU_1187_JAD,2024-03-01,292,29952.45,90490.8,principal
SKU_1187_OLI,2024-03-01,311,31901.42,96378.9,principal
SKU_1188_TEA,2024-03-01,226,17945.96,54217.4,principal
SKU_1188_BAB,2024-03-01,230,18263.59,55177.0,principal
SKU_1189_FUC,2024-03-01,0,0.0,0.0,principal
SKU_1189_ROY,2024-03-01,377,29312.47,88557.3,principal
SKU_1190_TEA,2024-03-01,265,44682.57,153673.5,principal
SKU_1190_MAG,2024-03-01,296,49909.59,171650.4,principal
SKU_1191_MIN,2024-03-01,284,16346.55,52511.6,principal
SKU_1191_MYS,2024-03-01,302,17382.59,55839.8,principal
SKU_1192_MAR,2024-03-01,269,17321.82,63188.1,principal
SKU_1192_RAS,2024-03-01,67,4314.36,15738.3,principal
SKU_1193_CLE,2024-03-01,283,39792.69,125906.7,principal
SKU_1193_ROS,2024-03-01,264,37121.09,117453.6,principal
SKU_1194_FLA,2024-03-01,301,23213.29,66189.9,principal
SKU_1194_SAG,2024-03-01,301,23213.29,66189.9,principal
SKU_1195_HUN,2024-03-01,304,48705.43,142849.6,principal
SKU_1195_SAL,2024-03-01,0,0.0,0.0,principal
SKU_1196_PEA,2024-03-01,90,10642.98,27441.0,principal
SKU_1196_RAS,2024-03-01,0,0.0,0.0,principal
SKU_1197_ROS,2024-03-01,277,72485.66,220187.3,principal
SKU_1197_COR,2024-03-01,254,66466.99,201904.6,principal
SKU_1198_SEA,2024-03-01,310,33014.44,103819.0,principal
SKU_1198_SAL,2024-03-01,223,23749.1,74682.7,principal
SKU_1199_PAL,2024-03-01,330,18988.23,69267.0,principal
SKU_1199_TEA,2024-03-01,307,17664.81,64439.3,principal
SKU_1200_MID,2024-03-01,379,20189.33,68182.1,principal
SKU_1200_PAS,2024-03-01,317,16886.59,57028.3,principal
SKU_1201_BIR,2024-03-01,0,0.0,0.0,principal
SKU_1201_SAG,2024-03-01,361,55758.76,175048.9,principal
SKU_1202_LIG,2024-03-01,355,105277.08,289289.5,principal
SKU_1202_CLE,2024-03-01,353,104683.97,287659.7,principal
SKU_1203_OFF,2024-03-01,0,0.0,0.0,principal
SKU_1203_FLA,2024-03-01,284,78421.51,215811.6,principal
SKU_1204_AQU,2024-03-01,241,32533.19,84325.9,principal
SKU_1204_MIN,2024-03-01,359,48462.3,125614.1,principal
SKU_1205_RAS,2024-03-01,299,78670.46,237675.1,principal
SKU_1205_COR,2024-03-01,280,73671.33,222572.0,principal
SKU_1206_HUN,2024-03-01,329,45182.2,136502.1,principal
SKU_1206_BLA,2024-03-01,284,39002.26,117831.6,principal
SKU_1207_POW,2024-03-01,323,108447.6,329427.7,principal
SKU_1207_BLA,2024-03-01,230,77222.75,234577.0,principal
SKU_1208_PAS,2024-03-01,287,70339.83,185086.3,principal
SKU_1208_MOS,2024-03-01,276,67643.88,177992.4,principal
SKU_1209_BLA,2024-03-01,339,36589.23,94886.1,principal
SKU_1209_DUS,2024-03-01,274,29573.59,76692.6,principal
SKU_1210_SHO,2024-03-01,305,24446.98,62494.5,principal
SKU_1210_WHI,2024-03-01,345,27653.14,70690.5,principal
SKU_1211_GAR,2024-03-01,344,36227.01,110045.6,principal
SKU_1211_CRE,2024-03-01,377,39702.28,120602.3,principal
SKU_1212_COB,2024-03-01,369,25803.51,81143.1,principal
SKU_1212_SNO,2024-03-01,321,22446.95,70587.9,principal
SKU_1213_MAG,2024-03-01,285,82084.87,249346.5,principal
SKU_1213_POW,2024-03-01,295,84965.04,258095.5,principal
SKU_1214_BLA,2024-03-01,310,29146.99,92969.0,principal
SKU_1214_RAS,2024-03-01,320,30087.22,95968.0,principal
SKU_1215_MAG,2024-03-01,341,23532.82,74985.9,principal
SKU_1215_BRI,2024-03-01,252,17390.83,55414.8,principal
SKU_1216_WHI,2024-03-01,386,58801.03,219981.4,principal
SKU_1216_CRE,2024-03-01,386,58801.03,219981.4,principal
SKU_1217_ROS,2024-03-01,329,85509.83,269747.1,principal
SKU_1217_RAS,2024-03-01,279,72514.42,228752.1,principal
SKU_1218_BLU,2024-03-01,314,80692.59,205638.6,principal
SKU_1218_SNO,2024-03-01,235,60390.95,153901.5,principal
SKU_1219_MAR,2024-03-01,318,47739.81,125578.2,principal
SKU_1219_LIM,2024-03-01,0,0.0,0.0,principal
SKU_1220_TUR,2024-03-01,286,28863.66,87201.4,principal
SKU_1220_HOT,2024-03-01,258,26037.85,78664.2,principal
SKU_1221_SAG,2024-03-01,316,73848.63,232228.4,principal
SKU_1221_PAL,2024-03-01,69,16125.18,50708.1,principal
SKU_1222_PAS,2024-03-01,278,77323.22,234882.2,principal
SKU_1222_HON,2024-03-01,315,87614.44,266143.5,principal
SKU_1223_TEA,2024-03-01,361,17220.09,52308.9,principal
SKU_1223_BLA,2024-03-01,269,12831.59,38978.1,principal
SKU_1224_OLI,2024-03-01,0,0.0,0.0,principal
SKU_1224_ARM,2024-03-01,261,35410.47,108288.9,principal
SKU_1225_POW,2024-03-01,292,19009.73,62750.8,principal
SKU_1225_IVO,2024-03-01,378,24608.48,81232.2,principal
SKU_1226_PAL,2024-03-01,373,51601.55,180867.7,principal
SKU_1226_LIG,2024-03-01,348,48143.01,168745.2,principal
SKU_1227_CLO,2024-03-01,337,40025.59,134766.3,principal
SKU_1227_PAS,2024-03-01,353,41925.92,141164.7,principal
SKU_1228_WHI,2024-03-01,342,38904.81,99145.8,principal
SKU_1228_SPA,2024-03-01,281,31965.65,81461.9,principal
SKU_1229_SAL,2024-03-01,269,76148.27,231313.1,principal
SKU_1229_CLO,2024-03-01,332,93982.25,285486.8,principal
SKU_1230_ROS,2024-03-01,310,40810.59,123969.0,principal
SKU_1230_NAV,2024-03-01,325,42785.3,129967.5,principal
SKU_1231_LIG,2024-03-01,326,51784.09,156447.4,principal
SKU_1231_BIR,2024-03-01,38,6036.18,18236.2,principal
SKU_1232_AQU,2024-03-01,260,30542.69,92274.0,principal
SKU_1232_FOR,2024-03-01,0,0.0,0.0,principal
SKU_1233_JAD,2024-03-01,290,22902.77,69571.0,principal
SKU_1233_SEA,2024-03-01,347,27404.35,83245.3,principal
SKU_1234_MOS,2024-03-01,254,16882.54,52044.6,principal
SKU_1234_SAL,2024-03-01,41,2725.14,8400.9,principal
SKU_1235_HUN,2024-03-01,0,0.0,0.0,principal
SKU_1235_COR,2024-03-01,325,44054.42,152717.5,principal
SKU_1236_DEE,2024-03-01,289,51057.34,164701.1,principal
SKU_1236_LIM,2024-03-01,372,65720.87,212002.8,principal
SKU_1237_BAB,2024-03-01,302,86151.98,301969.8,principal
SKU_1237_GAR,2024-03-01,386,110114.79,385961.4,principal
SKU_1238_SAP,2024-03-01,373,54379.04,171542.7,principal
SKU_1238_TUR,2024-03-01,0,0.0,0.0,principal
SKU_1239_BAB,2024-03-01,252,29707.26,78094.8,principal
SKU_1239_MID,2024-03-01,250,29471.49,77475.0,principal
SKU_1240_PAL,2024-03-01,374,123108.49,373962.6,principal
SKU_1240_MOS,2024-03-01,44,14483.35,43995.6,principal
SKU_1241_BAL,2024-03-01,267,31633.91,96093.3,principal
SKU_1241_FLA,2024-03-01,263,31160.0,94653.7,principal
SKU_1242_AQU,2024-03-01,340,34046.99,107066.0,principal
SKU_1242_SKY,2024-03-01,364,36450.3,114623.6,principal
SKU_1243_SNO,2024-03-01,307,24886.0,75184.3,principal
SKU_1243_PIN,2024-03-01,379,30722.46,92817.1,principal
SKU_1244_COB,2024-03-01,379,34939.33,109872.1,principal
SKU_1244_GAR,2024-03-01,285,26273.64,82621.5,principal
SKU_1245_COB,2024-03-01,274,16955.29,57512.6,principal
SKU_1245_SNO,2024-03-01,0,0.0,0.0,principal
SKU_1246_PAL,2024-03-01,334,27498.28,98496.6,principal
SKU_1246_COR,2024-03-01,281,23134.78,82866.9,principal
SKU_1247_SAP,2024-03-01,261,13395.95,46953.9,principal
SKU_1247_SKY,2024-03-01,341,17501.99,61345.9,principal
SKU_1248_AQU,2024-03-01,244,13555.98,41455.6,principal
SKU_1248_SAG,2024-03-01,267,14833.8,45363.3,principal
SKU_1249_WHI,2024-03-01,291,29876.96,78540.9,principal
SKU_1249_ARM,2024-03-01,341,35010.46,92035.9,principal
SKU_1250_AQU,2024-03-01,257,21988.68,66794.3,principal
SKU_1250_BAB,2024-03-01,285,24384.34,74071.5,principal
SKU_1251_SHO,2024-03-01,264,79947.41,242853.6,principal
SKU_1251_COB,2024-03-01,0,0.0,0.0,principal
SKU_1252_NAV,2024-03-01,301,21526.98,67694.9,principal
SKU_1252_FLA,2024-03-01,279,19953.58,62747.1,principal
SKU_1253_SEA,2024-03-01,348,41230.72,125245.2,principal
SKU_1253_FRE,2024-03-01,310,36728.51,111569.0,principal
SKU_1254_SEA,2024-03-01,0,0.0,0.0,principal
SKU_1254_BAB,2024-03-01,231,14519.94,43866.9,principal
SKU_1255_VAN,2024-03-01,224,33394.13,107497.6,principal
SKU_1255_SHO,2024-03-01,362,53967.3,173723.8,principal
SKU_1256_SEA,2024-03-01,351,69419.93,228114.9,principal
SKU_1256_MID,2024-03-01,357,70606.59,232014.3,principal
SKU_1257_SPA,2024-03-01,291,17011.27,59625.9,principal
SKU_1257_EME,2024-03-01,263,15374.45,53888.7,principal
SKU_1258_AQU,2024-03-01,286,22501.14,75761.4,principal
SKU_1258_LIG,2024-03-01,0,0.0,0.0,principal
SKU_1259_ARM,2024-03-01,256,32836.7,92134.4,principal
SKU_1259_POW,2024-03-01,0,0.0,0.0,principal
SKU_1260_WHI,2024-03-01,329,37014.77,111827.1,principal
SKU_1260_ROY,2024-03-01,344,38702.37,116925.6,principal
SKU_1261_PAS,2024-03-01,654,106550.39,323664.6,principal
SKU_1261_PAS,2024-03-01,654,106550.39,323664.6,principal
SKU_1262_BLU,2024-03-01,353,32120.14,97039.7,principal
SKU_1262_OFF,2024-03-01,0,0.0,0.0,principal
SKU_1263_COB,2024-03-01,50,3043.45,9245.0,principal
SKU_1263_SKY,2024-03-01,336,20452.01,62126.4,principal
SKU_1264_EGR,2024-03-01,389,76064.36,239196.1,principal
SKU_1264_BRI,2024-03-01,344,67265.14,211525.6,principal
SKU_1265_CRE,2024-03-01,303,22054.43,66629.7,principal
SKU_1265_JAD,2024-03-01,318,23146.23,69928.2,principal
SKU_1266_MEX,2024-03-01,319,31493.94,95668.1,principal
SKU_1266_SPA,2024-03-01,382,37713.74,114561.8,principal
SKU_1267_SKY,2024-03-01,334,37024.53,111856.6,principal
SKU_1267_SAP,2024-03-01,32,3547.26,10716.8,principal
SKU_1268_MYS,2024-03-01,298,31736.46,99800.2,principal
SKU_1268_MAR,2024-03-01,315,33546.93,105493.5,principal
SKU_1269_BAB,2024-03-01,317,108520.22,329648.3,principal
SKU_1269_CER,2024-03-01,284,97223.16,295331.6,principal
SKU_1270_CRE,2024-03-01,404,25256.09,76719.6,principal
SKU_1270_TUR,2024-03-01,319,19942.31,60578.1,principal
SKU_1271_OLI,2024-03-01,289,84664.02,257181.1,principal
SKU_1271_FLA,2024-03-01,249,72945.81,221585.1,principal
SKU_1272_PAS,2024-03-01,0,0.0,0.0,principal
SKU_1272_TEA,2024-03-01,309,38855.79,117389.1,principal
SKU_1273_PAS,2024-03-01,317,77106.51,242473.3,principal
SKU_1273_EGR,2024-03-01,0,0.0,0.0,principal
SKU_1274_MEX,2024-03-01,312,26282.32,82648.8,principal
SKU_1274_BAL,2024-03-01,397,33442.57,105165.3,principal
SKU_1275_MIN,2024-03-01,349,21243.31,64530.1,principal
SKU_1275_BIR,2024-03-01,298,18138.99,55100.2,principal
SKU_1276_LIG,2024-03-01,779,39251.43,136247.1,principal
SKU_1277_MYS,2024-03-01,742,53123.14,196555.8,principal
SKU_1277_BAB,2024-03-01,751,53767.49,198939.9,principal
SKU_1278_BAB,2024-03-01,357,104897.48,367674.3,principal
SKU_1278_MOS,2024-03-01,523,153673.34,538637.7,principal
SKU_1279_FUC,2024-03-01,533,72011.12,242461.7,principal
SKU_1279_IVO,2024-03-01,738,99707.71,335716.2,principal
SKU_1280_LIM,2024-03-01,781,139146.37,390421.9,principal
SKU_1280_PRI,2024-03-01,781,139146.37,390421.9,principal
SKU_1281_PIS,2024-03-01,354,71312.16,187584.6,principal
SKU_1282_PIN,2024-03-01,752,53491.19,161604.8,principal
SKU_1282_BAL,2024-03-01,460,32720.67,98854.0,principal
SKU_1283_SNO,2024-03-01,393,23732.56,74630.7,principal
SKU_1283_BAB,2024-03-01,373,22524.8,70832.7,principal
SKU_1284_COR,2024-03-01,358,83664.27,254144.2,principal
SKU_1284_HOT,2024-03-01,366,85533.86,259823.4,principal
SKU_1285_WHI,2024-03-01,475,138342.28,417952.5,principal
SKU_1285_CLO,2024-03-01,813,236783.73,715358.7,principal
SKU_1286_MAR,2024-03-01,724,53341.22,177307.6,principal
SKU_1286_HOT,2024-03-01,523,38532.4,128082.7,principal
SKU_1287_NAV,2024-03-01,474,53087.2,180072.6,principal
SKU_1287_CER,2024-03-01,754,84446.73,286444.6,principal
SKU_1288_SAG,2024-03-01,351,24781.5,84204.9,principal
SKU_1288_BAB,2024-03-01,805,56835.07,193119.5,principal
SKU_1289_AQU,2024-03-01,753,253593.31,775514.7,principal
SKU_1289_AQU,2024-03-01,753,253593.31,775514.7,principal
SKU_1290_BIR,2024-03-01,514,98720.88,259518.6,principal
SKU_1290_PIN,2024-03-01,345,66262.07,174190.5,principal
SKU_1291_SAL,2024-03-01,660,52123.55,158334.0,principal
SKU_1291_SPA,2024-03-01,366,28904.88,87803.4,principal
SKU_1292_TEA,2024-03-01,511,52416.8,158358.9,principal
SKU_1292_FLA,2024-03-01,769,78881.64,238313.1,principal
SKU_1293_TEA,2024-03-01,359,36033.94,109459.1,principal
SKU_1293_OFF,2024-03-01,723,72569.74,220442.7,principal
SKU_1294_SEA,2024-03-01,430,28451.77,85957.0,principal
SKU_1294_COR,2024-03-01,397,26268.26,79360.3,principal
SKU_1295_PIS,2024-03-01,797,135095.55,410375.3,principal
SKU_1295_FLA,2024-03-01,498,84413.53,256420.2,principal
SKU_1296_DEE,2024-03-01,519,94166.88,337298.1,principal
SKU_1296_PEA,2024-03-01,449,81466.15,291805.1,principal
SKU_1297_MIN,2024-03-01,530,34379.13,121847.0,principal
SKU_1299_BRI,2024-03-01,734,47937.76,161406.6,principal
SKU_1299_HOT,2024-03-01,480,31348.94,105552.0,principal
SKU_1300_BIR,2024-03-01,545,223354.28,626695.5,principal
SKU_1300_TEA,2024-03-01,761,311876.34,875073.9,principal
SKU_1301_AQU,2024-03-01,502,90049.3,273539.8,principal
SKU_1301_GAR,2024-03-01,529,94892.59,288252.1,principal
SKU_1302_EME,2024-03-01,356,49210.26,149484.4,principal
SKU_1302_DUS,2024-03-01,366,50592.58,153683.4,principal
SKU_1303_BIR,2024-03-01,481,26253.89,79316.9,principal
SKU_1303_SAP,2024-03-01,753,41100.17,124169.7,principal
SKU_1304_TUR,2024-03-01,529,83253.07,261802.1,principal
SKU_1304_GAR,2024-03-01,838,131882.93,414726.2,principal
SKU_1305_MAR,2024-03-01,379,43655.9,132612.1,principal
SKU_1305_OFF,2024-03-01,752,86620.68,263124.8,principal
SKU_1306_FRE,2024-03-01,500,136724.1,429950.0,principal
SKU_1306_SPA,2024-03-01,720,196882.7,619128.0,principal
SKU_1307_MAG,2024-03-01,499,36320.66,109730.1,principal
SKU_1307_FOR,2024-03-01,404,29405.91,88839.6,principal
SKU_1308_PAS,2024-03-01,500,69493.45,209950.0,principal
SKU_1308_CER,2024-03-01,504,70049.4,211629.6,principal
SKU_1309_OLI,2024-03-01,815,97901.94,297393.5,principal
SKU_1309_LIG,2024-03-01,398,47809.78,145230.2,principal
SKU_1310_MOS,2024-03-01,503,39941.67,120669.7,principal
SKU_1310_EGR,2024-03-01,377,29936.4,90442.3,principal
SKU_1311_BAB,2024-03-01,404,117023.88,355479.6,principal
SKU_1311_NAV,2024-03-01,826,239261.7,726797.4,principal
SKU_1312_HOT,2024-03-01,780,64519.18,194922.0,principal
SKU_1312_NAV,2024-03-01,533,44088.11,133196.7,principal
SKU_1313_SPA,2024-03-01,749,230519.04,700240.1,principal
SKU_1313_SHO,2024-03-01,472,145267.01,441272.8,principal
SKU_1314_BLU,2024-03-01,486,46381.45,140891.4,principal
SKU_1314_SNO,2024-03-01,333,31779.88,96536.7,principal
SKU_1315_WHI,2024-03-01,791,90302.06,272815.9,principal
SKU_1315_BLA,2024-03-01,365,41669.09,125888.5,principal
SKU_1316_DEN,2024-03-01,696,117975.54,358370.4,principal
SKU_1316_AQU,2024-03-01,705,119501.08,363004.5,principal
SKU_1317_ROS,2024-03-01,524,34268.74,112607.6,principal
SKU_1318_PAS,2024-03-01,387,29448.33,92841.3,principal
SKU_1318_MYS,2024-03-01,730,55548.53,175127.0,principal
SKU_1319_MAR,2024-03-01,702,38033.29,133309.8,principal
SKU_1319_ROS,2024-03-01,549,29743.98,104255.1,principal
SKU_1320_PIS,2024-03-01,733,32633.38,109876.7,principal
SKU_1320_FOR,2024-03-01,508,22616.31,76149.2,principal
SKU_1321_FLA,2024-03-01,757,40816.71,113474.3,principal
SKU_1321_SER,2024-03-01,370,19950.04,55463.0,principal
SKU_1322_MOS,2024-03-01,546,68519.7,180125.4,principal
SKU_1322_IVO,2024-03-01,357,44801.34,117774.3,principal
SKU_1323_AQU,2024-03-01,358,40071.08,103784.2,principal
SKU_1323_FRE,2024-03-01,750,83947.79,217425.0,principal
SKU_1324_MID,2024-03-01,346,37782.13,114145.4,principal
SKU_1324_SNO,2024-03-01,552,60276.69,182104.8,principal
SKU_1325_LIG,2024-03-01,798,74347.21,239320.2,principal
SKU_1325_PEA,2024-03-01,486,45279.13,145751.4,principal
SKU_1326_PAS,2024-03-01,370,54484.76,186813.0,principal
SKU_1326_BAB,2024-03-01,504,74217.08,254469.6,principal
SKU_1327_GAR,2024-03-01,521,38631.87,135407.9,principal
SKU_1327_HON,2024-03-01,528,39150.92,137227.2,principal
SKU_1328_EGR,2024-03-01,395,31076.74,104635.5,principal
SKU_1328_LIG,2024-03-01,786,61838.79,208211.4,principal
SKU_1329_NAV,2024-03-01,726,71129.39,199577.4,principal
SKU_1329_MIN,2024-03-01,486,47615.54,133601.4,principal
SKU_1330_PRI,2024-03-01,499,51185.87,154640.1,principal
SKU_1330_LIM,2024-03-01,812,83292.44,251638.8,principal
SKU_1331_ARM,2024-03-01,375,33378.07,104962.5,principal
SKU_1331_AQU,2024-03-01,810,72096.64,226719.0,principal
SKU_1332_MOS,2024-03-01,1396,76196.33,230200.4,principal
SKU_1332_MOS,2024-03-01,1396,76196.33,230200.4,principal
SKU_1333_PIS,2024-03-01,494,31051.31,93810.6,principal
SKU_1333_MOS,2024-03-01,517,32497.02,98178.3,principal
SKU_1334_TEA,2024-03-01,481,73221.14,221211.9,principal
SKU_1335_CRE,2024-03-01,724,82349.58,275047.6,principal
SKU_1335_BRI,2024-03-01,369,41970.99,140183.1,principal
SKU_1336_LIM,2024-03-01,504,48180.53,176349.6,principal
SKU_1336_PIN,2024-03-01,391,37378.15,136810.9,principal
SKU_1337_DUS,2024-03-01,498,27099.2,92080.2,principal
SKU_1337_MAG,2024-03-01,387,21059.02,71556.3,principal
SKU_1338_OLI,2024-03-01,494,33099.14,101220.6,principal
SKU_1338_PAS,2024-03-01,384,25728.88,78681.6,principal
SKU_1339_JAD,2024-03-01,363,40092.75,112493.7,principal
SKU_1339_EME,2024-03-01,756,83498.96,234284.4,principal
SKU_1340_POW,2024-03-01,824,310566.49,943397.6,principal
SKU_1341_HOT,2024-03-01,803,45938.18,144459.7,principal
SKU_1341_PEA,2024-03-01,487,27860.39,87611.3,principal
SKU_1342_CRE,2024-03-01,768,85453.98,268723.2,principal
SKU_1342_BAB,2024-03-01,448,49848.15,156755.2,principal
SKU_1343_NAV,2024-03-01,461,48050.91,145168.9,principal
SKU_1343_IVO,2024-03-01,768,80050.1,241843.2,principal
SKU_1344_PAS,2024-03-01,497,49768.69,156505.3,principal
SKU_1344_MID,2024-03-01,507,50770.07,159654.3,principal
SKU_1345_ARM,2024-03-01,368,121098.62,441563.2,principal
SKU_1345_FOR,2024-03-01,469,154334.93,562753.1,principal
SKU_1346_HON,2024-03-01,499,38751.6,132185.1,principal
SKU_1346_PEA,2024-03-01,497,38596.28,131655.3,principal
SKU_1347_LIM,2024-03-01,500,38745.13,144950.0,principal
SKU_1348_NAV,2024-03-01,773,164275.87,502372.7,principal
SKU_1348_PIS,2024-03-01,514,109233.89,334048.6,principal
SKU_1349_HON,2024-03-01,794,65397.62,166660.6,principal
SKU_1349_SEA,2024-03-01,478,39370.36,100332.2,principal
SKU_1350_SNO,2024-03-01,722,68085.97,205697.8,principal
SKU_1350_BAB,2024-03-01,791,74592.8,225355.9,principal
SKU_1351_SAG,2024-03-01,354,80838.34,244224.6,principal
SKU_1351_HON,2024-03-01,391,89287.55,269750.9,principal
SKU_1352_CER,2024-03-01,380,35205.82,106362.0,principal
SKU_1352_HUN,2024-03-01,355,32889.65,99364.5,principal
SKU_1353_MAG,2024-03-01,831,52234.08,157806.9,principal
SKU_1353_MAR,2024-03-01,845,53114.08,160465.5,principal
SKU_1354_AQU,2024-03-01,793,241450.32,733445.7,principal
SKU_1354_CLE,2024-03-01,355,108089.36,328339.5,principal
SKU_1355_PAS,2024-03-01,393,22627.79,68735.7,principal
SKU_1355_DEE,2024-03-01,347,19979.25,60690.3,principal
SKU_1356_BLU,2024-03-01,725,51290.18,155802.5,principal
SKU_1356_DEN,2024-03-01,528,37353.4,113467.2,principal
SKU_1357_BRI,2024-03-01,330,72627.03,219417.0,principal
SKU_1357_BLU,2024-03-01,818,180026.99,543888.2,principal
SKU_1358_DUS,2024-03-01,483,31784.82,96551.7,principal
SKU_1358_MAR,2024-03-01,747,49157.89,149325.3,principal
SKU_1359_BLU,2024-03-01,350,47291.37,148715.0,principal
SKU_1359_NAV,2024-03-01,760,102689.83,322924.0,principal
SKU_1360_WHI,2024-03-01,537,56861.27,171786.3,principal
SKU_1360_FRE,2024-03-01,385,40766.46,123161.5,principal
SKU_1361_MEX,2024-03-01,389,23491.01,73871.1,principal
SKU_1361_BLU,2024-03-01,338,20411.21,64186.2,principal
SKU_1362_POW,2024-03-01,377,114479.14,359997.3,principal
SKU_1362_SEA,2024-03-01,754,228958.28,719994.6,principal
SKU_1363_RAS,2024-03-01,472,142576.19,448352.8,principal
SKU_1363_HUN,2024-03-01,749,226249.08,711475.1,principal
SKU_1364_OFF,2024-03-01,382,55866.81,175681.8,principal
SKU_1365_BUB,2024-03-01,392,64863.02,195960.8,principal
SKU_1366_TEA,2024-03-01,507,68153.63,223029.3,principal
SKU_1366_PAL,2024-03-01,517,69497.88,227428.3,principal
SKU_1367_VAN,2024-03-01,717,39513.45,128988.3,principal
SKU_1367_BLA,2024-03-01,779,42930.23,140142.1,principal
SKU_1368_SNO,2024-03-01,777,165128.02,578787.3,principal
SKU_1368_TUR,2024-03-01,383,81395.15,285296.7,principal
SKU_1369_SNO,2024-03-01,491,24887.96,78510.9,principal
SKU_1369_RAS,2024-03-01,373,18906.74,59642.7,principal
SKU_1370_PRI,2024-03-01,348,24566.28,62605.2,principal
SKU_1370_MYS,2024-03-01,377,26613.47,67822.3,principal
SKU_1371_WHI,2024-03-01,502,45677.93,137999.8,principal
SKU_1371_HOT,2024-03-01,494,44950.0,135800.6,principal
SKU_1372_SEA,2024-03-01,354,39827.44,120324.6,principal
SKU_1372_DEN,2024-03-01,486,54678.35,165191.4,principal
SKU_1373_SKY,2024-03-01,358,22380.4,67984.2,principal
SKU_1373_CRE,2024-03-01,798,49887.03,151540.2,principal
SKU_1374_BLU,2024-03-01,400,25142.76,75960.0,principal
SKU_1375_COR,2024-03-01,829,72688.3,219602.1,principal
SKU_1375_CLE,2024-03-01,526,46120.68,139337.4,principal
SKU_1376_SNO,2024-03-01,751,59936.67,213959.9,principal
SKU_1376_BIR,2024-03-01,356,28412.06,101424.4,principal
SKU_1377_PRI,2024-03-01,554,43570.92,143984.6,principal
SKU_1377_CLO,2024-03-01,761,59851.03,197783.9,principal
SKU_1378_SPA,2024-03-01,467,27299.87,95688.3,principal
SKU_1378_MOS,2024-03-01,519,30339.69,106343.1,principal
SKU_1379_SNO,2024-03-01,762,117129.53,369493.8,principal
SKU_1379_WHI,2024-03-01,801,123124.35,388404.9,principal
SKU_1380_TUR,2024-03-01,458,41317.44,105294.2,principal
SKU_1380_MIN,2024-03-01,800,72170.21,183920.0,principal
SKU_1381_WHI,2024-03-01,368,33485.02,101163.2,principal
SKU_1381_PAS,2024-03-01,474,43130.16,130302.6,principal
SKU_1382_ARM,2024-03-01,383,23128.68,72731.7,principal
SKU_1382_HOT,2024-03-01,728,43962.61,138247.2,principal
SKU_1383_CLE,2024-03-01,757,45077.0,136184.3,principal
SKU_1383_TUR,2024-03-01,524,31202.58,94267.6,principal
SKU_1384_CRE,2024-03-01,379,64866.26,197042.1,principal
SKU_1384_SKY,2024-03-01,819,140172.73,425798.1,principal
SKU_1385_PRI,2024-03-01,542,52008.64,157125.8,principal
SKU_1385_NAV,2024-03-01,336,32241.52,97406.4,principal
SKU_1386_SER,2024-03-01,340,22905.82,73066.0,principal
SKU_1386_COB,2024-03-01,387,26072.21,83166.3,principal
SKU_1387_BRI,2024-03-01,353,16147.16,56444.7,principal
SKU_1387_BAB,2024-03-01,391,17885.38,62520.9,principal
SKU_1388_BRI,2024-03-01,807,80870.09,302544.3,principal
SKU_1388_VAN,2024-03-01,528,52911.29,197947.2,principal
SKU_1000_COR,2024-04-01,0,0.0,0.0,principal
SKU_1000_EME,2024-04-01,252,15058.77,51634.8,principal
SKU_1000_ROY,2024-04-01,300,17927.11,61470.0,principal
SKU_1001_AQU,2024-04-01,230,57784.11,216177.0,principal
SKU_1001_SAP,2024-04-01,301,75621.82,282909.9,principal
SKU_1002_COR,2024-04-01,170,13058.09,39933.0,principal
SKU_1002_MYS,2024-04-01,195,14978.4,45805.5,principal
SKU_1003_SNO,2024-04-01,250,35796.69,91225.0,principal
SKU_1003_DUS,2024-04-01,299,42812.84,109105.1,principal
SKU_1004_FOR,2024-04-01,11,1254.11,3298.9,principal
SKU_1004_MEX,2024-04-01,235,26792.35,70476.5,principal
SKU_1005_OLI,2024-04-01,0,0.0,0.0,principal
SKU_1005_MYS,2024-04-01,0,0.0,0.0,principal
SKU_1006_MOS,2024-04-01,218,13164.63,41398.2,principal
SKU_1006_FOR,2024-04-01,211,12741.91,40068.9,principal
SKU_1007_COB,2024-04-01,273,25601.45,80507.7,principal
SKU_1007_FOR,2024-04-01,266,24945.0,78443.4,principal
SKU_1008_MEX,2024-04-01,294,31617.32,95520.6,principal
SKU_1008_WHI,2024-04-01,243,26132.68,78950.7,principal
SKU_1009_BAB,2024-04-01,325,46221.67,167342.5,principal
SKU_1009_MAG,2024-04-01,0,0.0,0.0,principal
SKU_1010_SNO,2024-04-01,267,30225.09,101433.3,principal
SKU_1010_BRI,2024-04-01,0,0.0,0.0,principal
SKU_1011_CER,2024-04-01,232,16117.33,60296.8,principal
SKU_1011_MIN,2024-04-01,193,13407.96,50160.7,principal
SKU_1012_VAN,2024-04-01,254,73167.32,246354.6,principal
SKU_1012_CLO,2024-04-01,290,83537.49,281271.0,principal
SKU_1013_LIG,2024-04-01,353,24157.19,63504.7,principal
SKU_1013_LIG,2024-04-01,353,24157.19,63504.7,principal
SKU_1014_FLA,2024-04-01,277,36665.63,110772.3,principal
SKU_1014_MIN,2024-04-01,295,39048.24,117970.5,principal
SKU_1015_ROY,2024-04-01,297,91907.21,277665.3,principal
SKU_1015_TUR,2024-04-01,182,56320.25,170151.8,principal
SKU_1016_HON,2024-04-01,163,11594.5,35028.7,principal
SKU_1016_SNO,2024-04-01,0,0.0,0.0,principal
SKU_1017_PAS,2024-04-01,313,14920.15,46918.7,principal
SKU_1017_BAL,2024-04-01,220,10487.0,32978.0,principal
SKU_1018_TEA,2024-04-01,297,11324.08,35610.3,principal
SKU_1018_ARM,2024-04-01,297,11324.08,35610.3,principal
SKU_1019_NAV,2024-04-01,215,17692.6,56953.5,principal
SKU_1019_GAR,2024-04-01,204,16787.4,54039.6,principal
SKU_1020_NAV,2024-04-01,192,11680.05,38380.8,principal
SKU_1020_LIG,2024-04-01,243,14782.56,48575.7,principal
SKU_1021_CRE,2024-04-01,214,16296.91,60968.6,principal
SKU_1021_PAS,2024-04-01,312,23759.98,88888.8,principal
SKU_1022_PAL,2024-04-01,277,28976.22,88612.3,principal
SKU_1022_DEN,2024-04-01,190,19875.39,60781.0,principal
SKU_1023_DEN,2024-04-01,269,29545.01,75293.1,principal
SKU_1023_FOR,2024-04-01,305,33498.99,85369.5,principal
SKU_1024_VAN,2024-04-01,309,24656.84,64859.1,principal
SKU_1024_DEN,2024-04-01,184,14682.39,38621.6,principal
SKU_1025_WHI,2024-04-01,255,39320.54,123649.5,principal
SKU_1025_MIN,2024-04-01,246,37932.76,119285.4,principal
SKU_1026_CLO,2024-04-01,0,0.0,0.0,principal
SKU_1026_SPA,2024-04-01,202,27590.19,83809.8,principal
SKU_1027_MAR,2024-04-01,334,44598.42,140246.6,principal
SKU_1027_BIR,2024-04-01,306,40859.63,128489.4,principal
SKU_1028_BLU,2024-04-01,245,49075.51,154325.5,principal
SKU_1028_AQU,2024-04-01,187,37457.63,117791.3,principal
SKU_1029_BLU,2024-04-01,291,22662.56,71265.9,principal
SKU_1029_BAL,2024-04-01,218,16977.45,53388.2,principal
SKU_1030_CRE,2024-04-01,204,42160.31,132579.6,principal
SKU_1030_DEN,2024-04-01,194,40093.63,126080.6,principal
SKU_1031_COR,2024-04-01,289,45428.46,137246.1,principal
SKU_1031_HON,2024-04-01,0,0.0,0.0,principal
SKU_1032_EME,2024-04-01,282,30929.25,97261.8,principal
SKU_1032_HON,2024-04-01,272,29832.47,93812.8,principal
SKU_1033_NAV,2024-04-01,319,65927.16,207318.1,principal
SKU_1033_LIM,2024-04-01,248,51253.71,161175.2,principal
SKU_1034_PAS,2024-04-01,208,14714.98,44699.2,principal
SKU_1034_PIS,2024-04-01,256,18110.74,55014.4,principal
SKU_1035_SAP,2024-04-01,302,62893.98,197779.8,principal
SKU_1035_FUC,2024-04-01,307,63935.27,201054.3,principal
SKU_1036_BIR,2024-04-01,206,50854.62,154479.4,principal
SKU_1036_MID,2024-04-01,221,54557.62,165727.9,principal
SKU_1037_PRI,2024-04-01,203,13549.88,42609.7,principal
SKU_1037_SPA,2024-04-01,258,17221.04,54154.2,principal
SKU_1038_LIG,2024-04-01,188,15238.94,47921.2,principal
SKU_1038_FLA,2024-04-01,246,19940.32,62705.4,principal
SKU_1039_ARM,2024-04-01,202,10356.92,31289.8,principal
SKU_1039_MIN,2024-04-01,225,11536.18,34852.5,principal
SKU_1040_BLA,2024-04-01,189,20334.65,66131.1,principal
SKU_1040_BAB,2024-04-01,222,23885.15,77677.8,principal
SKU_1041_EME,2024-04-01,247,16162.6,54315.3,principal
SKU_1041_SNO,2024-04-01,193,12629.08,42440.7,principal
SKU_1042_SEA,2024-04-01,229,21222.59,72112.1,principal
SKU_1042_EME,2024-04-01,292,27061.12,91950.8,principal
SKU_1043_SPA,2024-04-01,189,49110.76,165356.1,principal
SKU_1043_CER,2024-04-01,205,53268.29,179354.5,principal
SKU_1044_SER,2024-04-01,327,106963.65,281187.3,principal
SKU_1044_COR,2024-04-01,248,81122.28,213255.2,principal
SKU_1045_FOR,2024-04-01,187,18120.82,47666.3,principal
SKU_1045_BUB,2024-04-01,279,27035.88,71117.1,principal
SKU_1046_SNO,2024-04-01,0,0.0,0.0,principal
SKU_1046_PAS,2024-04-01,210,11114.65,33579.0,principal
SKU_1047_ROY,2024-04-01,294,20426.21,61710.6,principal
SKU_1047_DEE,2024-04-01,194,13478.52,40720.6,principal
SKU_1048_MAR,2024-04-01,265,20928.4,63573.5,principal
SKU_1048_PEA,2024-04-01,0,0.0,0.0,principal
SKU_1049_BAL,2024-04-01,272,67595.56,205332.8,principal
SKU_1049_LIG,2024-04-01,309,76790.54,233264.1,principal
SKU_1050_BUB,2024-04-01,0,0.0,0.0,principal
SKU_1050_PRI,2024-04-01,288,25609.26,87811.2,principal
SKU_1051_CLE,2024-04-01,258,58837.44,193474.2,principal
SKU_1051_LIG,2024-04-01,285,64994.85,213721.5,principal
SKU_1052_PAS,2024-04-01,261,24193.13,84798.9,principal
SKU_1052_FRE,2024-04-01,244,22617.33,79275.6,principal
SKU_1053_SHO,2024-04-01,0,0.0,0.0,principal
SKU_1053_NAV,2024-04-01,189,19770.78,60461.1,principal
SKU_1054_DEE,2024-04-01,248,31368.62,88015.2,principal
SKU_1054_PAS,2024-04-01,198,25044.3,70270.2,principal
SKU_1055_LIG,2024-04-01,323,121335.56,366572.7,principal
SKU_1055_PAL,2024-04-01,0,0.0,0.0,principal
SKU_1056_CRE,2024-04-01,271,21070.76,63657.9,principal
SKU_1056_OLI,2024-04-01,283,22003.79,66476.7,principal
SKU_1057_ROY,2024-04-01,191,11625.99,35315.9,principal
SKU_1057_SNO,2024-04-01,0,0.0,0.0,principal
SKU_1058_MID,2024-04-01,216,13387.29,42098.4,principal
SKU_1058_SHO,2024-04-01,258,15990.38,50284.2,principal
SKU_1059_PEA,2024-04-01,217,20694.9,65078.3,principal
SKU_1059_OFF,2024-04-01,269,25654.05,80673.1,principal
SKU_1060_CRE,2024-04-01,269,91772.33,298563.1,principal
SKU_1060_LIM,2024-04-01,186,63455.96,206441.4,principal
SKU_1061_PAS,2024-04-01,299,34580.33,122560.1,principal
SKU_1061_EGR,2024-04-01,180,20817.59,73782.0,principal
SKU_1062_OLI,2024-04-01,310,17679.76,61969.0,principal
SKU_1062_MID,2024-04-01,263,14999.28,52573.7,principal
SKU_1063_SNO,2024-04-01,253,14829.16,46779.7,principal
SKU_1063_SAP,2024-04-01,180,10550.39,33282.0,principal
SKU_1064_PRI,2024-04-01,232,15701.84,44056.8,principal
SKU_1064_BIR,2024-04-01,261,17664.57,49563.9,principal
SKU_1065_CLE,2024-04-01,269,57108.99,173478.1,principal
SKU_1065_COB,2024-04-01,251,53287.57,161869.9,principal
SKU_1066_IVO,2024-04-01,288,17149.51,51811.2,principal
SKU_1066_WHI,2024-04-01,206,12266.66,37059.4,principal
SKU_1067_EME,2024-04-01,213,17942.74,56423.7,principal
SKU_1067_WHI,2024-04-01,194,16342.21,51390.6,principal
SKU_1068_COR,2024-04-01,203,53411.72,161364.7,principal
SKU_1068_BAL,2024-04-01,0,0.0,0.0,principal
SKU_1069_OLI,2024-04-01,0,0.0,0.0,principal
SKU_1069_CRE,2024-04-01,220,38587.32,116578.0,principal
SKU_1070_LIG,2024-04-01,0,0.0,0.0,principal
SKU_1070_MID,2024-04-01,295,33677.76,101745.5,principal
SKU_1071_BAB,2024-04-01,324,28787.75,87447.6,principal
SKU_1071_SKY,2024-04-01,276,24522.9,74492.4,principal
SKU_1072_PAS,2024-04-01,283,43080.21,130151.7,principal
SKU_1072_CER,2024-04-01,260,39578.99,119574.0,principal
SKU_1073_FRE,2024-04-01,252,26683.5,80614.8,principal
SKU_1073_BLU,2024-04-01,256,27107.05,81894.4,principal
SKU_1074_JAD,2024-04-01,290,19561.39,59421.0,principal
SKU_1074_PRI,2024-04-01,313,21112.81,64133.7,principal
SKU_1075_NAV,2024-04-01,251,23139.24,72764.9,principal
SKU_1075_LIG,2024-04-01,277,25536.13,80302.3,principal
SKU_1076_BLU,2024-04-01,0,0.0,0.0,principal
SKU_1076_POW,2024-04-01,273,19313.41,58667.7,principal
SKU_1077_NAV,2024-04-01,208,15206.51,47819.2,principal
SKU_1077_MAR,2024-04-01,207,15133.4,47589.3,principal
SKU_1078_GAR,2024-04-01,0,0.0,0.0,principal
SKU_1078_BLU,2024-04-01,277,27297.85,85842.3,principal
SKU_1079_BAB,2024-04-01,216,19547.37,59378.4,principal
SKU_1079_JAD,2024-04-01,270,24434.21,74223.0,principal
SKU_1080_TEA,2024-04-01,240,36244.37,113976.0,principal
SKU_1080_MAR,2024-04-01,188,28391.42,89281.2,principal
SKU_1081_EGR,2024-04-01,186,16343.11,52061.4,principal
SKU_1081_PAS,2024-04-01,253,22230.15,70814.7,principal
SKU_1082_PIN,2024-04-01,297,19169.02,62340.3,principal
SKU_1082_LIG,2024-04-01,319,20588.95,66958.1,principal
SKU_1083_OFF,2024-04-01,181,24498.09,83241.9,principal
SKU_1083_BAB,2024-04-01,280,37897.6,128772.0,principal
SKU_1084_DUS,2024-04-01,173,55999.63,171252.7,principal
SKU_1084_PAS,2024-04-01,221,71537.1,218767.9,principal
SKU_1085_COB,2024-04-01,240,39196.16,119976.0,principal
SKU_1085_CRE,2024-04-01,216,35276.54,107978.4,principal
SKU_1086_PRI,2024-04-01,313,27622.49,70393.7,principal
SKU_1086_CRE,2024-04-01,221,19503.42,49702.9,principal
SKU_1087_BIR,2024-04-01,216,31265.76,80978.4,principal
SKU_1087_SNO,2024-04-01,251,36331.97,94099.9,principal
SKU_1088_CER,2024-04-01,259,60954.38,185159.1,principal
SKU_1088_HON,2024-04-01,274,64484.55,195882.6,principal
SKU_1089_GAR,2024-04-01,334,32556.98,111856.6,principal
SKU_1089_EGR,2024-04-01,240,23394.24,80376.0,principal
SKU_1090_PAL,2024-04-01,304,13168.76,41009.6,principal
SKU_1090_WHI,2024-04-01,216,9356.75,29138.4,principal
SKU_1091_OFF,2024-04-01,205,17255.42,64554.5,principal
SKU_1091_MOS,2024-04-01,268,22558.3,84393.2,principal
SKU_1092_TUR,2024-04-01,279,30097.77,92042.1,principal
SKU_1092_MIN,2024-04-01,336,36246.77,110846.4,principal
SKU_1093_GAR,2024-04-01,0,0.0,0.0,principal
SKU_1093_TEA,2024-04-01,225,93413.33,262102.5,principal
SKU_1094_FOR,2024-04-01,224,20003.11,52617.6,principal
SKU_1094_DEE,2024-04-01,331,29558.16,77751.9,principal
SKU_1095_COB,2024-04-01,309,41187.56,125114.1,principal
SKU_1095_MAG,2024-04-01,0,0.0,0.0,principal
SKU_1096_HOT,2024-04-01,286,26352.92,80051.4,principal
SKU_1096_CLE,2024-04-01,201,18520.76,56259.9,principal
SKU_1097_AQU,2024-04-01,0,0.0,0.0,principal
SKU_1097_PAL,2024-04-01,252,17925.24,54154.8,principal
SKU_1098_HON,2024-04-01,0,0.0,0.0,principal
SKU_1098_HUN,2024-04-01,298,34020.25,102780.2,principal
SKU_1099_SAL,2024-04-01,204,15263.35,50979.6,principal
SKU_1099_PRI,2024-04-01,208,15562.63,51979.2,principal
SKU_1100_PEA,2024-04-01,198,10002.28,36610.2,principal
SKU_1100_COB,2024-04-01,0,0.0,0.0,principal
SKU_1101_CLE,2024-04-01,41,4547.01,17010.9,principal
SKU_1101_DEE,2024-04-01,248,27503.89,102895.2,principal
SKU_1102_FLA,2024-04-01,327,94195.72,317157.3,principal
SKU_1102_OFF,2024-04-01,277,79792.7,268662.3,principal
SKU_1103_EGR,2024-04-01,200,9882.79,25980.0,principal
SKU_1103_LIG,2024-04-01,203,10031.03,26369.7,principal
SKU_1104_POW,2024-04-01,184,10956.63,33101.6,principal
SKU_1104_MEX,2024-04-01,258,15363.1,46414.2,principal
SKU_1105_ARM,2024-04-01,0,0.0,0.0,principal
SKU_1105_SER,2024-04-01,312,21045.36,63928.8,principal
SKU_1106_MYS,2024-04-01,251,62250.06,195754.9,principal
SKU_1106_SNO,2024-04-01,214,53073.75,166898.6,principal
SKU_1107_BAL,2024-04-01,297,97273.76,295485.3,principal
SKU_1107_PAS,2024-04-01,195,63866.61,194005.5,principal
SKU_1108_PRI,2024-04-01,236,19521.19,58976.4,principal
SKU_1108_SNO,2024-04-01,239,19769.34,59726.1,principal
SKU_1109_SAG,2024-04-01,0,0.0,0.0,principal
SKU_1109_CER,2024-04-01,317,19986.86,72878.3,principal
SKU_1110_FLA,2024-04-01,277,17491.34,63682.3,principal
SKU_1110_HUN,2024-04-01,0,0.0,0.0,principal
SKU_1111_CRE,2024-04-01,169,9481.96,35473.1,principal
SKU_1111_BLU,2024-04-01,227,12736.12,47647.3,principal
SKU_1112_MIN,2024-04-01,247,20166.39,67900.3,principal
SKU_1112_EGR,2024-04-01,219,17880.32,60203.1,principal
SKU_1113_VAN,2024-04-01,0,0.0,0.0,principal
SKU_1113_OLI,2024-04-01,0,0.0,0.0,principal
SKU_1114_GAR,2024-04-01,235,31106.22,93976.5,principal
SKU_1114_PRI,2024-04-01,266,35209.6,106373.4,principal
SKU_1115_LIM,2024-04-01,268,19063.35,57593.2,principal
SKU_1115_TEA,2024-04-01,0,0.0,0.0,principal
SKU_1116_MOS,2024-04-01,222,17532.47,53257.8,principal
SKU_1116_SNO,2024-04-01,248,19585.82,59495.2,principal
SKU_1117_MOS,2024-04-01,239,17396.07,52556.1,principal
SKU_1117_MIN,2024-04-01,270,19652.46,59373.0,principal
SKU_1118_FUC,2024-04-01,232,22645.96,68416.8,principal
SKU_1118_DUS,2024-04-01,205,20010.44,60454.5,principal
SKU_1119_PAS,2024-04-01,207,9533.4,28959.3,principal
SKU_1119_LIG,2024-04-01,0,0.0,0.0,principal
SKU_1120_AQU,2024-04-01,231,17622.57,55416.9,principal
SKU_1120_SAL,2024-04-01,262,19987.51,62853.8,principal
SKU_1121_MYS,2024-04-01,280,23034.78,69972.0,principal
SKU_1121_MIN,2024-04-01,281,23117.05,70221.9,principal
SKU_1122_ROY,2024-04-01,258,36285.61,109624.2,principal
SKU_1122_PIS,2024-04-01,316,44442.84,134268.4,principal
SKU_1123_BAB,2024-04-01,183,26040.33,78671.7,principal
SKU_1123_SER,2024-04-01,0,0.0,0.0,principal
SKU_1124_BLU,2024-04-01,314,39269.81,119288.6,principal
SKU_1124_FOR,2024-04-01,264,33016.65,100293.6,principal
SKU_1125_MIN,2024-04-01,288,15160.06,46051.2,principal
SKU_1125_SAP,2024-04-01,226,11896.43,36137.4,principal
SKU_1126_WHI,2024-04-01,416,94307.99,284918.4,principal
SKU_1126_WHI,2024-04-01,416,94307.99,284918.4,principal
SKU_1127_SAL,2024-04-01,289,19018.25,57771.1,principal
SKU_1127_BLU,2024-04-01,207,13622.07,41379.3,principal
SKU_1128_PRI,2024-04-01,286,38592.58,117231.4,principal
SKU_1128_TEA,2024-04-01,15,2024.09,6148.5,principal
SKU_1129_VAN,2024-04-01,263,33506.7,101228.7,principal
SKU_1129_SAG,2024-04-01,190,24206.36,73131.0,principal
SKU_1130_CRE,2024-04-01,190,14065.61,47481.0,principal
SKU_1130_MEX,2024-04-01,255,18877.52,63724.5,principal
SKU_1131_CLO,2024-04-01,294,79695.93,260160.6,principal
SKU_1131_JAD,2024-04-01,158,42829.79,139814.2,principal
SKU_1132_NAV,2024-04-01,7,360.31,1224.3,principal
SKU_1132_CLE,2024-04-01,318,16368.44,55618.2,principal
SKU_1133_MOS,2024-04-01,207,55939.74,188349.3,principal
SKU_1133_PEA,2024-04-01,295,79720.89,268420.5,principal
SKU_1134_DUS,2024-04-01,193,17032.4,43405.7,principal
SKU_1134_PIN,2024-04-01,304,26828.23,68369.6,principal
SKU_1135_ROS,2024-04-01,240,16413.79,43176.0,principal
SKU_1135_MAR,2024-04-01,221,15114.36,39757.9,principal
SKU_1136_SNO,2024-04-01,237,19497.3,59226.3,principal
SKU_1136_FUC,2024-04-01,178,14643.54,44482.2,principal
SKU_1137_DEE,2024-04-01,206,26524.19,83409.4,principal
SKU_1137_PAL,2024-04-01,289,37211.12,117016.1,principal
SKU_1138_PEA,2024-04-01,293,20954.83,65895.7,principal
SKU_1138_HON,2024-04-01,276,19739.02,62072.4,principal
SKU_1139_PRI,2024-04-01,262,25140.71,75953.8,principal
SKU_1139_EGR,2024-04-01,255,24469.01,73924.5,principal
SKU_1140_SNO,2024-04-01,293,17512.31,58570.7,principal
SKU_1140_ROS,2024-04-01,0,0.0,0.0,principal
SKU_1141_SKY,2024-04-01,190,20980.13,69331.0,principal
SKU_1141_CLE,2024-04-01,308,34009.89,112389.2,principal
SKU_1142_MIN,2024-04-01,223,20260.73,75797.7,principal
SKU_1142_PAS,2024-04-01,229,20805.86,77837.1,principal
SKU_1143_IVO,2024-04-01,271,17271.45,52817.9,principal
SKU_1143_SNO,2024-04-01,210,13383.78,40929.0,principal
SKU_1144_SEA,2024-04-01,269,33757.88,88743.1,principal
SKU_1144_BUB,2024-04-01,310,38903.13,102269.0,principal
SKU_1145_MOS,2024-04-01,238,35442.22,107076.2,principal
SKU_1145_LIG,2024-04-01,0,0.0,0.0,principal
SKU_1146_FRE,2024-04-01,194,30010.07,91160.6,principal
SKU_1146_CER,2024-04-01,269,41611.9,126403.1,principal
SKU_1147_COR,2024-04-01,316,36598.14,110568.4,principal
SKU_1147_MEX,2024-04-01,0,0.0,0.0,principal
SKU_1148_TEA,2024-04-01,205,29510.14,89154.5,principal
SKU_1148_SPA,2024-04-01,304,43761.38,132209.6,principal
SKU_1149_IVO,2024-04-01,277,14084.95,44292.3,principal
SKU_1149_OLI,2024-04-01,257,13067.99,41094.3,principal
SKU_1150_SAG,2024-04-01,248,49361.4,157455.2,principal
SKU_1150_VAN,2024-04-01,305,60706.56,193644.5,principal
SKU_1151_CRE,2024-04-01,250,61822.58,202475.0,principal
SKU_1151_JAD,2024-04-01,274,67757.55,221912.6,principal
SKU_1152_CLO,2024-04-01,322,87353.05,326797.8,principal
SKU_1152_WHI,2024-04-01,234,63480.17,237486.6,principal
SKU_1153_PEA,2024-04-01,294,32735.52,110220.6,principal
SKU_1153_MOS,2024-04-01,215,23939.24,80603.5,principal
SKU_1154_VAN,2024-04-01,227,47646.11,121422.3,principal
SKU_1154_PEA,2024-04-01,216,45337.27,115538.4,principal
SKU_1155_ARM,2024-04-01,271,79832.8,209997.9,principal
SKU_1155_BAB,2024-04-01,235,69227.71,182101.5,principal
SKU_1156_FLA,2024-04-01,293,26545.27,83475.7,principal
SKU_1156_EGR,2024-04-01,230,20837.59,65527.0,principal
SKU_1157_DEE,2024-04-01,277,17316.68,52602.3,principal
SKU_1157_PAS,2024-04-01,234,14628.53,44436.6,principal
SKU_1158_AQU,2024-04-01,303,66474.62,209039.7,principal
SKU_1158_MYS,2024-04-01,233,51117.45,160746.7,principal
SKU_1159_PAS,2024-04-01,217,12921.68,39038.3,principal
SKU_1159_PRI,2024-04-01,232,13814.88,41736.8,principal
SKU_1160_DUS,2024-04-01,302,20482.21,61879.8,principal
SKU_1160_LIM,2024-04-01,186,12614.87,38111.4,principal
SKU_1161_MEX,2024-04-01,225,31644.43,95602.5,principal
SKU_1161_DUS,2024-04-01,0,0.0,0.0,principal
SKU_1162_HOT,2024-04-01,295,71286.22,224170.5,principal
SKU_1162_BUB,2024-04-01,290,70077.98,220371.0,principal
SKU_1163_HUN,2024-04-01,275,22623.45,68722.5,principal
SKU_1163_SPA,2024-04-01,286,23528.38,71471.4,principal
SKU_1164_BRI,2024-04-01,283,17989.8,56571.7,principal
SKU_1164_MIN,2024-04-01,224,14239.28,44777.6,principal
SKU_1165_HUN,2024-04-01,32,3458.82,10876.8,principal
SKU_1165_MAR,2024-04-01,295,31886.02,100270.5,principal
SKU_1166_PIS,2024-04-01,212,40779.94,128238.8,principal
SKU_1166_FRE,2024-04-01,285,54822.09,172396.5,principal
SKU_1167_WHI,2024-04-01,224,53060.72,166857.6,principal
SKU_1167_JAD,2024-04-01,217,51402.57,161643.3,principal
SKU_1168_GAR,2024-04-01,259,65145.47,196814.1,principal
SKU_1168_BLU,2024-04-01,7,1760.69,5319.3,principal
SKU_1169_BUB,2024-04-01,248,15764.91,49575.2,principal
SKU_1169_MEX,2024-04-01,282,17926.23,56371.8,principal
SKU_1170_GAR,2024-04-01,234,68936.65,209406.6,principal
SKU_1170_OFF,2024-04-01,202,59509.42,180769.8,principal
SKU_1171_MIN,2024-04-01,202,11434.96,37349.8,principal
SKU_1171_EME,2024-04-01,265,15001.31,48998.5,principal
SKU_1172_ARM,2024-04-01,172,18995.25,61902.8,principal
SKU_1172_PIN,2024-04-01,206,22750.12,74139.4,principal
SKU_1173_GAR,2024-04-01,202,17531.39,59569.8,principal
SKU_1173_AQU,2024-04-01,198,17184.24,58390.2,principal
SKU_1174_PEA,2024-04-01,217,14438.81,45548.3,principal
SKU_1174_BLU,2024-04-01,219,14571.89,45968.1,principal
SKU_1175_FUC,2024-04-01,166,14637.27,44803.4,principal
SKU_1175_CLE,2024-04-01,213,18781.56,57488.7,principal
SKU_1176_GAR,2024-04-01,323,39920.2,104942.7,principal
SKU_1176_NAV,2024-04-01,304,37571.96,98769.6,principal
SKU_1177_MIN,2024-04-01,261,20612.5,62613.9,principal
SKU_1177_PEA,2024-04-01,238,18796.07,57096.2,principal
SKU_1178_RAS,2024-04-01,305,31027.1,97569.5,principal
SKU_1178_MID,2024-04-01,256,26042.42,81894.4,principal
SKU_1179_TUR,2024-04-01,263,28427.2,89393.7,principal
SKU_1179_VAN,2024-04-01,290,31345.58,98571.0,principal
SKU_1180_ROY,2024-04-01,284,43355.13,150491.6,principal
SKU_1180_AQU,2024-04-01,237,36180.16,125586.3,principal
SKU_1181_AQU,2024-04-01,306,27468.48,88709.4,principal
SKU_1181_SER,2024-04-01,242,21723.43,70155.8,principal
SKU_1182_BIR,2024-04-01,239,60586.37,200736.1,principal
SKU_1182_PIN,2024-04-01,238,60332.87,199896.2,principal
SKU_1183_POW,2024-04-01,241,52241.0,156625.9,principal
SKU_1183_MOS,2024-04-01,285,61778.78,185221.5,principal
SKU_1184_HOT,2024-04-01,271,32285.23,92112.9,principal
SKU_1184_BAB,2024-04-01,0,0.0,0.0,principal
SKU_1185_BAL,2024-04-01,218,81690.59,215798.2,principal
SKU_1185_MAG,2024-04-01,236,88435.68,233616.4,principal
SKU_1186_FLA,2024-04-01,0,0.0,0.0,principal
SKU_1186_MEX,2024-04-01,259,40491.3,122999.1,principal
SKU_1187_JAD,2024-04-01,226,23182.38,70037.4,principal
SKU_1187_OLI,2024-04-01,243,24926.19,75305.7,principal
SKU_1188_TEA,2024-04-01,170,13499.17,40783.0,principal
SKU_1188_BAB,2024-04-01,164,13022.73,39343.6,principal
SKU_1189_FUC,2024-04-01,0,0.0,0.0,principal
SKU_1189_ROY,2024-04-01,307,23869.83,72114.3,principal
SKU_1190_TEA,2024-04-01,199,33554.08,115400.1,principal
SKU_1190_MAG,2024-04-01,237,39961.39,137436.3,principal
SKU_1191_MIN,2024-04-01,209,12029.68,38644.1,principal
SKU_1191_MYS,2024-04-01,248,14274.45,45855.2,principal
SKU_1192_MAR,2024-04-01,210,13522.61,49329.0,principal
SKU_1192_RAS,2024-04-01,14,901.51,3288.6,principal
SKU_1193_CLE,2024-04-01,222,31215.46,98767.8,principal
SKU_1193_ROS,2024-04-01,206,28965.7,91649.4,principal
SKU_1194_FLA,2024-04-01,234,18046.22,51456.6,principal
SKU_1194_SAG,2024-04-01,233,17969.09,51236.7,principal
SKU_1195_HUN,2024-04-01,247,39573.16,116065.3,principal
SKU_1195_SAL,2024-04-01,0,0.0,0.0,principal
SKU_1196_PEA,2024-04-01,28,3311.15,8537.2,principal
SKU_1196_RAS,2024-04-01,0,0.0,0.0,principal
SKU_1197_ROS,2024-04-01,218,57046.48,173288.2,principal
SKU_1197_COR,2024-04-01,191,49981.09,151825.9,principal
SKU_1198_SEA,2024-04-01,260,27689.53,87074.0,principal
SKU_1198_SAL,2024-04-01,164,17465.7,54923.6,principal
SKU_1199_PAL,2024-04-01,269,15478.29,56463.1,principal
SKU_1199_TEA,2024-04-01,248,14269.94,52055.2,principal
SKU_1200_MID,2024-04-01,317,16886.59,57028.3,principal
SKU_1200_PAS,2024-04-01,260,13850.2,46774.0,principal
SKU_1201_BIR,2024-04-01,0,0.0,0.0,principal
SKU_1201_SAG,2024-04-01,302,46645.84,146439.8,principal
SKU_1202_LIG,2024-04-01,292,86594.1,237950.8,principal
SKU_1202_CLE,2024-04-01,302,89559.65,246099.8,principal
SKU_1203_OFF,2024-04-01,0,0.0,0.0,principal
SKU_1203_FLA,2024-04-01,228,62958.11,173257.2,principal
SKU_1204_AQU,2024-04-01,168,22678.73,58783.2,principal
SKU_1204_MIN,2024-04-01,300,40497.74,104970.0,principal
SKU_1205_RAS,2024-04-01,242,63673.08,192365.8,principal
SKU_1205_COR,2024-04-01,217,57095.28,172493.3,principal
SKU_1206_HUN,2024-04-01,264,36255.62,109533.6,principal
SKU_1206_BLA,2024-04-01,211,28977.03,87543.9,principal
SKU_1207_POW,2024-04-01,253,84945.02,258034.7,principal
SKU_1207_BLA,2024-04-01,180,60435.19,183582.0,principal
SKU_1208_PAS,2024-04-01,209,51223.08,134784.1,principal
SKU_1208_MOS,2024-04-01,206,50487.82,132849.4,principal
SKU_1209_BLA,2024-04-01,266,28710.13,74453.4,principal
SKU_1209_DUS,2024-04-01,218,23529.35,61018.2,principal
SKU_1210_SHO,2024-04-01,242,19397.28,49585.8,principal
SKU_1210_WHI,2024-04-01,274,21962.21,56142.6,principal
SKU_1211_GAR,2024-04-01,285,30013.66,91171.5,principal
SKU_1211_CRE,2024-04-01,322,33910.17,103007.8,principal
SKU_1212_COB,2024-04-01,295,20628.82,64870.5,principal
SKU_1212_SNO,2024-04-01,248,17342.19,54535.2,principal
SKU_1213_MAG,2024-04-01,220,63363.76,192478.0,principal
SKU_1213_POW,2024-04-01,224,64515.83,195977.6,principal
SKU_1214_BLA,2024-04-01,234,22001.28,70176.6,principal
SKU_1214_RAS,2024-04-01,258,24257.82,77374.2,principal
SKU_1215_MAG,2024-04-01,276,19047.1,60692.4,principal
SKU_1215_BRI,2024-04-01,194,13388.18,42660.6,principal
SKU_1216_WHI,2024-04-01,312,47528.29,177808.8,principal
SKU_1216_CRE,2024-04-01,323,49203.97,184077.7,principal
SKU_1217_ROS,2024-04-01,247,64197.35,202515.3,principal
SKU_1217_RAS,2024-04-01,228,59259.09,186937.2,principal
SKU_1218_BLU,2024-04-01,243,62446.81,159140.7,principal
SKU_1218_SNO,2024-04-01,172,44201.03,112642.8,principal
SKU_1219_MAR,2024-04-01,266,39933.3,105043.4,principal
SKU_1219_LIM,2024-04-01,0,0.0,0.0,principal
SKU_1220_TUR,2024-04-01,221,22303.74,67382.9,principal
SKU_1220_HOT,2024-04-01,185,18670.55,56406.5,principal
SKU_1221_SAG,2024-04-01,252,58891.95,185194.8,principal
SKU_1221_PAL,2024-04-01,18,4206.57,13228.2,principal
SKU_1222_PAS,2024-04-01,236,65641.29,199396.4,principal
SKU_1222_HON,2024-04-01,260,72316.68,219674.0,principal
SKU_1223_TEA,2024-04-01,304,14501.13,44049.6,principal
SKU_1223_BLA,2024-04-01,208,9921.82,30139.2,principal
SKU_1224_OLI,2024-04-01,0,0.0,0.0,principal
SKU_1224_ARM,2024-04-01,196,26591.77,81320.4,principal
SKU_1225_POW,2024-04-01,225,14647.91,48352.5,principal
SKU_1225_IVO,2024-04-01,310,20181.56,66619.0,principal
SKU_1226_PAL,2024-04-01,306,42332.64,148379.4,principal
SKU_1226_LIG,2024-04-01,271,37490.67,131407.9,principal
SKU_1227_CLO,2024-04-01,255,30286.43,101974.5,principal
SKU_1227_PAS,2024-04-01,279,33136.91,111572.1,principal
SKU_1228_WHI,2024-04-01,303,34468.3,87839.7,principal
SKU_1228_SPA,2024-04-01,221,25140.24,64067.9,principal
SKU_1229_SAL,2024-04-01,208,58880.45,178859.2,principal
SKU_1229_CLO,2024-04-01,263,74449.8,226153.7,principal
SKU_1230_ROS,2024-04-01,249,32780.12,99575.1,principal
SKU_1230_NAV,2024-04-01,262,34491.53,104773.8,principal
SKU_1231_LIG,2024-04-01,259,41141.35,124294.1,principal
SKU_1231_BIR,2024-04-01,0,0.0,0.0,principal
SKU_1232_AQU,2024-04-01,193,22672.08,68495.7,principal
SKU_1232_FOR,2024-04-01,0,0.0,0.0,principal
SKU_1233_JAD,2024-04-01,237,18717.09,56856.3,principal
SKU_1233_SEA,2024-04-01,278,21955.07,66692.2,principal
SKU_1234_MOS,2024-04-01,206,13692.14,42209.4,principal
SKU_1234_SAL,2024-04-01,0,0.0,0.0,principal
SKU_1235_HUN,2024-04-01,0,0.0,0.0,principal
SKU_1235_COR,2024-04-01,269,36463.5,126403.1,principal
SKU_1236_DEE,2024-04-01,246,43460.57,140195.4,principal
SKU_1236_LIM,2024-04-01,314,55474.07,178948.6,principal
SKU_1237_BAB,2024-04-01,220,62759.72,219978.0,principal
SKU_1237_GAR,2024-04-01,315,89860.51,314968.5,principal
SKU_1238_SAP,2024-04-01,300,43736.49,137970.0,principal
SKU_1238_TUR,2024-04-01,0,0.0,0.0,principal
SKU_1239_BAB,2024-04-01,200,23577.19,61980.0,principal
SKU_1239_MID,2024-04-01,196,23105.65,60740.4,principal
SKU_1240_PAL,2024-04-01,306,100725.13,305969.4,principal
SKU_1240_MOS,2024-04-01,0,0.0,0.0,principal
SKU_1241_BAL,2024-04-01,196,23221.9,70540.4,principal
SKU_1241_FLA,2024-04-01,199,23577.34,71620.1,principal
SKU_1242_AQU,2024-04-01,285,28539.39,89746.5,principal
SKU_1242_SKY,2024-04-01,300,30041.46,94470.0,principal
SKU_1243_SNO,2024-04-01,246,19941.23,60245.4,principal
SKU_1243_PIN,2024-04-01,307,24886.0,75184.3,principal
SKU_1244_COB,2024-04-01,307,28301.78,88999.3,principal
SKU_1244_GAR,2024-04-01,221,20373.59,64067.9,principal
SKU_1245_COB,2024-04-01,211,13056.81,44288.9,principal
SKU_1245_SNO,2024-04-01,0,0.0,0.0,principal
SKU_1246_PAL,2024-04-01,264,21735.17,77853.6,principal
SKU_1246_COR,2024-04-01,203,16713.03,59864.7,principal
SKU_1247_SAP,2024-04-01,198,10162.44,35620.2,principal
SKU_1247_SKY,2024-04-01,281,14422.46,50551.9,principal
SKU_1248_AQU,2024-04-01,174,9666.97,29562.6,principal
SKU_1248_SAG,2024-04-01,206,11444.8,34999.4,principal
SKU_1249_WHI,2024-04-01,239,24538.12,64506.1,principal
SKU_1249_ARM,2024-04-01,282,28952.93,76111.8,principal
SKU_1250_AQU,2024-04-01,204,17454.05,53019.6,principal
SKU_1250_BAB,2024-04-01,231,19764.15,60036.9,principal
SKU_1251_SHO,2024-04-01,200,60566.22,183980.0,principal
SKU_1251_COB,2024-04-01,0,0.0,0.0,principal
SKU_1252_NAV,2024-04-01,238,17021.33,53526.2,principal
SKU_1252_FLA,2024-04-01,206,14732.75,46329.4,principal
SKU_1253_SEA,2024-04-01,294,34832.85,105810.6,principal
SKU_1253_FRE,2024-04-01,254,30093.69,91414.6,principal
SKU_1254_SEA,2024-04-01,0,0.0,0.0,principal
SKU_1254_BAB,2024-04-01,172,10811.39,32662.8,principal
SKU_1255_VAN,2024-04-01,175,26089.16,83982.5,principal
SKU_1255_SHO,2024-04-01,303,45171.52,145409.7,principal
SKU_1256_SEA,2024-04-01,278,54982.16,180672.2,principal
SKU_1256_MID,2024-04-01,299,59135.49,194320.1,principal
SKU_1257_SPA,2024-04-01,232,13562.25,47536.8,principal
SKU_1257_EME,2024-04-01,205,11983.88,42004.5,principal
SKU_1258_AQU,2024-04-01,226,17780.62,59867.4,principal
SKU_1258_LIG,2024-04-01,0,0.0,0.0,principal
SKU_1259_ARM,2024-04-01,204,26166.75,73419.6,principal
SKU_1259_POW,2024-04-01,0,0.0,0.0,principal
SKU_1260_WHI,2024-04-01,275,30939.4,93472.5,principal
SKU_1260_ROY,2024-04-01,284,31951.96,96531.6,principal
SKU_1261_PAS,2024-04-01,536,87325.7,265266.4,principal
SKU_1261_PAS,2024-04-01,536,87325.7,265266.4,principal
SKU_1262_BLU,2024-04-01,297,27024.59,81645.3,principal
SKU_1262_OFF,2024-04-01,0,0.0,0.0,principal
SKU_1263_COB,2024-04-01,0,0.0,0.0,principal
SKU_1263_SKY,2024-04-01,290,17652.03,53621.0,principal
SKU_1264_EGR,2024-04-01,330,64527.61,202917.0,principal
SKU_1264_BRI,2024-04-01,283,55337.31,174016.7,principal
SKU_1265_CRE,2024-04-01,232,16886.56,51016.8,principal
SKU_1265_JAD,2024-04-01,259,18851.81,56954.1,principal
SKU_1266_MEX,2024-04-01,262,25866.49,78573.8,principal
SKU_1266_SPA,2024-04-01,325,32086.3,97467.5,principal
SKU_1267_SKY,2024-04-01,272,30151.72,91092.8,principal
SKU_1267_SAP,2024-04-01,0,0.0,0.0,principal
SKU_1268_MYS,2024-04-01,232,24707.58,77696.8,principal
SKU_1268_MAR,2024-04-01,244,25985.56,81715.6,principal
SKU_1269_BAB,2024-04-01,253,86610.78,263094.7,principal
SKU_1269_CER,2024-04-01,213,72917.37,221498.7,principal
SKU_1270_CRE,2024-04-01,323,20192.37,61337.7,principal
SKU_1270_TUR,2024-04-01,262,16378.95,49753.8,principal
SKU_1271_OLI,2024-04-01,218,63864.21,193998.2,principal
SKU_1271_FLA,2024-04-01,187,54782.6,166411.3,principal
SKU_1272_PAS,2024-04-01,0,0.0,0.0,principal
SKU_1272_TEA,2024-04-01,247,31059.48,93835.3,principal
SKU_1273_PAS,2024-04-01,260,63241.93,198874.0,principal
SKU_1273_EGR,2024-04-01,0,0.0,0.0,principal
SKU_1274_MEX,2024-04-01,251,21143.79,66489.9,principal
SKU_1274_BAL,2024-04-01,338,28472.51,89536.2,principal
SKU_1275_MIN,2024-04-01,286,17408.56,52881.4,principal
SKU_1275_BIR,2024-04-01,236,14365.1,43636.4,principal
SKU_1276_LIG,2024-04-01,602,30332.94,105289.8,principal
SKU_1277_MYS,2024-04-01,559,40021.34,148079.1,principal
SKU_1277_BAB,2024-04-01,575,41166.85,152317.5,principal
SKU_1278_BAB,2024-04-01,187,54946.3,192591.3,principal
SKU_1278_MOS,2024-04-01,341,100196.19,351195.9,principal
SKU_1279_FUC,2024-04-01,372,50259.17,169222.8,principal
SKU_1279_IVO,2024-04-01,568,76739.81,258383.2,principal
SKU_1280_LIM,2024-04-01,606,107967.6,302939.4,principal
SKU_1280_PRI,2024-04-01,596,106185.96,297940.4,principal
SKU_1281_PIS,2024-04-01,163,32835.83,86373.7,principal
SKU_1282_PIN,2024-04-01,570,40545.18,122493.0,principal
SKU_1282_BAL,2024-04-01,283,20130.33,60816.7,principal
SKU_1283_SNO,2024-04-01,225,13587.34,42727.5,principal
SKU_1283_BAB,2024-04-01,194,11715.31,36840.6,principal
SKU_1284_COR,2024-04-01,169,39495.14,119973.1,principal
SKU_1284_HOT,2024-04-01,187,43701.73,132751.3,principal
SKU_1285_WHI,2024-04-01,298,86791.58,262210.2,principal
SKU_1285_CLO,2024-04-01,620,180573.08,545538.0,principal
SKU_1286_MAR,2024-04-01,537,39563.86,131511.3,principal
SKU_1286_HOT,2024-04-01,343,25270.77,84000.7,principal
SKU_1287_NAV,2024-04-01,298,33375.5,113210.2,principal
SKU_1287_CER,2024-04-01,586,65631.01,222621.4,principal
SKU_1288_SAG,2024-04-01,170,12002.44,40783.0,principal
SKU_1288_BAB,2024-04-01,632,44620.82,151616.8,principal
SKU_1289_AQU,2024-04-01,408,137405.14,420199.2,principal
SKU_1289_AQU,2024-04-01,408,137405.14,420199.2,principal
SKU_1290_BIR,2024-04-01,353,67798.58,178229.7,principal
SKU_1290_PIN,2024-04-01,171,32842.94,86337.9,principal
SKU_1291_SAL,2024-04-01,499,39408.56,119710.1,principal
SKU_1291_SPA,2024-04-01,191,15084.24,45820.9,principal
SKU_1292_TEA,2024-04-01,346,35491.61,107225.4,principal
SKU_1292_FLA,2024-04-01,591,60622.95,183150.9,principal
SKU_1293_TEA,2024-04-01,204,20476.11,62199.6,principal
SKU_1293_OFF,2024-04-01,550,55205.19,167695.0,principal
SKU_1294_SEA,2024-04-01,278,18394.4,55572.2,principal
SKU_1294_COR,2024-04-01,194,12836.38,38780.6,principal
SKU_1295_PIS,2024-04-01,618,104754.14,318208.2,principal
SKU_1295_FLA,2024-04-01,301,51021.03,154984.9,principal
SKU_1296_DEE,2024-04-01,356,64592.31,231364.4,principal
SKU_1296_PEA,2024-04-01,288,52254.46,187171.2,principal
SKU_1297_MIN,2024-04-01,340,22054.54,78166.0,principal
SKU_1299_BRI,2024-04-01,571,37292.18,125562.9,principal
SKU_1299_HOT,2024-04-01,304,19854.33,66849.6,principal
SKU_1300_BIR,2024-04-01,380,155733.26,436962.0,principal
SKU_1300_TEA,2024-04-01,587,240566.9,674991.3,principal
SKU_1301_AQU,2024-04-01,324,58119.47,176547.6,principal
SKU_1301_GAR,2024-04-01,352,63142.14,191804.8,principal
SKU_1302_EME,2024-04-01,200,27646.22,83980.0,principal
SKU_1302_DUS,2024-04-01,183,25296.29,76841.7,principal
SKU_1303_BIR,2024-04-01,319,17411.63,52603.1,principal
SKU_1303_SAP,2024-04-01,580,31657.5,95642.0,principal
SKU_1304_TUR,2024-04-01,336,52879.08,166286.4,principal
SKU_1304_GAR,2024-04-01,640,100722.05,316736.0,principal
SKU_1305_MAR,2024-04-01,214,24650.04,74878.6,principal
SKU_1305_OFF,2024-04-01,560,64504.76,195944.0,principal
SKU_1306_FRE,2024-04-01,290,79299.98,249371.0,principal
SKU_1306_SPA,2024-04-01,547,149576.17,470365.3,principal
SKU_1307_MAG,2024-04-01,330,24019.68,72567.0,principal
SKU_1307_FOR,2024-04-01,218,15867.54,47938.2,principal
SKU_1308_PAS,2024-04-01,314,43641.89,131848.6,principal
SKU_1308_CER,2024-04-01,325,45170.74,136467.5,principal
SKU_1309_OLI,2024-04-01,645,77480.68,235360.5,principal
SKU_1309_LIG,2024-04-01,221,26547.64,80642.9,principal
SKU_1310_MOS,2024-04-01,299,23742.66,71730.1,principal
SKU_1310_EGR,2024-04-01,187,14849.09,44861.3,principal
SKU_1311_BAB,2024-04-01,243,70388.13,213815.7,principal
SKU_1311_NAV,2024-04-01,639,185094.71,562256.1,principal
SKU_1312_HOT,2024-04-01,623,51532.63,155687.7,principal
SKU_1312_NAV,2024-04-01,371,30687.97,92712.9,principal
SKU_1313_SPA,2024-04-01,593,182507.06,554395.7,principal
SKU_1313_SHO,2024-04-01,284,87406.42,265511.6,principal
SKU_1314_BLU,2024-04-01,312,29775.74,90448.8,principal
SKU_1314_SNO,2024-04-01,161,15365.05,46673.9,principal
SKU_1315_WHI,2024-04-01,600,68497.14,206940.0,principal
SKU_1315_BLA,2024-04-01,186,21234.11,64151.4,principal
SKU_1316_DEN,2024-04-01,526,89159.67,270837.4,principal
SKU_1316_AQU,2024-04-01,535,90685.22,275471.5,principal
SKU_1317_ROS,2024-04-01,361,23608.81,77578.9,principal
SKU_1318_PAS,2024-04-01,214,16284.09,51338.6,principal
SKU_1318_MYS,2024-04-01,560,42612.57,134344.0,principal
SKU_1319_MAR,2024-04-01,519,28118.63,98558.1,principal
SKU_1319_ROS,2024-04-01,365,19775.14,69313.5,principal
SKU_1320_PIS,2024-04-01,552,24575.21,82744.8,principal
SKU_1320_FOR,2024-04-01,324,14424.58,48567.6,principal
SKU_1321_FLA,2024-04-01,606,32674.93,90839.4,principal
SKU_1321_SER,2024-04-01,205,11053.4,30729.5,principal
SKU_1322_MOS,2024-04-01,361,45303.32,119093.9,principal
SKU_1322_IVO,2024-04-01,169,21208.48,55753.1,principal
SKU_1323_AQU,2024-04-01,186,20819.05,53921.4,principal
SKU_1323_FRE,2024-04-01,588,65815.07,170461.2,principal
SKU_1324_MID,2024-04-01,172,18781.87,56742.8,principal
SKU_1324_SNO,2024-04-01,379,41385.63,125032.1,principal
SKU_1325_LIG,2024-04-01,623,58043.0,186837.7,principal
SKU_1325_PEA,2024-04-01,278,25900.41,83372.2,principal
SKU_1326_PAS,2024-04-01,216,31807.32,109058.4,principal
SKU_1326_BAB,2024-04-01,321,47269.21,162072.9,principal
SKU_1327_GAR,2024-04-01,359,26619.66,93304.1,principal
SKU_1327_HON,2024-04-01,347,25729.87,90185.3,principal
SKU_1328_EGR,2024-04-01,197,15499.03,52185.3,principal
SKU_1328_LIG,2024-04-01,605,47598.56,160264.5,principal
SKU_1329_NAV,2024-04-01,541,53004.13,148720.9,principal
SKU_1329_MIN,2024-04-01,300,29392.31,82470.0,principal
SKU_1330_PRI,2024-04-01,336,34465.84,104126.4,principal
SKU_1330_LIM,2024-04-01,634,65033.75,196476.6,principal
SKU_1331_ARM,2024-04-01,223,19848.83,62417.7,principal
SKU_1331_AQU,2024-04-01,608,54116.99,170179.2,principal
SKU_1332_MOS,2024-04-01,1062,57965.98,175123.8,principal
SKU_1332_MOS,2024-04-01,1062,57965.98,175123.8,principal
SKU_1333_PIS,2024-04-01,317,19925.64,60198.3,principal
SKU_1333_MOS,2024-04-01,304,19108.5,57729.6,principal
SKU_1334_TEA,2024-04-01,299,45515.84,137510.1,principal
SKU_1335_CRE,2024-04-01,547,62217.16,207805.3,principal
SKU_1335_BRI,2024-04-01,224,25478.32,85097.6,principal
SKU_1336_LIM,2024-04-01,306,29252.46,107069.4,principal
SKU_1336_PIN,2024-04-01,203,19406.05,71029.7,principal
SKU_1337_DUS,2024-04-01,320,17413.14,59168.0,principal
SKU_1337_MAG,2024-04-01,208,11318.54,38459.2,principal
SKU_1338_OLI,2024-04-01,321,21507.74,65772.9,principal
SKU_1338_PAS,2024-04-01,175,11725.4,35857.5,principal
SKU_1339_JAD,2024-04-01,156,17229.94,48344.4,principal
SKU_1339_EME,2024-04-01,591,65274.98,183150.9,principal
SKU_1340_POW,2024-04-01,650,244985.7,744185.0,principal
SKU_1341_HOT,2024-04-01,626,35812.33,112617.4,principal
SKU_1341_PEA,2024-04-01,322,18421.04,57927.8,principal
SKU_1342_CRE,2024-04-01,581,64646.82,203291.9,principal
SKU_1342_BAB,2024-04-01,263,29263.54,92023.7,principal
SKU_1343_NAV,2024-04-01,276,28768.0,86912.4,principal
SKU_1343_IVO,2024-04-01,567,59099.49,178548.3,principal
SKU_1344_PAS,2024-04-01,318,31843.95,100138.2,principal
SKU_1344_MID,2024-04-01,333,33346.02,104861.7,principal
SKU_1345_ARM,2024-04-01,188,61865.6,225581.2,principal
SKU_1345_FOR,2024-04-01,300,98721.7,359970.0,principal
SKU_1346_HON,2024-04-01,347,26947.5,91920.3,principal
SKU_1346_PEA,2024-04-01,301,23375.21,79734.9,principal
SKU_1347_LIM,2024-04-01,331,25649.28,95956.9,principal
SKU_1348_NAV,2024-04-01,601,127722.9,390589.9,principal
SKU_1348_PIS,2024-04-01,330,70130.71,214467.0,principal
SKU_1349_HON,2024-04-01,605,49830.68,126989.5,principal
SKU_1349_SEA,2024-04-01,298,24544.7,62550.2,principal
SKU_1350_SNO,2024-04-01,524,49414.2,149287.6,principal
SKU_1350_BAB,2024-04-01,591,55732.42,168375.9,principal
SKU_1351_SAG,2024-04-01,187,42702.74,129011.3,principal
SKU_1351_HON,2024-04-01,211,48183.31,145568.9,principal
SKU_1352_CER,2024-04-01,181,16769.09,50661.9,principal
SKU_1352_HUN,2024-04-01,179,16583.8,50102.1,principal
SKU_1353_MAG,2024-04-01,637,40039.85,120966.3,principal
SKU_1353_MAR,2024-04-01,654,41108.41,124194.6,principal
SKU_1354_AQU,2024-04-01,630,191820.56,582687.0,principal
SKU_1354_CLE,2024-04-01,185,56328.26,171106.5,principal
SKU_1355_PAS,2024-04-01,224,12897.27,39177.6,principal
SKU_1355_DEE,2024-04-01,202,11630.57,35329.8,principal
SKU_1356_BLU,2024-04-01,571,40395.44,122707.9,principal
SKU_1356_DEN,2024-04-01,351,24831.52,75429.9,principal
SKU_1357_BRI,2024-04-01,183,40274.99,121676.7,principal
SKU_1357_BLU,2024-04-01,646,142172.91,429525.4,principal
SKU_1358_DUS,2024-04-01,305,20071.16,60969.5,principal
SKU_1358_MAR,2024-04-01,598,39352.63,119540.2,principal
SKU_1359_BLU,2024-04-01,163,22024.27,69258.7,principal
SKU_1359_NAV,2024-04-01,566,76476.9,240493.4,principal
SKU_1360_WHI,2024-04-01,353,37378.08,112924.7,principal
SKU_1360_FRE,2024-04-01,200,21177.38,63980.0,principal
SKU_1361_MEX,2024-04-01,188,11352.98,35701.2,principal
SKU_1361_BLU,2024-04-01,176,10628.32,33422.4,principal
SKU_1362_POW,2024-04-01,196,59517.01,187160.4,principal
SKU_1362_SEA,2024-04-01,577,175210.78,550977.3,principal
SKU_1363_RAS,2024-04-01,288,86995.64,273571.2,principal
SKU_1363_HUN,2024-04-01,586,177011.97,556641.4,principal
SKU_1364_OFF,2024-04-01,189,27640.91,86921.1,principal
SKU_1365_BUB,2024-04-01,212,35078.98,105978.8,principal
SKU_1366_TEA,2024-04-01,347,46645.58,152645.3,principal
SKU_1366_PAL,2024-04-01,333,44763.63,146486.7,principal
SKU_1367_VAN,2024-04-01,529,29152.88,95167.1,principal
SKU_1367_BLA,2024-04-01,586,32294.12,105421.4,principal
SKU_1368_SNO,2024-04-01,580,123261.58,432042.0,principal
SKU_1368_TUR,2024-04-01,220,46754.39,163878.0,principal
SKU_1369_SNO,2024-04-01,319,16169.57,51008.1,principal
SKU_1369_RAS,2024-04-01,201,10188.35,32139.9,principal
SKU_1370_PRI,2024-04-01,168,11859.58,30223.2,principal
SKU_1370_MYS,2024-04-01,204,14400.92,36699.6,principal
SKU_1371_WHI,2024-04-01,332,30209.31,91266.8,principal
SKU_1371_HOT,2024-04-01,306,27843.52,84119.4,principal
SKU_1372_SEA,2024-04-01,158,17776.09,53704.2,principal
SKU_1372_DEN,2024-04-01,316,35552.18,107408.4,principal
SKU_1373_SKY,2024-04-01,169,10565.05,32093.1,principal
SKU_1373_CRE,2024-04-01,604,37759.11,114699.6,principal
SKU_1374_BLU,2024-04-01,213,13388.52,40448.7,principal
SKU_1375_COR,2024-04-01,635,55678.01,168211.5,principal
SKU_1375_CLE,2024-04-01,363,31828.53,96158.7,principal
SKU_1376_SNO,2024-04-01,554,44214.27,157834.6,principal
SKU_1376_BIR,2024-04-01,198,15802.21,56410.2,principal
SKU_1377_PRI,2024-04-01,354,27841.35,92004.6,principal
SKU_1377_CLO,2024-04-01,579,45537.12,150482.1,principal
SKU_1378_SPA,2024-04-01,268,15666.74,54913.2,principal
SKU_1378_MOS,2024-04-01,344,20109.54,70485.6,principal
SKU_1379_SNO,2024-04-01,562,86386.87,272513.8,principal
SKU_1379_WHI,2024-04-01,612,94072.54,296758.8,principal
SKU_1380_TUR,2024-04-01,277,24988.93,63682.3,principal
SKU_1380_MIN,2024-04-01,629,56743.83,144607.1,principal
SKU_1381_WHI,2024-04-01,206,18744.33,56629.4,principal
SKU_1381_PAS,2024-04-01,312,28389.47,85768.8,principal
SKU_1382_ARM,2024-04-01,189,11413.37,35891.1,principal
SKU_1382_HOT,2024-04-01,560,33817.39,106344.0,principal
SKU_1383_CLE,2024-04-01,584,34775.39,105061.6,principal
SKU_1383_TUR,2024-04-01,344,20484.13,61885.6,principal
SKU_1384_CRE,2024-04-01,194,33203.31,100860.6,principal
SKU_1384_SKY,2024-04-01,648,110905.9,336895.2,principal
SKU_1385_PRI,2024-04-01,343,32913.22,99435.7,principal
SKU_1385_NAV,2024-04-01,141,13529.92,40875.9,principal
SKU_1386_SER,2024-04-01,157,10577.1,33739.3,principal
SKU_1386_COB,2024-04-01,219,14754.04,47063.1,principal
SKU_1387_BRI,2024-04-01,181,8279.42,28941.9,principal
SKU_1387_BAB,2024-04-01,217,9926.16,34698.3,principal
SKU_1388_BRI,2024-04-01,616,61729.83,230938.4,principal
SKU_1388_VAN,2024-04-01,341,34171.87,127840.9,principal
SKU_1000_COR,2024-05-01,0,0.0,0.0,principal
SKU_1000_EME,2024-05-01,237,14162.42,48561.3,principal
SKU_1000_ROY,2024-05-01,286,17090.51,58601.4,principal
SKU_1001_AQU,2024-05-01,207,52005.7,194559.3,principal
SKU_1001_SAP,2024-05-01,279,70094.64,262232.1,principal
SKU_1002_COR,2024-05-01,150,11521.84,35235.0,principal
SKU_1002_MYS,2024-05-01,176,13518.96,41342.4,principal
SKU_1003_SNO,2024-05-01,223,31930.65,81372.7,principal
SKU_1003_DUS,2024-05-01,272,38946.8,99252.8,principal
SKU_1004_FOR,2024-05-01,0,0.0,0.0,principal
SKU_1004_MEX,2024-05-01,216,24626.16,64778.4,principal
SKU_1005_OLI,2024-05-01,0,0.0,0.0,principal
SKU_1005_MYS,2024-05-01,0,0.0,0.0,principal
SKU_1006_MOS,2024-05-01,195,11775.7,37030.5,principal
SKU_1006_FOR,2024-05-01,188,11352.98,35701.2,principal
SKU_1007_COB,2024-05-01,251,23538.33,74019.9,principal
SKU_1007_FOR,2024-05-01,245,22975.66,72250.5,principal
SKU_1008_MEX,2024-05-01,276,29681.56,89672.4,principal
SKU_1008_WHI,2024-05-01,218,23444.13,70828.2,principal
SKU_1009_BAB,2024-05-01,302,42950.6,155499.8,principal
SKU_1009_MAG,2024-05-01,0,0.0,0.0,principal
SKU_1010_SNO,2024-05-01,237,26829.02,90036.3,principal
SKU_1010_BRI,2024-05-01,0,0.0,0.0,principal
SKU_1011_CER,2024-05-01,205,14241.61,53279.5,principal
SKU_1011_MIN,2024-05-01,164,11393.29,42623.6,principal
SKU_1012_VAN,2024-05-01,237,68270.29,229866.3,principal
SKU_1012_CLO,2024-05-01,269,77488.22,260903.1,principal
SKU_1013_LIG,2024-05-01,305,20872.36,54869.5,principal
SKU_1013_LIG,2024-05-01,305,20872.36,54869.5,principal
SKU_1014_FLA,2024-05-01,243,32165.16,97175.7,principal
SKU_1014_MIN,2024-05-01,281,37195.1,112371.9,principal
SKU_1015_ROY,2024-05-01,271,83861.46,253357.9,principal
SKU_1015_TUR,2024-05-01,162,50131.21,151453.8,principal
SKU_1016_HON,2024-05-01,149,10598.65,32020.1,principal
SKU_1016_SNO,2024-05-01,0,0.0,0.0,principal
SKU_1017_PAS,2024-05-01,283,13490.1,42421.7,principal
SKU_1017_BAL,2024-05-01,198,9438.3,29680.2,principal
SKU_1018_TEA,2024-05-01,264,10065.84,31653.6,principal
SKU_1018_ARM,2024-05-01,278,10599.64,33332.2,principal
SKU_1019_NAV,2024-05-01,179,14730.12,47417.1,principal
SKU_1019_GAR,2024-05-01,186,15306.16,49271.4,principal
SKU_1020_NAV,2024-05-01,174,10585.04,34782.6,principal
SKU_1020_LIG,2024-05-01,222,13505.05,44377.8,principal
SKU_1021_CRE,2024-05-01,187,14240.75,53276.3,principal
SKU_1021_PAS,2024-05-01,284,21627.67,80911.6,principal
SKU_1022_PAL,2024-05-01,244,25524.18,78055.6,principal
SKU_1022_DEN,2024-05-01,157,16423.35,50224.3,principal
SKU_1023_DEN,2024-05-01,247,27128.69,69135.3,principal
SKU_1023_FOR,2024-05-01,281,30863.01,78651.9,principal
SKU_1024_VAN,2024-05-01,282,22502.35,59191.8,principal
SKU_1024_DEN,2024-05-01,168,13405.66,35263.2,principal
SKU_1025_WHI,2024-05-01,228,35157.19,110557.2,principal
SKU_1025_MIN,2024-05-01,225,34694.59,109102.5,principal
SKU_1026_CLO,2024-05-01,0,0.0,0.0,principal
SKU_1026_SPA,2024-05-01,183,24995.07,75926.7,principal
SKU_1027_MAR,2024-05-01,307,40993.16,128909.3,principal
SKU_1027_BIR,2024-05-01,290,38723.18,121771.0,principal
SKU_1028_BLU,2024-05-01,221,44268.11,139207.9,principal
SKU_1028_AQU,2024-05-01,170,34052.39,107083.0,principal
SKU_1029_BLU,2024-05-01,268,20871.36,65633.2,principal
SKU_1029_BAL,2024-05-01,199,15497.76,48735.1,principal
SKU_1030_CRE,2024-05-01,192,39680.29,124780.8,principal
SKU_1030_DEN,2024-05-01,168,34720.26,109183.2,principal
SKU_1031_COR,2024-05-01,267,41970.24,126798.3,principal
SKU_1031_HON,2024-05-01,0,0.0,0.0,principal
SKU_1032_EME,2024-05-01,259,28406.65,89329.1,principal
SKU_1032_HON,2024-05-01,251,27529.23,86569.9,principal
SKU_1033_NAV,2024-05-01,295,60967.12,191720.5,principal
SKU_1033_LIM,2024-05-01,222,45880.34,144277.8,principal
SKU_1034_PAS,2024-05-01,186,13158.58,39971.4,principal
SKU_1034_PIS,2024-05-01,226,15988.39,48567.4,principal
SKU_1035_SAP,2024-05-01,276,57479.26,180752.4,principal
SKU_1035_FUC,2024-05-01,276,57479.26,180752.4,principal
SKU_1036_BIR,2024-05-01,181,44682.94,135731.9,principal
SKU_1036_MID,2024-05-01,199,49126.55,149230.1,principal
SKU_1037_PRI,2024-05-01,175,11680.93,36732.5,principal
SKU_1037_SPA,2024-05-01,233,15552.33,48906.7,principal
SKU_1038_LIG,2024-05-01,162,13131.43,41293.8,principal
SKU_1038_FLA,2024-05-01,225,18238.1,57352.5,principal
SKU_1039_ARM,2024-05-01,168,8613.68,26023.2,principal
SKU_1039_MIN,2024-05-01,200,10254.38,30980.0,principal
SKU_1040_BLA,2024-05-01,167,17967.66,58433.3,principal
SKU_1040_BAB,2024-05-01,197,21195.38,68930.3,principal
SKU_1041_EME,2024-05-01,216,14134.1,47498.4,principal
SKU_1041_SNO,2024-05-01,170,11124.06,37383.0,principal
SKU_1042_SEA,2024-05-01,210,19461.76,66129.0,principal
SKU_1042_EME,2024-05-01,264,24466.22,83133.6,principal
SKU_1043_SPA,2024-05-01,168,43654.01,146983.2,principal
SKU_1043_CER,2024-05-01,187,48591.07,163606.3,principal
SKU_1044_SER,2024-05-01,299,97804.68,257110.1,principal
SKU_1044_COR,2024-05-01,228,74580.16,196057.2,principal
SKU_1045_FOR,2024-05-01,170,16473.47,43333.0,principal
SKU_1045_BUB,2024-05-01,252,24419.5,64234.8,principal
SKU_1046_SNO,2024-05-01,0,0.0,0.0,principal
SKU_1046_PAS,2024-05-01,180,9526.84,28782.0,principal
SKU_1047_ROY,2024-05-01,275,19106.15,57722.5,principal
SKU_1047_DEE,2024-05-01,172,11950.03,36102.8,principal
SKU_1048_MAR,2024-05-01,246,19427.87,59015.4,principal
SKU_1048_PEA,2024-05-01,0,0.0,0.0,principal
SKU_1049_BAL,2024-05-01,250,62128.27,188725.0,principal
SKU_1049_LIG,2024-05-01,280,69583.66,211372.0,principal
SKU_1050_BUB,2024-05-01,0,0.0,0.0,principal
SKU_1050_PRI,2024-05-01,265,23564.07,80798.5,principal
SKU_1051_CLE,2024-05-01,239,54504.45,179226.1,principal
SKU_1051_LIG,2024-05-01,263,59977.7,197223.7,principal
SKU_1052_PAS,2024-05-01,235,21783.08,76351.5,principal
SKU_1052_FRE,2024-05-01,211,19558.43,68553.9,principal
SKU_1053_SHO,2024-05-01,0,0.0,0.0,principal
SKU_1053_NAV,2024-05-01,169,17678.63,54063.1,principal
SKU_1054_DEE,2024-05-01,231,29218.35,81981.9,principal
SKU_1054_PAS,2024-05-01,183,23147.0,64946.7,principal
SKU_1055_LIG,2024-05-01,292,109690.35,331390.8,principal
SKU_1055_PAL,2024-05-01,0,0.0,0.0,principal
SKU_1056_CRE,2024-05-01,255,19826.73,59899.5,principal
SKU_1056_OLI,2024-05-01,266,20682.01,62483.4,principal
SKU_1057_ROY,2024-05-01,169,10286.87,31248.1,principal
SKU_1057_SNO,2024-05-01,0,0.0,0.0,principal
SKU_1058_MID,2024-05-01,199,12333.66,38785.1,principal
SKU_1058_SHO,2024-05-01,235,14564.88,45801.5,principal
SKU_1059_PEA,2024-05-01,197,18787.54,59080.3,principal
SKU_1059_OFF,2024-05-01,256,24414.26,76774.4,principal
SKU_1060_CRE,2024-05-01,243,82902.14,269705.7,principal
SKU_1060_LIM,2024-05-01,165,56291.58,183133.5,principal
SKU_1061_PAS,2024-05-01,266,30763.77,109033.4,principal
SKU_1061_EGR,2024-05-01,165,19082.79,67633.5,principal
SKU_1062_OLI,2024-05-01,278,15854.75,55572.2,principal
SKU_1062_MID,2024-05-01,239,13630.52,47776.1,principal
SKU_1063_SNO,2024-05-01,225,13187.99,41602.5,principal
SKU_1063_SAP,2024-05-01,156,9143.67,28844.4,principal
SKU_1064_PRI,2024-05-01,200,13536.07,37980.0,principal
SKU_1064_BIR,2024-05-01,241,16310.97,45765.9,principal
SKU_1065_CLE,2024-05-01,251,53287.57,161869.9,principal
SKU_1065_COB,2024-05-01,231,49041.55,148971.9,principal
SKU_1066_IVO,2024-05-01,271,16137.21,48752.9,principal
SKU_1066_WHI,2024-05-01,181,10777.99,32561.9,principal
SKU_1067_EME,2024-05-01,197,16594.93,52185.3,principal
SKU_1067_WHI,2024-05-01,168,14152.02,44503.2,principal
SKU_1068_COR,2024-05-01,178,46833.92,141492.2,principal
SKU_1068_BAL,2024-05-01,0,0.0,0.0,principal
SKU_1069_OLI,2024-05-01,0,0.0,0.0,principal
SKU_1069_CRE,2024-05-01,198,34728.59,104920.2,principal
SKU_1070_LIG,2024-05-01,0,0.0,0.0,principal
SKU_1070_MID,2024-05-01,262,29910.42,90363.8,principal
SKU_1071_BAB,2024-05-01,294,26122.22,79350.6,principal
SKU_1071_SKY,2024-05-01,258,22923.58,69634.2,principal
SKU_1072_PAS,2024-05-01,265,40340.13,121873.5,principal
SKU_1072_CER,2024-05-01,232,35316.64,106696.8,principal
SKU_1073_FRE,2024-05-01,222,23506.89,71017.8,principal
SKU_1073_BLU,2024-05-01,231,24459.87,73896.9,principal
SKU_1074_JAD,2024-05-01,257,17335.44,52659.3,principal
SKU_1074_PRI,2024-05-01,292,19696.3,59830.8,principal
SKU_1075_NAV,2024-05-01,229,21111.1,66387.1,principal
SKU_1075_LIG,2024-05-01,256,23600.18,74214.4,principal
SKU_1076_BLU,2024-05-01,0,0.0,0.0,principal
SKU_1076_POW,2024-05-01,252,17827.76,54154.8,principal
SKU_1077_NAV,2024-05-01,189,13817.45,43451.1,principal
SKU_1077_MAR,2024-05-01,188,13744.34,43221.2,principal
SKU_1078_GAR,2024-05-01,0,0.0,0.0,principal
SKU_1078_BLU,2024-05-01,249,24538.5,77165.1,principal
SKU_1079_BAB,2024-05-01,197,17827.92,54155.3,principal
SKU_1079_JAD,2024-05-01,252,22805.26,69274.8,principal
SKU_1080_TEA,2024-05-01,213,32166.88,101153.7,principal
SKU_1080_MAR,2024-05-01,161,24313.93,76458.9,principal
SKU_1081_EGR,2024-05-01,158,13882.86,44224.2,principal
SKU_1081_PAS,2024-05-01,224,19682.03,62697.6,principal
SKU_1082_PIN,2024-05-01,272,17555.47,57092.8,principal
SKU_1082_LIG,2024-05-01,297,19169.02,62340.3,principal
SKU_1083_OFF,2024-05-01,154,20843.68,70824.6,principal
SKU_1083_BAB,2024-05-01,249,33701.79,114515.1,principal
SKU_1084_DUS,2024-05-01,154,49849.38,152444.6,principal
SKU_1084_PAS,2024-05-01,199,64415.76,196990.1,principal
SKU_1085_COB,2024-05-01,216,35276.54,107978.4,principal
SKU_1085_CRE,2024-05-01,190,31030.29,94981.0,principal
SKU_1086_PRI,2024-05-01,292,25769.22,65670.8,principal
SKU_1086_CRE,2024-05-01,199,17561.9,44755.1,principal
SKU_1087_BIR,2024-05-01,191,27647.04,71605.9,principal
SKU_1087_SNO,2024-05-01,235,34015.99,88101.5,principal
SKU_1088_CER,2024-05-01,237,55776.78,169431.3,principal
SKU_1088_HON,2024-05-01,247,58130.23,176580.3,principal
SKU_1089_GAR,2024-05-01,308,30022.61,103149.2,principal
SKU_1089_EGR,2024-05-01,218,21249.77,73008.2,principal
SKU_1090_PAL,2024-05-01,276,11955.84,37232.4,principal
SKU_1090_WHI,2024-05-01,194,8403.75,26170.6,principal
SKU_1091_OFF,2024-05-01,177,14898.58,55737.3,principal
SKU_1091_MOS,2024-05-01,246,20706.5,77465.4,principal
SKU_1092_TUR,2024-05-01,252,27185.08,83134.8,principal
SKU_1092_MIN,2024-05-01,316,34089.23,104248.4,principal
SKU_1093_GAR,2024-05-01,0,0.0,0.0,principal
SKU_1093_TEA,2024-05-01,204,84694.75,237639.6,principal
SKU_1094_FOR,2024-05-01,196,17502.72,46040.4,principal
SKU_1094_DEE,2024-05-01,306,27325.67,71879.4,principal
SKU_1095_COB,2024-05-01,275,36655.6,111347.5,principal
SKU_1095_MAG,2024-05-01,0,0.0,0.0,principal
SKU_1096_HOT,2024-05-01,255,23496.49,71374.5,principal
SKU_1096_CLE,2024-05-01,168,15480.04,47023.2,principal
SKU_1097_AQU,2024-05-01,0,0.0,0.0,principal
SKU_1097_PAL,2024-05-01,225,16004.68,48352.5,principal
SKU_1098_HON,2024-05-01,0,0.0,0.0,principal
SKU_1098_HUN,2024-05-01,267,30481.23,92088.3,principal
SKU_1099_SAL,2024-05-01,181,13542.49,45231.9,principal
SKU_1099_PRI,2024-05-01,180,13467.66,44982.0,principal
SKU_1100_PEA,2024-05-01,178,8991.95,32912.2,principal
SKU_1100_COB,2024-05-01,0,0.0,0.0,principal
SKU_1101_CLE,2024-05-01,22,2439.86,9127.8,principal
SKU_1101_DEE,2024-05-01,235,26062.15,97501.5,principal
SKU_1102_FLA,2024-05-01,300,86418.09,290970.0,principal
SKU_1102_OFF,2024-05-01,253,72879.26,245384.7,principal
SKU_1103_EGR,2024-05-01,180,8894.51,23382.0,principal
SKU_1103_LIG,2024-05-01,173,8548.62,22472.7,principal
SKU_1104_POW,2024-05-01,170,10122.97,30583.0,principal
SKU_1104_MEX,2024-05-01,222,13219.41,39937.8,principal
SKU_1105_ARM,2024-05-01,0,0.0,0.0,principal
SKU_1105_SER,2024-05-01,293,19763.75,60035.7,principal
SKU_1106_MYS,2024-05-01,220,54561.8,171578.0,principal
SKU_1106_SNO,2024-05-01,194,48113.59,151300.6,principal
SKU_1107_BAL,2024-05-01,267,87448.13,265638.3,principal
SKU_1107_PAS,2024-05-01,165,54040.98,164158.5,principal
SKU_1108_PRI,2024-05-01,215,17784.13,53728.5,principal
SKU_1108_SNO,2024-05-01,218,18032.28,54478.2,principal
SKU_1109_SAG,2024-05-01,0,0.0,0.0,principal
SKU_1109_CER,2024-05-01,291,18347.56,66900.9,principal
SKU_1110_FLA,2024-05-01,251,15849.55,57704.9,principal
SKU_1110_HUN,2024-05-01,0,0.0,0.0,principal
SKU_1111_CRE,2024-05-01,139,7798.77,29176.1,principal
SKU_1111_BLU,2024-05-01,195,10940.72,40930.5,principal
SKU_1112_MIN,2024-05-01,220,17961.97,60478.0,principal
SKU_1112_EGR,2024-05-01,191,15594.25,52505.9,principal
SKU_1113_VAN,2024-05-01,0,0.0,0.0,principal
SKU_1113_OLI,2024-05-01,0,0.0,0.0,principal
SKU_1114_GAR,2024-05-01,203,26870.48,81179.7,principal
SKU_1114_PRI,2024-05-01,250,33091.72,99975.0,principal
SKU_1115_LIM,2024-05-01,247,17569.58,53080.3,principal
SKU_1115_TEA,2024-05-01,0,0.0,0.0,principal
SKU_1116_MOS,2024-05-01,193,15242.19,46300.7,principal
SKU_1116_SNO,2024-05-01,218,17216.57,52298.2,principal
SKU_1117_MOS,2024-05-01,216,15721.97,47498.4,principal
SKU_1117_MIN,2024-05-01,255,18560.66,56074.5,principal
SKU_1118_FUC,2024-05-01,202,19717.6,59569.8,principal
SKU_1118_DUS,2024-05-01,190,18546.26,56031.0,principal
SKU_1119_PAS,2024-05-01,177,8151.75,24762.3,principal
SKU_1119_LIG,2024-05-01,0,0.0,0.0,principal
SKU_1120_AQU,2024-05-01,208,15867.95,49899.2,principal
SKU_1120_SAL,2024-05-01,245,18690.61,58775.5,principal
SKU_1121_MYS,2024-05-01,248,20402.24,61975.2,principal
SKU_1121_MIN,2024-05-01,253,20813.57,63224.7,principal
SKU_1122_ROY,2024-05-01,230,32347.64,97727.0,principal
SKU_1122_PIS,2024-05-01,296,41630.0,125770.4,principal
SKU_1123_BAB,2024-05-01,168,23905.88,72223.2,principal
SKU_1123_SER,2024-05-01,0,0.0,0.0,principal
SKU_1124_BLU,2024-05-01,293,36643.48,111310.7,principal
SKU_1124_FOR,2024-05-01,244,30515.39,92695.6,principal
SKU_1125_MIN,2024-05-01,264,13896.72,42213.6,principal
SKU_1125_SAP,2024-05-01,193,10159.34,30860.7,principal
SKU_1126_WHI,2024-05-01,365,82746.19,249988.5,principal
SKU_1126_WHI,2024-05-01,365,82746.19,249988.5,principal
SKU_1127_SAL,2024-05-01,265,17438.88,52973.5,principal
SKU_1127_BLU,2024-05-01,180,11845.27,35982.0,principal
SKU_1128_PRI,2024-05-01,267,36028.73,109443.3,principal
SKU_1128_TEA,2024-05-01,0,0.0,0.0,principal
SKU_1129_VAN,2024-05-01,232,29557.24,89296.8,principal
SKU_1129_SAG,2024-05-01,167,21276.12,64278.3,principal
SKU_1130_CRE,2024-05-01,162,11992.78,40483.8,principal
SKU_1130_MEX,2024-05-01,227,16804.7,56727.3,principal
SKU_1131_CLO,2024-05-01,276,74816.59,244232.4,principal
SKU_1131_JAD,2024-05-01,140,37950.44,123886.0,principal
SKU_1132_NAV,2024-05-01,0,0.0,0.0,principal
SKU_1132_CLE,2024-05-01,295,15184.56,51595.5,principal
SKU_1133_MOS,2024-05-01,184,49724.22,167421.6,principal
SKU_1133_PEA,2024-05-01,275,74316.08,250222.5,principal
SKU_1134_DUS,2024-05-01,178,15708.64,40032.2,principal
SKU_1134_PIN,2024-05-01,278,24533.71,62522.2,principal
SKU_1135_ROS,2024-05-01,219,14977.58,39398.1,principal
SKU_1135_MAR,2024-05-01,191,13062.64,34360.9,principal
SKU_1136_SNO,2024-05-01,219,18016.49,54728.1,principal
SKU_1136_FUC,2024-05-01,165,13574.07,41233.5,principal
SKU_1137_DEE,2024-05-01,184,23691.51,74501.6,principal
SKU_1137_PAL,2024-05-01,269,34635.96,108918.1,principal
SKU_1138_PEA,2024-05-01,260,18594.73,58474.0,principal
SKU_1138_HON,2024-05-01,251,17951.07,56449.9,principal
SKU_1139_PRI,2024-05-01,241,23125.61,69865.9,principal
SKU_1139_EGR,2024-05-01,229,21974.13,66387.1,principal
SKU_1140_SNO,2024-05-01,269,16077.86,53773.1,principal
SKU_1140_ROS,2024-05-01,0,0.0,0.0,principal
SKU_1141_SKY,2024-05-01,162,17888.32,59113.8,principal
SKU_1141_CLE,2024-05-01,284,31359.77,103631.6,principal
SKU_1142_MIN,2024-05-01,197,17898.49,66960.3,principal
SKU_1142_PAS,2024-05-01,204,18534.48,69339.6,principal
SKU_1143_IVO,2024-05-01,245,15614.41,47750.5,principal
SKU_1143_SNO,2024-05-01,183,11663.01,35666.7,principal
SKU_1144_SEA,2024-05-01,246,30871.51,81155.4,principal
SKU_1144_BUB,2024-05-01,283,35514.79,93361.7,principal
SKU_1145_MOS,2024-05-01,214,31868.22,96278.6,principal
SKU_1145_LIG,2024-05-01,0,0.0,0.0,principal
SKU_1146_FRE,2024-05-01,167,25833.41,78473.3,principal
SKU_1146_CER,2024-05-01,241,37280.55,113245.9,principal
SKU_1147_COR,2024-05-01,285,33007.82,99721.5,principal
SKU_1147_MEX,2024-05-01,0,0.0,0.0,principal
SKU_1148_TEA,2024-05-01,178,25623.44,77412.2,principal
SKU_1148_SPA,2024-05-01,275,39586.77,119597.5,principal
SKU_1149_IVO,2024-05-01,246,12508.66,39335.4,principal
SKU_1149_OLI,2024-05-01,229,11644.24,36617.1,principal
SKU_1150_SAG,2024-05-01,231,45977.76,146661.9,principal
SKU_1150_VAN,2024-05-01,284,56526.77,180311.6,principal
SKU_1151_CRE,2024-05-01,229,56629.49,185467.1,principal
SKU_1151_JAD,2024-05-01,255,63059.03,206524.5,principal
SKU_1152_CLO,2024-05-01,300,81384.83,304470.0,principal
SKU_1152_WHI,2024-05-01,209,56698.1,212114.1,principal
SKU_1153_PEA,2024-05-01,273,30397.27,102347.7,principal
SKU_1153_MOS,2024-05-01,188,20932.92,70481.2,principal
SKU_1154_VAN,2024-05-01,201,42188.85,107514.9,principal
SKU_1154_PEA,2024-05-01,198,41559.16,105910.2,principal
SKU_1155_ARM,2024-05-01,249,73351.91,192950.1,principal
SKU_1155_BAB,2024-05-01,210,61863.06,162729.0,principal
SKU_1156_FLA,2024-05-01,264,23917.92,75213.6,principal
SKU_1156_EGR,2024-05-01,201,18210.24,57264.9,principal
SKU_1157_DEE,2024-05-01,250,15628.77,47475.0,principal
SKU_1157_PAS,2024-05-01,209,13065.65,39689.1,principal
SKU_1158_AQU,2024-05-01,282,61867.47,194551.8,principal
SKU_1158_MYS,2024-05-01,203,44535.8,140049.7,principal
SKU_1159_PAS,2024-05-01,196,11671.19,35260.4,principal
SKU_1159_PRI,2024-05-01,206,12266.66,37059.4,principal
SKU_1160_DUS,2024-05-01,272,18447.56,55732.8,principal
SKU_1160_LIM,2024-05-01,163,11054.97,33398.7,principal
SKU_1161_MEX,2024-05-01,210,29534.8,89229.0,principal
SKU_1161_DUS,2024-05-01,0,0.0,0.0,principal
SKU_1162_HOT,2024-05-01,268,64761.72,203653.2,principal
SKU_1162_BUB,2024-05-01,265,64036.77,201373.5,principal
SKU_1163_HUN,2024-05-01,251,20649.04,62724.9,principal
SKU_1163_SPA,2024-05-01,261,21471.71,65223.9,principal
SKU_1164_BRI,2024-05-01,260,16527.73,51974.0,principal
SKU_1164_MIN,2024-05-01,202,12840.78,40379.8,principal
SKU_1165_HUN,2024-05-01,5,540.44,1699.5,principal
SKU_1165_MAR,2024-05-01,276,29832.34,93812.4,principal
SKU_1166_PIS,2024-05-01,192,36932.77,116140.8,principal
SKU_1166_FRE,2024-05-01,256,49243.7,154854.4,principal
SKU_1167_WHI,2024-05-01,199,47138.76,148235.1,principal
SKU_1167_JAD,2024-05-01,194,45954.37,144510.6,principal
SKU_1168_GAR,2024-05-01,236,59360.35,179336.4,principal
SKU_1168_BLU,2024-05-01,0,0.0,0.0,principal
SKU_1169_BUB,2024-05-01,222,14112.14,44377.8,principal
SKU_1169_MEX,2024-05-01,257,16337.03,51374.3,principal
SKU_1170_GAR,2024-05-01,209,61571.63,187034.1,principal
SKU_1170_OFF,2024-05-01,183,53912.0,163766.7,principal
SKU_1171_MIN,2024-05-01,177,10019.74,32727.3,principal
SKU_1171_EME,2024-05-01,234,13246.44,43266.6,principal
SKU_1172_ARM,2024-05-01,148,16344.75,53265.2,principal
SKU_1172_PIN,2024-05-01,181,19989.18,65141.9,principal
SKU_1173_GAR,2024-05-01,173,15014.51,51017.7,principal
SKU_1173_AQU,2024-05-01,171,14840.93,50427.9,principal
SKU_1174_PEA,2024-05-01,189,12575.74,39671.1,principal
SKU_1174_BLU,2024-05-01,191,12708.82,40090.9,principal
SKU_1175_FUC,2024-05-01,147,12961.92,39675.3,principal
SKU_1175_CLE,2024-05-01,194,17106.21,52360.6,principal
SKU_1176_GAR,2024-05-01,297,36706.81,96495.3,principal
SKU_1176_NAV,2024-05-01,272,33617.01,88372.8,principal
SKU_1177_MIN,2024-05-01,235,18559.14,56376.5,principal
SKU_1177_PEA,2024-05-01,214,16900.67,51338.6,principal
SKU_1178_RAS,2024-05-01,281,28585.62,89891.9,principal
SKU_1178_MID,2024-05-01,226,22990.57,72297.4,principal
SKU_1179_TUR,2024-05-01,226,24427.93,76817.4,principal
SKU_1179_VAN,2024-05-01,269,29075.73,91433.1,principal
SKU_1180_ROY,2024-05-01,261,39843.97,138303.9,principal
SKU_1180_AQU,2024-05-01,212,32363.68,112338.8,principal
SKU_1181_AQU,2024-05-01,282,25314.09,81751.8,principal
SKU_1181_SER,2024-05-01,225,20197.41,65227.5,principal
SKU_1182_BIR,2024-05-01,211,53488.39,177218.9,principal
SKU_1182_PIN,2024-05-01,224,56783.88,188137.6,principal
SKU_1183_POW,2024-05-01,221,47905.65,143627.9,principal
SKU_1183_MOS,2024-05-01,262,56793.12,170273.8,principal
SKU_1184_HOT,2024-05-01,243,28949.49,82595.7,principal
SKU_1184_BAB,2024-05-01,0,0.0,0.0,principal
SKU_1185_BAL,2024-05-01,194,72697.13,192040.6,principal
SKU_1185_MAG,2024-05-01,207,77568.59,204909.3,principal
SKU_1186_FLA,2024-05-01,0,0.0,0.0,principal
SKU_1186_MEX,2024-05-01,248,38771.6,117775.2,principal
SKU_1187_JAD,2024-05-01,201,20617.96,62289.9,principal
SKU_1187_OLI,2024-05-01,223,22874.65,69107.7,principal
SKU_1188_TEA,2024-05-01,143,11355.19,34305.7,principal
SKU_1188_BAB,2024-05-01,141,11196.37,33825.9,principal
SKU_1189_FUC,2024-05-01,0,0.0,0.0,principal
SKU_1189_ROY,2024-05-01,291,22625.8,68355.9,principal
SKU_1190_TEA,2024-05-01,183,30856.26,106121.7,principal
SKU_1190_MAG,2024-05-01,215,36251.89,124678.5,principal
SKU_1191_MIN,2024-05-01,176,10130.25,32542.4,principal
SKU_1191_MYS,2024-05-01,223,12835.49,41232.7,principal
SKU_1192_MAR,2024-05-01,194,12492.31,45570.6,principal
SKU_1192_RAS,2024-05-01,0,0.0,0.0,principal
SKU_1193_CLE,2024-05-01,202,28403.26,89869.8,principal
SKU_1193_ROS,2024-05-01,179,25169.23,79637.1,principal
SKU_1194_FLA,2024-05-01,211,16272.44,46398.9,principal
SKU_1194_SAG,2024-05-01,210,16195.32,46179.0,principal
SKU_1195_HUN,2024-05-01,228,36529.07,107137.2,principal
SKU_1195_SAL,2024-05-01,0,0.0,0.0,principal
SKU_1196_PEA,2024-05-01,0,0.0,0.0,principal
SKU_1196_RAS,2024-05-01,0,0.0,0.0,principal
SKU_1197_ROS,2024-05-01,196,51289.49,155800.4,principal
SKU_1197_COR,2024-05-01,171,44747.46,135927.9,principal
SKU_1198_SEA,2024-05-01,234,24920.58,78366.6,principal
SKU_1198_SAL,2024-05-01,149,15868.23,49900.1,principal
SKU_1199_PAL,2024-05-01,242,13924.7,50795.8,principal
SKU_1199_TEA,2024-05-01,224,12888.98,47017.6,principal
SKU_1200_MID,2024-05-01,297,15821.19,53430.3,principal
SKU_1200_PAS,2024-05-01,238,12678.26,42816.2,principal
SKU_1201_BIR,2024-05-01,0,0.0,0.0,principal
SKU_1201_SAG,2024-05-01,281,43402.25,136256.9,principal
SKU_1202_LIG,2024-05-01,269,79773.33,219208.1,principal
SKU_1202_CLE,2024-05-01,273,80959.56,222467.7,principal
SKU_1203_OFF,2024-05-01,0,0.0,0.0,principal
SKU_1203_FLA,2024-05-01,202,55778.68,153499.8,principal
SKU_1204_AQU,2024-05-01,152,20518.86,53184.8,principal
SKU_1204_MIN,2024-05-01,276,37257.92,96572.4,principal
SKU_1205_RAS,2024-05-01,217,57095.28,172493.3,principal
SKU_1205_COR,2024-05-01,195,51306.82,155005.5,principal
SKU_1206_HUN,2024-05-01,238,32684.99,98746.2,principal
SKU_1206_BLA,2024-05-01,181,24857.07,75096.9,principal
SKU_1207_POW,2024-05-01,232,77894.25,236616.8,principal
SKU_1207_BLA,2024-05-01,164,55063.18,167263.6,principal
SKU_1208_PAS,2024-05-01,182,44605.75,117371.8,principal
SKU_1208_MOS,2024-05-01,183,44850.83,118016.7,principal
SKU_1209_BLA,2024-05-01,240,25903.88,67176.0,principal
SKU_1209_DUS,2024-05-01,192,20723.1,53740.8,principal
SKU_1210_SHO,2024-05-01,218,17473.58,44668.2,principal
SKU_1210_WHI,2024-05-01,254,20359.13,52044.6,principal
SKU_1211_GAR,2024-05-01,267,28118.06,85413.3,principal
SKU_1211_CRE,2024-05-01,304,32014.57,97249.6,principal
SKU_1212_COB,2024-05-01,273,19090.4,60032.7,principal
SKU_1212_SNO,2024-05-01,212,14824.78,46618.8,principal
SKU_1213_MAG,2024-05-01,199,57315.4,174105.1,principal
SKU_1213_POW,2024-05-01,208,59907.55,181979.2,principal
SKU_1214_BLA,2024-05-01,214,20120.83,64178.6,principal
SKU_1214_RAS,2024-05-01,240,22565.41,71976.0,principal
SKU_1215_MAG,2024-05-01,251,17321.82,55194.9,principal
SKU_1215_BRI,2024-05-01,175,12076.96,38482.5,principal
SKU_1216_WHI,2024-05-01,286,43567.6,162991.4,principal
SKU_1216_CRE,2024-05-01,298,45395.61,169830.2,principal
SKU_1217_ROS,2024-05-01,220,57179.83,180378.0,principal
SKU_1217_RAS,2024-05-01,197,51201.94,161520.3,principal
SKU_1218_BLU,2024-05-01,223,57307.16,146042.7,principal
SKU_1218_SNO,2024-05-01,153,39318.36,100199.7,principal
SKU_1219_MAR,2024-05-01,236,35429.54,93196.4,principal
SKU_1219_LIM,2024-05-01,0,0.0,0.0,principal
SKU_1220_TUR,2024-05-01,199,20083.46,60675.1,principal
SKU_1220_HOT,2024-05-01,161,16248.43,49088.9,principal
SKU_1221_SAG,2024-05-01,229,53516.89,168292.1,principal
SKU_1221_PAL,2024-05-01,0,0.0,0.0,principal
SKU_1222_PAS,2024-05-01,208,57853.34,175739.2,principal
SKU_1222_HON,2024-05-01,232,64528.73,196016.8,principal
SKU_1223_TEA,2024-05-01,283,13499.41,41006.7,principal
SKU_1223_BLA,2024-05-01,187,8920.1,27096.3,principal
SKU_1224_OLI,2024-05-01,0,0.0,0.0,principal
SKU_1224_ARM,2024-05-01,177,24014.0,73437.3,principal
SKU_1225_POW,2024-05-01,211,13736.48,45343.9,principal
SKU_1225_IVO,2024-05-01,286,18619.12,61461.4,principal
SKU_1226_PAL,2024-05-01,281,38874.09,136256.9,principal
SKU_1226_LIG,2024-05-01,254,35138.86,123164.6,principal
SKU_1227_CLO,2024-05-01,230,27317.17,91977.0,principal
SKU_1227_PAS,2024-05-01,258,30642.74,103174.2,principal
SKU_1228_WHI,2024-05-01,281,31965.65,81461.9,principal
SKU_1228_SPA,2024-05-01,194,22068.81,56240.6,principal
SKU_1229_SAL,2024-05-01,184,52086.55,158221.6,principal
SKU_1229_CLO,2024-05-01,241,68222.06,207235.9,principal
SKU_1230_ROS,2024-05-01,226,29752.24,90377.4,principal
SKU_1230_NAV,2024-05-01,240,31595.3,95976.0,principal
SKU_1231_LIG,2024-05-01,239,37964.41,114696.1,principal
SKU_1231_BIR,2024-05-01,0,0.0,0.0,principal
SKU_1232_AQU,2024-05-01,170,19970.22,60333.0,principal
SKU_1232_FOR,2024-05-01,0,0.0,0.0,principal
SKU_1233_JAD,2024-05-01,213,16821.69,51098.7,principal
SKU_1233_SEA,2024-05-01,255,20138.65,61174.5,principal
SKU_1234_MOS,2024-05-01,169,11232.87,34628.1,principal
SKU_1234_SAL,2024-05-01,0,0.0,0.0,principal
SKU_1235_HUN,2024-05-01,0,0.0,0.0,principal
SKU_1235_COR,2024-05-01,242,32803.6,113715.8,principal
SKU_1236_DEE,2024-05-01,223,39397.19,127087.7,principal
SKU_1236_LIM,2024-05-01,295,52117.35,168120.5,principal
SKU_1237_BAB,2024-05-01,200,57054.29,199980.0,principal
SKU_1237_GAR,2024-05-01,291,83014.0,290970.9,principal
SKU_1238_SAP,2024-05-01,272,39654.42,125092.8,principal
SKU_1238_TUR,2024-05-01,0,0.0,0.0,principal
SKU_1239_BAB,2024-05-01,163,19215.41,50513.7,principal
SKU_1239_MID,2024-05-01,164,19333.3,50823.6,principal
SKU_1240_PAL,2024-05-01,287,94470.95,286971.3,principal
SKU_1240_MOS,2024-05-01,0,0.0,0.0,principal
SKU_1241_BAL,2024-05-01,175,20733.84,62982.5,principal
SKU_1241_FLA,2024-05-01,178,21089.28,64062.2,principal
SKU_1242_AQU,2024-05-01,260,26035.93,81874.0,principal
SKU_1242_SKY,2024-05-01,276,27638.14,86912.4,principal
SKU_1243_SNO,2024-05-01,212,17185.12,51918.8,principal
SKU_1243_PIN,2024-05-01,281,22778.39,68816.9,principal
SKU_1244_COB,2024-05-01,285,26273.64,82621.5,principal
SKU_1244_GAR,2024-05-01,197,18161.08,57110.3,principal
SKU_1245_COB,2024-05-01,193,11942.96,40510.7,principal
SKU_1245_SNO,2024-05-01,0,0.0,0.0,principal
SKU_1246_PAL,2024-05-01,235,19347.59,69301.5,principal
SKU_1246_COR,2024-05-01,184,15148.75,54261.6,principal
SKU_1247_SAP,2024-05-01,173,8879.31,31122.7,principal
SKU_1247_SKY,2024-05-01,249,12780.04,44795.1,principal
SKU_1248_AQU,2024-05-01,155,8611.38,26334.5,principal
SKU_1248_SAG,2024-05-01,189,10500.33,32111.1,principal
SKU_1249_WHI,2024-05-01,212,21766.03,57218.8,principal
SKU_1249_ARM,2024-05-01,268,27515.55,72333.2,principal
SKU_1250_AQU,2024-05-01,183,15657.31,47561.7,principal
SKU_1250_BAB,2024-05-01,212,18138.52,55098.8,principal
SKU_1251_SHO,2024-05-01,174,52692.61,160062.6,principal
SKU_1251_COB,2024-05-01,0,0.0,0.0,principal
SKU_1252_NAV,2024-05-01,208,14875.79,46779.2,principal
SKU_1252_FLA,2024-05-01,178,12730.24,40032.2,principal
SKU_1253_SEA,2024-05-01,279,33055.66,100412.1,principal
SKU_1253_FRE,2024-05-01,232,27487.15,83496.8,principal
SKU_1254_SEA,2024-05-01,0,0.0,0.0,principal
SKU_1254_BAB,2024-05-01,148,9302.82,28105.2,principal
SKU_1255_VAN,2024-05-01,156,23256.63,74864.4,principal
SKU_1255_SHO,2024-05-01,275,40997.26,131972.5,principal
SKU_1256_SEA,2024-05-01,255,50433.28,165724.5,principal
SKU_1256_MID,2024-05-01,273,53993.28,177422.7,principal
SKU_1257_SPA,2024-05-01,200,11691.59,40980.0,principal
SKU_1257_EME,2024-05-01,187,10931.64,38316.3,principal
SKU_1258_AQU,2024-05-01,203,15971.09,53774.7,principal
SKU_1258_LIG,2024-05-01,0,0.0,0.0,principal
SKU_1259_ARM,2024-05-01,177,22703.5,63702.3,principal
SKU_1259_POW,2024-05-01,0,0.0,0.0,principal
SKU_1260_WHI,2024-05-01,255,28689.26,86674.5,principal
SKU_1260_ROY,2024-05-01,267,30039.34,90753.3,principal
SKU_1261_PAS,2024-05-01,486,79179.64,240521.4,principal
SKU_1261_PAS,2024-05-01,486,79179.64,240521.4,principal
SKU_1262_BLU,2024-05-01,277,25204.76,76147.3,principal
SKU_1262_OFF,2024-05-01,0,0.0,0.0,principal
SKU_1263_COB,2024-05-01,0,0.0,0.0,principal
SKU_1263_SKY,2024-05-01,266,16191.18,49183.4,principal
SKU_1264_EGR,2024-05-01,301,58857.0,185084.9,principal
SKU_1264_BRI,2024-05-01,255,49862.24,156799.5,principal
SKU_1265_CRE,2024-05-01,200,14557.38,43980.0,principal
SKU_1265_JAD,2024-05-01,233,16959.35,51236.7,principal
SKU_1266_MEX,2024-05-01,233,23003.41,69876.7,principal
SKU_1266_SPA,2024-05-01,294,29025.76,88170.6,principal
SKU_1267_SKY,2024-05-01,251,27823.83,84059.9,principal
SKU_1267_SAP,2024-05-01,0,0.0,0.0,principal
SKU_1268_MYS,2024-05-01,210,22364.62,70329.0,principal
SKU_1268_MAR,2024-05-01,214,22790.61,71668.6,principal
SKU_1269_BAB,2024-05-01,232,79421.74,241256.8,principal
SKU_1269_CER,2024-05-01,182,62304.98,189261.8,principal
SKU_1270_CRE,2024-05-01,304,19004.58,57729.6,principal
SKU_1270_TUR,2024-05-01,233,14566.01,44246.7,principal
SKU_1271_OLI,2024-05-01,189,55368.51,168191.1,principal
SKU_1271_FLA,2024-05-01,158,46286.9,140604.2,principal
SKU_1272_PAS,2024-05-01,0,0.0,0.0,principal
SKU_1272_TEA,2024-05-01,228,28670.29,86617.2,principal
SKU_1273_PAS,2024-05-01,235,57160.98,179751.5,principal
SKU_1273_EGR,2024-05-01,0,0.0,0.0,principal
SKU_1274_MEX,2024-05-01,225,18953.59,59602.5,principal
SKU_1274_BAL,2024-05-01,310,26113.84,82119.0,principal
SKU_1275_MIN,2024-05-01,260,15825.96,48074.0,principal
SKU_1275_BIR,2024-05-01,214,13025.98,39568.6,principal
SKU_1276_WHI,2024-05-01,7,352.71,1224.3,principal
SKU_1276_LIG,2024-05-01,1212,61068.97,211978.8,principal
SKU_1277_MYS,2024-05-01,1154,82620.08,305694.6,principal
SKU_1277_BAB,2024-05-01,1177,84266.75,311787.3,principal
SKU_1278_BAB,2024-05-01,386,113418.56,397541.4,principal
SKU_1278_MOS,2024-05-01,723,212439.43,744617.7,principal
SKU_1279_FUC,2024-05-01,750,101328.98,341175.0,principal
SKU_1279_IVO,2024-05-01,1157,156316.83,526319.3,principal
SKU_1280_LIM,2024-05-01,1242,221280.14,620875.8,principal
SKU_1280_PRI,2024-05-01,421,75007.2,210457.9,principal
SKU_1281_PIS,2024-05-01,378,76146.88,200302.2,principal
SKU_1281_CER,2024-05-01,152,30619.91,80544.8,principal
SKU_1282_PIN,2024-05-01,1180,83935.64,253582.0,principal
SKU_1282_BAL,2024-05-01,610,43390.46,131089.0,principal
SKU_1283_SNO,2024-05-01,475,28684.4,90202.5,principal
SKU_1283_BAB,2024-05-01,417,25181.88,79188.3,principal
SKU_1284_COR,2024-05-01,0,0.0,0.0,principal
SKU_1284_HOT,2024-05-01,415,96985.12,294608.5,principal
SKU_1285_WHI,2024-05-01,620,180573.08,545538.0,principal
SKU_1285_CLO,2024-05-01,1309,381242.19,1151789.1,principal
SKU_1286_MAR,2024-05-01,1113,82001.07,272573.7,principal
SKU_1286_HOT,2024-05-01,706,52015.06,172899.4,principal
SKU_1287_NAV,2024-05-01,641,71790.92,243515.9,principal
SKU_1287_CER,2024-05-01,1186,132830.01,450561.4,principal
SKU_1288_SAG,2024-05-01,355,25063.91,85164.5,principal
SKU_1288_BAB,2024-05-01,1275,90018.28,305872.5,principal
SKU_1289_AQU,2024-05-01,856,288281.37,881594.4,principal
SKU_1289_AQU,2024-05-01,856,288281.37,881594.4,principal
SKU_1290_BIR,2024-05-01,708,135981.28,357469.2,principal
SKU_1290_PIN,2024-05-01,354,67990.64,178734.6,principal
SKU_1291_SAL,2024-05-01,1007,79527.91,241579.3,principal
SKU_1291_SPA,2024-05-01,398,31432.08,95480.2,principal
SKU_1292_TEA,2024-05-01,695,71290.95,215380.5,principal
SKU_1292_FLA,2024-05-01,1189,121963.93,368471.1,principal
SKU_1293_TEA,2024-05-01,402,40349.98,122569.8,principal
SKU_1293_OFF,2024-05-01,1109,111313.75,338134.1,principal
SKU_1294_SEA,2024-05-01,577,38178.3,115342.3,principal
SKU_1294_COR,2024-05-01,419,27723.93,83758.1,principal
SKU_1295_PIS,2024-05-01,1268,214932.44,652893.2,principal
SKU_1295_FLA,2024-05-01,645,109330.78,332110.5,principal
SKU_1296_DEE,2024-05-01,705,127914.55,458179.5,principal
SKU_1296_PEA,2024-05-01,119,21591.25,77338.1,principal
SKU_1297_WHI,2024-05-01,355,23027.53,81614.5,principal
SKU_1297_MIN,2024-05-01,713,46249.66,163918.7,principal
SKU_1298_OFF,2024-05-01,137,7253.41,24646.3,principal
SKU_1298_IVO,2024-05-01,0,0.0,0.0,principal
SKU_1299_BRI,2024-05-01,391,25536.33,85980.9,principal
SKU_1299_HOT,2024-05-01,615,40165.83,135238.5,principal
SKU_1300_BIR,2024-05-01,204,83604.17,234579.6,principal
SKU_1300_TEA,2024-05-01,1182,484412.39,1359181.8,principal
SKU_1301_AQU,2024-05-01,686,123055.42,373801.4,principal
SKU_1301_GAR,2024-05-01,730,130948.19,397777.0,principal
SKU_1302_EME,2024-05-01,419,57918.82,175938.1,principal
SKU_1302_DUS,2024-05-01,400,55292.43,167960.0,principal
SKU_1303_BIR,2024-05-01,653,35641.98,107679.7,principal
SKU_1303_SAP,2024-05-01,1196,65279.95,197220.4,principal
SKU_1304_TUR,2024-05-01,717,112840.17,354843.3,principal
SKU_1304_GAR,2024-05-01,1312,206480.2,649308.8,principal
SKU_1305_MAR,2024-05-01,421,48493.76,147307.9,principal
SKU_1305_OFF,2024-05-01,1147,132119.58,401335.3,principal
SKU_1306_FRE,2024-05-01,641,175280.3,551195.9,principal
SKU_1306_SPA,2024-05-01,1122,306808.88,964807.8,principal
SKU_1307_MAG,2024-05-01,695,50586.9,152830.5,principal
SKU_1307_FOR,2024-05-01,478,34792.14,105112.2,principal
SKU_1308_PAS,2024-05-01,689,95761.97,289311.1,principal
SKU_1308_CER,2024-05-01,672,93399.2,282172.8,principal
SKU_1309_OLI,2024-05-01,462,55497.79,168583.8,principal
SKU_1309_LIG,2024-05-01,473,56819.16,172597.7,principal
SKU_1310_MOS,2024-05-01,654,51932.11,156894.6,principal
SKU_1310_EGR,2024-05-01,398,31603.95,95480.2,principal
SKU_1311_BAB,2024-05-01,474,137300.3,417072.6,principal
SKU_1311_NAV,2024-05-01,1297,375693.01,1141230.3,principal
SKU_1312_HOT,2024-05-01,1275,105464.05,318622.5,principal
SKU_1312_NAV,2024-05-01,755,62451.26,188674.5,principal
SKU_1313_SPA,2024-05-01,1186,365014.13,1108791.4,principal
SKU_1313_SHO,2024-05-01,634,195125.6,592726.6,principal
SKU_1314_BLU,2024-05-01,652,62223.67,189014.8,principal
SKU_1314_SNO,2024-05-01,16,1526.96,4638.4,principal
SKU_1315_WHI,2024-05-01,1215,138706.71,419053.5,principal
SKU_1315_BLA,2024-05-01,419,47833.84,144513.1,principal
SKU_1316_DEN,2024-05-01,1072,181709.45,551972.8,principal
SKU_1316_AQU,2024-05-01,1096,185777.57,564330.4,principal
SKU_1317_BLU,2024-05-01,97,6343.64,20845.3,principal
SKU_1317_ROS,2024-05-01,722,47217.62,155157.8,principal
SKU_1318_PAS,2024-05-01,439,33405.21,105316.1,principal
SKU_1318_MYS,2024-05-01,406,30894.12,97399.4,principal
SKU_1319_MAR,2024-05-01,1073,58133.5,203762.7,principal
SKU_1319_ROS,2024-05-01,770,41717.42,146223.0,principal
SKU_1320_PIS,2024-05-01,370,16472.51,55463.0,principal
SKU_1320_FOR,2024-05-01,648,28849.15,97135.2,principal
SKU_1321_FLA,2024-05-01,1220,65781.22,182878.0,principal
SKU_1321_SER,2024-05-01,441,23778.29,66105.9,principal
SKU_1322_MOS,2024-05-01,202,25349.78,66639.8,principal
SKU_1322_IVO,2024-05-01,364,45679.8,120083.6,principal
SKU_1323_AQU,2024-05-01,391,43764.78,113350.9,principal
SKU_1323_FRE,2024-05-01,1176,131630.14,340922.4,principal
SKU_1324_MID,2024-05-01,402,43897.15,132619.8,principal
SKU_1324_SNO,2024-05-01,765,83535.63,252373.5,principal
SKU_1325_LIG,2024-05-01,1282,119440.01,384471.8,principal
SKU_1325_PEA,2024-05-01,612,57018.16,183538.8,principal
SKU_1326_PAS,2024-05-01,442,65087.2,223165.8,principal
SKU_1326_BAB,2024-05-01,681,100281.41,343836.9,principal
SKU_1327_GAR,2024-05-01,724,53684.22,188167.6,principal
SKU_1327_HON,2024-05-01,724,53684.22,188167.6,principal
SKU_1328_EGR,2024-05-01,409,32178.2,108344.1,principal
SKU_1328_LIG,2024-05-01,432,33987.73,114436.8,principal
SKU_1329_NAV,2024-05-01,1112,108947.49,305688.8,principal
SKU_1329_MIN,2024-05-01,639,62605.62,175661.1,principal
SKU_1330_PRI,2024-05-01,689,70675.48,213521.1,principal
SKU_1330_LIM,2024-05-01,1305,133862.85,404419.5,principal
SKU_1331_ARM,2024-05-01,444,39519.64,124275.6,principal
SKU_1331_AQU,2024-05-01,1236,110014.14,345956.4,principal
SKU_1332_MOS,2024-05-01,2166,118224.4,357173.4,principal
SKU_1332_MOS,2024-05-01,2166,118224.4,357173.4,principal
SKU_1333_PIS,2024-05-01,672,42239.84,127612.8,principal
SKU_1333_MOS,2024-05-01,700,43999.83,132930.0,principal
SKU_1334_TEA,2024-05-01,646,98338.58,297095.4,principal
SKU_1334_ROY,2024-05-01,150,22834.03,68985.0,principal
SKU_1335_CRE,2024-05-01,1119,127277.88,425108.1,principal
SKU_1335_BRI,2024-05-01,78,8871.92,29632.2,principal
SKU_1336_LIM,2024-05-01,619,59174.1,216588.1,principal
SKU_1336_PIN,2024-05-01,431,41202.0,150806.9,principal
SKU_1337_DUS,2024-05-01,657,35751.36,121479.3,principal
SKU_1337_MAG,2024-05-01,459,24976.98,84869.1,principal
SKU_1338_OLI,2024-05-01,640,42881.47,131136.0,principal
SKU_1338_PAS,2024-05-01,423,28341.97,86672.7,principal
SKU_1339_JAD,2024-05-01,367,40534.55,113733.3,principal
SKU_1339_EME,2024-05-01,1184,130770.86,366921.6,principal
SKU_1340_SNO,2024-05-01,15,5653.52,17173.5,principal
SKU_1340_POW,2024-05-01,1301,490348.31,1489514.9,principal
SKU_1341_HOT,2024-05-01,1301,74427.87,234049.9,principal
SKU_1341_PEA,2024-05-01,658,37643.0,118374.2,principal
SKU_1342_CRE,2024-05-01,1204,133966.91,421279.6,principal
SKU_1342_BAB,2024-05-01,575,63979.21,201192.5,principal
SKU_1343_NAV,2024-05-01,595,62017.98,187365.5,principal
SKU_1343_IVO,2024-05-01,1195,124557.12,376305.5,principal
SKU_1344_PAS,2024-05-01,667,66792.18,210038.3,principal
SKU_1344_MID,2024-05-01,664,66491.76,209093.6,principal
SKU_1345_ARM,2024-05-01,383,126034.7,459561.7,principal
SKU_1345_FOR,2024-05-01,637,209619.08,764336.3,principal
SKU_1346_HON,2024-05-01,712,55292.86,188608.8,principal
SKU_1346_PEA,2024-05-01,642,49856.76,170065.8,principal
SKU_1347_DUS,2024-05-01,30,2324.71,8697.0,principal
SKU_1347_LIM,2024-05-01,687,53235.82,199161.3,principal
SKU_1348_NAV,2024-05-01,1207,256508.38,784429.3,principal
SKU_1348_PIS,2024-05-01,683,145149.32,443881.7,principal
SKU_1349_HON,2024-05-01,1237,101885.21,259646.3,principal
SKU_1349_SEA,2024-05-01,636,52383.99,133496.4,principal
SKU_1350_SNO,2024-05-01,1089,102694.77,310256.1,principal
SKU_1350_BAB,2024-05-01,1248,117688.77,355555.2,principal
SKU_1351_SAG,2024-05-01,401,91571.12,276649.9,principal
SKU_1351_HON,2024-05-01,467,106642.67,322183.3,principal
SKU_1352_CER,2024-05-01,417,38633.76,116718.3,principal
SKU_1352_HUN,2024-05-01,404,37429.35,113079.6,principal
SKU_1353_MAG,2024-05-01,1309,82279.68,248579.1,principal
SKU_1353_MAR,2024-05-01,1332,83725.39,252946.8,principal
SKU_1354_AQU,2024-05-01,1273,387599.32,1177397.7,principal
SKU_1354_CLE,2024-05-01,391,119050.54,361635.9,principal
SKU_1355_PAS,2024-05-01,472,27176.38,82552.8,principal
SKU_1355_DEE,2024-05-01,399,22973.25,69785.1,principal
SKU_1356_BLU,2024-05-01,1139,80578.65,244771.1,principal
SKU_1356_DEN,2024-05-01,699,49450.81,150215.1,principal
SKU_1357_BRI,2024-05-01,381,83851.2,253326.9,principal
SKU_1357_BLU,2024-05-01,1310,288307.29,871019.0,principal
SKU_1358_DUS,2024-05-01,641,42182.34,128135.9,principal
SKU_1358_MAR,2024-05-01,1188,78178.81,237481.2,principal
SKU_1359_BLU,2024-05-01,361,48777.67,153388.9,principal
SKU_1359_NAV,2024-05-01,1156,156196.64,491184.4,principal
SKU_1360_WHI,2024-05-01,731,77403.32,233846.9,principal
SKU_1360_FRE,2024-05-01,443,46907.9,141715.7,principal
SKU_1361_MEX,2024-05-01,425,25664.99,80707.5,principal
SKU_1361_BLU,2024-05-01,396,23913.73,75200.4,principal
SKU_1362_POW,2024-05-01,432,131180.34,412516.8,principal
SKU_1362_SEA,2024-05-01,1166,354065.46,1113413.4,principal
SKU_1363_RAS,2024-05-01,624,188490.56,592737.6,principal
SKU_1363_HUN,2024-05-01,1203,363388.04,1142729.7,principal
SKU_1364_OFF,2024-05-01,416,60839.25,191318.4,principal
SKU_1364_TEA,2024-05-01,400,58499.28,183960.0,principal
SKU_1365_BUB,2024-05-01,461,76280.24,230453.9,principal
SKU_1365_NAV,2024-05-01,52,8604.28,25994.8,principal
SKU_1366_TEA,2024-05-01,711,95576.39,312768.9,principal
SKU_1366_PAL,2024-05-01,698,93828.86,307050.2,principal
SKU_1367_VAN,2024-05-01,1101,60675.47,198069.9,principal
SKU_1367_BLA,2024-05-01,1209,66627.28,217499.1,principal
SKU_1368_SNO,2024-05-01,1181,250986.08,879726.9,principal
SKU_1368_TUR,2024-05-01,432,91808.63,321796.8,principal
SKU_1369_SNO,2024-05-01,649,32896.71,103775.1,principal
SKU_1369_RAS,2024-05-01,446,22606.98,71315.4,principal
SKU_1370_PRI,2024-05-01,374,26401.69,67282.6,principal
SKU_1370_MYS,2024-05-01,456,32190.3,82034.4,principal
SKU_1371_WHI,2024-05-01,704,64058.3,193529.6,principal
SKU_1371_HOT,2024-05-01,130,11828.95,35737.0,principal
SKU_1372_SEA,2024-05-01,364,40952.51,123723.6,principal
SKU_1372_DEN,2024-05-01,640,72004.42,217536.0,principal
SKU_1373_SKY,2024-05-01,346,21630.22,65705.4,principal
SKU_1373_CRE,2024-05-01,1255,78456.43,238324.5,principal
SKU_1374_SAL,2024-05-01,34,2137.13,6456.6,principal
SKU_1374_BLU,2024-05-01,54,3394.27,10254.6,principal
SKU_1375_COR,2024-05-01,1293,113372.7,342515.7,principal
SKU_1375_CLE,2024-05-01,711,62341.83,188343.9,principal
SKU_1376_SNO,2024-05-01,1166,93057.47,332193.4,principal
SKU_1376_BIR,2024-05-01,424,33839.08,120797.6,principal
SKU_1377_PRI,2024-05-01,730,57412.95,189727.0,principal
SKU_1377_CLO,2024-05-01,1197,94141.5,311100.3,principal
SKU_1378_SPA,2024-05-01,590,34490.2,120891.0,principal
SKU_1378_MOS,2024-05-01,717,41914.36,146913.3,principal
SKU_1379_SNO,2024-05-01,1186,182303.97,575091.4,principal
SKU_1379_WHI,2024-05-01,1270,195215.89,615823.0,principal
SKU_1380_TUR,2024-05-01,120,10825.53,27588.0,principal
SKU_1380_MIN,2024-05-01,1244,112224.67,285995.6,principal
SKU_1381_WHI,2024-05-01,419,38125.61,115183.1,principal
SKU_1381_PAS,2024-05-01,652,59326.72,179234.8,principal
SKU_1382_ARM,2024-05-01,412,24879.94,78238.8,principal
SKU_1382_HOT,2024-05-01,1120,67634.78,212688.0,principal
SKU_1383_CLE,2024-05-01,1200,71456.28,215880.0,principal
SKU_1383_TUR,2024-05-01,716,42635.58,128808.4,principal
SKU_1384_CRE,2024-05-01,410,70171.94,213159.0,principal
SKU_1384_SKY,2024-05-01,1322,226261.73,687307.8,principal
SKU_1385_PRI,2024-05-01,735,70528.32,213076.5,principal
SKU_1385_NAV,2024-05-01,320,30706.21,92768.0,principal
SKU_1386_SER,2024-05-01,363,24455.33,78008.7,principal
SKU_1386_COB,2024-05-01,441,29710.19,94770.9,principal
SKU_1387_BRI,2024-05-01,387,17702.41,61881.3,principal
SKU_1387_BAB,2024-05-01,477,21819.25,76272.3,principal
SKU_1388_BRI,2024-05-01,1255,125764.52,470499.5,principal
SKU_1388_VAN,2024-05-01,700,70147.54,262430.0,principal
SKU_1000_COR,2024-06-01,0,0.0,0.0,principal
SKU_1000_EME,2024-06-01,211,12608.73,43233.9,principal
SKU_1000_ROY,2024-06-01,257,15357.56,52659.3,principal
SKU_1001_AQU,2024-06-01,172,43212.47,161662.8,principal
SKU_1001_SAP,2024-06-01,245,61552.64,230275.5,principal
SKU_1002_COR,2024-06-01,125,9601.54,29362.5,principal
SKU_1002_MYS,2024-06-01,148,11368.22,34765.2,principal
SKU_1003_SNO,2024-06-01,188,26919.11,68601.2,principal
SKU_1003_DUS,2024-06-01,243,34794.38,88670.7,principal
SKU_1004_FOR,2024-06-01,0,0.0,0.0,principal
SKU_1004_MEX,2024-06-01,181,20635.81,54281.9,principal
SKU_1005_OLI,2024-06-01,0,0.0,0.0,principal
SKU_1005_MYS,2024-06-01,0,0.0,0.0,principal
SKU_1006_MOS,2024-06-01,156,9420.56,29624.4,principal
SKU_1006_FOR,2024-06-01,152,9179.01,28864.8,principal
SKU_1007_COB,2024-06-01,223,20912.54,65762.7,principal
SKU_1007_FOR,2024-06-01,218,20443.65,64288.2,principal
SKU_1008_MEX,2024-06-01,237,25487.43,77001.3,principal
SKU_1008_WHI,2024-06-01,198,21293.3,64330.2,principal
SKU_1009_BAB,2024-06-01,259,36835.12,133359.1,principal
SKU_1009_MAG,2024-06-01,0,0.0,0.0,principal
SKU_1010_SNO,2024-06-01,199,22527.32,75600.1,principal
SKU_1010_BRI,2024-06-01,0,0.0,0.0,principal
SKU_1011_CER,2024-06-01,170,11810.12,44183.0,principal
SKU_1011_MIN,2024-06-01,132,9170.21,34306.8,principal
SKU_1012_VAN,2024-06-01,204,58764.3,197859.6,principal
SKU_1012_CLO,2024-06-01,241,69422.53,233745.9,principal
SKU_1013_LIG,2024-06-01,236,16150.41,42456.4,principal
SKU_1013_LIG,2024-06-01,236,16150.41,42456.4,principal
SKU_1014_FLA,2024-06-01,216,28591.25,86378.4,principal
SKU_1014_MIN,2024-06-01,244,32297.52,97575.6,principal
SKU_1015_ROY,2024-06-01,229,70864.49,214092.1,principal
SKU_1015_TUR,2024-06-01,129,39919.3,120602.1,principal
SKU_1016_HON,2024-06-01,119,8464.7,25573.1,principal
SKU_1016_SNO,2024-06-01,0,0.0,0.0,principal
SKU_1017_PAS,2024-06-01,242,11535.7,36275.8,principal
SKU_1017_BAL,2024-06-01,163,7769.92,24433.7,principal
SKU_1018_TEA,2024-06-01,234,8922.0,28056.6,principal
SKU_1018_ARM,2024-06-01,242,9227.02,29015.8,principal
SKU_1019_NAV,2024-06-01,156,12837.42,41324.4,principal
SKU_1019_GAR,2024-06-01,161,13248.88,42648.9,principal
SKU_1020_NAV,2024-06-01,132,8030.03,26386.8,principal
SKU_1020_LIG,2024-06-01,181,11010.88,36181.9,principal
SKU_1021_CRE,2024-06-01,156,11879.99,44444.4,principal
SKU_1021_PAS,2024-06-01,254,19343.06,72364.6,principal
SKU_1022_PAL,2024-06-01,217,22699.78,69418.3,principal
SKU_1022_DEN,2024-06-01,131,13703.56,41906.9,principal
SKU_1023_DEN,2024-06-01,225,24712.37,62977.5,principal
SKU_1023_FOR,2024-06-01,244,26799.19,68295.6,principal
SKU_1024_VAN,2024-06-01,249,19869.1,52265.1,principal
SKU_1024_DEN,2024-06-01,138,11011.79,28966.2,principal
SKU_1025_WHI,2024-06-01,191,29451.86,92615.9,principal
SKU_1025_MIN,2024-06-01,189,29143.46,91646.1,principal
SKU_1026_CLO,2024-06-01,0,0.0,0.0,principal
SKU_1026_SPA,2024-06-01,148,20214.59,61405.2,principal
SKU_1027_MAR,2024-06-01,265,35384.97,111273.5,principal
SKU_1027_BIR,2024-06-01,258,34450.28,108334.2,principal
SKU_1028_BLU,2024-06-01,186,37257.33,117161.4,principal
SKU_1028_AQU,2024-06-01,137,27442.22,86296.3,principal
SKU_1029_BLU,2024-06-01,243,18924.4,59510.7,principal
SKU_1029_BAL,2024-06-01,150,11681.73,36735.0,principal
SKU_1030_CRE,2024-06-01,159,32860.24,103334.1,principal
SKU_1030_DEN,2024-06-01,140,28933.55,90986.0,principal
SKU_1031_COR,2024-06-01,233,36625.71,110651.7,principal
SKU_1031_HON,2024-06-01,0,0.0,0.0,principal
SKU_1032_EME,2024-06-01,229,25116.31,78982.1,principal
SKU_1032_HON,2024-06-01,219,24019.53,75533.1,principal
SKU_1033_NAV,2024-06-01,258,53320.4,167674.2,principal
SKU_1033_LIM,2024-06-01,186,38440.29,120881.4,principal
SKU_1034_PAS,2024-06-01,157,11106.98,33739.3,principal
SKU_1034_PIS,2024-06-01,191,13512.31,41045.9,principal
SKU_1035_SAP,2024-06-01,245,51023.26,160450.5,principal
SKU_1035_FUC,2024-06-01,234,48732.42,153246.6,principal
SKU_1036_BIR,2024-06-01,146,36042.59,109485.4,principal
SKU_1036_MID,2024-06-01,157,38758.13,117734.3,principal
SKU_1037_PRI,2024-06-01,150,10012.23,31485.0,principal
SKU_1037_SPA,2024-06-01,201,13416.39,42189.9,principal
SKU_1038_LIG,2024-06-01,130,10537.57,33137.0,principal
SKU_1038_FLA,2024-06-01,190,15401.06,48431.0,principal
SKU_1039_ARM,2024-06-01,141,7229.34,21840.9,principal
SKU_1039_MIN,2024-06-01,171,8767.49,26487.9,principal
SKU_1040_BLA,2024-06-01,143,15385.48,50035.7,principal
SKU_1040_BAB,2024-06-01,162,17429.7,56683.8,principal
SKU_1041_EME,2024-06-01,185,12105.59,40681.5,principal
SKU_1041_SNO,2024-06-01,141,9226.43,31005.9,principal
SKU_1042_SEA,2024-06-01,189,17515.59,59516.1,principal
SKU_1042_EME,2024-06-01,239,22149.34,75261.1,principal
SKU_1043_SPA,2024-06-01,137,35598.81,119861.3,principal
SKU_1043_CER,2024-06-01,153,39756.33,133859.7,principal
SKU_1044_SER,2024-06-01,262,85701.76,225293.8,principal
SKU_1044_COR,2024-06-01,200,65421.19,171980.0,principal
SKU_1045_FOR,2024-06-01,134,12984.97,34156.6,principal
SKU_1045_BUB,2024-06-01,225,21803.13,57352.5,principal
SKU_1046_SNO,2024-06-01,0,0.0,0.0,principal
SKU_1046_PAS,2024-06-01,152,8044.89,24304.8,principal
SKU_1047_ROY,2024-06-01,248,17230.27,52055.2,principal
SKU_1047_DEE,2024-06-01,139,9657.29,29176.1,principal
SKU_1048_MAR,2024-06-01,217,17137.59,52058.3,principal
SKU_1048_PEA,2024-06-01,0,0.0,0.0,principal
SKU_1049_BAL,2024-06-01,215,53430.31,162303.5,principal
SKU_1049_LIG,2024-06-01,256,63619.35,193254.4,principal
SKU_1050_BUB,2024-06-01,0,0.0,0.0,principal
SKU_1050_PRI,2024-06-01,233,20718.6,71041.7,principal
SKU_1051_CLE,2024-06-01,211,48118.99,158228.9,principal
SKU_1051_LIG,2024-06-01,231,52680.03,173226.9,principal
SKU_1052_PAS,2024-06-01,211,19558.43,68553.9,principal
SKU_1052_FRE,2024-06-01,176,16314.14,57182.4,principal
SKU_1053_SHO,2024-06-01,0,0.0,0.0,principal
SKU_1053_NAV,2024-06-01,138,14435.81,44146.2,principal
SKU_1054_DEE,2024-06-01,195,24664.84,69205.5,principal
SKU_1054_PAS,2024-06-01,145,18340.52,51460.5,principal
SKU_1055_LIG,2024-06-01,260,97669.49,295074.0,principal
SKU_1055_PAL,2024-06-01,0,0.0,0.0,principal
SKU_1056_CRE,2024-06-01,218,16949.91,51208.2,principal
SKU_1056_OLI,2024-06-01,232,18038.44,54496.8,principal
SKU_1057_ROY,2024-06-01,136,8278.19,25146.4,principal
SKU_1057_SNO,2024-06-01,0,0.0,0.0,principal
SKU_1058_MID,2024-06-01,158,9792.56,30794.2,principal
SKU_1058_SHO,2024-06-01,194,12023.77,37810.6,principal
SKU_1059_PEA,2024-06-01,170,16212.59,50983.0,principal
SKU_1059_OFF,2024-06-01,235,22411.53,70476.5,principal
SKU_1060_CRE,2024-06-01,220,75055.43,244178.0,principal
SKU_1060_LIM,2024-06-01,131,44692.1,145396.9,principal
SKU_1061_PAS,2024-06-01,223,25790.68,91407.7,principal
SKU_1061_EGR,2024-06-01,125,14456.66,51237.5,principal
SKU_1062_OLI,2024-06-01,242,13801.62,48375.8,principal
SKU_1062_MID,2024-06-01,205,11691.45,40979.5,principal
SKU_1063_SNO,2024-06-01,189,11077.91,34946.1,principal
SKU_1063_SAP,2024-06-01,130,7619.73,24037.0,principal
SKU_1064_PRI,2024-06-01,163,11031.9,30953.7,principal
SKU_1064_BIR,2024-06-01,200,13536.07,37980.0,principal
SKU_1065_CLE,2024-06-01,208,44158.62,134139.2,principal
SKU_1065_COB,2024-06-01,205,43521.72,132204.5,principal
SKU_1066_IVO,2024-06-01,241,14350.8,43355.9,principal
SKU_1066_WHI,2024-06-01,149,8872.49,26805.1,principal
SKU_1067_EME,2024-06-01,162,13646.59,42913.8,principal
SKU_1067_WHI,2024-06-01,141,11877.59,37350.9,principal
SKU_1068_COR,2024-06-01,147,38677.45,116850.3,principal
SKU_1068_BAL,2024-06-01,0,0.0,0.0,principal
SKU_1069_OLI,2024-06-01,0,0.0,0.0,principal
SKU_1069_CRE,2024-06-01,164,28765.09,86903.6,principal
SKU_1070_LIG,2024-06-01,0,0.0,0.0,principal
SKU_1070_MID,2024-06-01,223,25458.1,76912.7,principal
SKU_1071_BAB,2024-06-01,259,23012.43,69904.1,principal
SKU_1071_SKY,2024-06-01,217,19280.68,58568.3,principal
SKU_1072_PAS,2024-06-01,235,35773.32,108076.5,principal
SKU_1072_CER,2024-06-01,197,29988.7,90600.3,principal
SKU_1073_FRE,2024-06-01,185,19589.08,59181.5,principal
SKU_1073_BLU,2024-06-01,190,20118.51,60781.0,principal
SKU_1074_JAD,2024-06-01,220,14839.68,45078.0,principal
SKU_1074_PRI,2024-06-01,258,17402.89,52864.2,principal
SKU_1075_NAV,2024-06-01,201,18529.83,58269.9,principal
SKU_1075_LIG,2024-06-01,230,21203.29,66677.0,principal
SKU_1076_BLU,2024-06-01,0,0.0,0.0,principal
SKU_1076_POW,2024-06-01,221,15634.66,47492.9,principal
SKU_1077_NAV,2024-06-01,150,10966.23,34485.0,principal
SKU_1077_MAR,2024-06-01,157,11477.99,36094.3,principal
SKU_1078_GAR,2024-06-01,0,0.0,0.0,principal
SKU_1078_BLU,2024-06-01,221,21779.15,68487.9,principal
SKU_1079_BAB,2024-06-01,174,15746.49,47832.6,principal
SKU_1079_JAD,2024-06-01,222,20090.35,61027.8,principal
SKU_1080_TEA,2024-06-01,178,26881.24,84532.2,principal
SKU_1080_MAR,2024-06-01,138,20840.51,65536.2,principal
SKU_1081_EGR,2024-06-01,128,11246.87,35827.2,principal
SKU_1081_PAS,2024-06-01,198,17397.51,55420.2,principal
SKU_1082_PIN,2024-06-01,244,15748.28,51215.6,principal
SKU_1082_LIG,2024-06-01,262,16910.04,54993.8,principal
SKU_1083_OFF,2024-06-01,129,17459.97,59327.1,principal
SKU_1083_BAB,2024-06-01,225,30453.43,103477.5,principal
SKU_1084_DUS,2024-06-01,128,41433.25,126707.2,principal
SKU_1084_PAS,2024-06-01,172,55675.94,170262.8,principal
SKU_1085_COB,2024-06-01,191,31193.61,95480.9,principal
SKU_1085_CRE,2024-06-01,162,26457.41,80983.8,principal
SKU_1086_PRI,2024-06-01,255,22503.94,57349.5,principal
SKU_1086_CRE,2024-06-01,163,14384.87,36658.7,principal
SKU_1087_BIR,2024-06-01,160,23159.82,59984.0,principal
SKU_1087_SNO,2024-06-01,212,30686.76,79478.8,principal
SKU_1088_CER,2024-06-01,206,48481.09,147269.4,principal
SKU_1088_HON,2024-06-01,220,51775.92,157278.0,principal
SKU_1089_GAR,2024-06-01,270,26318.52,90423.0,principal
SKU_1089_EGR,2024-06-01,187,18228.01,62626.3,principal
SKU_1090_PAL,2024-06-01,248,10742.93,33455.2,principal
SKU_1090_WHI,2024-06-01,159,6887.61,21449.1,principal
SKU_1091_OFF,2024-06-01,149,12541.74,46920.1,principal
SKU_1091_MOS,2024-06-01,205,17255.42,64554.5,principal
SKU_1092_TUR,2024-06-01,220,23733.01,72578.0,principal
SKU_1092_MIN,2024-06-01,271,29234.75,89402.9,principal
SKU_1093_GAR,2024-06-01,0,0.0,0.0,principal
SKU_1093_TEA,2024-06-01,174,72239.64,202692.6,principal
SKU_1094_FOR,2024-06-01,158,14109.33,37114.2,principal
SKU_1094_DEE,2024-06-01,273,24378.79,64127.7,principal
SKU_1095_COB,2024-06-01,237,31590.46,95961.3,principal
SKU_1095_MAG,2024-06-01,0,0.0,0.0,principal
SKU_1096_HOT,2024-06-01,225,20732.19,62977.5,principal
SKU_1096_CLE,2024-06-01,127,11702.17,35547.3,principal
SKU_1097_AQU,2024-06-01,0,0.0,0.0,principal
SKU_1097_PAL,2024-06-01,191,13586.19,41045.9,principal
SKU_1098_HON,2024-06-01,0,0.0,0.0,principal
SKU_1098_HUN,2024-06-01,236,26942.21,81396.4,principal
SKU_1099_SAL,2024-06-01,146,10923.77,36485.4,principal
SKU_1099_PRI,2024-06-01,152,11372.69,37984.8,principal
SKU_1100_PEA,2024-06-01,149,7526.97,27550.1,principal
SKU_1100_COB,2024-06-01,0,0.0,0.0,principal
SKU_1101_CLE,2024-06-01,0,0.0,0.0,principal
SKU_1101_DEE,2024-06-01,201,22291.46,83394.9,principal
SKU_1102_FLA,2024-06-01,264,76047.92,256053.6,principal
SKU_1102_OFF,2024-06-01,219,63085.21,212408.1,principal
SKU_1103_EGR,2024-06-01,146,7214.44,18965.4,principal
SKU_1103_LIG,2024-06-01,138,6819.13,17926.2,principal
SKU_1104_POW,2024-06-01,143,8515.21,25725.7,principal
SKU_1104_MEX,2024-06-01,195,11611.65,35080.5,principal
SKU_1105_ARM,2024-06-01,0,0.0,0.0,principal
SKU_1105_SER,2024-06-01,266,17942.52,54503.4,principal
SKU_1106_MYS,2024-06-01,189,46873.55,147401.1,principal
SKU_1106_SNO,2024-06-01,157,38937.29,122444.3,principal
SKU_1107_BAL,2024-06-01,238,77950.02,236786.2,principal
SKU_1107_PAS,2024-06-01,140,45852.95,139286.0,principal
SKU_1108_PRI,2024-06-01,178,14723.61,44482.2,principal
SKU_1108_SNO,2024-06-01,177,14640.89,44232.3,principal
SKU_1109_SAG,2024-06-01,0,0.0,0.0,principal
SKU_1109_CER,2024-06-01,262,16519.11,60233.8,principal
SKU_1110_FLA,2024-06-01,226,14270.91,51957.4,principal
SKU_1110_HUN,2024-06-01,0,0.0,0.0,principal
SKU_1111_CRE,2024-06-01,110,6171.69,23089.0,principal
SKU_1111_BLU,2024-06-01,157,8808.68,32954.3,principal
SKU_1112_MIN,2024-06-01,195,15920.83,53605.5,principal
SKU_1112_EGR,2024-06-01,159,12981.6,43709.1,principal
SKU_1113_VAN,2024-06-01,0,0.0,0.0,principal
SKU_1113_OLI,2024-06-01,0,0.0,0.0,principal
SKU_1114_GAR,2024-06-01,174,23031.84,69582.6,principal
SKU_1114_PRI,2024-06-01,216,28591.25,86378.4,principal
SKU_1115_LIM,2024-06-01,218,15506.75,46848.2,principal
SKU_1115_TEA,2024-06-01,0,0.0,0.0,principal
SKU_1116_MOS,2024-06-01,163,12872.94,39103.7,principal
SKU_1116_SNO,2024-06-01,186,14689.36,44621.4,principal
SKU_1117_MOS,2024-06-01,185,13465.58,40681.5,principal
SKU_1117_MIN,2024-06-01,216,15721.97,47498.4,principal
SKU_1118_FUC,2024-06-01,175,17082.08,51607.5,principal
SKU_1118_DUS,2024-06-01,161,15715.52,47478.9,principal
SKU_1119_PAS,2024-06-01,150,6908.26,20985.0,principal
SKU_1119_LIG,2024-06-01,0,0.0,0.0,principal
SKU_1120_AQU,2024-06-01,176,13426.72,42222.4,principal
SKU_1120_SAL,2024-06-01,209,15944.23,50139.1,principal
SKU_1121_MYS,2024-06-01,216,17769.69,53978.4,principal
SKU_1121_MIN,2024-06-01,230,18921.43,57477.0,principal
SKU_1122_ROY,2024-06-01,205,28831.59,87104.5,principal
SKU_1122_PIS,2024-06-01,265,37270.1,112598.5,principal
SKU_1123_BAB,2024-06-01,143,20348.46,61475.7,principal
SKU_1123_SER,2024-06-01,0,0.0,0.0,principal
SKU_1124_BLU,2024-06-01,251,31390.83,95354.9,principal
SKU_1124_FOR,2024-06-01,213,26638.44,80918.7,principal
SKU_1125_MIN,2024-06-01,216,11370.04,34538.4,principal
SKU_1125_SAP,2024-06-01,152,8001.14,24304.8,principal
SKU_1126_WHI,2024-06-01,306,69370.78,209579.4,principal
SKU_1126_WHI,2024-06-01,306,69370.78,209579.4,principal
SKU_1127_SAL,2024-06-01,234,15398.86,46776.6,principal
SKU_1127_BLU,2024-06-01,149,9805.25,29785.1,principal
SKU_1128_PRI,2024-06-01,233,31440.81,95506.7,principal
SKU_1128_TEA,2024-06-01,0,0.0,0.0,principal
SKU_1129_VAN,2024-06-01,197,25098.17,75825.3,principal
SKU_1129_SAG,2024-06-01,148,18855.48,56965.2,principal
SKU_1130_CRE,2024-06-01,132,9771.89,32986.8,principal
SKU_1130_MEX,2024-06-01,202,14953.96,50479.8,principal
SKU_1131_CLO,2024-06-01,235,63702.53,207951.5,principal
SKU_1131_JAD,2024-06-01,114,30902.5,100878.6,principal
SKU_1132_NAV,2024-06-01,0,0.0,0.0,principal
SKU_1132_CLE,2024-06-01,257,13228.58,44949.3,principal
SKU_1133_MOS,2024-06-01,157,42427.73,142854.3,principal
SKU_1133_PEA,2024-06-01,231,62425.51,210186.9,principal
SKU_1134_DUS,2024-06-01,151,13325.86,33959.9,principal
SKU_1134_PIN,2024-06-01,244,21533.19,54875.6,principal
SKU_1135_ROS,2024-06-01,187,12789.08,33641.3,principal
SKU_1135_MAR,2024-06-01,157,10737.35,28244.3,principal
SKU_1136_SNO,2024-06-01,188,15466.21,46981.2,principal
SKU_1136_FUC,2024-06-01,132,10859.25,32986.8,principal
SKU_1137_DEE,2024-06-01,159,20472.55,64379.1,principal
SKU_1137_PAL,2024-06-01,239,30773.21,96771.1,principal
SKU_1138_PEA,2024-06-01,229,16377.67,51502.1,principal
SKU_1138_HON,2024-06-01,214,15304.89,48128.6,principal
SKU_1139_PRI,2024-06-01,204,19575.21,59139.6,principal
SKU_1139_EGR,2024-06-01,205,19671.16,59429.5,principal
SKU_1140_SNO,2024-06-01,231,13806.63,46176.9,principal
SKU_1140_ROS,2024-06-01,0,0.0,0.0,principal
SKU_1141_SKY,2024-06-01,137,15127.78,49991.3,principal
SKU_1141_CLE,2024-06-01,248,27384.59,90495.2,principal
SKU_1142_MIN,2024-06-01,159,14445.99,54044.1,principal
SKU_1142_PAS,2024-06-01,168,15263.69,57103.2,principal
SKU_1143_IVO,2024-06-01,208,13256.32,40539.2,principal
SKU_1143_SNO,2024-06-01,149,9496.11,29040.1,principal
SKU_1144_SEA,2024-06-01,212,26604.72,69938.8,principal
SKU_1144_BUB,2024-06-01,255,32000.96,84124.5,principal
SKU_1145_MOS,2024-06-01,191,28443.13,85930.9,principal
SKU_1145_LIG,2024-06-01,0,0.0,0.0,principal
SKU_1146_FRE,2024-06-01,140,21656.75,65786.0,principal
SKU_1146_CER,2024-06-01,211,32639.82,99148.9,principal
SKU_1147_COR,2024-06-01,265,30691.48,92723.5,principal
SKU_1147_MEX,2024-06-01,0,0.0,0.0,principal
SKU_1148_TEA,2024-06-01,152,21880.69,66104.8,principal
SKU_1148_SPA,2024-06-01,231,33252.89,100461.9,principal
SKU_1149_IVO,2024-06-01,201,10220.49,32139.9,principal
SKU_1149_OLI,2024-06-01,198,10067.94,31660.2,principal
SKU_1150_SAG,2024-06-01,198,39409.51,125710.2,principal
SKU_1150_VAN,2024-06-01,247,49162.36,156820.3,principal
SKU_1151_CRE,2024-06-01,201,49705.36,162789.9,principal
SKU_1151_JAD,2024-06-01,221,54651.16,178987.9,principal
SKU_1152_CLO,2024-06-01,266,72161.22,269963.4,principal
SKU_1152_WHI,2024-06-01,184,49916.03,186741.6,principal
SKU_1153_PEA,2024-06-01,239,26611.53,89601.1,principal
SKU_1153_MOS,2024-06-01,152,16924.49,56984.8,principal
SKU_1154_VAN,2024-06-01,163,34212.85,87188.7,principal
SKU_1154_PEA,2024-06-01,178,37361.27,95212.2,principal
SKU_1155_ARM,2024-06-01,222,65398.09,172027.8,principal
SKU_1155_BAB,2024-06-01,170,50079.62,131733.0,principal
SKU_1156_FLA,2024-06-01,234,21199.98,66666.6,principal
SKU_1156_EGR,2024-06-01,168,15220.5,47863.2,principal
SKU_1157_DEE,2024-06-01,208,13003.14,39499.2,principal
SKU_1157_PAS,2024-06-01,182,11377.74,34561.8,principal
SKU_1158_AQU,2024-06-01,249,54627.66,171785.1,principal
SKU_1158_MYS,2024-06-01,173,37954.16,119352.7,principal
SKU_1159_PAS,2024-06-01,165,9825.24,29683.5,principal
SKU_1159_PRI,2024-06-01,176,10480.25,31662.4,principal
SKU_1160_DUS,2024-06-01,244,16548.54,49995.6,principal
SKU_1160_LIM,2024-06-01,134,9088.13,27456.6,principal
SKU_1161_MEX,2024-06-01,170,23909.12,72233.0,principal
SKU_1161_DUS,2024-06-01,0,0.0,0.0,principal
SKU_1162_HOT,2024-06-01,239,57753.92,181616.1,principal
SKU_1162_BUB,2024-06-01,238,57512.27,180856.2,principal
SKU_1163_HUN,2024-06-01,220,18098.76,54978.0,principal
SKU_1163_SPA,2024-06-01,228,18756.89,56977.2,principal
SKU_1164_BRI,2024-06-01,235,14938.53,46976.5,principal
SKU_1164_MIN,2024-06-01,165,10488.75,32983.5,principal
SKU_1165_HUN,2024-06-01,0,0.0,0.0,principal
SKU_1165_MAR,2024-06-01,242,26157.34,82255.8,principal
SKU_1166_PIS,2024-06-01,162,31162.03,97993.8,principal
SKU_1166_FRE,2024-06-01,228,43857.67,137917.2,principal
SKU_1167_WHI,2024-06-01,166,39321.78,123653.4,principal
SKU_1167_JAD,2024-06-01,163,38611.15,121418.7,principal
SKU_1168_GAR,2024-06-01,205,51563.01,155779.5,principal
SKU_1168_BLU,2024-06-01,0,0.0,0.0,principal
SKU_1169_BUB,2024-06-01,193,12268.66,38580.7,principal
SKU_1169_MEX,2024-06-01,223,14175.71,44577.7,principal
SKU_1170_GAR,2024-06-01,181,53322.8,161976.9,principal
SKU_1170_OFF,2024-06-01,151,44484.76,135129.9,principal
SKU_1171_MIN,2024-06-01,152,8604.53,28104.8,principal
SKU_1171_EME,2024-06-01,198,11208.53,36610.2,principal
SKU_1172_ARM,2024-06-01,115,12700.31,41388.5,principal
SKU_1172_PIN,2024-06-01,143,15792.56,51465.7,principal
SKU_1173_GAR,2024-06-01,147,12757.99,43350.3,principal
SKU_1173_AQU,2024-06-01,133,11542.95,39221.7,principal
SKU_1174_PEA,2024-06-01,157,10446.51,32954.3,principal
SKU_1174_BLU,2024-06-01,163,10845.74,34213.7,principal
SKU_1175_FUC,2024-06-01,116,10228.45,31308.4,principal
SKU_1175_CLE,2024-06-01,163,14372.74,43993.7,principal
SKU_1176_GAR,2024-06-01,256,31639.54,83174.4,principal
SKU_1176_NAV,2024-06-01,240,29662.07,77976.0,principal
SKU_1177_MIN,2024-06-01,209,16505.79,50139.1,principal
SKU_1177_PEA,2024-06-01,180,14215.51,43182.0,principal
SKU_1178_RAS,2024-06-01,249,25330.32,79655.1,principal
SKU_1178_MID,2024-06-01,195,19837.0,62380.5,principal
SKU_1179_TUR,2024-06-01,185,19996.32,62881.5,principal
SKU_1179_VAN,2024-06-01,231,24968.37,78516.9,principal
SKU_1180_ROY,2024-06-01,227,34653.57,120287.3,principal
SKU_1180_AQU,2024-06-01,176,26867.96,93262.4,principal
SKU_1181_AQU,2024-06-01,255,22890.4,73924.5,principal
SKU_1181_SER,2024-06-01,200,17953.25,57980.0,principal
SKU_1182_BIR,2024-06-01,180,45629.9,151182.0,principal
SKU_1182_PIN,2024-06-01,189,47911.4,158741.1,principal
SKU_1183_POW,2024-06-01,185,40102.01,120231.5,principal
SKU_1183_MOS,2024-06-01,233,50506.86,151426.7,principal
SKU_1184_HOT,2024-06-01,205,24422.41,69679.5,principal
SKU_1184_BAB,2024-06-01,0,0.0,0.0,principal
SKU_1185_BAL,2024-06-01,156,58457.49,154424.4,principal
SKU_1185_MAG,2024-06-01,184,68949.85,182141.6,principal
SKU_1186_FLA,2024-06-01,0,0.0,0.0,principal
SKU_1186_MEX,2024-06-01,217,33925.15,103053.3,principal
SKU_1187_JAD,2024-06-01,163,16720.03,50513.7,principal
SKU_1187_OLI,2024-06-01,189,19387.03,58571.1,principal
SKU_1188_TEA,2024-06-01,116,9211.2,27828.4,principal
SKU_1188_BAB,2024-06-01,118,9370.01,28308.2,principal
SKU_1189_FUC,2024-06-01,0,0.0,0.0,principal
SKU_1189_ROY,2024-06-01,261,20293.25,61308.9,principal
SKU_1190_TEA,2024-06-01,160,26978.15,92784.0,principal
SKU_1190_MAG,2024-06-01,181,30519.04,104961.9,principal
SKU_1191_MIN,2024-06-01,148,8518.62,27365.2,principal
SKU_1191_MYS,2024-06-01,190,10936.07,35131.0,principal
SKU_1192_MAR,2024-06-01,163,10496.12,38288.7,principal
SKU_1192_RAS,2024-06-01,0,0.0,0.0,principal
SKU_1193_CLE,2024-06-01,169,23763.12,75188.1,principal
SKU_1193_ROS,2024-06-01,145,20388.48,64510.5,principal
SKU_1194_FLA,2024-06-01,180,13881.7,39582.0,principal
SKU_1194_SAG,2024-06-01,172,13264.74,37822.8,principal
SKU_1195_HUN,2024-06-01,187,29960.25,87871.3,principal
SKU_1195_SAL,2024-06-01,0,0.0,0.0,principal
SKU_1196_PEA,2024-06-01,0,0.0,0.0,principal
SKU_1196_RAS,2024-06-01,0,0.0,0.0,principal
SKU_1197_ROS,2024-06-01,168,43962.42,133543.2,principal
SKU_1197_COR,2024-06-01,128,33495.18,101747.2,principal
SKU_1198_SEA,2024-06-01,200,21299.64,66980.0,principal
SKU_1198_SAL,2024-06-01,121,12886.28,40522.9,principal
SKU_1199_PAL,2024-06-01,207,11910.8,43449.3,principal
SKU_1199_TEA,2024-06-01,191,10990.16,40090.9,principal
SKU_1200_MID,2024-06-01,265,14116.55,47673.5,principal
SKU_1200_PAS,2024-06-01,212,11293.24,38138.8,principal
SKU_1201_BIR,2024-06-01,0,0.0,0.0,principal
SKU_1201_SAG,2024-06-01,244,37687.36,118315.6,principal
SKU_1202_LIG,2024-06-01,237,70283.57,193131.3,principal
SKU_1202_CLE,2024-06-01,248,73545.68,202095.2,principal
SKU_1203_OFF,2024-06-01,0,0.0,0.0,principal
SKU_1203_FLA,2024-06-01,171,47218.59,129942.9,principal
SKU_1204_AQU,2024-06-01,125,16874.06,43737.5,principal
SKU_1204_MIN,2024-06-01,234,31588.24,81876.6,principal
SKU_1205_RAS,2024-06-01,187,49201.93,148646.3,principal
SKU_1205_COR,2024-06-01,166,43676.58,131953.4,principal
SKU_1206_HUN,2024-06-01,200,27466.38,82980.0,principal
SKU_1206_BLA,2024-06-01,149,20462.45,61820.1,principal
SKU_1207_POW,2024-06-01,203,68157.47,207039.7,principal
SKU_1207_BLA,2024-06-01,137,45997.9,139726.3,principal
SKU_1208_PAS,2024-06-01,150,36762.98,96735.0,principal
SKU_1208_MOS,2024-06-01,159,38968.76,102539.1,principal
SKU_1209_BLA,2024-06-01,207,22342.09,57939.3,principal
SKU_1209_DUS,2024-06-01,163,17593.05,45623.7,principal
SKU_1210_SHO,2024-06-01,183,14668.19,37496.7,principal
SKU_1210_WHI,2024-06-01,228,18275.12,46717.2,principal
SKU_1211_GAR,2024-06-01,229,24116.24,73257.1,principal
SKU_1211_CRE,2024-06-01,265,27907.44,84773.5,principal
SKU_1212_COB,2024-06-01,242,16922.62,53215.8,principal
SKU_1212_SNO,2024-06-01,180,12587.08,39582.0,principal
SKU_1213_MAG,2024-06-01,165,47522.82,144358.5,principal
SKU_1213_POW,2024-06-01,176,50691.01,153982.4,principal
SKU_1214_BLA,2024-06-01,181,17018.08,54281.9,principal
SKU_1214_RAS,2024-06-01,206,19368.65,61779.4,principal
SKU_1215_MAG,2024-06-01,214,14768.4,47058.6,principal
SKU_1215_BRI,2024-06-01,138,9523.55,30346.2,principal
SKU_1216_WHI,2024-06-01,254,38692.9,144754.6,principal
SKU_1216_CRE,2024-06-01,266,40520.92,151593.4,principal
SKU_1217_ROS,2024-06-01,185,48083.04,151681.5,principal
SKU_1217_RAS,2024-06-01,157,40805.6,128724.3,principal
SKU_1218_BLU,2024-06-01,186,47798.79,121811.4,principal
SKU_1218_SNO,2024-06-01,123,31608.88,80552.7,principal
SKU_1219_MAR,2024-06-01,210,31526.29,82929.0,principal
SKU_1219_LIM,2024-06-01,0,0.0,0.0,principal
SKU_1220_TUR,2024-06-01,161,16248.43,49088.9,principal
SKU_1220_HOT,2024-06-01,128,12918.0,39027.2,principal
SKU_1221_SAG,2024-06-01,196,45804.85,144040.4,principal
SKU_1221_PAL,2024-06-01,0,0.0,0.0,principal
SKU_1222_PAS,2024-06-01,176,48952.83,148702.4,principal
SKU_1222_HON,2024-06-01,192,53403.09,162220.8,principal
SKU_1223_TEA,2024-06-01,254,12116.07,36804.6,principal
SKU_1223_BLA,2024-06-01,153,7298.27,22169.7,principal
SKU_1224_OLI,2024-06-01,0,0.0,0.0,principal
SKU_1224_ARM,2024-06-01,138,18722.78,57256.2,principal
SKU_1225_POW,2024-06-01,182,11848.53,39111.8,principal
SKU_1225_IVO,2024-06-01,253,16470.76,54369.7,principal
SKU_1226_PAL,2024-06-01,250,34585.49,121225.0,principal
SKU_1226_LIG,2024-06-01,216,29881.87,104738.4,principal
SKU_1227_CLO,2024-06-01,200,23754.06,79980.0,principal
SKU_1227_PAS,2024-06-01,217,25773.16,86778.3,principal
SKU_1228_WHI,2024-06-01,247,28097.92,71605.3,principal
SKU_1228_SPA,2024-06-01,165,18769.87,47833.5,principal
SKU_1229_SAL,2024-06-01,149,42178.78,128125.1,principal
SKU_1229_CLO,2024-06-01,208,58880.45,178859.2,principal
SKU_1230_ROS,2024-06-01,196,25802.83,78380.4,principal
SKU_1230_NAV,2024-06-01,210,27645.89,83979.0,principal
SKU_1231_LIG,2024-06-01,209,33199.0,100299.1,principal
SKU_1231_BIR,2024-06-01,0,0.0,0.0,principal
SKU_1232_AQU,2024-06-01,131,15388.82,46491.9,principal
SKU_1232_FOR,2024-06-01,0,0.0,0.0,principal
SKU_1233_JAD,2024-06-01,181,14294.49,43421.9,principal
SKU_1233_SEA,2024-06-01,216,17058.62,51818.4,principal
SKU_1234_MOS,2024-06-01,139,9238.87,28481.1,principal
SKU_1234_SAL,2024-06-01,0,0.0,0.0,principal
SKU_1235_HUN,2024-06-01,0,0.0,0.0,principal
SKU_1235_COR,2024-06-01,211,28601.48,99148.9,principal
SKU_1236_DEE,2024-06-01,191,33743.78,108850.9,principal
SKU_1236_LIM,2024-06-01,268,47347.29,152733.2,principal
SKU_1237_BAB,2024-06-01,158,45072.89,157984.2,principal
SKU_1237_GAR,2024-06-01,258,73600.04,257974.2,principal
SKU_1238_SAP,2024-06-01,235,34260.25,108076.5,principal
SKU_1238_TUR,2024-06-01,0,0.0,0.0,principal
SKU_1239_BAB,2024-06-01,128,15089.4,39667.2,principal
SKU_1239_MID,2024-06-01,128,15089.4,39667.2,principal
SKU_1240_PAL,2024-06-01,260,85583.44,259974.0,principal
SKU_1240_MOS,2024-06-01,0,0.0,0.0,principal
SKU_1241_BAL,2024-06-01,141,16705.55,50745.9,principal
SKU_1241_FLA,2024-06-01,151,17890.34,54344.9,principal
SKU_1242_AQU,2024-06-01,232,23232.06,73056.8,principal
SKU_1242_SKY,2024-06-01,241,24133.31,75890.9,principal
SKU_1243_SNO,2024-06-01,181,14672.2,44326.9,principal
SKU_1243_PIN,2024-06-01,252,20427.6,61714.8,principal
SKU_1244_COB,2024-06-01,260,23968.93,75374.0,principal
SKU_1244_GAR,2024-06-01,170,15671.99,49283.0,principal
SKU_1245_COB,2024-06-01,168,10395.94,35263.2,principal
SKU_1245_SNO,2024-06-01,0,0.0,0.0,principal
SKU_1246_PAL,2024-06-01,204,16795.36,60159.6,principal
SKU_1246_COR,2024-06-01,155,12761.18,45709.5,principal
SKU_1247_SAP,2024-06-01,138,7082.91,24826.2,principal
SKU_1247_SKY,2024-06-01,212,10881.0,38138.8,principal
SKU_1248_AQU,2024-06-01,130,7222.45,22087.0,principal
SKU_1248_SAG,2024-06-01,159,8833.61,27014.1,principal
SKU_1249_WHI,2024-06-01,178,18275.25,48042.2,principal
SKU_1249_ARM,2024-06-01,238,24435.45,64236.2,principal
SKU_1250_AQU,2024-06-01,147,12577.18,38205.3,principal
SKU_1250_BAB,2024-06-01,178,15229.52,46262.2,principal
SKU_1251_SHO,2024-06-01,136,41185.03,125106.4,principal
SKU_1251_COB,2024-06-01,0,0.0,0.0,principal
SKU_1252_NAV,2024-06-01,190,13588.46,42731.0,principal
SKU_1252_FLA,2024-06-01,150,10727.73,33735.0,principal
SKU_1253_SEA,2024-06-01,247,29264.33,88895.3,principal
SKU_1253_FRE,2024-06-01,201,23814.3,72339.9,principal
SKU_1254_SEA,2024-06-01,0,0.0,0.0,principal
SKU_1254_BAB,2024-06-01,115,7228.54,21838.5,principal
SKU_1255_VAN,2024-06-01,123,18336.96,59027.7,principal
SKU_1255_SHO,2024-06-01,253,37717.48,121414.7,principal
SKU_1256_SEA,2024-06-01,221,43708.84,143627.9,principal
SKU_1256_MID,2024-06-01,240,47466.62,155976.0,principal
SKU_1257_SPA,2024-06-01,169,9879.4,34628.1,principal
SKU_1257_EME,2024-06-01,164,9587.11,33603.6,principal
SKU_1258_AQU,2024-06-01,166,13060.1,43973.4,principal
SKU_1258_LIG,2024-06-01,0,0.0,0.0,principal
SKU_1259_ARM,2024-06-01,147,18855.45,52905.3,principal
SKU_1259_POW,2024-06-01,0,0.0,0.0,principal
SKU_1260_WHI,2024-06-01,231,25989.09,78516.9,principal
SKU_1260_ROY,2024-06-01,233,26214.11,79196.7,principal
SKU_1261_PAS,2024-06-01,427,69567.3,211322.3,principal
SKU_1261_PAS,2024-06-01,427,69567.3,211322.3,principal
SKU_1262_BLU,2024-06-01,245,22293.02,67350.5,principal
SKU_1262_OFF,2024-06-01,0,0.0,0.0,principal
SKU_1263_COB,2024-06-01,0,0.0,0.0,principal
SKU_1263_SKY,2024-06-01,227,13817.28,41972.3,principal
SKU_1264_EGR,2024-06-01,265,51817.62,162948.5,principal
SKU_1264_BRI,2024-06-01,217,42431.79,133433.3,principal
SKU_1265_CRE,2024-06-01,171,12446.56,37602.9,principal
SKU_1265_JAD,2024-06-01,201,14630.17,44199.9,principal
SKU_1266_MEX,2024-06-01,192,18955.6,57580.8,principal
SKU_1266_SPA,2024-06-01,261,25767.77,78273.9,principal
SKU_1267_SKY,2024-06-01,208,23057.2,69659.2,principal
SKU_1267_SAP,2024-06-01,0,0.0,0.0,principal
SKU_1268_MYS,2024-06-01,179,19063.18,59947.1,principal
SKU_1268_MAR,2024-06-01,180,19169.68,60282.0,principal
SKU_1269_BAB,2024-06-01,190,65043.67,197581.0,principal
SKU_1269_CER,2024-06-01,132,45188.23,137266.8,principal
SKU_1270_CRE,2024-06-01,273,17066.62,51842.7,principal
SKU_1270_TUR,2024-06-01,198,12377.99,37600.2,principal
SKU_1271_OLI,2024-06-01,165,48337.59,146833.5,principal
SKU_1271_FLA,2024-06-01,117,34275.74,104118.3,principal
SKU_1272_PAS,2024-06-01,0,0.0,0.0,principal
SKU_1272_TEA,2024-06-01,189,23766.16,71801.1,principal
SKU_1273_PAS,2024-06-01,200,48647.64,152980.0,principal
SKU_1273_EGR,2024-06-01,0,0.0,0.0,principal
SKU_1274_MEX,2024-06-01,195,16426.45,51655.5,principal
SKU_1274_BAL,2024-06-01,268,22575.84,70993.2,principal
SKU_1275_MIN,2024-06-01,231,14060.76,42711.9,principal
SKU_1275_BIR,2024-06-01,182,11078.17,33651.8,principal
SKU_1276_WHI,2024-06-01,0,0.0,0.0,principal
SKU_1276_LIG,2024-06-01,985,49631.14,172276.5,principal
SKU_1277_MYS,2024-06-01,927,66368.12,245562.3,principal
SKU_1277_BAB,2024-06-01,961,68802.34,254568.9,principal
SKU_1278_BAB,2024-06-01,148,43486.91,152425.2,principal
SKU_1278_MOS,2024-06-01,487,143095.44,501561.3,principal
SKU_1279_FUC,2024-06-01,509,68768.6,231544.1,principal
SKU_1279_IVO,2024-06-01,916,123756.45,416688.4,principal
SKU_1280_LIM,2024-06-01,1007,179411.51,503399.3,principal
SKU_1280_PRI,2024-06-01,167,29753.45,83483.3,principal
SKU_1281_PIS,2024-06-01,147,29612.68,77895.3,principal
SKU_1281_CER,2024-06-01,0,0.0,0.0,principal
SKU_1282_PIN,2024-06-01,952,67717.57,204584.8,principal
SKU_1282_BAL,2024-06-01,376,26745.59,80802.4,principal
SKU_1283_SNO,2024-06-01,229,13828.9,43487.1,principal
SKU_1283_BAB,2024-06-01,182,10990.65,34561.8,principal
SKU_1284_COR,2024-06-01,0,0.0,0.0,principal
SKU_1284_HOT,2024-06-01,209,48843.11,148369.1,principal
SKU_1285_WHI,2024-06-01,404,117663.75,355479.6,principal
SKU_1285_CLO,2024-06-01,1057,307847.97,930054.3,principal
SKU_1286_MAR,2024-06-01,884,65129.33,216491.6,principal
SKU_1286_HOT,2024-06-01,462,34038.18,113143.8,principal
SKU_1287_NAV,2024-06-01,401,44911.33,152339.9,principal
SKU_1287_CER,2024-06-01,948,106174.41,360145.2,principal
SKU_1288_SAG,2024-06-01,132,9319.54,31666.8,principal
SKU_1288_BAB,2024-06-01,1049,74062.1,251655.1,principal
SKU_1289_AQU,2024-06-01,372,125281.16,383122.8,principal
SKU_1289_AQU,2024-06-01,372,125281.16,383122.8,principal
SKU_1290_BIR,2024-06-01,482,92574.83,243361.8,principal
SKU_1290_PIN,2024-06-01,128,24584.19,64627.2,principal
SKU_1291_SAL,2024-06-01,798,63022.11,191440.2,principal
SKU_1291_SPA,2024-06-01,171,13504.74,41022.9,principal
SKU_1292_TEA,2024-06-01,466,47800.84,144413.4,principal
SKU_1292_FLA,2024-06-01,959,98371.25,297194.1,principal
SKU_1293_TEA,2024-06-01,180,18067.15,54882.0,principal
SKU_1293_OFF,2024-06-01,875,87826.44,266787.5,principal
SKU_1294_SEA,2024-06-01,340,22496.75,67966.0,principal
SKU_1294_COR,2024-06-01,195,12902.55,38980.5,principal
SKU_1295_PIS,2024-06-01,1031,174759.74,530861.9,principal
SKU_1295_FLA,2024-06-01,411,69666.59,211623.9,principal
SKU_1296_DEE,2024-06-01,468,84913.49,304153.2,principal
SKU_1296_PEA,2024-06-01,0,0.0,0.0,principal
SKU_1297_WHI,2024-06-01,101,6551.49,23219.9,principal
SKU_1297_MIN,2024-06-01,482,31265.55,110811.8,principal
SKU_1298_OFF,2024-06-01,0,0.0,0.0,principal
SKU_1298_IVO,2024-06-01,0,0.0,0.0,principal
SKU_1299_BRI,2024-06-01,137,8947.51,30126.3,principal
SKU_1299_HOT,2024-06-01,388,25340.4,85321.2,principal
SKU_1300_BIR,2024-06-01,0,0.0,0.0,principal
SKU_1300_TEA,2024-06-01,941,385644.72,1082055.9,principal
SKU_1301_AQU,2024-06-01,462,82874.06,251743.8,principal
SKU_1301_GAR,2024-06-01,484,86820.44,263731.6,principal
SKU_1302_EME,2024-06-01,186,25710.98,78101.4,principal
SKU_1302_DUS,2024-06-01,179,24743.36,75162.1,principal
SKU_1303_BIR,2024-06-01,416,22706.07,68598.4,principal
SKU_1303_SAP,2024-06-01,957,52234.88,157809.3,principal
SKU_1304_TUR,2024-06-01,485,76328.43,240026.5,principal
SKU_1304_GAR,2024-06-01,1083,170440.59,535976.7,principal
SKU_1305_MAR,2024-06-01,182,20964.05,63681.8,principal
SKU_1305_OFF,2024-06-01,905,104244.31,316659.5,principal
SKU_1306_FRE,2024-06-01,400,109379.28,343960.0,principal
SKU_1306_SPA,2024-06-01,902,246650.28,775629.8,principal
SKU_1307_MAG,2024-06-01,450,32754.1,98955.0,principal
SKU_1307_FOR,2024-06-01,231,16813.77,50796.9,principal
SKU_1308_PAS,2024-06-01,416,57818.55,174678.4,principal
SKU_1308_CER,2024-06-01,460,63933.97,193154.0,principal
SKU_1309_OLI,2024-06-01,226,27148.27,82467.4,principal
SKU_1309_LIG,2024-06-01,206,24745.77,75169.4,principal
SKU_1310_MOS,2024-06-01,425,33747.93,101957.5,principal
SKU_1310_EGR,2024-06-01,187,14849.09,44861.3,principal
SKU_1311_BAB,2024-06-01,233,67491.5,205016.7,principal
SKU_1311_NAV,2024-06-01,1054,305304.89,927414.6,principal
SKU_1312_HOT,2024-06-01,1045,86439.16,261145.5,principal
SKU_1312_NAV,2024-06-01,522,43178.22,130447.8,principal
SKU_1313_SPA,2024-06-01,941,289610.7,879740.9,principal
SKU_1313_SHO,2024-06-01,392,120645.48,366480.8,principal
SKU_1314_BLU,2024-06-01,446,42564.05,129295.4,principal
SKU_1314_SNO,2024-06-01,0,0.0,0.0,principal
SKU_1315_WHI,2024-06-01,979,111764.5,337657.1,principal
SKU_1315_BLA,2024-06-01,181,20663.3,62426.9,principal
SKU_1316_DEN,2024-06-01,835,141536.74,429941.5,principal
SKU_1316_AQU,2024-06-01,888,150520.51,457231.2,principal
SKU_1317_BLU,2024-06-01,0,0.0,0.0,principal
SKU_1317_ROS,2024-06-01,469,30671.83,100788.1,principal
SKU_1318_PAS,2024-06-01,229,17425.5,54937.1,principal
SKU_1318_MYS,2024-06-01,151,11490.18,36224.9,principal
SKU_1319_MAR,2024-06-01,845,45780.81,160465.5,principal
SKU_1319_ROS,2024-06-01,506,27414.31,96089.4,principal
SKU_1320_PIS,2024-06-01,104,4630.11,15589.6,principal
SKU_1320_FOR,2024-06-01,417,18564.97,62508.3,principal
SKU_1321_FLA,2024-06-01,987,53218.08,147951.3,principal
SKU_1321_SER,2024-06-01,229,12347.46,34327.1,principal
SKU_1322_MOS,2024-06-01,0,0.0,0.0,principal
SKU_1322_IVO,2024-06-01,140,17569.15,46186.0,principal
SKU_1323_AQU,2024-06-01,170,19028.17,49283.0,principal
SKU_1323_FRE,2024-06-01,959,107341.24,278014.1,principal
SKU_1324_MID,2024-06-01,174,19000.26,57402.6,principal
SKU_1324_SNO,2024-06-01,534,58311.14,176166.6,principal
SKU_1325_LIG,2024-06-01,1059,98663.78,317594.1,principal
SKU_1325_PEA,2024-06-01,377,35123.93,113062.3,principal
SKU_1326_PAS,2024-06-01,193,28420.43,97445.7,principal
SKU_1326_BAB,2024-06-01,465,68474.09,234778.5,principal
SKU_1327_GAR,2024-06-01,486,36036.64,126311.4,principal
SKU_1327_HON,2024-06-01,473,35072.7,122932.7,principal
SKU_1328_EGR,2024-06-01,155,12194.67,41059.5,principal
SKU_1328_LIG,2024-06-01,201,15813.74,53244.9,principal
SKU_1329_NAV,2024-06-01,873,85531.62,239987.7,principal
SKU_1329_MIN,2024-06-01,395,38699.87,108585.5,principal
SKU_1330_PRI,2024-06-01,452,46364.76,140074.8,principal
SKU_1330_LIM,2024-06-01,1089,111706.24,337481.1,principal
SKU_1331_ARM,2024-06-01,179,15932.47,50102.1,principal
SKU_1331_AQU,2024-06-01,1008,89720.27,282139.2,principal
SKU_1332_MOS,2024-06-01,1676,91479.26,276372.4,principal
SKU_1332_MOS,2024-06-01,1676,91479.26,276372.4,principal
SKU_1333_PIS,2024-06-01,435,27342.75,82606.5,principal
SKU_1333_MOS,2024-06-01,417,26211.33,79188.3,principal
SKU_1334_TEA,2024-06-01,384,58455.13,176601.6,principal
SKU_1334_ROY,2024-06-01,0,0.0,0.0,principal
SKU_1335_CRE,2024-06-01,891,101344.58,338490.9,principal
SKU_1335_BRI,2024-06-01,0,0.0,0.0,principal
SKU_1336_LIM,2024-06-01,376,35944.2,131562.4,principal
SKU_1336_PIN,2024-06-01,188,17972.1,65781.2,principal
SKU_1337_DUS,2024-06-01,401,21820.84,74144.9,principal
SKU_1337_MAG,2024-06-01,207,11264.13,38274.3,principal
SKU_1338_OLI,2024-06-01,389,26063.89,79706.1,principal
SKU_1338_PAS,2024-06-01,168,11256.39,34423.2,principal
SKU_1339_JAD,2024-06-01,135,14910.53,41836.5,principal
SKU_1339_EME,2024-06-01,975,107687.15,302152.5,principal
SKU_1340_SNO,2024-06-01,0,0.0,0.0,principal
SKU_1340_POW,2024-06-01,1097,413460.48,1255955.3,principal
SKU_1341_HOT,2024-06-01,1075,61498.81,193392.5,principal
SKU_1341_PEA,2024-06-01,410,23455.36,73759.0,principal
SKU_1342_CRE,2024-06-01,981,109154.1,343251.9,principal
SKU_1342_BAB,2024-06-01,343,38164.99,120015.7,principal
SKU_1343_NAV,2024-06-01,386,40233.51,121551.4,principal
SKU_1343_IVO,2024-06-01,961,100166.86,302618.9,principal
SKU_1344_PAS,2024-06-01,431,43159.56,135721.9,principal
SKU_1344_MID,2024-06-01,414,41457.21,130368.6,principal
SKU_1345_ARM,2024-06-01,144,47386.42,172785.6,principal
SKU_1345_FOR,2024-06-01,403,132616.15,483559.7,principal
SKU_1346_HON,2024-06-01,481,37353.74,127416.9,principal
SKU_1346_PEA,2024-06-01,394,30597.45,104370.6,principal
SKU_1347_DUS,2024-06-01,0,0.0,0.0,principal
SKU_1347_LIM,2024-06-01,447,34638.15,129585.3,principal
SKU_1348_NAV,2024-06-01,1008,214217.44,655099.2,principal
SKU_1348_PIS,2024-06-01,442,93932.65,287255.8,principal
SKU_1349_HON,2024-06-01,989,81458.75,207591.1,principal
SKU_1349_SEA,2024-06-01,386,31792.8,81021.4,principal
SKU_1350_SNO,2024-06-01,870,82042.65,247863.0,principal
SKU_1350_BAB,2024-06-01,995,93830.39,283475.5,principal
SKU_1351_SAG,2024-06-01,174,39734.1,120042.6,principal
SKU_1351_HON,2024-06-01,253,57774.3,174544.7,principal
SKU_1352_CER,2024-06-01,192,17788.2,53740.8,principal
SKU_1352_HUN,2024-06-01,183,16954.38,51221.7,principal
SKU_1353_MAG,2024-06-01,1074,67508.31,203952.6,principal
SKU_1353_MAR,2024-06-01,1088,68388.31,206611.2,principal
SKU_1354_AQU,2024-06-01,1052,320309.89,972994.8,principal
SKU_1354_CLE,2024-06-01,170,51761.1,157233.0,principal
SKU_1355_PAS,2024-06-01,220,12666.96,38478.0,principal
SKU_1355_DEE,2024-06-01,168,9672.95,29383.2,principal
SKU_1356_BLU,2024-06-01,897,63458.34,192765.3,principal
SKU_1356_DEN,2024-06-01,449,31764.54,96490.1,principal
SKU_1357_BRI,2024-06-01,174,38294.25,115692.6,principal
SKU_1357_BLU,2024-06-01,1074,236367.96,714102.6,principal
SKU_1358_DUS,2024-06-01,405,26651.87,80959.5,principal
SKU_1358_MAR,2024-06-01,949,62450.92,189705.1,principal
SKU_1359_BLU,2024-06-01,137,18511.19,58211.3,principal
SKU_1359_NAV,2024-06-01,915,123633.15,388783.5,principal
SKU_1360_WHI,2024-06-01,519,54955.3,166028.1,principal
SKU_1360_FRE,2024-06-01,207,21918.59,66219.3,principal
SKU_1361_MEX,2024-06-01,193,11654.92,36650.7,principal
SKU_1361_BLU,2024-06-01,165,9964.05,31333.5,principal
SKU_1362_POW,2024-06-01,216,65590.17,206258.4,principal
SKU_1362_SEA,2024-06-01,931,282705.78,889011.9,principal
SKU_1363_RAS,2024-06-01,396,119619.01,376160.4,principal
SKU_1363_HUN,2024-06-01,1000,302068.2,949900.0,principal
SKU_1364_OFF,2024-06-01,170,24862.19,78183.0,principal
SKU_1364_TEA,2024-06-01,166,24277.2,76343.4,principal
SKU_1365_BUB,2024-06-01,216,35740.85,107978.4,principal
SKU_1365_NAV,2024-06-01,0,0.0,0.0,principal
SKU_1366_TEA,2024-06-01,442,59415.98,194435.8,principal
SKU_1366_PAL,2024-06-01,444,59684.83,195315.6,principal
SKU_1367_VAN,2024-06-01,871,48000.3,156692.9,principal
SKU_1367_BLA,2024-06-01,962,53015.26,173063.8,principal
SKU_1368_SNO,2024-06-01,946,201043.89,704675.4,principal
SKU_1368_TUR,2024-06-01,179,38041.07,133337.1,principal
SKU_1369_SNO,2024-06-01,406,20579.45,64919.4,principal
SKU_1369_RAS,2024-06-01,202,10239.04,32299.8,principal
SKU_1370_PRI,2024-06-01,127,8965.28,22847.3,principal
SKU_1370_MYS,2024-06-01,223,15742.19,40117.7,principal
SKU_1371_WHI,2024-06-01,464,42220.24,127553.6,principal
SKU_1371_HOT,2024-06-01,0,0.0,0.0,principal
SKU_1372_SEA,2024-06-01,135,15188.43,45886.5,principal
SKU_1372_DEN,2024-06-01,412,46352.84,140038.8,principal
SKU_1373_SKY,2024-06-01,128,8001.93,24307.2,principal
SKU_1373_CRE,2024-06-01,1019,63702.87,193508.1,principal
SKU_1374_SAL,2024-06-01,0,0.0,0.0,principal
SKU_1374_BLU,2024-06-01,0,0.0,0.0,principal
SKU_1375_COR,2024-06-01,1045,91627.59,276820.5,principal
SKU_1375_CLE,2024-06-01,455,39895.26,120529.5,principal
SKU_1376_SNO,2024-06-01,945,75419.65,269230.5,principal
SKU_1376_BIR,2024-06-01,164,13088.7,46723.6,principal
SKU_1377_PRI,2024-06-01,488,38380.16,126831.2,principal
SKU_1377_CLO,2024-06-01,958,75344.66,248984.2,principal
SKU_1378_SPA,2024-06-01,339,19817.25,69461.1,principal
SKU_1378_MOS,2024-06-01,468,27358.33,95893.2,principal
SKU_1379_SNO,2024-06-01,967,148640.76,468898.3,principal
SKU_1379_WHI,2024-06-01,1031,158478.41,499931.9,principal
SKU_1380_TUR,2024-06-01,0,0.0,0.0,principal
SKU_1380_MIN,2024-06-01,1017,91746.38,233808.3,principal
SKU_1381_WHI,2024-06-01,193,17561.44,53055.7,principal
SKU_1381_PAS,2024-06-01,433,39399.49,119031.7,principal
SKU_1382_ARM,2024-06-01,205,12379.58,38929.5,principal
SKU_1382_HOT,2024-06-01,902,54470.16,171289.8,principal
SKU_1383_CLE,2024-06-01,995,59249.17,179000.5,principal
SKU_1383_TUR,2024-06-01,481,28642.06,86531.9,principal
SKU_1384_CRE,2024-06-01,190,32518.71,98781.0,principal
SKU_1384_SKY,2024-06-01,1092,186896.98,567730.8,principal
SKU_1385_PRI,2024-06-01,501,48074.41,145239.9,principal
SKU_1385_NAV,2024-06-01,102,9787.6,29569.8,principal
SKU_1386_SER,2024-06-01,96,6467.53,20630.4,principal
SKU_1386_COB,2024-06-01,216,14551.93,46418.4,principal
SKU_1387_BRI,2024-06-01,153,6998.63,24464.7,principal
SKU_1387_BAB,2024-06-01,233,10658.04,37256.7,principal
SKU_1388_BRI,2024-06-01,1025,102716.04,384272.5,principal
SKU_1388_VAN,2024-06-01,458,45896.53,171704.2,principal
SKU_1000_COR,2024-07-01,0,0.0,0.0,principal
SKU_1000_EME,2024-07-01,181,10816.02,37086.9,principal
SKU_1000_ROY,2024-07-01,224,13385.58,45897.6,principal
SKU_1001_AQU,2024-07-01,140,35172.94,131586.0,principal
SKU_1001_SAP,2024-07-01,222,55774.23,208657.8,principal
SKU_1002_COR,2024-07-01,111,8526.17,26073.9,principal
SKU_1002_MYS,2024-07-01,110,8449.35,25839.0,principal
SKU_1003_SNO,2024-07-01,159,22766.69,58019.1,principal
SKU_1003_DUS,2024-07-01,210,30069.22,76629.0,principal
SKU_1004_FOR,2024-07-01,0,0.0,0.0,principal
SKU_1004_MEX,2024-07-01,147,16759.47,44085.3,principal
SKU_1005_OLI,2024-07-01,0,0.0,0.0,principal
SKU_1005_MYS,2024-07-01,0,0.0,0.0,principal
SKU_1006_MOS,2024-07-01,125,7548.52,23737.5,principal
SKU_1006_FOR,2024-07-01,123,7427.75,23357.7,principal
SKU_1007_COB,2024-07-01,186,17442.75,54851.4,principal
SKU_1007_FOR,2024-07-01,183,17161.41,53966.7,principal
SKU_1008_MEX,2024-07-01,194,20863.13,63030.6,principal
SKU_1008_WHI,2024-07-01,173,18604.75,56207.7,principal
SKU_1009_BAB,2024-07-01,222,31572.96,114307.8,principal
SKU_1009_MAG,2024-07-01,0,0.0,0.0,principal
SKU_1010_SNO,2024-07-01,164,18565.23,62303.6,principal
SKU_1010_BRI,2024-07-01,0,0.0,0.0,principal
SKU_1011_CER,2024-07-01,130,9031.27,33787.0,principal
SKU_1011_MIN,2024-07-01,96,6669.24,24950.4,principal
SKU_1012_VAN,2024-07-01,179,51562.79,173612.1,principal
SKU_1012_CLO,2024-07-01,212,61068.78,205618.8,principal
SKU_1013_LIG,2024-07-01,184,12591.85,33101.6,principal
SKU_1013_LIG,2024-07-01,184,12591.85,33101.6,principal
SKU_1014_FLA,2024-07-01,178,23561.31,71182.2,principal
SKU_1014_MIN,2024-07-01,212,28061.78,84778.8,principal
SKU_1015_ROY,2024-07-01,195,60343.12,182305.5,principal
SKU_1015_TUR,2024-07-01,97,30016.83,90685.3,principal
SKU_1016_HON,2024-07-01,95,6757.53,20415.5,principal
SKU_1016_SNO,2024-07-01,0,0.0,0.0,principal
SKU_1017_PAS,2024-07-01,213,10153.33,31928.7,principal
SKU_1017_BAL,2024-07-01,130,6196.87,19487.0,principal
SKU_1018_TEA,2024-07-01,201,7663.77,24099.9,principal
SKU_1018_ARM,2024-07-01,213,8121.31,25538.7,principal
SKU_1019_NAV,2024-07-01,122,10039.52,32317.8,principal
SKU_1019_GAR,2024-07-01,129,10615.56,34172.1,principal
SKU_1020_NAV,2024-07-01,103,6265.86,20589.7,principal
SKU_1020_LIG,2024-07-01,144,8760.03,28785.6,principal
SKU_1021_CRE,2024-07-01,131,9976.14,37321.9,principal
SKU_1021_PAS,2024-07-01,224,17058.44,63817.6,principal
SKU_1022_PAL,2024-07-01,181,18933.92,57901.9,principal
SKU_1022_DEN,2024-07-01,110,11506.8,35189.0,principal
SKU_1023_DEN,2024-07-01,197,21637.05,55140.3,principal
SKU_1023_FOR,2024-07-01,222,24382.87,62137.8,principal
SKU_1024_VAN,2024-07-01,219,17475.23,45968.1,principal
SKU_1024_DEN,2024-07-01,115,9176.49,24138.5,principal
SKU_1025_WHI,2024-07-01,168,25905.3,81463.2,principal
SKU_1025_MIN,2024-07-01,159,24517.51,77099.1,principal
SKU_1026_CLO,2024-07-01,0,0.0,0.0,principal
SKU_1026_SPA,2024-07-01,113,15434.11,46883.7,principal
SKU_1027_MAR,2024-07-01,234,31245.6,98256.6,principal
SKU_1027_BIR,2024-07-01,220,29376.2,92378.0,principal
SKU_1028_BLU,2024-07-01,146,29245.0,91965.4,principal
SKU_1028_AQU,2024-07-01,102,20431.44,64249.8,principal
SKU_1029_BLU,2024-07-01,219,17055.33,53633.1,principal
SKU_1029_BAL,2024-07-01,119,9267.51,29143.1,principal
SKU_1030_CRE,2024-07-01,130,26866.87,84487.0,principal
SKU_1030_DEN,2024-07-01,115,23766.84,74738.5,principal
SKU_1031_COR,2024-07-01,203,31909.96,96404.7,principal
SKU_1031_HON,2024-07-01,0,0.0,0.0,principal
SKU_1032_EME,2024-07-01,198,21716.28,68290.2,principal
SKU_1032_HON,2024-07-01,190,20838.86,65531.0,principal
SKU_1033_NAV,2024-07-01,224,46293.68,145577.6,principal
SKU_1033_LIM,2024-07-01,148,30586.89,96185.2,principal
SKU_1034_PAS,2024-07-01,125,8843.14,26862.5,principal
SKU_1034_PIS,2024-07-01,167,11814.43,35888.3,principal
SKU_1035_SAP,2024-07-01,216,44983.77,141458.4,principal
SKU_1035_FUC,2024-07-01,206,42901.19,134909.4,principal
SKU_1036_BIR,2024-07-01,117,28883.45,87738.3,principal
SKU_1036_MID,2024-07-01,137,33820.79,102736.3,principal
SKU_1037_PRI,2024-07-01,107,7142.06,22459.3,principal
SKU_1037_SPA,2024-07-01,165,11013.45,34633.5,principal
SKU_1038_LIG,2024-07-01,99,8024.76,25235.1,principal
SKU_1038_FLA,2024-07-01,155,12564.02,39509.5,principal
SKU_1039_ARM,2024-07-01,115,5896.27,17813.5,principal
SKU_1039_MIN,2024-07-01,137,7024.25,21221.3,principal
SKU_1040_BLA,2024-07-01,123,13233.66,43037.7,principal
SKU_1040_BAB,2024-07-01,124,13341.25,43387.6,principal
SKU_1041_EME,2024-07-01,153,10011.65,33644.7,principal
SKU_1041_SNO,2024-07-01,117,7655.97,25728.3,principal
SKU_1042_SEA,2024-07-01,159,14735.34,50069.1,principal
SKU_1042_EME,2024-07-01,213,19739.79,67073.7,principal
SKU_1043_SPA,2024-07-01,105,27283.76,91864.5,principal
SKU_1043_CER,2024-07-01,126,32740.51,110237.4,principal
SKU_1044_SER,2024-07-01,220,71963.31,189178.0,principal
SKU_1044_COR,2024-07-01,163,53318.27,140163.7,principal
SKU_1045_FOR,2024-07-01,97,9399.57,24725.3,principal
SKU_1045_BUB,2024-07-01,185,17927.02,47156.5,principal
SKU_1046_SNO,2024-07-01,0,0.0,0.0,principal
SKU_1046_PAS,2024-07-01,114,6033.67,18228.6,principal
SKU_1047_ROY,2024-07-01,220,15284.92,46178.0,principal
SKU_1047_DEE,2024-07-01,108,7503.51,22669.2,principal
SKU_1048_MAR,2024-07-01,188,14847.32,45101.2,principal
SKU_1048_PEA,2024-07-01,0,0.0,0.0,principal
SKU_1049_BAL,2024-07-01,186,46223.43,140411.4,principal
SKU_1049_LIG,2024-07-01,222,55169.9,167587.8,principal
SKU_1050_BUB,2024-07-01,0,0.0,0.0,principal
SKU_1050_PRI,2024-07-01,206,18317.73,62809.4,principal
SKU_1051_CLE,2024-07-01,178,40593.27,133482.2,principal
SKU_1051_LIG,2024-07-01,203,46294.57,152229.7,principal
SKU_1052_PAS,2024-07-01,181,16777.61,58806.9,principal
SKU_1052_FRE,2024-07-01,150,13904.1,48735.0,principal
SKU_1053_SHO,2024-07-01,0,0.0,0.0,principal
SKU_1053_NAV,2024-07-01,108,11297.59,34549.2,principal
SKU_1054_DEE,2024-07-01,162,20490.79,57493.8,principal
SKU_1054_PAS,2024-07-01,114,14419.45,40458.6,principal
SKU_1055_LIG,2024-07-01,231,86775.59,262161.9,principal
SKU_1055_PAL,2024-07-01,0,0.0,0.0,principal
SKU_1056_CRE,2024-07-01,186,14461.85,43691.4,principal
SKU_1056_OLI,2024-07-01,198,15394.88,46510.2,principal
SKU_1057_ROY,2024-07-01,99,6026.04,18305.1,principal
SKU_1057_SNO,2024-07-01,0,0.0,0.0,principal
SKU_1058_MID,2024-07-01,120,7437.38,23388.0,principal
SKU_1058_SHO,2024-07-01,170,10536.29,33133.0,principal
SKU_1059_PEA,2024-07-01,138,13160.81,41386.2,principal
SKU_1059_OFF,2024-07-01,201,19169.01,60279.9,principal
SKU_1060_CRE,2024-07-01,185,63114.8,205331.5,principal
SKU_1060_LIM,2024-07-01,101,34457.27,112099.9,principal
SKU_1061_PAS,2024-07-01,198,22899.35,81160.2,principal
SKU_1061_EGR,2024-07-01,96,11102.72,39350.4,principal
SKU_1062_OLI,2024-07-01,210,11976.61,41979.0,principal
SKU_1062_MID,2024-07-01,176,10037.54,35182.4,principal
SKU_1063_SNO,2024-07-01,153,8967.83,28289.7,principal
SKU_1063_SAP,2024-07-01,103,6037.17,19044.7,principal
SKU_1064_PRI,2024-07-01,134,9069.17,25446.6,principal
SKU_1064_BIR,2024-07-01,170,11505.66,32283.0,principal
SKU_1065_CLE,2024-07-01,185,39275.7,119306.5,principal
SKU_1065_COB,2024-07-01,174,36940.39,112212.6,principal
SKU_1066_IVO,2024-07-01,207,12326.21,37239.3,principal
SKU_1066_WHI,2024-07-01,116,6907.44,20868.4,principal
SKU_1067_EME,2024-07-01,135,11372.16,35761.5,principal
SKU_1067_WHI,2024-07-01,117,9855.87,30993.3,principal
SKU_1068_COR,2024-07-01,117,30784.09,93003.3,principal
SKU_1068_BAL,2024-07-01,0,0.0,0.0,principal
SKU_1069_OLI,2024-07-01,0,0.0,0.0,principal
SKU_1069_CRE,2024-07-01,135,23678.58,71536.5,principal
SKU_1070_LIG,2024-07-01,0,0.0,0.0,principal
SKU_1070_MID,2024-07-01,194,22147.41,66910.6,principal
SKU_1071_BAB,2024-07-01,217,19280.68,58568.3,principal
SKU_1071_SKY,2024-07-01,189,16792.85,51011.1,principal
SKU_1072_PAS,2024-07-01,202,30749.83,92899.8,principal
SKU_1072_CER,2024-07-01,167,25421.89,76803.3,principal
SKU_1073_FRE,2024-07-01,147,15565.37,47025.3,principal
SKU_1073_BLU,2024-07-01,166,17577.23,53103.4,principal
SKU_1074_JAD,2024-07-01,186,12546.27,38111.4,principal
SKU_1074_PRI,2024-07-01,214,14434.96,43848.6,principal
SKU_1075_NAV,2024-07-01,163,15026.68,47253.7,principal
SKU_1075_LIG,2024-07-01,204,18806.39,59139.6,principal
SKU_1076_BLU,2024-07-01,0,0.0,0.0,principal
SKU_1076_POW,2024-07-01,190,13441.57,40831.0,principal
SKU_1077_NAV,2024-07-01,119,8699.88,27358.1,principal
SKU_1077_MAR,2024-07-01,132,9650.28,30346.8,principal
SKU_1078_GAR,2024-07-01,0,0.0,0.0,principal
SKU_1078_BLU,2024-07-01,191,18822.71,59190.9,principal
SKU_1079_BAB,2024-07-01,143,12941.08,39310.7,principal
SKU_1079_JAD,2024-07-01,198,17918.42,54430.2,principal
SKU_1080_TEA,2024-07-01,152,22954.77,72184.8,principal
SKU_1080_MAR,2024-07-01,110,16612.0,52239.0,principal
SKU_1081_EGR,2024-07-01,105,9225.95,29389.5,principal
SKU_1081_PAS,2024-07-01,170,14937.26,47583.0,principal
SKU_1082_PIN,2024-07-01,217,14005.65,45548.3,principal
SKU_1082_LIG,2024-07-01,230,14844.69,48277.0,principal
SKU_1083_OFF,2024-07-01,101,13670.21,46449.9,principal
SKU_1083_BAB,2024-07-01,185,25039.49,85081.5,principal
SKU_1084_DUS,2024-07-01,98,31722.34,97010.2,principal
SKU_1084_PAS,2024-07-01,138,44670.23,136606.2,principal
SKU_1085_COB,2024-07-01,159,25967.46,79484.1,principal
SKU_1085_CRE,2024-07-01,137,22374.47,68486.3,principal
SKU_1086_PRI,2024-07-01,222,19591.67,49927.8,principal
SKU_1086_CRE,2024-07-01,131,11560.85,29461.9,principal
SKU_1087_BIR,2024-07-01,126,18238.36,47237.4,principal
SKU_1087_SNO,2024-07-01,185,26778.54,69356.5,principal
SKU_1088_CER,2024-07-01,175,41185.39,125107.5,principal
SKU_1088_HON,2024-07-01,181,42597.46,129396.9,principal
SKU_1089_GAR,2024-07-01,239,23296.76,80041.1,principal
SKU_1089_EGR,2024-07-01,160,15596.16,53584.0,principal
SKU_1090_PAL,2024-07-01,212,9183.48,28598.8,principal
SKU_1090_WHI,2024-07-01,131,5674.69,17671.9,principal
SKU_1091_OFF,2024-07-01,108,9090.66,34009.2,principal
SKU_1091_MOS,2024-07-01,177,14898.58,55737.3,principal
SKU_1092_TUR,2024-07-01,190,20496.69,62681.0,principal
SKU_1092_MIN,2024-07-01,240,25890.55,79176.0,principal
SKU_1093_GAR,2024-07-01,0,0.0,0.0,principal
SKU_1093_TEA,2024-07-01,136,56463.17,158426.4,principal
SKU_1094_FOR,2024-07-01,122,10894.55,28657.8,principal
SKU_1094_DEE,2024-07-01,234,20896.1,54966.6,principal
SKU_1095_COB,2024-07-01,194,25858.86,78550.6,principal
SKU_1095_MAG,2024-07-01,0,0.0,0.0,principal
SKU_1096_HOT,2024-07-01,190,17507.19,53181.0,principal
SKU_1096_CLE,2024-07-01,97,8937.88,27150.3,principal
SKU_1097_AQU,2024-07-01,0,0.0,0.0,principal
SKU_1097_PAL,2024-07-01,160,11381.1,34384.0,principal
SKU_1098_HON,2024-07-01,0,0.0,0.0,principal
SKU_1098_HUN,2024-07-01,194,22147.41,66910.6,principal
SKU_1099_SAL,2024-07-01,106,7930.96,26489.4,principal
SKU_1099_PRI,2024-07-01,125,9352.54,31237.5,principal
SKU_1100_PEA,2024-07-01,129,6516.64,23852.1,principal
SKU_1100_COB,2024-07-01,0,0.0,0.0,principal
SKU_1101_CLE,2024-07-01,0,0.0,0.0,principal
SKU_1101_DEE,2024-07-01,173,19186.18,71777.7,principal
SKU_1102_FLA,2024-07-01,234,67406.11,226956.6,principal
SKU_1102_OFF,2024-07-01,177,50986.67,171672.3,principal
SKU_1103_EGR,2024-07-01,117,5781.43,15198.3,principal
SKU_1103_LIG,2024-07-01,107,5287.29,13899.3,principal
SKU_1104_POW,2024-07-01,115,6847.89,20688.5,principal
SKU_1104_MEX,2024-07-01,173,10301.61,31122.7,principal
SKU_1105_ARM,2024-07-01,0,0.0,0.0,principal
SKU_1105_SER,2024-07-01,233,15716.57,47741.7,principal
SKU_1106_MYS,2024-07-01,159,39433.3,124004.1,principal
SKU_1106_SNO,2024-07-01,127,31497.04,99047.3,principal
SKU_1107_BAL,2024-07-01,202,66159.26,200969.8,principal
SKU_1107_PAS,2024-07-01,112,36682.36,111428.8,principal
SKU_1108_PRI,2024-07-01,149,12324.82,37235.1,principal
SKU_1108_SNO,2024-07-01,147,12159.38,36735.3,principal
SKU_1109_SAG,2024-07-01,0,0.0,0.0,principal
SKU_1109_CER,2024-07-01,228,14375.41,52417.2,principal
SKU_1110_FLA,2024-07-01,196,12376.54,45060.4,principal
SKU_1110_HUN,2024-07-01,0,0.0,0.0,principal
SKU_1111_CRE,2024-07-01,90,5049.56,18891.0,principal
SKU_1111_BLU,2024-07-01,118,6620.54,24768.2,principal
SKU_1112_MIN,2024-07-01,150,12246.79,41235.0,principal
SKU_1112_EGR,2024-07-01,128,10450.6,35187.2,principal
SKU_1113_VAN,2024-07-01,0,0.0,0.0,principal
SKU_1113_OLI,2024-07-01,0,0.0,0.0,principal
SKU_1114_GAR,2024-07-01,141,18663.73,56385.9,principal
SKU_1114_PRI,2024-07-01,180,23826.04,71982.0,principal
SKU_1115_LIM,2024-07-01,183,13017.14,39326.7,principal
SKU_1115_TEA,2024-07-01,0,0.0,0.0,principal
SKU_1116_MOS,2024-07-01,139,10977.54,33346.1,principal
SKU_1116_SNO,2024-07-01,148,11688.31,35505.2,principal
SKU_1117_MOS,2024-07-01,150,10918.03,32985.0,principal
SKU_1117_MIN,2024-07-01,193,14047.87,42440.7,principal
SKU_1118_FUC,2024-07-01,149,14544.17,43940.1,principal
SKU_1118_DUS,2024-07-01,128,12494.32,37747.2,principal
SKU_1119_PAS,2024-07-01,110,5066.06,15389.0,principal
SKU_1119_LIG,2024-07-01,0,0.0,0.0,principal
SKU_1120_AQU,2024-07-01,134,10222.62,32146.6,principal
SKU_1120_SAL,2024-07-01,183,13960.74,43901.7,principal
SKU_1121_MYS,2024-07-01,178,14643.54,44482.2,principal
SKU_1121_MIN,2024-07-01,200,16453.42,49980.0,principal
SKU_1122_ROY,2024-07-01,160,22502.7,67984.0,principal
SKU_1122_PIS,2024-07-01,226,31785.07,96027.4,principal
SKU_1123_BAB,2024-07-01,118,16791.03,50728.2,principal
SKU_1123_SER,2024-07-01,0,0.0,0.0,principal
SKU_1124_BLU,2024-07-01,221,27638.94,83957.9,principal
SKU_1124_FOR,2024-07-01,180,22511.35,68382.0,principal
SKU_1125_MIN,2024-07-01,192,10106.7,30700.8,principal
SKU_1125_SAP,2024-07-01,134,7053.64,21426.6,principal
SKU_1126_WHI,2024-07-01,239,54181.75,163691.1,principal
SKU_1126_WHI,2024-07-01,239,54181.75,163691.1,principal
SKU_1127_SAL,2024-07-01,197,12963.99,39380.3,principal
SKU_1127_BLU,2024-07-01,112,7370.39,22388.8,principal
SKU_1128_PRI,2024-07-01,202,27257.69,82799.8,principal
SKU_1128_TEA,2024-07-01,0,0.0,0.0,principal
SKU_1129_VAN,2024-07-01,169,21530.92,65048.1,principal
SKU_1129_SAG,2024-07-01,120,15288.23,46188.0,principal
SKU_1130_CRE,2024-07-01,94,6958.77,23490.6,principal
SKU_1130_MEX,2024-07-01,174,12881.13,43482.6,principal
SKU_1131_CLO,2024-07-01,198,53672.77,175210.2,principal
SKU_1131_JAD,2024-07-01,91,24667.79,80525.9,principal
SKU_1132_NAV,2024-07-01,0,0.0,0.0,principal
SKU_1132_CLE,2024-07-01,231,11890.28,40401.9,principal
SKU_1133_MOS,2024-07-01,125,33780.04,113737.5,principal
SKU_1133_PEA,2024-07-01,205,55399.26,186529.5,principal
SKU_1134_DUS,2024-07-01,114,10060.59,25638.6,principal
SKU_1134_PIN,2024-07-01,213,18797.41,47903.7,principal
SKU_1135_ROS,2024-07-01,158,10805.74,28424.2,principal
SKU_1135_MAR,2024-07-01,135,9232.76,24286.5,principal
SKU_1136_SNO,2024-07-01,154,12669.13,38484.6,principal
SKU_1136_FUC,2024-07-01,95,7815.37,23740.5,principal
SKU_1137_DEE,2024-07-01,120,15450.98,48588.0,principal
SKU_1137_PAL,2024-07-01,199,25622.88,80575.1,principal
SKU_1138_PEA,2024-07-01,204,14589.71,45879.6,principal
SKU_1138_HON,2024-07-01,166,11872.02,37333.4,principal
SKU_1139_PRI,2024-07-01,163,15640.97,47253.7,principal
SKU_1139_EGR,2024-07-01,183,17560.11,53051.7,principal
SKU_1140_SNO,2024-07-01,196,11714.72,39180.4,principal
SKU_1140_ROS,2024-07-01,0,0.0,0.0,principal
SKU_1141_SKY,2024-07-01,104,11483.86,37949.6,principal
SKU_1141_CLE,2024-07-01,223,24624.05,81372.7,principal
SKU_1142_MIN,2024-07-01,122,11084.34,41467.8,principal
SKU_1142_PAS,2024-07-01,135,12265.46,45886.5,principal
SKU_1143_IVO,2024-07-01,176,11216.88,34302.4,principal
SKU_1143_SNO,2024-07-01,121,7711.61,23582.9,principal
SKU_1144_SEA,2024-07-01,187,23467.37,61691.3,principal
SKU_1144_BUB,2024-07-01,224,28110.65,73897.6,principal
SKU_1145_MOS,2024-07-01,169,25166.96,76033.1,principal
SKU_1145_LIG,2024-07-01,0,0.0,0.0,principal
SKU_1146_FRE,2024-07-01,107,16551.95,50279.3,principal
SKU_1146_CER,2024-07-01,179,27689.7,84112.1,principal
SKU_1147_COR,2024-07-01,235,27216.97,82226.5,principal
SKU_1147_MEX,2024-07-01,0,0.0,0.0,principal
SKU_1148_TEA,2024-07-01,123,17706.08,53492.7,principal
SKU_1148_SPA,2024-07-01,205,29510.14,89154.5,principal
SKU_1149_IVO,2024-07-01,167,8491.65,26703.3,principal
SKU_1149_OLI,2024-07-01,171,8695.04,27342.9,principal
SKU_1150_SAG,2024-07-01,169,33637.41,107298.1,principal
SKU_1150_VAN,2024-07-01,213,42395.08,135233.7,principal
SKU_1151_CRE,2024-07-01,176,43523.1,142542.4,principal
SKU_1151_JAD,2024-07-01,182,45006.84,147401.8,principal
SKU_1152_CLO,2024-07-01,229,62123.75,232412.1,principal
SKU_1152_WHI,2024-07-01,152,41234.98,154264.8,principal
SKU_1153_PEA,2024-07-01,206,22937.13,77229.4,principal
SKU_1153_MOS,2024-07-01,117,13027.4,43863.3,principal
SKU_1154_VAN,2024-07-01,137,28755.58,73281.3,principal
SKU_1154_PEA,2024-07-01,152,31904.0,81304.8,principal
SKU_1155_ARM,2024-07-01,192,56560.51,148780.8,principal
SKU_1155_BAB,2024-07-01,139,40947.45,107711.1,principal
SKU_1156_FLA,2024-07-01,200,18119.64,56980.0,principal
SKU_1156_EGR,2024-07-01,138,12502.55,39316.2,principal
SKU_1157_DEE,2024-07-01,165,10314.99,31333.5,principal
SKU_1157_PAS,2024-07-01,152,9502.29,28864.8,principal
SKU_1158_AQU,2024-07-01,211,46290.91,145568.9,principal
SKU_1158_MYS,2024-07-01,150,32908.23,103485.0,principal
SKU_1159_PAS,2024-07-01,131,7800.64,23566.9,principal
SKU_1159_PRI,2024-07-01,140,8336.57,25186.0,principal
SKU_1160_DUS,2024-07-01,203,13767.85,41594.7,principal
SKU_1160_LIM,2024-07-01,98,6646.55,20080.2,principal
SKU_1161_MEX,2024-07-01,143,20111.79,60760.7,principal
SKU_1161_DUS,2024-07-01,0,0.0,0.0,principal
SKU_1162_HOT,2024-07-01,215,51954.36,163378.5,principal
SKU_1162_BUB,2024-07-01,205,49537.88,155779.5,principal
SKU_1163_HUN,2024-07-01,188,15466.21,46981.2,principal
SKU_1163_SPA,2024-07-01,190,15630.75,47481.0,principal
SKU_1164_BRI,2024-07-01,200,12713.64,39980.0,principal
SKU_1164_MIN,2024-07-01,140,8899.55,27986.0,principal
SKU_1165_HUN,2024-07-01,0,0.0,0.0,principal
SKU_1165_MAR,2024-07-01,210,22698.52,71379.0,principal
SKU_1166_PIS,2024-07-01,135,25968.36,81661.5,principal
SKU_1166_FRE,2024-07-01,197,37894.57,119165.3,principal
SKU_1167_WHI,2024-07-01,138,32689.19,102796.2,principal
SKU_1167_JAD,2024-07-01,131,31031.04,97581.9,principal
SKU_1168_GAR,2024-07-01,189,47538.58,143621.1,principal
SKU_1168_BLU,2024-07-01,0,0.0,0.0,principal
SKU_1169_BUB,2024-07-01,163,10361.62,32583.7,principal
SKU_1169_MEX,2024-07-01,189,12014.39,37781.1,principal
SKU_1170_GAR,2024-07-01,156,45957.77,139604.4,principal
SKU_1170_OFF,2024-07-01,112,32995.32,100228.8,principal
SKU_1171_MIN,2024-07-01,117,6623.22,21633.3,principal
SKU_1171_EME,2024-07-01,173,9793.31,31987.7,principal
SKU_1172_ARM,2024-07-01,88,9718.5,31671.2,principal
SKU_1172_PIN,2024-07-01,103,11375.06,37069.7,principal
SKU_1173_GAR,2024-07-01,113,9807.16,33323.7,principal
SKU_1173_AQU,2024-07-01,110,9546.8,32439.0,principal
SKU_1174_PEA,2024-07-01,129,8583.44,27077.1,principal
SKU_1174_BLU,2024-07-01,125,8317.29,26237.5,principal
SKU_1175_FUC,2024-07-01,96,8464.93,25910.4,principal
SKU_1175_CLE,2024-07-01,124,10933.86,33467.6,principal
SKU_1176_GAR,2024-07-01,227,28055.37,73752.3,principal
SKU_1176_NAV,2024-07-01,207,25583.54,67254.3,principal
SKU_1177_MIN,2024-07-01,189,14926.29,45341.1,principal
SKU_1177_PEA,2024-07-01,148,11688.31,35505.2,principal
SKU_1178_RAS,2024-07-01,216,21973.29,69098.4,principal
SKU_1178_MID,2024-07-01,162,16479.97,51823.8,principal
SKU_1179_TUR,2024-07-01,161,17402.2,54723.9,principal
SKU_1179_VAN,2024-07-01,195,21077.2,66280.5,principal
SKU_1180_ROY,2024-07-01,199,30379.12,105450.1,principal
SKU_1180_AQU,2024-07-01,150,22898.83,79485.0,principal
SKU_1181_AQU,2024-07-01,216,19389.51,62618.4,principal
SKU_1181_SER,2024-07-01,164,14721.67,47543.6,principal
SKU_1182_BIR,2024-07-01,151,38278.42,126824.9,principal
SKU_1182_PIN,2024-07-01,149,37771.42,125145.1,principal
SKU_1183_POW,2024-07-01,153,33165.45,99434.7,principal
SKU_1183_MOS,2024-07-01,204,44220.6,132579.6,principal
SKU_1184_HOT,2024-07-01,171,20371.86,58122.9,principal
SKU_1184_BAB,2024-07-01,0,0.0,0.0,principal
SKU_1185_BAL,2024-07-01,121,45342.02,119777.9,principal
SKU_1185_MAG,2024-07-01,158,59206.94,156404.2,principal
SKU_1186_FLA,2024-07-01,0,0.0,0.0,principal
SKU_1186_MEX,2024-07-01,179,27984.34,85007.1,principal
SKU_1187_JAD,2024-07-01,127,13027.27,39357.3,principal
SKU_1187_OLI,2024-07-01,164,16822.61,50823.6,principal
SKU_1188_TEA,2024-07-01,91,7226.03,21830.9,principal
SKU_1188_BAB,2024-07-01,90,7146.62,21591.0,principal
SKU_1189_FUC,2024-07-01,0,0.0,0.0,principal
SKU_1189_ROY,2024-07-01,228,17727.43,53557.2,principal
SKU_1190_TEA,2024-07-01,122,20570.84,70747.8,principal
SKU_1190_MAG,2024-07-01,155,26135.09,89884.5,principal
SKU_1191_MIN,2024-07-01,100,5755.83,18490.0,principal
SKU_1191_MYS,2024-07-01,157,9036.65,29029.3,principal
SKU_1192_MAR,2024-07-01,124,7984.78,29127.6,principal
SKU_1192_RAS,2024-07-01,0,0.0,0.0,principal
SKU_1193_CLE,2024-07-01,145,20388.48,64510.5,principal
SKU_1193_ROS,2024-07-01,110,15467.12,48939.0,principal
SKU_1194_FLA,2024-07-01,146,11259.6,32105.4,principal
SKU_1194_SAG,2024-07-01,134,10334.16,29466.6,principal
SKU_1195_HUN,2024-07-01,169,27076.37,79413.1,principal
SKU_1195_SAL,2024-07-01,0,0.0,0.0,principal
SKU_1196_PEA,2024-07-01,0,0.0,0.0,principal
SKU_1196_RAS,2024-07-01,0,0.0,0.0,principal
SKU_1197_ROS,2024-07-01,140,36635.35,111286.0,principal
SKU_1197_COR,2024-07-01,104,27214.83,82669.6,principal
SKU_1198_SEA,2024-07-01,171,18211.19,57267.9,principal
SKU_1198_SAL,2024-07-01,104,11075.81,34829.6,principal
SKU_1199_PAL,2024-07-01,172,9896.9,36102.8,principal
SKU_1199_TEA,2024-07-01,162,9321.5,34003.8,principal
SKU_1200_MID,2024-07-01,234,12465.18,42096.6,principal
SKU_1200_PAS,2024-07-01,182,9695.14,32741.8,principal
SKU_1201_BIR,2024-07-01,0,0.0,0.0,principal
SKU_1201_SAG,2024-07-01,205,31663.56,99404.5,principal
SKU_1202_LIG,2024-07-01,195,57828.25,158905.5,principal
SKU_1202_CLE,2024-07-01,207,61386.92,168684.3,principal
SKU_1203_OFF,2024-07-01,0,0.0,0.0,principal
SKU_1203_FLA,2024-07-01,146,40315.28,110945.4,principal
SKU_1204_AQU,2024-07-01,89,12014.33,31141.1,principal
SKU_1204_MIN,2024-07-01,193,26053.55,67530.7,principal
SKU_1205_RAS,2024-07-01,160,42097.9,127184.0,principal
SKU_1205_COR,2024-07-01,133,34993.88,105721.7,principal
SKU_1206_HUN,2024-07-01,178,24445.08,73852.2,principal
SKU_1206_BLA,2024-07-01,115,15793.17,47713.5,principal
SKU_1207_POW,2024-07-01,162,54391.67,165223.8,principal
SKU_1207_BLA,2024-07-01,112,37604.12,114228.8,principal
SKU_1208_PAS,2024-07-01,124,30390.73,79967.6,principal
SKU_1208_MOS,2024-07-01,129,31616.16,83192.1,principal
SKU_1209_BLA,2024-07-01,174,18780.31,48702.6,principal
SKU_1209_DUS,2024-07-01,136,14678.86,38066.4,principal
SKU_1210_SHO,2024-07-01,158,12664.34,32374.2,principal
SKU_1210_WHI,2024-07-01,193,15469.73,39545.7,principal
SKU_1211_GAR,2024-07-01,206,21694.08,65899.4,principal
SKU_1211_CRE,2024-07-01,233,24537.48,74536.7,principal
SKU_1212_COB,2024-07-01,217,15174.42,47718.3,principal
SKU_1212_SNO,2024-07-01,149,10419.3,32765.1,principal
SKU_1213_MAG,2024-07-01,131,37730.24,114611.9,principal
SKU_1213_POW,2024-07-01,129,37154.2,112862.1,principal
SKU_1214_BLA,2024-07-01,154,14479.47,46184.6,principal
SKU_1214_RAS,2024-07-01,168,15795.79,50383.2,principal
SKU_1215_MAG,2024-07-01,183,12629.05,40241.7,principal
SKU_1215_BRI,2024-07-01,107,7384.2,23529.3,principal
SKU_1216_WHI,2024-07-01,215,32751.87,122528.5,principal
SKU_1216_CRE,2024-07-01,226,34427.55,128797.4,principal
SKU_1217_ROS,2024-07-01,151,39246.15,123804.9,principal
SKU_1217_RAS,2024-07-01,131,34047.99,107406.9,principal
SKU_1218_BLU,2024-07-01,149,38290.43,97580.1,principal
SKU_1218_SNO,2024-07-01,94,24156.38,61560.6,principal
SKU_1219_MAR,2024-07-01,185,27773.16,73056.5,principal
SKU_1219_LIM,2024-07-01,0,0.0,0.0,principal
SKU_1220_TUR,2024-07-01,134,13523.53,40856.6,principal
SKU_1220_HOT,2024-07-01,95,9587.58,28965.5,principal
SKU_1221_SAG,2024-07-01,161,37625.41,118318.9,principal
SKU_1221_PAL,2024-07-01,0,0.0,0.0,principal
SKU_1222_PAS,2024-07-01,144,40052.32,121665.6,principal
SKU_1222_HON,2024-07-01,159,44224.43,134339.1,principal
SKU_1223_TEA,2024-07-01,213,10160.33,30863.7,principal
SKU_1223_BLA,2024-07-01,120,5724.13,17388.0,principal
SKU_1224_OLI,2024-07-01,0,0.0,0.0,principal
SKU_1224_ARM,2024-07-01,110,14923.95,45639.0,principal
SKU_1225_POW,2024-07-01,146,9504.86,31375.4,principal
SKU_1225_IVO,2024-07-01,220,14322.4,47278.0,principal
SKU_1226_PAL,2024-07-01,211,29190.16,102313.9,principal
SKU_1226_LIG,2024-07-01,184,25454.92,89221.6,principal
SKU_1227_CLO,2024-07-01,165,19597.1,65983.5,principal
SKU_1227_PAS,2024-07-01,192,22803.9,76780.8,principal
SKU_1228_WHI,2024-07-01,207,23547.65,60009.3,principal
SKU_1228_SPA,2024-07-01,126,14333.35,36527.4,principal
SKU_1229_SAL,2024-07-01,121,34252.57,104047.9,principal
SKU_1229_CLO,2024-07-01,176,49821.92,151342.4,principal
SKU_1230_ROS,2024-07-01,171,22511.65,68382.9,principal
SKU_1230_NAV,2024-07-01,179,23564.83,71582.1,principal
SKU_1231_LIG,2024-07-01,178,28274.75,85422.2,principal
SKU_1231_BIR,2024-07-01,0,0.0,0.0,principal
SKU_1232_AQU,2024-07-01,93,10924.89,33005.7,principal
SKU_1232_FOR,2024-07-01,0,0.0,0.0,principal
SKU_1233_JAD,2024-07-01,140,11056.51,33586.0,principal
SKU_1233_SEA,2024-07-01,189,14926.29,45341.1,principal
SKU_1234_MOS,2024-07-01,109,7244.87,22334.1,principal
SKU_1234_SAL,2024-07-01,0,0.0,0.0,principal
SKU_1235_HUN,2024-07-01,0,0.0,0.0,principal
SKU_1235_COR,2024-07-01,184,24941.58,86461.6,principal
SKU_1236_DEE,2024-07-01,152,26853.69,86624.8,principal
SKU_1236_LIM,2024-07-01,235,41517.21,133926.5,principal
SKU_1237_BAB,2024-07-01,137,39082.19,136986.3,principal
SKU_1237_GAR,2024-07-01,220,62759.72,219978.0,principal
SKU_1238_SAP,2024-07-01,191,27845.57,87840.9,principal
SKU_1238_TUR,2024-07-01,0,0.0,0.0,principal
SKU_1239_BAB,2024-07-01,98,11552.82,30370.2,principal
SKU_1239_MID,2024-07-01,102,12024.37,31609.8,principal
SKU_1240_PAL,2024-07-01,228,75050.09,227977.2,principal
SKU_1240_MOS,2024-07-01,0,0.0,0.0,principal
SKU_1241_BAL,2024-07-01,110,13032.7,39589.0,principal
SKU_1241_FLA,2024-07-01,112,13269.66,40308.8,principal
SKU_1242_AQU,2024-07-01,208,20828.75,65499.2,principal
SKU_1242_SKY,2024-07-01,211,21129.16,66443.9,principal
SKU_1243_SNO,2024-07-01,139,11267.6,34041.1,principal
SKU_1243_PIN,2024-07-01,219,17752.56,53633.1,principal
SKU_1244_COB,2024-07-01,233,21479.85,67546.7,principal
SKU_1244_GAR,2024-07-01,141,12998.54,40875.9,principal
SKU_1245_COB,2024-07-01,141,8725.17,29595.9,principal
SKU_1245_SNO,2024-07-01,0,0.0,0.0,principal
SKU_1246_PAL,2024-07-01,168,13831.47,49543.2,principal
SKU_1246_COR,2024-07-01,126,10373.6,37157.4,principal
SKU_1247_SAP,2024-07-01,103,5286.52,18529.7,principal
SKU_1247_SKY,2024-07-01,177,9084.61,31842.3,principal
SKU_1248_AQU,2024-07-01,103,5722.4,17499.7,principal
SKU_1248_SAG,2024-07-01,132,7333.56,22426.8,principal
SKU_1249_WHI,2024-07-01,139,14271.12,37516.1,principal
SKU_1249_ARM,2024-07-01,200,20533.99,53980.0,principal
SKU_1250_AQU,2024-07-01,119,10181.53,30928.1,principal
SKU_1250_BAB,2024-07-01,150,12833.86,38985.0,principal
SKU_1251_SHO,2024-07-01,107,32402.93,98429.3,principal
SKU_1251_COB,2024-07-01,0,0.0,0.0,principal
SKU_1252_NAV,2024-07-01,147,10513.18,33060.3,principal
SKU_1252_FLA,2024-07-01,117,8367.63,26313.3,principal
SKU_1253_SEA,2024-07-01,216,25591.48,77738.4,principal
SKU_1253_FRE,2024-07-01,170,20141.44,61183.0,principal
SKU_1254_SEA,2024-07-01,0,0.0,0.0,principal
SKU_1254_BAB,2024-07-01,81,5091.41,15381.9,principal
SKU_1255_VAN,2024-07-01,95,14162.69,45590.5,principal
SKU_1255_SHO,2024-07-01,227,33841.37,108937.3,principal
SKU_1256_SEA,2024-07-01,195,38566.63,126730.5,principal
SKU_1256_MID,2024-07-01,206,40742.18,133879.4,principal
SKU_1257_SPA,2024-07-01,143,8359.49,29300.7,principal
SKU_1257_EME,2024-07-01,132,7716.45,27046.8,principal
SKU_1258_AQU,2024-07-01,139,10935.87,36821.1,principal
SKU_1258_LIG,2024-07-01,0,0.0,0.0,principal
SKU_1259_ARM,2024-07-01,123,15777.01,44267.7,principal
SKU_1259_POW,2024-07-01,0,0.0,0.0,principal
SKU_1260_WHI,2024-07-01,202,22726.39,68659.8,principal
SKU_1260_ROY,2024-07-01,207,23288.93,70359.3,principal
SKU_1261_PAS,2024-07-01,367,59792.04,181628.3,principal
SKU_1261_PAS,2024-07-01,367,59792.04,181628.3,principal
SKU_1262_BLU,2024-07-01,218,19836.23,59928.2,principal
SKU_1262_OFF,2024-07-01,0,0.0,0.0,principal
SKU_1263_COB,2024-07-01,0,0.0,0.0,principal
SKU_1263_SKY,2024-07-01,185,11260.78,34206.5,principal
SKU_1264_EGR,2024-07-01,233,45560.4,143271.7,principal
SKU_1264_BRI,2024-07-01,183,35783.49,112526.7,principal
SKU_1265_CRE,2024-07-01,149,10845.25,32765.1,principal
SKU_1265_JAD,2024-07-01,156,11354.76,34304.4,principal
SKU_1266_MEX,2024-07-01,157,15500.15,47084.3,principal
SKU_1266_SPA,2024-07-01,226,22312.32,67777.4,principal
SKU_1267_SKY,2024-07-01,173,19177.38,57937.7,principal
SKU_1267_SAP,2024-07-01,0,0.0,0.0,principal
SKU_1268_MYS,2024-07-01,143,15229.24,47890.7,principal
SKU_1268_MAR,2024-07-01,149,15868.23,49900.1,principal
SKU_1269_BAB,2024-07-01,152,52034.93,158064.8,principal
SKU_1269_CER,2024-07-01,105,35945.18,109189.5,principal
SKU_1270_CRE,2024-07-01,237,14816.07,45006.3,principal
SKU_1270_TUR,2024-07-01,175,10940.14,33232.5,principal
SKU_1271_OLI,2024-07-01,131,38377.12,116576.9,principal
SKU_1271_FLA,2024-07-01,88,25780.05,78311.2,principal
SKU_1272_PAS,2024-07-01,0,0.0,0.0,principal
SKU_1272_TEA,2024-07-01,157,19742.26,59644.3,principal
SKU_1273_PAS,2024-07-01,173,42080.21,132327.7,principal
SKU_1273_EGR,2024-07-01,0,0.0,0.0,principal
SKU_1274_MEX,2024-07-01,166,13983.54,43973.4,principal
SKU_1274_BAL,2024-07-01,244,20554.12,64635.6,principal
SKU_1275_MIN,2024-07-01,198,12052.08,36610.2,principal
SKU_1275_BIR,2024-07-01,162,9860.79,29953.8,principal
SKU_1276_WHI,2024-07-01,0,0.0,0.0,principal
SKU_1276_LIG,2024-07-01,744,37487.88,130125.6,principal
SKU_1277_MYS,2024-07-01,711,50903.71,188343.9,principal
SKU_1277_BAB,2024-07-01,742,53123.14,196555.8,principal
SKU_1278_BAB,2024-07-01,313,91968.94,322358.7,principal
SKU_1278_MOS,2024-07-01,797,234182.88,820830.3,principal
SKU_1279_FUC,2024-07-01,848,114569.29,385755.2,principal
SKU_1279_IVO,2024-07-01,685,92547.13,311606.5,principal
SKU_1280_LIM,2024-07-01,773,137721.05,386422.7,principal
SKU_1280_PRI,2024-07-01,0,0.0,0.0,principal
SKU_1281_PIS,2024-07-01,273,54994.97,144662.7,principal
SKU_1281_CER,2024-07-01,171,34447.4,90612.9,principal
SKU_1282_PIN,2024-07-01,723,51428.36,155372.7,principal
SKU_1282_BAL,2024-07-01,635,45168.76,136461.5,principal
SKU_1283_SNO,2024-07-01,422,25483.82,80137.8,principal
SKU_1283_BAB,2024-07-01,325,19626.17,61717.5,principal
SKU_1284_COR,2024-07-01,0,0.0,0.0,principal
SKU_1284_HOT,2024-07-01,371,86702.36,263372.9,principal
SKU_1285_WHI,2024-07-01,699,203581.58,615050.1,principal
SKU_1285_CLO,2024-07-01,810,235909.99,712719.0,principal
SKU_1286_MAR,2024-07-01,638,47005.11,156246.2,principal
SKU_1286_HOT,2024-07-01,777,57246.03,190287.3,principal
SKU_1287_NAV,2024-07-01,675,75598.87,256432.5,principal
SKU_1287_CER,2024-07-01,714,79966.8,271248.6,principal
SKU_1288_SAG,2024-07-01,257,18144.86,61654.3,principal
SKU_1288_BAB,2024-07-01,819,57823.5,196478.1,principal
SKU_1289_AQU,2024-07-01,716,241132.55,737408.4,principal
SKU_1289_AQU,2024-07-01,716,241132.55,737408.4,principal
SKU_1290_BIR,2024-07-01,782,150194.02,394831.8,principal
SKU_1290_PIN,2024-07-01,268,51473.14,135313.2,principal
SKU_1291_SAL,2024-07-01,564,44541.95,135303.6,principal
SKU_1291_SPA,2024-07-01,328,25903.83,78687.2,principal
SKU_1292_TEA,2024-07-01,775,79497.1,240172.5,principal
SKU_1292_FLA,2024-07-01,721,73957.94,223437.9,principal
SKU_1293_TEA,2024-07-01,348,34929.83,106105.2,principal
SKU_1293_OFF,2024-07-01,645,64740.64,196660.5,principal
SKU_1294_SEA,2024-07-01,590,39038.47,117941.0,principal
SKU_1294_COR,2024-07-01,0,0.0,0.0,principal
SKU_1295_PIS,2024-07-01,786,133230.99,404711.4,principal
SKU_1295_FLA,2024-07-01,194,32883.99,99890.6,principal
SKU_1296_DEE,2024-07-01,777,140978.17,504972.3,principal
SKU_1296_PEA,2024-07-01,169,30663.2,109833.1,principal
SKU_1297_WHI,2024-07-01,0,0.0,0.0,principal
SKU_1297_MIN,2024-07-01,799,51828.16,183690.1,principal
SKU_1298_OFF,2024-07-01,217,11488.97,39038.3,principal
SKU_1298_IVO,2024-07-01,0,0.0,0.0,principal
SKU_1299_BRI,2024-07-01,0,0.0,0.0,principal
SKU_1299_HOT,2024-07-01,651,42517.01,143154.9,principal
SKU_1300_BIR,2024-07-01,285,116799.94,327721.5,principal
SKU_1300_TEA,2024-07-01,728,298352.13,837127.2,principal
SKU_1301_AQU,2024-07-01,758,135970.86,413034.2,principal
SKU_1301_GAR,2024-07-01,805,144401.77,438644.5,principal
SKU_1302_EME,2024-07-01,318,43957.48,133528.2,principal
SKU_1302_DUS,2024-07-01,363,50177.88,152423.7,principal
SKU_1303_BIR,2024-07-01,680,37115.69,112132.0,principal
SKU_1303_SAP,2024-07-01,744,40608.93,122685.6,principal
SKU_1304_TUR,2024-07-01,800,125902.56,395920.0,principal
SKU_1304_GAR,2024-07-01,830,130623.91,410767.0,principal
SKU_1305_MAR,2024-07-01,343,39509.17,120015.7,principal
SKU_1305_OFF,2024-07-01,668,76944.97,233733.2,principal
SKU_1306_FRE,2024-07-01,666,182116.5,572693.4,principal
SKU_1306_SPA,2024-07-01,683,186765.12,587311.7,principal
SKU_1307_MAG,2024-07-01,746,54299.03,164045.4,principal
SKU_1307_FOR,2024-07-01,409,29769.84,89939.1,principal
SKU_1308_PAS,2024-07-01,709,98541.71,297709.1,principal
SKU_1308_CER,2024-07-01,746,103684.23,313245.4,principal
SKU_1309_OLI,2024-07-01,12,1441.5,4378.8,principal
SKU_1309_LIG,2024-07-01,402,48290.28,146689.8,principal
SKU_1310_MOS,2024-07-01,719,57093.56,172488.1,principal
SKU_1310_EGR,2024-07-01,373,29618.77,89482.7,principal
SKU_1311_BAB,2024-07-01,428,123975.8,376597.2,principal
SKU_1311_NAV,2024-07-01,826,239261.7,726797.4,principal
SKU_1312_HOT,2024-07-01,781,64601.9,195171.9,principal
SKU_1312_NAV,2024-07-01,280,23160.73,69972.0,principal
SKU_1313_SPA,2024-07-01,703,216361.66,657234.7,principal
SKU_1313_SHO,2024-07-01,157,48319.75,146779.3,principal
SKU_1314_BLU,2024-07-01,720,68713.26,208728.0,principal
SKU_1314_SNO,2024-07-01,0,0.0,0.0,principal
SKU_1315_WHI,2024-07-01,752,85849.75,259364.8,principal
SKU_1315_BLA,2024-07-01,333,38015.91,114851.7,principal
SKU_1316_DEN,2024-07-01,604,102381.07,310999.6,principal
SKU_1316_AQU,2024-07-01,648,109839.29,333655.2,principal
SKU_1317_BLU,2024-07-01,169,11052.32,36318.1,principal
SKU_1317_ROS,2024-07-01,794,51926.3,170630.6,principal
SKU_1318_PAS,2024-07-01,402,30589.74,96439.8,principal
SKU_1318_MYS,2024-07-01,0,0.0,0.0,principal
SKU_1319_MAR,2024-07-01,650,35216.01,123435.0,principal
SKU_1319_ROS,2024-07-01,842,45618.27,159895.8,principal
SKU_1320_PIS,2024-07-01,0,0.0,0.0,principal
SKU_1320_FOR,2024-07-01,717,31921.06,107478.3,principal
SKU_1321_FLA,2024-07-01,767,41355.9,114973.3,principal
SKU_1321_SER,2024-07-01,371,20003.96,55612.9,principal
SKU_1322_MOS,2024-07-01,260,32628.43,85774.0,principal
SKU_1322_IVO,2024-07-01,319,40032.57,105238.1,principal
SKU_1323_AQU,2024-07-01,309,34586.49,89579.1,principal
SKU_1323_FRE,2024-07-01,730,81709.18,211627.0,principal
SKU_1324_MID,2024-07-01,332,36253.37,109526.8,principal
SKU_1324_SNO,2024-07-01,883,96420.86,291301.7,principal
SKU_1325_LIG,2024-07-01,825,76862.72,247417.5,principal
SKU_1325_PEA,2024-07-01,648,60372.17,194335.2,principal
SKU_1326_PAS,2024-07-01,315,46385.67,159043.5,principal
SKU_1326_BAB,2024-07-01,776,114270.74,391802.4,principal
SKU_1327_GAR,2024-07-01,785,58207.33,204021.5,principal
SKU_1327_HON,2024-07-01,776,57539.99,201682.4,principal
SKU_1328_EGR,2024-07-01,322,25333.45,85297.8,principal
SKU_1328_LIG,2024-07-01,0,0.0,0.0,principal
SKU_1329_NAV,2024-07-01,631,61821.82,173461.9,principal
SKU_1329_MIN,2024-07-01,687,67308.39,188856.3,principal
SKU_1330_PRI,2024-07-01,715,73342.48,221578.5,principal
SKU_1330_LIM,2024-07-01,831,85241.4,257526.9,principal
SKU_1331_ARM,2024-07-01,324,28838.66,90687.6,principal
SKU_1331_AQU,2024-07-01,771,68625.32,215802.9,principal
SKU_1332_MOS,2024-07-01,1239,67626.97,204311.1,principal
SKU_1332_MOS,2024-07-01,1239,67626.97,204311.1,principal
SKU_1333_PIS,2024-07-01,749,47079.82,142235.1,principal
SKU_1333_MOS,2024-07-01,710,44628.4,134829.0,principal
SKU_1334_TEA,2024-07-01,670,101992.02,308133.0,principal
SKU_1334_ROY,2024-07-01,182,27705.3,83701.8,principal
SKU_1335_CRE,2024-07-01,671,76321.23,254912.9,principal
SKU_1335_BRI,2024-07-01,0,0.0,0.0,principal
SKU_1336_LIM,2024-07-01,670,64049.51,234433.0,principal
SKU_1336_PIN,2024-07-01,374,35753.01,130862.6,principal
SKU_1337_DUS,2024-07-01,691,37601.5,127765.9,principal
SKU_1337_MAG,2024-07-01,397,21603.18,73405.3,principal
SKU_1338_OLI,2024-07-01,660,44221.52,135234.0,principal
SKU_1338_PAS,2024-07-01,326,21842.75,66797.4,principal
SKU_1339_JAD,2024-07-01,321,35453.92,99477.9,principal
SKU_1339_EME,2024-07-01,750,82836.27,232425.0,principal
SKU_1340_SNO,2024-07-01,0,0.0,0.0,principal
SKU_1340_POW,2024-07-01,862,324888.73,986903.8,principal
SKU_1341_HOT,2024-07-01,819,46853.52,147338.1,principal
SKU_1341_PEA,2024-07-01,693,39645.28,124670.7,principal
SKU_1342_CRE,2024-07-01,735,81782.13,257176.5,principal
SKU_1342_BAB,2024-07-01,593,65982.04,207490.7,principal
SKU_1343_NAV,2024-07-01,668,69626.91,210353.2,principal
SKU_1343_IVO,2024-07-01,734,76506.21,231136.6,principal
SKU_1344_PAS,2024-07-01,737,73801.85,232081.3,principal
SKU_1344_MID,2024-07-01,704,70497.29,221689.6,principal
SKU_1345_ARM,2024-07-01,291,95760.05,349170.9,principal
SKU_1345_FOR,2024-07-01,688,226401.77,825531.2,principal
SKU_1346_HON,2024-07-01,749,58166.22,198410.1,principal
SKU_1346_PEA,2024-07-01,671,52108.86,177747.9,principal
SKU_1347_DUS,2024-07-01,0,0.0,0.0,principal
SKU_1347_LIM,2024-07-01,752,58272.68,218004.8,principal
SKU_1348_NAV,2024-07-01,773,164275.87,502372.7,principal
SKU_1348_PIS,2024-07-01,225,47816.39,146227.5,principal
SKU_1349_HON,2024-07-01,762,62761.95,159943.8,principal
SKU_1349_SEA,2024-07-01,640,52713.45,134336.0,principal
SKU_1350_SNO,2024-07-01,646,60919.03,184045.4,principal
SKU_1350_BAB,2024-07-01,762,71858.05,217093.8,principal
SKU_1351_SAG,2024-07-01,350,79924.91,241465.0,principal
SKU_1351_HON,2024-07-01,433,98878.54,298726.7,principal
SKU_1352_CER,2024-07-01,357,33074.94,99924.3,principal
SKU_1352_HUN,2024-07-01,351,32519.06,98244.9,principal
SKU_1353_MAG,2024-07-01,837,52611.23,158946.3,principal
SKU_1353_MAR,2024-07-01,854,53679.79,162174.6,principal
SKU_1354_AQU,2024-07-01,850,258805.52,786165.0,principal
SKU_1354_CLE,2024-07-01,323,98346.1,298742.7,principal
SKU_1355_PAS,2024-07-01,394,22685.37,68910.6,principal
SKU_1355_DEE,2024-07-01,287,16524.62,50196.3,principal
SKU_1356_BLU,2024-07-01,639,45206.11,137321.1,principal
SKU_1356_DEN,2024-07-01,217,15351.68,46633.3,principal
SKU_1357_BRI,2024-07-01,291,64043.83,193485.9,principal
SKU_1357_BLU,2024-07-01,844,185749.12,561175.6,principal
SKU_1358_DUS,2024-07-01,667,43893.32,133333.3,principal
SKU_1358_MAR,2024-07-01,716,47117.87,143128.4,principal
SKU_1359_BLU,2024-07-01,262,35400.97,111323.8,principal
SKU_1359_NAV,2024-07-01,672,90799.43,285532.8,principal
SKU_1360_WHI,2024-07-01,821,86933.14,262637.9,principal
SKU_1360_FRE,2024-07-01,0,0.0,0.0,principal
SKU_1361_MEX,2024-07-01,367,22162.47,69693.3,principal
SKU_1361_BLU,2024-07-01,312,18841.12,59248.8,principal
SKU_1362_POW,2024-07-01,394,119641.33,376230.6,principal
SKU_1362_SEA,2024-07-01,714,216811.95,681798.6,principal
SKU_1363_RAS,2024-07-01,658,198760.88,625034.2,principal
SKU_1363_HUN,2024-07-01,787,237727.67,747571.3,principal
SKU_1364_OFF,2024-07-01,356,52064.36,163724.4,principal
SKU_1364_TEA,2024-07-01,0,0.0,0.0,principal
SKU_1365_BUB,2024-07-01,389,64366.62,194461.1,principal
SKU_1365_NAV,2024-07-01,19,3143.87,9498.1,principal
SKU_1366_TEA,2024-07-01,730,98130.47,321127.0,principal
SKU_1366_PAL,2024-07-01,761,102297.65,334763.9,principal
SKU_1367_VAN,2024-07-01,652,35931.34,117294.8,principal
SKU_1367_BLA,2024-07-01,726,40009.44,130607.4,principal
SKU_1368_SNO,2024-07-01,715,151951.78,532603.5,principal
SKU_1368_TUR,2024-07-01,351,74594.51,261459.9,principal
SKU_1369_SNO,2024-07-01,678,34366.67,108412.2,principal
SKU_1369_RAS,2024-07-01,391,19819.13,62520.9,principal
SKU_1370_PRI,2024-07-01,0,0.0,0.0,principal
SKU_1370_MYS,2024-07-01,415,29296.0,74658.5,principal
SKU_1371_WHI,2024-07-01,782,71155.67,214971.8,principal
SKU_1371_HOT,2024-07-01,166,15104.66,45633.4,principal
SKU_1372_SEA,2024-07-01,275,30939.4,93472.5,principal
SKU_1372_DEN,2024-07-01,717,80667.45,243708.3,principal
SKU_1373_SKY,2024-07-01,267,16691.53,50703.3,principal
SKU_1373_CRE,2024-07-01,777,48574.22,147552.3,principal
SKU_1374_SAL,2024-07-01,0,0.0,0.0,principal
SKU_1374_BLU,2024-07-01,0,0.0,0.0,principal
SKU_1375_COR,2024-07-01,806,70671.61,213509.4,principal
SKU_1375_CLE,2024-07-01,798,69970.16,211390.2,principal
SKU_1376_SNO,2024-07-01,700,55866.41,199430.0,principal
SKU_1376_BIR,2024-07-01,324,25858.16,92307.6,principal
SKU_1377_PRI,2024-07-01,230,18089.01,59777.0,principal
SKU_1377_CLO,2024-07-01,731,57491.59,189986.9,principal
SKU_1378_SPA,2024-07-01,605,35367.07,123964.5,principal
SKU_1378_MOS,2024-07-01,778,45480.3,159412.2,principal
SKU_1379_SNO,2024-07-01,740,113747.84,358826.0,principal
SKU_1379_WHI,2024-07-01,789,121279.79,382586.1,principal
SKU_1380_TUR,2024-07-01,122,11005.96,28047.8,principal
SKU_1380_MIN,2024-07-01,763,68832.34,175413.7,principal
SKU_1381_WHI,2024-07-01,338,30755.26,92916.2,principal
SKU_1381_PAS,2024-07-01,679,61783.5,186657.1,principal
SKU_1382_ARM,2024-07-01,362,21860.53,68743.8,principal
SKU_1382_HOT,2024-07-01,694,41909.41,131790.6,principal
SKU_1383_CLE,2024-07-01,775,46148.85,139422.5,principal
SKU_1383_TUR,2024-07-01,770,45851.11,138523.0,principal
SKU_1384_CRE,2024-07-01,342,58533.67,177805.8,principal
SKU_1384_SKY,2024-07-01,838,143424.61,435676.2,principal
SKU_1385_PRI,2024-07-01,834,80028.05,241776.6,principal
SKU_1385_NAV,2024-07-01,239,22933.7,69286.1,principal
SKU_1386_SER,2024-07-01,237,15966.7,50931.3,principal
SKU_1386_COB,2024-07-01,387,26072.21,83166.3,principal
SKU_1387_BRI,2024-07-01,304,13905.77,48609.6,principal
SKU_1387_BAB,2024-07-01,420,19211.92,67158.0,principal
SKU_1388_BRI,2024-07-01,782,78364.82,293171.8,principal
SKU_1388_VAN,2024-07-01,812,81371.15,304418.8,principal
SKU_1000_COR,2024-08-01,0,0.0,0.0,principal
SKU_1000_EME,2024-08-01,160,9561.13,32784.0,principal
SKU_1000_ROY,2024-08-01,203,12130.68,41594.7,principal
SKU_1001_AQU,2024-08-01,119,29897.0,111848.1,principal
SKU_1001_SAP,2024-08-01,188,47232.23,176701.2,principal
SKU_1002_COR,2024-08-01,84,6452.23,19731.6,principal
SKU_1002_MYS,2024-08-01,83,6375.42,19496.7,principal
SKU_1003_SNO,2024-08-01,137,19616.59,49991.3,principal
SKU_1003_DUS,2024-08-01,185,26489.55,67506.5,principal
SKU_1004_FOR,2024-08-01,0,0.0,0.0,principal
SKU_1004_MEX,2024-08-01,124,14137.24,37187.6,principal
SKU_1005_OLI,2024-08-01,0,0.0,0.0,principal
SKU_1005_MYS,2024-08-01,0,0.0,0.0,principal
SKU_1006_MOS,2024-08-01,107,6461.54,20319.3,principal
SKU_1006_FOR,2024-08-01,102,6159.6,19369.8,principal
SKU_1007_COB,2024-08-01,162,15192.07,47773.8,principal
SKU_1007_FOR,2024-08-01,155,14535.62,45709.5,principal
SKU_1008_MEX,2024-08-01,168,18067.04,54583.2,principal
SKU_1008_WHI,2024-08-01,148,15916.2,48085.2,principal
SKU_1009_BAB,2024-08-01,190,27021.9,97831.0,principal
SKU_1009_MAG,2024-08-01,0,0.0,0.0,principal
SKU_1010_SNO,2024-08-01,144,16301.17,54705.6,principal
SKU_1010_BRI,2024-08-01,0,0.0,0.0,principal
SKU_1011_CER,2024-08-01,94,6530.3,24430.6,principal
SKU_1011_MIN,2024-08-01,75,5210.35,19492.5,principal
SKU_1012_VAN,2024-08-01,148,42632.92,143545.2,principal
SKU_1012_CLO,2024-08-01,181,52138.91,175551.9,principal
SKU_1013_LIG,2024-08-01,127,8691.11,22847.3,principal
SKU_1013_LIG,2024-08-01,127,8691.11,22847.3,principal
SKU_1014_FLA,2024-08-01,152,20119.77,60784.8,principal
SKU_1014_MIN,2024-08-01,185,24487.88,73981.5,principal
SKU_1015_ROY,2024-08-01,175,54154.08,163607.5,principal
SKU_1015_TUR,2024-08-01,75,23208.89,70117.5,principal
SKU_1016_HON,2024-08-01,73,5192.63,15687.7,principal
SKU_1016_SNO,2024-08-01,0,0.0,0.0,principal
SKU_1017_PAS,2024-08-01,190,9056.96,28481.0,principal
SKU_1017_BAL,2024-08-01,109,5195.83,16339.1,principal
SKU_1018_TEA,2024-08-01,181,6901.2,21701.9,principal
SKU_1018_ARM,2024-08-01,184,7015.59,22061.6,principal
SKU_1019_NAV,2024-08-01,98,8064.54,25960.2,principal
SKU_1019_GAR,2024-08-01,102,8393.7,27019.8,principal
SKU_1020_NAV,2024-08-01,73,4440.85,14592.7,principal
SKU_1020_LIG,2024-08-01,118,7178.36,23588.2,principal
SKU_1021_CRE,2024-08-01,108,8224.61,30769.2,principal
SKU_1021_PAS,2024-08-01,204,15535.37,58119.6,principal
SKU_1022_PAL,2024-08-01,162,16946.38,51823.8,principal
SKU_1022_DEN,2024-08-01,87,9100.84,27831.3,principal
SKU_1023_DEN,2024-08-01,169,18561.74,47303.1,principal
SKU_1023_FOR,2024-08-01,202,22186.22,56539.8,principal
SKU_1024_VAN,2024-08-01,192,15320.75,40300.8,principal
SKU_1024_DEN,2024-08-01,94,7500.78,19730.6,principal
SKU_1025_WHI,2024-08-01,140,21587.75,67886.0,principal
SKU_1025_MIN,2024-08-01,133,20508.36,64491.7,principal
SKU_1026_CLO,2024-08-01,0,0.0,0.0,principal
SKU_1026_SPA,2024-08-01,86,11746.32,35681.4,principal
SKU_1027_MAR,2024-08-01,220,29376.2,92378.0,principal
SKU_1027_BIR,2024-08-01,200,26705.64,83980.0,principal
SKU_1028_BLU,2024-08-01,120,24036.98,75588.0,principal
SKU_1028_AQU,2024-08-01,79,15824.35,49762.1,principal
SKU_1029_BLU,2024-08-01,202,15731.4,49469.8,principal
SKU_1029_BAL,2024-08-01,93,7242.67,22775.7,principal
SKU_1030_CRE,2024-08-01,103,21286.82,66939.7,principal
SKU_1030_DEN,2024-08-01,86,17773.47,55891.4,principal
SKU_1031_COR,2024-08-01,178,27980.16,84532.2,principal
SKU_1031_HON,2024-08-01,0,0.0,0.0,principal
SKU_1032_EME,2024-08-01,178,19522.72,61392.2,principal
SKU_1032_HON,2024-08-01,164,17987.22,56563.6,principal
SKU_1033_NAV,2024-08-01,199,41126.97,129330.1,principal
SKU_1033_LIM,2024-08-01,132,27280.2,85786.8,principal
SKU_1034_PAS,2024-08-01,99,7003.76,21275.1,principal
SKU_1034_PIS,2024-08-01,139,9833.57,29871.1,principal
SKU_1035_SAP,2024-08-01,192,39985.57,125740.8,principal
SKU_1035_FUC,2024-08-01,180,37486.48,117882.0,principal
SKU_1036_BIR,2024-08-01,92,22711.77,68990.8,principal
SKU_1036_MID,2024-08-01,116,28636.58,86988.4,principal
SKU_1037_PRI,2024-08-01,86,5740.35,18051.4,principal
SKU_1037_SPA,2024-08-01,136,9077.76,28546.4,principal
SKU_1038_LIG,2024-08-01,75,6079.36,19117.5,principal
SKU_1038_FLA,2024-08-01,132,10699.68,33646.8,principal
SKU_1039_ARM,2024-08-01,90,4614.47,13941.0,principal
SKU_1039_MIN,2024-08-01,111,5691.18,17193.9,principal
SKU_1040_BLA,2024-08-01,102,10974.26,35689.8,principal
SKU_1040_BAB,2024-08-01,106,11404.62,37089.4,principal
SKU_1041_EME,2024-08-01,125,8179.46,27487.5,principal
SKU_1041_SNO,2024-08-01,94,6150.95,20670.6,principal
SKU_1042_SEA,2024-08-01,143,13252.54,45030.7,principal
SKU_1042_EME,2024-08-01,187,17330.24,58886.3,principal
SKU_1043_SPA,2024-08-01,77,20008.09,67367.3,principal
SKU_1043_CER,2024-08-01,105,27283.76,91864.5,principal
SKU_1044_SER,2024-08-01,201,65748.3,172839.9,principal
SKU_1044_COR,2024-08-01,147,48084.58,126405.3,principal
SKU_1045_FOR,2024-08-01,79,7655.32,20137.1,principal
SKU_1045_BUB,2024-08-01,156,15116.83,39764.4,principal
SKU_1046_SNO,2024-08-01,0,0.0,0.0,principal
SKU_1046_PAS,2024-08-01,94,4975.13,15030.6,principal
SKU_1047_ROY,2024-08-01,193,13409.04,40510.7,principal
SKU_1047_DEE,2024-08-01,80,5558.15,16792.0,principal
SKU_1048_MAR,2024-08-01,165,13030.89,39583.5,principal
SKU_1048_PEA,2024-08-01,0,0.0,0.0,principal
SKU_1049_BAL,2024-08-01,174,43241.28,131352.6,principal
SKU_1049_LIG,2024-08-01,196,48708.56,147960.4,principal
SKU_1050_BUB,2024-08-01,0,0.0,0.0,principal
SKU_1050_PRI,2024-08-01,178,15827.94,54272.2,principal
SKU_1051_CLE,2024-08-01,148,33751.71,110985.2,principal
SKU_1051_LIG,2024-08-01,189,43101.84,141731.1,principal
SKU_1052_PAS,2024-08-01,163,15109.12,52958.7,principal
SKU_1052_FRE,2024-08-01,132,12235.6,42886.8,principal
SKU_1053_SHO,2024-08-01,0,0.0,0.0,principal
SKU_1053_NAV,2024-08-01,85,8891.62,27191.5,principal
SKU_1054_DEE,2024-08-01,131,16569.71,46491.9,principal
SKU_1054_PAS,2024-08-01,97,12269.18,34425.3,principal
SKU_1055_LIG,2024-08-01,211,79262.55,239463.9,principal
SKU_1055_PAL,2024-08-01,0,0.0,0.0,principal
SKU_1056_CRE,2024-08-01,154,11973.79,36174.6,principal
SKU_1056_OLI,2024-08-01,180,13995.34,42282.0,principal
SKU_1057_ROY,2024-08-01,79,4808.66,14607.1,principal
SKU_1057_SNO,2024-08-01,0,0.0,0.0,principal
SKU_1058_MID,2024-08-01,95,5887.93,18515.5,principal
SKU_1058_SHO,2024-08-01,146,9048.82,28455.4,principal
SKU_1059_PEA,2024-08-01,108,10299.77,32389.2,principal
SKU_1059_OFF,2024-08-01,178,16975.54,53382.2,principal
SKU_1060_CRE,2024-08-01,162,55268.09,179803.8,principal
SKU_1060_LIM,2024-08-01,75,25587.08,83242.5,principal
SKU_1061_PAS,2024-08-01,172,19892.37,70502.8,principal
SKU_1061_EGR,2024-08-01,78,9020.96,31972.2,principal
SKU_1062_OLI,2024-08-01,184,10493.79,36781.6,principal
SKU_1062_MID,2024-08-01,156,8896.91,31184.4,principal
SKU_1063_SNO,2024-08-01,134,7854.18,24776.6,principal
SKU_1063_SAP,2024-08-01,78,4571.84,14422.2,principal
SKU_1064_PRI,2024-08-01,117,7918.6,22218.3,principal
SKU_1064_BIR,2024-08-01,152,10287.41,28864.8,principal
SKU_1065_CLE,2024-08-01,155,32906.67,99959.5,principal
SKU_1065_COB,2024-08-01,154,32694.37,99314.6,principal
SKU_1066_IVO,2024-08-01,188,11194.82,33821.2,principal
SKU_1066_WHI,2024-08-01,98,5835.6,17630.2,principal
SKU_1067_EME,2024-08-01,98,8255.34,25960.2,principal
SKU_1067_WHI,2024-08-01,89,7497.2,23576.1,principal
SKU_1068_COR,2024-08-01,93,24469.41,73925.7,principal
SKU_1068_BAL,2024-08-01,0,0.0,0.0,principal
SKU_1069_OLI,2024-08-01,0,0.0,0.0,principal
SKU_1069_CRE,2024-08-01,111,19469.06,58818.9,principal
SKU_1070_LIG,2024-08-01,0,0.0,0.0,principal
SKU_1070_MID,2024-08-01,175,19978.33,60357.5,principal
SKU_1071_BAB,2024-08-01,197,17503.66,53170.3,principal
SKU_1071_SKY,2024-08-01,168,14926.98,45343.2,principal
SKU_1072_PAS,2024-08-01,175,26639.71,80482.5,principal
SKU_1072_CER,2024-08-01,150,22834.03,68985.0,principal
SKU_1073_FRE,2024-08-01,117,12388.77,37428.3,principal
SKU_1073_BLU,2024-08-01,145,15353.6,46385.5,principal
SKU_1074_JAD,2024-08-01,161,10859.95,32988.9,principal
SKU_1074_PRI,2024-08-01,193,13018.44,39545.7,principal
SKU_1075_NAV,2024-08-01,126,11615.71,36527.4,principal
SKU_1075_LIG,2024-08-01,183,16870.44,53051.7,principal
SKU_1076_BLU,2024-08-01,0,0.0,0.0,principal
SKU_1076_POW,2024-08-01,161,11389.96,34598.9,principal
SKU_1077_NAV,2024-08-01,92,6725.95,21150.8,principal
SKU_1077_MAR,2024-08-01,110,8041.9,25289.0,principal
SKU_1078_GAR,2024-08-01,0,0.0,0.0,principal
SKU_1078_BLU,2024-08-01,173,17048.84,53612.7,principal
SKU_1079_BAB,2024-08-01,123,11131.14,33812.7,principal
SKU_1079_JAD,2024-08-01,180,16289.47,49482.0,principal
SKU_1080_TEA,2024-08-01,127,19179.31,60312.3,principal
SKU_1080_MAR,2024-08-01,90,13591.64,42741.0,principal
SKU_1081_EGR,2024-08-01,82,7205.03,22951.8,principal
SKU_1081_PAS,2024-08-01,146,12828.47,40865.4,principal
SKU_1082_PIN,2024-08-01,184,11875.76,38621.6,principal
SKU_1082_LIG,2024-08-01,197,12714.8,41350.3,principal
SKU_1083_OFF,2024-08-01,83,11233.93,38171.7,principal
SKU_1083_BAB,2024-08-01,154,20843.68,70824.6,principal
SKU_1084_DUS,2024-08-01,83,26866.88,82161.7,principal
SKU_1084_PAS,2024-08-01,102,33017.12,100969.8,principal
SKU_1085_COB,2024-08-01,132,21557.89,65986.8,principal
SKU_1085_CRE,2024-08-01,113,18454.86,56488.7,principal
SKU_1086_PRI,2024-08-01,202,17826.65,45429.8,principal
SKU_1086_CRE,2024-08-01,98,8648.57,22040.2,principal
SKU_1087_BIR,2024-08-01,104,15053.88,38989.6,principal
SKU_1087_SNO,2024-08-01,165,23883.57,61858.5,principal
SKU_1088_CER,2024-08-01,148,34831.07,105805.2,principal
SKU_1088_HON,2024-08-01,159,37419.87,113669.1,principal
SKU_1089_GAR,2024-08-01,213,20762.39,71333.7,principal
SKU_1089_EGR,2024-08-01,140,13646.64,46886.0,principal
SKU_1090_PAL,2024-08-01,198,8577.02,26710.2,principal
SKU_1090_WHI,2024-08-01,112,4851.65,15108.8,principal
SKU_1091_OFF,2024-08-01,85,7154.69,26766.5,principal
SKU_1091_MOS,2024-08-01,148,12457.57,46605.2,principal
SKU_1092_TUR,2024-08-01,167,18015.51,55093.3,principal
SKU_1092_MIN,2024-08-01,213,22977.86,70268.7,principal
SKU_1093_GAR,2024-08-01,0,0.0,0.0,principal
SKU_1093_TEA,2024-08-01,108,44838.4,125809.2,principal
SKU_1094_FOR,2024-08-01,97,8662.06,22785.3,principal
SKU_1094_DEE,2024-08-01,204,18217.12,47919.6,principal
SKU_1095_COB,2024-08-01,168,22393.24,68023.2,principal
SKU_1095_MAG,2024-08-01,0,0.0,0.0,principal
SKU_1096_HOT,2024-08-01,168,15480.04,47023.2,principal
SKU_1096_CLE,2024-08-01,74,6818.59,20712.6,principal
SKU_1097_AQU,2024-08-01,0,0.0,0.0,principal
SKU_1097_PAL,2024-08-01,141,10029.6,30300.9,principal
SKU_1098_HON,2024-08-01,0,0.0,0.0,principal
SKU_1098_HUN,2024-08-01,176,20092.49,60702.4,principal
SKU_1099_SAL,2024-08-01,82,6135.27,20491.8,principal
SKU_1099_PRI,2024-08-01,105,7856.14,26239.5,principal
SKU_1100_PEA,2024-08-01,100,5051.66,18490.0,principal
SKU_1100_COB,2024-08-01,0,0.0,0.0,principal
SKU_1101_CLE,2024-08-01,0,0.0,0.0,principal
SKU_1101_DEE,2024-08-01,145,16080.9,60160.5,principal
SKU_1102_FLA,2024-08-01,215,61932.96,208528.5,principal
SKU_1102_OFF,2024-08-01,162,46665.77,157123.8,principal
SKU_1103_EGR,2024-08-01,88,4348.43,11431.2,principal
SKU_1103_LIG,2024-08-01,85,4200.19,11041.5,principal
SKU_1104_POW,2024-08-01,91,5418.77,16370.9,principal
SKU_1104_MEX,2024-08-01,142,8455.66,25545.8,principal
SKU_1105_ARM,2024-08-01,0,0.0,0.0,principal
SKU_1105_SER,2024-08-01,203,13692.98,41594.7,principal
SKU_1106_MYS,2024-08-01,132,32737.08,102946.8,principal
SKU_1106_SNO,2024-08-01,102,25296.84,79549.8,principal
SKU_1107_BAL,2024-08-01,174,56988.67,173112.6,principal
SKU_1107_PAS,2024-08-01,76,24891.6,75612.4,principal
SKU_1108_PRI,2024-08-01,134,11084.06,33486.6,principal
SKU_1108_SNO,2024-08-01,124,10256.9,30987.6,principal
SKU_1109_SAG,2024-08-01,0,0.0,0.0,principal
SKU_1109_CER,2024-08-01,204,12862.21,46899.6,principal
SKU_1110_FLA,2024-08-01,173,10924.19,39772.7,principal
SKU_1110_HUN,2024-08-01,0,0.0,0.0,principal
SKU_1111_CRE,2024-08-01,71,3983.55,14902.9,principal
SKU_1111_BLU,2024-08-01,97,5442.31,20360.3,principal
SKU_1112_MIN,2024-08-01,130,10613.89,35737.0,principal
SKU_1112_EGR,2024-08-01,105,8572.76,28864.5,principal
SKU_1113_VAN,2024-08-01,0,0.0,0.0,principal
SKU_1113_OLI,2024-08-01,0,0.0,0.0,principal
SKU_1114_GAR,2024-08-01,112,14825.09,44788.8,principal
SKU_1114_PRI,2024-08-01,153,20252.14,61184.7,principal
SKU_1115_LIM,2024-08-01,154,10954.31,33094.6,principal
SKU_1115_TEA,2024-08-01,0,0.0,0.0,principal
SKU_1116_MOS,2024-08-01,110,8687.26,26389.0,principal
SKU_1116_SNO,2024-08-01,129,10187.79,30947.1,principal
SKU_1117_MOS,2024-08-01,131,9535.08,28806.9,principal
SKU_1117_MIN,2024-08-01,173,12592.13,38042.7,principal
SKU_1118_FUC,2024-08-01,130,12689.55,38337.0,principal
SKU_1118_DUS,2024-08-01,95,9273.13,28015.5,principal
SKU_1119_PAS,2024-08-01,93,4283.12,13010.7,principal
SKU_1119_LIG,2024-08-01,0,0.0,0.0,principal
SKU_1120_AQU,2024-08-01,102,7781.4,24469.8,principal
SKU_1120_SAL,2024-08-01,163,12434.98,39103.7,principal
SKU_1121_MYS,2024-08-01,151,12422.33,37734.9,principal
SKU_1121_MIN,2024-08-01,177,14561.27,44232.3,principal
SKU_1122_ROY,2024-08-01,127,17861.52,53962.3,principal
SKU_1122_PIS,2024-08-01,199,27987.74,84555.1,principal
SKU_1123_BAB,2024-08-01,95,13518.21,40840.5,principal
SKU_1123_SER,2024-08-01,0,0.0,0.0,principal
SKU_1124_BLU,2024-08-01,194,24262.24,73700.6,principal
SKU_1124_FOR,2024-08-01,160,20010.09,60784.0,principal
SKU_1125_MIN,2024-08-01,171,9001.28,27342.9,principal
SKU_1125_SAP,2024-08-01,111,5842.94,17748.9,principal
SKU_1126_WHI,2024-08-01,188,42619.96,128761.2,principal
SKU_1126_WHI,2024-08-01,188,42619.96,128761.2,principal
SKU_1127_SAL,2024-08-01,177,11647.85,35382.3,principal
SKU_1127_BLU,2024-08-01,88,5791.02,17591.2,principal
SKU_1128_PRI,2024-08-01,168,22669.77,68863.2,principal
SKU_1128_TEA,2024-08-01,0,0.0,0.0,principal
SKU_1129_VAN,2024-08-01,144,18345.87,55425.6,principal
SKU_1129_SAG,2024-08-01,100,12740.19,38490.0,principal
SKU_1130_CRE,2024-08-01,73,5404.15,18242.7,principal
SKU_1130_MEX,2024-08-01,143,10586.22,35735.7,principal
SKU_1131_CLO,2024-08-01,174,47166.98,153972.6,principal
SKU_1131_JAD,2024-08-01,78,21143.82,69022.2,principal
SKU_1132_NAV,2024-08-01,0,0.0,0.0,principal
SKU_1132_CLE,2024-08-01,203,10449.03,35504.7,principal
SKU_1133_MOS,2024-08-01,97,26213.31,88260.3,principal
SKU_1133_PEA,2024-08-01,183,49453.97,166511.7,principal
SKU_1134_DUS,2024-08-01,95,8383.82,21365.5,principal
SKU_1134_PIN,2024-08-01,180,15885.14,40482.0,principal
SKU_1135_ROS,2024-08-01,136,9301.15,24466.4,principal
SKU_1135_MAR,2024-08-01,108,7386.2,19429.2,principal
SKU_1136_SNO,2024-08-01,134,11023.79,33486.6,principal
SKU_1136_FUC,2024-08-01,74,6087.76,18492.6,principal
SKU_1137_DEE,2024-08-01,92,11845.75,37250.8,principal
SKU_1137_PAL,2024-08-01,174,22403.93,70452.6,principal
SKU_1138_PEA,2024-08-01,175,12515.68,39357.5,principal
SKU_1138_HON,2024-08-01,148,10584.69,33285.2,principal
SKU_1139_PRI,2024-08-01,139,13338.01,40296.1,principal
SKU_1139_EGR,2024-08-01,155,14873.32,44934.5,principal
SKU_1140_SNO,2024-08-01,169,10100.96,33783.1,principal
SKU_1140_ROS,2024-08-01,0,0.0,0.0,principal
SKU_1141_SKY,2024-08-01,86,9496.27,31381.4,principal
SKU_1141_CLE,2024-08-01,206,22746.88,75169.4,principal
SKU_1142_MIN,2024-08-01,105,9539.8,35689.5,principal
SKU_1142_PAS,2024-08-01,100,9085.53,33990.0,principal
SKU_1143_IVO,2024-08-01,155,9878.51,30209.5,principal
SKU_1143_SNO,2024-08-01,85,5417.25,16566.5,principal
SKU_1144_SEA,2024-08-01,169,21208.48,55753.1,principal
SKU_1144_BUB,2024-08-01,201,25224.29,66309.9,principal
SKU_1145_MOS,2024-08-01,142,21146.2,63885.8,principal
SKU_1145_LIG,2024-08-01,0,0.0,0.0,principal
SKU_1146_FRE,2024-08-01,89,13767.51,41821.1,principal
SKU_1146_CER,2024-08-01,155,23977.12,72834.5,principal
SKU_1147_COR,2024-08-01,209,24205.73,73129.1,principal
SKU_1147_MEX,2024-08-01,0,0.0,0.0,principal
SKU_1148_TEA,2024-08-01,106,15258.9,46099.4,principal
SKU_1148_SPA,2024-08-01,178,25623.44,77412.2,principal
SKU_1149_IVO,2024-08-01,139,7067.9,22226.1,principal
SKU_1149_OLI,2024-08-01,145,7372.99,23185.5,principal
SKU_1150_SAG,2024-08-01,153,30452.8,97139.7,principal
SKU_1150_VAN,2024-08-01,198,39409.51,125710.2,principal
SKU_1151_CRE,2024-08-01,146,36104.39,118245.4,principal
SKU_1151_JAD,2024-08-01,156,38577.29,126344.4,principal
SKU_1152_CLO,2024-08-01,205,55612.97,208054.5,principal
SKU_1152_WHI,2024-08-01,128,34724.19,129907.2,principal
SKU_1153_PEA,2024-08-01,184,20487.54,68981.6,principal
SKU_1153_MOS,2024-08-01,91,10132.42,34115.9,principal
SKU_1154_VAN,2024-08-01,110,23088.42,58839.0,principal
SKU_1154_PEA,2024-08-01,135,28335.79,72211.5,principal
SKU_1155_ARM,2024-08-01,165,48606.69,127858.5,principal
SKU_1155_BAB,2024-08-01,117,34466.56,90663.3,principal
SKU_1156_FLA,2024-08-01,179,16217.08,50997.1,principal
SKU_1156_EGR,2024-08-01,108,9784.61,30769.2,principal
SKU_1157_DEE,2024-08-01,144,9002.17,27345.6,principal
SKU_1157_PAS,2024-08-01,126,7876.9,23927.4,principal
SKU_1158_AQU,2024-08-01,186,40806.21,128321.4,principal
SKU_1158_MYS,2024-08-01,119,26107.2,82098.1,principal
SKU_1159_PAS,2024-08-01,112,6669.25,20148.8,principal
SKU_1159_PRI,2024-08-01,118,7026.53,21228.2,principal
SKU_1160_DUS,2024-08-01,187,12682.7,38316.3,principal
SKU_1160_LIM,2024-08-01,80,5425.75,16392.0,principal
SKU_1161_MEX,2024-08-01,107,15048.68,45464.3,principal
SKU_1161_DUS,2024-08-01,0,0.0,0.0,principal
SKU_1162_HOT,2024-08-01,192,46396.45,145900.8,principal
SKU_1162_BUB,2024-08-01,175,42288.43,132982.5,principal
SKU_1163_HUN,2024-08-01,167,13738.6,41733.3,principal
SKU_1163_SPA,2024-08-01,162,13327.27,40483.8,principal
SKU_1164_BRI,2024-08-01,182,11569.41,36381.8,principal
SKU_1164_MIN,2024-08-01,106,6738.23,21189.4,principal
SKU_1165_HUN,2024-08-01,0,0.0,0.0,principal
SKU_1165_MAR,2024-08-01,188,20320.58,63901.2,principal
SKU_1166_PIS,2024-08-01,107,20582.33,64724.3,principal
SKU_1166_FRE,2024-08-01,168,32316.18,101623.2,principal
SKU_1167_WHI,2024-08-01,118,27951.63,87898.2,principal
SKU_1167_JAD,2024-08-01,103,24398.45,76724.7,principal
SKU_1168_GAR,2024-08-01,165,41501.94,125383.5,principal
SKU_1168_BLU,2024-08-01,0,0.0,0.0,principal
SKU_1169_BUB,2024-08-01,140,8899.55,27986.0,principal
SKU_1169_MEX,2024-08-01,158,10043.78,31584.2,principal
SKU_1170_GAR,2024-08-01,128,37708.94,114547.2,principal
SKU_1170_OFF,2024-08-01,84,24746.49,75171.6,principal
SKU_1171_MIN,2024-08-01,91,5151.39,16825.9,principal
SKU_1171_EME,2024-08-01,151,8547.92,27919.9,principal
SKU_1172_ARM,2024-08-01,70,7730.62,25193.0,principal
SKU_1172_PIN,2024-08-01,75,8282.81,26992.5,principal
SKU_1173_GAR,2024-08-01,83,7203.49,24476.7,principal
SKU_1173_AQU,2024-08-01,85,7377.07,25066.5,principal
SKU_1174_PEA,2024-08-01,104,6919.98,21829.6,principal
SKU_1174_BLU,2024-08-01,100,6653.83,20990.0,principal
SKU_1175_FUC,2024-08-01,77,6789.58,20782.3,principal
SKU_1175_CLE,2024-08-01,95,8376.75,25640.5,principal
SKU_1176_GAR,2024-08-01,204,25212.76,66279.6,principal
SKU_1176_NAV,2024-08-01,192,23729.66,62380.8,principal
SKU_1177_MIN,2024-08-01,172,13583.71,41262.8,principal
SKU_1177_PEA,2024-08-01,121,9555.98,29027.9,principal
SKU_1178_RAS,2024-08-01,182,18514.53,58221.8,principal
SKU_1178_MID,2024-08-01,137,13936.76,43826.3,principal
SKU_1179_TUR,2024-08-01,145,15672.79,49285.5,principal
SKU_1179_VAN,2024-08-01,172,18591.17,58462.8,principal
SKU_1180_ROY,2024-08-01,168,25646.69,89023.2,principal
SKU_1180_AQU,2024-08-01,112,17097.8,59348.8,principal
SKU_1181_AQU,2024-08-01,191,17145.36,55370.9,principal
SKU_1181_SER,2024-08-01,135,12118.45,39136.5,principal
SKU_1182_BIR,2024-08-01,131,33208.43,110026.9,principal
SKU_1182_PIN,2024-08-01,135,34222.43,113386.5,principal
SKU_1183_POW,2024-08-01,130,28179.79,84487.0,principal
SKU_1183_MOS,2024-08-01,178,38584.64,115682.2,principal
SKU_1184_HOT,2024-08-01,154,18346.59,52344.6,principal
SKU_1184_BAB,2024-08-01,0,0.0,0.0,principal
SKU_1185_BAL,2024-08-01,95,35599.11,94040.5,principal
SKU_1185_MAG,2024-08-01,138,51712.39,136606.2,principal
SKU_1186_FLA,2024-08-01,0,0.0,0.0,principal
SKU_1186_MEX,2024-08-01,168,26264.63,79783.2,principal
SKU_1187_JAD,2024-08-01,100,10257.69,30990.0,principal
SKU_1187_OLI,2024-08-01,133,13642.73,41216.7,principal
SKU_1188_TEA,2024-08-01,72,5717.3,17272.8,principal
SKU_1188_BAB,2024-08-01,72,5717.3,17272.8,principal
SKU_1189_FUC,2024-08-01,0,0.0,0.0,principal
SKU_1189_ROY,2024-08-01,198,15394.88,46510.2,principal
SKU_1190_TEA,2024-08-01,108,18210.25,62629.2,principal
SKU_1190_MAG,2024-08-01,136,22931.43,78866.4,principal
SKU_1191_MIN,2024-08-01,73,4201.75,13497.7,principal
SKU_1191_MYS,2024-08-01,132,7597.69,24406.8,principal
SKU_1192_MAR,2024-08-01,96,6181.76,22550.4,principal
SKU_1192_RAS,2024-08-01,0,0.0,0.0,principal
SKU_1193_CLE,2024-08-01,128,17998.11,56947.2,principal
SKU_1193_ROS,2024-08-01,93,13076.75,41375.7,principal
SKU_1194_FLA,2024-08-01,132,10179.92,29026.8,principal
SKU_1194_SAG,2024-08-01,117,9023.11,25728.3,principal
SKU_1195_HUN,2024-08-01,136,21789.27,63906.4,principal
SKU_1195_SAL,2024-08-01,0,0.0,0.0,principal
SKU_1196_PEA,2024-08-01,0,0.0,0.0,principal
SKU_1196_RAS,2024-08-01,0,0.0,0.0,principal
SKU_1197_ROS,2024-08-01,116,30355.01,92208.4,principal
SKU_1197_COR,2024-08-01,81,21196.17,64386.9,principal
SKU_1198_SEA,2024-08-01,146,15548.74,48895.4,principal
SKU_1198_SAL,2024-08-01,82,8732.85,27461.8,principal
SKU_1199_PAL,2024-08-01,151,8688.55,31694.9,principal
SKU_1199_TEA,2024-08-01,144,8285.77,30225.6,principal
SKU_1200_MID,2024-08-01,198,10547.46,35620.2,principal
SKU_1200_PAS,2024-08-01,153,8150.31,27524.7,principal
SKU_1201_BIR,2024-08-01,0,0.0,0.0,principal
SKU_1201_SAG,2024-08-01,179,27647.7,86797.1,principal
SKU_1202_LIG,2024-08-01,178,52786.82,145052.2,principal
SKU_1202_CLE,2024-08-01,188,55752.37,153201.2,principal
SKU_1203_OFF,2024-08-01,0,0.0,0.0,principal
SKU_1203_FLA,2024-08-01,124,34240.38,94227.6,principal
SKU_1204_AQU,2024-08-01,67,9044.5,23443.3,principal
SKU_1204_MIN,2024-08-01,162,21868.78,56683.8,principal
SKU_1205_RAS,2024-08-01,129,33941.44,102542.1,principal
SKU_1205_COR,2024-08-01,105,27626.75,83464.5,principal
SKU_1206_HUN,2024-08-01,158,21698.44,65554.2,principal
SKU_1206_BLA,2024-08-01,81,11123.88,33606.9,principal
SKU_1207_POW,2024-08-01,135,45326.4,137686.5,principal
SKU_1207_BLA,2024-08-01,88,29546.1,89751.2,principal
SKU_1208_PAS,2024-08-01,106,25979.17,68359.4,principal
SKU_1208_MOS,2024-08-01,101,24753.74,65134.9,principal
SKU_1209_BLA,2024-08-01,148,15974.06,41425.2,principal
SKU_1209_DUS,2024-08-01,111,11980.54,31068.9,principal
SKU_1210_SHO,2024-08-01,134,10740.64,27456.6,principal
SKU_1210_WHI,2024-08-01,170,13626.19,34833.0,principal
SKU_1211_GAR,2024-08-01,188,19798.48,60141.2,principal
SKU_1211_CRE,2024-08-01,207,21799.39,66219.3,principal
SKU_1212_COB,2024-08-01,196,13705.93,43100.4,principal
SKU_1212_SNO,2024-08-01,122,8531.24,26827.8,principal
SKU_1213_MAG,2024-08-01,110,31681.88,96239.0,principal
SKU_1213_POW,2024-08-01,110,31681.88,96239.0,principal
SKU_1214_BLA,2024-08-01,133,12505.0,39886.7,principal
SKU_1214_RAS,2024-08-01,143,13445.22,42885.7,principal
SKU_1215_MAG,2024-08-01,157,10834.76,34524.3,principal
SKU_1215_BRI,2024-08-01,81,5589.91,17811.9,principal
SKU_1216_WHI,2024-08-01,193,29400.51,109990.7,principal
SKU_1216_CRE,2024-08-01,196,29857.52,111700.4,principal
SKU_1217_ROS,2024-08-01,131,34047.99,107406.9,principal
SKU_1217_RAS,2024-08-01,111,28849.82,91008.9,principal
SKU_1218_BLU,2024-08-01,123,31608.88,80552.7,principal
SKU_1218_SNO,2024-08-01,73,18759.74,47807.7,principal
SKU_1219_MAR,2024-08-01,157,23569.65,61999.3,principal
SKU_1219_LIM,2024-08-01,0,0.0,0.0,principal
SKU_1220_TUR,2024-08-01,112,11303.25,34148.8,principal
SKU_1220_HOT,2024-08-01,75,7569.14,22867.5,principal
SKU_1221_SAG,2024-08-01,139,32484.05,102151.1,principal
SKU_1221_PAL,2024-08-01,0,0.0,0.0,principal
SKU_1222_PAS,2024-08-01,119,33098.79,100543.1,principal
SKU_1222_HON,2024-08-01,139,38661.61,117441.1,principal
SKU_1223_TEA,2024-08-01,196,9349.41,28400.4,principal
SKU_1223_BLA,2024-08-01,100,4770.11,14490.0,principal
SKU_1224_OLI,2024-08-01,0,0.0,0.0,principal
SKU_1224_ARM,2024-08-01,85,11532.15,35266.5,principal
SKU_1225_POW,2024-08-01,133,8658.54,28581.7,principal
SKU_1225_IVO,2024-08-01,190,12369.34,40831.0,principal
SKU_1226_PAL,2024-08-01,187,25869.95,90676.3,principal
SKU_1226_LIG,2024-08-01,161,22273.06,78068.9,principal
SKU_1227_CLO,2024-08-01,143,16984.15,57185.7,principal
SKU_1227_PAS,2024-08-01,158,18765.71,63184.2,principal
SKU_1228_WHI,2024-08-01,187,21272.51,54211.3,principal
SKU_1228_SPA,2024-08-01,105,11944.46,30439.5,principal
SKU_1229_SAL,2024-08-01,106,30006.38,91149.4,principal
SKU_1229_CLO,2024-08-01,159,45009.57,136724.1,principal
SKU_1230_ROS,2024-08-01,142,18693.89,56785.8,principal
SKU_1230_NAV,2024-08-01,160,21063.53,63984.0,principal
SKU_1231_LIG,2024-08-01,155,24621.27,74384.5,principal
SKU_1231_BIR,2024-08-01,0,0.0,0.0,principal
SKU_1232_AQU,2024-08-01,75,8810.39,26617.5,principal
SKU_1232_FOR,2024-08-01,0,0.0,0.0,principal
SKU_1233_JAD,2024-08-01,118,9319.06,28308.2,principal
SKU_1233_SEA,2024-08-01,159,12557.04,38144.1,principal
SKU_1234_MOS,2024-08-01,83,5516.74,17006.7,principal
SKU_1234_SAL,2024-08-01,0,0.0,0.0,principal
SKU_1235_HUN,2024-08-01,0,0.0,0.0,principal
SKU_1235_COR,2024-08-01,163,22094.98,76593.7,principal
SKU_1236_DEE,2024-08-01,124,21906.96,70667.6,principal
SKU_1236_LIM,2024-08-01,213,37630.5,121388.7,principal
SKU_1237_BAB,2024-08-01,117,33376.76,116988.3,principal
SKU_1237_GAR,2024-08-01,191,54486.85,190980.9,principal
SKU_1238_SAP,2024-08-01,170,24784.01,78183.0,principal
SKU_1238_TUR,2024-08-01,0,0.0,0.0,principal
SKU_1239_BAB,2024-08-01,77,9077.22,23862.3,principal
SKU_1239_MID,2024-08-01,85,10020.31,26341.5,principal
SKU_1240_PAL,2024-08-01,209,68795.92,208979.1,principal
SKU_1240_MOS,2024-08-01,0,0.0,0.0,principal
SKU_1241_BAL,2024-08-01,83,9833.76,29871.7,principal
SKU_1241_FLA,2024-08-01,85,10070.72,30591.5,principal
SKU_1242_AQU,2024-08-01,182,18225.15,57311.8,principal
SKU_1242_SKY,2024-08-01,192,19226.53,60460.8,principal
SKU_1243_SNO,2024-08-01,107,8673.62,26204.3,principal
SKU_1243_PIN,2024-08-01,200,16212.38,48980.0,principal
SKU_1244_COB,2024-08-01,203,18714.2,58849.7,principal
SKU_1244_GAR,2024-08-01,111,10232.89,32178.9,principal
SKU_1245_COB,2024-08-01,118,7301.91,24768.2,principal
SKU_1245_SNO,2024-08-01,0,0.0,0.0,principal
SKU_1246_PAL,2024-08-01,137,11279.23,40401.3,principal
SKU_1246_COR,2024-08-01,106,8727.0,31259.4,principal
SKU_1247_SAP,2024-08-01,78,4003.39,14032.2,principal
SKU_1247_SKY,2024-08-01,143,7339.54,25725.7,principal
SKU_1248_AQU,2024-08-01,80,4444.58,13592.0,principal
SKU_1248_SAG,2024-08-01,114,6333.53,19368.6,principal
SKU_1249_WHI,2024-08-01,120,12320.4,32388.0,principal
SKU_1249_ARM,2024-08-01,177,18172.58,47772.3,principal
SKU_1250_AQU,2024-08-01,102,8727.03,26509.8,principal
SKU_1250_BAB,2024-08-01,124,10609.33,32227.6,principal
SKU_1251_SHO,2024-08-01,87,26346.3,80031.3,principal
SKU_1251_COB,2024-08-01,0,0.0,0.0,principal
SKU_1252_NAV,2024-08-01,132,9440.4,29686.8,principal
SKU_1252_FLA,2024-08-01,95,6794.23,21365.5,principal
SKU_1253_SEA,2024-08-01,198,23458.86,71260.2,principal
SKU_1253_FRE,2024-08-01,140,16587.07,50386.0,principal
SKU_1254_SEA,2024-08-01,0,0.0,0.0,principal
SKU_1254_BAB,2024-08-01,60,3771.41,11394.0,principal
SKU_1255_VAN,2024-08-01,72,10733.83,34552.8,principal
SKU_1255_SHO,2024-08-01,199,29667.11,95500.1,principal
SKU_1256_SEA,2024-08-01,174,34413.3,113082.6,principal
SKU_1256_MID,2024-08-01,190,37577.74,123481.0,principal
SKU_1257_SPA,2024-08-01,113,6605.75,23153.7,principal
SKU_1257_EME,2024-08-01,113,6605.75,23153.7,principal
SKU_1258_AQU,2024-08-01,115,9047.66,30463.5,principal
SKU_1258_LIG,2024-08-01,0,0.0,0.0,principal
SKU_1259_ARM,2024-08-01,91,11672.42,32750.9,principal
SKU_1259_POW,2024-08-01,0,0.0,0.0,principal
SKU_1260_WHI,2024-08-01,177,19913.72,60162.3,principal
SKU_1260_ROY,2024-08-01,186,20926.28,63221.4,principal
SKU_1261_PAS,2024-08-01,324,52786.43,160347.6,principal
SKU_1261_PAS,2024-08-01,324,52786.43,160347.6,principal
SKU_1262_BLU,2024-08-01,193,17561.44,53055.7,principal
SKU_1262_OFF,2024-08-01,0,0.0,0.0,principal
SKU_1263_COB,2024-08-01,0,0.0,0.0,principal
SKU_1263_SKY,2024-08-01,160,9739.05,29584.0,principal
SKU_1264_EGR,2024-08-01,205,40085.33,126054.5,principal
SKU_1264_BRI,2024-08-01,154,30112.88,94694.6,principal
SKU_1265_CRE,2024-08-01,132,9607.87,29026.8,principal
SKU_1265_JAD,2024-08-01,134,9753.44,29466.6,principal
SKU_1266_MEX,2024-08-01,134,13229.43,40186.6,principal
SKU_1266_SPA,2024-08-01,199,19646.69,59680.1,principal
SKU_1267_SKY,2024-08-01,155,17182.04,51909.5,principal
SKU_1267_SAP,2024-08-01,0,0.0,0.0,principal
SKU_1268_MYS,2024-08-01,107,11395.31,35834.3,principal
SKU_1268_MAR,2024-08-01,125,13312.27,41862.5,principal
SKU_1269_BAB,2024-08-01,126,43134.22,131027.4,principal
SKU_1269_CER,2024-08-01,80,27386.81,83192.0,principal
SKU_1270_CRE,2024-08-01,201,12565.53,38169.9,principal
SKU_1270_TUR,2024-08-01,156,9752.35,29624.4,principal
SKU_1271_OLI,2024-08-01,109,31932.1,96999.1,principal
SKU_1271_FLA,2024-08-01,62,18163.21,55173.8,principal
SKU_1272_PAS,2024-08-01,0,0.0,0.0,principal
SKU_1272_TEA,2024-08-01,129,16221.35,49007.1,principal
SKU_1273_PAS,2024-08-01,146,35512.78,111675.4,principal
SKU_1273_EGR,2024-08-01,0,0.0,0.0,principal
SKU_1274_MEX,2024-08-01,140,11793.35,37086.0,principal
SKU_1274_BAL,2024-08-01,208,17521.55,55099.2,principal
SKU_1275_MIN,2024-08-01,177,10773.83,32727.3,principal
SKU_1275_BIR,2024-08-01,135,8217.33,24961.5,principal
SKU_1276_WHI,2024-08-01,0,0.0,0.0,principal
SKU_1276_LIG,2024-08-01,554,27914.37,96894.6,principal
SKU_1277_MYS,2024-08-01,521,37300.75,138012.9,principal
SKU_1277_BAB,2024-08-01,576,41238.45,152582.4,principal
SKU_1278_BAB,2024-08-01,124,36434.98,127707.6,principal
SKU_1278_MOS,2024-08-01,615,180705.74,633388.5,principal
SKU_1279_FUC,2024-08-01,651,87953.55,296139.9,principal
SKU_1279_IVO,2024-08-01,514,69444.12,233818.6,principal
SKU_1280_LIM,2024-08-01,610,108680.26,304939.0,principal
SKU_1280_PRI,2024-08-01,0,0.0,0.0,principal
SKU_1281_PIS,2024-08-01,87,17525.87,46101.3,principal
SKU_1281_CER,2024-08-01,0,0.0,0.0,principal
SKU_1282_PIN,2024-08-01,556,39549.34,119484.4,principal
SKU_1282_BAL,2024-08-01,457,32507.28,98209.3,principal
SKU_1283_SNO,2024-08-01,267,16123.65,50703.3,principal
SKU_1283_BAB,2024-08-01,162,9782.89,30763.8,principal
SKU_1284_COR,2024-08-01,0,0.0,0.0,principal
SKU_1284_HOT,2024-08-01,196,45805.02,139140.4,principal
SKU_1285_WHI,2024-08-01,546,159020.81,480425.4,principal
SKU_1285_CLO,2024-08-01,629,183194.3,553457.1,principal
SKU_1286_MAR,2024-08-01,474,34922.29,116082.6,principal
SKU_1286_HOT,2024-08-01,586,43173.97,143511.4,principal
SKU_1287_NAV,2024-08-01,502,56223.16,190709.8,principal
SKU_1287_CER,2024-08-01,545,61039.08,207045.5,principal
SKU_1288_SAG,2024-08-01,95,6707.24,22790.5,principal
SKU_1288_BAB,2024-08-01,648,45750.47,155455.2,principal
SKU_1289_AQU,2024-08-01,405,136394.81,417109.5,principal
SKU_1289_AQU,2024-08-01,405,136394.81,417109.5,principal
SKU_1290_BIR,2024-08-01,612,117543.14,308998.8,principal
SKU_1290_PIN,2024-08-01,107,20550.84,54024.3,principal
SKU_1291_SAL,2024-08-01,421,33248.51,100997.9,principal
SKU_1291_SPA,2024-08-01,144,11372.41,34545.6,principal
SKU_1292_TEA,2024-08-01,607,62264.18,188109.3,principal
SKU_1292_FLA,2024-08-01,556,57032.76,172304.4,principal
SKU_1293_TEA,2024-08-01,186,18669.39,56711.4,principal
SKU_1293_OFF,2024-08-01,485,48680.94,147876.5,principal
SKU_1294_SEA,2024-08-01,449,29708.94,89755.1,principal
SKU_1294_COR,2024-08-01,0,0.0,0.0,principal
SKU_1295_PIS,2024-08-01,632,107127.21,325416.8,principal
SKU_1295_FLA,2024-08-01,1,169.51,514.9,principal
SKU_1296_DEE,2024-08-01,619,112310.79,402288.1,principal
SKU_1296_PEA,2024-08-01,0,0.0,0.0,principal
SKU_1297_WHI,2024-08-01,0,0.0,0.0,principal
SKU_1297_MIN,2024-08-01,623,40411.7,143227.7,principal
SKU_1298_OFF,2024-08-01,55,2911.95,9894.5,principal
SKU_1298_IVO,2024-08-01,0,0.0,0.0,principal
SKU_1299_BRI,2024-08-01,0,0.0,0.0,principal
SKU_1299_HOT,2024-08-01,478,31218.32,105112.2,principal
SKU_1300_BIR,2024-08-01,116,47539.63,133388.4,principal
SKU_1300_TEA,2024-08-01,552,226223.05,634744.8,principal
SKU_1301_AQU,2024-08-01,589,105655.46,320946.1,principal
SKU_1301_GAR,2024-08-01,624,111933.79,340017.6,principal
SKU_1302_EME,2024-08-01,153,21149.36,64244.7,principal
SKU_1302_DUS,2024-08-01,196,27093.29,82300.4,principal
SKU_1303_BIR,2024-08-01,518,28273.42,85418.2,principal
SKU_1303_SAP,2024-08-01,582,31766.67,95971.8,principal
SKU_1304_TUR,2024-08-01,643,101194.18,318220.7,principal
SKU_1304_GAR,2024-08-01,646,101666.32,319705.4,principal
SKU_1305_MAR,2024-08-01,189,21770.36,66131.1,principal
SKU_1305_OFF,2024-08-01,495,57017.6,173200.5,principal
SKU_1306_FRE,2024-08-01,520,142193.06,447148.0,principal
SKU_1306_SPA,2024-08-01,481,131528.58,413611.9,principal
SKU_1307_MAG,2024-08-01,579,42143.62,127322.1,principal
SKU_1307_FOR,2024-08-01,237,17250.5,52116.3,principal
SKU_1308_PAS,2024-08-01,548,76164.82,230105.2,principal
SKU_1308_CER,2024-08-01,583,81029.36,244801.7,principal
SKU_1309_OLI,2024-08-01,0,0.0,0.0,principal
SKU_1309_LIG,2024-08-01,212,25466.52,77358.8,principal
SKU_1310_MOS,2024-08-01,533,42323.88,127866.7,principal
SKU_1310_EGR,2024-08-01,191,15166.72,45820.9,principal
SKU_1311_BAB,2024-08-01,248,71836.44,218215.2,principal
SKU_1311_NAV,2024-08-01,662,191756.96,582493.8,principal
SKU_1312_HOT,2024-08-01,608,50291.88,151939.2,principal
SKU_1312_NAV,2024-08-01,111,9181.58,27738.9,principal
SKU_1313_SPA,2024-08-01,515,158501.08,481473.5,principal
SKU_1313_SHO,2024-08-01,0,0.0,0.0,principal
SKU_1314_BLU,2024-08-01,522,49817.11,151327.8,principal
SKU_1314_SNO,2024-08-01,0,0.0,0.0,principal
SKU_1315_WHI,2024-08-01,569,64958.12,196248.1,principal
SKU_1315_BLA,2024-08-01,164,18722.55,56563.6,principal
SKU_1316_DEN,2024-08-01,435,73734.71,223981.5,principal
SKU_1316_AQU,2024-08-01,500,84752.54,257450.0,principal
SKU_1317_BLU,2024-08-01,5,326.99,1074.5,principal
SKU_1317_ROS,2024-08-01,596,38977.43,128080.4,principal
SKU_1318_PAS,2024-08-01,253,19251.75,60694.7,principal
SKU_1318_MYS,2024-08-01,0,0.0,0.0,principal
SKU_1319_MAR,2024-08-01,471,25518.06,89442.9,principal
SKU_1319_ROS,2024-08-01,649,35161.83,123245.1,principal
SKU_1320_PIS,2024-08-01,0,0.0,0.0,principal
SKU_1320_FOR,2024-08-01,552,24575.21,82744.8,principal
SKU_1321_FLA,2024-08-01,578,31165.2,86642.2,principal
SKU_1321_SER,2024-08-01,193,10406.37,28930.7,principal
SKU_1322_MOS,2024-08-01,96,12047.42,31670.4,principal
SKU_1322_IVO,2024-08-01,165,20706.5,54433.5,principal
SKU_1323_AQU,2024-08-01,162,18132.72,46963.8,principal
SKU_1323_FRE,2024-08-01,564,63128.74,163503.6,principal
SKU_1324_MID,2024-08-01,162,17689.9,53443.8,principal
SKU_1324_SNO,2024-08-01,710,77529.8,234229.0,principal
SKU_1325_LIG,2024-08-01,627,58415.67,188037.3,principal
SKU_1325_PEA,2024-08-01,467,43508.96,140053.3,principal
SKU_1326_PAS,2024-08-01,157,23119.21,79269.3,principal
SKU_1326_BAB,2024-08-01,639,94096.65,322631.1,principal
SKU_1327_GAR,2024-08-01,605,44860.43,157239.5,principal
SKU_1327_HON,2024-08-01,598,44341.38,155420.2,principal
SKU_1328_EGR,2024-08-01,172,13532.15,45562.8,principal
SKU_1328_LIG,2024-08-01,0,0.0,0.0,principal
SKU_1329_NAV,2024-08-01,473,46341.87,130027.7,principal
SKU_1329_MIN,2024-08-01,523,51240.59,143772.7,principal
SKU_1330_PRI,2024-08-01,541,55494.1,167655.9,principal
SKU_1330_LIM,2024-08-01,673,69034.25,208562.7,principal
SKU_1331_ARM,2024-08-01,164,14597.34,45903.6,principal
SKU_1331_AQU,2024-08-01,602,53582.94,168499.8,principal
SKU_1332_MOS,2024-08-01,890,48577.89,146761.0,principal
SKU_1332_MOS,2024-08-01,890,48577.89,146761.0,principal
SKU_1333_PIS,2024-08-01,591,37148.43,112230.9,principal
SKU_1333_MOS,2024-08-01,530,33314.16,100647.0,principal
SKU_1334_TEA,2024-08-01,496,75504.54,228110.4,principal
SKU_1334_ROY,2024-08-01,16,2435.63,7358.4,principal
SKU_1335_CRE,2024-08-01,492,55961.32,186910.8,principal
SKU_1335_BRI,2024-08-01,0,0.0,0.0,principal
SKU_1336_LIM,2024-08-01,524,50092.45,183347.6,principal
SKU_1336_PIN,2024-08-01,204,19501.64,71379.6,principal
SKU_1337_DUS,2024-08-01,512,27861.03,94668.8,principal
SKU_1337_MAG,2024-08-01,216,11753.87,39938.4,principal
SKU_1338_OLI,2024-08-01,472,31625.09,96712.8,principal
SKU_1338_PAS,2024-08-01,129,8643.3,26432.1,principal
SKU_1339_JAD,2024-08-01,142,15683.67,44005.8,principal
SKU_1339_EME,2024-08-01,567,62624.22,175713.3,principal
SKU_1340_SNO,2024-08-01,0,0.0,0.0,principal
SKU_1340_POW,2024-08-01,677,255162.03,775097.3,principal
SKU_1341_HOT,2024-08-01,643,36784.87,115675.7,principal
SKU_1341_PEA,2024-08-01,502,28718.52,90309.8,principal
SKU_1342_CRE,2024-08-01,552,61420.05,193144.8,principal
SKU_1342_BAB,2024-08-01,443,49291.81,155005.7,principal
SKU_1343_NAV,2024-08-01,480,50031.31,151152.0,principal
SKU_1343_IVO,2024-08-01,569,59307.95,179178.1,principal
SKU_1344_PAS,2024-08-01,583,58380.57,183586.7,principal
SKU_1344_MID,2024-08-01,503,50369.51,158394.7,principal
SKU_1345_ARM,2024-08-01,106,34881.67,127189.4,principal
SKU_1345_FOR,2024-08-01,509,167497.82,610749.1,principal
SKU_1346_HON,2024-08-01,584,45352.57,154701.6,principal
SKU_1346_PEA,2024-08-01,477,37043.11,126357.3,principal
SKU_1347_DUS,2024-08-01,0,0.0,0.0,principal
SKU_1347_LIM,2024-08-01,588,45564.28,170461.2,principal
SKU_1348_NAV,2024-08-01,620,131760.73,402938.0,principal
SKU_1348_PIS,2024-08-01,45,9563.28,29245.5,principal
SKU_1349_HON,2024-08-01,592,48759.94,124260.8,principal
SKU_1349_SEA,2024-08-01,474,39040.9,99492.6,principal
SKU_1350_SNO,2024-08-01,496,46773.74,141310.4,principal
SKU_1350_BAB,2024-08-01,604,56958.35,172079.6,principal
SKU_1351_SAG,2024-08-01,177,40419.17,122112.3,principal
SKU_1351_HON,2024-08-01,254,58002.65,175234.6,principal
SKU_1352_CER,2024-08-01,197,18251.44,55140.3,principal
SKU_1352_HUN,2024-08-01,195,18066.15,54580.5,principal
SKU_1353_MAG,2024-08-01,649,40794.13,123245.1,principal
SKU_1353_MAR,2024-08-01,681,42805.55,129321.9,principal
SKU_1354_AQU,2024-08-01,667,203086.21,616908.3,principal
SKU_1354_CLE,2024-08-01,143,43540.22,132260.7,principal
SKU_1355_PAS,2024-08-01,220,12666.96,38478.0,principal
SKU_1355_DEE,2024-08-01,114,6563.79,19938.6,principal
SKU_1356_BLU,2024-08-01,462,32684.23,99283.8,principal
SKU_1356_DEN,2024-08-01,40,2829.8,8596.0,principal
SKU_1357_BRI,2024-08-01,120,26409.83,79788.0,principal
SKU_1357_BLU,2024-08-01,660,145254.05,438834.0,principal
SKU_1358_DUS,2024-08-01,500,32903.54,99950.0,principal
SKU_1358_MAR,2024-08-01,537,35338.4,107346.3,principal
SKU_1359_BLU,2024-08-01,95,12836.23,40365.5,principal
SKU_1359_NAV,2024-08-01,503,67964.45,213724.7,principal
SKU_1360_WHI,2024-08-01,657,69567.69,210174.3,principal
SKU_1360_FRE,2024-08-01,0,0.0,0.0,principal
SKU_1361_MEX,2024-08-01,211,12741.91,40068.9,principal
SKU_1361_BLU,2024-08-01,132,7971.24,25066.8,principal
SKU_1362_POW,2024-08-01,212,64375.54,202438.8,principal
SKU_1362_SEA,2024-08-01,527,160027.87,503232.3,principal
SKU_1363_RAS,2024-08-01,510,154054.78,484449.0,principal
SKU_1363_HUN,2024-08-01,606,183053.33,575639.4,principal
SKU_1364_OFF,2024-08-01,183,26763.42,84161.7,principal
SKU_1364_TEA,2024-08-01,0,0.0,0.0,principal
SKU_1365_BUB,2024-08-01,202,33424.31,100979.8,principal
SKU_1365_NAV,2024-08-01,0,0.0,0.0,principal
SKU_1366_TEA,2024-08-01,575,77294.55,252942.5,principal
SKU_1366_PAL,2024-08-01,604,81192.88,265699.6,principal
SKU_1367_VAN,2024-08-01,488,26893.39,87791.2,principal
SKU_1367_BLA,2024-08-01,572,31522.59,102902.8,principal
SKU_1368_SNO,2024-08-01,552,117311.02,411184.8,principal
SKU_1368_TUR,2024-08-01,152,32303.04,113224.8,principal
SKU_1369_SNO,2024-08-01,518,26256.54,82828.2,principal
SKU_1369_RAS,2024-08-01,188,9529.4,30061.2,principal
SKU_1370_PRI,2024-08-01,0,0.0,0.0,principal
SKU_1370_MYS,2024-08-01,230,16236.33,41377.0,principal
SKU_1371_WHI,2024-08-01,585,53230.26,160816.5,principal
SKU_1371_HOT,2024-08-01,0,0.0,0.0,principal
SKU_1372_SEA,2024-08-01,104,11700.72,35349.6,principal
SKU_1372_DEN,2024-08-01,552,62103.81,187624.8,principal
SKU_1373_SKY,2024-08-01,120,7501.81,22788.0,principal
SKU_1373_CRE,2024-08-01,607,37946.65,115269.3,principal
SKU_1374_SAL,2024-08-01,0,0.0,0.0,principal
SKU_1374_BLU,2024-08-01,0,0.0,0.0,principal
SKU_1375_COR,2024-08-01,617,54099.73,163443.3,principal
SKU_1375_CLE,2024-08-01,632,55414.96,167416.8,principal
SKU_1376_SNO,2024-08-01,547,43655.61,155840.3,principal
SKU_1376_BIR,2024-08-01,143,11412.71,40740.7,principal
SKU_1377_PRI,2024-08-01,51,4011.04,13254.9,principal
SKU_1377_CLO,2024-08-01,564,44357.4,146583.6,principal
SKU_1378_SPA,2024-08-01,447,26130.71,91590.3,principal
SKU_1378_MOS,2024-08-01,608,35542.45,124579.2,principal
SKU_1379_SNO,2024-08-01,576,88538.86,279302.4,principal
SKU_1379_WHI,2024-08-01,646,99298.79,313245.4,principal
SKU_1380_TUR,2024-08-01,0,0.0,0.0,principal
SKU_1380_MIN,2024-08-01,613,55300.42,140928.7,principal
SKU_1381_WHI,2024-08-01,155,14103.74,42609.5,principal
SKU_1381_PAS,2024-08-01,489,44495.04,134426.1,principal
SKU_1382_ARM,2024-08-01,196,11836.09,37220.4,principal
SKU_1382_HOT,2024-08-01,521,31462.25,98937.9,principal
SKU_1383_CLE,2024-08-01,599,35668.59,107760.1,principal
SKU_1383_TUR,2024-08-01,610,36323.61,109739.0,principal
SKU_1384_CRE,2024-08-01,192,32861.01,99820.8,principal
SKU_1384_SKY,2024-08-01,656,112275.11,341054.4,principal
SKU_1385_PRI,2024-08-01,656,62947.73,190174.4,principal
SKU_1385_NAV,2024-08-01,73,7004.85,21162.7,principal
SKU_1386_SER,2024-08-01,89,5995.93,19126.1,principal
SKU_1386_COB,2024-08-01,247,16640.4,53080.3,principal
SKU_1387_BRI,2024-08-01,128,5855.06,20467.2,principal
SKU_1387_BAB,2024-08-01,250,11435.66,39975.0,principal
SKU_1388_BRI,2024-08-01,630,63132.79,236187.0,principal
SKU_1388_VAN,2024-08-01,655,65638.05,245559.5,principal
SKU_1000_COR,2024-09-01,0,0.0,0.0,principal
SKU_1000_EME,2024-09-01,134,8007.44,27456.6,principal
SKU_1000_ROY,2024-09-01,179,10696.51,36677.1,principal
SKU_1001_AQU,2024-09-01,92,23113.64,86470.8,principal
SKU_1001_SAP,2024-09-01,165,41453.82,155083.5,principal
SKU_1002_COR,2024-09-01,63,4839.17,14798.7,principal
SKU_1002_MYS,2024-09-01,59,4531.93,13859.1,principal
SKU_1003_SNO,2024-09-01,120,17182.41,43788.0,principal
SKU_1003_DUS,2024-09-01,160,22909.88,58384.0,principal
SKU_1004_FOR,2024-09-01,0,0.0,0.0,principal
SKU_1004_MEX,2024-09-01,97,11058.97,29090.3,principal
SKU_1005_OLI,2024-09-01,0,0.0,0.0,principal
SKU_1005_MYS,2024-09-01,0,0.0,0.0,principal
SKU_1006_MOS,2024-09-01,90,5434.94,17091.0,principal
SKU_1006_FOR,2024-09-01,81,4891.44,15381.9,principal
SKU_1007_COB,2024-09-01,148,13879.17,43645.2,principal
SKU_1007_FOR,2024-09-01,130,12191.17,38337.0,principal
SKU_1008_MEX,2024-09-01,146,15701.12,47435.4,principal
SKU_1008_WHI,2024-09-01,123,13227.65,39962.7,principal
SKU_1009_BAB,2024-09-01,169,24035.27,87018.1,principal
SKU_1009_MAG,2024-09-01,0,0.0,0.0,principal
SKU_1010_SNO,2024-09-01,120,13584.31,45588.0,principal
SKU_1010_BRI,2024-09-01,0,0.0,0.0,principal
SKU_1011_CER,2024-09-01,72,5001.93,18712.8,principal
SKU_1011_MIN,2024-09-01,54,3751.45,14034.6,principal
SKU_1012_VAN,2024-09-01,124,35719.48,120267.6,principal
SKU_1012_CLO,2024-09-01,157,45225.47,152274.3,principal
SKU_1013_LIG,2024-09-01,92,6295.92,16550.8,principal
SKU_1013_LIG,2024-09-01,92,6295.92,16550.8,principal
SKU_1014_FLA,2024-09-01,135,17869.53,53986.5,principal
SKU_1014_MIN,2024-09-01,155,20516.87,61984.5,principal
SKU_1015_ROY,2024-09-01,152,47036.69,142104.8,principal
SKU_1015_TUR,2024-09-01,51,15782.05,47679.9,principal
SKU_1016_HON,2024-09-01,55,3912.25,11819.5,principal
SKU_1016_SNO,2024-09-01,0,0.0,0.0,principal
SKU_1017_PAS,2024-09-01,164,7817.58,24583.6,principal
SKU_1017_BAL,2024-09-01,87,4147.13,13041.3,principal
SKU_1018_TEA,2024-09-01,158,6024.26,18944.2,principal
SKU_1018_ARM,2024-09-01,165,6291.15,19783.5,principal
SKU_1019_NAV,2024-09-01,65,5348.93,17218.5,principal
SKU_1019_GAR,2024-09-01,81,6665.59,21456.9,principal
SKU_1020_NAV,2024-09-01,54,3285.01,10794.6,principal
SKU_1020_LIG,2024-09-01,100,6083.36,19990.0,principal
SKU_1021_CRE,2024-09-01,87,6625.38,24786.3,principal
SKU_1021_PAS,2024-09-01,176,13403.06,50142.4,principal
SKU_1022_PAL,2024-09-01,142,14854.24,45425.8,principal
SKU_1022_DEN,2024-09-01,63,6590.26,20153.7,principal
SKU_1023_DEN,2024-09-01,142,15596.25,39745.8,principal
SKU_1023_FOR,2024-09-01,180,19769.9,50382.0,principal
SKU_1024_VAN,2024-09-01,165,13166.27,34633.5,principal
SKU_1024_DEN,2024-09-01,76,6064.46,15952.4,principal
SKU_1025_WHI,2024-09-01,119,18349.59,57703.1,principal
SKU_1025_MIN,2024-09-01,104,16036.61,50429.6,principal
SKU_1026_CLO,2024-09-01,0,0.0,0.0,principal
SKU_1026_SPA,2024-09-01,62,8468.27,25723.8,principal
SKU_1027_MAR,2024-09-01,189,25236.83,79361.1,principal
SKU_1027_BIR,2024-09-01,174,23233.91,73062.6,principal
SKU_1028_BLU,2024-09-01,99,19830.51,62360.1,principal
SKU_1028_AQU,2024-09-01,59,11818.18,37164.1,principal
SKU_1029_BLU,2024-09-01,179,13940.2,43837.1,principal
SKU_1029_BAL,2024-09-01,76,5918.74,18612.4,principal
SKU_1030_CRE,2024-09-01,92,19013.47,59790.8,principal
SKU_1030_DEN,2024-09-01,69,14260.11,44843.1,principal
SKU_1031_COR,2024-09-01,154,24207.55,73134.6,principal
SKU_1031_HON,2024-09-01,0,0.0,0.0,principal
SKU_1032_EME,2024-09-01,153,16780.76,52769.7,principal
SKU_1032_HON,2024-09-01,154,16890.44,53114.6,principal
SKU_1033_NAV,2024-09-01,164,33893.58,106583.6,principal
SKU_1033_LIM,2024-09-01,111,22940.17,72138.9,principal
SKU_1034_PAS,2024-09-01,87,6154.82,18696.3,principal
SKU_1034_PIS,2024-09-01,109,7711.21,23424.1,principal
SKU_1035_SAP,2024-09-01,172,35820.41,112642.8,principal
SKU_1035_FUC,2024-09-01,160,33321.31,104784.0,principal
SKU_1036_BIR,2024-09-01,80,19749.37,59992.0,principal
SKU_1036_MID,2024-09-01,88,21724.3,65991.2,principal
SKU_1037_PRI,2024-09-01,54,3604.4,11334.6,principal
SKU_1037_SPA,2024-09-01,107,7142.06,22459.3,principal
SKU_1038_LIG,2024-09-01,51,4133.97,12999.9,principal
SKU_1038_FLA,2024-09-01,116,9402.75,29568.4,principal
SKU_1039_ARM,2024-09-01,71,3640.3,10997.9,principal
SKU_1039_MIN,2024-09-01,87,4460.66,13476.3,principal
SKU_1040_BLA,2024-09-01,85,9145.21,29741.5,principal
SKU_1040_BAB,2024-09-01,85,9145.21,29741.5,principal
SKU_1041_EME,2024-09-01,106,6936.18,23309.4,principal
SKU_1041_SNO,2024-09-01,66,4318.75,14513.4,principal
SKU_1042_SEA,2024-09-01,124,11491.71,39047.6,principal
SKU_1042_EME,2024-09-01,163,15106.04,51328.7,principal
SKU_1043_SPA,2024-09-01,55,14291.49,48119.5,principal
SKU_1043_CER,2024-09-01,78,20267.93,68242.2,principal
SKU_1044_SER,2024-09-01,186,60841.71,159941.4,principal
SKU_1044_COR,2024-09-01,125,40888.24,107487.5,principal
SKU_1045_FOR,2024-09-01,50,4845.14,12745.0,principal
SKU_1045_BUB,2024-09-01,131,12694.26,33391.9,principal
SKU_1046_SNO,2024-09-01,0,0.0,0.0,principal
SKU_1046_PAS,2024-09-01,74,3916.59,11832.6,principal
SKU_1047_ROY,2024-09-01,168,11672.12,35263.2,principal
SKU_1047_DEE,2024-09-01,62,4307.57,13013.8,principal
SKU_1048_MAR,2024-09-01,146,11530.36,35025.4,principal
SKU_1048_PEA,2024-09-01,0,0.0,0.0,principal
SKU_1049_BAL,2024-09-01,153,38022.5,115499.7,principal
SKU_1049_LIG,2024-09-01,176,43738.3,132862.4,principal
SKU_1050_BUB,2024-09-01,0,0.0,0.0,principal
SKU_1050_PRI,2024-09-01,154,13693.84,46954.6,principal
SKU_1051_CLE,2024-09-01,126,28734.56,94487.4,principal
SKU_1051_LIG,2024-09-01,170,38768.86,127483.0,principal
SKU_1052_PAS,2024-09-01,142,13162.54,46135.8,principal
SKU_1052_FRE,2024-09-01,112,10381.72,36388.8,principal
SKU_1053_SHO,2024-09-01,0,0.0,0.0,principal
SKU_1053_NAV,2024-09-01,59,6171.83,18874.1,principal
SKU_1054_DEE,2024-09-01,105,13281.07,37264.5,principal
SKU_1054_PAS,2024-09-01,72,9107.02,25552.8,principal
SKU_1055_LIG,2024-09-01,188,70622.56,213361.2,principal
SKU_1055_PAL,2024-09-01,0,0.0,0.0,principal
SKU_1056_CRE,2024-09-01,135,10496.51,31711.5,principal
SKU_1056_OLI,2024-09-01,162,12595.81,38053.8,principal
SKU_1057_ROY,2024-09-01,58,3530.41,10724.2,principal
SKU_1057_SNO,2024-09-01,0,0.0,0.0,principal
SKU_1058_MID,2024-09-01,66,4090.56,12863.4,principal
SKU_1058_SHO,2024-09-01,122,7561.34,23777.8,principal
SKU_1059_PEA,2024-09-01,92,8773.87,27590.8,principal
SKU_1059_OFF,2024-09-01,156,14877.44,46784.4,principal
SKU_1060_CRE,2024-09-01,142,48444.87,157605.8,principal
SKU_1060_LIM,2024-09-01,59,20128.5,65484.1,principal
SKU_1061_PAS,2024-09-01,153,17694.95,62714.7,principal
SKU_1061_EGR,2024-09-01,60,6939.2,24594.0,principal
SKU_1062_OLI,2024-09-01,166,9467.22,33183.4,principal
SKU_1062_MID,2024-09-01,130,7414.09,25987.0,principal
SKU_1063_SNO,2024-09-01,111,6506.08,20523.9,principal
SKU_1063_SAP,2024-09-01,60,3516.8,11094.0,principal
SKU_1064_PRI,2024-09-01,100,6768.04,18990.0,principal
SKU_1064_BIR,2024-09-01,140,9475.25,26586.0,principal
SKU_1065_CLE,2024-09-01,141,29934.45,90930.9,principal
SKU_1065_COB,2024-09-01,126,26749.94,81257.4,principal
SKU_1066_IVO,2024-09-01,173,10301.61,31122.7,principal
SKU_1066_WHI,2024-09-01,80,4763.75,14392.0,principal
SKU_1067_EME,2024-09-01,79,6654.82,20927.1,principal
SKU_1067_WHI,2024-09-01,74,6233.63,19602.6,principal
SKU_1068_COR,2024-09-01,75,19733.39,59617.5,principal
SKU_1068_BAL,2024-09-01,0,0.0,0.0,principal
SKU_1069_OLI,2024-09-01,0,0.0,0.0,principal
SKU_1069_CRE,2024-09-01,88,15434.93,46631.2,principal
SKU_1070_LIG,2024-09-01,0,0.0,0.0,principal
SKU_1070_MID,2024-09-01,153,17466.77,52769.7,principal
SKU_1071_BAB,2024-09-01,176,15637.79,47502.4,principal
SKU_1071_SKY,2024-09-01,146,12972.26,39405.4,principal
SKU_1072_PAS,2024-09-01,152,23138.49,69904.8,principal
SKU_1072_CER,2024-09-01,133,20246.18,61166.7,principal
SKU_1073_FRE,2024-09-01,91,9635.71,29110.9,principal
SKU_1073_BLU,2024-09-01,116,12282.88,37108.4,principal
SKU_1074_JAD,2024-09-01,137,9241.07,28071.3,principal
SKU_1074_PRI,2024-09-01,174,11736.84,35652.6,principal
SKU_1075_NAV,2024-09-01,101,9311.01,29279.9,principal
SKU_1075_LIG,2024-09-01,166,15303.24,48123.4,principal
SKU_1076_BLU,2024-09-01,0,0.0,0.0,principal
SKU_1076_POW,2024-09-01,140,9904.31,30086.0,principal
SKU_1077_NAV,2024-09-01,65,4752.03,14943.5,principal
SKU_1077_MAR,2024-09-01,84,6141.09,19311.6,principal
SKU_1078_GAR,2024-09-01,0,0.0,0.0,principal
SKU_1078_BLU,2024-09-01,161,15866.26,49893.9,principal
SKU_1079_BAB,2024-09-01,103,9321.2,28314.7,principal
SKU_1079_JAD,2024-09-01,153,13846.05,42059.7,principal
SKU_1080_TEA,2024-09-01,109,16460.98,51764.1,principal
SKU_1080_MAR,2024-09-01,72,10873.31,34192.8,principal
SKU_1081_EGR,2024-09-01,58,5096.24,16234.2,principal
SKU_1081_PAS,2024-09-01,125,10983.28,34987.5,principal
SKU_1082_PIN,2024-09-01,156,10068.58,32744.4,principal
SKU_1082_LIG,2024-09-01,172,11101.25,36102.8,principal
SKU_1083_OFF,2024-09-01,56,7579.52,25754.4,principal
SKU_1083_BAB,2024-09-01,133,18001.36,61166.7,principal
SKU_1084_DUS,2024-09-01,63,20392.93,62363.7,principal
SKU_1084_PAS,2024-09-01,81,26219.48,80181.9,principal
SKU_1085_COB,2024-09-01,114,18618.18,56988.6,principal
SKU_1085_CRE,2024-09-01,84,13718.66,41991.6,principal
SKU_1086_PRI,2024-09-01,177,15620.38,39807.3,principal
SKU_1086_CRE,2024-09-01,72,6354.05,16192.8,principal
SKU_1087_BIR,2024-09-01,84,12158.91,31491.6,principal
SKU_1087_SNO,2024-09-01,142,20554.34,53235.8,principal
SKU_1088_CER,2024-09-01,130,30594.86,92937.0,principal
SKU_1088_HON,2024-09-01,141,33183.66,100800.9,principal
SKU_1089_GAR,2024-09-01,180,17545.68,60282.0,principal
SKU_1089_EGR,2024-09-01,120,11697.12,40188.0,principal
SKU_1090_PAL,2024-09-01,175,7580.7,23607.5,principal
SKU_1090_WHI,2024-09-01,88,3812.01,11871.2,principal
SKU_1091_OFF,2024-09-01,65,5471.23,20468.5,principal
SKU_1091_MOS,2024-09-01,126,10605.77,39677.4,principal
SKU_1092_TUR,2024-09-01,142,15318.58,46845.8,principal
SKU_1092_MIN,2024-09-01,186,20065.18,61361.4,principal
SKU_1093_GAR,2024-09-01,0,0.0,0.0,principal
SKU_1093_TEA,2024-09-01,83,34459.14,96686.7,principal
SKU_1094_FOR,2024-09-01,80,7143.97,18792.0,principal
SKU_1094_DEE,2024-09-01,179,15984.63,42047.1,principal
SKU_1095_COB,2024-09-01,139,18527.74,56281.1,principal
SKU_1095_MAG,2024-09-01,0,0.0,0.0,principal
SKU_1096_HOT,2024-09-01,139,12807.89,38906.1,principal
SKU_1096_CLE,2024-09-01,53,4883.58,14834.7,principal
SKU_1097_AQU,2024-09-01,0,0.0,0.0,principal
SKU_1097_PAL,2024-09-01,126,8962.62,27077.4,principal
SKU_1098_HON,2024-09-01,0,0.0,0.0,principal
SKU_1098_HUN,2024-09-01,161,18380.07,55528.9,principal
SKU_1099_SAL,2024-09-01,61,4564.04,15243.9,principal
SKU_1099_PRI,2024-09-01,84,6284.91,20991.6,principal
SKU_1100_PEA,2024-09-01,78,3940.29,14422.2,principal
SKU_1100_COB,2024-09-01,0,0.0,0.0,principal
SKU_1101_CLE,2024-09-01,0,0.0,0.0,principal
SKU_1101_DEE,2024-09-01,120,13308.33,49788.0,principal
SKU_1102_FLA,2024-09-01,189,54443.4,183311.1,principal
SKU_1102_OFF,2024-09-01,136,39176.2,131906.4,principal
SKU_1103_EGR,2024-09-01,73,3607.22,9482.7,principal
SKU_1103_LIG,2024-09-01,51,2520.11,6624.9,principal
SKU_1104_POW,2024-09-01,73,4346.92,13132.7,principal
SKU_1104_MEX,2024-09-01,118,7026.53,21228.2,principal
SKU_1105_ARM,2024-09-01,0,0.0,0.0,principal
SKU_1105_SER,2024-09-01,172,11601.93,35242.8,principal
SKU_1106_MYS,2024-09-01,118,29264.97,92028.2,principal
SKU_1106_SNO,2024-09-01,78,19344.64,60832.2,principal
SKU_1107_BAL,2024-09-01,148,48473.12,147245.2,principal
SKU_1107_PAS,2024-09-01,52,17031.1,51734.8,principal
SKU_1108_PRI,2024-09-01,115,9512.44,28738.5,principal
SKU_1108_SNO,2024-09-01,97,8023.54,24240.3,principal
SKU_1109_SAG,2024-09-01,0,0.0,0.0,principal
SKU_1109_CER,2024-09-01,187,11790.36,42991.3,principal
SKU_1110_FLA,2024-09-01,157,9913.86,36094.3,principal
SKU_1110_HUN,2024-09-01,0,0.0,0.0,principal
SKU_1111_CRE,2024-09-01,46,2580.89,9655.4,principal
SKU_1111_BLU,2024-09-01,83,4656.82,17421.7,principal
SKU_1112_MIN,2024-09-01,110,8980.98,30239.0,principal
SKU_1112_EGR,2024-09-01,89,7266.43,24466.1,principal
SKU_1113_VAN,2024-09-01,0,0.0,0.0,principal
SKU_1113_OLI,2024-09-01,0,0.0,0.0,principal
SKU_1114_GAR,2024-09-01,91,12045.39,36390.9,principal
SKU_1114_PRI,2024-09-01,131,17340.06,52386.9,principal
SKU_1115_LIM,2024-09-01,135,9602.81,29011.5,principal
SKU_1115_TEA,2024-09-01,0,0.0,0.0,principal
SKU_1116_MOS,2024-09-01,92,7265.71,22070.8,principal
SKU_1116_SNO,2024-09-01,106,8371.36,25429.4,principal
SKU_1117_MOS,2024-09-01,113,8224.92,24848.7,principal
SKU_1117_MIN,2024-09-01,159,11573.12,34964.1,principal
SKU_1118_FUC,2024-09-01,111,10834.92,32733.9,principal
SKU_1118_DUS,2024-09-01,76,7418.5,22412.4,principal
SKU_1119_PAS,2024-09-01,63,2901.47,8813.7,principal
SKU_1119_LIG,2024-09-01,0,0.0,0.0,principal
SKU_1120_AQU,2024-09-01,76,5797.9,18232.4,principal
SKU_1120_SAL,2024-09-01,141,10756.64,33825.9,principal
SKU_1121_MYS,2024-09-01,126,10365.65,31487.4,principal
SKU_1121_MIN,2024-09-01,158,12998.2,39484.2,principal
SKU_1122_ROY,2024-09-01,93,13079.7,39515.7,principal
SKU_1122_PIS,2024-09-01,178,25034.26,75632.2,principal
SKU_1123_BAB,2024-09-01,72,10245.38,30952.8,principal
SKU_1123_SER,2024-09-01,0,0.0,0.0,principal
SKU_1124_BLU,2024-09-01,172,21510.85,65342.8,principal
SKU_1124_FOR,2024-09-01,137,17133.64,52046.3,principal
SKU_1125_MIN,2024-09-01,151,7948.5,24144.9,principal
SKU_1125_SAP,2024-09-01,86,4526.96,13751.4,principal
SKU_1126_WHI,2024-09-01,145,32871.78,99310.5,principal
SKU_1126_WHI,2024-09-01,145,32871.78,99310.5,principal
SKU_1127_SAL,2024-09-01,158,10397.52,31584.2,principal
SKU_1127_BLU,2024-09-01,68,4474.88,13593.2,principal
SKU_1128_PRI,2024-09-01,141,19026.41,57795.9,principal
SKU_1128_TEA,2024-09-01,0,0.0,0.0,principal
SKU_1129_VAN,2024-09-01,123,15670.43,47342.7,principal
SKU_1129_SAG,2024-09-01,78,9937.35,30022.2,principal
SKU_1130_CRE,2024-09-01,50,3701.48,12495.0,principal
SKU_1130_MEX,2024-09-01,123,9105.63,30737.7,principal
SKU_1131_CLO,2024-09-01,147,39847.97,130080.3,principal
SKU_1131_JAD,2024-09-01,63,17077.7,55748.7,principal
SKU_1132_NAV,2024-09-01,0,0.0,0.0,principal
SKU_1132_CLE,2024-09-01,181,9316.63,31656.9,principal
SKU_1133_MOS,2024-09-01,78,21078.74,70972.2,principal
SKU_1133_PEA,2024-09-01,158,42697.97,143764.2,principal
SKU_1134_DUS,2024-09-01,68,6001.05,15293.2,principal
SKU_1134_PIN,2024-09-01,163,14384.87,36658.7,principal
SKU_1135_ROS,2024-09-01,118,8070.11,21228.2,principal
SKU_1135_MAR,2024-09-01,82,5608.04,14751.8,principal
SKU_1136_SNO,2024-09-01,113,9296.18,28238.7,principal
SKU_1136_FUC,2024-09-01,60,4936.02,14994.0,principal
SKU_1137_DEE,2024-09-01,71,9141.83,28747.9,principal
SKU_1137_PAL,2024-09-01,149,19184.97,60330.1,principal
SKU_1138_PEA,2024-09-01,155,11085.32,34859.5,principal
SKU_1138_HON,2024-09-01,124,8868.26,27887.6,principal
SKU_1139_PRI,2024-09-01,111,10651.22,32178.9,principal
SKU_1139_EGR,2024-09-01,140,13433.97,40586.0,principal
SKU_1140_SNO,2024-09-01,149,8905.58,29785.1,principal
SKU_1140_ROS,2024-09-01,0,0.0,0.0,principal
SKU_1141_SKY,2024-09-01,73,8060.79,26637.7,principal
SKU_1141_CLE,2024-09-01,183,20207.18,66776.7,principal
SKU_1142_MIN,2024-09-01,86,7813.55,29231.4,principal
SKU_1142_PAS,2024-09-01,77,6995.86,26172.3,principal
SKU_1143_IVO,2024-09-01,131,8348.93,25531.9,principal
SKU_1143_SNO,2024-09-01,58,3696.47,11304.2,principal
SKU_1144_SEA,2024-09-01,147,18447.61,48495.3,principal
SKU_1144_BUB,2024-09-01,178,22337.92,58722.2,principal
SKU_1145_MOS,2024-09-01,115,17125.44,51738.5,principal
SKU_1145_LIG,2024-09-01,0,0.0,0.0,principal
SKU_1146_FRE,2024-09-01,61,9436.16,28663.9,principal
SKU_1146_CER,2024-09-01,134,20728.6,62966.6,principal
SKU_1147_COR,2024-09-01,182,21078.68,63681.8,principal
SKU_1147_MEX,2024-09-01,0,0.0,0.0,principal
SKU_1148_TEA,2024-09-01,88,12667.77,38271.2,principal
SKU_1148_SPA,2024-09-01,160,23032.3,69584.0,principal
SKU_1149_IVO,2024-09-01,108,5491.61,17269.2,principal
SKU_1149_OLI,2024-09-01,127,6457.72,20307.3,principal
SKU_1150_SAG,2024-09-01,135,26870.12,85711.5,principal
SKU_1150_VAN,2024-09-01,171,34035.48,108567.9,principal
SKU_1151_CRE,2024-09-01,128,31653.16,103667.2,principal
SKU_1151_JAD,2024-09-01,131,32395.03,106096.9,principal
SKU_1152_CLO,2024-09-01,176,47745.77,178622.4,principal
SKU_1152_WHI,2024-09-01,108,29298.54,109609.2,principal
SKU_1153_PEA,2024-09-01,167,18594.67,62608.3,principal
SKU_1153_MOS,2024-09-01,68,7571.48,25493.2,principal
SKU_1154_VAN,2024-09-01,93,19520.21,49745.7,principal
SKU_1154_PEA,2024-09-01,116,24347.79,62048.4,principal
SKU_1155_ARM,2024-09-01,146,43009.55,113135.4,principal
SKU_1155_BAB,2024-09-01,99,29164.01,76715.1,principal
SKU_1156_FLA,2024-09-01,162,14676.91,46153.8,principal
SKU_1156_EGR,2024-09-01,91,8244.44,25925.9,principal
SKU_1157_DEE,2024-09-01,128,8001.93,24307.2,principal
SKU_1157_PAS,2024-09-01,106,6626.6,20129.4,principal
SKU_1158_AQU,2024-09-01,168,36857.22,115903.2,principal
SKU_1158_MYS,2024-09-01,96,21061.27,66230.4,principal
SKU_1159_PAS,2024-09-01,95,5656.96,17090.5,principal
SKU_1159_PRI,2024-09-01,103,6133.33,18529.7,principal
SKU_1160_DUS,2024-09-01,157,10648.04,32169.3,principal
SKU_1160_LIM,2024-09-01,57,3865.85,11679.3,principal
SKU_1161_MEX,2024-09-01,87,12235.85,36966.3,principal
SKU_1161_DUS,2024-09-01,0,0.0,0.0,principal
SKU_1162_HOT,2024-09-01,169,40838.55,128423.1,principal
SKU_1162_BUB,2024-09-01,163,39388.66,123863.7,principal
SKU_1163_HUN,2024-09-01,140,11517.39,34986.0,principal
SKU_1163_SPA,2024-09-01,141,11599.66,35235.9,principal
SKU_1164_BRI,2024-09-01,166,10552.32,33183.4,principal
SKU_1164_MIN,2024-09-01,81,5149.02,16191.9,principal
SKU_1165_HUN,2024-09-01,0,0.0,0.0,principal
SKU_1165_MAR,2024-09-01,169,18266.91,57443.1,principal
SKU_1166_PIS,2024-09-01,85,16350.45,51416.5,principal
SKU_1166_FRE,2024-09-01,145,27891.94,87710.5,principal
SKU_1167_WHI,2024-09-01,105,24872.21,78214.5,principal
SKU_1167_JAD,2024-09-01,85,20134.65,63316.5,principal
SKU_1168_GAR,2024-09-01,140,35213.77,106386.0,principal
SKU_1168_BLU,2024-09-01,0,0.0,0.0,principal
SKU_1169_BUB,2024-09-01,124,7882.46,24787.6,principal
SKU_1169_MEX,2024-09-01,132,8391.0,26386.8,principal
SKU_1170_GAR,2024-09-01,110,32406.12,98439.0,principal
SKU_1170_OFF,2024-09-01,65,19149.07,58168.5,principal
SKU_1171_MIN,2024-09-01,68,3849.39,12573.2,principal
SKU_1171_EME,2024-09-01,128,7245.92,23667.2,principal
SKU_1172_ARM,2024-09-01,51,5632.31,18354.9,principal
SKU_1172_PIN,2024-09-01,53,5853.19,19074.7,principal
SKU_1173_GAR,2024-09-01,57,4946.98,16809.3,principal
SKU_1173_AQU,2024-09-01,61,5294.13,17988.9,principal
SKU_1174_PEA,2024-09-01,92,6121.52,19310.8,principal
SKU_1174_BLU,2024-09-01,79,5256.53,16582.1,principal
SKU_1175_FUC,2024-09-01,58,5114.23,15654.2,principal
SKU_1175_CLE,2024-09-01,77,6789.58,20782.3,principal
SKU_1176_GAR,2024-09-01,183,22617.33,59456.7,principal
SKU_1176_NAV,2024-09-01,165,20392.67,53608.5,principal
SKU_1177_MIN,2024-09-01,157,12399.09,37664.3,principal
SKU_1177_PEA,2024-09-01,97,7660.58,23270.3,principal
SKU_1178_RAS,2024-09-01,159,16174.78,50864.1,principal
SKU_1178_MID,2024-09-01,118,12003.93,37748.2,principal
SKU_1179_TUR,2024-09-01,123,13294.85,41807.7,principal
SKU_1179_VAN,2024-09-01,157,16969.85,53364.3,principal
SKU_1180_ROY,2024-09-01,147,22440.86,77895.3,principal
SKU_1180_AQU,2024-09-01,92,14044.62,48750.8,principal
SKU_1181_AQU,2024-09-01,169,15170.5,48993.1,principal
SKU_1181_SER,2024-09-01,116,10412.89,33628.4,principal
SKU_1182_BIR,2024-09-01,106,26870.94,89029.4,principal
SKU_1182_PIN,2024-09-01,112,28391.94,94068.8,principal
SKU_1183_POW,2024-09-01,107,23194.14,69539.3,principal
SKU_1183_MOS,2024-09-01,162,35116.36,105283.8,principal
SKU_1184_HOT,2024-09-01,128,15249.11,43507.2,principal
SKU_1184_BAB,2024-09-01,0,0.0,0.0,principal
SKU_1185_BAL,2024-09-01,76,28479.29,75232.4,principal
SKU_1185_MAG,2024-09-01,122,45716.75,120767.8,principal
SKU_1186_FLA,2024-09-01,0,0.0,0.0,principal
SKU_1186_MEX,2024-09-01,151,23606.9,71709.9,principal
SKU_1187_JAD,2024-09-01,79,8103.58,24482.1,principal
SKU_1187_OLI,2024-09-01,108,11078.31,33469.2,principal
SKU_1188_TEA,2024-09-01,57,4526.19,13674.3,principal
SKU_1188_BAB,2024-09-01,63,5002.63,15113.7,principal
SKU_1189_FUC,2024-09-01,0,0.0,0.0,principal
SKU_1189_ROY,2024-09-01,176,13684.33,41342.4,principal
SKU_1190_TEA,2024-09-01,87,14669.37,50451.3,principal
SKU_1190_MAG,2024-09-01,120,20233.62,69588.0,principal
SKU_1191_MIN,2024-09-01,52,2993.03,9614.8,principal
SKU_1191_MYS,2024-09-01,118,6791.87,21818.2,principal
SKU_1192_MAR,2024-09-01,79,5087.08,18557.1,principal
SKU_1192_RAS,2024-09-01,0,0.0,0.0,principal
SKU_1193_CLE,2024-09-01,108,15185.9,48049.2,principal
SKU_1193_ROS,2024-09-01,66,9280.27,29363.4,principal
SKU_1194_FLA,2024-09-01,105,8097.66,23089.5,principal
SKU_1194_SAG,2024-09-01,90,6940.85,19791.0,principal
SKU_1195_HUN,2024-09-01,114,18264.54,53568.6,principal
SKU_1195_SAL,2024-09-01,0,0.0,0.0,principal
SKU_1196_PEA,2024-09-01,0,0.0,0.0,principal
SKU_1196_RAS,2024-09-01,0,0.0,0.0,principal
SKU_1197_ROS,2024-09-01,95,24859.7,75515.5,principal
SKU_1197_COR,2024-09-01,57,14915.82,45309.3,principal
SKU_1198_SEA,2024-09-01,126,13418.77,42197.4,principal
SKU_1198_SAL,2024-09-01,64,6815.88,21433.6,principal
SKU_1199_PAL,2024-09-01,133,7652.83,27916.7,principal
SKU_1199_TEA,2024-09-01,114,6559.57,23928.6,principal
SKU_1200_MID,2024-09-01,176,9375.52,31662.4,principal
SKU_1200_PAS,2024-09-01,134,7138.18,24106.6,principal
SKU_1201_BIR,2024-09-01,0,0.0,0.0,principal
SKU_1201_SAG,2024-09-01,153,23631.83,74189.7,principal
SKU_1202_LIG,2024-09-01,160,47448.82,130384.0,principal
SKU_1202_CLE,2024-09-01,152,45076.38,123864.8,principal
SKU_1203_OFF,2024-09-01,0,0.0,0.0,principal
SKU_1203_FLA,2024-09-01,101,27889.34,76749.9,principal
SKU_1204_AQU,2024-09-01,44,5939.67,15395.6,principal
SKU_1204_MIN,2024-09-01,138,18628.96,48286.2,principal
SKU_1205_RAS,2024-09-01,109,28679.2,86644.1,principal
SKU_1205_COR,2024-09-01,82,21575.18,65181.8,principal
SKU_1206_HUN,2024-09-01,133,18265.14,55181.7,principal
SKU_1206_BLA,2024-09-01,53,7278.59,21989.7,principal
SKU_1207_POW,2024-09-01,113,37939.87,115248.7,principal
SKU_1207_BLA,2024-09-01,67,22495.32,68333.3,principal
SKU_1208_PAS,2024-09-01,84,20587.27,54171.6,principal
SKU_1208_MOS,2024-09-01,84,20587.27,54171.6,principal
SKU_1209_BLA,2024-09-01,117,12628.14,32748.3,principal
SKU_1209_DUS,2024-09-01,94,10145.68,26310.6,principal
SKU_1210_SHO,2024-09-01,112,8977.25,22948.8,principal
SKU_1210_WHI,2024-09-01,146,11702.49,29915.4,principal
SKU_1211_GAR,2024-09-01,169,17797.57,54063.1,principal
SKU_1211_CRE,2024-09-01,179,18850.68,57262.1,principal
SKU_1212_COB,2024-09-01,179,12517.15,39362.1,principal
SKU_1212_SNO,2024-09-01,97,6783.04,21330.3,principal
SKU_1213_MAG,2024-09-01,95,27361.62,83115.5,principal
SKU_1213_POW,2024-09-01,81,23329.38,70866.9,principal
SKU_1214_BLA,2024-09-01,113,10624.55,33888.7,principal
SKU_1214_RAS,2024-09-01,119,11188.68,35688.1,principal
SKU_1215_MAG,2024-09-01,130,8971.46,28587.0,principal
SKU_1215_BRI,2024-09-01,63,4347.71,13853.7,principal
SKU_1216_WHI,2024-09-01,170,25896.83,96883.0,principal
SKU_1216_CRE,2024-09-01,171,26049.16,97452.9,principal
SKU_1217_ROS,2024-09-01,106,27550.28,86909.4,principal
SKU_1217_RAS,2024-09-01,95,24691.29,77890.5,principal
SKU_1218_BLU,2024-09-01,103,26469.22,67454.7,principal
SKU_1218_SNO,2024-09-01,50,12849.14,32745.0,principal
SKU_1219_MAR,2024-09-01,129,19366.15,50942.1,principal
SKU_1219_LIM,2024-09-01,0,0.0,0.0,principal
SKU_1220_TUR,2024-09-01,87,8780.21,26526.3,principal
SKU_1220_HOT,2024-09-01,56,5651.63,17074.4,principal
SKU_1221_SAG,2024-09-01,121,28277.48,88922.9,principal
SKU_1221_PAL,2024-09-01,0,0.0,0.0,principal
SKU_1222_PAS,2024-09-01,101,28092.25,85334.9,principal
SKU_1222_HON,2024-09-01,115,31986.22,97163.5,principal
SKU_1223_TEA,2024-09-01,176,8395.39,25502.4,principal
SKU_1223_BLA,2024-09-01,87,4149.99,12606.3,principal
SKU_1224_OLI,2024-09-01,0,0.0,0.0,principal
SKU_1224_ARM,2024-09-01,61,8276.01,25308.9,principal
SKU_1225_POW,2024-09-01,112,7291.4,24068.8,principal
SKU_1225_IVO,2024-09-01,171,11132.41,36747.9,principal
SKU_1226_PAL,2024-09-01,166,22964.77,80493.4,principal
SKU_1226_LIG,2024-09-01,135,18676.17,65461.5,principal
SKU_1227_CLO,2024-09-01,117,13896.13,46788.3,principal
SKU_1227_PAS,2024-09-01,137,16271.53,54786.3,principal
SKU_1228_WHI,2024-09-01,173,19679.92,50152.7,principal
SKU_1228_SPA,2024-09-01,83,9441.81,24061.7,principal
SKU_1229_SAL,2024-09-01,79,22363.25,67932.1,principal
SKU_1229_CLO,2024-09-01,143,40480.31,122965.7,principal
SKU_1230_ROS,2024-09-01,118,15534.36,47188.2,principal
SKU_1230_NAV,2024-09-01,134,17640.71,53586.6,principal
SKU_1231_LIG,2024-09-01,134,21285.48,64306.6,principal
SKU_1231_BIR,2024-09-01,0,0.0,0.0,principal
SKU_1232_AQU,2024-09-01,54,6343.48,19164.6,principal
SKU_1232_FOR,2024-09-01,0,0.0,0.0,principal
SKU_1233_JAD,2024-09-01,93,7344.68,22310.7,principal
SKU_1233_SEA,2024-09-01,140,11056.51,33586.0,principal
SKU_1234_MOS,2024-09-01,62,4120.94,12703.8,principal
SKU_1234_SAL,2024-09-01,0,0.0,0.0,principal
SKU_1235_HUN,2024-09-01,0,0.0,0.0,principal
SKU_1235_COR,2024-09-01,143,19383.94,67195.7,principal
SKU_1236_DEE,2024-09-01,100,17666.9,56990.0,principal
SKU_1236_LIM,2024-09-01,185,32683.76,105431.5,principal
SKU_1237_BAB,2024-09-01,100,28527.15,99990.0,principal
SKU_1237_GAR,2024-09-01,171,48781.42,170982.9,principal
SKU_1238_SAP,2024-09-01,134,19535.63,61626.6,principal
SKU_1238_TUR,2024-09-01,0,0.0,0.0,principal
SKU_1239_BAB,2024-09-01,56,6601.61,17354.4,principal
SKU_1239_MID,2024-09-01,58,6837.39,17974.2,principal
SKU_1240_PAL,2024-09-01,192,63200.08,191980.8,principal
SKU_1240_MOS,2024-09-01,0,0.0,0.0,principal
SKU_1241_BAL,2024-09-01,66,7819.62,23753.4,principal
SKU_1241_FLA,2024-09-01,69,8175.06,24833.1,principal
SKU_1242_AQU,2024-09-01,167,16723.08,52588.3,principal
SKU_1242_SKY,2024-09-01,167,16723.08,52588.3,principal
SKU_1243_SNO,2024-09-01,87,7052.39,21306.3,principal
SKU_1243_PIN,2024-09-01,178,14429.02,43592.2,principal
SKU_1244_COB,2024-09-01,178,16409.5,51602.2,principal
SKU_1244_GAR,2024-09-01,85,7836.0,24641.5,principal
SKU_1245_COB,2024-09-01,87,5383.61,18261.3,principal
SKU_1245_SNO,2024-09-01,0,0.0,0.0,principal
SKU_1246_PAL,2024-09-01,116,9550.3,34208.4,principal
SKU_1246_COR,2024-09-01,78,6421.75,23002.2,principal
SKU_1247_SAP,2024-09-01,56,2874.23,10074.4,principal
SKU_1247_SKY,2024-09-01,124,6364.36,22307.6,principal
SKU_1248_AQU,2024-09-01,58,3222.32,9854.2,principal
SKU_1248_SAG,2024-09-01,86,4777.93,14611.4,principal
SKU_1249_WHI,2024-09-01,97,9958.99,26180.3,principal
SKU_1249_ARM,2024-09-01,154,15811.17,41564.6,principal
SKU_1250_AQU,2024-09-01,83,7101.4,21571.7,principal
SKU_1250_BAB,2024-09-01,105,8983.7,27289.5,principal
SKU_1251_SHO,2024-09-01,67,20289.68,61633.3,principal
SKU_1251_COB,2024-09-01,0,0.0,0.0,principal
SKU_1252_NAV,2024-09-01,108,7723.97,24289.2,principal
SKU_1252_FLA,2024-09-01,74,5292.35,16642.6,principal
SKU_1253_SEA,2024-09-01,181,21444.71,65141.9,principal
SKU_1253_FRE,2024-09-01,114,13506.62,41028.6,principal
SKU_1254_SEA,2024-09-01,0,0.0,0.0,principal
SKU_1254_BAB,2024-09-01,45,2828.56,8545.5,principal
SKU_1255_VAN,2024-09-01,42,6261.4,20155.8,principal
SKU_1255_SHO,2024-09-01,178,26536.41,85422.2,principal
SKU_1256_SEA,2024-09-01,157,31051.08,102034.3,principal
SKU_1256_MID,2024-09-01,176,34808.85,114382.4,principal
SKU_1257_SPA,2024-09-01,86,5027.39,17621.4,principal
SKU_1257_EME,2024-09-01,85,4968.93,17416.5,principal
SKU_1258_AQU,2024-09-01,93,7316.8,24635.7,principal
SKU_1258_LIG,2024-09-01,0,0.0,0.0,principal
SKU_1259_ARM,2024-09-01,75,9620.13,26992.5,principal
SKU_1259_POW,2024-09-01,0,0.0,0.0,principal
SKU_1260_WHI,2024-09-01,154,17326.06,52344.6,principal
SKU_1260_ROY,2024-09-01,174,19576.2,59142.6,principal
SKU_1261_PAS,2024-09-01,283,46106.67,140056.7,principal
SKU_1261_PAS,2024-09-01,283,46106.67,140056.7,principal
SKU_1262_BLU,2024-09-01,165,15013.66,45358.5,principal
SKU_1262_OFF,2024-09-01,0,0.0,0.0,principal
SKU_1263_COB,2024-09-01,0,0.0,0.0,principal
SKU_1263_SKY,2024-09-01,145,8826.02,26810.5,principal
SKU_1264_EGR,2024-09-01,190,37152.26,116831.0,principal
SKU_1264_BRI,2024-09-01,128,25028.89,78707.2,principal
SKU_1265_CRE,2024-09-01,113,8224.92,24848.7,principal
SKU_1265_JAD,2024-09-01,113,8224.92,24848.7,principal
SKU_1266_MEX,2024-09-01,109,10761.25,32689.1,principal
SKU_1266_SPA,2024-09-01,177,17474.69,53082.3,principal
SKU_1267_SKY,2024-09-01,137,15186.71,45881.3,principal
SKU_1267_SAP,2024-09-01,0,0.0,0.0,principal
SKU_1268_MYS,2024-09-01,85,9052.35,28466.5,principal
SKU_1268_MAR,2024-09-01,105,11182.31,35164.5,principal
SKU_1269_BAB,2024-09-01,111,37999.19,115428.9,principal
SKU_1269_CER,2024-09-01,58,19855.43,60314.2,principal
SKU_1270_CRE,2024-09-01,187,11690.32,35511.3,principal
SKU_1270_TUR,2024-09-01,129,8064.45,24497.1,principal
SKU_1271_OLI,2024-09-01,89,26073.0,79201.1,principal
SKU_1271_FLA,2024-09-01,50,14647.75,44495.0,principal
SKU_1272_PAS,2024-09-01,0,0.0,0.0,principal
SKU_1272_TEA,2024-09-01,109,13706.41,41409.1,principal
SKU_1273_PAS,2024-09-01,130,31620.97,99437.0,principal
SKU_1273_EGR,2024-09-01,0,0.0,0.0,principal
SKU_1274_MEX,2024-09-01,120,10108.58,31788.0,principal
SKU_1274_BAL,2024-09-01,177,14910.16,46887.3,principal
SKU_1275_MIN,2024-09-01,161,9799.92,29768.9,principal
SKU_1275_BIR,2024-09-01,113,6878.21,20893.7,principal
SKU_1276_WHI,2024-09-01,0,0.0,0.0,principal
SKU_1276_LIG,2024-09-01,429,21616.0,75032.1,principal
SKU_1277_MYS,2024-09-01,364,26060.41,96423.6,principal
SKU_1277_BAB,2024-09-01,424,30356.08,112317.6,principal
SKU_1278_BAB,2024-09-01,334,98139.38,343986.6,principal
SKU_1278_MOS,2024-09-01,462,135749.68,475813.8,principal
SKU_1279_FUC,2024-09-01,478,64580.33,217442.2,principal
SKU_1279_IVO,2024-09-01,392,52961.28,178320.8,principal
SKU_1280_LIM,2024-09-01,457,81421.11,228454.3,principal
SKU_1280_PRI,2024-09-01,0,0.0,0.0,principal
SKU_1281_PIS,2024-09-01,306,61642.72,162149.4,principal
SKU_1281_CER,2024-09-01,0,0.0,0.0,principal
SKU_1282_PIN,2024-09-01,404,28737.29,86819.6,principal
SKU_1282_BAL,2024-09-01,320,22762.21,68768.0,principal
SKU_1283_SNO,2024-09-01,519,31341.48,98558.1,principal
SKU_1283_BAB,2024-09-01,393,23732.56,74630.7,principal
SKU_1284_COR,2024-09-01,0,0.0,0.0,principal
SKU_1284_HOT,2024-09-01,434,101425.4,308096.6,principal
SKU_1285_WHI,2024-09-01,392,114168.78,344920.8,principal
SKU_1285_CLO,2024-09-01,489,142419.73,430271.1,principal
SKU_1286_MAR,2024-09-01,308,22692.12,75429.2,principal
SKU_1286_HOT,2024-09-01,429,31606.88,105062.1,principal
SKU_1287_NAV,2024-09-01,346,38751.42,131445.4,principal
SKU_1287_CER,2024-09-01,380,42559.36,144362.0,principal
SKU_1288_SAG,2024-09-01,296,20898.36,71010.4,principal
SKU_1288_BAB,2024-09-01,487,34383.45,116831.3,principal
SKU_1289_AQU,2024-09-01,931,313539.67,958836.9,principal
SKU_1289_AQU,2024-09-01,931,313539.67,958836.9,principal
SKU_1290_BIR,2024-09-01,452,86812.91,228214.8,principal
SKU_1290_PIN,2024-09-01,0,0.0,0.0,principal
SKU_1291_SAL,2024-09-01,289,22823.8,69331.1,principal
SKU_1291_SPA,2024-09-01,386,30484.38,92601.4,principal
SKU_1292_TEA,2024-09-01,470,48211.14,145653.0,principal
SKU_1292_FLA,2024-09-01,411,42159.11,127368.9,principal
SKU_1293_TEA,2024-09-01,425,42658.56,129582.5,principal
SKU_1293_OFF,2024-09-01,335,33624.98,102141.5,principal
SKU_1294_SEA,2024-09-01,278,18394.4,55572.2,principal
SKU_1294_COR,2024-09-01,37,2448.18,7396.3,principal
SKU_1295_PIS,2024-09-01,488,82718.48,251271.2,principal
SKU_1295_FLA,2024-09-01,0,0.0,0.0,principal
SKU_1296_DEE,2024-09-01,451,81829.03,293104.9,principal
SKU_1296_PEA,2024-09-01,0,0.0,0.0,principal
SKU_1297_WHI,2024-09-01,0,0.0,0.0,principal
SKU_1297_MIN,2024-09-01,465,30162.82,106903.5,principal
SKU_1298_OFF,2024-09-01,0,0.0,0.0,principal
SKU_1298_IVO,2024-09-01,0,0.0,0.0,principal
SKU_1299_BRI,2024-09-01,0,0.0,0.0,principal
SKU_1299_HOT,2024-09-01,315,20572.74,69268.5,principal
SKU_1300_BIR,2024-09-01,0,0.0,0.0,principal
SKU_1300_TEA,2024-09-01,410,168027.99,471459.0,principal
SKU_1301_AQU,2024-09-01,442,79286.44,240845.8,principal
SKU_1301_GAR,2024-09-01,466,83591.58,253923.4,principal
SKU_1302_EME,2024-09-01,363,50177.88,152423.7,principal
SKU_1302_DUS,2024-09-01,441,60959.91,185175.9,principal
SKU_1303_BIR,2024-09-01,368,20086.14,60683.2,principal
SKU_1303_SAP,2024-09-01,417,22760.65,68763.3,principal
SKU_1304_TUR,2024-09-01,479,75384.16,237057.1,principal
SKU_1304_GAR,2024-09-01,487,76643.18,241016.3,principal
SKU_1305_MAR,2024-09-01,429,49415.26,150107.1,principal
SKU_1305_OFF,2024-09-01,356,41006.6,124564.4,principal
SKU_1306_FRE,2024-09-01,356,97347.56,306124.4,principal
SKU_1306_SPA,2024-09-01,327,89417.56,281187.3,principal
SKU_1307_MAG,2024-09-01,421,30643.28,92577.9,principal
SKU_1307_FOR,2024-09-01,514,37412.47,113028.6,principal
SKU_1308_PAS,2024-09-01,389,54065.9,163341.1,principal
SKU_1308_CER,2024-09-01,441,61293.22,185175.9,principal
SKU_1309_OLI,2024-09-01,0,0.0,0.0,principal
SKU_1309_LIG,2024-09-01,455,54656.91,166029.5,principal
SKU_1310_MOS,2024-09-01,367,29142.33,88043.3,principal
SKU_1310_EGR,2024-09-01,431,34224.37,103396.9,principal
SKU_1311_BAB,2024-09-01,495,143383.22,435550.5,principal
SKU_1311_NAV,2024-09-01,502,145410.87,441709.8,principal
SKU_1312_HOT,2024-09-01,470,38876.94,117453.0,principal
SKU_1312_NAV,2024-09-01,0,0.0,0.0,principal
SKU_1313_SPA,2024-09-01,359,110489.1,335629.1,principal
SKU_1313_SHO,2024-09-01,0,0.0,0.0,principal
SKU_1314_BLU,2024-09-01,344,32829.67,99725.6,principal
SKU_1314_SNO,2024-09-01,0,0.0,0.0,principal
SKU_1315_WHI,2024-09-01,433,49432.1,149341.7,principal
SKU_1315_BLA,2024-09-01,392,44751.46,135200.8,principal
SKU_1316_DEN,2024-09-01,290,49156.47,149321.0,principal
SKU_1316_AQU,2024-09-01,321,54411.13,165282.9,principal
SKU_1317_BLU,2024-09-01,0,0.0,0.0,principal
SKU_1317_ROS,2024-09-01,461,30148.65,99068.9,principal
SKU_1318_PAS,2024-09-01,498,37894.75,119470.2,principal
SKU_1318_MYS,2024-09-01,0,0.0,0.0,principal
SKU_1319_MAR,2024-09-01,320,17337.11,60768.0,principal
SKU_1319_ROS,2024-09-01,493,26709.99,93620.7,principal
SKU_1320_PIS,2024-09-01,0,0.0,0.0,principal
SKU_1320_FOR,2024-09-01,393,17496.48,58910.7,principal
SKU_1321_FLA,2024-09-01,421,22699.91,63107.9,principal
SKU_1321_SER,2024-09-01,437,23562.62,65506.3,principal
SKU_1322_MOS,2024-09-01,0,0.0,0.0,principal
SKU_1322_IVO,2024-09-01,399,50072.09,131630.1,principal
SKU_1323_AQU,2024-09-01,420,47010.76,121758.0,principal
SKU_1323_FRE,2024-09-01,397,44436.36,115090.3,principal
SKU_1324_MID,2024-09-01,386,42150.0,127341.4,principal
SKU_1324_SNO,2024-09-01,535,58420.34,176496.5,principal
SKU_1325_LIG,2024-09-01,493,45931.3,147850.7,principal
SKU_1325_PEA,2024-09-01,306,28509.08,91769.4,principal
SKU_1326_PAS,2024-09-01,396,58313.42,199940.4,principal
SKU_1326_BAB,2024-09-01,487,71713.72,245886.3,principal
SKU_1327_GAR,2024-09-01,473,35072.7,122932.7,principal
SKU_1327_HON,2024-09-01,453,33589.71,117734.7,principal
SKU_1328_EGR,2024-09-01,418,32886.28,110728.2,principal
SKU_1328_LIG,2024-09-01,0,0.0,0.0,principal
SKU_1329_NAV,2024-09-01,336,32919.38,92366.4,principal
SKU_1329_MIN,2024-09-01,377,36936.33,103637.3,principal
SKU_1330_PRI,2024-09-01,376,38568.91,116522.4,principal
SKU_1330_LIM,2024-09-01,506,51903.91,156809.4,principal
SKU_1331_ARM,2024-09-01,422,37561.46,118117.8,principal
SKU_1331_AQU,2024-09-01,455,40498.73,127354.5,principal
SKU_1332_MOS,2024-09-01,588,32094.16,96961.2,principal
SKU_1332_MOS,2024-09-01,588,32094.16,96961.2,principal
SKU_1333_PIS,2024-09-01,432,27154.18,82036.8,principal
SKU_1333_MOS,2024-09-01,380,23885.62,72162.0,principal
SKU_1334_TEA,2024-09-01,342,52061.6,157285.8,principal
SKU_1334_ROY,2024-09-01,0,0.0,0.0,principal
SKU_1335_CRE,2024-09-01,332,37762.52,126126.8,principal
SKU_1335_BRI,2024-09-01,0,0.0,0.0,principal
SKU_1336_LIM,2024-09-01,374,35753.01,130862.6,principal
SKU_1336_PIN,2024-09-01,453,43305.12,158504.7,principal
SKU_1337_DUS,2024-09-01,354,19263.29,65454.6,principal
SKU_1337_MAG,2024-09-01,482,26228.55,89121.8,principal
SKU_1338_OLI,2024-09-01,335,22445.77,68641.5,principal
SKU_1338_PAS,2024-09-01,380,25460.87,77862.0,principal
SKU_1339_JAD,2024-09-01,402,44400.24,124579.8,principal
SKU_1339_EME,2024-09-01,411,45394.28,127368.9,principal
SKU_1340_SNO,2024-09-01,14,5276.62,16028.6,principal
SKU_1340_POW,2024-09-01,504,189958.14,577029.6,principal
SKU_1341_HOT,2024-09-01,484,27688.77,87071.6,principal
SKU_1341_PEA,2024-09-01,348,19908.45,62605.2,principal
SKU_1342_CRE,2024-09-01,403,44841.08,141009.7,principal
SKU_1342_BAB,2024-09-01,299,33269.19,104620.1,principal
SKU_1343_NAV,2024-09-01,320,33354.21,100768.0,principal
SKU_1343_IVO,2024-09-01,421,43881.63,132572.9,principal
SKU_1344_PAS,2024-09-01,410,41056.66,129109.0,principal
SKU_1344_MID,2024-09-01,354,35448.92,111474.6,principal
SKU_1345_ARM,2024-09-01,358,117807.9,429564.2,principal
SKU_1345_FOR,2024-09-01,349,114846.24,418765.1,principal
SKU_1346_HON,2024-09-01,440,34169.74,116556.0,principal
SKU_1346_PEA,2024-09-01,311,24151.8,82383.9,principal
SKU_1347_DUS,2024-09-01,65,5036.87,18843.5,principal
SKU_1347_LIM,2024-09-01,395,30608.66,114510.5,principal
SKU_1348_NAV,2024-09-01,460,97757.96,298954.0,principal
SKU_1348_PIS,2024-09-01,0,0.0,0.0,principal
SKU_1349_HON,2024-09-01,439,36158.13,92146.1,principal
SKU_1349_SEA,2024-09-01,316,26027.26,66328.4,principal
SKU_1350_SNO,2024-09-01,337,31779.74,96011.3,principal
SKU_1350_BAB,2024-09-01,444,41870.04,126495.6,principal
SKU_1351_SAG,2024-09-01,419,95681.54,289068.1,principal
SKU_1351_HON,2024-09-01,511,116690.38,352538.9,principal
SKU_1352_CER,2024-09-01,474,43914.63,132672.6,principal
SKU_1352_HUN,2024-09-01,416,38541.11,116438.4,principal
SKU_1353_MAG,2024-09-01,475,29857.03,90202.5,principal
SKU_1353_MAR,2024-09-01,524,32937.02,99507.6,principal
SKU_1354_AQU,2024-09-01,507,154369.88,468924.3,principal
SKU_1354_CLE,2024-09-01,374,113874.43,345912.6,principal
SKU_1355_PAS,2024-09-01,466,26830.92,81503.4,principal
SKU_1355_DEE,2024-09-01,344,19806.52,60165.6,principal
SKU_1356_BLU,2024-09-01,333,23558.11,71561.7,principal
SKU_1356_DEN,2024-09-01,0,0.0,0.0,principal
SKU_1357_BRI,2024-09-01,338,74387.68,224736.2,principal
SKU_1357_BLU,2024-09-01,497,109380.7,330455.3,principal
SKU_1358_DUS,2024-09-01,345,22703.44,68965.5,principal
SKU_1358_MAR,2024-09-01,393,25862.18,78560.7,principal
SKU_1359_BLU,2024-09-01,329,44453.89,139792.1,principal
SKU_1359_NAV,2024-09-01,344,46480.66,146165.6,principal
SKU_1360_WHI,2024-09-01,501,53049.34,160269.9,principal
SKU_1360_FRE,2024-09-01,80,8470.95,25592.0,principal
SKU_1361_MEX,2024-09-01,473,28563.62,89822.7,principal
SKU_1361_BLU,2024-09-01,347,20954.71,65895.3,principal
SKU_1362_POW,2024-09-01,466,141504.72,444983.4,principal
SKU_1362_SEA,2024-09-01,367,111442.56,350448.3,principal
SKU_1363_RAS,2024-09-01,380,114785.92,360962.0,principal
SKU_1363_HUN,2024-09-01,449,135628.62,426505.1,principal
SKU_1364_OFF,2024-09-01,429,62740.48,197297.1,principal
SKU_1364_TEA,2024-09-01,0,0.0,0.0,principal
SKU_1365_BUB,2024-09-01,38,6287.74,18996.2,principal
SKU_1365_NAV,2024-09-01,65,10755.35,32493.5,principal
SKU_1366_TEA,2024-09-01,424,56996.33,186517.6,principal
SKU_1366_PAL,2024-09-01,417,56055.35,183438.3,principal
SKU_1367_VAN,2024-09-01,331,18241.22,59546.9,principal
SKU_1367_BLA,2024-09-01,425,23421.5,76457.5,principal
SKU_1368_SNO,2024-09-01,410,87133.19,305409.0,principal
SKU_1368_TUR,2024-09-01,378,80332.55,281572.2,principal
SKU_1369_SNO,2024-09-01,350,17740.9,55965.0,principal
SKU_1369_RAS,2024-09-01,444,22505.61,70995.6,principal
SKU_1370_PRI,2024-09-01,0,0.0,0.0,principal
SKU_1370_MYS,2024-09-01,481,33955.12,86531.9,principal
SKU_1371_WHI,2024-09-01,434,39490.48,119306.6,principal
SKU_1371_HOT,2024-09-01,0,0.0,0.0,principal
SKU_1372_SEA,2024-09-01,333,37464.8,113186.7,principal
SKU_1372_DEN,2024-09-01,390,43877.69,132561.0,principal
SKU_1373_SKY,2024-09-01,334,20880.04,63426.6,principal
SKU_1373_CRE,2024-09-01,438,27381.61,83176.2,principal
SKU_1374_SAL,2024-09-01,59,3708.56,11204.1,principal
SKU_1374_BLU,2024-09-01,74,4651.41,14052.6,principal
SKU_1375_COR,2024-09-01,436,38229.31,115496.4,principal
SKU_1375_CLE,2024-09-01,442,38755.4,117085.8,principal
SKU_1376_SNO,2024-09-01,375,29928.43,106837.5,principal
SKU_1376_BIR,2024-09-01,374,29848.62,106552.6,principal
SKU_1377_PRI,2024-09-01,0,0.0,0.0,principal
SKU_1377_CLO,2024-09-01,419,32953.46,108898.1,principal
SKU_1378_SPA,2024-09-01,315,18414.26,64543.5,principal
SKU_1378_MOS,2024-09-01,449,26247.63,92000.1,principal
SKU_1379_SNO,2024-09-01,414,63637.31,200748.6,principal
SKU_1379_WHI,2024-09-01,480,73782.38,232752.0,principal
SKU_1380_TUR,2024-09-01,0,0.0,0.0,principal
SKU_1380_MIN,2024-09-01,462,41678.3,106213.8,principal
SKU_1381_WHI,2024-09-01,387,35213.87,106386.3,principal
SKU_1381_PAS,2024-09-01,334,30391.29,91816.6,principal
SKU_1382_ARM,2024-09-01,455,27476.63,86404.5,principal
SKU_1382_HOT,2024-09-01,368,22222.86,69883.2,principal
SKU_1383_CLE,2024-09-01,437,26022.0,78616.3,principal
SKU_1383_TUR,2024-09-01,445,26498.37,80055.5,principal
SKU_1384_CRE,2024-09-01,437,74793.02,227196.3,principal
SKU_1384_SKY,2024-09-01,500,85575.54,259950.0,principal
SKU_1385_PRI,2024-09-01,491,47114.84,142340.9,principal
SKU_1385_NAV,2024-09-01,292,28019.41,84650.8,principal
SKU_1386_SER,2024-09-01,301,20278.39,64684.9,principal
SKU_1386_COB,2024-09-01,504,33954.51,108309.6,principal
SKU_1387_BRI,2024-09-01,344,15735.47,55005.6,principal
SKU_1387_BAB,2024-09-01,496,22688.36,79310.4,principal
SKU_1388_BRI,2024-09-01,483,48401.8,181076.7,principal
SKU_1388_VAN,2024-09-01,499,50005.17,187075.1,principal
SKU_1389_SHO,2024-09-01,180,7479.05,25182.0,principal
SKU_1389_BAB,2024-09-01,167,6938.9,23363.3,principal
SKU_1390_SAP,2024-09-01,54,4871.49,12414.6,principal
SKU_1391_LIG,2024-09-01,62,5846.72,17663.8,principal
SKU_1391_SEA,2024-09-01,175,16502.83,49857.5,principal
SKU_1392_LIM,2024-09-01,91,8882.68,26835.9,principal
SKU_1392_BLU,2024-09-01,174,16984.47,51312.6,principal
SKU_1393_COB,2024-09-01,68,6701.28,21073.2,principal
SKU_1393_SKY,2024-09-01,111,10938.85,34398.9,principal
SKU_1394_FOR,2024-09-01,81,12103.68,38061.9,principal
SKU_1394_EME,2024-09-01,64,9563.4,30073.6,principal
SKU_1395_BLA,2024-09-01,95,8757.88,27540.5,principal
SKU_1395_TUR,2024-09-01,68,6268.8,19713.2,principal
SKU_1396_FUC,2024-09-01,99,4396.5,13355.1,principal
SKU_1396_PAS,2024-09-01,67,2975.41,9038.3,principal
SKU_1397_SNO,2024-09-01,177,13687.25,41577.3,principal
SKU_1397_BUB,2024-09-01,90,6959.62,21141.0,principal
SKU_1398_AQU,2024-09-01,110,24439.48,74239.0,principal
SKU_1398_SPA,2024-09-01,120,26661.25,80988.0,principal
SKU_1399_PAL,2024-09-01,86,7381.23,23211.4,principal
SKU_1399_CRE,2024-09-01,168,14419.14,45343.2,principal
SKU_1400_FOR,2024-09-01,64,4422.34,13433.6,principal
SKU_1400_PAL,2024-09-01,100,6909.91,20990.0,principal
SKU_1401_GAR,2024-09-01,78,6193.74,18712.2,principal
SKU_1401_BLU,2024-09-01,106,8417.13,25429.4,principal
SKU_1402_WHI,2024-09-01,153,11428.82,35939.7,principal
SKU_1402_VAN,2024-09-01,100,7469.82,23490.0,principal
SKU_1403_AQU,2024-09-01,75,9503.18,28867.5,principal
SKU_1403_DUS,2024-09-01,60,7602.54,23094.0,principal
SKU_1404_SAP,2024-09-01,175,59077.71,178482.5,principal
SKU_1404_ARM,2024-09-01,168,56714.6,171343.2,principal
SKU_1405_FLA,2024-09-01,68,4836.97,14613.2,principal
SKU_1405_CLO,2024-09-01,72,5121.5,15472.8,principal
SKU_1406_PRI,2024-09-01,111,12785.77,38838.9,principal
SKU_1406_SHO,2024-09-01,112,12900.95,39188.8,principal
SKU_1407_OFF,2024-09-01,156,9616.23,33524.4,principal
SKU_1407_EME,2024-09-01,115,7088.88,24713.5,principal
SKU_1408_PAS,2024-09-01,66,19217.98,60713.4,principal
SKU_1408_FUC,2024-09-01,68,19800.34,62553.2,principal
SKU_1409_PEA,2024-09-01,228,14084.37,47857.2,principal
SKU_1409_PEA,2024-09-01,228,14084.37,47857.2,principal
SKU_1410_ROS,2024-09-01,171,57892.1,194922.9,principal
SKU_1410_JAD,2024-09-01,67,22682.87,76373.3,principal
SKU_1411_BLU,2024-09-01,200,15684.53,44980.0,principal
SKU_1411_RAS,2024-09-01,104,8155.95,23389.6,principal
SKU_1412_SHO,2024-09-01,173,55177.03,154817.7,principal
SKU_1412_BAB,2024-09-01,149,47522.41,133340.1,principal
SKU_1413_SAG,2024-09-01,189,11567.16,34946.1,principal
SKU_1413_JAD,2024-09-01,101,6181.39,18674.9,principal
SKU_1414_DUS,2024-09-01,77,8322.79,26172.3,principal
SKU_1414_CLO,2024-09-01,179,19347.79,60842.1,principal
SKU_1415_BAB,2024-09-01,117,13204.41,41523.3,principal
SKU_1415_MID,2024-09-01,113,12752.98,40103.7,principal
SKU_1416_CLE,2024-09-01,90,7745.98,25191.0,principal
SKU_1416_AQU,2024-09-01,193,16610.83,54020.7,principal
SKU_1417_SNO,2024-09-01,88,7867.54,24631.2,principal
SKU_1417_BIR,2024-09-01,74,6615.89,20712.6,principal
SKU_1418_CLE,2024-09-01,191,48706.64,161375.9,principal
SKU_1418_MOS,2024-09-01,72,18360.62,60832.8,principal
SKU_1419_FLA,2024-09-01,109,9085.33,27239.1,principal
SKU_1419_WHI,2024-09-01,63,5251.15,15743.7,principal
SKU_1420_EGR,2024-09-01,112,36407.43,110868.8,principal
SKU_1420_LIM,2024-09-01,115,37382.63,113838.5,principal
SKU_1421_LIG,2024-09-01,68,5917.96,15633.2,principal
SKU_1421_SER,2024-09-01,95,8267.74,21840.5,principal
SKU_1422_PIN,2024-09-01,72,8637.25,22672.8,principal
SKU_1422_MIN,2024-09-01,109,13075.83,34324.1,principal
SKU_1423_JAD,2024-09-01,185,73076.31,221981.5,principal
SKU_1423_SAG,2024-09-01,79,31205.56,94792.1,principal
SKU_1424_VAN,2024-09-01,115,37664.92,114413.5,principal
SKU_1424_BAB,2024-09-01,177,57971.23,176097.3,principal
SKU_1425_WHI,2024-09-01,112,7475.8,23508.8,principal
SKU_1425_LIG,2024-09-01,115,7676.04,24138.5,principal
SKU_1426_NAV,2024-09-01,108,4079.17,14029.2,principal
SKU_1426_SEA,2024-09-01,62,2341.75,8053.8,principal
SKU_1427_AQU,2024-09-01,189,11761.03,37781.1,principal
SKU_1428_COB,2024-09-01,118,15847.02,57808.2,principal
SKU_1428_SKY,2024-09-01,171,22964.75,83772.9,principal
SKU_1429_SPA,2024-09-01,176,10563.12,33422.4,principal
SKU_1429_MAG,2024-09-01,77,4621.36,14622.3,principal
SKU_1430_PEA,2024-09-01,115,7255.61,20688.5,principal
SKU_1430_JAD,2024-09-01,112,7066.34,20148.8,principal
SKU_1431_TEA,2024-09-01,104,13116.44,38469.6,principal
SKU_1431_CRE,2024-09-01,73,9206.73,27002.7,principal
SKU_1432_WHI,2024-09-01,92,25687.58,66230.8,principal
SKU_1432_BRI,2024-09-01,103,28758.92,74149.7,principal
SKU_1433_OLI,2024-09-01,100,10366.51,31490.0,principal
SKU_1433_SAP,2024-09-01,162,16793.74,51013.8,principal
SKU_1434_ARM,2024-09-01,113,7542.55,23718.7,principal
SKU_1434_MIN,2024-09-01,109,7275.55,22879.1,principal
SKU_1435_SKY,2024-09-01,93,28347.24,93920.7,principal
SKU_1435_OLI,2024-09-01,97,29566.48,97960.3,principal
SKU_1436_BLU,2024-09-01,152,12597.9,42544.8,principal
SKU_1436_PAS,2024-09-01,167,13841.11,46743.3,principal
SKU_1437_ROY,2024-09-01,76,3991.98,12532.4,principal
SKU_1437_AQU,2024-09-01,118,6198.07,19458.2,principal
SKU_1438_MOS,2024-09-01,191,14691.46,39135.9,principal
SKU_1438_DEE,2024-09-01,101,7768.78,20694.9,principal
SKU_1439_CER,2024-09-01,111,6793.41,20523.9,principal
SKU_1439_SHO,2024-09-01,97,5936.58,17935.3,principal
SKU_1440_PIS,2024-09-01,95,43977.88,113990.5,principal
SKU_1440_BLU,2024-09-01,99,45829.58,118790.1,principal
SKU_1441_COB,2024-09-01,84,37619.31,97011.6,principal
SKU_1441_IVO,2024-09-01,173,77477.87,199797.7,principal
SKU_1442_OFF,2024-09-01,161,15449.06,46673.9,principal
SKU_1442_EME,2024-09-01,66,6333.16,19133.4,principal
SKU_1443_BLU,2024-09-01,200,17867.38,53980.0,principal
SKU_1444_OLI,2024-09-01,54,4923.24,12954.6,principal
SKU_1445_TEA,2024-09-01,74,11696.62,30332.6,principal
SKU_1445_PRI,2024-09-01,75,11854.68,30742.5,principal
SKU_1446_SHO,2024-09-01,171,18054.37,46152.9,principal
SKU_1446_GAR,2024-09-01,175,18476.7,47232.5,principal
SKU_1447_BLU,2024-09-01,109,8608.28,26149.1,principal
SKU_1447_OLI,2024-09-01,183,14452.44,43901.7,principal
SKU_1448_SKY,2024-09-01,107,6336.87,19249.3,principal
SKU_1448_SEA,2024-09-01,158,9357.25,28424.2,principal
SKU_1449_BLA,2024-09-01,94,10108.94,30540.6,principal
SKU_1449_NAV,2024-09-01,112,12044.69,36388.8,principal
SKU_1450_MAG,2024-09-01,175,23198.51,71732.5,principal
SKU_1450_JAD,2024-09-01,87,11532.97,35661.3,principal
SKU_1451_WHI,2024-09-01,100,7928.15,24490.0,principal
SKU_1451_BIR,2024-09-01,189,14984.2,46286.1,principal
SKU_1452_SKY,2024-09-01,162,6274.55,23473.8,principal
SKU_1452_DEE,2024-09-01,69,2672.49,9998.1,principal
SKU_1453_PRI,2024-09-01,70,5212.43,16443.0,principal
SKU_1454_BRI,2024-09-01,79,4504.73,11842.1,principal
SKU_1454_BUB,2024-09-01,90,5131.98,13491.0,principal
SKU_1455_TEA,2024-09-01,83,9200.71,27796.7,principal
SKU_1455_ROY,2024-09-01,70,7759.63,23443.0,principal
SKU_1456_EME,2024-09-01,134,13967.07,42196.6,principal
SKU_1456_DEN,2024-09-01,169,17615.19,53218.1,principal
SKU_1457_SNO,2024-09-01,75,3969.52,11992.5,principal
SKU_1457_MAG,2024-09-01,69,3651.96,11033.1,principal
SKU_1458_PEA,2024-09-01,110,12739.86,38489.0,principal
SKU_1458_MIN,2024-09-01,177,20499.59,61932.3,principal
SKU_1459_OFF,2024-09-01,61,4215.04,12803.9,principal
SKU_1459_CRE,2024-09-01,72,4975.13,15112.8,principal
SKU_1460_FUC,2024-09-01,74,4102.8,12942.6,principal
SKU_1460_OLI,2024-09-01,185,10257.01,32356.5,principal
SKU_1461_NAV,2024-09-01,164,56734.4,175463.6,principal
SKU_1461_PRI,2024-09-01,102,35286.03,109129.8,principal
SKU_1462_MID,2024-09-01,76,7412.87,27732.4,principal
SKU_1462_OFF,2024-09-01,176,17166.65,64222.4,principal
SKU_1463_LIG,2024-09-01,184,15637.66,47821.6,principal
SKU_1463_DUS,2024-09-01,86,7308.91,22351.4,principal
SKU_1464_MOS,2024-09-01,62,5422.15,14253.8,principal
SKU_1464_BIR,2024-09-01,175,15304.44,40232.5,principal
SKU_1465_CLE,2024-09-01,185,22146.79,58256.5,principal
SKU_1465_OFF,2024-09-01,116,13886.64,36528.4,principal
SKU_1466_PRI,2024-09-01,99,8796.26,26720.1,principal
SKU_1466_SAP,2024-09-01,113,10040.17,30498.7,principal
SKU_1467_OLI,2024-09-01,196,12771.01,40160.4,principal
SKU_1467_FUC,2024-09-01,69,4495.92,14138.1,principal
SKU_1468_BAB,2024-09-01,83,14557.94,43981.7,principal
SKU_1468_MYS,2024-09-01,72,12628.58,38152.8,principal
SKU_1469_ARM,2024-09-01,69,6470.7,20348.1,principal
SKU_1469_SAL,2024-09-01,113,10596.94,33323.7,principal
SKU_1470_WHI,2024-09-01,111,33122.71,102108.9,principal
SKU_1470_MAR,2024-09-01,151,45058.82,138904.9,principal
SKU_1471_ROS,2024-09-01,80,4430.27,16392.0,principal
SKU_1472_EME,2024-09-01,103,15245.91,48399.7,principal
SKU_1472_MYS,2024-09-01,173,25607.2,81292.7,principal
SKU_1473_BLU,2024-09-01,54,2596.71,9714.6,principal
SKU_1473_BAB,2024-09-01,171,8222.92,30762.9,principal
SKU_1474_BRI,2024-09-01,74,25647.46,78432.6,principal
SKU_1474_DEN,2024-09-01,102,35351.9,108109.8,principal
SKU_1475_VAN,2024-09-01,107,10171.63,26739.3,principal
SKU_1475_MIN,2024-09-01,98,9316.07,24490.2,principal
SKU_1476_WHI,2024-09-01,106,9592.69,29139.4,principal
SKU_1476_CLO,2024-09-01,67,6063.3,18418.3,principal
SKU_1477_CLE,2024-09-01,158,11761.82,35534.2,principal
SKU_1477_EME,2024-09-01,176,13101.77,39582.4,principal
SKU_1478_TEA,2024-09-01,183,11741.48,35666.7,principal
SKU_1478_COB,2024-09-01,82,5261.21,15981.8,principal
SKU_1479_MIN,2024-09-01,67,12306.02,37178.3,principal
SKU_1479_FUC,2024-09-01,162,29754.85,89893.8,principal
SKU_1480_SNO,2024-09-01,66,8080.84,24413.4,principal
SKU_1480_MEX,2024-09-01,62,7591.09,22933.8,principal
SKU_1481_BLA,2024-09-01,100,24629.87,80990.0,principal
SKU_1481_TEA,2024-09-01,164,40392.98,132823.6,principal
SKU_1482_MOS,2024-09-01,63,7825.05,28028.7,principal
SKU_1482_SHO,2024-09-01,91,11302.85,40485.9,principal
SKU_1483_WHI,2024-09-01,102,9753.04,33139.8,principal
SKU_1483_POW,2024-09-01,173,16541.93,56207.7,principal
SKU_1484_MOS,2024-09-01,67,9151.55,30813.3,principal
SKU_1484_EGR,2024-09-01,176,24039.89,80942.4,principal
SKU_1485_PAS,2024-09-01,126,32874.25,83777.4,principal
SKU_1485_CER,2024-09-01,66,17219.85,43883.4,principal
SKU_1486_OLI,2024-09-01,75,7196.77,21742.5,principal
SKU_1486_PAL,2024-09-01,88,8444.21,25511.2,principal
SKU_1487_CLE,2024-09-01,181,19276.17,60616.9,principal
SKU_1488_IVO,2024-09-01,173,18699.26,58802.7,principal
SKU_1488_PEA,2024-09-01,60,6485.29,20394.0,principal
SKU_1489_TEA,2024-09-01,76,9254.6,28112.4,principal
SKU_1489_IVO,2024-09-01,185,22527.65,68431.5,principal
SKU_1490_EME,2024-09-01,76,7921.62,23932.4,principal
SKU_1490_VAN,2024-09-01,112,11673.97,35268.8,principal
SKU_1491_GAR,2024-09-01,180,7543.2,24282.0,principal
SKU_1491_CER,2024-09-01,76,3184.91,10252.4,principal
SKU_1492_SKY,2024-09-01,179,21066.26,67107.1,principal
SKU_1492_BIR,2024-09-01,174,20477.82,65232.6,principal
SKU_1493_PEA,2024-09-01,62,5467.3,20453.8,principal
SKU_1493_CLO,2024-09-01,127,11199.15,41897.3,principal
SKU_1494_EGR,2024-09-01,71,24417.84,77027.9,principal
SKU_1494_HOT,2024-09-01,88,30264.37,95471.2,principal
SKU_1495_FUC,2024-09-01,96,11287.33,31670.4,principal
SKU_1495_BLA,2024-09-01,107,12580.67,35299.3,principal
SKU_1496_PAS,2024-09-01,71,26526.24,80577.9,principal
SKU_1496_PEA,2024-09-01,73,27273.46,82847.7,principal
SKU_1497_FUC,2024-09-01,101,4509.84,13624.9,principal
SKU_1497_VAN,2024-09-01,172,7680.13,23202.8,principal
SKU_1498_OLI,2024-09-01,89,10013.11,30251.1,principal
SKU_1499_HOT,2024-09-01,72,5950.67,18712.8,principal
SKU_1499_RAS,2024-09-01,106,8760.71,27549.4,principal
SKU_1500_MOS,2024-09-01,70,5989.14,18193.0,principal
SKU_1500_PAS,2024-09-01,104,8898.14,27029.6,principal
SKU_1501_OLI,2024-09-01,60,3374.21,10194.0,principal
SKU_1501_SAL,2024-09-01,91,5117.56,15460.9,principal
SKU_1502_PEA,2024-09-01,154,10641.26,32324.6,principal
SKU_1502_VAN,2024-09-01,77,5320.63,16162.3,principal
SKU_1503_VAN,2024-09-01,176,13320.22,40462.4,principal
SKU_1503_CER,2024-09-01,65,4919.4,14943.5,principal
SKU_1504_EME,2024-09-01,93,10463.14,31610.7,principal
SKU_1504_NAV,2024-09-01,60,6750.41,20394.0,principal
SKU_1505_BLU,2024-09-01,179,13917.59,42047.1,principal
SKU_1505_SNO,2024-09-01,171,13295.57,40167.9,principal
SKU_1506_PAL,2024-09-01,178,13013.26,40922.2,principal
SKU_1507_PAS,2024-09-01,166,9884.79,29863.4,principal
SKU_1507_FLA,2024-09-01,72,4287.38,12952.8,principal
SKU_1508_LIM,2024-09-01,114,7877.3,23928.6,principal
SKU_1508_DEE,2024-09-01,92,6357.12,19310.8,principal
SKU_1509_HOT,2024-09-01,79,8365.07,25272.1,principal
SKU_1509_MAG,2024-09-01,88,9318.05,28151.2,principal
SKU_1510_SNO,2024-09-01,97,25753.33,80985.3,principal
SKU_1510_ROS,2024-09-01,95,25222.33,79315.5,principal
SKU_1511_CLE,2024-09-01,71,21108.17,66377.9,principal
SKU_1511_SKY,2024-09-01,196,58270.45,183240.4,principal
SKU_1512_TEA,2024-09-01,67,4779.51,15068.3,principal
SKU_1512_MYS,2024-09-01,72,5136.19,16192.8,principal
SKU_1513_PAS,2024-09-01,69,4007.59,14828.1,principal
SKU_1513_RAS,2024-09-01,78,4530.32,16762.2,principal
SKU_1514_PEA,2024-09-01,106,25889.39,87969.4,principal
SKU_1514_SPA,2024-09-01,110,26866.35,91289.0,principal
SKU_1515_SEA,2024-09-01,76,4843.65,14812.4,principal
SKU_1515_AQU,2024-09-01,100,6373.23,19490.0,principal
SKU_1516_CRE,2024-09-01,167,22228.03,58433.3,principal
SKU_1516_EME,2024-09-01,68,9050.93,23793.2,principal
SKU_1517_FOR,2024-09-01,154,70247.71,184784.6,principal
SKU_1517_ROS,2024-09-01,110,50176.94,131989.0,principal
SKU_1518_CLE,2024-09-01,75,5602.36,17617.5,principal
SKU_1518_LIM,2024-09-01,185,13819.17,43456.5,principal
SKU_1519_BLU,2024-09-01,64,12819.72,40313.6,principal
SKU_1519_TEA,2024-09-01,81,16224.96,51021.9,principal
SKU_1520_GAR,2024-09-01,201,14881.45,45204.9,principal
SKU_1520_ROY,2024-09-01,174,12882.45,39132.6,principal
SKU_1521_MOS,2024-09-01,88,5314.16,16711.2,principal
SKU_1521_FRE,2024-09-01,110,6642.7,20889.0,principal
SKU_1522_MOS,2024-09-01,72,2949.02,10792.8,principal
SKU_1522_BIR,2024-09-01,71,2908.07,10642.9,principal
SKU_1523_HOT,2024-09-01,101,10458.66,37864.9,principal
SKU_1523_CRE,2024-09-01,74,7662.78,27742.6,principal
SKU_1524_DEN,2024-09-01,151,16438.1,55854.9,principal
SKU_1525_MYS,2024-09-01,102,9373.63,29569.8,principal
SKU_1525_OLI,2024-09-01,104,9557.42,30149.6,principal
SKU_1526_FOR,2024-09-01,66,3996.46,11213.4,principal
SKU_1527_FUC,2024-09-01,177,53018.42,161052.3,principal
SKU_1527_TEA,2024-09-01,63,18870.96,57323.7,principal
SKU_1528_PAS,2024-09-01,109,7753.38,23424.1,principal
SKU_1528_DEN,2024-09-01,119,8464.7,25573.1,principal
SKU_1529_HUN,2024-09-01,75,6046.58,18367.5,principal
SKU_1529_MIN,2024-09-01,76,6127.2,18612.4,principal
SKU_1530_HON,2024-09-01,110,4703.94,14289.0,principal
SKU_1530_PEA,2024-09-01,181,7740.12,23511.9,principal
SKU_1531_TEA,2024-09-01,181,32945.06,99531.9,principal
SKU_1531_SNO,2024-09-01,191,34765.23,105030.9,principal
SKU_1532_BRI,2024-09-01,108,29545.4,105829.2,principal
SKU_1532_EME,2024-09-01,103,28177.55,100929.7,principal
SKU_1533_CER,2024-09-01,111,5512.22,18303.9,principal
SKU_1533_DUS,2024-09-01,87,4320.39,14346.3,principal
SKU_1534_MYS,2024-09-01,112,6589.02,22388.8,principal
SKU_1534_HUN,2024-09-01,169,9942.37,33783.1,principal
SKU_1535_NAV,2024-09-01,73,7055.69,22257.7,principal
SKU_1535_MOS,2024-09-01,70,6765.73,21343.0,principal
SKU_1536_MOS,2024-09-01,167,20528.03,57598.3,principal
SKU_1536_FRE,2024-09-01,56,6883.65,19314.4,principal
SKU_1537_SAP,2024-09-01,76,6412.26,19372.4,principal
SKU_1537_BLA,2024-09-01,92,7762.21,23450.8,principal
SKU_1538_MAG,2024-09-01,196,13617.47,41140.4,principal
SKU_1538_PAS,2024-09-01,58,4029.66,12174.2,principal
SKU_1539_BLA,2024-09-01,100,11126.82,34990.0,principal
SKU_1539_PEA,2024-09-01,178,19805.74,62282.2,principal
SKU_1540_MAG,2024-09-01,102,5510.88,17329.8,principal
SKU_1541_AQU,2024-09-01,98,21032.58,66140.2,principal
SKU_1541_POW,2024-09-01,181,38845.89,122156.9,principal
SKU_1542_DEE,2024-09-01,174,26916.25,81762.6,principal
SKU_1542_PEA,2024-09-01,107,16551.95,50279.3,principal
SKU_1543_BAB,2024-09-01,116,27108.99,85248.4,principal
SKU_1543_FLA,2024-09-01,114,26641.59,83778.6,principal
SKU_1544_OLI,2024-09-01,117,7437.48,23388.3,principal
SKU_1544_PEA,2024-09-01,69,4386.21,13793.1,principal
SKU_1545_TEA,2024-09-01,95,7851.58,24690.5,principal
SKU_1545_HOT,2024-09-01,190,15703.16,49381.0,principal
SKU_1546_PAS,2024-09-01,105,5839.91,18364.5,principal
SKU_1546_IVO,2024-09-01,105,5839.91,18364.5,principal
SKU_1547_IVO,2024-09-01,79,8626.56,26062.1,principal
SKU_1547_FUC,2024-09-01,162,17689.9,53443.8,principal
SKU_1548_HOT,2024-09-01,66,10374.67,31343.4,principal
SKU_1548_CLO,2024-09-01,184,28923.31,87381.6,principal
SKU_1549_BAL,2024-09-01,77,4527.46,14237.3,principal
SKU_1549_PAS,2024-09-01,190,11171.66,35131.0,principal
SKU_1550_PAL,2024-09-01,99,5374.22,16325.1,principal
SKU_1550_IVO,2024-09-01,68,3691.39,11213.2,principal
SKU_1551_DUS,2024-09-01,163,11864.26,35843.7,principal
SKU_1551_ROS,2024-09-01,69,5022.3,15173.1,principal
SKU_1552_CLE,2024-09-01,159,34541.01,104924.1,principal
SKU_1552_SAP,2024-09-01,65,14120.54,42893.5,principal
SKU_1553_DEN,2024-09-01,77,6161.4,19627.3,principal
SKU_1553_HOT,2024-09-01,108,8641.97,27529.2,principal
SKU_1554_PIS,2024-09-01,196,58436.29,202840.4,principal
SKU_1554_SKY,2024-09-01,105,31305.16,108664.5,principal
SKU_1555_FUC,2024-09-01,67,3629.96,12723.3,principal
SKU_1555_RAS,2024-09-01,163,8831.09,30953.7,principal
SKU_1556_SAL,2024-09-01,102,6207.24,20899.8,principal
SKU_1556_HUN,2024-09-01,118,7180.93,24178.2,principal
SKU_1557_TUR,2024-09-01,101,7262.31,20189.9,principal
SKU_1557_SAG,2024-09-01,70,5033.28,13993.0,principal
SKU_1558_CLE,2024-09-01,169,21208.48,55753.1,principal
SKU_1559_BLU,2024-09-01,158,73198.46,189584.2,principal
SKU_1560_CRE,2024-09-01,71,5256.63,15967.9,principal
SKU_1561_LIM,2024-09-01,79,8858.19,27642.1,principal
SKU_1561_VAN,2024-09-01,183,20519.6,64031.7,principal
SKU_1562_CLO,2024-09-01,164,15821.08,50823.6,principal
SKU_1563_WHI,2024-09-01,69,2764.71,10343.1,principal
SKU_1563_MEX,2024-09-01,108,4327.37,16189.2,principal
SKU_1564_BLA,2024-09-01,103,19260.82,60759.7,principal
SKU_1564_NAV,2024-09-01,163,30480.72,96153.7,principal
SKU_1565_LIG,2024-09-01,178,25138.01,64062.2,principal
SKU_1565_BAB,2024-09-01,98,13840.03,35270.2,principal
SKU_1566_PEA,2024-09-01,80,31474.21,82792.0,principal
SKU_1566_POW,2024-09-01,114,44850.74,117978.6,principal
SKU_1567_PRI,2024-09-01,167,37928.22,115213.3,principal
SKU_1567_POW,2024-09-01,207,47012.82,142809.3,principal
SKU_1568_FRE,2024-09-01,111,8291.5,26073.9,principal
SKU_1568_PIN,2024-09-01,104,7768.61,24429.6,principal
SKU_1569_WHI,2024-09-01,172,12027.65,37822.8,principal
SKU_1569_PAS,2024-09-01,61,4265.62,13413.9,principal
SKU_1570_MEX,2024-09-01,183,41602.89,130826.7,principal
SKU_1570_HON,2024-09-01,82,18641.73,58621.8,principal
SKU_1571_WHI,2024-09-01,98,7108.16,24490.2,principal
SKU_1571_BIR,2024-09-01,118,8558.81,29488.2,principal
SKU_1572_BAL,2024-09-01,175,7139.3,24482.5,principal
SKU_1572_MAR,2024-09-01,62,2529.35,8673.8,principal
SKU_1573_MIN,2024-09-01,184,55499.56,188581.6,principal
SKU_1573_SAG,2024-09-01,70,21113.96,71743.0,principal
SKU_1574_GAR,2024-09-01,69,12396.22,41738.1,principal
SKU_1574_COB,2024-09-01,71,12755.53,42947.9,principal
SKU_1575_JAD,2024-09-01,70,23030.56,60543.0,principal
SKU_1575_AQU,2024-09-01,106,34874.84,91679.4,principal
SKU_1576_AQU,2024-09-01,75,6046.58,18367.5,principal
SKU_1576_BLU,2024-09-01,68,5482.23,16653.2,principal
SKU_1577_HUN,2024-09-01,98,4983.12,15670.2,principal
SKU_1578_PAS,2024-09-01,125,5139.64,15612.5,principal
SKU_1579_DEN,2024-09-01,102,7719.67,23449.8,principal
SKU_1579_SAG,2024-09-01,112,8476.5,25748.8,principal
SKU_1580_WHI,2024-09-01,153,9239.39,29054.7,principal
SKU_1580_MOS,2024-09-01,107,6461.54,20319.3,principal
SKU_1581_BIR,2024-09-01,122,28603.65,104297.8,principal
SKU_1581_COB,2024-09-01,78,18287.58,66682.2,principal
SKU_1582_WHI,2024-09-01,192,12940.39,44140.8,principal
SKU_1582_PAS,2024-09-01,72,4852.65,16552.8,principal
SKU_1583_WHI,2024-09-01,82,5587.05,20901.8,principal
SKU_1583_BLU,2024-09-01,105,7154.15,26764.5,principal
SKU_1584_AQU,2024-09-01,83,5018.37,15346.7,principal
SKU_1584_FLA,2024-09-01,73,4413.75,13497.7,principal
SKU_1585_COR,2024-09-01,68,8535.96,21753.2,principal
SKU_1585_BLA,2024-09-01,76,9540.19,24312.4,principal
SKU_1586_JAD,2024-09-01,74,8577.4,22562.6,principal
SKU_1586_EGR,2024-09-01,170,19704.83,51833.0,principal
SKU_1587_DEE,2024-09-01,106,7749.47,24369.4,principal
SKU_1587_LIG,2024-09-01,76,5556.22,17472.4,principal
SKU_1588_PAS,2024-09-01,58,9035.72,28414.2,principal
SKU_1588_CRE,2024-09-01,184,28665.03,90141.6,principal
SKU_1589_TUR,2024-09-01,76,17103.56,51672.4,principal
SKU_1589_CER,2024-09-01,92,20704.31,62550.8,principal
SKU_1590_MYS,2024-09-01,186,11627.8,35321.4,principal
SKU_1590_HOT,2024-09-01,68,4251.03,12913.2,principal
SKU_1591_MYS,2024-09-01,180,50937.88,160182.0,principal
SKU_1592_CER,2024-09-01,66,4405.38,13853.4,principal
SKU_1592_SAG,2024-09-01,93,6207.58,19520.7,principal
SKU_1593_LIG,2024-09-01,72,3453.26,10432.8,principal
SKU_1593_FUC,2024-09-01,70,3357.33,10143.0,principal
SKU_1594_BAL,2024-09-01,77,12671.67,38492.3,principal
SKU_1594_WHI,2024-09-01,108,17773.24,53989.2,principal
SKU_1595_FLA,2024-09-01,92,9132.55,27590.8,principal
SKU_1595_MYS,2024-09-01,97,9628.89,29090.3,principal
SKU_1596_BIR,2024-09-01,107,9683.19,29414.3,principal
SKU_1596_CER,2024-09-01,71,6425.29,19517.9,principal
SKU_1597_SHO,2024-09-01,194,32690.59,102800.6,principal
SKU_1597_FLA,2024-09-01,76,12806.62,40272.4,principal
SKU_1598_NAV,2024-09-01,72,11216.75,35272.8,principal
SKU_1598_DUS,2024-09-01,95,14799.88,46540.5,principal
SKU_1599_WHI,2024-09-01,172,26606.87,80822.8,principal
SKU_1599_CER,2024-09-01,76,11756.52,35712.4,principal
SKU_1600_LIG,2024-09-01,156,20280.17,61604.4,principal
SKU_1600_SHO,2024-09-01,164,21320.18,64763.6,principal
SKU_1601_EME,2024-09-01,197,47920.62,144775.3,principal
SKU_1601_AQU,2024-09-01,98,23838.69,72020.2,principal
SKU_1602_AQU,2024-09-01,179,12190.75,41152.1,principal
SKU_1602_PAS,2024-09-01,61,4154.39,14023.9,principal
SKU_1603_BUB,2024-09-01,159,32953.26,118439.1,principal
SKU_1604_CLE,2024-09-01,114,18432.63,68958.6,principal
SKU_1604_SNO,2024-09-01,164,26517.12,99203.6,principal
SKU_1605_VAN,2024-09-01,95,6204.48,20890.5,principal
SKU_1605_COR,2024-09-01,107,6988.2,23529.3,principal
SKU_1606_COB,2024-09-01,91,35185.91,98725.9,principal
SKU_1606_SEA,2024-09-01,69,26679.43,74858.1,principal
SKU_1607_GAR,2024-09-01,180,17868.04,53982.0,principal
SKU_1607_MAR,2024-09-01,80,7941.35,23992.0,principal
SKU_1608_WHI,2024-09-01,106,10639.55,32319.4,principal
SKU_1608_MID,2024-09-01,174,17464.92,53052.6,principal
SKU_1609_LIM,2024-09-01,156,13389.2,42104.4,principal
SKU_1609_SAP,2024-09-01,73,6265.46,19702.7,principal
SKU_1610_PRI,2024-09-01,81,4930.4,14976.9,principal
SKU_1610_MEX,2024-09-01,80,4869.53,14792.0,principal
SKU_1611_MID,2024-09-01,63,4560.64,13853.7,principal
SKU_1611_BRI,2024-09-01,60,4343.46,13194.0,principal
SKU_1612_PAL,2024-09-01,83,8445.24,27381.7,principal
SKU_1612_SNO,2024-09-01,165,16788.73,54433.5,principal
SKU_1613_BIR,2024-09-01,76,4091.82,14432.4,principal
SKU_1613_AQU,2024-09-01,115,6191.57,21838.5,principal
SKU_1614_VAN,2024-09-01,104,13200.72,46269.6,principal
SKU_1614_IVO,2024-09-01,184,23355.11,81861.6,principal
SKU_1615_MOS,2024-09-01,166,24463.97,77173.4,principal
SKU_1615_SHO,2024-09-01,162,23874.47,75313.8,principal
SKU_1616_SER,2024-09-01,69,26901.17,70718.1,principal
SKU_1616_COR,2024-09-01,92,35868.22,94290.8,principal
SKU_1617_MIN,2024-09-01,189,11848.1,31166.1,principal
SKU_1618_SAL,2024-09-01,170,10122.97,30583.0,principal
SKU_1618_SAP,2024-09-01,181,10777.99,32561.9,principal
SKU_1619_IVO,2024-09-01,116,7633.62,23188.4,principal
SKU_1619_PAS,2024-09-01,166,10923.98,33183.4,principal
SKU_1620_SAG,2024-09-01,65,5699.32,17218.5,principal
SKU_1621_PAS,2024-09-01,135,10496.51,31711.5,principal
SKU_1622_VAN,2024-09-01,71,5823.76,19162.9,principal
SKU_1622_CLO,2024-09-01,60,4921.48,16194.0,principal
SKU_1623_SER,2024-09-01,172,45016.84,157362.8,principal
SKU_1624_PRI,2024-09-01,100,6177.36,20990.0,principal
SKU_1624_ARM,2024-09-01,81,5003.66,17001.9,principal
SKU_1625_GAR,2024-09-01,90,5845.8,18441.0,principal
SKU_1625_DUS,2024-09-01,191,12406.08,39135.9,principal
SKU_1626_BAB,2024-09-01,75,15403.35,40492.5,principal
SKU_1626_DEN,2024-09-01,114,23413.09,61548.6,principal
SKU_1627_BAB,2024-09-01,114,12448.45,37608.6,principal
SKU_1627_MOS,2024-09-01,93,10155.31,30680.7,principal
SKU_1628_PEA,2024-09-01,120,21723.25,65988.0,principal
SKU_1628_POW,2024-09-01,74,13396.0,40692.6,principal
SKU_1629_CLO,2024-09-01,67,5430.9,17078.3,principal
SKU_1629_ARM,2024-09-01,73,5917.25,18607.7,principal
SKU_1630_SNO,2024-09-01,97,10752.63,32485.3,principal
SKU_1631_BAL,2024-09-01,169,9668.19,30403.1,principal
SKU_1631_SNO,2024-09-01,157,8981.69,28244.3,principal
SKU_1632_SAP,2024-09-01,81,4957.35,14976.9,principal
SKU_1632_SPA,2024-09-01,84,5140.96,15531.6,principal
SKU_1633_SER,2024-09-01,162,12101.11,38053.8,principal
SKU_1633_DEN,2024-09-01,71,5303.57,16677.9,principal
SKU_1634_NAV,2024-09-01,107,34705.12,104849.3,principal
SKU_1635_TEA,2024-09-01,64,12310.92,38713.6,principal
SKU_1635_SAG,2024-09-01,161,30969.67,97388.9,principal
SKU_1636_LIG,2024-09-01,65,9412.98,28593.5,principal
SKU_1636_SHO,2024-09-01,71,10281.87,31232.9,principal
SKU_1637_BLU,2024-09-01,76,22232.14,69912.4,principal
SKU_1637_WHI,2024-09-01,69,20184.45,63473.1,principal
SKU_1638_PEA,2024-09-01,158,57273.14,180104.2,principal
SKU_1638_SAP,2024-09-01,60,21749.29,68394.0,principal
SKU_1639_FRE,2024-09-01,85,5133.0,16141.5,principal
SKU_1639_WHI,2024-09-01,178,10749.1,33802.2,principal
SKU_1640_IVO,2024-09-01,78,5646.5,17152.2,principal
SKU_1640_TEA,2024-09-01,158,11437.79,34744.2,principal
SKU_1641_MEX,2024-09-01,175,18080.68,56857.5,principal
SKU_1642_OFF,2024-09-01,183,13622.87,41156.7,principal
SKU_1642_SAL,2024-09-01,82,6104.24,18441.8,principal
SKU_1643_PAS,2024-09-01,192,13220.17,43180.8,principal
SKU_1643_EGR,2024-09-01,66,4544.43,14843.4,principal
SKU_1644_BAB,2024-09-01,79,7265.63,25272.1,principal
SKU_1644_PEA,2024-09-01,158,14531.26,50544.2,principal
SKU_1645_MYS,2024-09-01,185,21106.92,73981.5,principal
SKU_1645_MIN,2024-09-01,183,20878.74,73181.7,principal
SKU_1646_BLU,2024-09-01,66,4286.92,13523.4,principal
SKU_1646_CLE,2024-09-01,95,6170.56,19465.5,principal
SKU_1647_BLA,2024-09-01,184,20432.34,62541.6,principal
SKU_1647_ARM,2024-09-01,97,10771.4,32970.3,principal
SKU_1648_RAS,2024-09-01,115,28686.1,80488.5,principal
SKU_1649_FLA,2024-09-01,73,5645.02,17147.7,principal
SKU_1649_GAR,2024-09-01,178,13764.58,41812.2,principal
SKU_1650_OLI,2024-09-01,176,56242.24,176862.4,principal
SKU_1650_EGR,2024-09-01,66,21090.84,66323.4,principal
SKU_1651_PAS,2024-09-01,93,8154.42,24635.7,principal
SKU_1651_SAL,2024-09-01,70,6137.73,18543.0,principal
SKU_1652_TEA,2024-09-01,176,11900.6,38702.4,principal
SKU_1652_MOS,2024-09-01,88,5950.3,19351.2,principal
SKU_1653_ROS,2024-09-01,189,21726.86,68021.1,principal
SKU_1653_BAB,2024-09-01,71,8161.94,25552.9,principal
SKU_1654_CRE,2024-09-01,102,9248.74,31609.8,principal
SKU_1654_NAV,2024-09-01,174,15777.27,53922.6,principal
SKU_1655_SNO,2024-09-01,124,25856.72,79967.6,principal
SKU_1655_TEA,2024-09-01,53,11051.66,34179.7,principal
SKU_1656_FUC,2024-09-01,76,6454.59,17852.4,principal
SKU_1656_SNO,2024-09-01,124,10531.17,29127.6,principal
SKU_1657_SPA,2024-09-01,180,13719.25,38682.0,principal
SKU_1657_EME,2024-09-01,71,5411.48,15257.9,principal
SKU_1658_BAB,2024-09-01,66,22123.18,58073.4,principal
SKU_1658_MYS,2024-09-01,109,36536.76,95909.1,principal
SKU_1659_MOS,2024-09-01,114,38673.58,116838.6,principal
SKU_1659_SNO,2024-09-01,101,34263.43,103514.9,principal
SKU_1660_NAV,2024-09-01,81,8396.87,25506.9,principal
SKU_1660_MAG,2024-09-01,177,18348.72,55737.3,principal
SKU_1661_WHI,2024-09-01,161,52752.76,159373.9,principal
SKU_1661_CER,2024-09-01,98,32110.38,97010.2,principal
SKU_1662_PIS,2024-09-01,112,6948.21,22388.8,principal
SKU_1662_LIG,2024-09-01,109,6762.09,21789.1,principal
SKU_1663_SNO,2024-09-01,167,42627.34,132748.3,principal
SKU_1663_FLA,2024-09-01,172,43903.61,136722.8,principal
SKU_1664_PIN,2024-09-01,199,19814.58,65650.1,principal
SKU_1664_MIN,2024-09-01,162,16130.46,53443.8,principal
SKU_1665_SAG,2024-09-01,91,6733.79,22740.9,principal
SKU_1665_RAS,2024-09-01,115,8509.73,28738.5,principal
SKU_1666_FUC,2024-09-01,107,30016.81,85589.3,principal
SKU_1666_PAS,2024-09-01,169,47409.73,135183.1,principal
SKU_1667_LIG,2024-09-01,62,4735.93,13013.8,principal
SKU_1667_MID,2024-09-01,75,5728.95,15742.5,principal
SKU_1668_DEN,2024-09-01,188,19679.95,50741.2,principal
SKU_1668_VAN,2024-09-01,59,6176.15,15924.1,principal
SKU_1669_COR,2024-09-01,67,5167.18,13393.3,principal
SKU_1669_TEA,2024-09-01,123,9486.01,24587.7,principal
SKU_1670_SAP,2024-09-01,87,4172.69,12606.3,principal
SKU_1671_SEA,2024-09-01,98,10349.5,34290.2,principal
SKU_1671_MIN,2024-09-01,112,11828.0,39188.8,principal
SKU_1672_TEA,2024-09-01,101,9413.49,29784.9,principal
SKU_1672_FOR,2024-09-01,93,8667.87,27425.7,principal
SKU_1673_PEA,2024-09-01,72,10033.84,29512.8,principal
SKU_1673_FUC,2024-09-01,172,23969.72,70502.8,principal
SKU_1674_PAS,2024-09-01,165,13804.61,37933.5,principal
SKU_1674_WHI,2024-09-01,177,14808.58,40692.3,principal
SKU_1675_CRE,2024-09-01,177,44813.2,135387.3,principal
SKU_1675_DEN,2024-09-01,86,21773.64,65781.4,principal
SKU_1676_PIN,2024-09-01,72,4027.04,12232.8,principal
SKU_1676_NAV,2024-09-01,80,4474.49,13592.0,principal
SKU_1677_POW,2024-09-01,107,23646.65,60979.3,principal
SKU_1677_VAN,2024-09-01,177,39116.42,100872.3,principal
SKU_1678_LIG,2024-09-01,72,18987.8,51472.8,principal
SKU_1678_MAG,2024-09-01,72,18987.8,51472.8,principal
SKU_1679_SHO,2024-09-01,105,36169.29,96589.5,principal
SKU_1000_COR,2024-10-01,0,0.0,0.0,principal
SKU_1000_EME,2024-10-01,134,8007.44,27456.6,principal
SKU_1000_ROY,2024-10-01,179,10696.51,36677.1,principal
SKU_1001_AQU,2024-10-01,92,23113.64,86470.8,principal
SKU_1001_SAP,2024-10-01,165,41453.82,155083.5,principal
SKU_1002_COR,2024-10-01,63,4839.17,14798.7,principal
SKU_1002_MYS,2024-10-01,59,4531.93,13859.1,principal
SKU_1003_SNO,2024-10-01,120,17182.41,43788.0,principal
SKU_1003_DUS,2024-10-01,160,22909.88,58384.0,principal
SKU_1004_FOR,2024-10-01,0,0.0,0.0,principal
SKU_1004_MEX,2024-10-01,97,11058.97,29090.3,principal
SKU_1005_OLI,2024-10-01,0,0.0,0.0,principal
SKU_1005_MYS,2024-10-01,0,0.0,0.0,principal
SKU_1006_MOS,2024-10-01,90,5434.94,17091.0,principal
SKU_1006_FOR,2024-10-01,81,4891.44,15381.9,principal
SKU_1007_COB,2024-10-01,148,13879.17,43645.2,principal
SKU_1007_FOR,2024-10-01,130,12191.17,38337.0,principal
SKU_1008_MEX,2024-10-01,146,15701.12,47435.4,principal
SKU_1008_WHI,2024-10-01,123,13227.65,39962.7,principal
SKU_1009_BAB,2024-10-01,169,24035.27,87018.1,principal
SKU_1009_MAG,2024-10-01,0,0.0,0.0,principal
SKU_1010_SNO,2024-10-01,120,13584.31,45588.0,principal
SKU_1010_BRI,2024-10-01,0,0.0,0.0,principal
SKU_1011_CER,2024-10-01,72,5001.93,18712.8,principal
SKU_1011_MIN,2024-10-01,54,3751.45,14034.6,principal
SKU_1012_VAN,2024-10-01,124,35719.48,120267.6,principal
SKU_1012_CLO,2024-10-01,157,45225.47,152274.3,principal
SKU_1013_LIG,2024-10-01,92,6295.92,16550.8,principal
SKU_1013_LIG,2024-10-01,92,6295.92,16550.8,principal
SKU_1014_FLA,2024-10-01,135,17869.53,53986.5,principal
SKU_1014_MIN,2024-10-01,155,20516.87,61984.5,principal
SKU_1015_ROY,2024-10-01,152,47036.69,142104.8,principal
SKU_1015_TUR,2024-10-01,51,15782.05,47679.9,principal
SKU_1016_HON,2024-10-01,55,3912.25,11819.5,principal
SKU_1016_SNO,2024-10-01,0,0.0,0.0,principal
SKU_1017_PAS,2024-10-01,164,7817.58,24583.6,principal
SKU_1017_BAL,2024-10-01,87,4147.13,13041.3,principal
SKU_1018_TEA,2024-10-01,158,6024.26,18944.2,principal
SKU_1018_ARM,2024-10-01,165,6291.15,19783.5,principal
SKU_1019_NAV,2024-10-01,65,5348.93,17218.5,principal
SKU_1019_GAR,2024-10-01,81,6665.59,21456.9,principal
SKU_1020_NAV,2024-10-01,54,3285.01,10794.6,principal
SKU_1020_LIG,2024-10-01,100,6083.36,19990.0,principal
SKU_1021_CRE,2024-10-01,87,6625.38,24786.3,principal
SKU_1021_PAS,2024-10-01,176,13403.06,50142.4,principal
SKU_1022_PAL,2024-10-01,142,14854.24,45425.8,principal
SKU_1022_DEN,2024-10-01,63,6590.26,20153.7,principal
SKU_1023_DEN,2024-10-01,142,15596.25,39745.8,principal
SKU_1023_FOR,2024-10-01,180,19769.9,50382.0,principal
SKU_1024_VAN,2024-10-01,165,13166.27,34633.5,principal
SKU_1024_DEN,2024-10-01,76,6064.46,15952.4,principal
SKU_1025_WHI,2024-10-01,119,18349.59,57703.1,principal
SKU_1025_MIN,2024-10-01,104,16036.61,50429.6,principal
SKU_1026_CLO,2024-10-01,0,0.0,0.0,principal
SKU_1026_SPA,2024-10-01,62,8468.27,25723.8,principal
SKU_1027_MAR,2024-10-01,189,25236.83,79361.1,principal
SKU_1027_BIR,2024-10-01,174,23233.91,73062.6,principal
SKU_1028_BLU,2024-10-01,99,19830.51,62360.1,principal
SKU_1028_AQU,2024-10-01,59,11818.18,37164.1,principal
SKU_1029_BLU,2024-10-01,179,13940.2,43837.1,principal
SKU_1029_BAL,2024-10-01,76,5918.74,18612.4,principal
SKU_1030_CRE,2024-10-01,92,19013.47,59790.8,principal
SKU_1030_DEN,2024-10-01,69,14260.11,44843.1,principal
SKU_1031_COR,2024-10-01,154,24207.55,73134.6,principal
SKU_1031_HON,2024-10-01,0,0.0,0.0,principal
SKU_1032_EME,2024-10-01,153,16780.76,52769.7,principal
SKU_1032_HON,2024-10-01,154,16890.44,53114.6,principal
SKU_1033_NAV,2024-10-01,164,33893.58,106583.6,principal
SKU_1033_LIM,2024-10-01,111,22940.17,72138.9,principal
SKU_1034_PAS,2024-10-01,87,6154.82,18696.3,principal
SKU_1034_PIS,2024-10-01,109,7711.21,23424.1,principal
SKU_1035_SAP,2024-10-01,172,35820.41,112642.8,principal
SKU_1035_FUC,2024-10-01,160,33321.31,104784.0,principal
SKU_1036_BIR,2024-10-01,80,19749.37,59992.0,principal
SKU_1036_MID,2024-10-01,88,21724.3,65991.2,principal
SKU_1037_PRI,2024-10-01,54,3604.4,11334.6,principal
SKU_1037_SPA,2024-10-01,107,7142.06,22459.3,principal
SKU_1038_LIG,2024-10-01,51,4133.97,12999.9,principal
SKU_1038_FLA,2024-10-01,116,9402.75,29568.4,principal
SKU_1039_ARM,2024-10-01,71,3640.3,10997.9,principal
SKU_1039_MIN,2024-10-01,87,4460.66,13476.3,principal
SKU_1040_BLA,2024-10-01,85,9145.21,29741.5,principal
SKU_1040_BAB,2024-10-01,85,9145.21,29741.5,principal
SKU_1041_EME,2024-10-01,106,6936.18,23309.4,principal
SKU_1041_SNO,2024-10-01,66,4318.75,14513.4,principal
SKU_1042_SEA,2024-10-01,124,11491.71,39047.6,principal
SKU_1042_EME,2024-10-01,163,15106.04,51328.7,principal
SKU_1043_SPA,2024-10-01,55,14291.49,48119.5,principal
SKU_1043_CER,2024-10-01,78,20267.93,68242.2,principal
SKU_1044_SER,2024-10-01,186,60841.71,159941.4,principal
SKU_1044_COR,2024-10-01,125,40888.24,107487.5,principal
SKU_1045_FOR,2024-10-01,50,4845.14,12745.0,principal
SKU_1045_BUB,2024-10-01,131,12694.26,33391.9,principal
SKU_1046_SNO,2024-10-01,0,0.0,0.0,principal
SKU_1046_PAS,2024-10-01,74,3916.59,11832.6,principal
SKU_1047_ROY,2024-10-01,168,11672.12,35263.2,principal
SKU_1047_DEE,2024-10-01,62,4307.57,13013.8,principal
SKU_1048_MAR,2024-10-01,146,11530.36,35025.4,principal
SKU_1048_PEA,2024-10-01,0,0.0,0.0,principal
SKU_1049_BAL,2024-10-01,153,38022.5,115499.7,principal
SKU_1049_LIG,2024-10-01,176,43738.3,132862.4,principal
SKU_1050_BUB,2024-10-01,0,0.0,0.0,principal
SKU_1050_PRI,2024-10-01,154,13693.84,46954.6,principal
SKU_1051_CLE,2024-10-01,126,28734.56,94487.4,principal
SKU_1051_LIG,2024-10-01,170,38768.86,127483.0,principal
SKU_1052_PAS,2024-10-01,142,13162.54,46135.8,principal
SKU_1052_FRE,2024-10-01,112,10381.72,36388.8,principal
SKU_1053_SHO,2024-10-01,0,0.0,0.0,principal
SKU_1053_NAV,2024-10-01,59,6171.83,18874.1,principal
SKU_1054_DEE,2024-10-01,105,13281.07,37264.5,principal
SKU_1054_PAS,2024-10-01,72,9107.02,25552.8,principal
SKU_1055_LIG,2024-10-01,188,70622.56,213361.2,principal
SKU_1055_PAL,2024-10-01,0,0.0,0.0,principal
SKU_1056_CRE,2024-10-01,135,10496.51,31711.5,principal
SKU_1056_OLI,2024-10-01,162,12595.81,38053.8,principal
SKU_1057_ROY,2024-10-01,58,3530.41,10724.2,principal
SKU_1057_SNO,2024-10-01,0,0.0,0.0,principal
SKU_1058_MID,2024-10-01,66,4090.56,12863.4,principal
SKU_1058_SHO,2024-10-01,122,7561.34,23777.8,principal
SKU_1059_PEA,2024-10-01,92,8773.87,27590.8,principal
SKU_1059_OFF,2024-10-01,156,14877.44,46784.4,principal
SKU_1060_CRE,2024-10-01,142,48444.87,157605.8,principal
SKU_1060_LIM,2024-10-01,59,20128.5,65484.1,principal
SKU_1061_PAS,2024-10-01,153,17694.95,62714.7,principal
SKU_1061_EGR,2024-10-01,60,6939.2,24594.0,principal
SKU_1062_OLI,2024-10-01,166,9467.22,33183.4,principal
SKU_1062_MID,2024-10-01,130,7414.09,25987.0,principal
SKU_1063_SNO,2024-10-01,111,6506.08,20523.9,principal
SKU_1063_SAP,2024-10-01,60,3516.8,11094.0,principal
SKU_1064_PRI,2024-10-01,100,6768.04,18990.0,principal
SKU_1064_BIR,2024-10-01,140,9475.25,26586.0,principal
SKU_1065_CLE,2024-10-01,141,29934.45,90930.9,principal
SKU_1065_COB,2024-10-01,126,26749.94,81257.4,principal
SKU_1066_IVO,2024-10-01,173,10301.61,31122.7,principal
SKU_1066_WHI,2024-10-01,80,4763.75,14392.0,principal
SKU_1067_EME,2024-10-01,79,6654.82,20927.1,principal
SKU_1067_WHI,2024-10-01,74,6233.63,19602.6,principal
SKU_1068_COR,2024-10-01,75,19733.39,59617.5,principal
SKU_1068_BAL,2024-10-01,0,0.0,0.0,principal
SKU_1069_OLI,2024-10-01,0,0.0,0.0,principal
SKU_1069_CRE,2024-10-01,88,15434.93,46631.2,principal
SKU_1070_LIG,2024-10-01,0,0.0,0.0,principal
SKU_1070_MID,2024-10-01,153,17466.77,52769.7,principal
SKU_1071_BAB,2024-10-01,176,15637.79,47502.4,principal
SKU_1071_SKY,2024-10-01,146,12972.26,39405.4,principal
SKU_1072_PAS,2024-10-01,152,23138.49,69904.8,principal
SKU_1072_CER,2024-10-01,133,20246.18,61166.7,principal
SKU_1073_FRE,2024-10-01,91,9635.71,29110.9,principal
SKU_1073_BLU,2024-10-01,116,12282.88,37108.4,principal
SKU_1074_JAD,2024-10-01,137,9241.07,28071.3,principal
SKU_1074_PRI,2024-10-01,174,11736.84,35652.6,principal
SKU_1075_NAV,2024-10-01,101,9311.01,29279.9,principal
SKU_1075_LIG,2024-10-01,166,15303.24,48123.4,principal
SKU_1076_BLU,2024-10-01,0,0.0,0.0,principal
SKU_1076_POW,2024-10-01,140,9904.31,30086.0,principal
SKU_1077_NAV,2024-10-01,65,4752.03,14943.5,principal
SKU_1077_MAR,2024-10-01,84,6141.09,19311.6,principal
SKU_1078_GAR,2024-10-01,0,0.0,0.0,principal
SKU_1078_BLU,2024-10-01,161,15866.26,49893.9,principal
SKU_1079_BAB,2024-10-01,103,9321.2,28314.7,principal
SKU_1079_JAD,2024-10-01,153,13846.05,42059.7,principal
SKU_1080_TEA,2024-10-01,109,16460.98,51764.1,principal
SKU_1080_MAR,2024-10-01,72,10873.31,34192.8,principal
SKU_1081_EGR,2024-10-01,58,5096.24,16234.2,principal
SKU_1081_PAS,2024-10-01,125,10983.28,34987.5,principal
SKU_1082_PIN,2024-10-01,156,10068.58,32744.4,principal
SKU_1082_LIG,2024-10-01,172,11101.25,36102.8,principal
SKU_1083_OFF,2024-10-01,56,7579.52,25754.4,principal
SKU_1083_BAB,2024-10-01,133,18001.36,61166.7,principal
SKU_1084_DUS,2024-10-01,63,20392.93,62363.7,principal
SKU_1084_PAS,2024-10-01,81,26219.48,80181.9,principal
SKU_1085_COB,2024-10-01,114,18618.18,56988.6,principal
SKU_1085_CRE,2024-10-01,84,13718.66,41991.6,principal
SKU_1086_PRI,2024-10-01,177,15620.38,39807.3,principal
SKU_1086_CRE,2024-10-01,72,6354.05,16192.8,principal
SKU_1087_BIR,2024-10-01,84,12158.91,31491.6,principal
SKU_1087_SNO,2024-10-01,142,20554.34,53235.8,principal
SKU_1088_CER,2024-10-01,130,30594.86,92937.0,principal
SKU_1088_HON,2024-10-01,141,33183.66,100800.9,principal
SKU_1089_GAR,2024-10-01,180,17545.68,60282.0,principal
SKU_1089_EGR,2024-10-01,120,11697.12,40188.0,principal
SKU_1090_PAL,2024-10-01,175,7580.7,23607.5,principal
SKU_1090_WHI,2024-10-01,88,3812.01,11871.2,principal
SKU_1091_OFF,2024-10-01,65,5471.23,20468.5,principal
SKU_1091_MOS,2024-10-01,126,10605.77,39677.4,principal
SKU_1092_TUR,2024-10-01,142,15318.58,46845.8,principal
SKU_1092_MIN,2024-10-01,186,20065.18,61361.4,principal
SKU_1093_GAR,2024-10-01,0,0.0,0.0,principal
SKU_1093_TEA,2024-10-01,83,34459.14,96686.7,principal
SKU_1094_FOR,2024-10-01,80,7143.97,18792.0,principal
SKU_1094_DEE,2024-10-01,179,15984.63,42047.1,principal
SKU_1095_COB,2024-10-01,139,18527.74,56281.1,principal
SKU_1095_MAG,2024-10-01,0,0.0,0.0,principal
SKU_1096_HOT,2024-10-01,139,12807.89,38906.1,principal
SKU_1096_CLE,2024-10-01,53,4883.58,14834.7,principal
SKU_1097_AQU,2024-10-01,0,0.0,0.0,principal
SKU_1097_PAL,2024-10-01,126,8962.62,27077.4,principal
SKU_1098_HON,2024-10-01,0,0.0,0.0,principal
SKU_1098_HUN,2024-10-01,161,18380.07,55528.9,principal
SKU_1099_SAL,2024-10-01,61,4564.04,15243.9,principal
SKU_1099_PRI,2024-10-01,84,6284.91,20991.6,principal
SKU_1100_PEA,2024-10-01,78,3940.29,14422.2,principal
SKU_1100_COB,2024-10-01,0,0.0,0.0,principal
SKU_1101_CLE,2024-10-01,0,0.0,0.0,principal
SKU_1101_DEE,2024-10-01,120,13308.33,49788.0,principal
SKU_1102_FLA,2024-10-01,189,54443.4,183311.1,principal
SKU_1102_OFF,2024-10-01,136,39176.2,131906.4,principal
SKU_1103_EGR,2024-10-01,73,3607.22,9482.7,principal
SKU_1103_LIG,2024-10-01,51,2520.11,6624.9,principal
SKU_1104_POW,2024-10-01,73,4346.92,13132.7,principal
SKU_1104_MEX,2024-10-01,118,7026.53,21228.2,principal
SKU_1105_ARM,2024-10-01,0,0.0,0.0,principal
SKU_1105_SER,2024-10-01,172,11601.93,35242.8,principal
SKU_1106_MYS,2024-10-01,118,29264.97,92028.2,principal
SKU_1106_SNO,2024-10-01,78,19344.64,60832.2,principal
SKU_1107_BAL,2024-10-01,148,48473.12,147245.2,principal
SKU_1107_PAS,2024-10-01,52,17031.1,51734.8,principal
SKU_1108_PRI,2024-10-01,115,9512.44,28738.5,principal
SKU_1108_SNO,2024-10-01,97,8023.54,24240.3,principal
SKU_1109_SAG,2024-10-01,0,0.0,0.0,principal
SKU_1109_CER,2024-10-01,187,11790.36,42991.3,principal
SKU_1110_FLA,2024-10-01,157,9913.86,36094.3,principal
SKU_1110_HUN,2024-10-01,0,0.0,0.0,principal
SKU_1111_CRE,2024-10-01,46,2580.89,9655.4,principal
SKU_1111_BLU,2024-10-01,83,4656.82,17421.7,principal
SKU_1112_MIN,2024-10-01,110,8980.98,30239.0,principal
SKU_1112_EGR,2024-10-01,89,7266.43,24466.1,principal
SKU_1113_VAN,2024-10-01,0,0.0,0.0,principal
SKU_1113_OLI,2024-10-01,0,0.0,0.0,principal
SKU_1114_GAR,2024-10-01,91,12045.39,36390.9,principal
SKU_1114_PRI,2024-10-01,131,17340.06,52386.9,principal
SKU_1115_LIM,2024-10-01,135,9602.81,29011.5,principal
SKU_1115_TEA,2024-10-01,0,0.0,0.0,principal
SKU_1116_MOS,2024-10-01,92,7265.71,22070.8,principal
SKU_1116_SNO,2024-10-01,106,8371.36,25429.4,principal
SKU_1117_MOS,2024-10-01,113,8224.92,24848.7,principal
SKU_1117_MIN,2024-10-01,159,11573.12,34964.1,principal
SKU_1118_FUC,2024-10-01,111,10834.92,32733.9,principal
SKU_1118_DUS,2024-10-01,76,7418.5,22412.4,principal
SKU_1119_PAS,2024-10-01,63,2901.47,8813.7,principal
SKU_1119_LIG,2024-10-01,0,0.0,0.0,principal
SKU_1120_AQU,2024-10-01,76,5797.9,18232.4,principal
SKU_1120_SAL,2024-10-01,141,10756.64,33825.9,principal
SKU_1121_MYS,2024-10-01,126,10365.65,31487.4,principal
SKU_1121_MIN,2024-10-01,158,12998.2,39484.2,principal
SKU_1122_ROY,2024-10-01,93,13079.7,39515.7,principal
SKU_1122_PIS,2024-10-01,178,25034.26,75632.2,principal
SKU_1123_BAB,2024-10-01,72,10245.38,30952.8,principal
SKU_1123_SER,2024-10-01,0,0.0,0.0,principal
SKU_1124_BLU,2024-10-01,172,21510.85,65342.8,principal
SKU_1124_FOR,2024-10-01,137,17133.64,52046.3,principal
SKU_1125_MIN,2024-10-01,151,7948.5,24144.9,principal
SKU_1125_SAP,2024-10-01,86,4526.96,13751.4,principal
SKU_1126_WHI,2024-10-01,145,32871.78,99310.5,principal
SKU_1126_WHI,2024-10-01,145,32871.78,99310.5,principal
SKU_1127_SAL,2024-10-01,158,10397.52,31584.2,principal
SKU_1127_BLU,2024-10-01,68,4474.88,13593.2,principal
SKU_1128_PRI,2024-10-01,141,19026.41,57795.9,principal
SKU_1128_TEA,2024-10-01,0,0.0,0.0,principal
SKU_1129_VAN,2024-10-01,123,15670.43,47342.7,principal
SKU_1129_SAG,2024-10-01,78,9937.35,30022.2,principal
SKU_1130_CRE,2024-10-01,50,3701.48,12495.0,principal
SKU_1130_MEX,2024-10-01,123,9105.63,30737.7,principal
SKU_1131_CLO,2024-10-01,147,39847.97,130080.3,principal
SKU_1131_JAD,2024-10-01,63,17077.7,55748.7,principal
SKU_1132_NAV,2024-10-01,0,0.0,0.0,principal
SKU_1132_CLE,2024-10-01,181,9316.63,31656.9,principal
SKU_1133_MOS,2024-10-01,78,21078.74,70972.2,principal
SKU_1133_PEA,2024-10-01,158,42697.97,143764.2,principal
SKU_1134_DUS,2024-10-01,68,6001.05,15293.2,principal
SKU_1134_PIN,2024-10-01,163,14384.87,36658.7,principal
SKU_1135_ROS,2024-10-01,118,8070.11,21228.2,principal
SKU_1135_MAR,2024-10-01,82,5608.04,14751.8,principal
SKU_1136_SNO,2024-10-01,113,9296.18,28238.7,principal
SKU_1136_FUC,2024-10-01,60,4936.02,14994.0,principal
SKU_1137_DEE,2024-10-01,71,9141.83,28747.9,principal
SKU_1137_PAL,2024-10-01,149,19184.97,60330.1,principal
SKU_1138_PEA,2024-10-01,155,11085.32,34859.5,principal
SKU_1138_HON,2024-10-01,124,8868.26,27887.6,principal
SKU_1139_PRI,2024-10-01,111,10651.22,32178.9,principal
SKU_1139_EGR,2024-10-01,140,13433.97,40586.0,principal
SKU_1140_SNO,2024-10-01,149,8905.58,29785.1,principal
SKU_1140_ROS,2024-10-01,0,0.0,0.0,principal
SKU_1141_SKY,2024-10-01,73,8060.79,26637.7,principal
SKU_1141_CLE,2024-10-01,183,20207.18,66776.7,principal
SKU_1142_MIN,2024-10-01,86,7813.55,29231.4,principal
SKU_1142_PAS,2024-10-01,77,6995.86,26172.3,principal
SKU_1143_IVO,2024-10-01,131,8348.93,25531.9,principal
SKU_1143_SNO,2024-10-01,58,3696.47,11304.2,principal
SKU_1144_SEA,2024-10-01,147,18447.61,48495.3,principal
SKU_1144_BUB,2024-10-01,178,22337.92,58722.2,principal
SKU_1145_MOS,2024-10-01,115,17125.44,51738.5,principal
SKU_1145_LIG,2024-10-01,0,0.0,0.0,principal
SKU_1146_FRE,2024-10-01,61,9436.16,28663.9,principal
SKU_1146_CER,2024-10-01,134,20728.6,62966.6,principal
SKU_1147_COR,2024-10-01,182,21078.68,63681.8,principal
SKU_1147_MEX,2024-10-01,0,0.0,0.0,principal
SKU_1148_TEA,2024-10-01,88,12667.77,38271.2,principal
SKU_1148_SPA,2024-10-01,160,23032.3,69584.0,principal
SKU_1149_IVO,2024-10-01,108,5491.61,17269.2,principal
SKU_1149_OLI,2024-10-01,127,6457.72,20307.3,principal
SKU_1150_SAG,2024-10-01,135,26870.12,85711.5,principal
SKU_1150_VAN,2024-10-01,171,34035.48,108567.9,principal
SKU_1151_CRE,2024-10-01,128,31653.16,103667.2,principal
SKU_1151_JAD,2024-10-01,131,32395.03,106096.9,principal
SKU_1152_CLO,2024-10-01,176,47745.77,178622.4,principal
SKU_1152_WHI,2024-10-01,108,29298.54,109609.2,principal
SKU_1153_PEA,2024-10-01,167,18594.67,62608.3,principal
SKU_1153_MOS,2024-10-01,68,7571.48,25493.2,principal
SKU_1154_VAN,2024-10-01,93,19520.21,49745.7,principal
SKU_1154_PEA,2024-10-01,116,24347.79,62048.4,principal
SKU_1155_ARM,2024-10-01,146,43009.55,113135.4,principal
SKU_1155_BAB,2024-10-01,99,29164.01,76715.1,principal
SKU_1156_FLA,2024-10-01,162,14676.91,46153.8,principal
SKU_1156_EGR,2024-10-01,91,8244.44,25925.9,principal
SKU_1157_DEE,2024-10-01,128,8001.93,24307.2,principal
SKU_1157_PAS,2024-10-01,106,6626.6,20129.4,principal
SKU_1158_AQU,2024-10-01,168,36857.22,115903.2,principal
SKU_1158_MYS,2024-10-01,96,21061.27,66230.4,principal
SKU_1159_PAS,2024-10-01,95,5656.96,17090.5,principal
SKU_1159_PRI,2024-10-01,103,6133.33,18529.7,principal
SKU_1160_DUS,2024-10-01,157,10648.04,32169.3,principal
SKU_1160_LIM,2024-10-01,57,3865.85,11679.3,principal
SKU_1161_MEX,2024-10-01,87,12235.85,36966.3,principal
SKU_1161_DUS,2024-10-01,0,0.0,0.0,principal
SKU_1162_HOT,2024-10-01,169,40838.55,128423.1,principal
SKU_1162_BUB,2024-10-01,163,39388.66,123863.7,principal
SKU_1163_HUN,2024-10-01,140,11517.39,34986.0,principal
SKU_1163_SPA,2024-10-01,141,11599.66,35235.9,principal
SKU_1164_BRI,2024-10-01,166,10552.32,33183.4,principal
SKU_1164_MIN,2024-10-01,81,5149.02,16191.9,principal
SKU_1165_HUN,2024-10-01,0,0.0,0.0,principal
SKU_1165_MAR,2024-10-01,169,18266.91,57443.1,principal
SKU_1166_PIS,2024-10-01,85,16350.45,51416.5,principal
SKU_1166_FRE,2024-10-01,145,27891.94,87710.5,principal
SKU_1167_WHI,2024-10-01,105,24872.21,78214.5,principal
SKU_1167_JAD,2024-10-01,85,20134.65,63316.5,principal
SKU_1168_GAR,2024-10-01,140,35213.77,106386.0,principal
SKU_1168_BLU,2024-10-01,0,0.0,0.0,principal
SKU_1169_BUB,2024-10-01,124,7882.46,24787.6,principal
SKU_1169_MEX,2024-10-01,132,8391.0,26386.8,principal
SKU_1170_GAR,2024-10-01,110,32406.12,98439.0,principal
SKU_1170_OFF,2024-10-01,65,19149.07,58168.5,principal
SKU_1171_MIN,2024-10-01,68,3849.39,12573.2,principal
SKU_1171_EME,2024-10-01,128,7245.92,23667.2,principal
SKU_1172_ARM,2024-10-01,51,5632.31,18354.9,principal
SKU_1172_PIN,2024-10-01,53,5853.19,19074.7,principal
SKU_1173_GAR,2024-10-01,57,4946.98,16809.3,principal
SKU_1173_AQU,2024-10-01,61,5294.13,17988.9,principal
SKU_1174_PEA,2024-10-01,92,6121.52,19310.8,principal
SKU_1174_BLU,2024-10-01,79,5256.53,16582.1,principal
SKU_1175_FUC,2024-10-01,58,5114.23,15654.2,principal
SKU_1175_CLE,2024-10-01,77,6789.58,20782.3,principal
SKU_1176_GAR,2024-10-01,183,22617.33,59456.7,principal
SKU_1176_NAV,2024-10-01,165,20392.67,53608.5,principal
SKU_1177_MIN,2024-10-01,157,12399.09,37664.3,principal
SKU_1177_PEA,2024-10-01,97,7660.58,23270.3,principal
SKU_1178_RAS,2024-10-01,159,16174.78,50864.1,principal
SKU_1178_MID,2024-10-01,118,12003.93,37748.2,principal
SKU_1179_TUR,2024-10-01,123,13294.85,41807.7,principal
SKU_1179_VAN,2024-10-01,157,16969.85,53364.3,principal
SKU_1180_ROY,2024-10-01,147,22440.86,77895.3,principal
SKU_1180_AQU,2024-10-01,92,14044.62,48750.8,principal
SKU_1181_AQU,2024-10-01,169,15170.5,48993.1,principal
SKU_1181_SER,2024-10-01,116,10412.89,33628.4,principal
SKU_1182_BIR,2024-10-01,106,26870.94,89029.4,principal
SKU_1182_PIN,2024-10-01,112,28391.94,94068.8,principal
SKU_1183_POW,2024-10-01,107,23194.14,69539.3,principal
SKU_1183_MOS,2024-10-01,162,35116.36,105283.8,principal
SKU_1184_HOT,2024-10-01,128,15249.11,43507.2,principal
SKU_1184_BAB,2024-10-01,0,0.0,0.0,principal
SKU_1185_BAL,2024-10-01,76,28479.29,75232.4,principal
SKU_1185_MAG,2024-10-01,122,45716.75,120767.8,principal
SKU_1186_FLA,2024-10-01,0,0.0,0.0,principal
SKU_1186_MEX,2024-10-01,151,23606.9,71709.9,principal
SKU_1187_JAD,2024-10-01,79,8103.58,24482.1,principal
SKU_1187_OLI,2024-10-01,108,11078.31,33469.2,principal
SKU_1188_TEA,2024-10-01,57,4526.19,13674.3,principal
SKU_1188_BAB,2024-10-01,63,5002.63,15113.7,principal
SKU_1189_FUC,2024-10-01,0,0.0,0.0,principal
SKU_1189_ROY,2024-10-01,176,13684.33,41342.4,principal
SKU_1190_TEA,2024-10-01,87,14669.37,50451.3,principal
SKU_1190_MAG,2024-10-01,120,20233.62,69588.0,principal
SKU_1191_MIN,2024-10-01,52,2993.03,9614.8,principal
SKU_1191_MYS,2024-10-01,118,6791.87,21818.2,principal
SKU_1192_MAR,2024-10-01,79,5087.08,18557.1,principal
SKU_1192_RAS,2024-10-01,0,0.0,0.0,principal
SKU_1193_CLE,2024-10-01,108,15185.9,48049.2,principal
SKU_1193_ROS,2024-10-01,66,9280.27,29363.4,principal
SKU_1194_FLA,2024-10-01,105,8097.66,23089.5,principal
SKU_1194_SAG,2024-10-01,90,6940.85,19791.0,principal
SKU_1195_HUN,2024-10-01,114,18264.54,53568.6,principal
SKU_1195_SAL,2024-10-01,0,0.0,0.0,principal
SKU_1196_PEA,2024-10-01,0,0.0,0.0,principal
SKU_1196_RAS,2024-10-01,0,0.0,0.0,principal
SKU_1197_ROS,2024-10-01,95,24859.7,75515.5,principal
SKU_1197_COR,2024-10-01,57,14915.82,45309.3,principal
SKU_1198_SEA,2024-10-01,126,13418.77,42197.4,principal
SKU_1198_SAL,2024-10-01,64,6815.88,21433.6,principal
SKU_1199_PAL,2024-10-01,133,7652.83,27916.7,principal
SKU_1199_TEA,2024-10-01,114,6559.57,23928.6,principal
SKU_1200_MID,2024-10-01,176,9375.52,31662.4,principal
SKU_1200_PAS,2024-10-01,134,7138.18,24106.6,principal
SKU_1201_BIR,2024-10-01,0,0.0,0.0,principal
SKU_1201_SAG,2024-10-01,153,23631.83,74189.7,principal
SKU_1202_LIG,2024-10-01,160,47448.82,130384.0,principal
SKU_1202_CLE,2024-10-01,152,45076.38,123864.8,principal
SKU_1203_OFF,2024-10-01,0,0.0,0.0,principal
SKU_1203_FLA,2024-10-01,101,27889.34,76749.9,principal
SKU_1204_AQU,2024-10-01,44,5939.67,15395.6,principal
SKU_1204_MIN,2024-10-01,138,18628.96,48286.2,principal
SKU_1205_RAS,2024-10-01,109,28679.2,86644.1,principal
SKU_1205_COR,2024-10-01,82,21575.18,65181.8,principal
SKU_1206_HUN,2024-10-01,133,18265.14,55181.7,principal
SKU_1206_BLA,2024-10-01,53,7278.59,21989.7,principal
SKU_1207_POW,2024-10-01,113,37939.87,115248.7,principal
SKU_1207_BLA,2024-10-01,67,22495.32,68333.3,principal
SKU_1208_PAS,2024-10-01,84,20587.27,54171.6,principal
SKU_1208_MOS,2024-10-01,84,20587.27,54171.6,principal
SKU_1209_BLA,2024-10-01,117,12628.14,32748.3,principal
SKU_1209_DUS,2024-10-01,94,10145.68,26310.6,principal
SKU_1210_SHO,2024-10-01,112,8977.25,22948.8,principal
SKU_1210_WHI,2024-10-01,146,11702.49,29915.4,principal
SKU_1211_GAR,2024-10-01,169,17797.57,54063.1,principal
SKU_1211_CRE,2024-10-01,179,18850.68,57262.1,principal
SKU_1212_COB,2024-10-01,179,12517.15,39362.1,principal
SKU_1212_SNO,2024-10-01,97,6783.04,21330.3,principal
SKU_1213_MAG,2024-10-01,95,27361.62,83115.5,principal
SKU_1213_POW,2024-10-01,81,23329.38,70866.9,principal
SKU_1214_BLA,2024-10-01,113,10624.55,33888.7,principal
SKU_1214_RAS,2024-10-01,119,11188.68,35688.1,principal
SKU_1215_MAG,2024-10-01,130,8971.46,28587.0,principal
SKU_1215_BRI,2024-10-01,63,4347.71,13853.7,principal
SKU_1216_WHI,2024-10-01,170,25896.83,96883.0,principal
SKU_1216_CRE,2024-10-01,171,26049.16,97452.9,principal
SKU_1217_ROS,2024-10-01,106,27550.28,86909.4,principal
SKU_1217_RAS,2024-10-01,95,24691.29,77890.5,principal
SKU_1218_BLU,2024-10-01,103,26469.22,67454.7,principal
SKU_1218_SNO,2024-10-01,50,12849.14,32745.0,principal
SKU_1219_MAR,2024-10-01,129,19366.15,50942.1,principal
SKU_1219_LIM,2024-10-01,0,0.0,0.0,principal
SKU_1220_TUR,2024-10-01,87,8780.21,26526.3,principal
SKU_1220_HOT,2024-10-01,56,5651.63,17074.4,principal
SKU_1221_SAG,2024-10-01,121,28277.48,88922.9,principal
SKU_1221_PAL,2024-10-01,0,0.0,0.0,principal
SKU_1222_PAS,2024-10-01,101,28092.25,85334.9,principal
SKU_1222_HON,2024-10-01,115,31986.22,97163.5,principal
SKU_1223_TEA,2024-10-01,176,8395.39,25502.4,principal
SKU_1223_BLA,2024-10-01,87,4149.99,12606.3,principal
SKU_1224_OLI,2024-10-01,0,0.0,0.0,principal
SKU_1224_ARM,2024-10-01,61,8276.01,25308.9,principal
SKU_1225_POW,2024-10-01,112,7291.4,24068.8,principal
SKU_1225_IVO,2024-10-01,171,11132.41,36747.9,principal
SKU_1226_PAL,2024-10-01,166,22964.77,80493.4,principal
SKU_1226_LIG,2024-10-01,135,18676.17,65461.5,principal
SKU_1227_CLO,2024-10-01,117,13896.13,46788.3,principal
SKU_1227_PAS,2024-10-01,137,16271.53,54786.3,principal
SKU_1228_WHI,2024-10-01,173,19679.92,50152.7,principal
SKU_1228_SPA,2024-10-01,83,9441.81,24061.7,principal
SKU_1229_SAL,2024-10-01,79,22363.25,67932.1,principal
SKU_1229_CLO,2024-10-01,143,40480.31,122965.7,principal
SKU_1230_ROS,2024-10-01,118,15534.36,47188.2,principal
SKU_1230_NAV,2024-10-01,134,17640.71,53586.6,principal
SKU_1231_LIG,2024-10-01,134,21285.48,64306.6,principal
SKU_1231_BIR,2024-10-01,0,0.0,0.0,principal
SKU_1232_AQU,2024-10-01,54,6343.48,19164.6,principal
SKU_1232_FOR,2024-10-01,0,0.0,0.0,principal
SKU_1233_JAD,2024-10-01,93,7344.68,22310.7,principal
SKU_1233_SEA,2024-10-01,140,11056.51,33586.0,principal
SKU_1234_MOS,2024-10-01,62,4120.94,12703.8,principal
SKU_1234_SAL,2024-10-01,0,0.0,0.0,principal
SKU_1235_HUN,2024-10-01,0,0.0,0.0,principal
SKU_1235_COR,2024-10-01,143,19383.94,67195.7,principal
SKU_1236_DEE,2024-10-01,100,17666.9,56990.0,principal
SKU_1236_LIM,2024-10-01,185,32683.76,105431.5,principal
SKU_1237_BAB,2024-10-01,100,28527.15,99990.0,principal
SKU_1237_GAR,2024-10-01,171,48781.42,170982.9,principal
SKU_1238_SAP,2024-10-01,134,19535.63,61626.6,principal
SKU_1238_TUR,2024-10-01,0,0.0,0.0,principal
SKU_1239_BAB,2024-10-01,56,6601.61,17354.4,principal
SKU_1239_MID,2024-10-01,58,6837.39,17974.2,principal
SKU_1240_PAL,2024-10-01,192,63200.08,191980.8,principal
SKU_1240_MOS,2024-10-01,0,0.0,0.0,principal
SKU_1241_BAL,2024-10-01,66,7819.62,23753.4,principal
SKU_1241_FLA,2024-10-01,69,8175.06,24833.1,principal
SKU_1242_AQU,2024-10-01,167,16723.08,52588.3,principal
SKU_1242_SKY,2024-10-01,167,16723.08,52588.3,principal
SKU_1243_SNO,2024-10-01,87,7052.39,21306.3,principal
SKU_1243_PIN,2024-10-01,178,14429.02,43592.2,principal
SKU_1244_COB,2024-10-01,178,16409.5,51602.2,principal
SKU_1244_GAR,2024-10-01,85,7836.0,24641.5,principal
SKU_1245_COB,2024-10-01,87,5383.61,18261.3,principal
SKU_1245_SNO,2024-10-01,0,0.0,0.0,principal
SKU_1246_PAL,2024-10-01,116,9550.3,34208.4,principal
SKU_1246_COR,2024-10-01,78,6421.75,23002.2,principal
SKU_1247_SAP,2024-10-01,56,2874.23,10074.4,principal
SKU_1247_SKY,2024-10-01,124,6364.36,22307.6,principal
SKU_1248_AQU,2024-10-01,58,3222.32,9854.2,principal
SKU_1248_SAG,2024-10-01,86,4777.93,14611.4,principal
SKU_1249_WHI,2024-10-01,97,9958.99,26180.3,principal
SKU_1249_ARM,2024-10-01,154,15811.17,41564.6,principal
SKU_1250_AQU,2024-10-01,83,7101.4,21571.7,principal
SKU_1250_BAB,2024-10-01,105,8983.7,27289.5,principal
SKU_1251_SHO,2024-10-01,67,20289.68,61633.3,principal
SKU_1251_COB,2024-10-01,0,0.0,0.0,principal
SKU_1252_NAV,2024-10-01,108,7723.97,24289.2,principal
SKU_1252_FLA,2024-10-01,74,5292.35,16642.6,principal
SKU_1253_SEA,2024-10-01,181,21444.71,65141.9,principal
SKU_1253_FRE,2024-10-01,114,13506.62,41028.6,principal
SKU_1254_SEA,2024-10-01,0,0.0,0.0,principal
SKU_1254_BAB,2024-10-01,45,2828.56,8545.5,principal
SKU_1255_VAN,2024-10-01,42,6261.4,20155.8,principal
SKU_1255_SHO,2024-10-01,178,26536.41,85422.2,principal
SKU_1256_SEA,2024-10-01,157,31051.08,102034.3,principal
SKU_1256_MID,2024-10-01,176,34808.85,114382.4,principal
SKU_1257_SPA,2024-10-01,86,5027.39,17621.4,principal
SKU_1257_EME,2024-10-01,85,4968.93,17416.5,principal
SKU_1258_AQU,2024-10-01,93,7316.8,24635.7,principal
SKU_1258_LIG,2024-10-01,0,0.0,0.0,principal
SKU_1259_ARM,2024-10-01,75,9620.13,26992.5,principal
SKU_1259_POW,2024-10-01,0,0.0,0.0,principal
SKU_1260_WHI,2024-10-01,154,17326.06,52344.6,principal
SKU_1260_ROY,2024-10-01,174,19576.2,59142.6,principal
SKU_1261_PAS,2024-10-01,283,46106.67,140056.7,principal
SKU_1261_PAS,2024-10-01,283,46106.67,140056.7,principal
SKU_1262_BLU,2024-10-01,165,15013.66,45358.5,principal
SKU_1262_OFF,2024-10-01,0,0.0,0.0,principal
SKU_1263_COB,2024-10-01,0,0.0,0.0,principal
SKU_1263_SKY,2024-10-01,145,8826.02,26810.5,principal
SKU_1264_EGR,2024-10-01,190,37152.26,116831.0,principal
SKU_1264_BRI,2024-10-01,128,25028.89,78707.2,principal
SKU_1265_CRE,2024-10-01,113,8224.92,24848.7,principal
SKU_1265_JAD,2024-10-01,113,8224.92,24848.7,principal
SKU_1266_MEX,2024-10-01,109,10761.25,32689.1,principal
SKU_1266_SPA,2024-10-01,177,17474.69,53082.3,principal
SKU_1267_SKY,2024-10-01,137,15186.71,45881.3,principal
SKU_1267_SAP,2024-10-01,0,0.0,0.0,principal
SKU_1268_MYS,2024-10-01,85,9052.35,28466.5,principal
SKU_1268_MAR,2024-10-01,105,11182.31,35164.5,principal
SKU_1269_BAB,2024-10-01,111,37999.19,115428.9,principal
SKU_1269_CER,2024-10-01,58,19855.43,60314.2,principal
SKU_1270_CRE,2024-10-01,187,11690.32,35511.3,principal
SKU_1270_TUR,2024-10-01,129,8064.45,24497.1,principal
SKU_1271_OLI,2024-10-01,89,26073.0,79201.1,principal
SKU_1271_FLA,2024-10-01,50,14647.75,44495.0,principal
SKU_1272_PAS,2024-10-01,0,0.0,0.0,principal
SKU_1272_TEA,2024-10-01,109,13706.41,41409.1,principal
SKU_1273_PAS,2024-10-01,130,31620.97,99437.0,principal
SKU_1273_EGR,2024-10-01,0,0.0,0.0,principal
SKU_1274_MEX,2024-10-01,120,10108.58,31788.0,principal
SKU_1274_BAL,2024-10-01,177,14910.16,46887.3,principal
SKU_1275_MIN,2024-10-01,161,9799.92,29768.9,principal
SKU_1275_BIR,2024-10-01,113,6878.21,20893.7,principal
SKU_1276_WHI,2024-10-01,0,0.0,0.0,principal
SKU_1276_LIG,2024-10-01,393,19802.07,68735.7,principal
SKU_1277_MYS,2024-10-01,337,24127.35,89271.3,principal
SKU_1277_BAB,2024-10-01,401,28709.4,106224.9,principal
SKU_1278_BAB,2024-10-01,303,89030.63,312059.7,principal
SKU_1278_MOS,2024-10-01,436,128110.08,449036.4,principal
SKU_1279_FUC,2024-10-01,441,59581.44,200610.9,principal
SKU_1279_IVO,2024-10-01,356,48097.49,161944.4,principal
SKU_1280_LIM,2024-10-01,428,76254.35,213957.2,principal
SKU_1280_PRI,2024-10-01,0,0.0,0.0,principal
SKU_1281_PIS,2024-10-01,281,56606.55,148901.9,principal
SKU_1281_CER,2024-10-01,0,0.0,0.0,principal
SKU_1282_PIN,2024-10-01,369,26247.67,79298.1,principal
SKU_1282_BAL,2024-10-01,295,20983.91,63395.5,principal
SKU_1283_SNO,2024-10-01,487,29409.05,92481.3,principal
SKU_1283_BAB,2024-10-01,361,21800.14,68553.9,principal
SKU_1284_COR,2024-10-01,0,0.0,0.0,principal
SKU_1284_HOT,2024-10-01,400,93479.63,283960.0,principal
SKU_1285_WHI,2024-10-01,352,102518.91,309724.8,principal
SKU_1285_CLO,2024-10-01,448,130478.61,394195.2,principal
SKU_1286_MAR,2024-10-01,279,20555.52,68327.1,principal
SKU_1286_HOT,2024-10-01,405,29838.66,99184.5,principal
SKU_1287_NAV,2024-10-01,325,36399.45,123467.5,principal
SKU_1287_CER,2024-10-01,337,37743.43,128026.3,principal
SKU_1288_SAG,2024-10-01,261,18427.27,62613.9,principal
SKU_1288_BAB,2024-10-01,458,32335.98,109874.2,principal
SKU_1289_AQU,2024-10-01,857,288618.15,882624.3,principal
SKU_1289_AQU,2024-10-01,857,288618.15,882624.3,principal
SKU_1290_BIR,2024-10-01,425,81627.18,214582.5,principal
SKU_1290_PIN,2024-10-01,0,0.0,0.0,principal
SKU_1291_SAL,2024-10-01,256,20217.62,61414.4,principal
SKU_1291_SPA,2024-10-01,348,27483.33,83485.2,principal
SKU_1292_TEA,2024-10-01,437,44826.11,135426.3,principal
SKU_1292_FLA,2024-10-01,387,39697.26,119931.3,principal
SKU_1293_TEA,2024-10-01,396,39747.74,120740.4,principal
SKU_1293_OFF,2024-10-01,294,29509.69,89640.6,principal
SKU_1294_SEA,2024-10-01,249,16475.56,49775.1,principal
SKU_1294_COR,2024-10-01,2,132.33,399.8,principal
SKU_1295_PIS,2024-10-01,453,76785.8,233249.7,principal
SKU_1295_FLA,2024-10-01,0,0.0,0.0,principal
SKU_1296_DEE,2024-10-01,416,75478.66,270358.4,principal
SKU_1296_PEA,2024-10-01,0,0.0,0.0,principal
SKU_1297_WHI,2024-10-01,0,0.0,0.0,principal
SKU_1297_MIN,2024-10-01,434,28151.97,99776.6,principal
SKU_1298_OFF,2024-10-01,0,0.0,0.0,principal
SKU_1298_IVO,2024-10-01,0,0.0,0.0,principal
SKU_1299_BRI,2024-10-01,0,0.0,0.0,principal
SKU_1299_HOT,2024-10-01,284,18548.13,62451.6,principal
SKU_1300_BIR,2024-10-01,0,0.0,0.0,principal
SKU_1300_TEA,2024-10-01,380,155733.26,436962.0,principal
SKU_1301_AQU,2024-10-01,416,74622.53,226678.4,principal
SKU_1301_GAR,2024-10-01,447,80183.34,243570.3,principal
SKU_1302_EME,2024-10-01,325,44925.1,136467.5,principal
SKU_1302_DUS,2024-10-01,405,55983.59,170059.5,principal
SKU_1303_BIR,2024-10-01,337,18394.1,55571.3,principal
SKU_1303_SAP,2024-10-01,379,20686.54,62497.1,principal
SKU_1304_TUR,2024-10-01,445,70033.3,220230.5,principal
SKU_1304_GAR,2024-10-01,455,71607.08,225179.5,principal
SKU_1305_MAR,2024-10-01,378,43540.72,132262.2,principal
SKU_1305_OFF,2024-10-01,318,36629.49,111268.2,principal
SKU_1306_FRE,2024-10-01,317,86683.08,272588.3,principal
SKU_1306_SPA,2024-10-01,301,82307.91,258829.9,principal
SKU_1307_MAG,2024-10-01,382,27804.6,84001.8,principal
SKU_1307_FOR,2024-10-01,485,35301.65,106651.5,principal
SKU_1308_PAS,2024-10-01,358,49757.31,150324.2,principal
SKU_1308_CER,2024-10-01,418,58096.52,175518.2,principal
SKU_1309_OLI,2024-10-01,0,0.0,0.0,principal
SKU_1309_LIG,2024-10-01,424,50933.03,154717.6,principal
SKU_1310_MOS,2024-10-01,334,26521.9,80126.6,principal
SKU_1310_EGR,2024-10-01,401,31842.17,96199.9,principal
SKU_1311_BAB,2024-10-01,461,133534.68,405633.9,principal
SKU_1311_NAV,2024-10-01,470,136141.65,413553.0,principal
SKU_1312_HOT,2024-10-01,444,36726.3,110955.6,principal
SKU_1312_NAV,2024-10-01,0,0.0,0.0,principal
SKU_1313_SPA,2024-10-01,323,99409.41,301972.7,principal
SKU_1313_SHO,2024-10-01,0,0.0,0.0,principal
SKU_1314_BLU,2024-10-01,313,29871.18,90738.7,principal
SKU_1314_SNO,2024-10-01,0,0.0,0.0,principal
SKU_1315_WHI,2024-10-01,407,46463.89,140374.3,principal
SKU_1315_BLA,2024-10-01,358,40869.96,123474.2,principal
SKU_1316_DEN,2024-10-01,260,44071.32,133874.0,principal
SKU_1316_AQU,2024-10-01,283,47969.94,145716.7,principal
SKU_1317_BLU,2024-10-01,0,0.0,0.0,principal
SKU_1317_ROS,2024-10-01,431,28186.7,92621.9,principal
SKU_1318_PAS,2024-10-01,460,35003.19,110354.0,principal
SKU_1318_MYS,2024-10-01,0,0.0,0.0,principal
SKU_1319_MAR,2024-10-01,287,15549.22,54501.3,principal
SKU_1319_ROS,2024-10-01,462,25030.45,87733.8,principal
SKU_1320_PIS,2024-10-01,0,0.0,0.0,principal
SKU_1320_FOR,2024-10-01,368,16383.47,55163.2,principal
SKU_1321_FLA,2024-10-01,393,21190.18,58910.7,principal
SKU_1321_SER,2024-10-01,413,22268.56,61908.7,principal
SKU_1322_MOS,2024-10-01,0,0.0,0.0,principal
SKU_1322_IVO,2024-10-01,367,46056.28,121073.3,principal
SKU_1323_AQU,2024-10-01,394,44100.57,114220.6,principal
SKU_1323_FRE,2024-10-01,358,40071.08,103784.2,principal
SKU_1324_MID,2024-10-01,359,39201.69,118434.1,principal
SKU_1324_SNO,2024-10-01,503,54926.04,165939.7,principal
SKU_1325_LIG,2024-10-01,465,43322.62,139453.5,principal
SKU_1325_PEA,2024-10-01,287,26738.91,86071.3,principal
SKU_1326_PAS,2024-10-01,356,52423.17,179744.4,principal
SKU_1326_BAB,2024-10-01,450,66265.25,227205.0,principal
SKU_1327_GAR,2024-10-01,435,32255.02,113056.5,principal
SKU_1327_HON,2024-10-01,416,30846.18,108118.4,principal
SKU_1328_EGR,2024-10-01,386,30368.67,102251.4,principal
SKU_1328_LIG,2024-10-01,0,0.0,0.0,principal
SKU_1329_NAV,2024-10-01,301,29490.28,82744.9,principal
SKU_1329_MIN,2024-10-01,338,33115.33,92916.2,principal
SKU_1330_PRI,2024-10-01,341,34978.72,105675.9,principal
SKU_1330_LIM,2024-10-01,477,48929.18,147822.3,principal
SKU_1331_ARM,2024-10-01,390,34713.2,109161.0,principal
SKU_1331_AQU,2024-10-01,421,37472.45,117837.9,principal
SKU_1332_MOS,2024-10-01,537,29310.48,88551.3,principal
SKU_1332_MOS,2024-10-01,537,29310.48,88551.3,principal
SKU_1333_PIS,2024-10-01,402,25268.47,76339.8,principal
SKU_1333_MOS,2024-10-01,355,22314.2,67414.5,principal
SKU_1334_TEA,2024-10-01,297,45211.39,136590.3,principal
SKU_1334_ROY,2024-10-01,0,0.0,0.0,principal
SKU_1335_CRE,2024-10-01,293,33326.56,111310.7,principal
SKU_1335_BRI,2024-10-01,0,0.0,0.0,principal
SKU_1336_LIM,2024-10-01,344,32885.12,120365.6,principal
SKU_1336_PIN,2024-10-01,418,39959.25,146258.2,principal
SKU_1337_DUS,2024-10-01,318,17304.31,58798.2,principal
SKU_1337_MAG,2024-10-01,455,24759.31,84129.5,principal
SKU_1338_OLI,2024-10-01,311,20837.72,63723.9,principal
SKU_1338_PAS,2024-10-01,349,23383.8,71510.1,principal
SKU_1339_JAD,2024-10-01,371,40976.34,114972.9,principal
SKU_1339_EME,2024-10-01,383,42301.72,118691.7,principal
SKU_1340_SNO,2024-10-01,0,0.0,0.0,principal
SKU_1340_POW,2024-10-01,475,179028.01,543827.5,principal
SKU_1341_HOT,2024-10-01,450,25743.69,80955.0,principal
SKU_1341_PEA,2024-10-01,305,17448.5,54869.5,principal
SKU_1342_CRE,2024-10-01,378,42059.38,132262.2,principal
SKU_1342_BAB,2024-10-01,263,29263.54,92023.7,principal
SKU_1343_NAV,2024-10-01,278,28976.47,87542.2,principal
SKU_1343_IVO,2024-10-01,373,38878.5,117457.7,principal
SKU_1344_PAS,2024-10-01,378,37852.24,119032.2,principal
SKU_1344_MID,2024-10-01,320,32044.22,100768.0,principal
SKU_1345_ARM,2024-10-01,324,106619.44,388767.6,principal
SKU_1345_FOR,2024-10-01,322,105961.29,386367.8,principal
SKU_1346_HON,2024-10-01,409,31762.33,108344.1,principal
SKU_1346_PEA,2024-10-01,281,21822.04,74436.9,principal
SKU_1347_DUS,2024-10-01,27,2092.24,7827.3,principal
SKU_1347_LIM,2024-10-01,346,26811.63,100305.4,principal
SKU_1348_NAV,2024-10-01,418,88832.23,271658.2,principal
SKU_1348_PIS,2024-10-01,0,0.0,0.0,principal
SKU_1349_HON,2024-10-01,409,33687.19,85849.1,principal
SKU_1349_SEA,2024-10-01,287,23638.69,60241.3,principal
SKU_1350_SNO,2024-10-01,306,28856.38,87179.4,principal
SKU_1350_BAB,2024-10-01,409,38569.48,116524.1,principal
SKU_1351_SAG,2024-10-01,385,87917.41,265611.5,principal
SKU_1351_HON,2024-10-01,476,108697.88,328392.4,principal
SKU_1352_CER,2024-10-01,436,40394.05,122036.4,principal
SKU_1352_HUN,2024-10-01,381,35298.47,106641.9,principal
SKU_1353_MAG,2024-10-01,440,27657.04,83556.0,principal
SKU_1353_MAR,2024-10-01,491,30862.74,93240.9,principal
SKU_1354_AQU,2024-10-01,472,143713.18,436552.8,principal
SKU_1354_CLE,2024-10-01,344,104740.12,318165.6,principal
SKU_1355_PAS,2024-10-01,432,24873.3,75556.8,principal
SKU_1355_DEE,2024-10-01,310,17848.89,54219.0,principal
SKU_1356_BLU,2024-10-01,307,21718.74,65974.3,principal
SKU_1356_DEN,2024-10-01,0,0.0,0.0,principal
SKU_1357_BRI,2024-10-01,314,69105.72,208778.6,principal
SKU_1357_BLU,2024-10-01,467,102778.25,310508.3,principal
SKU_1358_DUS,2024-10-01,316,20795.04,63168.4,principal
SKU_1358_MAR,2024-10-01,354,23295.71,70764.6,principal
SKU_1359_BLU,2024-10-01,301,40670.58,127894.9,principal
SKU_1359_NAV,2024-10-01,301,40670.58,127894.9,principal
SKU_1360_WHI,2024-10-01,469,49660.96,150033.1,principal
SKU_1360_FRE,2024-10-01,53,5612.01,16954.7,principal
SKU_1361_MEX,2024-10-01,431,26027.31,81846.9,principal
SKU_1361_BLU,2024-10-01,309,18659.95,58679.1,principal
SKU_1362_POW,2024-10-01,427,129662.05,407742.3,principal
SKU_1362_SEA,2024-10-01,336,102029.16,320846.4,principal
SKU_1363_RAS,2024-10-01,347,104817.67,329615.3,principal
SKU_1363_HUN,2024-10-01,413,124754.17,392308.7,principal
SKU_1364_OFF,2024-10-01,401,58645.53,184419.9,principal
SKU_1364_TEA,2024-10-01,0,0.0,0.0,principal
SKU_1365_BUB,2024-10-01,14,2316.54,6998.6,principal
SKU_1365_NAV,2024-10-01,38,6287.74,18996.2,principal
SKU_1366_TEA,2024-10-01,407,54711.1,179039.3,principal
SKU_1366_PAL,2024-10-01,385,51753.74,169361.5,principal
SKU_1367_VAN,2024-10-01,301,16587.93,54149.9,principal
SKU_1367_BLA,2024-10-01,402,22153.98,72319.8,principal
SKU_1368_SNO,2024-10-01,373,79269.95,277847.7,principal
SKU_1368_TUR,2024-10-01,350,74381.99,260715.0,principal
SKU_1369_SNO,2024-10-01,319,16169.57,51008.1,principal
SKU_1369_RAS,2024-10-01,416,21086.33,66518.4,principal
SKU_1370_PRI,2024-10-01,0,0.0,0.0,principal
SKU_1370_MYS,2024-10-01,449,31696.15,80775.1,principal
SKU_1371_WHI,2024-10-01,400,36396.76,109960.0,principal
SKU_1371_HOT,2024-10-01,0,0.0,0.0,principal
SKU_1372_SEA,2024-10-01,305,34314.6,103669.5,principal
SKU_1372_DEN,2024-10-01,361,40614.99,122703.9,principal
SKU_1373_SKY,2024-10-01,299,18692.01,56780.1,principal
SKU_1373_CRE,2024-10-01,404,25256.09,76719.6,principal
SKU_1374_SAL,2024-10-01,29,1822.85,5507.1,principal
SKU_1374_BLU,2024-10-01,49,3079.99,9305.1,principal
SKU_1375_COR,2024-10-01,403,35335.81,106754.7,principal
SKU_1375_CLE,2024-10-01,415,36387.99,109933.5,principal
SKU_1376_SNO,2024-10-01,340,27135.11,96866.0,principal
SKU_1376_BIR,2024-10-01,337,26895.68,96011.3,principal
SKU_1377_PRI,2024-10-01,0,0.0,0.0,principal
SKU_1377_CLO,2024-10-01,386,30358.08,100321.4,principal
SKU_1378_SPA,2024-10-01,277,16192.86,56757.3,principal
SKU_1378_MOS,2024-10-01,408,23850.85,83599.2,principal
SKU_1379_SNO,2024-10-01,382,58718.48,185231.8,principal
SKU_1379_WHI,2024-10-01,439,67480.14,212871.1,principal
SKU_1380_TUR,2024-10-01,0,0.0,0.0,principal
SKU_1380_MIN,2024-10-01,426,38430.64,97937.4,principal
SKU_1381_WHI,2024-10-01,356,32393.12,97864.4,principal
SKU_1381_PAS,2024-10-01,297,27024.59,81645.3,principal
SKU_1382_ARM,2024-10-01,417,25181.88,79188.3,principal
SKU_1382_HOT,2024-10-01,330,19928.11,62667.0,principal
SKU_1383_CLE,2024-10-01,390,23223.29,70161.0,principal
SKU_1383_TUR,2024-10-01,416,24771.51,74838.4,principal
SKU_1384_CRE,2024-10-01,413,70685.4,214718.7,principal
SKU_1384_SKY,2024-10-01,473,80954.46,245912.7,principal
SKU_1385_PRI,2024-10-01,459,44044.22,133064.1,principal
SKU_1385_NAV,2024-10-01,255,24469.01,73924.5,principal
SKU_1386_SER,2024-10-01,270,18189.91,58023.0,principal
SKU_1386_COB,2024-10-01,482,32472.37,103581.8,principal
SKU_1387_BRI,2024-10-01,312,14271.71,49888.8,principal
SKU_1387_BAB,2024-10-01,465,21270.34,74353.5,principal
SKU_1388_BRI,2024-10-01,460,46096.95,172454.0,principal
SKU_1388_VAN,2024-10-01,467,46798.43,175078.3,principal
SKU_1389_SHO,2024-10-01,349,14501.05,48825.1,principal
SKU_1389_BAB,2024-10-01,319,13254.55,44628.1,principal
SKU_1390_SAP,2024-10-01,116,10464.68,26668.4,principal
SKU_1390_PAS,2024-10-01,17,1533.62,3908.3,principal
SKU_1391_LIG,2024-10-01,126,11882.04,35897.4,principal
SKU_1391_SEA,2024-10-01,350,33005.67,99715.0,principal
SKU_1392_LIM,2024-10-01,154,15032.23,45414.6,principal
SKU_1392_BLU,2024-10-01,333,32504.76,98201.7,principal
SKU_1393_COB,2024-10-01,124,12219.98,38427.6,principal
SKU_1393_SKY,2024-10-01,205,20202.38,63529.5,principal
SKU_1394_FOR,2024-10-01,155,23161.37,72834.5,principal
SKU_1394_EME,2024-10-01,134,20023.38,62966.6,principal
SKU_1395_BLA,2024-10-01,187,17239.19,54211.3,principal
SKU_1395_TUR,2024-10-01,140,12906.35,40586.0,principal
SKU_1396_FUC,2024-10-01,201,8926.23,27114.9,principal
SKU_1396_PAS,2024-10-01,130,5773.18,17537.0,principal
SKU_1397_SNO,2024-10-01,355,27451.82,83389.5,principal
SKU_1397_BUB,2024-10-01,192,14847.18,45100.8,principal
SKU_1398_AQU,2024-10-01,223,49545.49,150502.7,principal
SKU_1398_SPA,2024-10-01,226,50212.02,152527.4,principal
SKU_1399_PAL,2024-10-01,161,13818.34,43453.9,principal
SKU_1399_CRE,2024-10-01,134,11500.98,36166.6,principal
SKU_1400_FOR,2024-10-01,134,9259.28,28126.6,principal
SKU_1400_PAL,2024-10-01,199,13750.72,41770.1,principal
SKU_1401_GAR,2024-10-01,144,11434.59,34545.6,principal
SKU_1401_BLU,2024-10-01,206,16357.82,49419.4,principal
SKU_1402_WHI,2024-10-01,309,23081.74,72584.1,principal
SKU_1402_VAN,2024-10-01,202,15089.04,47449.8,principal
SKU_1403_AQU,2024-10-01,141,17865.98,54270.9,principal
SKU_1403_DUS,2024-10-01,113,14318.13,43493.7,principal
SKU_1404_SAP,2024-10-01,344,116129.89,350845.6,principal
SKU_1404_ARM,2024-10-01,342,115454.72,348805.8,principal
SKU_1405_FLA,2024-10-01,133,9460.54,28581.7,principal
SKU_1405_CLO,2024-10-01,130,9247.15,27937.0,principal
SKU_1406_PRI,2024-10-01,223,25686.72,78027.7,principal
SKU_1406_SHO,2024-10-01,221,25456.34,77327.9,principal
SKU_1407_OFF,2024-10-01,303,18677.67,65114.7,principal
SKU_1407_EME,2024-10-01,207,12759.99,44484.3,principal
SKU_1408_PAS,2024-10-01,125,36397.68,114987.5,principal
SKU_1408_FUC,2024-10-01,140,40765.41,128786.0,principal
SKU_1409_PEA,2024-10-01,463,28601.16,97183.7,principal
SKU_1409_PEA,2024-10-01,463,28601.16,97183.7,principal
SKU_1410_ROS,2024-10-01,336,113752.9,383006.4,principal
SKU_1410_JAD,2024-10-01,131,44350.09,149326.9,principal
SKU_1411_BLU,2024-10-01,399,31290.63,89735.1,principal
SKU_1411_RAS,2024-10-01,203,15919.79,45654.7,principal
SKU_1412_SHO,2024-10-01,342,109078.29,306055.8,principal
SKU_1412_BAB,2024-10-01,296,94406.94,264890.4,principal
SKU_1413_SAG,2024-10-01,353,21604.27,65269.7,principal
SKU_1413_JAD,2024-10-01,205,12546.39,37904.5,principal
SKU_1414_DUS,2024-10-01,159,17186.02,54044.1,principal
SKU_1414_CLO,2024-10-01,347,37506.61,117945.3,principal
SKU_1415_BAB,2024-10-01,219,24715.95,77723.1,principal
SKU_1415_MID,2024-10-01,214,24151.65,75948.6,principal
SKU_1416_CLE,2024-10-01,177,15233.76,49542.3,principal
SKU_1416_AQU,2024-10-01,385,33135.58,107761.5,principal
SKU_1417_SNO,2024-10-01,190,16986.73,53181.0,principal
SKU_1417_BIR,2024-10-01,140,12516.54,39186.0,principal
SKU_1418_CLE,2024-10-01,365,93078.13,308388.5,principal
SKU_1418_MOS,2024-10-01,139,35446.19,117441.1,principal
SKU_1419_FLA,2024-10-01,212,17670.55,52978.8,principal
SKU_1419_WHI,2024-10-01,115,9585.44,28738.5,principal
SKU_1420_EGR,2024-10-01,225,73139.92,222727.5,principal
SKU_1420_LIM,2024-10-01,223,72489.79,220747.7,principal
SKU_1421_LIG,2024-10-01,127,11052.66,29197.3,principal
SKU_1421_SER,2024-10-01,176,15317.08,40462.4,principal
SKU_1422_PIN,2024-10-01,149,17874.31,46920.1,principal
SKU_1422_MIN,2024-10-01,226,27111.36,71167.4,principal
SKU_1423_JAD,2024-10-01,363,143387.57,435563.7,principal
SKU_1423_SAG,2024-10-01,146,57671.03,175185.4,principal
SKU_1424_VAN,2024-10-01,220,72054.64,218878.0,principal
SKU_1424_BAB,2024-10-01,356,116597.5,354184.4,principal
SKU_1425_WHI,2024-10-01,80,5339.86,16792.0,principal
SKU_1425_LIG,2024-10-01,209,13950.37,43869.1,principal
SKU_1426_NAV,2024-10-01,215,8120.57,27928.5,principal
SKU_1426_SEA,2024-10-01,130,4910.11,16887.0,principal
SKU_1427_AQU,2024-10-01,380,23646.51,75962.0,principal
SKU_1427_BLA,2024-10-01,67,4169.25,13393.3,principal
SKU_1428_COB,2024-10-01,222,29813.88,108757.8,principal
SKU_1428_SKY,2024-10-01,336,45123.72,164606.4,principal
SKU_1429_SPA,2024-10-01,357,21426.32,67794.3,principal
SKU_1429_MAG,2024-10-01,141,8462.5,26775.9,principal
SKU_1430_PEA,2024-10-01,243,15331.42,43715.7,principal
SKU_1430_JAD,2024-10-01,205,12933.92,36879.5,principal
SKU_1431_TEA,2024-10-01,212,26737.36,78418.8,principal
SKU_1431_CRE,2024-10-01,137,17278.39,50676.3,principal
SKU_1432_WHI,2024-10-01,184,51375.17,132461.6,principal
SKU_1432_BRI,2024-10-01,63,17590.41,45353.7,principal
SKU_1433_OLI,2024-10-01,209,21666.0,65814.1,principal
SKU_1433_SAP,2024-10-01,319,33069.16,100453.1,principal
SKU_1434_ARM,2024-10-01,223,14884.85,46807.7,principal
SKU_1434_MIN,2024-10-01,203,13549.88,42609.7,principal
SKU_1435_SKY,2024-10-01,187,56999.29,188851.3,principal
SKU_1435_OLI,2024-10-01,195,59437.76,196930.5,principal
SKU_1436_BLU,2024-10-01,306,25361.56,85649.4,principal
SKU_1436_PAS,2024-10-01,139,11520.45,38906.1,principal
SKU_1437_ROY,2024-10-01,136,7143.54,22426.4,principal
SKU_1437_AQU,2024-10-01,237,12448.66,39081.3,principal
SKU_1438_MOS,2024-10-01,377,28998.33,77247.3,principal
SKU_1438_DEE,2024-10-01,210,16152.91,43029.0,principal
SKU_1439_CER,2024-10-01,214,13097.21,39568.6,principal
SKU_1439_SHO,2024-10-01,208,12730.0,38459.2,principal
SKU_1440_PIS,2024-10-01,199,92122.08,238780.1,principal
SKU_1440_BLU,2024-10-01,192,88881.6,230380.8,principal
SKU_1441_COB,2024-10-01,160,71655.83,184784.0,principal
SKU_1441_IVO,2024-10-01,335,150029.39,386891.5,principal
SKU_1442_OFF,2024-10-01,305,29266.85,88419.5,principal
SKU_1442_EME,2024-10-01,128,12282.48,37107.2,principal
SKU_1443_BLU,2024-10-01,380,33948.02,102562.0,principal
SKU_1443_PRI,2024-10-01,89,7950.98,24021.1,principal
SKU_1444_HUN,2024-10-01,42,3829.19,10075.8,principal
SKU_1444_OLI,2024-10-01,20,1823.42,4798.0,principal
SKU_1445_TEA,2024-10-01,141,22286.8,57795.9,principal
SKU_1445_PRI,2024-10-01,150,23709.36,61485.0,principal
SKU_1446_SHO,2024-10-01,325,34313.87,87717.5,principal
SKU_1446_GAR,2024-10-01,343,36214.33,92575.7,principal
SKU_1447_BLU,2024-10-01,209,16505.79,50139.1,principal
SKU_1447_OLI,2024-10-01,372,29378.73,89242.8,principal
SKU_1448_SKY,2024-10-01,191,11311.61,34360.9,principal
SKU_1448_SEA,2024-10-01,307,18181.49,55229.3,principal
SKU_1449_BLA,2024-10-01,177,19034.92,57507.3,principal
SKU_1449_NAV,2024-10-01,214,23013.97,69528.6,principal
SKU_1450_MAG,2024-10-01,352,46662.14,144284.8,principal
SKU_1450_JAD,2024-10-01,55,7290.96,22544.5,principal
SKU_1451_WHI,2024-10-01,183,14508.51,44816.7,principal
SKU_1451_BIR,2024-10-01,370,29334.15,90613.0,principal
SKU_1452_SKY,2024-10-01,305,11813.19,44194.5,principal
SKU_1452_DEE,2024-10-01,134,5190.06,19416.6,principal
SKU_1453_SAP,2024-10-01,60,4467.8,14094.0,principal
SKU_1453_PRI,2024-10-01,116,8637.74,27248.4,principal
SKU_1454_BRI,2024-10-01,150,8553.29,22485.0,principal
SKU_1454_BUB,2024-10-01,193,11005.24,28930.7,principal
SKU_1455_TEA,2024-10-01,154,17071.19,51574.6,principal
SKU_1455_ROY,2024-10-01,122,13523.93,40857.8,principal
SKU_1456_EME,2024-10-01,260,27100.29,81874.0,principal
SKU_1456_DEN,2024-10-01,336,35021.92,105806.4,principal
SKU_1457_SNO,2024-10-01,141,7462.69,22545.9,principal
SKU_1457_MAG,2024-10-01,135,7145.13,21586.5,principal
SKU_1458_PEA,2024-10-01,219,25363.9,76628.1,principal
SKU_1458_MIN,2024-10-01,356,41230.82,124564.4,principal
SKU_1459_OFF,2024-10-01,139,9604.77,29176.1,principal
SKU_1459_CRE,2024-10-01,140,9673.87,29386.0,principal
SKU_1460_FUC,2024-10-01,135,7484.85,23611.5,principal
SKU_1460_OLI,2024-10-01,372,20624.91,65062.8,principal
SKU_1461_NAV,2024-10-01,315,108971.56,337018.5,principal
SKU_1461_PRI,2024-10-01,208,71955.82,222539.2,principal
SKU_1462_MID,2024-10-01,141,13752.83,51450.9,principal
SKU_1462_OFF,2024-10-01,340,33162.84,124066.0,principal
SKU_1463_LIG,2024-10-01,357,30340.47,92784.3,principal
SKU_1463_DUS,2024-10-01,179,15212.73,46522.1,principal
SKU_1464_MOS,2024-10-01,120,10494.48,27588.0,principal
SKU_1464_BIR,2024-10-01,347,30346.52,79775.3,principal
SKU_1465_CLE,2024-10-01,362,43335.88,113993.8,principal
SKU_1465_OFF,2024-10-01,216,25857.87,68018.4,principal
SKU_1466_PRI,2024-10-01,186,16526.3,50201.4,principal
SKU_1466_SAP,2024-10-01,219,19458.39,59108.1,principal
SKU_1467_OLI,2024-10-01,382,24890.43,78271.8,principal
SKU_1467_FUC,2024-10-01,127,8275.09,26022.3,principal
SKU_1468_BAB,2024-10-01,157,27537.31,83194.3,principal
SKU_1468_MYS,2024-10-01,130,22801.6,68887.0,principal
SKU_1469_ARM,2024-10-01,141,13222.73,41580.9,principal
SKU_1469_SAL,2024-10-01,210,19693.42,61929.0,principal
SKU_1470_WHI,2024-10-01,80,23872.22,73592.0,principal
SKU_1470_MAR,2024-10-01,293,87432.01,269530.7,principal
SKU_1471_ROS,2024-10-01,166,9192.8,34013.4,principal
SKU_1471_LIG,2024-10-01,80,4430.27,16392.0,principal
SKU_1472_EME,2024-10-01,202,29899.74,94919.8,principal
SKU_1472_MYS,2024-10-01,331,48994.12,155536.9,principal
SKU_1473_BLU,2024-10-01,119,5722.39,21408.1,principal
SKU_1473_BAB,2024-10-01,345,16590.11,62065.5,principal
SKU_1474_BRI,2024-10-01,45,15596.43,47695.5,principal
SKU_1474_DEN,2024-10-01,189,65505.0,200321.1,principal
SKU_1475_VAN,2024-10-01,207,19677.83,51729.3,principal
SKU_1475_MIN,2024-10-01,191,18156.83,47730.9,principal
SKU_1476_WHI,2024-10-01,220,19909.36,60478.0,principal
SKU_1476_CLO,2024-10-01,126,11402.63,34637.4,principal
SKU_1477_CLE,2024-10-01,317,23598.08,71293.3,principal
SKU_1477_EME,2024-10-01,338,25161.36,76016.2,principal
SKU_1478_TEA,2024-10-01,371,23803.76,72307.9,principal
SKU_1478_COB,2024-10-01,142,9110.87,27675.8,principal
SKU_1479_MIN,2024-10-01,129,23693.68,71582.1,principal
SKU_1479_FUC,2024-10-01,327,60060.71,181452.3,principal
SKU_1480_SNO,2024-10-01,125,15304.61,46237.5,principal
SKU_1480_MEX,2024-10-01,113,13835.37,41798.7,principal
SKU_1481_BLA,2024-10-01,207,50983.83,167649.3,principal
SKU_1481_TEA,2024-10-01,320,78815.58,259168.0,principal
SKU_1482_MOS,2024-10-01,134,16643.76,59616.6,principal
SKU_1482_SHO,2024-10-01,177,21984.67,78747.3,principal
SKU_1483_WHI,2024-10-01,201,19219.23,65304.9,principal
SKU_1483_POW,2024-10-01,333,31840.82,108191.7,principal
SKU_1484_MOS,2024-10-01,128,17483.56,58867.2,principal
SKU_1484_EGR,2024-10-01,347,47396.83,159585.3,principal
SKU_1485_PAS,2024-10-01,235,61313.09,156251.5,principal
SKU_1485_CER,2024-10-01,138,36005.13,91756.2,principal
SKU_1486_OLI,2024-10-01,36,3454.45,10436.4,principal
SKU_1486_PAL,2024-10-01,161,15449.06,46673.9,principal
SKU_1487_BRI,2024-10-01,57,6070.4,19089.3,principal
SKU_1487_CLE,2024-10-01,348,37061.37,116545.2,principal
SKU_1488_IVO,2024-10-01,332,35885.28,112846.8,principal
SKU_1488_PEA,2024-10-01,118,12754.41,40108.2,principal
SKU_1489_TEA,2024-10-01,153,18630.98,56594.7,principal
SKU_1489_IVO,2024-10-01,372,45298.84,137602.8,principal
SKU_1490_EME,2024-10-01,139,14488.23,43771.1,principal
SKU_1490_VAN,2024-10-01,219,22826.79,68963.1,principal
SKU_1491_GAR,2024-10-01,364,15254.03,49103.6,principal
SKU_1491_CER,2024-10-01,145,6076.47,19560.5,principal
SKU_1492_SKY,2024-10-01,353,41544.08,132339.7,principal
SKU_1492_BIR,2024-10-01,338,39778.75,126716.2,principal
SKU_1493_PEA,2024-10-01,116,10229.14,38268.4,principal
SKU_1493_CLO,2024-10-01,245,21604.66,80825.5,principal
SKU_1494_EGR,2024-10-01,153,52618.73,165989.7,principal
SKU_1494_HOT,2024-10-01,185,63623.96,200706.5,principal
SKU_1495_FUC,2024-10-01,62,7289.73,20453.8,principal
SKU_1495_BLA,2024-10-01,206,24220.73,67959.4,principal
SKU_1496_PAS,2024-10-01,131,48942.79,148671.9,principal
SKU_1496_PEA,2024-10-01,26,9713.84,29507.4,principal
SKU_1497_FUC,2024-10-01,203,9064.34,27384.7,principal
SKU_1497_VAN,2024-10-01,337,15047.69,45461.3,principal
SKU_1498_OLI,2024-10-01,152,17101.05,51664.8,principal
SKU_1498_LIG,2024-10-01,33,3712.73,11216.7,principal
SKU_1499_HOT,2024-10-01,130,10744.27,33787.0,principal
SKU_1499_RAS,2024-10-01,204,16860.23,53019.6,principal
SKU_1500_MOS,2024-10-01,141,12063.83,36645.9,principal
SKU_1500_PAS,2024-10-01,222,18994.12,57697.8,principal
SKU_1501_OLI,2024-10-01,122,6860.9,20727.8,principal
SKU_1501_SAL,2024-10-01,184,10347.59,31261.6,principal
SKU_1502_PEA,2024-10-01,316,21835.31,66328.4,principal
SKU_1502_VAN,2024-10-01,143,9881.17,30015.7,principal
SKU_1503_VAN,2024-10-01,350,26489.08,80465.0,principal
SKU_1503_CER,2024-10-01,134,10141.53,30806.6,principal
SKU_1504_EME,2024-10-01,183,20588.76,62201.7,principal
SKU_1504_NAV,2024-10-01,125,14063.36,42487.5,principal
SKU_1505_BLU,2024-10-01,359,27912.93,84329.1,principal
SKU_1505_SNO,2024-10-01,349,27135.41,81980.1,principal
SKU_1506_PAL,2024-10-01,347,25368.55,79775.3,principal
SKU_1506_BRI,2024-10-01,135,9869.61,31036.5,principal
SKU_1507_PAS,2024-10-01,326,19412.29,58647.4,principal
SKU_1507_FLA,2024-10-01,130,7741.1,23387.0,principal
SKU_1508_LIM,2024-10-01,226,15616.39,47437.4,principal
SKU_1508_DEE,2024-10-01,183,12645.13,38411.7,principal
SKU_1509_HOT,2024-10-01,140,14824.17,44786.0,principal
SKU_1509_MAG,2024-10-01,61,6459.1,19513.9,principal
SKU_1510_SNO,2024-10-01,199,52834.14,166145.1,principal
SKU_1510_ROS,2024-10-01,202,53630.64,168649.8,principal
SKU_1511_CLE,2024-10-01,132,39243.36,123406.8,principal
SKU_1511_SKY,2024-10-01,373,110892.23,348717.7,principal
SKU_1512_TEA,2024-10-01,127,9059.68,28562.3,principal
SKU_1512_MYS,2024-10-01,142,10129.72,31935.8,principal
SKU_1513_PAS,2024-10-01,128,7434.37,27507.2,principal
SKU_1513_RAS,2024-10-01,143,8305.59,30730.7,principal
SKU_1514_PEA,2024-10-01,205,50069.11,170129.5,principal
SKU_1514_SPA,2024-10-01,221,53976.94,183407.9,principal
SKU_1515_SEA,2024-10-01,143,9113.72,27870.7,principal
SKU_1515_AQU,2024-10-01,192,12236.6,37420.8,principal
SKU_1516_CRE,2024-10-01,330,43923.65,115467.0,principal
SKU_1516_EME,2024-10-01,128,17037.05,44787.2,principal
SKU_1517_FOR,2024-10-01,302,137758.5,362369.8,principal
SKU_1517_ROS,2024-10-01,211,96248.49,253178.9,principal
SKU_1518_CLE,2024-10-01,151,11279.43,35469.9,principal
SKU_1518_LIM,2024-10-01,360,26891.35,84564.0,principal
SKU_1519_BLU,2024-10-01,129,25839.76,81257.1,principal
SKU_1519_TEA,2024-10-01,162,32449.93,102043.8,principal
SKU_1520_GAR,2024-10-01,391,28948.5,87935.9,principal
SKU_1520_ROY,2024-10-01,360,26653.35,80964.0,principal
SKU_1521_MOS,2024-10-01,177,10688.71,33612.3,principal
SKU_1521_FRE,2024-10-01,84,5072.61,15951.6,principal
SKU_1522_MOS,2024-10-01,130,5324.63,19487.0,principal
SKU_1522_BIR,2024-10-01,146,5979.97,21885.4,principal
SKU_1523_HOT,2024-10-01,200,20710.23,74980.0,principal
SKU_1523_CRE,2024-10-01,139,14393.61,52111.1,principal
SKU_1524_BLU,2024-10-01,61,6640.56,22563.9,principal
SKU_1524_DEN,2024-10-01,305,33202.78,112819.5,principal
SKU_1525_MYS,2024-10-01,208,19114.85,60299.2,principal
SKU_1525_OLI,2024-10-01,61,5605.8,17683.9,principal
SKU_1526_FOR,2024-10-01,117,7084.63,19878.3,principal
SKU_1527_FUC,2024-10-01,355,106336.37,323014.5,principal
SKU_1527_TEA,2024-10-01,130,38940.08,118287.0,principal
SKU_1528_PAS,2024-10-01,212,15079.96,45558.8,principal
SKU_1528_DEN,2024-10-01,225,16004.68,48352.5,principal
SKU_1529_HUN,2024-10-01,157,12657.51,38449.3,principal
SKU_1529_MIN,2024-10-01,147,11851.3,36000.3,principal
SKU_1530_HON,2024-10-01,206,8809.19,26759.4,principal
SKU_1530_PEA,2024-10-01,364,15565.76,47283.6,principal
SKU_1531_TEA,2024-10-01,359,65344.07,197414.1,principal
SKU_1531_SNO,2024-10-01,362,65890.12,199063.8,principal
SKU_1532_BRI,2024-10-01,212,57996.52,207738.8,principal
SKU_1532_EME,2024-10-01,212,57996.52,207738.8,principal
SKU_1533_CER,2024-10-01,229,11372.06,37762.1,principal
SKU_1533_DUS,2024-10-01,159,7895.88,26219.1,principal
SKU_1534_MYS,2024-10-01,224,13178.05,44777.6,principal
SKU_1534_HUN,2024-10-01,328,19296.43,65567.2,principal
SKU_1535_NAV,2024-10-01,132,12758.24,40246.8,principal
SKU_1535_MOS,2024-10-01,144,13918.08,43905.6,principal
SKU_1536_MOS,2024-10-01,345,42408.21,118990.5,principal
SKU_1536_FRE,2024-10-01,112,13767.3,38628.8,principal
SKU_1537_SAP,2024-10-01,138,11643.32,35176.2,principal
SKU_1537_BLA,2024-10-01,182,15355.69,46391.8,principal
SKU_1538_MAG,2024-10-01,369,25636.98,77453.1,principal
SKU_1538_PAS,2024-10-01,26,1806.4,5457.4,principal
SKU_1539_BLA,2024-10-01,203,22587.44,71029.7,principal
SKU_1539_PEA,2024-10-01,343,38164.99,120015.7,principal
SKU_1540_BAL,2024-10-01,46,2485.3,7815.4,principal
SKU_1540_MAG,2024-10-01,197,10643.56,33470.3,principal
SKU_1541_AQU,2024-10-01,52,11160.15,35094.8,principal
SKU_1541_POW,2024-10-01,367,78764.88,247688.3,principal
SKU_1542_DEE,2024-10-01,339,52440.28,159296.1,principal
SKU_1542_PEA,2024-10-01,203,31402.29,95389.7,principal
SKU_1543_BAB,2024-10-01,218,50946.21,160208.2,principal
SKU_1543_FLA,2024-10-01,207,48375.53,152124.3,principal
SKU_1544_OLI,2024-10-01,230,14620.69,45977.0,principal
SKU_1544_PEA,2024-10-01,134,8518.14,26786.6,principal
SKU_1545_TEA,2024-10-01,199,16446.99,51720.1,principal
SKU_1545_HOT,2024-10-01,378,31241.02,98242.2,principal
SKU_1546_PAS,2024-10-01,197,10956.79,34455.3,principal
SKU_1546_IVO,2024-10-01,198,11012.4,34630.2,principal
SKU_1547_IVO,2024-10-01,147,16051.94,48495.3,principal
SKU_1547_FUC,2024-10-01,322,35161.4,106227.8,principal
SKU_1548_HOT,2024-10-01,124,19491.8,58887.6,principal
SKU_1548_CLO,2024-10-01,369,58003.81,175238.1,principal
SKU_1549_BAL,2024-10-01,141,8290.55,26070.9,principal
SKU_1549_PAS,2024-10-01,369,21696.54,68228.1,principal
SKU_1550_PAL,2024-10-01,210,11399.87,34629.0,principal
SKU_1550_IVO,2024-10-01,135,7328.49,22261.5,principal
SKU_1551_DUS,2024-10-01,316,23000.66,69488.4,principal
SKU_1551_ROS,2024-10-01,145,10554.1,31885.5,principal
SKU_1552_CLE,2024-10-01,311,67561.35,205228.9,principal
SKU_1552_SAP,2024-10-01,18,3910.3,11878.2,principal
SKU_1553_DEN,2024-10-01,142,11362.59,36195.8,principal
SKU_1553_HOT,2024-10-01,202,16163.68,51489.8,principal
SKU_1554_PIS,2024-10-01,383,114189.28,396366.7,principal
SKU_1554_SKY,2024-10-01,206,61417.73,213189.4,principal
SKU_1555_FUC,2024-10-01,123,6663.95,23357.7,principal
SKU_1555_RAS,2024-10-01,331,17933.07,62856.9,principal
SKU_1556_SAL,2024-10-01,197,11988.49,40365.3,principal
SKU_1556_HUN,2024-10-01,232,14118.43,47536.8,principal
SKU_1557_TUR,2024-10-01,211,15171.75,42178.9,principal
SKU_1557_SAG,2024-10-01,131,9419.43,26186.9,principal
SKU_1558_CLE,2024-10-01,341,42793.44,112495.9,principal
SKU_1558_MEX,2024-10-01,65,8157.11,21443.5,principal
SKU_1559_BLU,2024-10-01,314,145470.36,376768.6,principal
SKU_1559_SKY,2024-10-01,33,15288.29,39596.7,principal
SKU_1560_PAL,2024-10-01,126,9328.67,28337.4,principal
SKU_1560_CRE,2024-10-01,139,10291.15,31261.1,principal
SKU_1561_LIM,2024-10-01,139,15585.92,48636.1,principal
SKU_1561_VAN,2024-10-01,372,41711.97,130162.8,principal
SKU_1562_CLO,2024-10-01,333,32124.51,103196.7,principal
SKU_1562_BLU,2024-10-01,132,12734.04,40906.8,principal
SKU_1563_WHI,2024-10-01,128,5128.74,19187.2,principal
SKU_1563_MEX,2024-10-01,208,8334.2,31179.2,principal
SKU_1564_BLA,2024-10-01,209,39082.64,123289.1,principal
SKU_1564_NAV,2024-10-01,317,59278.46,186998.3,principal
SKU_1565_LIG,2024-10-01,342,48298.87,123085.8,principal
SKU_1565_BAB,2024-10-01,202,28527.4,72699.8,principal
SKU_1566_PEA,2024-10-01,145,57047.0,150060.5,principal
SKU_1566_POW,2024-10-01,235,92455.48,243201.5,principal
SKU_1567_PRI,2024-10-01,340,77219.13,234566.0,principal
SKU_1567_POW,2024-10-01,411,93344.3,283548.9,principal
SKU_1568_FRE,2024-10-01,218,16284.21,51208.2,principal
SKU_1568_PIN,2024-10-01,204,15238.43,47919.6,principal
SKU_1569_WHI,2024-10-01,339,23705.66,74546.1,principal
SKU_1569_PAS,2024-10-01,112,7831.96,24628.8,principal
SKU_1570_MEX,2024-10-01,344,78204.34,245925.6,principal
SKU_1570_HON,2024-10-01,175,39784.18,125107.5,principal
SKU_1571_WHI,2024-10-01,200,14506.46,49980.0,principal
SKU_1571_BIR,2024-10-01,222,16102.17,55477.8,principal
SKU_1572_BAL,2024-10-01,332,13544.27,46446.8,principal
SKU_1572_MAR,2024-10-01,128,5221.89,17907.2,principal
SKU_1573_MIN,2024-10-01,363,109490.99,372038.7,principal
SKU_1573_SAG,2024-10-01,129,38910.02,132212.1,principal
SKU_1574_GAR,2024-10-01,128,22995.88,77427.2,principal
SKU_1574_COB,2024-10-01,143,25690.71,86500.7,principal
SKU_1575_JAD,2024-10-01,135,44416.07,116761.5,principal
SKU_1575_AQU,2024-10-01,206,67775.64,178169.4,principal
SKU_1576_AQU,2024-10-01,135,10883.85,33061.5,principal
SKU_1576_BLU,2024-10-01,129,10400.12,31592.1,principal
SKU_1577_FLA,2024-10-01,40,2033.93,6396.0,principal
SKU_1577_HUN,2024-10-01,189,9610.31,30221.1,principal
SKU_1578_PAS,2024-10-01,252,10361.5,31474.8,principal
SKU_1578_TEA,2024-10-01,31,1274.63,3871.9,principal
SKU_1579_DEN,2024-10-01,213,16120.5,48968.7,principal
SKU_1579_SAG,2024-10-01,223,16877.33,51267.7,principal
SKU_1580_WHI,2024-10-01,310,18720.34,58869.0,principal
SKU_1580_MOS,2024-10-01,207,12500.36,39309.3,principal
SKU_1581_BIR,2024-10-01,238,55800.56,203466.2,principal
SKU_1581_COB,2024-10-01,143,33527.23,122250.7,principal
SKU_1582_WHI,2024-10-01,366,24667.61,84143.4,principal
SKU_1582_PAS,2024-10-01,141,9503.1,32415.9,principal
SKU_1583_WHI,2024-10-01,155,10560.89,39509.5,principal
SKU_1583_BLU,2024-10-01,207,14103.9,52764.3,principal
SKU_1584_AQU,2024-10-01,173,10459.98,31987.7,principal
SKU_1584_FLA,2024-10-01,128,7739.17,23667.2,principal
SKU_1585_COR,2024-10-01,131,16444.27,41906.9,principal
SKU_1585_BLA,2024-10-01,121,15188.98,38707.9,principal
SKU_1586_JAD,2024-10-01,144,16691.15,43905.6,principal
SKU_1586_EGR,2024-10-01,342,39641.49,104275.8,principal
SKU_1587_DEE,2024-10-01,201,14694.75,46209.9,principal
SKU_1587_LIG,2024-10-01,144,10527.58,33105.6,principal
SKU_1588_PAS,2024-10-01,117,18227.22,57318.3,principal
SKU_1588_CRE,2024-10-01,370,57641.63,181263.0,principal
SKU_1589_TUR,2024-10-01,136,30606.38,92466.4,principal
SKU_1589_CER,2024-10-01,186,41858.72,126461.4,principal
SKU_1590_MYS,2024-10-01,364,22755.49,69123.6,principal
SKU_1590_HOT,2024-10-01,137,8564.57,26016.3,principal
SKU_1591_HON,2024-10-01,29,8206.66,25807.1,principal
SKU_1591_MYS,2024-10-01,356,100743.8,316804.4,principal
SKU_1592_CER,2024-10-01,147,9811.99,30855.3,principal
SKU_1592_SAG,2024-10-01,189,12615.41,39671.1,principal
SKU_1593_LIG,2024-10-01,139,6666.7,20141.1,principal
SKU_1593_FUC,2024-10-01,129,6187.09,18692.1,principal
SKU_1594_BAL,2024-10-01,151,24849.63,75484.9,principal
SKU_1594_WHI,2024-10-01,211,34723.65,105478.9,principal
SKU_1595_FLA,2024-10-01,167,16577.57,50083.3,principal
SKU_1595_MYS,2024-10-01,181,17967.31,54281.9,principal
SKU_1596_BIR,2024-10-01,195,17646.93,53605.5,principal
SKU_1596_CER,2024-10-01,125,11312.14,34362.5,principal
SKU_1597_SHO,2024-10-01,371,62516.54,196592.9,principal
SKU_1597_FLA,2024-10-01,144,24265.18,76305.6,principal
SKU_1598_NAV,2024-10-01,146,22745.08,71525.4,principal
SKU_1598_DUS,2024-10-01,195,30378.7,95530.5,principal
SKU_1599_WHI,2024-10-01,344,53213.73,161645.6,principal
SKU_1599_CER,2024-10-01,147,22739.59,69075.3,principal
SKU_1600_LIG,2024-10-01,308,40040.33,121629.2,principal
SKU_1600_SHO,2024-10-01,132,17160.14,52126.8,principal
SKU_1601_EME,2024-10-01,381,92678.97,279996.9,principal
SKU_1601_AQU,2024-10-01,208,50596.4,152859.2,principal
SKU_1602_AQU,2024-10-01,348,23700.46,80005.2,principal
SKU_1602_PAS,2024-10-01,109,7423.42,25059.1,principal
SKU_1603_BUB,2024-10-01,310,64248.5,230919.0,principal
SKU_1603_PEA,2024-10-01,141,29222.71,105030.9,principal
SKU_1604_CLE,2024-10-01,225,36380.2,136102.5,principal
SKU_1604_SNO,2024-10-01,324,52387.49,195987.6,principal
SKU_1605_VAN,2024-10-01,56,3657.38,12314.4,principal
SKU_1605_COR,2024-10-01,214,13976.4,47058.6,principal
SKU_1606_COB,2024-10-01,178,68825.19,193112.2,principal
SKU_1606_SEA,2024-10-01,140,54132.17,151886.0,principal
SKU_1607_GAR,2024-10-01,359,35636.82,107664.1,principal
SKU_1607_MAR,2024-10-01,142,14095.9,42585.8,principal
SKU_1608_WHI,2024-10-01,210,21078.35,64029.0,principal
SKU_1608_MID,2024-10-01,343,34427.97,104580.7,principal
SKU_1609_LIM,2024-10-01,125,10728.52,33737.5,principal
SKU_1609_SAP,2024-10-01,142,12187.6,38325.8,principal
SKU_1610_PRI,2024-10-01,156,9495.58,28844.4,principal
SKU_1610_MEX,2024-10-01,135,8217.33,24961.5,principal
SKU_1611_MID,2024-10-01,129,9338.45,28367.1,principal
SKU_1611_BRI,2024-10-01,119,8614.54,26168.1,principal
SKU_1612_PAL,2024-10-01,159,16178.23,52454.1,principal
SKU_1612_SNO,2024-10-01,325,33068.71,107217.5,principal
SKU_1613_BIR,2024-10-01,146,7860.6,27725.4,principal
SKU_1613_AQU,2024-10-01,219,11790.9,41588.1,principal
SKU_1614_VAN,2024-10-01,204,25893.71,90759.6,principal
SKU_1614_IVO,2024-10-01,363,46075.58,161498.7,principal
SKU_1615_MOS,2024-10-01,331,48780.56,153881.9,principal
SKU_1615_SHO,2024-10-01,326,48043.7,151557.4,principal
SKU_1616_SER,2024-10-01,138,53802.33,141436.2,principal
SKU_1616_COR,2024-10-01,160,62379.51,163984.0,principal
SKU_1617_DEN,2024-10-01,78,4889.69,12862.2,principal
SKU_1617_MIN,2024-10-01,362,22693.2,59693.8,principal
SKU_1618_SAL,2024-10-01,348,20722.32,62605.2,principal
SKU_1618_SAP,2024-10-01,347,20662.77,62425.3,principal
SKU_1619_IVO,2024-10-01,217,14280.14,43378.3,principal
SKU_1619_PAS,2024-10-01,321,21124.07,64167.9,principal
SKU_1620_SAG,2024-10-01,131,11486.33,34701.9,principal
SKU_1620_BLU,2024-10-01,69,6050.05,18278.1,principal
SKU_1621_PAS,2024-10-01,248,19282.47,58255.2,principal
SKU_1621_FUC,2024-10-01,67,5209.38,15738.3,principal
SKU_1622_VAN,2024-10-01,141,11565.49,38055.9,principal
SKU_1622_CLO,2024-10-01,106,8694.62,28609.4,principal
SKU_1623_EGR,2024-10-01,31,8113.5,28361.9,principal
SKU_1623_SER,2024-10-01,349,91342.31,319300.1,principal
SKU_1624_PRI,2024-10-01,195,12045.85,40930.5,principal
SKU_1624_ARM,2024-10-01,158,9760.22,33164.2,principal
SKU_1625_GAR,2024-10-01,189,12276.17,38726.1,principal
SKU_1625_DUS,2024-10-01,372,24162.63,76222.8,principal
SKU_1626_BAB,2024-10-01,143,29369.05,77205.7,principal
SKU_1626_DEN,2024-10-01,206,42307.86,111219.4,principal
SKU_1627_BAB,2024-10-01,219,23914.12,72248.1,principal
SKU_1627_MOS,2024-10-01,184,20092.23,60701.6,principal
SKU_1628_PEA,2024-10-01,237,42903.42,130326.3,principal
SKU_1628_POW,2024-10-01,151,27335.09,83034.9,principal
SKU_1629_CLO,2024-10-01,130,10537.57,33137.0,principal
SKU_1629_ARM,2024-10-01,131,10618.62,33391.9,principal
SKU_1630_LIM,2024-10-01,75,8313.89,25117.5,principal
SKU_1630_SNO,2024-10-01,202,22392.08,67649.8,principal
SKU_1631_BAL,2024-10-01,332,18993.12,59726.8,principal
SKU_1631_SNO,2024-10-01,304,17391.29,54689.6,principal
SKU_1632_SAP,2024-10-01,145,8874.28,26810.5,principal
SKU_1632_SPA,2024-10-01,165,10098.31,30508.5,principal
SKU_1633_SER,2024-10-01,322,24052.82,75637.8,principal
SKU_1633_DEN,2024-10-01,138,10308.35,32416.2,principal
SKU_1634_NAV,2024-10-01,68,22055.59,66633.2,principal
SKU_1634_SAP,2024-10-01,15,4865.2,14698.5,principal
SKU_1635_TEA,2024-10-01,134,25776.0,81056.6,principal
SKU_1635_SAG,2024-10-01,313,60208.12,189333.7,principal
SKU_1636_LIG,2024-10-01,129,18681.15,56747.1,principal
SKU_1636_SHO,2024-10-01,133,19260.41,58506.7,principal
SKU_1637_BLU,2024-10-01,145,42416.59,133385.5,principal
SKU_1637_WHI,2024-10-01,142,41539.0,130625.8,principal
SKU_1638_PEA,2024-10-01,316,114546.27,360208.4,principal
SKU_1638_SAP,2024-10-01,112,40598.68,127668.8,principal
SKU_1639_FRE,2024-10-01,184,11111.43,34941.6,principal
SKU_1639_WHI,2024-10-01,359,21679.36,68174.1,principal
SKU_1640_IVO,2024-10-01,46,3329.99,10115.4,principal
SKU_1640_TEA,2024-10-01,315,22803.19,69268.5,principal
SKU_1641_MEX,2024-10-01,338,34921.55,109816.2,principal
SKU_1641_SER,2024-10-01,124,12811.46,40287.6,principal
SKU_1642_OFF,2024-10-01,366,27245.74,82313.4,principal
SKU_1642_SAL,2024-10-01,159,11836.26,35759.1,principal
SKU_1643_PAS,2024-10-01,368,25338.67,82763.2,principal
SKU_1643_EGR,2024-10-01,30,2065.65,6747.0,principal
SKU_1644_BAB,2024-10-01,144,13243.68,46065.6,principal
SKU_1644_PEA,2024-10-01,331,30442.06,105886.9,principal
SKU_1645_MYS,2024-10-01,374,42670.21,149562.6,principal
SKU_1645_MIN,2024-10-01,374,42670.21,149562.6,principal
SKU_1646_BLU,2024-10-01,126,8184.12,25817.4,principal
SKU_1646_CLE,2024-10-01,182,11821.5,37291.8,principal
SKU_1647_BLA,2024-10-01,361,40087.36,122703.9,principal
SKU_1647_ARM,2024-10-01,190,21098.61,64581.0,principal
SKU_1648_RAS,2024-10-01,207,51634.98,144879.3,principal
SKU_1648_FLA,2024-10-01,118,29434.43,82588.2,principal
SKU_1649_FLA,2024-10-01,139,10748.74,32651.1,principal
SKU_1649_GAR,2024-10-01,364,28147.79,85503.6,principal
SKU_1650_OLI,2024-10-01,343,109608.46,344680.7,principal
SKU_1650_EGR,2024-10-01,116,37068.75,116568.4,principal
SKU_1651_PAS,2024-10-01,187,16396.52,49536.3,principal
SKU_1651_SAL,2024-10-01,128,11223.28,33907.2,principal
SKU_1652_TEA,2024-10-01,347,23463.12,76305.3,principal
SKU_1652_MOS,2024-10-01,177,11968.22,38922.3,principal
SKU_1653_ROS,2024-10-01,369,42419.12,132803.1,principal
SKU_1653_BAB,2024-10-01,142,16323.89,51105.8,principal
SKU_1654_CRE,2024-10-01,203,18406.81,62909.7,principal
SKU_1654_NAV,2024-10-01,327,29650.38,101337.3,principal
SKU_1655_SNO,2024-10-01,232,48377.1,149616.8,principal
SKU_1655_TEA,2024-10-01,113,23562.98,72873.7,principal
SKU_1656_FUC,2024-10-01,38,3227.29,8926.2,principal
SKU_1656_SNO,2024-10-01,241,20467.84,56610.9,principal
SKU_1657_SPA,2024-10-01,362,27590.93,77793.8,principal
SKU_1657_EME,2024-10-01,139,10594.31,29871.1,principal
SKU_1658_BAB,2024-10-01,126,42235.16,110867.4,principal
SKU_1658_MYS,2024-10-01,198,66369.53,174220.2,principal
SKU_1659_MOS,2024-10-01,226,76668.67,231627.4,principal
SKU_1659_SNO,2024-10-01,196,66491.41,200880.4,principal
SKU_1660_NAV,2024-10-01,148,15342.43,46605.2,principal
SKU_1660_MAG,2024-10-01,345,35764.45,108640.5,principal
SKU_1661_WHI,2024-10-01,314,102884.27,310828.6,principal
SKU_1661_CER,2024-10-01,198,64876.07,196000.2,principal
SKU_1662_PIS,2024-10-01,220,13648.26,43978.0,principal
SKU_1662_LIG,2024-10-01,212,13151.96,42378.8,principal
SKU_1663_SNO,2024-10-01,325,82957.39,258342.5,principal
SKU_1663_FLA,2024-10-01,348,88828.22,276625.2,principal
SKU_1664_PIN,2024-10-01,389,38733.02,128331.1,principal
SKU_1664_MIN,2024-10-01,321,31962.21,105897.9,principal
SKU_1665_SAG,2024-10-01,53,3921.87,13244.7,principal
SKU_1665_RAS,2024-10-01,231,17093.45,57726.9,principal
SKU_1666_FUC,2024-10-01,217,60875.21,173578.3,principal
SKU_1666_PAS,2024-10-01,333,93416.8,266366.7,principal
SKU_1667_LIG,2024-10-01,120,9166.32,25188.0,principal
SKU_1667_MID,2024-10-01,150,11457.9,31485.0,principal
SKU_1668_DEN,2024-10-01,369,38627.13,99593.1,principal
SKU_1668_VAN,2024-10-01,113,11828.91,30498.7,principal
SKU_1669_COR,2024-10-01,122,9408.89,24387.8,principal
SKU_1669_TEA,2024-10-01,238,18355.04,47576.2,principal
SKU_1670_SAP,2024-10-01,167,8009.64,24198.3,principal
SKU_1671_SEA,2024-10-01,196,20699.0,68580.4,principal
SKU_1671_MIN,2024-10-01,208,21966.29,72779.2,principal
SKU_1672_TEA,2024-10-01,197,18360.96,58095.3,principal
SKU_1672_FOR,2024-10-01,188,17522.14,55441.2,principal
SKU_1673_PEA,2024-10-01,130,18116.65,53287.0,principal
SKU_1673_FUC,2024-10-01,351,48914.95,143874.9,principal
SKU_1674_PAS,2024-10-01,321,26856.24,73797.9,principal
SKU_1674_WHI,2024-10-01,350,29282.5,80465.0,principal
SKU_1675_CRE,2024-10-01,343,86841.39,262360.7,principal
SKU_1675_DEN,2024-10-01,180,45572.74,137682.0,principal
SKU_1676_PIN,2024-10-01,147,8221.87,24975.3,principal
SKU_1676_NAV,2024-10-01,148,8277.8,25145.2,principal
SKU_1677_POW,2024-10-01,205,45304.33,116829.5,principal
SKU_1677_VAN,2024-10-01,340,75138.88,193766.0,principal
SKU_1678_LIG,2024-10-01,141,37184.44,100800.9,principal
SKU_1678_MAG,2024-10-01,135,35602.12,96511.5,principal
SKU_1679_SHO,2024-10-01,217,74749.86,199618.3,principal
SKU_1679_GAR,2024-10-01,141,48570.19,129705.9,principal
SKU_1000_COR,2024-11-01,0,0.0,0.0,principal
SKU_1000_EME,2024-11-01,134,8007.44,27456.6,principal
SKU_1000_ROY,2024-11-01,179,10696.51,36677.1,principal
SKU_1001_AQU,2024-11-01,92,23113.64,86470.8,principal
SKU_1001_SAP,2024-11-01,165,41453.82,155083.5,principal
SKU_1002_COR,2024-11-01,63,4839.17,14798.7,principal
SKU_1002_MYS,2024-11-01,59,4531.93,13859.1,principal
SKU_1003_SNO,2024-11-01,120,17182.41,43788.0,principal
SKU_1003_DUS,2024-11-01,160,22909.88,58384.0,principal
SKU_1004_FOR,2024-11-01,0,0.0,0.0,principal
SKU_1004_MEX,2024-11-01,97,11058.97,29090.3,principal
SKU_1005_OLI,2024-11-01,0,0.0,0.0,principal
SKU_1005_MYS,2024-11-01,0,0.0,0.0,principal
SKU_1006_MOS,2024-11-01,90,5434.94,17091.0,principal
SKU_1006_FOR,2024-11-01,81,4891.44,15381.9,principal
SKU_1007_COB,2024-11-01,148,13879.17,43645.2,principal
SKU_1007_FOR,2024-11-01,130,12191.17,38337.0,principal
SKU_1008_MEX,2024-11-01,146,15701.12,47435.4,principal
SKU_1008_WHI,2024-11-01,123,13227.65,39962.7,principal
SKU_1009_BAB,2024-11-01,169,24035.27,87018.1,principal
SKU_1009_MAG,2024-11-01,0,0.0,0.0,principal
SKU_1010_SNO,2024-11-01,120,13584.31,45588.0,principal
SKU_1010_BRI,2024-11-01,0,0.0,0.0,principal
SKU_1011_CER,2024-11-01,72,5001.93,18712.8,principal
SKU_1011_MIN,2024-11-01,54,3751.45,14034.6,principal
SKU_1012_VAN,2024-11-01,124,35719.48,120267.6,principal
SKU_1012_CLO,2024-11-01,157,45225.47,152274.3,principal
SKU_1013_LIG,2024-11-01,92,6295.92,16550.8,principal
SKU_1013_LIG,2024-11-01,92,6295.92,16550.8,principal
SKU_1014_FLA,2024-11-01,135,17869.53,53986.5,principal
SKU_1014_MIN,2024-11-01,155,20516.87,61984.5,principal
SKU_1015_ROY,2024-11-01,152,47036.69,142104.8,principal
SKU_1015_TUR,2024-11-01,51,15782.05,47679.9,principal
SKU_1016_HON,2024-11-01,55,3912.25,11819.5,principal
SKU_1016_SNO,2024-11-01,0,0.0,0.0,principal
SKU_1017_PAS,2024-11-01,164,7817.58,24583.6,principal
SKU_1017_BAL,2024-11-01,87,4147.13,13041.3,principal
SKU_1018_TEA,2024-11-01,158,6024.26,18944.2,principal
SKU_1018_ARM,2024-11-01,165,6291.15,19783.5,principal
SKU_1019_NAV,2024-11-01,65,5348.93,17218.5,principal
SKU_1019_GAR,2024-11-01,81,6665.59,21456.9,principal
SKU_1020_NAV,2024-11-01,54,3285.01,10794.6,principal
SKU_1020_LIG,2024-11-01,100,6083.36,19990.0,principal
SKU_1021_CRE,2024-11-01,87,6625.38,24786.3,principal
SKU_1021_PAS,2024-11-01,176,13403.06,50142.4,principal
SKU_1022_PAL,2024-11-01,142,14854.24,45425.8,principal
SKU_1022_DEN,2024-11-01,63,6590.26,20153.7,principal
SKU_1023_DEN,2024-11-01,142,15596.25,39745.8,principal
SKU_1023_FOR,2024-11-01,180,19769.9,50382.0,principal
SKU_1024_VAN,2024-11-01,165,13166.27,34633.5,principal
SKU_1024_DEN,2024-11-01,76,6064.46,15952.4,principal
SKU_1025_WHI,2024-11-01,119,18349.59,57703.1,principal
SKU_1025_MIN,2024-11-01,104,16036.61,50429.6,principal
SKU_1026_CLO,2024-11-01,0,0.0,0.0,principal
SKU_1026_SPA,2024-11-01,62,8468.27,25723.8,principal
SKU_1027_MAR,2024-11-01,189,25236.83,79361.1,principal
SKU_1027_BIR,2024-11-01,174,23233.91,73062.6,principal
SKU_1028_BLU,2024-11-01,99,19830.51,62360.1,principal
SKU_1028_AQU,2024-11-01,59,11818.18,37164.1,principal
SKU_1029_BLU,2024-11-01,179,13940.2,43837.1,principal
SKU_1029_BAL,2024-11-01,76,5918.74,18612.4,principal
SKU_1030_CRE,2024-11-01,92,19013.47,59790.8,principal
SKU_1030_DEN,2024-11-01,69,14260.11,44843.1,principal
SKU_1031_COR,2024-11-01,154,24207.55,73134.6,principal
SKU_1031_HON,2024-11-01,0,0.0,0.0,principal
SKU_1032_EME,2024-11-01,153,16780.76,52769.7,principal
SKU_1032_HON,2024-11-01,154,16890.44,53114.6,principal
SKU_1033_NAV,2024-11-01,164,33893.58,106583.6,principal
SKU_1033_LIM,2024-11-01,111,22940.17,72138.9,principal
SKU_1034_PAS,2024-11-01,87,6154.82,18696.3,principal
SKU_1034_PIS,2024-11-01,109,7711.21,23424.1,principal
SKU_1035_SAP,2024-11-01,172,35820.41,112642.8,principal
SKU_1035_FUC,2024-11-01,160,33321.31,104784.0,principal
SKU_1036_BIR,2024-11-01,80,19749.37,59992.0,principal
SKU_1036_MID,2024-11-01,88,21724.3,65991.2,principal
SKU_1037_PRI,2024-11-01,54,3604.4,11334.6,principal
SKU_1037_SPA,2024-11-01,107,7142.06,22459.3,principal
SKU_1038_LIG,2024-11-01,51,4133.97,12999.9,principal
SKU_1038_FLA,2024-11-01,116,9402.75,29568.4,principal
SKU_1039_ARM,2024-11-01,71,3640.3,10997.9,principal
SKU_1039_MIN,2024-11-01,87,4460.66,13476.3,principal
SKU_1040_BLA,2024-11-01,85,9145.21,29741.5,principal
SKU_1040_BAB,2024-11-01,85,9145.21,29741.5,principal
SKU_1041_EME,2024-11-01,106,6936.18,23309.4,principal
SKU_1041_SNO,2024-11-01,66,4318.75,14513.4,principal
SKU_1042_SEA,2024-11-01,124,11491.71,39047.6,principal
SKU_1042_EME,2024-11-01,163,15106.04,51328.7,principal
SKU_1043_SPA,2024-11-01,55,14291.49,48119.5,principal
SKU_1043_CER,2024-11-01,78,20267.93,68242.2,principal
SKU_1044_SER,2024-11-01,186,60841.71,159941.4,principal
SKU_1044_COR,2024-11-01,125,40888.24,107487.5,principal
SKU_1045_FOR,2024-11-01,50,4845.14,12745.0,principal
SKU_1045_BUB,2024-11-01,131,12694.26,33391.9,principal
SKU_1046_SNO,2024-11-01,0,0.0,0.0,principal
SKU_1046_PAS,2024-11-01,74,3916.59,11832.6,principal
SKU_1047_ROY,2024-11-01,168,11672.12,35263.2,principal
SKU_1047_DEE,2024-11-01,62,4307.57,13013.8,principal
SKU_1048_MAR,2024-11-01,146,11530.36,35025.4,principal
SKU_1048_PEA,2024-11-01,0,0.0,0.0,principal
SKU_1049_BAL,2024-11-01,153,38022.5,115499.7,principal
SKU_1049_LIG,2024-11-01,176,43738.3,132862.4,principal
SKU_1050_BUB,2024-11-01,0,0.0,0.0,principal
SKU_1050_PRI,2024-11-01,154,13693.84,46954.6,principal
SKU_1051_CLE,2024-11-01,126,28734.56,94487.4,principal
SKU_1051_LIG,2024-11-01,170,38768.86,127483.0,principal
SKU_1052_PAS,2024-11-01,142,13162.54,46135.8,principal
SKU_1052_FRE,2024-11-01,112,10381.72,36388.8,principal
SKU_1053_SHO,2024-11-01,0,0.0,0.0,principal
SKU_1053_NAV,2024-11-01,59,6171.83,18874.1,principal
SKU_1054_DEE,2024-11-01,105,13281.07,37264.5,principal
SKU_1054_PAS,2024-11-01,72,9107.02,25552.8,principal
SKU_1055_LIG,2024-11-01,188,70622.56,213361.2,principal
SKU_1055_PAL,2024-11-01,0,0.0,0.0,principal
SKU_1056_CRE,2024-11-01,135,10496.51,31711.5,principal
SKU_1056_OLI,2024-11-01,162,12595.81,38053.8,principal
SKU_1057_ROY,2024-11-01,58,3530.41,10724.2,principal
SKU_1057_SNO,2024-11-01,0,0.0,0.0,principal
SKU_1058_MID,2024-11-01,66,4090.56,12863.4,principal
SKU_1058_SHO,2024-11-01,122,7561.34,23777.8,principal
SKU_1059_PEA,2024-11-01,92,8773.87,27590.8,principal
SKU_1059_OFF,2024-11-01,156,14877.44,46784.4,principal
SKU_1060_CRE,2024-11-01,142,48444.87,157605.8,principal
SKU_1060_LIM,2024-11-01,59,20128.5,65484.1,principal
SKU_1061_PAS,2024-11-01,153,17694.95,62714.7,principal
SKU_1061_EGR,2024-11-01,60,6939.2,24594.0,principal
SKU_1062_OLI,2024-11-01,166,9467.22,33183.4,principal
SKU_1062_MID,2024-11-01,130,7414.09,25987.0,principal
SKU_1063_SNO,2024-11-01,111,6506.08,20523.9,principal
SKU_1063_SAP,2024-11-01,60,3516.8,11094.0,principal
SKU_1064_PRI,2024-11-01,100,6768.04,18990.0,principal
SKU_1064_BIR,2024-11-01,140,9475.25,26586.0,principal
SKU_1065_CLE,2024-11-01,141,29934.45,90930.9,principal
SKU_1065_COB,2024-11-01,126,26749.94,81257.4,principal
SKU_1066_IVO,2024-11-01,173,10301.61,31122.7,principal
SKU_1066_WHI,2024-11-01,80,4763.75,14392.0,principal
SKU_1067_EME,2024-11-01,79,6654.82,20927.1,principal
SKU_1067_WHI,2024-11-01,74,6233.63,19602.6,principal
SKU_1068_COR,2024-11-01,75,19733.39,59617.5,principal
SKU_1068_BAL,2024-11-01,0,0.0,0.0,principal
SKU_1069_OLI,2024-11-01,0,0.0,0.0,principal
SKU_1069_CRE,2024-11-01,88,15434.93,46631.2,principal
SKU_1070_LIG,2024-11-01,0,0.0,0.0,principal
SKU_1070_MID,2024-11-01,153,17466.77,52769.7,principal
SKU_1071_BAB,2024-11-01,176,15637.79,47502.4,principal
SKU_1071_SKY,2024-11-01,146,12972.26,39405.4,principal
SKU_1072_PAS,2024-11-01,152,23138.49,69904.8,principal
SKU_1072_CER,2024-11-01,133,20246.18,61166.7,principal
SKU_1073_FRE,2024-11-01,91,9635.71,29110.9,principal
SKU_1073_BLU,2024-11-01,116,12282.88,37108.4,principal
SKU_1074_JAD,2024-11-01,137,9241.07,28071.3,principal
SKU_1074_PRI,2024-11-01,174,11736.84,35652.6,principal
SKU_1075_NAV,2024-11-01,101,9311.01,29279.9,principal
SKU_1075_LIG,2024-11-01,166,15303.24,48123.4,principal
SKU_1076_BLU,2024-11-01,0,0.0,0.0,principal
SKU_1076_POW,2024-11-01,140,9904.31,30086.0,principal
SKU_1077_NAV,2024-11-01,65,4752.03,14943.5,principal
SKU_1077_MAR,2024-11-01,84,6141.09,19311.6,principal
SKU_1078_GAR,2024-11-01,0,0.0,0.0,principal
SKU_1078_BLU,2024-11-01,161,15866.26,49893.9,principal
SKU_1079_BAB,2024-11-01,103,9321.2,28314.7,principal
SKU_1079_JAD,2024-11-01,153,13846.05,42059.7,principal
SKU_1080_TEA,2024-11-01,109,16460.98,51764.1,principal
SKU_1080_MAR,2024-11-01,72,10873.31,34192.8,principal
SKU_1081_EGR,2024-11-01,58,5096.24,16234.2,principal
SKU_1081_PAS,2024-11-01,125,10983.28,34987.5,principal
SKU_1082_PIN,2024-11-01,156,10068.58,32744.4,principal
SKU_1082_LIG,2024-11-01,172,11101.25,36102.8,principal
SKU_1083_OFF,2024-11-01,56,7579.52,25754.4,principal
SKU_1083_BAB,2024-11-01,133,18001.36,61166.7,principal
SKU_1084_DUS,2024-11-01,63,20392.93,62363.7,principal
SKU_1084_PAS,2024-11-01,81,26219.48,80181.9,principal
SKU_1085_COB,2024-11-01,114,18618.18,56988.6,principal
SKU_1085_CRE,2024-11-01,84,13718.66,41991.6,principal
SKU_1086_PRI,2024-11-01,177,15620.38,39807.3,principal
SKU_1086_CRE,2024-11-01,72,6354.05,16192.8,principal
SKU_1087_BIR,2024-11-01,84,12158.91,31491.6,principal
SKU_1087_SNO,2024-11-01,142,20554.34,53235.8,principal
SKU_1088_CER,2024-11-01,130,30594.86,92937.0,principal
SKU_1088_HON,2024-11-01,141,33183.66,100800.9,principal
SKU_1089_GAR,2024-11-01,180,17545.68,60282.0,principal
SKU_1089_EGR,2024-11-01,120,11697.12,40188.0,principal
SKU_1090_PAL,2024-11-01,175,7580.7,23607.5,principal
SKU_1090_WHI,2024-11-01,88,3812.01,11871.2,principal
SKU_1091_OFF,2024-11-01,65,5471.23,20468.5,principal
SKU_1091_MOS,2024-11-01,126,10605.77,39677.4,principal
SKU_1092_TUR,2024-11-01,142,15318.58,46845.8,principal
SKU_1092_MIN,2024-11-01,186,20065.18,61361.4,principal
SKU_1093_GAR,2024-11-01,0,0.0,0.0,principal
SKU_1093_TEA,2024-11-01,83,34459.14,96686.7,principal
SKU_1094_FOR,2024-11-01,80,7143.97,18792.0,principal
SKU_1094_DEE,2024-11-01,179,15984.63,42047.1,principal
SKU_1095_COB,2024-11-01,139,18527.74,56281.1,principal
SKU_1095_MAG,2024-11-01,0,0.0,0.0,principal
SKU_1096_HOT,2024-11-01,139,12807.89,38906.1,principal
SKU_1096_CLE,2024-11-01,53,4883.58,14834.7,principal
SKU_1097_AQU,2024-11-01,0,0.0,0.0,principal
SKU_1097_PAL,2024-11-01,126,8962.62,27077.4,principal
SKU_1098_HON,2024-11-01,0,0.0,0.0,principal
SKU_1098_HUN,2024-11-01,161,18380.07,55528.9,principal
SKU_1099_SAL,2024-11-01,61,4564.04,15243.9,principal
SKU_1099_PRI,2024-11-01,84,6284.91,20991.6,principal
SKU_1100_PEA,2024-11-01,78,3940.29,14422.2,principal
SKU_1100_COB,2024-11-01,0,0.0,0.0,principal
SKU_1101_CLE,2024-11-01,0,0.0,0.0,principal
SKU_1101_DEE,2024-11-01,120,13308.33,49788.0,principal
SKU_1102_FLA,2024-11-01,189,54443.4,183311.1,principal
SKU_1102_OFF,2024-11-01,136,39176.2,131906.4,principal
SKU_1103_EGR,2024-11-01,73,3607.22,9482.7,principal
SKU_1103_LIG,2024-11-01,51,2520.11,6624.9,principal
SKU_1104_POW,2024-11-01,73,4346.92,13132.7,principal
SKU_1104_MEX,2024-11-01,118,7026.53,21228.2,principal
SKU_1105_ARM,2024-11-01,0,0.0,0.0,principal
SKU_1105_SER,2024-11-01,172,11601.93,35242.8,principal
SKU_1106_MYS,2024-11-01,118,29264.97,92028.2,principal
SKU_1106_SNO,2024-11-01,78,19344.64,60832.2,principal
SKU_1107_BAL,2024-11-01,148,48473.12,147245.2,principal
SKU_1107_PAS,2024-11-01,52,17031.1,51734.8,principal
SKU_1108_PRI,2024-11-01,115,9512.44,28738.5,principal
SKU_1108_SNO,2024-11-01,97,8023.54,24240.3,principal
SKU_1109_SAG,2024-11-01,0,0.0,0.0,principal
SKU_1109_CER,2024-11-01,187,11790.36,42991.3,principal
SKU_1110_FLA,2024-11-01,157,9913.86,36094.3,principal
SKU_1110_HUN,2024-11-01,0,0.0,0.0,principal
SKU_1111_CRE,2024-11-01,46,2580.89,9655.4,principal
SKU_1111_BLU,2024-11-01,83,4656.82,17421.7,principal
SKU_1112_MIN,2024-11-01,110,8980.98,30239.0,principal
SKU_1112_EGR,2024-11-01,89,7266.43,24466.1,principal
SKU_1113_VAN,2024-11-01,0,0.0,0.0,principal
SKU_1113_OLI,2024-11-01,0,0.0,0.0,principal
SKU_1114_GAR,2024-11-01,91,12045.39,36390.9,principal
SKU_1114_PRI,2024-11-01,131,17340.06,52386.9,principal
SKU_1115_LIM,2024-11-01,135,9602.81,29011.5,principal
SKU_1115_TEA,2024-11-01,0,0.0,0.0,principal
SKU_1116_MOS,2024-11-01,92,7265.71,22070.8,principal
SKU_1116_SNO,2024-11-01,106,8371.36,25429.4,principal
SKU_1117_MOS,2024-11-01,113,8224.92,24848.7,principal
SKU_1117_MIN,2024-11-01,159,11573.12,34964.1,principal
SKU_1118_FUC,2024-11-01,111,10834.92,32733.9,principal
SKU_1118_DUS,2024-11-01,76,7418.5,22412.4,principal
SKU_1119_PAS,2024-11-01,63,2901.47,8813.7,principal
SKU_1119_LIG,2024-11-01,0,0.0,0.0,principal
SKU_1120_AQU,2024-11-01,76,5797.9,18232.4,principal
SKU_1120_SAL,2024-11-01,141,10756.64,33825.9,principal
SKU_1121_MYS,2024-11-01,126,10365.65,31487.4,principal
SKU_1121_MIN,2024-11-01,158,12998.2,39484.2,principal
SKU_1122_ROY,2024-11-01,93,13079.7,39515.7,principal
SKU_1122_PIS,2024-11-01,178,25034.26,75632.2,principal
SKU_1123_BAB,2024-11-01,72,10245.38,30952.8,principal
SKU_1123_SER,2024-11-01,0,0.0,0.0,principal
SKU_1124_BLU,2024-11-01,172,21510.85,65342.8,principal
SKU_1124_FOR,2024-11-01,137,17133.64,52046.3,principal
SKU_1125_MIN,2024-11-01,151,7948.5,24144.9,principal
SKU_1125_SAP,2024-11-01,86,4526.96,13751.4,principal
SKU_1126_WHI,2024-11-01,145,32871.78,99310.5,principal
SKU_1126_WHI,2024-11-01,145,32871.78,99310.5,principal
SKU_1127_SAL,2024-11-01,158,10397.52,31584.2,principal
SKU_1127_BLU,2024-11-01,68,4474.88,13593.2,principal
SKU_1128_PRI,2024-11-01,141,19026.41,57795.9,principal
SKU_1128_TEA,2024-11-01,0,0.0,0.0,principal
SKU_1129_VAN,2024-11-01,123,15670.43,47342.7,principal
SKU_1129_SAG,2024-11-01,78,9937.35,30022.2,principal
SKU_1130_CRE,2024-11-01,50,3701.48,12495.0,principal
SKU_1130_MEX,2024-11-01,123,9105.63,30737.7,principal
SKU_1131_CLO,2024-11-01,147,39847.97,130080.3,principal
SKU_1131_JAD,2024-11-01,63,17077.7,55748.7,principal
SKU_1132_NAV,2024-11-01,0,0.0,0.0,principal
SKU_1132_CLE,2024-11-01,181,9316.63,31656.9,principal
SKU_1133_MOS,2024-11-01,78,21078.74,70972.2,principal
SKU_1133_PEA,2024-11-01,158,42697.97,143764.2,principal
SKU_1134_DUS,2024-11-01,68,6001.05,15293.2,principal
SKU_1134_PIN,2024-11-01,163,14384.87,36658.7,principal
SKU_1135_ROS,2024-11-01,118,8070.11,21228.2,principal
SKU_1135_MAR,2024-11-01,82,5608.04,14751.8,principal
SKU_1136_SNO,2024-11-01,113,9296.18,28238.7,principal
SKU_1136_FUC,2024-11-01,60,4936.02,14994.0,principal
SKU_1137_DEE,2024-11-01,71,9141.83,28747.9,principal
SKU_1137_PAL,2024-11-01,149,19184.97,60330.1,principal
SKU_1138_PEA,2024-11-01,155,11085.32,34859.5,principal
SKU_1138_HON,2024-11-01,124,8868.26,27887.6,principal
SKU_1139_PRI,2024-11-01,111,10651.22,32178.9,principal
SKU_1139_EGR,2024-11-01,140,13433.97,40586.0,principal
SKU_1140_SNO,2024-11-01,149,8905.58,29785.1,principal
SKU_1140_ROS,2024-11-01,0,0.0,0.0,principal
SKU_1141_SKY,2024-11-01,73,8060.79,26637.7,principal
SKU_1141_CLE,2024-11-01,183,20207.18,66776.7,principal
SKU_1142_MIN,2024-11-01,86,7813.55,29231.4,principal
SKU_1142_PAS,2024-11-01,77,6995.86,26172.3,principal
SKU_1143_IVO,2024-11-01,131,8348.93,25531.9,principal
SKU_1143_SNO,2024-11-01,58,3696.47,11304.2,principal
SKU_1144_SEA,2024-11-01,147,18447.61,48495.3,principal
SKU_1144_BUB,2024-11-01,178,22337.92,58722.2,principal
SKU_1145_MOS,2024-11-01,115,17125.44,51738.5,principal
SKU_1145_LIG,2024-11-01,0,0.0,0.0,principal
SKU_1146_FRE,2024-11-01,61,9436.16,28663.9,principal
SKU_1146_CER,2024-11-01,134,20728.6,62966.6,principal
SKU_1147_COR,2024-11-01,182,21078.68,63681.8,principal
SKU_1147_MEX,2024-11-01,0,0.0,0.0,principal
SKU_1148_TEA,2024-11-01,88,12667.77,38271.2,principal
SKU_1148_SPA,2024-11-01,160,23032.3,69584.0,principal
SKU_1149_IVO,2024-11-01,108,5491.61,17269.2,principal
SKU_1149_OLI,2024-11-01,127,6457.72,20307.3,principal
SKU_1150_SAG,2024-11-01,135,26870.12,85711.5,principal
SKU_1150_VAN,2024-11-01,171,34035.48,108567.9,principal
SKU_1151_CRE,2024-11-01,128,31653.16,103667.2,principal
SKU_1151_JAD,2024-11-01,131,32395.03,106096.9,principal
SKU_1152_CLO,2024-11-01,176,47745.77,178622.4,principal
SKU_1152_WHI,2024-11-01,108,29298.54,109609.2,principal
SKU_1153_PEA,2024-11-01,167,18594.67,62608.3,principal
SKU_1153_MOS,2024-11-01,68,7571.48,25493.2,principal
SKU_1154_VAN,2024-11-01,93,19520.21,49745.7,principal
SKU_1154_PEA,2024-11-01,116,24347.79,62048.4,principal
SKU_1155_ARM,2024-11-01,146,43009.55,113135.4,principal
SKU_1155_BAB,2024-11-01,99,29164.01,76715.1,principal
SKU_1156_FLA,2024-11-01,162,14676.91,46153.8,principal
SKU_1156_EGR,2024-11-01,91,8244.44,25925.9,principal
SKU_1157_DEE,2024-11-01,128,8001.93,24307.2,principal
SKU_1157_PAS,2024-11-01,106,6626.6,20129.4,principal
SKU_1158_AQU,2024-11-01,168,36857.22,115903.2,principal
SKU_1158_MYS,2024-11-01,96,21061.27,66230.4,principal
SKU_1159_PAS,2024-11-01,95,5656.96,17090.5,principal
SKU_1159_PRI,2024-11-01,103,6133.33,18529.7,principal
SKU_1160_DUS,2024-11-01,157,10648.04,32169.3,principal
SKU_1160_LIM,2024-11-01,57,3865.85,11679.3,principal
SKU_1161_MEX,2024-11-01,87,12235.85,36966.3,principal
SKU_1161_DUS,2024-11-01,0,0.0,0.0,principal
SKU_1162_HOT,2024-11-01,169,40838.55,128423.1,principal
SKU_1162_BUB,2024-11-01,163,39388.66,123863.7,principal
SKU_1163_HUN,2024-11-01,140,11517.39,34986.0,principal
SKU_1163_SPA,2024-11-01,141,11599.66,35235.9,principal
SKU_1164_BRI,2024-11-01,166,10552.32,33183.4,principal
SKU_1164_MIN,2024-11-01,81,5149.02,16191.9,principal
SKU_1165_HUN,2024-11-01,0,0.0,0.0,principal
SKU_1165_MAR,2024-11-01,169,18266.91,57443.1,principal
SKU_1166_PIS,2024-11-01,85,16350.45,51416.5,principal
SKU_1166_FRE,2024-11-01,145,27891.94,87710.5,principal
SKU_1167_WHI,2024-11-01,105,24872.21,78214.5,principal
SKU_1167_JAD,2024-11-01,85,20134.65,63316.5,principal
SKU_1168_GAR,2024-11-01,140,35213.77,106386.0,principal
SKU_1168_BLU,2024-11-01,0,0.0,0.0,principal
SKU_1169_BUB,2024-11-01,124,7882.46,24787.6,principal
SKU_1169_MEX,2024-11-01,132,8391.0,26386.8,principal
SKU_1170_GAR,2024-11-01,110,32406.12,98439.0,principal
SKU_1170_OFF,2024-11-01,65,19149.07,58168.5,principal
SKU_1171_MIN,2024-11-01,68,3849.39,12573.2,principal
SKU_1171_EME,2024-11-01,128,7245.92,23667.2,principal
SKU_1172_ARM,2024-11-01,51,5632.31,18354.9,principal
SKU_1172_PIN,2024-11-01,53,5853.19,19074.7,principal
SKU_1173_GAR,2024-11-01,57,4946.98,16809.3,principal
SKU_1173_AQU,2024-11-01,61,5294.13,17988.9,principal
SKU_1174_PEA,2024-11-01,92,6121.52,19310.8,principal
SKU_1174_BLU,2024-11-01,79,5256.53,16582.1,principal
SKU_1175_FUC,2024-11-01,58,5114.23,15654.2,principal
SKU_1175_CLE,2024-11-01,77,6789.58,20782.3,principal
SKU_1176_GAR,2024-11-01,183,22617.33,59456.7,principal
SKU_1176_NAV,2024-11-01,165,20392.67,53608.5,principal
SKU_1177_MIN,2024-11-01,157,12399.09,37664.3,principal
SKU_1177_PEA,2024-11-01,97,7660.58,23270.3,principal
SKU_1178_RAS,2024-11-01,159,16174.78,50864.1,principal
SKU_1178_MID,2024-11-01,118,12003.93,37748.2,principal
SKU_1179_TUR,2024-11-01,123,13294.85,41807.7,principal
SKU_1179_VAN,2024-11-01,157,16969.85,53364.3,principal
SKU_1180_ROY,2024-11-01,147,22440.86,77895.3,principal
SKU_1180_AQU,2024-11-01,92,14044.62,48750.8,principal
SKU_1181_AQU,2024-11-01,169,15170.5,48993.1,principal
SKU_1181_SER,2024-11-01,116,10412.89,33628.4,principal
SKU_1182_BIR,2024-11-01,106,26870.94,89029.4,principal
SKU_1182_PIN,2024-11-01,112,28391.94,94068.8,principal
SKU_1183_POW,2024-11-01,107,23194.14,69539.3,principal
SKU_1183_MOS,2024-11-01,162,35116.36,105283.8,principal
SKU_1184_HOT,2024-11-01,128,15249.11,43507.2,principal
SKU_1184_BAB,2024-11-01,0,0.0,0.0,principal
SKU_1185_BAL,2024-11-01,76,28479.29,75232.4,principal
SKU_1185_MAG,2024-11-01,122,45716.75,120767.8,principal
SKU_1186_FLA,2024-11-01,0,0.0,0.0,principal
SKU_1186_MEX,2024-11-01,151,23606.9,71709.9,principal
SKU_1187_JAD,2024-11-01,79,8103.58,24482.1,principal
SKU_1187_OLI,2024-11-01,108,11078.31,33469.2,principal
SKU_1188_TEA,2024-11-01,57,4526.19,13674.3,principal
SKU_1188_BAB,2024-11-01,63,5002.63,15113.7,principal
SKU_1189_FUC,2024-11-01,0,0.0,0.0,principal
SKU_1189_ROY,2024-11-01,176,13684.33,41342.4,principal
SKU_1190_TEA,2024-11-01,87,14669.37,50451.3,principal
SKU_1190_MAG,2024-11-01,120,20233.62,69588.0,principal
SKU_1191_MIN,2024-11-01,52,2993.03,9614.8,principal
SKU_1191_MYS,2024-11-01,118,6791.87,21818.2,principal
SKU_1192_MAR,2024-11-01,79,5087.08,18557.1,principal
SKU_1192_RAS,2024-11-01,0,0.0,0.0,principal
SKU_1193_CLE,2024-11-01,108,15185.9,48049.2,principal
SKU_1193_ROS,2024-11-01,66,9280.27,29363.4,principal
SKU_1194_FLA,2024-11-01,105,8097.66,23089.5,principal
SKU_1194_SAG,2024-11-01,90,6940.85,19791.0,principal
SKU_1195_HUN,2024-11-01,114,18264.54,53568.6,principal
SKU_1195_SAL,2024-11-01,0,0.0,0.0,principal
SKU_1196_PEA,2024-11-01,0,0.0,0.0,principal
SKU_1196_RAS,2024-11-01,0,0.0,0.0,principal
SKU_1197_ROS,2024-11-01,95,24859.7,75515.5,principal
SKU_1197_COR,2024-11-01,57,14915.82,45309.3,principal
SKU_1198_SEA,2024-11-01,126,13418.77,42197.4,principal
SKU_1198_SAL,2024-11-01,64,6815.88,21433.6,principal
SKU_1199_PAL,2024-11-01,133,7652.83,27916.7,principal
SKU_1199_TEA,2024-11-01,114,6559.57,23928.6,principal
SKU_1200_MID,2024-11-01,176,9375.52,31662.4,principal
SKU_1200_PAS,2024-11-01,134,7138.18,24106.6,principal
SKU_1201_BIR,2024-11-01,0,0.0,0.0,principal
SKU_1201_SAG,2024-11-01,153,23631.83,74189.7,principal
SKU_1202_LIG,2024-11-01,160,47448.82,130384.0,principal
SKU_1202_CLE,2024-11-01,152,45076.38,123864.8,principal
SKU_1203_OFF,2024-11-01,0,0.0,0.0,principal
SKU_1203_FLA,2024-11-01,101,27889.34,76749.9,principal
SKU_1204_AQU,2024-11-01,44,5939.67,15395.6,principal
SKU_1204_MIN,2024-11-01,138,18628.96,48286.2,principal
SKU_1205_RAS,2024-11-01,109,28679.2,86644.1,principal
SKU_1205_COR,2024-11-01,82,21575.18,65181.8,principal
SKU_1206_HUN,2024-11-01,133,18265.14,55181.7,principal
SKU_1206_BLA,2024-11-01,53,7278.59,21989.7,principal
SKU_1207_POW,2024-11-01,113,37939.87,115248.7,principal
SKU_1207_BLA,2024-11-01,67,22495.32,68333.3,principal
SKU_1208_PAS,2024-11-01,84,20587.27,54171.6,principal
SKU_1208_MOS,2024-11-01,84,20587.27,54171.6,principal
SKU_1209_BLA,2024-11-01,117,12628.14,32748.3,principal
SKU_1209_DUS,2024-11-01,94,10145.68,26310.6,principal
SKU_1210_SHO,2024-11-01,112,8977.25,22948.8,principal
SKU_1210_WHI,2024-11-01,146,11702.49,29915.4,principal
SKU_1211_GAR,2024-11-01,169,17797.57,54063.1,principal
SKU_1211_CRE,2024-11-01,179,18850.68,57262.1,principal
SKU_1212_COB,2024-11-01,179,12517.15,39362.1,principal
SKU_1212_SNO,2024-11-01,97,6783.04,21330.3,principal
SKU_1213_MAG,2024-11-01,95,27361.62,83115.5,principal
SKU_1213_POW,2024-11-01,81,23329.38,70866.9,principal
SKU_1214_BLA,2024-11-01,113,10624.55,33888.7,principal
SKU_1214_RAS,2024-11-01,119,11188.68,35688.1,principal
SKU_1215_MAG,2024-11-01,130,8971.46,28587.0,principal
SKU_1215_BRI,2024-11-01,63,4347.71,13853.7,principal
SKU_1216_WHI,2024-11-01,170,25896.83,96883.0,principal
SKU_1216_CRE,2024-11-01,171,26049.16,97452.9,principal
SKU_1217_ROS,2024-11-01,106,27550.28,86909.4,principal
SKU_1217_RAS,2024-11-01,95,24691.29,77890.5,principal
SKU_1218_BLU,2024-11-01,103,26469.22,67454.7,principal
SKU_1218_SNO,2024-11-01,50,12849.14,32745.0,principal
SKU_1219_MAR,2024-11-01,129,19366.15,50942.1,principal
SKU_1219_LIM,2024-11-01,0,0.0,0.0,principal
SKU_1220_TUR,2024-11-01,87,8780.21,26526.3,principal
SKU_1220_HOT,2024-11-01,56,5651.63,17074.4,principal
SKU_1221_SAG,2024-11-01,121,28277.48,88922.9,principal
SKU_1221_PAL,2024-11-01,0,0.0,0.0,principal
SKU_1222_PAS,2024-11-01,101,28092.25,85334.9,principal
SKU_1222_HON,2024-11-01,115,31986.22,97163.5,principal
SKU_1223_TEA,2024-11-01,176,8395.39,25502.4,principal
SKU_1223_BLA,2024-11-01,87,4149.99,12606.3,principal
SKU_1224_OLI,2024-11-01,0,0.0,0.0,principal
SKU_1224_ARM,2024-11-01,61,8276.01,25308.9,principal
SKU_1225_POW,2024-11-01,112,7291.4,24068.8,principal
SKU_1225_IVO,2024-11-01,171,11132.41,36747.9,principal
SKU_1226_PAL,2024-11-01,166,22964.77,80493.4,principal
SKU_1226_LIG,2024-11-01,135,18676.17,65461.5,principal
SKU_1227_CLO,2024-11-01,117,13896.13,46788.3,principal
SKU_1227_PAS,2024-11-01,137,16271.53,54786.3,principal
SKU_1228_WHI,2024-11-01,173,19679.92,50152.7,principal
SKU_1228_SPA,2024-11-01,83,9441.81,24061.7,principal
SKU_1229_SAL,2024-11-01,79,22363.25,67932.1,principal
SKU_1229_CLO,2024-11-01,143,40480.31,122965.7,principal
SKU_1230_ROS,2024-11-01,118,15534.36,47188.2,principal
SKU_1230_NAV,2024-11-01,134,17640.71,53586.6,principal
SKU_1231_LIG,2024-11-01,134,21285.48,64306.6,principal
SKU_1231_BIR,2024-11-01,0,0.0,0.0,principal
SKU_1232_AQU,2024-11-01,54,6343.48,19164.6,principal
SKU_1232_FOR,2024-11-01,0,0.0,0.0,principal
SKU_1233_JAD,2024-11-01,93,7344.68,22310.7,principal
SKU_1233_SEA,2024-11-01,140,11056.51,33586.0,principal
SKU_1234_MOS,2024-11-01,62,4120.94,12703.8,principal
SKU_1234_SAL,2024-11-01,0,0.0,0.0,principal
SKU_1235_HUN,2024-11-01,0,0.0,0.0,principal
SKU_1235_COR,2024-11-01,143,19383.94,67195.7,principal
SKU_1236_DEE,2024-11-01,100,17666.9,56990.0,principal
SKU_1236_LIM,2024-11-01,185,32683.76,105431.5,principal
SKU_1237_BAB,2024-11-01,100,28527.15,99990.0,principal
SKU_1237_GAR,2024-11-01,171,48781.42,170982.9,principal
SKU_1238_SAP,2024-11-01,134,19535.63,61626.6,principal
SKU_1238_TUR,2024-11-01,0,0.0,0.0,principal
SKU_1239_BAB,2024-11-01,56,6601.61,17354.4,principal
SKU_1239_MID,2024-11-01,58,6837.39,17974.2,principal
SKU_1240_PAL,2024-11-01,192,63200.08,191980.8,principal
SKU_1240_MOS,2024-11-01,0,0.0,0.0,principal
SKU_1241_BAL,2024-11-01,66,7819.62,23753.4,principal
SKU_1241_FLA,2024-11-01,69,8175.06,24833.1,principal
SKU_1242_AQU,2024-11-01,167,16723.08,52588.3,principal
SKU_1242_SKY,2024-11-01,167,16723.08,52588.3,principal
SKU_1243_SNO,2024-11-01,87,7052.39,21306.3,principal
SKU_1243_PIN,2024-11-01,178,14429.02,43592.2,principal
SKU_1244_COB,2024-11-01,178,16409.5,51602.2,principal
SKU_1244_GAR,2024-11-01,85,7836.0,24641.5,principal
SKU_1245_COB,2024-11-01,87,5383.61,18261.3,principal
SKU_1245_SNO,2024-11-01,0,0.0,0.0,principal
SKU_1246_PAL,2024-11-01,116,9550.3,34208.4,principal
SKU_1246_COR,2024-11-01,78,6421.75,23002.2,principal
SKU_1247_SAP,2024-11-01,56,2874.23,10074.4,principal
SKU_1247_SKY,2024-11-01,124,6364.36,22307.6,principal
SKU_1248_AQU,2024-11-01,58,3222.32,9854.2,principal
SKU_1248_SAG,2024-11-01,86,4777.93,14611.4,principal
SKU_1249_WHI,2024-11-01,97,9958.99,26180.3,principal
SKU_1249_ARM,2024-11-01,154,15811.17,41564.6,principal
SKU_1250_AQU,2024-11-01,83,7101.4,21571.7,principal
SKU_1250_BAB,2024-11-01,105,8983.7,27289.5,principal
SKU_1251_SHO,2024-11-01,67,20289.68,61633.3,principal
SKU_1251_COB,2024-11-01,0,0.0,0.0,principal
SKU_1252_NAV,2024-11-01,108,7723.97,24289.2,principal
SKU_1252_FLA,2024-11-01,74,5292.35,16642.6,principal
SKU_1253_SEA,2024-11-01,181,21444.71,65141.9,principal
SKU_1253_FRE,2024-11-01,114,13506.62,41028.6,principal
SKU_1254_SEA,2024-11-01,0,0.0,0.0,principal
SKU_1254_BAB,2024-11-01,45,2828.56,8545.5,principal
SKU_1255_VAN,2024-11-01,42,6261.4,20155.8,principal
SKU_1255_SHO,2024-11-01,178,26536.41,85422.2,principal
SKU_1256_SEA,2024-11-01,157,31051.08,102034.3,principal
SKU_1256_MID,2024-11-01,176,34808.85,114382.4,principal
SKU_1257_SPA,2024-11-01,86,5027.39,17621.4,principal
SKU_1257_EME,2024-11-01,85,4968.93,17416.5,principal
SKU_1258_AQU,2024-11-01,93,7316.8,24635.7,principal
SKU_1258_LIG,2024-11-01,0,0.0,0.0,principal
SKU_1259_ARM,2024-11-01,75,9620.13,26992.5,principal
SKU_1259_POW,2024-11-01,0,0.0,0.0,principal
SKU_1260_WHI,2024-11-01,154,17326.06,52344.6,principal
SKU_1260_ROY,2024-11-01,174,19576.2,59142.6,principal
SKU_1261_PAS,2024-11-01,283,46106.67,140056.7,principal
SKU_1261_PAS,2024-11-01,283,46106.67,140056.7,principal
SKU_1262_BLU,2024-11-01,165,15013.66,45358.5,principal
SKU_1262_OFF,2024-11-01,0,0.0,0.0,principal
SKU_1263_COB,2024-11-01,0,0.0,0.0,principal
SKU_1263_SKY,2024-11-01,145,8826.02,26810.5,principal
SKU_1264_EGR,2024-11-01,190,37152.26,116831.0,principal
SKU_1264_BRI,2024-11-01,128,25028.89,78707.2,principal
SKU_1265_CRE,2024-11-01,113,8224.92,24848.7,principal
SKU_1265_JAD,2024-11-01,113,8224.92,24848.7,principal
SKU_1266_MEX,2024-11-01,109,10761.25,32689.1,principal
SKU_1266_SPA,2024-11-01,177,17474.69,53082.3,principal
SKU_1267_SKY,2024-11-01,137,15186.71,45881.3,principal
SKU_1267_SAP,2024-11-01,0,0.0,0.0,principal
SKU_1268_MYS,2024-11-01,85,9052.35,28466.5,principal
SKU_1268_MAR,2024-11-01,105,11182.31,35164.5,principal
SKU_1269_BAB,2024-11-01,111,37999.19,115428.9,principal
SKU_1269_CER,2024-11-01,58,19855.43,60314.2,principal
SKU_1270_CRE,2024-11-01,187,11690.32,35511.3,principal
SKU_1270_TUR,2024-11-01,129,8064.45,24497.1,principal
SKU_1271_OLI,2024-11-01,89,26073.0,79201.1,principal
SKU_1271_FLA,2024-11-01,50,14647.75,44495.0,principal
SKU_1272_PAS,2024-11-01,0,0.0,0.0,principal
SKU_1272_TEA,2024-11-01,109,13706.41,41409.1,principal
SKU_1273_PAS,2024-11-01,130,31620.97,99437.0,principal
SKU_1273_EGR,2024-11-01,0,0.0,0.0,principal
SKU_1274_MEX,2024-11-01,120,10108.58,31788.0,principal
SKU_1274_BAL,2024-11-01,177,14910.16,46887.3,principal
SKU_1275_MIN,2024-11-01,161,9799.92,29768.9,principal
SKU_1275_BIR,2024-11-01,113,6878.21,20893.7,principal
SKU_1276_WHI,2024-11-01,0,0.0,0.0,principal
SKU_1276_LIG,2024-11-01,370,18643.17,64713.0,principal
SKU_1277_MYS,2024-11-01,308,22051.11,81589.2,principal
SKU_1277_BAB,2024-11-01,372,26633.16,98542.8,principal
SKU_1278_BAB,2024-11-01,278,81684.87,286312.2,principal
SKU_1278_MOS,2024-11-01,404,118707.51,416079.6,principal
SKU_1279_FUC,2024-11-01,416,56203.8,189238.4,principal
SKU_1279_IVO,2024-11-01,324,43774.12,147387.6,principal
SKU_1280_LIM,2024-11-01,408,72691.06,203959.2,principal
SKU_1280_PRI,2024-11-01,0,0.0,0.0,principal
SKU_1281_PIS,2024-11-01,260,52376.16,137774.0,principal
SKU_1281_CER,2024-11-01,0,0.0,0.0,principal
SKU_1282_PIN,2024-11-01,337,23971.45,72421.3,principal
SKU_1282_BAL,2024-11-01,258,18352.03,55444.2,principal
SKU_1283_SNO,2024-11-01,452,27295.47,85834.8,principal
SKU_1283_BAB,2024-11-01,328,19807.33,62287.2,principal
SKU_1284_COR,2024-11-01,0,0.0,0.0,principal
SKU_1284_HOT,2024-11-01,378,88338.25,268342.2,principal
SKU_1285_WHI,2024-11-01,314,91451.53,276288.6,principal
SKU_1285_CLO,2024-11-01,420,122323.7,369558.0,principal
SKU_1286_MAR,2024-11-01,253,18639.96,61959.7,principal
SKU_1286_HOT,2024-11-01,371,27333.69,90857.9,principal
SKU_1287_NAV,2024-11-01,288,32255.52,109411.2,principal
SKU_1287_CER,2024-11-01,305,34159.49,115869.5,principal
SKU_1288_SAG,2024-11-01,227,16026.78,54457.3,principal
SKU_1288_BAB,2024-11-01,425,30006.09,101957.5,principal
SKU_1289_AQU,2024-11-01,794,267401.18,817740.6,principal
SKU_1289_AQU,2024-11-01,794,267401.18,817740.6,principal
SKU_1290_BIR,2024-11-01,395,75865.26,199435.5,principal
SKU_1290_PIN,2024-11-01,0,0.0,0.0,principal
SKU_1291_SAL,2024-11-01,223,17611.44,53497.7,principal
SKU_1291_SPA,2024-11-01,310,24482.27,74369.0,principal
SKU_1292_TEA,2024-11-01,412,42261.68,127678.8,principal
SKU_1292_FLA,2024-11-01,358,36722.53,110944.2,principal
SKU_1293_TEA,2024-11-01,365,36636.17,111288.5,principal
SKU_1293_OFF,2024-11-01,266,26699.24,81103.4,principal
SKU_1294_SEA,2024-11-01,224,14821.39,44777.6,principal
SKU_1294_COR,2024-11-01,0,0.0,0.0,principal
SKU_1295_PIS,2024-11-01,428,72548.17,220377.2,principal
SKU_1295_FLA,2024-11-01,0,0.0,0.0,principal
SKU_1296_DEE,2024-11-01,378,68583.97,245662.2,principal
SKU_1296_PEA,2024-11-01,0,0.0,0.0,principal
SKU_1297_WHI,2024-11-01,0,0.0,0.0,principal
SKU_1297_MIN,2024-11-01,409,26530.31,94029.1,principal
SKU_1298_OFF,2024-11-01,0,0.0,0.0,principal
SKU_1298_IVO,2024-11-01,0,0.0,0.0,principal
SKU_1299_BRI,2024-11-01,0,0.0,0.0,principal
SKU_1299_HOT,2024-11-01,256,16719.44,56294.4,principal
SKU_1300_BIR,2024-11-01,0,0.0,0.0,principal
SKU_1300_TEA,2024-11-01,352,144258.17,404764.8,principal
SKU_1301_AQU,2024-11-01,389,69779.24,211966.1,principal
SKU_1301_GAR,2024-11-01,415,74443.15,226133.5,principal
SKU_1302_EME,2024-11-01,290,40087.01,121771.0,principal
SKU_1302_DUS,2024-11-01,368,50869.04,154523.2,principal
SKU_1303_BIR,2024-11-01,307,16756.64,50624.3,principal
SKU_1303_SAP,2024-11-01,336,18339.52,55406.4,principal
SKU_1304_TUR,2024-11-01,421,66256.22,208352.9,principal
SKU_1304_GAR,2024-11-01,425,66885.74,210332.5,principal
SKU_1305_MAR,2024-11-01,338,38933.23,118266.2,principal
SKU_1305_OFF,2024-11-01,280,32252.38,97972.0,principal
SKU_1306_FRE,2024-11-01,282,77112.39,242491.8,principal
SKU_1306_SPA,2024-11-01,274,74924.81,235612.6,principal
SKU_1307_MAG,2024-11-01,354,25766.56,77844.6,principal
SKU_1307_FOR,2024-11-01,458,33336.4,100714.2,principal
SKU_1308_PAS,2024-11-01,337,46838.59,141506.3,principal
SKU_1308_CER,2024-11-01,390,54204.89,163761.0,principal
SKU_1309_OLI,2024-11-01,0,0.0,0.0,principal
SKU_1309_LIG,2024-11-01,389,46728.66,141946.1,principal
SKU_1310_MOS,2024-11-01,310,24616.14,74369.0,principal
SKU_1310_EGR,2024-11-01,378,30015.81,90682.2,principal
SKU_1311_BAB,2024-11-01,429,124265.46,377477.1,principal
SKU_1311_NAV,2024-11-01,441,127741.42,388035.9,principal
SKU_1312_HOT,2024-11-01,409,33831.21,102209.1,principal
SKU_1312_NAV,2024-11-01,0,0.0,0.0,principal
SKU_1313_SPA,2024-11-01,291,89560.8,272055.9,principal
SKU_1313_SHO,2024-11-01,0,0.0,0.0,principal
SKU_1314_BLU,2024-11-01,288,27485.3,83491.2,principal
SKU_1314_SNO,2024-11-01,0,0.0,0.0,principal
SKU_1315_WHI,2024-11-01,373,42582.39,128647.7,principal
SKU_1315_BLA,2024-11-01,340,38815.05,117266.0,principal
SKU_1316_DEN,2024-11-01,234,39664.19,120486.6,principal
SKU_1316_AQU,2024-11-01,258,43732.31,132844.2,principal
SKU_1317_BLU,2024-11-01,0,0.0,0.0,principal
SKU_1317_ROS,2024-11-01,406,26551.74,87249.4,principal
SKU_1318_PAS,2024-11-01,431,32796.46,103396.9,principal
SKU_1318_MYS,2024-11-01,0,0.0,0.0,principal
SKU_1319_MAR,2024-11-01,256,13869.69,48614.4,principal
SKU_1319_ROS,2024-11-01,432,23405.1,82036.8,principal
SKU_1320_PIS,2024-11-01,0,0.0,0.0,principal
SKU_1320_FOR,2024-11-01,340,15136.9,50966.0,principal
SKU_1321_FLA,2024-11-01,361,19464.77,54113.9,principal
SKU_1321_SER,2024-11-01,384,20704.91,57561.6,principal
SKU_1322_MOS,2024-11-01,0,0.0,0.0,principal
SKU_1322_IVO,2024-11-01,334,41914.98,110186.6,principal
SKU_1323_AQU,2024-11-01,359,40183.01,104074.1,principal
SKU_1323_FRE,2024-11-01,329,36825.1,95377.1,principal
SKU_1324_MID,2024-11-01,331,36144.17,109196.9,principal
SKU_1324_SNO,2024-11-01,466,50885.76,153733.4,principal
SKU_1325_LIG,2024-11-01,436,40620.78,130756.4,principal
SKU_1325_PEA,2024-11-01,269,25061.91,80673.1,principal
SKU_1326_PAS,2024-11-01,332,48889.03,167626.8,principal
SKU_1326_BAB,2024-11-01,409,60227.75,206504.1,principal
SKU_1327_GAR,2024-11-01,403,29882.24,104739.7,principal
SKU_1327_HON,2024-11-01,393,29140.74,102140.7,principal
SKU_1328_EGR,2024-11-01,357,28087.08,94569.3,principal
SKU_1328_LIG,2024-11-01,0,0.0,0.0,principal
SKU_1329_NAV,2024-11-01,277,27138.9,76147.3,principal
SKU_1329_MIN,2024-11-01,309,30274.08,84944.1,principal
SKU_1330_PRI,2024-11-01,321,32927.18,99477.9,principal
SKU_1330_LIM,2024-11-01,442,45338.99,136975.8,principal
SKU_1331_ARM,2024-11-01,361,32131.96,101043.9,principal
SKU_1331_AQU,2024-11-01,393,34980.22,110000.7,principal
SKU_1332_MOS,2024-11-01,481,26253.89,79316.9,principal
SKU_1332_MOS,2024-11-01,481,26253.89,79316.9,principal
SKU_1333_PIS,2024-11-01,375,23571.34,71212.5,principal
SKU_1333_MOS,2024-11-01,327,20554.21,62097.3,principal
SKU_1334_TEA,2024-11-01,261,39731.22,120033.9,principal
SKU_1334_ROY,2024-11-01,0,0.0,0.0,principal
SKU_1335_CRE,2024-11-01,260,29573.05,98774.0,principal
SKU_1335_BRI,2024-11-01,0,0.0,0.0,principal
SKU_1336_LIM,2024-11-01,321,30686.41,112317.9,principal
SKU_1336_PIN,2024-11-01,388,37091.36,135761.2,principal
SKU_1337_DUS,2024-11-01,284,15454.16,52511.6,principal
SKU_1337_MAG,2024-11-01,414,22528.25,76548.6,principal
SKU_1338_OLI,2024-11-01,278,18626.64,56962.2,principal
SKU_1338_PAS,2024-11-01,321,21507.74,65772.9,principal
SKU_1339_JAD,2024-11-01,339,37441.99,105056.1,principal
SKU_1339_EME,2024-11-01,357,39430.06,110634.3,principal
SKU_1340_SNO,2024-11-01,0,0.0,0.0,principal
SKU_1340_POW,2024-11-01,437,164705.77,500321.3,principal
SKU_1341_HOT,2024-11-01,418,23913.03,75198.2,principal
SKU_1341_PEA,2024-11-01,266,15217.38,47853.4,principal
SKU_1342_CRE,2024-11-01,345,38387.53,120715.5,principal
SKU_1342_BAB,2024-11-01,232,25814.22,81176.8,principal
SKU_1343_NAV,2024-11-01,250,26057.97,78725.0,principal
SKU_1343_IVO,2024-11-01,350,36481.17,110215.0,principal
SKU_1344_PAS,2024-11-01,352,35248.65,110844.8,principal
SKU_1344_MID,2024-11-01,284,28439.25,89431.6,principal
SKU_1345_ARM,2024-11-01,299,98392.63,358770.1,principal
SKU_1345_FOR,2024-11-01,300,98721.7,359970.0,principal
SKU_1346_HON,2024-11-01,378,29354.92,100132.2,principal
SKU_1346_PEA,2024-11-01,250,19414.63,66225.0,principal
SKU_1347_DUS,2024-11-01,0,0.0,0.0,principal
SKU_1347_LIM,2024-11-01,314,24331.94,91028.6,principal
SKU_1348_NAV,2024-11-01,389,82669.23,252811.1,principal
SKU_1348_PIS,2024-11-01,0,0.0,0.0,principal
SKU_1349_HON,2024-11-01,377,31051.51,79132.3,principal
SKU_1349_SEA,2024-11-01,248,20426.46,52055.2,principal
SKU_1350_SNO,2024-11-01,272,25650.12,77492.8,principal
SKU_1350_BAB,2024-11-01,382,36023.33,108831.8,principal
SKU_1351_SAG,2024-11-01,359,81980.13,247674.1,principal
SKU_1351_HON,2024-11-01,438,100020.32,302176.2,principal
SKU_1352_CER,2024-11-01,412,38170.52,115318.8,principal
SKU_1352_HUN,2024-11-01,343,31777.89,96005.7,principal
SKU_1353_MAG,2024-11-01,399,25079.9,75770.1,principal
SKU_1353_MAR,2024-11-01,466,29291.32,88493.4,principal
SKU_1354_AQU,2024-11-01,447,136101.25,413430.3,principal
SKU_1354_CLE,2024-11-01,317,96519.23,293193.3,principal
SKU_1355_PAS,2024-11-01,403,23203.56,70484.7,principal
SKU_1355_DEE,2024-11-01,282,16236.74,49321.8,principal
SKU_1356_BLU,2024-11-01,281,19879.37,60386.9,principal
SKU_1356_DEN,2024-11-01,0,0.0,0.0,principal
SKU_1357_BRI,2024-11-01,281,61843.01,186836.9,principal
SKU_1357_BLU,2024-11-01,432,95075.38,287236.8,principal
SKU_1358_DUS,2024-11-01,289,19018.25,57771.1,principal
SKU_1358_MAR,2024-11-01,319,20992.46,63768.1,principal
SKU_1359_BLU,2024-11-01,275,37157.5,116847.5,principal
SKU_1359_NAV,2024-11-01,264,35671.2,112173.6,principal
SKU_1360_WHI,2024-11-01,429,45425.48,137237.1,principal
SKU_1360_FRE,2024-11-01,21,2223.62,6717.9,principal
SKU_1361_MEX,2024-11-01,408,24638.39,77479.2,principal
SKU_1361_BLU,2024-11-01,284,17150.25,53931.6,principal
SKU_1362_POW,2024-11-01,400,121463.28,381960.0,principal
SKU_1362_SEA,2024-11-01,305,92615.75,291244.5,principal
SKU_1363_RAS,2024-11-01,316,95453.55,300168.4,principal
SKU_1363_HUN,2024-11-01,382,115390.05,362861.8,principal
SKU_1364_OFF,2024-11-01,368,53819.34,169243.2,principal
SKU_1364_TEA,2024-11-01,0,0.0,0.0,principal
SKU_1365_BUB,2024-11-01,0,0.0,0.0,principal
SKU_1365_NAV,2024-11-01,5,827.33,2499.5,principal
SKU_1366_TEA,2024-11-01,377,50678.34,165842.3,principal
SKU_1366_PAL,2024-11-01,353,47452.13,155284.7,principal
SKU_1367_VAN,2024-11-01,270,14879.54,48573.0,principal
SKU_1367_BLA,2024-11-01,373,20555.81,67102.7,principal
SKU_1368_SNO,2024-11-01,340,72256.79,253266.0,principal
SKU_1368_TUR,2024-11-01,317,67368.83,236133.3,principal
SKU_1369_SNO,2024-11-01,290,14699.61,46371.0,principal
SKU_1369_RAS,2024-11-01,385,19515.0,61561.5,principal
SKU_1370_PRI,2024-11-01,0,0.0,0.0,principal
SKU_1370_MYS,2024-11-01,425,30001.92,76457.5,principal
SKU_1371_WHI,2024-11-01,374,34030.97,102812.6,principal
SKU_1371_HOT,2024-11-01,0,0.0,0.0,principal
SKU_1372_SEA,2024-11-01,276,31051.9,93812.4,principal
SKU_1372_DEN,2024-11-01,337,37914.83,114546.3,principal
SKU_1373_SKY,2024-11-01,262,16378.95,49753.8,principal
SKU_1373_CRE,2024-11-01,366,22880.52,69503.4,principal
SKU_1374_SAL,2024-11-01,10,628.57,1899.0,principal
SKU_1374_BLU,2024-11-01,20,1257.14,3798.0,principal
SKU_1375_COR,2024-11-01,379,33231.44,100397.1,principal
SKU_1375_CLE,2024-11-01,383,33582.17,101456.7,principal
SKU_1376_SNO,2024-11-01,301,24022.55,85754.9,principal
SKU_1376_BIR,2024-11-01,307,24501.41,87464.3,principal
SKU_1377_PRI,2024-11-01,0,0.0,0.0,principal
SKU_1377_CLO,2024-11-01,360,28313.23,93564.0,principal
SKU_1378_SPA,2024-11-01,254,14848.32,52044.6,principal
SKU_1378_MOS,2024-11-01,388,22681.69,79501.2,principal
SKU_1379_SNO,2024-11-01,354,54414.51,171654.6,principal
SKU_1379_WHI,2024-11-01,417,64098.45,202203.3,principal
SKU_1380_TUR,2024-11-01,0,0.0,0.0,principal
SKU_1380_MIN,2024-11-01,393,35453.61,90350.7,principal
SKU_1381_WHI,2024-11-01,327,29754.35,89892.3,principal
SKU_1381_PAS,2024-11-01,266,24203.85,73123.4,principal
SKU_1382_ARM,2024-11-01,383,23128.68,72731.7,principal
SKU_1382_HOT,2024-11-01,295,17814.52,56020.5,principal
SKU_1383_CLE,2024-11-01,359,21377.34,64584.1,principal
SKU_1383_TUR,2024-11-01,389,23163.74,69981.1,principal
SKU_1384_CRE,2024-11-01,374,64010.5,194442.6,principal
SKU_1384_SKY,2024-11-01,441,75477.63,229275.9,principal
SKU_1385_PRI,2024-11-01,427,40973.6,123787.3,principal
SKU_1385_NAV,2024-11-01,230,22070.09,66677.0,principal
SKU_1386_SER,2024-11-01,235,15831.96,50501.5,principal
SKU_1386_COB,2024-11-01,443,29844.93,95200.7,principal
SKU_1387_BRI,2024-11-01,290,13265.37,46371.0,principal
SKU_1387_BAB,2024-11-01,427,19532.11,68277.3,principal
SKU_1388_BRI,2024-11-01,423,42389.16,158582.7,principal
SKU_1388_VAN,2024-11-01,430,43090.63,161207.0,principal
SKU_1389_SHO,2024-11-01,314,13046.79,43928.6,principal
SKU_1389_BAB,2024-11-01,280,11634.08,39172.0,principal
SKU_1390_SAP,2024-11-01,84,7577.87,19311.6,principal
SKU_1390_PAS,2024-11-01,0,0.0,0.0,principal
SKU_1391_LIG,2024-11-01,86,8109.96,24501.4,principal
SKU_1391_SEA,2024-11-01,324,30553.82,92307.6,principal
SKU_1392_LIM,2024-11-01,131,12787.16,38631.9,principal
SKU_1392_BLU,2024-11-01,307,29966.85,90534.3,principal
SKU_1393_COB,2024-11-01,86,8475.15,26651.4,principal
SKU_1393_SKY,2024-11-01,172,16950.29,53302.8,principal
SKU_1394_FOR,2024-11-01,124,18529.1,58267.6,principal
SKU_1394_EME,2024-11-01,97,14494.54,45580.3,principal
SKU_1395_BLA,2024-11-01,146,13459.48,42325.4,principal
SKU_1395_TUR,2024-11-01,104,9587.57,30149.6,principal
SKU_1396_FUC,2024-11-01,160,7105.45,21584.0,principal
SKU_1396_PAS,2024-11-01,87,3863.59,11736.3,principal
SKU_1397_SNO,2024-11-01,309,23894.69,72584.1,principal
SKU_1397_BUB,2024-11-01,165,12759.3,38758.5,principal
SKU_1398_AQU,2024-11-01,182,40436.23,122831.8,principal
SKU_1398_SPA,2024-11-01,188,41769.29,126881.2,principal
SKU_1399_PAL,2024-11-01,117,10041.9,31578.3,principal
SKU_1399_CRE,2024-11-01,102,8754.48,27529.8,principal
SKU_1400_FOR,2024-11-01,97,6702.61,20360.3,principal
SKU_1400_PAL,2024-11-01,168,11608.65,35263.2,principal
SKU_1401_GAR,2024-11-01,102,8099.5,24469.8,principal
SKU_1401_BLU,2024-11-01,158,12546.29,37904.2,principal
SKU_1402_WHI,2024-11-01,279,20840.8,65537.1,principal
SKU_1402_VAN,2024-11-01,162,12101.11,38053.8,principal
SKU_1403_AQU,2024-11-01,98,12417.49,37720.2,principal
SKU_1403_DUS,2024-11-01,86,10896.98,33101.4,principal
SKU_1404_SAP,2024-11-01,305,102964.0,311069.5,principal
SKU_1404_ARM,2024-11-01,303,102288.83,309029.7,principal
SKU_1405_FLA,2024-11-01,108,7682.25,23209.2,principal
SKU_1405_CLO,2024-11-01,108,7682.25,23209.2,principal
SKU_1406_PRI,2024-11-01,179,20618.49,62632.1,principal
SKU_1406_SHO,2024-11-01,183,21079.24,64031.7,principal
SKU_1407_OFF,2024-11-01,271,16705.11,58237.9,principal
SKU_1407_EME,2024-11-01,171,10540.86,36747.9,principal
SKU_1408_PAS,2024-11-01,97,28244.6,89230.3,principal
SKU_1408_FUC,2024-11-01,104,30282.87,95669.6,principal
SKU_1409_PEA,2024-11-01,388,23968.15,81441.2,principal
SKU_1409_PEA,2024-11-01,388,23968.15,81441.2,principal
SKU_1410_ROS,2024-11-01,297,100549.44,338550.3,principal
SKU_1410_JAD,2024-11-01,95,32162.28,108290.5,principal
SKU_1411_BLU,2024-11-01,366,28702.68,82313.4,principal
SKU_1411_RAS,2024-11-01,175,13723.96,39357.5,principal
SKU_1412_SHO,2024-11-01,305,97277.42,272944.5,principal
SKU_1412_BAB,2024-11-01,260,82925.01,232674.0,principal
SKU_1413_SAG,2024-11-01,318,19462.2,58798.2,principal
SKU_1413_JAD,2024-11-01,174,10649.13,32172.6,principal
SKU_1414_DUS,2024-11-01,110,11889.7,37389.0,principal
SKU_1414_CLO,2024-11-01,305,32966.9,103669.5,principal
SKU_1415_BAB,2024-11-01,181,20427.33,64236.9,principal
SKU_1415_MID,2024-11-01,174,19637.33,61752.6,principal
SKU_1416_CLE,2024-11-01,150,12909.97,41985.0,principal
SKU_1416_AQU,2024-11-01,347,29865.06,97125.3,principal
SKU_1417_SNO,2024-11-01,156,13947.0,43664.4,principal
SKU_1417_BIR,2024-11-01,110,9834.43,30789.0,principal
SKU_1418_CLE,2024-11-01,338,86192.89,285576.2,principal
SKU_1418_MOS,2024-11-01,104,26520.89,87869.6,principal
SKU_1419_FLA,2024-11-01,176,14669.89,43982.4,principal
SKU_1419_WHI,2024-11-01,84,7001.54,20991.6,principal
SKU_1420_EGR,2024-11-01,194,63062.87,192040.6,principal
SKU_1420_LIM,2024-11-01,180,58511.94,178182.0,principal
SKU_1421_LIG,2024-11-01,96,8354.77,22070.4,principal
SKU_1421_SER,2024-11-01,131,11400.78,30116.9,principal
SKU_1422_PIN,2024-11-01,118,14155.49,37158.2,principal
SKU_1422_MIN,2024-11-01,188,22552.82,59201.2,principal
SKU_1423_JAD,2024-11-01,325,128377.3,389967.5,principal
SKU_1423_SAG,2024-11-01,109,43055.77,130789.1,principal
SKU_1424_VAN,2024-11-01,179,58626.27,178087.1,principal
SKU_1424_BAB,2024-11-01,319,104479.22,317373.1,principal
SKU_1425_WHI,2024-11-01,45,3003.67,9445.5,principal
SKU_1425_LIG,2024-11-01,172,11480.69,36102.8,principal
SKU_1426_NAV,2024-11-01,188,7100.78,24421.2,principal
SKU_1426_SEA,2024-11-01,95,3588.16,12340.5,principal
SKU_1427_AQU,2024-11-01,344,21406.32,68765.6,principal
SKU_1427_BLA,2024-11-01,31,1929.06,6196.9,principal
SKU_1428_COB,2024-11-01,196,26322.17,96020.4,principal
SKU_1428_SKY,2024-11-01,293,39348.96,143540.7,principal
SKU_1429_SPA,2024-11-01,329,19745.82,62477.1,principal
SKU_1429_MAG,2024-11-01,95,5701.68,18040.5,principal
SKU_1430_PEA,2024-11-01,210,13249.38,37779.0,principal
SKU_1430_JAD,2024-11-01,173,10914.96,31122.7,principal
SKU_1431_TEA,2024-11-01,165,20809.74,61033.5,principal
SKU_1431_CRE,2024-11-01,106,13368.68,39209.4,principal
SKU_1432_WHI,2024-11-01,152,42440.35,109424.8,principal
SKU_1432_BRI,2024-11-01,30,8376.39,21597.0,principal
SKU_1433_OLI,2024-11-01,173,17934.06,54477.7,principal
SKU_1433_SAP,2024-11-01,286,29648.21,90061.4,principal
SKU_1434_ARM,2024-11-01,188,12548.66,39461.2,principal
SKU_1434_MIN,2024-11-01,163,10879.96,34213.7,principal
SKU_1435_SKY,2024-11-01,158,48159.83,159564.2,principal
SKU_1435_OLI,2024-11-01,154,46940.59,155524.6,principal
SKU_1436_BLU,2024-11-01,266,22046.32,74453.4,principal
SKU_1436_PAS,2024-11-01,105,8702.5,29389.5,principal
SKU_1437_ROY,2024-11-01,101,5305.13,16654.9,principal
SKU_1437_AQU,2024-11-01,205,10767.83,33804.5,principal
SKU_1438_MOS,2024-11-01,346,26613.85,70895.4,principal
SKU_1438_DEE,2024-11-01,173,13306.92,35447.7,principal
SKU_1439_CER,2024-11-01,172,10526.73,31802.8,principal
SKU_1439_SHO,2024-11-01,172,10526.73,31802.8,principal
SKU_1440_PIS,2024-11-01,163,75456.78,195583.7,principal
SKU_1440_BLU,2024-11-01,157,72679.23,188384.3,principal
SKU_1441_COB,2024-11-01,135,60459.61,155911.5,principal
SKU_1441_IVO,2024-11-01,294,131667.59,339540.6,principal
SKU_1442_OFF,2024-11-01,270,25908.36,78273.0,principal
SKU_1442_EME,2024-11-01,94,9019.95,27250.6,principal
SKU_1443_BLU,2024-11-01,349,31178.58,94195.1,principal
SKU_1443_PRI,2024-11-01,55,4913.53,14844.5,principal
SKU_1444_HUN,2024-11-01,9,820.54,2159.1,principal
SKU_1444_OLI,2024-11-01,0,0.0,0.0,principal
SKU_1445_TEA,2024-11-01,115,18177.17,47138.5,principal
SKU_1445_PRI,2024-11-01,116,18335.24,47548.4,principal
SKU_1446_SHO,2024-11-01,292,30829.69,78810.8,principal
SKU_1446_GAR,2024-11-01,313,33046.9,84478.7,principal
SKU_1447_BLU,2024-11-01,177,13978.59,42462.3,principal
SKU_1447_OLI,2024-11-01,322,25429.98,77247.8,principal
SKU_1448_SKY,2024-11-01,151,8942.69,27164.9,principal
SKU_1448_SEA,2024-11-01,281,16641.69,50551.9,principal
SKU_1449_BLA,2024-11-01,147,15808.66,47760.3,principal
SKU_1449_NAV,2024-11-01,186,20002.79,60431.4,principal
SKU_1450_MAG,2024-11-01,323,42817.81,132397.7,principal
SKU_1450_JAD,2024-11-01,26,3446.64,10657.4,principal
SKU_1451_WHI,2024-11-01,145,11495.81,35510.5,principal
SKU_1451_BIR,2024-11-01,332,26321.45,81306.8,principal
SKU_1452_SKY,2024-11-01,272,10535.04,39412.8,principal
SKU_1452_DEE,2024-11-01,100,3873.18,14490.0,principal
SKU_1453_SAP,2024-11-01,26,1936.05,6107.4,principal
SKU_1453_PRI,2024-11-01,83,6180.45,19496.7,principal
SKU_1454_BRI,2024-11-01,106,6044.33,15889.4,principal
SKU_1454_BUB,2024-11-01,152,8667.34,22784.8,principal
SKU_1455_TEA,2024-11-01,109,12082.86,36504.1,principal
SKU_1455_ROY,2024-11-01,87,9644.12,29136.3,principal
SKU_1456_EME,2024-11-01,221,23035.25,69592.9,principal
SKU_1456_DEN,2024-11-01,313,32624.58,98563.7,principal
SKU_1457_SNO,2024-11-01,105,5557.32,16789.5,principal
SKU_1457_MAG,2024-11-01,92,4869.27,14710.8,principal
SKU_1458_PEA,2024-11-01,187,21657.76,65431.3,principal
SKU_1458_MIN,2024-11-01,314,36366.51,109868.6,principal
SKU_1459_OFF,2024-11-01,92,6357.12,19310.8,principal
SKU_1459_CRE,2024-11-01,108,7462.7,22669.2,principal
SKU_1460_FUC,2024-11-01,98,5433.44,17140.2,principal
SKU_1460_OLI,2024-11-01,328,18185.4,57367.2,principal
SKU_1461_NAV,2024-11-01,287,99285.2,307061.3,principal
SKU_1461_PRI,2024-11-01,174,60193.82,186162.6,principal
SKU_1462_MID,2024-11-01,115,11216.84,41963.5,principal
SKU_1462_OFF,2024-11-01,303,29553.94,110564.7,principal
SKU_1463_LIG,2024-11-01,324,27535.89,84207.6,principal
SKU_1463_DUS,2024-11-01,151,12833.08,39244.9,principal
SKU_1464_MOS,2024-11-01,93,8133.22,21380.7,principal
SKU_1464_BIR,2024-11-01,307,26848.37,70579.3,principal
SKU_1465_CLE,2024-11-01,321,38427.68,101082.9,principal
SKU_1465_OFF,2024-11-01,178,21308.8,56052.2,principal
SKU_1466_PRI,2024-11-01,142,12616.85,38325.8,principal
SKU_1466_SAP,2024-11-01,185,16437.45,49931.5,principal
SKU_1467_OLI,2024-11-01,346,22544.74,70895.4,principal
SKU_1467_FUC,2024-11-01,86,5603.61,17621.4,principal
SKU_1468_BAB,2024-11-01,126,22100.01,66767.4,principal
SKU_1468_MYS,2024-11-01,102,17890.48,54049.8,principal
SKU_1469_ARM,2024-11-01,100,9377.82,29490.0,principal
SKU_1469_SAL,2024-11-01,170,15942.29,50133.0,principal
SKU_1470_WHI,2024-11-01,43,12831.32,39555.7,principal
SKU_1470_MAR,2024-11-01,260,77584.72,239174.0,principal
SKU_1471_ROS,2024-11-01,124,6866.91,25407.6,principal
SKU_1471_LIG,2024-11-01,33,1827.48,6761.7,principal
SKU_1472_EME,2024-11-01,162,23979.0,76123.8,principal
SKU_1472_MYS,2024-11-01,300,44405.55,140970.0,principal
SKU_1473_BLU,2024-11-01,83,3991.24,14931.7,principal
SKU_1473_BAB,2024-11-01,297,14281.92,53430.3,principal
SKU_1474_BRI,2024-11-01,12,4159.05,12718.8,principal
SKU_1474_DEN,2024-11-01,150,51988.1,158985.0,principal
SKU_1475_VAN,2024-11-01,172,16350.66,42982.8,principal
SKU_1475_MIN,2024-11-01,164,15590.16,40983.6,principal
SKU_1476_WHI,2024-11-01,182,16470.47,50031.8,principal
SKU_1476_CLO,2024-11-01,91,8235.23,25015.9,principal
SKU_1477_CLE,2024-11-01,286,21290.38,64321.4,principal
SKU_1477_EME,2024-11-01,296,22034.8,66570.4,principal
SKU_1478_TEA,2024-11-01,329,21109.0,64122.1,principal
SKU_1478_COB,2024-11-01,110,7057.72,21439.0,principal
SKU_1479_MIN,2024-11-01,96,17632.5,53270.4,principal
SKU_1479_FUC,2024-11-01,294,53999.54,163140.6,principal
SKU_1480_SNO,2024-11-01,95,11631.51,35140.5,principal
SKU_1480_MEX,2024-11-01,82,10039.83,30331.8,principal
SKU_1481_BLA,2024-11-01,174,42855.97,140922.6,principal
SKU_1481_TEA,2024-11-01,297,73150.71,240540.3,principal
SKU_1482_MOS,2024-11-01,101,12544.93,44934.9,principal
SKU_1482_SHO,2024-11-01,149,18506.87,66290.1,principal
SKU_1483_WHI,2024-11-01,174,16637.54,56532.6,principal
SKU_1483_POW,2024-11-01,294,28111.71,95520.6,principal
SKU_1484_MOS,2024-11-01,96,13112.67,44150.4,principal
SKU_1484_EGR,2024-11-01,307,41933.22,141189.3,principal
SKU_1485_PAS,2024-11-01,198,51659.54,131650.2,principal
SKU_1485_CER,2024-11-01,104,27134.3,69149.6,principal
SKU_1486_OLI,2024-11-01,0,0.0,0.0,principal
SKU_1486_PAL,2024-11-01,117,11226.96,33918.3,principal
SKU_1487_BRI,2024-11-01,18,1916.97,6028.2,principal
SKU_1487_CLE,2024-11-01,315,33546.93,105493.5,principal
SKU_1488_IVO,2024-11-01,294,31777.93,99930.6,principal
SKU_1488_PEA,2024-11-01,88,9511.76,29911.2,principal
SKU_1489_TEA,2024-11-01,104,12664.19,38469.6,principal
SKU_1489_IVO,2024-11-01,342,41645.71,126505.8,principal
SKU_1490_EME,2024-11-01,103,10735.89,32434.7,principal
SKU_1490_VAN,2024-11-01,175,18240.58,55107.5,principal
SKU_1491_GAR,2024-11-01,321,13452.05,43302.9,principal
SKU_1491_CER,2024-11-01,115,4819.27,15513.5,principal
SKU_1492_SKY,2024-11-01,322,37895.73,120717.8,principal
SKU_1492_BIR,2024-11-01,293,34482.76,109845.7,principal
SKU_1493_PEA,2024-11-01,88,7760.04,29031.2,principal
SKU_1493_CLO,2024-11-01,213,18782.82,70268.7,principal
SKU_1494_EGR,2024-11-01,115,39550.03,124763.5,principal
SKU_1494_HOT,2024-11-01,147,50555.26,159480.3,principal
SKU_1495_FUC,2024-11-01,33,3880.02,10886.7,principal
SKU_1495_BLA,2024-11-01,172,20223.13,56742.8,principal
SKU_1496_PAS,2024-11-01,110,41097.0,124839.0,principal
SKU_1496_PEA,2024-11-01,0,0.0,0.0,principal
SKU_1497_FUC,2024-11-01,171,7635.47,23067.9,principal
SKU_1497_VAN,2024-11-01,295,13172.31,39795.5,principal
SKU_1498_OLI,2024-11-01,113,12713.28,38408.7,principal
SKU_1498_LIG,2024-11-01,1,112.51,339.9,principal
SKU_1499_HOT,2024-11-01,95,7851.58,24690.5,principal
SKU_1499_RAS,2024-11-01,176,14546.08,45742.4,principal
SKU_1500_MOS,2024-11-01,110,9411.5,28589.0,principal
SKU_1500_PAS,2024-11-01,188,16085.11,48861.2,principal
SKU_1501_OLI,2024-11-01,81,4555.19,13761.9,principal
SKU_1501_SAL,2024-11-01,145,8154.35,24635.5,principal
SKU_1502_PEA,2024-11-01,275,19002.25,57722.5,principal
SKU_1502_VAN,2024-11-01,102,7048.11,21409.8,principal
SKU_1503_VAN,2024-11-01,316,23915.85,72648.4,principal
SKU_1503_CER,2024-11-01,105,7946.72,24139.5,principal
SKU_1504_EME,2024-11-01,136,15300.94,46226.4,principal
SKU_1504_NAV,2024-11-01,95,10688.16,32290.5,principal
SKU_1505_BLU,2024-11-01,337,26202.39,79161.3,principal
SKU_1505_SNO,2024-11-01,314,24414.1,73758.6,principal
SKU_1506_PAL,2024-11-01,325,23760.16,74717.5,principal
SKU_1506_BRI,2024-11-01,105,7676.36,24139.5,principal
SKU_1507_PAS,2024-11-01,300,17864.07,53970.0,principal
SKU_1507_FLA,2024-11-01,93,5537.86,16730.7,principal
SKU_1508_LIM,2024-11-01,201,13888.92,42189.9,principal
SKU_1508_DEE,2024-11-01,148,10226.66,31065.2,principal
SKU_1509_HOT,2024-11-01,114,12071.11,36468.6,principal
SKU_1509_MAG,2024-11-01,30,3176.61,9597.0,principal
SKU_1510_SNO,2024-11-01,165,43807.2,137758.5,principal
SKU_1510_ROS,2024-11-01,176,46727.68,146942.4,principal
SKU_1511_CLE,2024-11-01,99,29432.52,92555.1,principal
SKU_1511_SKY,2024-11-01,335,99594.9,313191.5,principal
SKU_1512_TEA,2024-11-01,99,7062.27,22265.1,principal
SKU_1512_MYS,2024-11-01,113,8060.97,25413.7,principal
SKU_1513_PAS,2024-11-01,87,5053.05,18696.3,principal
SKU_1513_RAS,2024-11-01,103,5982.35,22134.7,principal
SKU_1514_PEA,2024-11-01,172,42009.21,142742.8,principal
SKU_1514_SPA,2024-11-01,180,43963.12,149382.0,principal
SKU_1515_SEA,2024-11-01,99,6309.5,19295.1,principal
SKU_1515_AQU,2024-11-01,162,10324.63,31573.8,principal
SKU_1516_CRE,2024-11-01,290,38599.57,101471.0,principal
SKU_1516_EME,2024-11-01,96,12777.79,33590.4,principal
SKU_1517_FOR,2024-11-01,263,119968.5,315573.7,principal
SKU_1517_ROS,2024-11-01,174,79370.79,208782.6,principal
SKU_1518_CLE,2024-11-01,112,8366.2,26308.8,principal
SKU_1518_LIM,2024-11-01,314,23455.23,73758.6,principal
SKU_1519_BLU,2024-11-01,98,19630.2,61730.2,principal
SKU_1519_TEA,2024-11-01,137,27442.22,86296.3,principal
SKU_1520_GAR,2024-11-01,356,26357.2,80064.4,principal
SKU_1520_ROY,2024-11-01,332,24580.31,74666.8,principal
SKU_1521_MOS,2024-11-01,143,8635.51,27155.7,principal
SKU_1521_FRE,2024-11-01,43,2596.69,8165.7,principal
SKU_1522_MOS,2024-11-01,89,3645.32,13341.1,principal
SKU_1522_BIR,2024-11-01,99,4054.91,14840.1,principal
SKU_1523_HOT,2024-11-01,169,17500.14,63358.1,principal
SKU_1523_CRE,2024-11-01,105,10872.87,39364.5,principal
SKU_1524_BLU,2024-11-01,32,3483.57,11836.8,principal
SKU_1524_DEN,2024-11-01,276,30045.79,102092.4,principal
SKU_1525_MYS,2024-11-01,173,15898.41,50152.7,principal
SKU_1525_OLI,2024-11-01,23,2113.66,6667.7,principal
SKU_1526_FOR,2024-11-01,79,4783.64,13422.1,principal
SKU_1527_FUC,2024-11-01,322,96451.58,292987.8,principal
SKU_1527_TEA,2024-11-01,94,28156.67,85530.6,principal
SKU_1528_PAS,2024-11-01,184,13088.27,39541.6,principal
SKU_1528_DEN,2024-11-01,192,13657.32,41260.8,principal
SKU_1529_HUN,2024-11-01,121,9755.15,29632.9,principal
SKU_1529_MIN,2024-11-01,111,8948.94,27183.9,principal
SKU_1530_HON,2024-11-01,179,7654.59,23252.1,principal
SKU_1530_PEA,2024-11-01,334,14282.87,43386.6,principal
SKU_1531_TEA,2024-11-01,320,58245.41,175968.0,principal
SKU_1531_SNO,2024-11-01,313,56971.29,172118.7,principal
SKU_1532_BRI,2024-11-01,184,50336.6,180301.6,principal
SKU_1532_EME,2024-11-01,171,46780.21,167562.9,principal
SKU_1533_CER,2024-11-01,193,9584.31,31825.7,principal
SKU_1533_DUS,2024-11-01,115,5710.86,18963.5,principal
SKU_1534_MYS,2024-11-01,191,11236.64,38180.9,principal
SKU_1534_HUN,2024-11-01,303,17825.66,60569.7,principal
SKU_1535_NAV,2024-11-01,99,9568.68,30185.1,principal
SKU_1535_MOS,2024-11-01,107,10341.9,32624.3,principal
SKU_1536_MOS,2024-11-01,312,38351.78,107608.8,principal
SKU_1536_FRE,2024-11-01,74,9096.25,25522.6,principal
SKU_1537_SAP,2024-11-01,106,8943.42,27019.4,principal
SKU_1537_BLA,2024-11-01,143,12065.18,36450.7,principal
SKU_1538_MAG,2024-11-01,334,23205.28,70106.6,principal
SKU_1538_PAS,2024-11-01,0,0.0,0.0,principal
SKU_1539_BLA,2024-11-01,170,18915.59,59483.0,principal
SKU_1539_PEA,2024-11-01,314,34938.21,109868.6,principal
SKU_1540_BAL,2024-11-01,10,540.28,1699.0,principal
SKU_1540_MAG,2024-11-01,163,8806.6,27693.7,principal
SKU_1541_AQU,2024-11-01,26,5580.07,17547.4,principal
SKU_1541_POW,2024-11-01,327,70180.15,220692.3,principal
SKU_1542_DEE,2024-11-01,303,46871.4,142379.7,principal
SKU_1542_PEA,2024-11-01,169,26142.79,79413.1,principal
SKU_1543_BAB,2024-11-01,179,41831.98,131547.1,principal
SKU_1543_FLA,2024-11-01,177,41364.58,130077.3,principal
SKU_1544_OLI,2024-11-01,205,13031.48,40979.5,principal
SKU_1544_PEA,2024-11-01,99,6293.25,19790.1,principal
SKU_1545_TEA,2024-11-01,173,14298.14,44962.7,principal
SKU_1545_HOT,2024-11-01,336,27769.8,87326.4,principal
SKU_1546_PAS,2024-11-01,163,9065.77,28508.7,principal
SKU_1546_IVO,2024-11-01,165,9177.0,28858.5,principal
SKU_1547_IVO,2024-11-01,108,11793.27,35629.2,principal
SKU_1547_FUC,2024-11-01,284,31011.92,93691.6,principal
SKU_1548_HOT,2024-11-01,93,14618.85,44165.7,principal
SKU_1548_CLO,2024-11-01,332,52187.71,157666.8,principal
SKU_1549_BAL,2024-11-01,116,6820.59,21448.4,principal
SKU_1549_PAS,2024-11-01,323,18991.82,59722.7,principal
SKU_1550_PAL,2024-11-01,171,9282.75,28197.9,principal
SKU_1550_IVO,2024-11-01,90,4885.66,14841.0,principal
SKU_1551_DUS,2024-11-01,285,20744.27,62671.5,principal
SKU_1551_ROS,2024-11-01,102,7424.26,22429.8,principal
SKU_1552_CLE,2024-11-01,278,60392.46,183452.2,principal
SKU_1552_SAP,2024-11-01,0,0.0,0.0,principal
SKU_1553_DEN,2024-11-01,104,8321.89,26509.6,principal
SKU_1553_HOT,2024-11-01,160,12802.91,40784.0,principal
SKU_1554_PIS,2024-11-01,347,103456.09,359110.3,principal
SKU_1554_SKY,2024-11-01,176,52473.4,182142.4,principal
SKU_1555_FUC,2024-11-01,94,5092.78,17850.6,principal
SKU_1555_RAS,2024-11-01,286,15495.04,54311.4,principal
SKU_1556_SAL,2024-11-01,170,10345.4,34833.0,principal
SKU_1556_HUN,2024-11-01,194,11805.93,39750.6,principal
SKU_1557_TUR,2024-11-01,175,12583.21,34982.5,principal
SKU_1557_SAG,2024-11-01,95,6830.88,18990.5,principal
SKU_1558_CLE,2024-11-01,306,38401.15,100949.4,principal
SKU_1558_MEX,2024-11-01,32,4015.81,10556.8,principal
SKU_1559_BLU,2024-11-01,286,132498.48,343171.4,principal
SKU_1559_SKY,2024-11-01,0,0.0,0.0,principal
SKU_1560_PAL,2024-11-01,93,6885.45,20915.7,principal
SKU_1560_CRE,2024-11-01,98,7255.63,22040.2,principal
SKU_1561_LIM,2024-11-01,104,11661.41,36389.6,principal
SKU_1561_VAN,2024-11-01,328,36778.3,114767.2,principal
SKU_1562_CLO,2024-11-01,295,28458.65,91420.5,principal
SKU_1562_BLU,2024-11-01,93,8971.71,28820.7,principal
SKU_1563_WHI,2024-11-01,93,3726.35,13940.7,principal
SKU_1563_MEX,2024-11-01,166,6651.33,24883.4,principal
SKU_1564_BLA,2024-11-01,168,31415.71,99103.2,principal
SKU_1564_NAV,2024-11-01,281,52546.52,165761.9,principal
SKU_1565_LIG,2024-11-01,303,42791.1,109049.7,principal
SKU_1565_BAB,2024-11-01,173,24431.88,62262.7,principal
SKU_1566_PEA,2024-11-01,115,45244.17,119013.5,principal
SKU_1566_POW,2024-11-01,204,80259.23,211119.6,principal
SKU_1567_PRI,2024-11-01,312,70859.9,215248.8,principal
SKU_1567_POW,2024-11-01,380,86303.73,262162.0,principal
SKU_1568_FRE,2024-11-01,177,13221.58,41577.3,principal
SKU_1568_PIN,2024-11-01,159,11877.01,37349.1,principal
SKU_1569_WHI,2024-11-01,296,20698.75,65090.4,principal
SKU_1569_PAS,2024-11-01,81,5664.18,17811.9,principal
SKU_1570_MEX,2024-11-01,317,72066.21,226623.3,principal
SKU_1570_HON,2024-11-01,147,33418.72,105090.3,principal
SKU_1571_WHI,2024-11-01,150,10879.84,37485.0,principal
SKU_1571_BIR,2024-11-01,182,13200.87,45481.8,principal
SKU_1572_BAL,2024-11-01,295,12034.82,41270.5,principal
SKU_1572_MAR,2024-11-01,83,3386.07,11611.7,principal
SKU_1573_MIN,2024-11-01,324,97727.49,332067.6,principal
SKU_1573_SAG,2024-11-01,95,28654.67,97365.5,principal
SKU_1574_GAR,2024-11-01,93,16707.94,56255.7,principal
SKU_1574_COB,2024-11-01,103,18504.5,62304.7,principal
SKU_1575_JAD,2024-11-01,100,32900.8,86490.0,principal
SKU_1575_AQU,2024-11-01,166,54615.32,143573.4,principal
SKU_1576_AQU,2024-11-01,102,8223.35,24979.8,principal
SKU_1576_BLU,2024-11-01,99,7981.49,24245.1,principal
SKU_1577_FLA,2024-11-01,6,305.09,959.4,principal
SKU_1577_HUN,2024-11-01,155,7881.47,24784.5,principal
SKU_1578_PAS,2024-11-01,218,8963.52,27228.2,principal
SKU_1578_TEA,2024-11-01,5,205.59,624.5,principal
SKU_1579_DEN,2024-11-01,177,13395.91,40692.3,principal
SKU_1579_SAG,2024-11-01,182,13774.32,41841.8,principal
SKU_1580_WHI,2024-11-01,270,16304.81,51273.0,principal
SKU_1580_MOS,2024-11-01,177,10688.71,33612.3,principal
SKU_1581_BIR,2024-11-01,203,47594.6,173544.7,principal
SKU_1581_COB,2024-11-01,113,26493.55,96603.7,principal
SKU_1582_WHI,2024-11-01,342,23050.07,78625.8,principal
SKU_1582_PAS,2024-11-01,101,6807.18,23219.9,principal
SKU_1583_WHI,2024-11-01,125,8516.85,31862.5,principal
SKU_1583_BLU,2024-11-01,173,11787.32,44097.7,principal
SKU_1584_AQU,2024-11-01,141,8525.18,26070.9,principal
SKU_1584_FLA,2024-11-01,93,5622.99,17195.7,principal
SKU_1585_COR,2024-11-01,83,10418.89,26551.7,principal
SKU_1585_BLA,2024-11-01,83,10418.89,26551.7,principal
SKU_1586_JAD,2024-11-01,96,11127.44,29270.4,principal
SKU_1586_EGR,2024-11-01,301,34889.15,91774.9,principal
SKU_1587_DEE,2024-11-01,168,12282.18,38623.2,principal
SKU_1587_LIG,2024-11-01,109,7968.79,25059.1,principal
SKU_1588_PAS,2024-11-01,80,12463.06,39192.0,principal
SKU_1588_CRE,2024-11-01,343,53435.35,168035.7,principal
SKU_1589_TUR,2024-11-01,96,21604.5,65270.4,principal
SKU_1589_CER,2024-11-01,148,33306.94,100625.2,principal
SKU_1590_MYS,2024-11-01,325,20317.4,61717.5,principal
SKU_1590_HOT,2024-11-01,92,5751.39,17470.8,principal
SKU_1591_HON,2024-11-01,0,0.0,0.0,principal
SKU_1591_MYS,2024-11-01,323,91405.19,287437.7,principal
SKU_1592_CER,2024-11-01,102,6808.32,21409.8,principal
SKU_1592_SAG,2024-11-01,170,11347.19,35683.0,principal
SKU_1593_LIG,2024-11-01,119,5707.47,17243.1,principal
SKU_1593_FUC,2024-11-01,95,4556.38,13765.5,principal
SKU_1594_BAL,2024-11-01,112,18431.51,55988.8,principal
SKU_1594_WHI,2024-11-01,166,27318.14,82983.4,principal
SKU_1595_FLA,2024-11-01,112,11117.89,33588.8,principal
SKU_1595_MYS,2024-11-01,147,14592.23,44085.3,principal
SKU_1596_BIR,2024-11-01,158,14298.54,43434.2,principal
SKU_1596_CER,2024-11-01,92,8325.73,25290.8,principal
SKU_1597_SHO,2024-11-01,329,55439.2,174337.1,principal
SKU_1597_FLA,2024-11-01,112,18872.92,59348.8,principal
SKU_1598_NAV,2024-11-01,119,18538.8,58298.1,principal
SKU_1598_DUS,2024-11-01,161,25081.9,78873.9,principal
SKU_1599_WHI,2024-11-01,312,48263.62,146608.8,principal
SKU_1599_CER,2024-11-01,104,16087.87,48869.6,principal
SKU_1600_LIG,2024-11-01,274,35620.3,108202.6,principal
SKU_1600_SHO,2024-11-01,97,12610.1,38305.3,principal
SKU_1601_EME,2024-11-01,351,85381.42,257949.9,principal
SKU_1601_AQU,2024-11-01,181,44028.59,133016.9,principal
SKU_1602_AQU,2024-11-01,299,20363.33,68740.1,principal
SKU_1602_PAS,2024-11-01,68,4631.12,15633.2,principal
SKU_1603_BUB,2024-11-01,283,58652.66,210806.7,principal
SKU_1603_PEA,2024-11-01,106,21968.84,78959.4,principal
SKU_1604_CLE,2024-11-01,192,31044.44,116140.8,principal
SKU_1604_SNO,2024-11-01,293,47375.1,177235.7,principal
SKU_1605_VAN,2024-11-01,25,1632.76,5497.5,principal
SKU_1605_COR,2024-11-01,170,11102.75,37383.0,principal
SKU_1606_COB,2024-11-01,141,54518.83,152970.9,principal
SKU_1606_SEA,2024-11-01,105,40599.13,113914.5,principal
SKU_1607_GAR,2024-11-01,323,32063.21,96867.7,principal
SKU_1607_MAR,2024-11-01,96,9529.62,28790.4,principal
SKU_1608_WHI,2024-11-01,176,17665.66,53662.4,principal
SKU_1608_MID,2024-11-01,308,30914.91,93909.2,principal
SKU_1609_LIM,2024-11-01,98,8411.16,26450.2,principal
SKU_1609_SAP,2024-11-01,101,8668.65,27259.9,principal
SKU_1610_PRI,2024-11-01,116,7060.81,21448.4,principal
SKU_1610_MEX,2024-11-01,93,5660.82,17195.7,principal
SKU_1611_MID,2024-11-01,95,6877.15,20890.5,principal
SKU_1611_BRI,2024-11-01,88,6370.42,19351.2,principal
SKU_1612_PAL,2024-11-01,130,13227.48,42887.0,principal
SKU_1612_SNO,2024-11-01,293,29812.71,96660.7,principal
SKU_1613_BIR,2024-11-01,104,5599.33,19749.6,principal
SKU_1613_AQU,2024-11-01,184,9906.51,34941.6,principal
SKU_1614_VAN,2024-11-01,168,21324.23,74743.2,principal
SKU_1614_IVO,2024-11-01,329,41759.96,146372.1,principal
SKU_1615_MOS,2024-11-01,292,43033.0,135750.8,principal
SKU_1615_SHO,2024-11-01,293,43180.38,136215.7,principal
SKU_1616_SER,2024-11-01,107,41716.3,109664.3,principal
SKU_1616_COR,2024-11-01,110,42885.92,112739.0,principal
SKU_1617_DEN,2024-11-01,45,2820.98,7420.5,principal
SKU_1617_MIN,2024-11-01,332,20812.54,54746.8,principal
SKU_1618_SAL,2024-11-01,313,18638.18,56308.7,principal
SKU_1618_SAP,2024-11-01,316,18816.82,56848.4,principal
SKU_1619_IVO,2024-11-01,181,11911.08,36181.9,principal
SKU_1619_PAS,2024-11-01,287,18886.63,57371.3,principal
SKU_1620_SAG,2024-11-01,95,8329.78,25165.5,principal
SKU_1620_BLU,2024-11-01,37,3244.23,9801.3,principal
SKU_1621_PAS,2024-11-01,214,16638.91,50268.6,principal
SKU_1621_FUC,2024-11-01,31,2410.31,7281.9,principal
SKU_1622_VAN,2024-11-01,101,8284.5,27259.9,principal
SKU_1622_CLO,2024-11-01,75,6151.86,20242.5,principal
SKU_1623_EGR,2024-11-01,0,0.0,0.0,principal
SKU_1623_SER,2024-11-01,316,82705.36,289108.4,principal
SKU_1624_PRI,2024-11-01,159,9822.0,33374.1,principal
SKU_1624_ARM,2024-11-01,120,7412.83,25188.0,principal
SKU_1625_GAR,2024-11-01,160,10392.53,32784.0,principal
SKU_1625_DUS,2024-11-01,344,22343.94,70485.6,principal
SKU_1626_BAB,2024-11-01,109,22386.2,58849.1,principal
SKU_1626_DEN,2024-11-01,166,34092.74,89623.4,principal
SKU_1627_BAB,2024-11-01,192,20965.8,63340.8,principal
SKU_1627_MOS,2024-11-01,151,16488.73,49814.9,principal
SKU_1628_PEA,2024-11-01,200,36205.42,109980.0,principal
SKU_1628_POW,2024-11-01,109,19731.95,59939.1,principal
SKU_1629_CLO,2024-11-01,92,7457.35,23450.8,principal
SKU_1629_ARM,2024-11-01,96,7781.59,24470.4,principal
SKU_1630_LIM,2024-11-01,46,5099.19,15405.4,principal
SKU_1630_SNO,2024-11-01,161,17847.16,53918.9,principal
SKU_1631_BAL,2024-11-01,297,16990.84,53430.3,principal
SKU_1631_SNO,2024-11-01,266,15217.38,47853.4,principal
SKU_1632_SAP,2024-11-01,101,6181.39,18674.9,principal
SKU_1632_SPA,2024-11-01,140,8568.27,25886.0,principal
SKU_1633_SER,2024-11-01,285,21288.99,66946.5,principal
SKU_1633_DEN,2024-11-01,104,7768.61,24429.6,principal
SKU_1634_NAV,2024-11-01,37,12000.84,36256.3,principal
SKU_1634_SAP,2024-11-01,0,0.0,0.0,principal
SKU_1635_TEA,2024-11-01,101,19428.18,61094.9,principal
SKU_1635_SAG,2024-11-01,273,52513.79,165137.7,principal
SKU_1636_LIG,2024-11-01,101,14626.32,44429.9,principal
SKU_1636_SHO,2024-11-01,102,14771.14,44869.8,principal
SKU_1637_BLU,2024-11-01,112,32763.16,103028.8,principal
SKU_1637_WHI,2024-11-01,107,31300.52,98429.3,principal
SKU_1638_PEA,2024-11-01,285,103309.14,324871.5,principal
SKU_1638_SAP,2024-11-01,77,27911.59,87772.3,principal
SKU_1639_FRE,2024-11-01,152,9179.01,28864.8,principal
SKU_1639_WHI,2024-11-01,328,19807.33,62287.2,principal
SKU_1640_IVO,2024-11-01,13,941.08,2858.7,principal
SKU_1640_TEA,2024-11-01,289,20921.02,63551.1,principal
SKU_1641_MEX,2024-11-01,296,30582.19,96170.4,principal
SKU_1641_SER,2024-11-01,89,9195.32,28916.1,principal
SKU_1642_OFF,2024-11-01,338,25161.36,76016.2,principal
SKU_1642_SAL,2024-11-01,121,9007.47,27212.9,principal
SKU_1643_PAS,2024-11-01,332,22859.88,74666.8,principal
SKU_1643_EGR,2024-11-01,0,0.0,0.0,principal
SKU_1644_BAB,2024-11-01,101,9288.97,32309.9,principal
SKU_1644_PEA,2024-11-01,301,27682.96,96289.9,principal
SKU_1645_MYS,2024-11-01,344,39247.47,137565.6,principal
SKU_1645_MIN,2024-11-01,342,39019.28,136765.8,principal
SKU_1646_BLU,2024-11-01,96,6235.52,19670.4,principal
SKU_1646_CLE,2024-11-01,155,10067.76,31759.5,principal
SKU_1647_BLA,2024-11-01,322,35756.6,109447.8,principal
SKU_1647_ARM,2024-11-01,148,16434.71,50305.2,principal
SKU_1648_RAS,2024-11-01,167,41657.21,116883.3,principal
SKU_1648_FLA,2024-11-01,84,20953.33,58791.6,principal
SKU_1649_FLA,2024-11-01,107,8274.21,25134.3,principal
SKU_1649_GAR,2024-11-01,328,25363.94,77047.2,principal
SKU_1650_OLI,2024-11-01,312,99702.16,313528.8,principal
SKU_1650_EGR,2024-11-01,83,26523.33,83406.7,principal
SKU_1651_PAS,2024-11-01,160,14029.1,42384.0,principal
SKU_1651_SAL,2024-11-01,96,8417.46,25430.4,principal
SKU_1652_TEA,2024-11-01,311,21028.9,68388.9,principal
SKU_1652_MOS,2024-11-01,148,10007.32,32545.2,principal
SKU_1653_ROS,2024-11-01,328,37705.88,118047.2,principal
SKU_1653_BAB,2024-11-01,106,12185.44,38149.4,principal
SKU_1654_CRE,2024-11-01,172,15595.92,53302.8,principal
SKU_1654_NAV,2024-11-01,298,27020.84,92350.2,principal
SKU_1655_SNO,2024-11-01,194,40453.26,125110.6,principal
SKU_1655_TEA,2024-11-01,76,15847.67,49012.4,principal
SKU_1656_FUC,2024-11-01,0,0.0,0.0,principal
SKU_1656_SNO,2024-11-01,197,16730.97,46275.3,principal
SKU_1657_SPA,2024-11-01,320,24389.77,68768.0,principal
SKU_1657_EME,2024-11-01,100,7621.8,21490.0,principal
SKU_1658_BAB,2024-11-01,82,27486.37,72151.8,principal
SKU_1658_MYS,2024-11-01,158,52961.55,139024.2,principal
SKU_1659_MOS,2024-11-01,187,63438.24,191656.3,principal
SKU_1659_SNO,2024-11-01,154,52243.25,157834.6,principal
SKU_1660_NAV,2024-11-01,110,11403.16,34639.0,principal
SKU_1660_MAG,2024-11-01,305,31617.85,96044.5,principal
SKU_1661_WHI,2024-11-01,280,91743.93,277172.0,principal
SKU_1661_CER,2024-11-01,165,54063.39,163333.5,principal
SKU_1662_PIS,2024-11-01,190,11787.14,37981.0,principal
SKU_1662_LIG,2024-11-01,169,10484.35,33783.1,principal
SKU_1663_SNO,2024-11-01,285,72747.25,226546.5,principal
SKU_1663_FLA,2024-11-01,310,79128.59,246419.0,principal
SKU_1664_PIN,2024-11-01,346,34451.48,114145.4,principal
SKU_1664_MIN,2024-11-01,284,28278.09,93691.6,principal
SKU_1665_SAG,2024-11-01,32,2367.92,7996.8,principal
SKU_1665_RAS,2024-11-01,184,13615.57,45981.6,principal
SKU_1666_FUC,2024-11-01,182,51056.63,145581.8,principal
SKU_1666_PAS,2024-11-01,288,80792.91,230371.2,principal
SKU_1667_LIG,2024-11-01,86,6569.19,18051.4,principal
SKU_1667_MID,2024-11-01,110,8402.46,23089.0,principal
SKU_1668_DEN,2024-11-01,338,35382.04,91226.2,principal
SKU_1668_VAN,2024-11-01,77,8060.4,20782.3,principal
SKU_1669_COR,2024-11-01,85,6555.37,16991.5,principal
SKU_1669_TEA,2024-11-01,210,16195.62,41979.0,principal
SKU_1670_SAP,2024-11-01,115,5515.62,16663.5,principal
SKU_1671_SEA,2024-11-01,156,16474.72,54584.4,principal
SKU_1671_MIN,2024-11-01,171,18058.83,59832.9,principal
SKU_1672_TEA,2024-11-01,165,15378.47,48658.5,principal
SKU_1672_FOR,2024-11-01,163,15192.06,48068.7,principal
SKU_1673_PEA,2024-11-01,88,12263.58,36071.2,principal
SKU_1673_FUC,2024-11-01,318,44316.11,130348.2,principal
SKU_1674_PAS,2024-11-01,298,24931.96,68510.2,principal
SKU_1674_WHI,2024-11-01,313,26186.92,71958.7,principal
SKU_1675_CRE,2024-11-01,305,77220.48,233294.5,principal
SKU_1675_DEN,2024-11-01,149,37724.1,113970.1,principal
SKU_1676_PIN,2024-11-01,105,5872.76,17839.5,principal
SKU_1676_NAV,2024-11-01,109,6096.49,18519.1,principal
SKU_1677_POW,2024-11-01,180,39779.41,102582.0,principal
SKU_1677_VAN,2024-11-01,306,67625.0,174389.4,principal
SKU_1678_LIG,2024-11-01,100,26371.94,71490.0,principal
SKU_1678_MAG,2024-11-01,111,29272.85,79353.9,principal
SKU_1679_SHO,2024-11-01,184,63382.37,169261.6,principal
SKU_1679_GAR,2024-11-01,105,36169.29,96589.5,principal
SKU_1000_COR,2024-12-01,0,0.0,0.0,principal
SKU_1000_EME,2024-12-01,134,8007.44,27456.6,principal
SKU_1000_ROY,2024-12-01,179,10696.51,36677.1,principal
SKU_1001_AQU,2024-12-01,92,23113.64,86470.8,principal
SKU_1001_SAP,2024-12-01,165,41453.82,155083.5,principal
SKU_1002_COR,2024-12-01,63,4839.17,14798.7,principal
SKU_1002_MYS,2024-12-01,59,4531.93,13859.1,principal
SKU_1003_SNO,2024-12-01,120,17182.41,43788.0,principal
SKU_1003_DUS,2024-12-01,160,22909.88,58384.0,principal
SKU_1004_FOR,2024-12-01,0,0.0,0.0,principal
SKU_1004_MEX,2024-12-01,97,11058.97,29090.3,principal
SKU_1005_OLI,2024-12-01,0,0.0,0.0,principal
SKU_1005_MYS,2024-12-01,0,0.0,0.0,principal
SKU_1006_MOS,2024-12-01,90,5434.94,17091.0,principal
SKU_1006_FOR,2024-12-01,81,4891.44,15381.9,principal
SKU_1007_COB,2024-12-01,148,13879.17,43645.2,principal
SKU_1007_FOR,2024-12-01,130,12191.17,38337.0,principal
SKU_1008_MEX,2024-12-01,146,15701.12,47435.4,principal
SKU_1008_WHI,2024-12-01,123,13227.65,39962.7,principal
SKU_1009_BAB,2024-12-01,169,24035.27,87018.1,principal
SKU_1009_MAG,2024-12-01,0,0.0,0.0,principal
SKU_1010_SNO,2024-12-01,120,13584.31,45588.0,principal
SKU_1010_BRI,2024-12-01,0,0.0,0.0,principal
SKU_1011_CER,2024-12-01,72,5001.93,18712.8,principal
SKU_1011_MIN,2024-12-01,54,3751.45,14034.6,principal
SKU_1012_VAN,2024-12-01,124,35719.48,120267.6,principal
SKU_1012_CLO,2024-12-01,157,45225.47,152274.3,principal
SKU_1013_LIG,2024-12-01,92,6295.92,16550.8,principal
SKU_1013_LIG,2024-12-01,92,6295.92,16550.8,principal
SKU_1014_FLA,2024-12-01,135,17869.53,53986.5,principal
SKU_1014_MIN,2024-12-01,155,20516.87,61984.5,principal
SKU_1015_ROY,2024-12-01,152,47036.69,142104.8,principal
SKU_1015_TUR,2024-12-01,51,15782.05,47679.9,principal
SKU_1016_HON,2024-12-01,55,3912.25,11819.5,principal
SKU_1016_SNO,2024-12-01,0,0.0,0.0,principal
SKU_1017_PAS,2024-12-01,164,7817.58,24583.6,principal
SKU_1017_BAL,2024-12-01,87,4147.13,13041.3,principal
SKU_1018_TEA,2024-12-01,158,6024.26,18944.2,principal
SKU_1018_ARM,2024-12-01,165,6291.15,19783.5,principal
SKU_1019_NAV,2024-12-01,65,5348.93,17218.5,principal
SKU_1019_GAR,2024-12-01,81,6665.59,21456.9,principal
SKU_1020_NAV,2024-12-01,54,3285.01,10794.6,principal
SKU_1020_LIG,2024-12-01,100,6083.36,19990.0,principal
SKU_1021_CRE,2024-12-01,87,6625.38,24786.3,principal
SKU_1021_PAS,2024-12-01,176,13403.06,50142.4,principal
SKU_1022_PAL,2024-12-01,142,14854.24,45425.8,principal
SKU_1022_DEN,2024-12-01,63,6590.26,20153.7,principal
SKU_1023_DEN,2024-12-01,142,15596.25,39745.8,principal
SKU_1023_FOR,2024-12-01,180,19769.9,50382.0,principal
SKU_1024_VAN,2024-12-01,165,13166.27,34633.5,principal
SKU_1024_DEN,2024-12-01,76,6064.46,15952.4,principal
SKU_1025_WHI,2024-12-01,119,18349.59,57703.1,principal
SKU_1025_MIN,2024-12-01,104,16036.61,50429.6,principal
SKU_1026_CLO,2024-12-01,0,0.0,0.0,principal
SKU_1026_SPA,2024-12-01,62,8468.27,25723.8,principal
SKU_1027_MAR,2024-12-01,189,25236.83,79361.1,principal
SKU_1027_BIR,2024-12-01,174,23233.91,73062.6,principal
SKU_1028_BLU,2024-12-01,99,19830.51,62360.1,principal
SKU_1028_AQU,2024-12-01,59,11818.18,37164.1,principal
SKU_1029_BLU,2024-12-01,179,13940.2,43837.1,principal
SKU_1029_BAL,2024-12-01,76,5918.74,18612.4,principal
SKU_1030_CRE,2024-12-01,92,19013.47,59790.8,principal
SKU_1030_DEN,2024-12-01,69,14260.11,44843.1,principal
SKU_1031_COR,2024-12-01,154,24207.55,73134.6,principal
SKU_1031_HON,2024-12-01,0,0.0,0.0,principal
SKU_1032_EME,2024-12-01,153,16780.76,52769.7,principal
SKU_1032_HON,2024-12-01,154,16890.44,53114.6,principal
SKU_1033_NAV,2024-12-01,164,33893.58,106583.6,principal
SKU_1033_LIM,2024-12-01,111,22940.17,72138.9,principal
SKU_1034_PAS,2024-12-01,87,6154.82,18696.3,principal
SKU_1034_PIS,2024-12-01,109,7711.21,23424.1,principal
SKU_1035_SAP,2024-12-01,172,35820.41,112642.8,principal
SKU_1035_FUC,2024-12-01,160,33321.31,104784.0,principal
SKU_1036_BIR,2024-12-01,80,19749.37,59992.0,principal
SKU_1036_MID,2024-12-01,88,21724.3,65991.2,principal
SKU_1037_PRI,2024-12-01,54,3604.4,11334.6,principal
SKU_1037_SPA,2024-12-01,107,7142.06,22459.3,principal
SKU_1038_LIG,2024-12-01,51,4133.97,12999.9,principal
SKU_1038_FLA,2024-12-01,116,9402.75,29568.4,principal
SKU_1039_ARM,2024-12-01,71,3640.3,10997.9,principal
SKU_1039_MIN,2024-12-01,87,4460.66,13476.3,principal
SKU_1040_BLA,2024-12-01,85,9145.21,29741.5,principal
SKU_1040_BAB,2024-12-01,85,9145.21,29741.5,principal
SKU_1041_EME,2024-12-01,106,6936.18,23309.4,principal
SKU_1041_SNO,2024-12-01,66,4318.75,14513.4,principal
SKU_1042_SEA,2024-12-01,124,11491.71,39047.6,principal
SKU_1042_EME,2024-12-01,163,15106.04,51328.7,principal
SKU_1043_SPA,2024-12-01,55,14291.49,48119.5,principal
SKU_1043_CER,2024-12-01,78,20267.93,68242.2,principal
SKU_1044_SER,2024-12-01,186,60841.71,159941.4,principal
SKU_1044_COR,2024-12-01,125,40888.24,107487.5,principal
SKU_1045_FOR,2024-12-01,50,4845.14,12745.0,principal
SKU_1045_BUB,2024-12-01,131,12694.26,33391.9,principal
SKU_1046_SNO,2024-12-01,0,0.0,0.0,principal
SKU_1046_PAS,2024-12-01,74,3916.59,11832.6,principal
SKU_1047_ROY,2024-12-01,168,11672.12,35263.2,principal
SKU_1047_DEE,2024-12-01,62,4307.57,13013.8,principal
SKU_1048_MAR,2024-12-01,146,11530.36,35025.4,principal
SKU_1048_PEA,2024-12-01,0,0.0,0.0,principal
SKU_1049_BAL,2024-12-01,153,38022.5,115499.7,principal
SKU_1049_LIG,2024-12-01,176,43738.3,132862.4,principal
SKU_1050_BUB,2024-12-01,0,0.0,0.0,principal
SKU_1050_PRI,2024-12-01,154,13693.84,46954.6,principal
SKU_1051_CLE,2024-12-01,126,28734.56,94487.4,principal
SKU_1051_LIG,2024-12-01,170,38768.86,127483.0,principal
SKU_1052_PAS,2024-12-01,142,13162.54,46135.8,principal
SKU_1052_FRE,2024-12-01,112,10381.72,36388.8,principal
SKU_1053_SHO,2024-12-01,0,0.0,0.0,principal
SKU_1053_NAV,2024-12-01,59,6171.83,18874.1,principal
SKU_1054_DEE,2024-12-01,105,13281.07,37264.5,principal
SKU_1054_PAS,2024-12-01,72,9107.02,25552.8,principal
SKU_1055_LIG,2024-12-01,188,70622.56,213361.2,principal
SKU_1055_PAL,2024-12-01,0,0.0,0.0,principal
SKU_1056_CRE,2024-12-01,135,10496.51,31711.5,principal
SKU_1056_OLI,2024-12-01,162,12595.81,38053.8,principal
SKU_1057_ROY,2024-12-01,58,3530.41,10724.2,principal
SKU_1057_SNO,2024-12-01,0,0.0,0.0,principal
SKU_1058_MID,2024-12-01,66,4090.56,12863.4,principal
SKU_1058_SHO,2024-12-01,122,7561.34,23777.8,principal
SKU_1059_PEA,2024-12-01,92,8773.87,27590.8,principal
SKU_1059_OFF,2024-12-01,156,14877.44,46784.4,principal
SKU_1060_CRE,2024-12-01,142,48444.87,157605.8,principal
SKU_1060_LIM,2024-12-01,59,20128.5,65484.1,principal
SKU_1061_PAS,2024-12-01,153,17694.95,62714.7,principal
SKU_1061_EGR,2024-12-01,60,6939.2,24594.0,principal
SKU_1062_OLI,2024-12-01,166,9467.22,33183.4,principal
SKU_1062_MID,2024-12-01,130,7414.09,25987.0,principal
SKU_1063_SNO,2024-12-01,111,6506.08,20523.9,principal
SKU_1063_SAP,2024-12-01,60,3516.8,11094.0,principal
SKU_1064_PRI,2024-12-01,100,6768.04,18990.0,principal
SKU_1064_BIR,2024-12-01,140,9475.25,26586.0,principal
SKU_1065_CLE,2024-12-01,141,29934.45,90930.9,principal
SKU_1065_COB,2024-12-01,126,26749.94,81257.4,principal
SKU_1066_IVO,2024-12-01,173,10301.61,31122.7,principal
SKU_1066_WHI,2024-12-01,80,4763.75,14392.0,principal
SKU_1067_EME,2024-12-01,79,6654.82,20927.1,principal
SKU_1067_WHI,2024-12-01,74,6233.63,19602.6,principal
SKU_1068_COR,2024-12-01,75,19733.39,59617.5,principal
SKU_1068_BAL,2024-12-01,0,0.0,0.0,principal
SKU_1069_OLI,2024-12-01,0,0.0,0.0,principal
SKU_1069_CRE,2024-12-01,88,15434.93,46631.2,principal
SKU_1070_LIG,2024-12-01,0,0.0,0.0,principal
SKU_1070_MID,2024-12-01,153,17466.77,52769.7,principal
SKU_1071_BAB,2024-12-01,176,15637.79,47502.4,principal
SKU_1071_SKY,2024-12-01,146,12972.26,39405.4,principal
SKU_1072_PAS,2024-12-01,152,23138.49,69904.8,principal
SKU_1072_CER,2024-12-01,133,20246.18,61166.7,principal
SKU_1073_FRE,2024-12-01,91,9635.71,29110.9,principal
SKU_1073_BLU,2024-12-01,116,12282.88,37108.4,principal
SKU_1074_JAD,2024-12-01,137,9241.07,28071.3,principal
SKU_1074_PRI,2024-12-01,174,11736.84,35652.6,principal
SKU_1075_NAV,2024-12-01,101,9311.01,29279.9,principal
SKU_1075_LIG,2024-12-01,166,15303.24,48123.4,principal
SKU_1076_BLU,2024-12-01,0,0.0,0.0,principal
SKU_1076_POW,2024-12-01,140,9904.31,30086.0,principal
SKU_1077_NAV,2024-12-01,65,4752.03,14943.5,principal
SKU_1077_MAR,2024-12-01,84,6141.09,19311.6,principal
SKU_1078_GAR,2024-12-01,0,0.0,0.0,principal
SKU_1078_BLU,2024-12-01,161,15866.26,49893.9,principal
SKU_1079_BAB,2024-12-01,103,9321.2,28314.7,principal
SKU_1079_JAD,2024-12-01,153,13846.05,42059.7,principal
SKU_1080_TEA,2024-12-01,109,16460.98,51764.1,principal
SKU_1080_MAR,2024-12-01,72,10873.31,34192.8,principal
SKU_1081_EGR,2024-12-01,58,5096.24,16234.2,principal
SKU_1081_PAS,2024-12-01,125,10983.28,34987.5,principal
SKU_1082_PIN,2024-12-01,156,10068.58,32744.4,principal
SKU_1082_LIG,2024-12-01,172,11101.25,36102.8,principal
SKU_1083_OFF,2024-12-01,56,7579.52,25754.4,principal
SKU_1083_BAB,2024-12-01,133,18001.36,61166.7,principal
SKU_1084_DUS,2024-12-01,63,20392.93,62363.7,principal
SKU_1084_PAS,2024-12-01,81,26219.48,80181.9,principal
SKU_1085_COB,2024-12-01,114,18618.18,56988.6,principal
SKU_1085_CRE,2024-12-01,84,13718.66,41991.6,principal
SKU_1086_PRI,2024-12-01,177,15620.38,39807.3,principal
SKU_1086_CRE,2024-12-01,72,6354.05,16192.8,principal
SKU_1087_BIR,2024-12-01,84,12158.91,31491.6,principal
SKU_1087_SNO,2024-12-01,142,20554.34,53235.8,principal
SKU_1088_CER,2024-12-01,130,30594.86,92937.0,principal
SKU_1088_HON,2024-12-01,141,33183.66,100800.9,principal
SKU_1089_GAR,2024-12-01,180,17545.68,60282.0,principal
SKU_1089_EGR,2024-12-01,120,11697.12,40188.0,principal
SKU_1090_PAL,2024-12-01,175,7580.7,23607.5,principal
SKU_1090_WHI,2024-12-01,88,3812.01,11871.2,principal
SKU_1091_OFF,2024-12-01,65,5471.23,20468.5,principal
SKU_1091_MOS,2024-12-01,126,10605.77,39677.4,principal
SKU_1092_TUR,2024-12-01,142,15318.58,46845.8,principal
SKU_1092_MIN,2024-12-01,186,20065.18,61361.4,principal
SKU_1093_GAR,2024-12-01,0,0.0,0.0,principal
SKU_1093_TEA,2024-12-01,83,34459.14,96686.7,principal
SKU_1094_FOR,2024-12-01,80,7143.97,18792.0,principal
SKU_1094_DEE,2024-12-01,179,15984.63,42047.1,principal
SKU_1095_COB,2024-12-01,139,18527.74,56281.1,principal
SKU_1095_MAG,2024-12-01,0,0.0,0.0,principal
SKU_1096_HOT,2024-12-01,139,12807.89,38906.1,principal
SKU_1096_CLE,2024-12-01,53,4883.58,14834.7,principal
SKU_1097_AQU,2024-12-01,0,0.0,0.0,principal
SKU_1097_PAL,2024-12-01,126,8962.62,27077.4,principal
SKU_1098_HON,2024-12-01,0,0.0,0.0,principal
SKU_1098_HUN,2024-12-01,161,18380.07,55528.9,principal
SKU_1099_SAL,2024-12-01,61,4564.04,15243.9,principal
SKU_1099_PRI,2024-12-01,84,6284.91,20991.6,principal
SKU_1100_PEA,2024-12-01,78,3940.29,14422.2,principal
SKU_1100_COB,2024-12-01,0,0.0,0.0,principal
SKU_1101_CLE,2024-12-01,0,0.0,0.0,principal
SKU_1101_DEE,2024-12-01,120,13308.33,49788.0,principal
SKU_1102_FLA,2024-12-01,189,54443.4,183311.1,principal
SKU_1102_OFF,2024-12-01,136,39176.2,131906.4,principal
SKU_1103_EGR,2024-12-01,73,3607.22,9482.7,principal
SKU_1103_LIG,2024-12-01,51,2520.11,6624.9,principal
SKU_1104_POW,2024-12-01,73,4346.92,13132.7,principal
SKU_1104_MEX,2024-12-01,118,7026.53,21228.2,principal
SKU_1105_ARM,2024-12-01,0,0.0,0.0,principal
SKU_1105_SER,2024-12-01,172,11601.93,35242.8,principal
SKU_1106_MYS,2024-12-01,118,29264.97,92028.2,principal
SKU_1106_SNO,2024-12-01,78,19344.64,60832.2,principal
SKU_1107_BAL,2024-12-01,148,48473.12,147245.2,principal
SKU_1107_PAS,2024-12-01,52,17031.1,51734.8,principal
SKU_1108_PRI,2024-12-01,115,9512.44,28738.5,principal
SKU_1108_SNO,2024-12-01,97,8023.54,24240.3,principal
SKU_1109_SAG,2024-12-01,0,0.0,0.0,principal
SKU_1109_CER,2024-12-01,187,11790.36,42991.3,principal
SKU_1110_FLA,2024-12-01,157,9913.86,36094.3,principal
SKU_1110_HUN,2024-12-01,0,0.0,0.0,principal
SKU_1111_CRE,2024-12-01,46,2580.89,9655.4,principal
SKU_1111_BLU,2024-12-01,83,4656.82,17421.7,principal
SKU_1112_MIN,2024-12-01,110,8980.98,30239.0,principal
SKU_1112_EGR,2024-12-01,89,7266.43,24466.1,principal
SKU_1113_VAN,2024-12-01,0,0.0,0.0,principal
SKU_1113_OLI,2024-12-01,0,0.0,0.0,principal
SKU_1114_GAR,2024-12-01,91,12045.39,36390.9,principal
SKU_1114_PRI,2024-12-01,131,17340.06,52386.9,principal
SKU_1115_LIM,2024-12-01,135,9602.81,29011.5,principal
SKU_1115_TEA,2024-12-01,0,0.0,0.0,principal
SKU_1116_MOS,2024-12-01,92,7265.71,22070.8,principal
SKU_1116_SNO,2024-12-01,106,8371.36,25429.4,principal
SKU_1117_MOS,2024-12-01,113,8224.92,24848.7,principal
SKU_1117_MIN,2024-12-01,159,11573.12,34964.1,principal
SKU_1118_FUC,2024-12-01,111,10834.92,32733.9,principal
SKU_1118_DUS,2024-12-01,76,7418.5,22412.4,principal
SKU_1119_PAS,2024-12-01,63,2901.47,8813.7,principal
SKU_1119_LIG,2024-12-01,0,0.0,0.0,principal
SKU_1120_AQU,2024-12-01,76,5797.9,18232.4,principal
SKU_1120_SAL,2024-12-01,141,10756.64,33825.9,principal
SKU_1121_MYS,2024-12-01,126,10365.65,31487.4,principal
SKU_1121_MIN,2024-12-01,158,12998.2,39484.2,principal
SKU_1122_ROY,2024-12-01,93,13079.7,39515.7,principal
SKU_1122_PIS,2024-12-01,178,25034.26,75632.2,principal
SKU_1123_BAB,2024-12-01,72,10245.38,30952.8,principal
SKU_1123_SER,2024-12-01,0,0.0,0.0,principal
SKU_1124_BLU,2024-12-01,172,21510.85,65342.8,principal
SKU_1124_FOR,2024-12-01,137,17133.64,52046.3,principal
SKU_1125_MIN,2024-12-01,151,7948.5,24144.9,principal
SKU_1125_SAP,2024-12-01,86,4526.96,13751.4,principal
SKU_1126_WHI,2024-12-01,145,32871.78,99310.5,principal
SKU_1126_WHI,2024-12-01,145,32871.78,99310.5,principal
SKU_1127_SAL,2024-12-01,158,10397.52,31584.2,principal
SKU_1127_BLU,2024-12-01,68,4474.88,13593.2,principal
SKU_1128_PRI,2024-12-01,141,19026.41,57795.9,principal
SKU_1128_TEA,2024-12-01,0,0.0,0.0,principal
SKU_1129_VAN,2024-12-01,123,15670.43,47342.7,principal
SKU_1129_SAG,2024-12-01,78,9937.35,30022.2,principal
SKU_1130_CRE,2024-12-01,50,3701.48,12495.0,principal
SKU_1130_MEX,2024-12-01,123,9105.63,30737.7,principal
SKU_1131_CLO,2024-12-01,147,39847.97,130080.3,principal
SKU_1131_JAD,2024-12-01,63,17077.7,55748.7,principal
SKU_1132_NAV,2024-12-01,0,0.0,0.0,principal
SKU_1132_CLE,2024-12-01,181,9316.63,31656.9,principal
SKU_1133_MOS,2024-12-01,78,21078.74,70972.2,principal
SKU_1133_PEA,2024-12-01,158,42697.97,143764.2,principal
SKU_1134_DUS,2024-12-01,68,6001.05,15293.2,principal
SKU_1134_PIN,2024-12-01,163,14384.87,36658.7,principal
SKU_1135_ROS,2024-12-01,118,8070.11,21228.2,principal
SKU_1135_MAR,2024-12-01,82,5608.04,14751.8,principal
SKU_1136_SNO,2024-12-01,113,9296.18,28238.7,principal
SKU_1136_FUC,2024-12-01,60,4936.02,14994.0,principal
SKU_1137_DEE,2024-12-01,71,9141.83,28747.9,principal
SKU_1137_PAL,2024-12-01,149,19184.97,60330.1,principal
SKU_1138_PEA,2024-12-01,155,11085.32,34859.5,principal
SKU_1138_HON,2024-12-01,124,8868.26,27887.6,principal
SKU_1139_PRI,2024-12-01,111,10651.22,32178.9,principal
SKU_1139_EGR,2024-12-01,140,13433.97,40586.0,principal
SKU_1140_SNO,2024-12-01,149,8905.58,29785.1,principal
SKU_1140_ROS,2024-12-01,0,0.0,0.0,principal
SKU_1141_SKY,2024-12-01,73,8060.79,26637.7,principal
SKU_1141_CLE,2024-12-01,183,20207.18,66776.7,principal
SKU_1142_MIN,2024-12-01,86,7813.55,29231.4,principal
SKU_1142_PAS,2024-12-01,77,6995.86,26172.3,principal
SKU_1143_IVO,2024-12-01,131,8348.93,25531.9,principal
SKU_1143_SNO,2024-12-01,58,3696.47,11304.2,principal
SKU_1144_SEA,2024-12-01,147,18447.61,48495.3,principal
SKU_1144_BUB,2024-12-01,178,22337.92,58722.2,principal
SKU_1145_MOS,2024-12-01,115,17125.44,51738.5,principal
SKU_1145_LIG,2024-12-01,0,0.0,0.0,principal
SKU_1146_FRE,2024-12-01,61,9436.16,28663.9,principal
SKU_1146_CER,2024-12-01,134,20728.6,62966.6,principal
SKU_1147_COR,2024-12-01,182,21078.68,63681.8,principal
SKU_1147_MEX,2024-12-01,0,0.0,0.0,principal
SKU_1148_TEA,2024-12-01,88,12667.77,38271.2,principal
SKU_1148_SPA,2024-12-01,160,23032.3,69584.0,principal
SKU_1149_IVO,2024-12-01,108,5491.61,17269.2,principal
SKU_1149_OLI,2024-12-01,127,6457.72,20307.3,principal
SKU_1150_SAG,2024-12-01,135,26870.12,85711.5,principal
SKU_1150_VAN,2024-12-01,171,34035.48,108567.9,principal
SKU_1151_CRE,2024-12-01,128,31653.16,103667.2,principal
SKU_1151_JAD,2024-12-01,131,32395.03,106096.9,principal
SKU_1152_CLO,2024-12-01,176,47745.77,178622.4,principal
SKU_1152_WHI,2024-12-01,108,29298.54,109609.2,principal
SKU_1153_PEA,2024-12-01,167,18594.67,62608.3,principal
SKU_1153_MOS,2024-12-01,68,7571.48,25493.2,principal
SKU_1154_VAN,2024-12-01,93,19520.21,49745.7,principal
SKU_1154_PEA,2024-12-01,116,24347.79,62048.4,principal
SKU_1155_ARM,2024-12-01,146,43009.55,113135.4,principal
SKU_1155_BAB,2024-12-01,99,29164.01,76715.1,principal
SKU_1156_FLA,2024-12-01,162,14676.91,46153.8,principal
SKU_1156_EGR,2024-12-01,91,8244.44,25925.9,principal
SKU_1157_DEE,2024-12-01,128,8001.93,24307.2,principal
SKU_1157_PAS,2024-12-01,106,6626.6,20129.4,principal
SKU_1158_AQU,2024-12-01,168,36857.22,115903.2,principal
SKU_1158_MYS,2024-12-01,96,21061.27,66230.4,principal
SKU_1159_PAS,2024-12-01,95,5656.96,17090.5,principal
SKU_1159_PRI,2024-12-01,103,6133.33,18529.7,principal
SKU_1160_DUS,2024-12-01,157,10648.04,32169.3,principal
SKU_1160_LIM,2024-12-01,57,3865.85,11679.3,principal
SKU_1161_MEX,2024-12-01,87,12235.85,36966.3,principal
SKU_1161_DUS,2024-12-01,0,0.0,0.0,principal
SKU_1162_HOT,2024-12-01,169,40838.55,128423.1,principal
SKU_1162_BUB,2024-12-01,163,39388.66,123863.7,principal
SKU_1163_HUN,2024-12-01,140,11517.39,34986.0,principal
SKU_1163_SPA,2024-12-01,141,11599.66,35235.9,principal
SKU_1164_BRI,2024-12-01,166,10552.32,33183.4,principal
SKU_1164_MIN,2024-12-01,81,5149.02,16191.9,principal
SKU_1165_HUN,2024-12-01,0,0.0,0.0,principal
SKU_1165_MAR,2024-12-01,169,18266.91,57443.1,principal
SKU_1166_PIS,2024-12-01,85,16350.45,51416.5,principal
SKU_1166_FRE,2024-12-01,145,27891.94,87710.5,principal
SKU_1167_WHI,2024-12-01,105,24872.21,78214.5,principal
SKU_1167_JAD,2024-12-01,85,20134.65,63316.5,principal
SKU_1168_GAR,2024-12-01,140,35213.77,106386.0,principal
SKU_1168_BLU,2024-12-01,0,0.0,0.0,principal
SKU_1169_BUB,2024-12-01,124,7882.46,24787.6,principal
SKU_1169_MEX,2024-12-01,132,8391.0,26386.8,principal
SKU_1170_GAR,2024-12-01,110,32406.12,98439.0,principal
SKU_1170_OFF,2024-12-01,65,19149.07,58168.5,principal
SKU_1171_MIN,2024-12-01,68,3849.39,12573.2,principal
SKU_1171_EME,2024-12-01,128,7245.92,23667.2,principal
SKU_1172_ARM,2024-12-01,51,5632.31,18354.9,principal
SKU_1172_PIN,2024-12-01,53,5853.19,19074.7,principal
SKU_1173_GAR,2024-12-01,57,4946.98,16809.3,principal
SKU_1173_AQU,2024-12-01,61,5294.13,17988.9,principal
SKU_1174_PEA,2024-12-01,92,6121.52,19310.8,principal
SKU_1174_BLU,2024-12-01,79,5256.53,16582.1,principal
SKU_1175_FUC,2024-12-01,58,5114.23,15654.2,principal
SKU_1175_CLE,2024-12-01,77,6789.58,20782.3,principal
SKU_1176_GAR,2024-12-01,183,22617.33,59456.7,principal
SKU_1176_NAV,2024-12-01,165,20392.67,53608.5,principal
SKU_1177_MIN,2024-12-01,157,12399.09,37664.3,principal
SKU_1177_PEA,2024-12-01,97,7660.58,23270.3,principal
SKU_1178_RAS,2024-12-01,159,16174.78,50864.1,principal
SKU_1178_MID,2024-12-01,118,12003.93,37748.2,principal
SKU_1179_TUR,2024-12-01,123,13294.85,41807.7,principal
SKU_1179_VAN,2024-12-01,157,16969.85,53364.3,principal
SKU_1180_ROY,2024-12-01,147,22440.86,77895.3,principal
SKU_1180_AQU,2024-12-01,92,14044.62,48750.8,principal
SKU_1181_AQU,2024-12-01,169,15170.5,48993.1,principal
SKU_1181_SER,2024-12-01,116,10412.89,33628.4,principal
SKU_1182_BIR,2024-12-01,106,26870.94,89029.4,principal
SKU_1182_PIN,2024-12-01,112,28391.94,94068.8,principal
SKU_1183_POW,2024-12-01,107,23194.14,69539.3,principal
SKU_1183_MOS,2024-12-01,162,35116.36,105283.8,principal
SKU_1184_HOT,2024-12-01,128,15249.11,43507.2,principal
SKU_1184_BAB,2024-12-01,0,0.0,0.0,principal
SKU_1185_BAL,2024-12-01,76,28479.29,75232.4,principal
SKU_1185_MAG,2024-12-01,122,45716.75,120767.8,principal
SKU_1186_FLA,2024-12-01,0,0.0,0.0,principal
SKU_1186_MEX,2024-12-01,151,23606.9,71709.9,principal
SKU_1187_JAD,2024-12-01,79,8103.58,24482.1,principal
SKU_1187_OLI,2024-12-01,108,11078.31,33469.2,principal
SKU_1188_TEA,2024-12-01,57,4526.19,13674.3,principal
SKU_1188_BAB,2024-12-01,63,5002.63,15113.7,principal
SKU_1189_FUC,2024-12-01,0,0.0,0.0,principal
SKU_1189_ROY,2024-12-01,176,13684.33,41342.4,principal
SKU_1190_TEA,2024-12-01,87,14669.37,50451.3,principal
SKU_1190_MAG,2024-12-01,120,20233.62,69588.0,principal
SKU_1191_MIN,2024-12-01,52,2993.03,9614.8,principal
SKU_1191_MYS,2024-12-01,118,6791.87,21818.2,principal
SKU_1192_MAR,2024-12-01,79,5087.08,18557.1,principal
SKU_1192_RAS,2024-12-01,0,0.0,0.0,principal
SKU_1193_CLE,2024-12-01,108,15185.9,48049.2,principal
SKU_1193_ROS,2024-12-01,66,9280.27,29363.4,principal
SKU_1194_FLA,2024-12-01,105,8097.66,23089.5,principal
SKU_1194_SAG,2024-12-01,90,6940.85,19791.0,principal
SKU_1195_HUN,2024-12-01,114,18264.54,53568.6,principal
SKU_1195_SAL,2024-12-01,0,0.0,0.0,principal
SKU_1196_PEA,2024-12-01,0,0.0,0.0,principal
SKU_1196_RAS,2024-12-01,0,0.0,0.0,principal
SKU_1197_ROS,2024-12-01,95,24859.7,75515.5,principal
SKU_1197_COR,2024-12-01,57,14915.82,45309.3,principal
SKU_1198_SEA,2024-12-01,126,13418.77,42197.4,principal
SKU_1198_SAL,2024-12-01,64,6815.88,21433.6,principal
SKU_1199_PAL,2024-12-01,133,7652.83,27916.7,principal
SKU_1199_TEA,2024-12-01,114,6559.57,23928.6,principal
SKU_1200_MID,2024-12-01,176,9375.52,31662.4,principal
SKU_1200_PAS,2024-12-01,134,7138.18,24106.6,principal
SKU_1201_BIR,2024-12-01,0,0.0,0.0,principal
SKU_1201_SAG,2024-12-01,153,23631.83,74189.7,principal
SKU_1202_LIG,2024-12-01,160,47448.82,130384.0,principal
SKU_1202_CLE,2024-12-01,152,45076.38,123864.8,principal
SKU_1203_OFF,2024-12-01,0,0.0,0.0,principal
SKU_1203_FLA,2024-12-01,101,27889.34,76749.9,principal
SKU_1204_AQU,2024-12-01,44,5939.67,15395.6,principal
SKU_1204_MIN,2024-12-01,138,18628.96,48286.2,principal
SKU_1205_RAS,2024-12-01,109,28679.2,86644.1,principal
SKU_1205_COR,2024-12-01,82,21575.18,65181.8,principal
SKU_1206_HUN,2024-12-01,133,18265.14,55181.7,principal
SKU_1206_BLA,2024-12-01,53,7278.59,21989.7,principal
SKU_1207_POW,2024-12-01,113,37939.87,115248.7,principal
SKU_1207_BLA,2024-12-01,67,22495.32,68333.3,principal
SKU_1208_PAS,2024-12-01,84,20587.27,54171.6,principal
SKU_1208_MOS,2024-12-01,84,20587.27,54171.6,principal
SKU_1209_BLA,2024-12-01,117,12628.14,32748.3,principal
SKU_1209_DUS,2024-12-01,94,10145.68,26310.6,principal
SKU_1210_SHO,2024-12-01,112,8977.25,22948.8,principal
SKU_1210_WHI,2024-12-01,146,11702.49,29915.4,principal
SKU_1211_GAR,2024-12-01,169,17797.57,54063.1,principal
SKU_1211_CRE,2024-12-01,179,18850.68,57262.1,principal
SKU_1212_COB,2024-12-01,179,12517.15,39362.1,principal
SKU_1212_SNO,2024-12-01,97,6783.04,21330.3,principal
SKU_1213_MAG,2024-12-01,95,27361.62,83115.5,principal
SKU_1213_POW,2024-12-01,81,23329.38,70866.9,principal
SKU_1214_BLA,2024-12-01,113,10624.55,33888.7,principal
SKU_1214_RAS,2024-12-01,119,11188.68,35688.1,principal
SKU_1215_MAG,2024-12-01,130,8971.46,28587.0,principal
SKU_1215_BRI,2024-12-01,63,4347.71,13853.7,principal
SKU_1216_WHI,2024-12-01,170,25896.83,96883.0,principal
SKU_1216_CRE,2024-12-01,171,26049.16,97452.9,principal
SKU_1217_ROS,2024-12-01,106,27550.28,86909.4,principal
SKU_1217_RAS,2024-12-01,95,24691.29,77890.5,principal
SKU_1218_BLU,2024-12-01,103,26469.22,67454.7,principal
SKU_1218_SNO,2024-12-01,50,12849.14,32745.0,principal
SKU_1219_MAR,2024-12-01,129,19366.15,50942.1,principal
SKU_1219_LIM,2024-12-01,0,0.0,0.0,principal
SKU_1220_TUR,2024-12-01,87,8780.21,26526.3,principal
SKU_1220_HOT,2024-12-01,56,5651.63,17074.4,principal
SKU_1221_SAG,2024-12-01,121,28277.48,88922.9,principal
SKU_1221_PAL,2024-12-01,0,0.0,0.0,principal
SKU_1222_PAS,2024-12-01,101,28092.25,85334.9,principal
SKU_1222_HON,2024-12-01,115,31986.22,97163.5,principal
SKU_1223_TEA,2024-12-01,176,8395.39,25502.4,principal
SKU_1223_BLA,2024-12-01,87,4149.99,12606.3,principal
SKU_1224_OLI,2024-12-01,0,0.0,0.0,principal
SKU_1224_ARM,2024-12-01,61,8276.01,25308.9,principal
SKU_1225_POW,2024-12-01,112,7291.4,24068.8,principal
SKU_1225_IVO,2024-12-01,171,11132.41,36747.9,principal
SKU_1226_PAL,2024-12-01,166,22964.77,80493.4,principal
SKU_1226_LIG,2024-12-01,135,18676.17,65461.5,principal
SKU_1227_CLO,2024-12-01,117,13896.13,46788.3,principal
SKU_1227_PAS,2024-12-01,137,16271.53,54786.3,principal
SKU_1228_WHI,2024-12-01,173,19679.92,50152.7,principal
SKU_1228_SPA,2024-12-01,83,9441.81,24061.7,principal
SKU_1229_SAL,2024-12-01,79,22363.25,67932.1,principal
SKU_1229_CLO,2024-12-01,143,40480.31,122965.7,principal
SKU_1230_ROS,2024-12-01,118,15534.36,47188.2,principal
SKU_1230_NAV,2024-12-01,134,17640.71,53586.6,principal
SKU_1231_LIG,2024-12-01,134,21285.48,64306.6,principal
SKU_1231_BIR,2024-12-01,0,0.0,0.0,principal
SKU_1232_AQU,2024-12-01,54,6343.48,19164.6,principal
SKU_1232_FOR,2024-12-01,0,0.0,0.0,principal
SKU_1233_JAD,2024-12-01,93,7344.68,22310.7,principal
SKU_1233_SEA,2024-12-01,140,11056.51,33586.0,principal
SKU_1234_MOS,2024-12-01,62,4120.94,12703.8,principal
SKU_1234_SAL,2024-12-01,0,0.0,0.0,principal
SKU_1235_HUN,2024-12-01,0,0.0,0.0,principal
SKU_1235_COR,2024-12-01,143,19383.94,67195.7,principal
SKU_1236_DEE,2024-12-01,100,17666.9,56990.0,principal
SKU_1236_LIM,2024-12-01,185,32683.76,105431.5,principal
SKU_1237_BAB,2024-12-01,100,28527.15,99990.0,principal
SKU_1237_GAR,2024-12-01,171,48781.42,170982.9,principal
SKU_1238_SAP,2024-12-01,134,19535.63,61626.6,principal
SKU_1238_TUR,2024-12-01,0,0.0,0.0,principal
SKU_1239_BAB,2024-12-01,56,6601.61,17354.4,principal
SKU_1239_MID,2024-12-01,58,6837.39,17974.2,principal
SKU_1240_PAL,2024-12-01,192,63200.08,191980.8,principal
SKU_1240_MOS,2024-12-01,0,0.0,0.0,principal
SKU_1241_BAL,2024-12-01,66,7819.62,23753.4,principal
SKU_1241_FLA,2024-12-01,69,8175.06,24833.1,principal
SKU_1242_AQU,2024-12-01,167,16723.08,52588.3,principal
SKU_1242_SKY,2024-12-01,167,16723.08,52588.3,principal
SKU_1243_SNO,2024-12-01,87,7052.39,21306.3,principal
SKU_1243_PIN,2024-12-01,178,14429.02,43592.2,principal
SKU_1244_COB,2024-12-01,178,16409.5,51602.2,principal
SKU_1244_GAR,2024-12-01,85,7836.0,24641.5,principal
SKU_1245_COB,2024-12-01,87,5383.61,18261.3,principal
SKU_1245_SNO,2024-12-01,0,0.0,0.0,principal
SKU_1246_PAL,2024-12-01,116,9550.3,34208.4,principal
SKU_1246_COR,2024-12-01,78,6421.75,23002.2,principal
SKU_1247_SAP,2024-12-01,56,2874.23,10074.4,principal
SKU_1247_SKY,2024-12-01,124,6364.36,22307.6,principal
SKU_1248_AQU,2024-12-01,58,3222.32,9854.2,principal
SKU_1248_SAG,2024-12-01,86,4777.93,14611.4,principal
SKU_1249_WHI,2024-12-01,97,9958.99,26180.3,principal
SKU_1249_ARM,2024-12-01,154,15811.17,41564.6,principal
SKU_1250_AQU,2024-12-01,83,7101.4,21571.7,principal
SKU_1250_BAB,2024-12-01,105,8983.7,27289.5,principal
SKU_1251_SHO,2024-12-01,67,20289.68,61633.3,principal
SKU_1251_COB,2024-12-01,0,0.0,0.0,principal
SKU_1252_NAV,2024-12-01,108,7723.97,24289.2,principal
SKU_1252_FLA,2024-12-01,74,5292.35,16642.6,principal
SKU_1253_SEA,2024-12-01,181,21444.71,65141.9,principal
SKU_1253_FRE,2024-12-01,114,13506.62,41028.6,principal
SKU_1254_SEA,2024-12-01,0,0.0,0.0,principal
SKU_1254_BAB,2024-12-01,45,2828.56,8545.5,principal
SKU_1255_VAN,2024-12-01,42,6261.4,20155.8,principal
SKU_1255_SHO,2024-12-01,178,26536.41,85422.2,principal
SKU_1256_SEA,2024-12-01,157,31051.08,102034.3,principal
SKU_1256_MID,2024-12-01,176,34808.85,114382.4,principal
SKU_1257_SPA,2024-12-01,86,5027.39,17621.4,principal
SKU_1257_EME,2024-12-01,85,4968.93,17416.5,principal
SKU_1258_AQU,2024-12-01,93,7316.8,24635.7,principal
SKU_1258_LIG,2024-12-01,0,0.0,0.0,principal
SKU_1259_ARM,2024-12-01,75,9620.13,26992.5,principal
SKU_1259_POW,2024-12-01,0,0.0,0.0,principal
SKU_1260_WHI,2024-12-01,154,17326.06,52344.6,principal
SKU_1260_ROY,2024-12-01,174,19576.2,59142.6,principal
SKU_1261_PAS,2024-12-01,283,46106.67,140056.7,principal
SKU_1261_PAS,2024-12-01,283,46106.67,140056.7,principal
SKU_1262_BLU,2024-12-01,165,15013.66,45358.5,principal
SKU_1262_OFF,2024-12-01,0,0.0,0.0,principal
SKU_1263_COB,2024-12-01,0,0.0,0.0,principal
SKU_1263_SKY,2024-12-01,145,8826.02,26810.5,principal
SKU_1264_EGR,2024-12-01,190,37152.26,116831.0,principal
SKU_1264_BRI,2024-12-01,128,25028.89,78707.2,principal
SKU_1265_CRE,2024-12-01,113,8224.92,24848.7,principal
SKU_1265_JAD,2024-12-01,113,8224.92,24848.7,principal
SKU_1266_MEX,2024-12-01,109,10761.25,32689.1,principal
SKU_1266_SPA,2024-12-01,177,17474.69,53082.3,principal
SKU_1267_SKY,2024-12-01,137,15186.71,45881.3,principal
SKU_1267_SAP,2024-12-01,0,0.0,0.0,principal
SKU_1268_MYS,2024-12-01,85,9052.35,28466.5,principal
SKU_1268_MAR,2024-12-01,105,11182.31,35164.5,principal
SKU_1269_BAB,2024-12-01,111,37999.19,115428.9,principal
SKU_1269_CER,2024-12-01,58,19855.43,60314.2,principal
SKU_1270_CRE,2024-12-01,187,11690.32,35511.3,principal
SKU_1270_TUR,2024-12-01,129,8064.45,24497.1,principal
SKU_1271_OLI,2024-12-01,89,26073.0,79201.1,principal
SKU_1271_FLA,2024-12-01,50,14647.75,44495.0,principal
SKU_1272_PAS,2024-12-01,0,0.0,0.0,principal
SKU_1272_TEA,2024-12-01,109,13706.41,41409.1,principal
SKU_1273_PAS,2024-12-01,130,31620.97,99437.0,principal
SKU_1273_EGR,2024-12-01,0,0.0,0.0,principal
SKU_1274_MEX,2024-12-01,120,10108.58,31788.0,principal
SKU_1274_BAL,2024-12-01,177,14910.16,46887.3,principal
SKU_1275_MIN,2024-12-01,161,9799.92,29768.9,principal
SKU_1275_BIR,2024-12-01,113,6878.21,20893.7,principal
SKU_1276_WHI,2024-12-01,0,0.0,0.0,principal
SKU_1276_LIG,2024-12-01,323,16274.98,56492.7,principal
SKU_1277_MYS,2024-12-01,262,18757.77,69403.8,principal
SKU_1277_BAB,2024-12-01,330,23626.19,87417.0,principal
SKU_1278_BAB,2024-12-01,232,68168.67,238936.8,principal
SKU_1278_MOS,2024-12-01,355,104309.82,365614.5,principal
SKU_1279_FUC,2024-12-01,366,49448.54,166493.4,principal
SKU_1279_IVO,2024-12-01,286,38640.12,130101.4,principal
SKU_1280_LIM,2024-12-01,363,64673.66,181463.7,principal
SKU_1280_PRI,2024-12-01,0,0.0,0.0,principal
SKU_1281_PIS,2024-12-01,204,41095.14,108099.6,principal
SKU_1281_CER,2024-12-01,0,0.0,0.0,principal
SKU_1282_PIN,2024-12-01,296,21055.04,63610.4,principal
SKU_1282_BAL,2024-12-01,209,14866.57,44914.1,principal
SKU_1283_SNO,2024-12-01,400,24155.28,75960.0,principal
SKU_1283_BAB,2024-12-01,300,18116.46,56970.0,principal
SKU_1284_COR,2024-12-01,0,0.0,0.0,principal
SKU_1284_HOT,2024-12-01,335,78289.19,237816.5,principal
SKU_1285_WHI,2024-12-01,275,80092.9,241972.5,principal
SKU_1285_CLO,2024-12-01,374,108926.34,329082.6,principal
SKU_1286_MAR,2024-12-01,193,14219.41,47265.7,principal
SKU_1286_HOT,2024-12-01,320,23576.23,78368.0,principal
SKU_1287_NAV,2024-12-01,251,28111.58,95354.9,principal
SKU_1287_CER,2024-12-01,247,27663.58,93835.3,principal
SKU_1288_SAG,2024-12-01,187,13202.68,44861.3,principal
SKU_1288_BAB,2024-12-01,376,26546.57,90202.4,principal
SKU_1289_AQU,2024-12-01,693,233386.67,713720.7,principal
SKU_1289_AQU,2024-12-01,693,233386.67,713720.7,principal
SKU_1290_BIR,2024-12-01,364,69911.28,183783.6,principal
SKU_1290_PIN,2024-12-01,0,0.0,0.0,principal
SKU_1291_SAL,2024-12-01,180,14215.51,43182.0,principal
SKU_1291_SPA,2024-12-01,267,21086.35,64053.3,principal
SKU_1292_TEA,2024-12-01,363,37235.41,112493.7,principal
SKU_1292_FLA,2024-12-01,316,32414.3,97928.4,principal
SKU_1293_TEA,2024-12-01,318,31918.64,96958.2,principal
SKU_1293_OFF,2024-12-01,217,21780.96,66163.3,principal
SKU_1294_SEA,2024-12-01,176,11645.37,35182.4,principal
SKU_1294_COR,2024-12-01,0,0.0,0.0,principal
SKU_1295_PIS,2024-12-01,374,63394.9,192572.6,principal
SKU_1295_FLA,2024-12-01,0,0.0,0.0,principal
SKU_1296_DEE,2024-12-01,333,60419.21,216416.7,principal
SKU_1296_PEA,2024-12-01,0,0.0,0.0,principal
SKU_1297_WHI,2024-12-01,0,0.0,0.0,principal
SKU_1297_MIN,2024-12-01,357,23157.26,82074.3,principal
SKU_1298_OFF,2024-12-01,0,0.0,0.0,principal
SKU_1298_IVO,2024-12-01,0,0.0,0.0,principal
SKU_1299_BRI,2024-12-01,0,0.0,0.0,principal
SKU_1299_HOT,2024-12-01,203,13257.99,44639.7,principal
SKU_1300_BIR,2024-12-01,0,0.0,0.0,principal
SKU_1300_TEA,2024-12-01,302,123766.96,347269.8,principal
SKU_1301_AQU,2024-12-01,342,61348.33,186355.8,principal
SKU_1301_GAR,2024-12-01,375,67267.9,204337.5,principal
SKU_1302_EME,2024-12-01,253,34972.46,106234.7,principal
SKU_1302_DUS,2024-12-01,315,43542.79,132268.5,principal
SKU_1303_BIR,2024-12-01,257,14027.55,42379.3,principal
SKU_1303_SAP,2024-12-01,288,15719.59,47491.2,principal
SKU_1304_TUR,2024-12-01,368,57915.18,182123.2,principal
SKU_1304_GAR,2024-12-01,371,58387.31,183607.9,principal
SKU_1305_MAR,2024-12-01,297,34210.56,103920.3,principal
SKU_1305_OFF,2024-12-01,246,28336.02,86075.4,principal
SKU_1306_FRE,2024-12-01,233,63713.43,200356.7,principal
SKU_1306_SPA,2024-12-01,221,60432.05,190037.9,principal
SKU_1307_MAG,2024-12-01,301,21908.86,66189.9,principal
SKU_1307_FOR,2024-12-01,404,29405.91,88839.6,principal
SKU_1308_PAS,2024-12-01,285,39611.27,119671.5,principal
SKU_1308_CER,2024-12-01,347,48228.45,145705.3,principal
SKU_1309_OLI,2024-12-01,0,0.0,0.0,principal
SKU_1309_LIG,2024-12-01,351,42163.9,128079.9,principal
SKU_1310_MOS,2024-12-01,260,20645.79,62374.0,principal
SKU_1310_EGR,2024-12-01,339,26918.94,81326.1,principal
SKU_1311_BAB,2024-12-01,373,108044.33,328202.7,principal
SKU_1311_NAV,2024-12-01,391,113258.26,344040.9,principal
SKU_1312_HOT,2024-12-01,374,30936.12,93462.6,principal
SKU_1312_NAV,2024-12-01,0,0.0,0.0,principal
SKU_1313_SPA,2024-12-01,250,76942.27,233725.0,principal
SKU_1313_SHO,2024-12-01,0,0.0,0.0,principal
SKU_1314_BLU,2024-12-01,249,23763.33,72185.1,principal
SKU_1314_SNO,2024-12-01,0,0.0,0.0,principal
SKU_1315_WHI,2024-12-01,317,36189.32,109333.3,principal
SKU_1315_BLA,2024-12-01,285,32536.14,98296.5,principal
SKU_1316_DEN,2024-12-01,191,32375.47,98345.9,principal
SKU_1316_AQU,2024-12-01,207,35087.55,106584.3,principal
SKU_1317_BLU,2024-12-01,0,0.0,0.0,principal
SKU_1317_ROS,2024-12-01,357,23347.22,76719.3,principal
SKU_1318_PAS,2024-12-01,383,29143.96,91881.7,principal
SKU_1318_MYS,2024-12-01,0,0.0,0.0,principal
SKU_1319_MAR,2024-12-01,211,11431.66,40068.9,principal
SKU_1319_ROS,2024-12-01,376,20371.1,71402.4,principal
SKU_1320_PIS,2024-12-01,0,0.0,0.0,principal
SKU_1320_FOR,2024-12-01,297,13222.53,44520.3,principal
SKU_1321_FLA,2024-12-01,305,16445.3,45719.5,principal
SKU_1321_SER,2024-12-01,343,18494.23,51415.7,principal
SKU_1322_MOS,2024-12-01,0,0.0,0.0,principal
SKU_1322_IVO,2024-12-01,279,35012.81,92042.1,principal
SKU_1323_AQU,2024-12-01,297,33243.33,86100.3,principal
SKU_1323_FRE,2024-12-01,266,29773.48,77113.4,principal
SKU_1324_MID,2024-12-01,282,30793.53,93031.8,principal
SKU_1324_SNO,2024-12-01,421,45971.89,138887.9,principal
SKU_1325_LIG,2024-12-01,388,36148.77,116361.2,principal
SKU_1325_PEA,2024-12-01,227,21148.89,68077.3,principal
SKU_1326_PAS,2024-12-01,291,42851.53,146925.9,principal
SKU_1326_BAB,2024-12-01,352,51834.15,177724.8,principal
SKU_1327_GAR,2024-12-01,358,26545.51,93044.2,principal
SKU_1327_HON,2024-12-01,343,25433.27,89145.7,principal
SKU_1328_EGR,2024-12-01,312,24546.69,82648.8,principal
SKU_1328_LIG,2024-12-01,0,0.0,0.0,principal
SKU_1329_NAV,2024-12-01,229,22436.13,62952.1,principal
SKU_1329_MIN,2024-12-01,265,25963.21,72848.5,principal
SKU_1330_PRI,2024-12-01,278,28516.38,86152.2,principal
SKU_1330_LIM,2024-12-01,400,41030.76,123960.0,principal
SKU_1331_ARM,2024-12-01,325,28927.66,90967.5,principal
SKU_1331_AQU,2024-12-01,350,31152.87,97965.0,principal
SKU_1332_MOS,2024-12-01,388,21177.78,63981.2,principal
SKU_1332_MOS,2024-12-01,388,21177.78,63981.2,principal
SKU_1333_PIS,2024-12-01,337,21182.78,63996.3,principal
SKU_1333_MOS,2024-12-01,271,17034.22,51462.9,principal
SKU_1334_TEA,2024-12-01,215,32728.78,98878.5,principal
SKU_1334_ROY,2024-12-01,0,0.0,0.0,principal
SKU_1335_CRE,2024-12-01,214,24340.9,81298.6,principal
SKU_1335_BRI,2024-12-01,0,0.0,0.0,principal
SKU_1336_LIM,2024-12-01,281,26862.56,98321.9,principal
SKU_1336_PIN,2024-12-01,340,32502.74,118966.0,principal
SKU_1337_DUS,2024-12-01,225,12243.62,41602.5,principal
SKU_1337_MAG,2024-12-01,363,19753.03,67118.7,principal
SKU_1338_OLI,2024-12-01,228,15276.52,46717.2,principal
SKU_1338_PAS,2024-12-01,272,18224.63,55732.8,principal
SKU_1339_JAD,2024-12-01,292,32250.92,90490.8,principal
SKU_1339_EME,2024-12-01,329,36337.51,101957.1,principal
SKU_1340_SNO,2024-12-01,0,0.0,0.0,principal
SKU_1340_POW,2024-12-01,390,146991.42,446511.0,principal
SKU_1341_HOT,2024-12-01,360,20594.95,64764.0,principal
SKU_1341_PEA,2024-12-01,216,12356.97,38858.4,principal
SKU_1342_CRE,2024-12-01,308,34270.61,107769.2,principal
SKU_1342_BAB,2024-12-01,190,21140.96,66481.0,principal
SKU_1343_NAV,2024-12-01,208,21680.24,65499.2,principal
SKU_1343_IVO,2024-12-01,304,31686.5,95729.6,principal
SKU_1344_PAS,2024-12-01,318,31843.95,100138.2,principal
SKU_1344_MID,2024-12-01,239,23933.03,75261.1,principal
SKU_1345_ARM,2024-12-01,255,83913.45,305974.5,principal
SKU_1345_FOR,2024-12-01,256,84242.52,307174.4,principal
SKU_1346_HON,2024-12-01,330,25627.31,87417.0,principal
SKU_1346_PEA,2024-12-01,207,16075.31,54834.3,principal
SKU_1347_DUS,2024-12-01,0,0.0,0.0,principal
SKU_1347_LIM,2024-12-01,277,21464.8,80302.3,principal
SKU_1348_NAV,2024-12-01,350,74381.06,227465.0,principal
SKU_1348_PIS,2024-12-01,0,0.0,0.0,principal
SKU_1349_HON,2024-12-01,328,27015.64,68847.2,principal
SKU_1349_SEA,2024-12-01,197,16225.86,41350.3,principal
SKU_1350_SNO,2024-12-01,224,21123.63,63817.6,principal
SKU_1350_BAB,2024-12-01,330,31119.63,94017.0,principal
SKU_1351_SAG,2024-12-01,315,71932.42,217318.5,principal
SKU_1351_HON,2024-12-01,380,86775.62,262162.0,principal
SKU_1352_CER,2024-12-01,372,34464.65,104122.8,principal
SKU_1352_HUN,2024-12-01,293,27145.54,82010.7,principal
SKU_1353_MAG,2024-12-01,346,21748.49,65705.4,principal
SKU_1353_MAR,2024-12-01,421,26462.75,79947.9,principal
SKU_1354_AQU,2024-12-01,399,121486.35,369035.1,principal
SKU_1354_CLE,2024-12-01,276,84035.67,255272.4,principal
SKU_1355_PAS,2024-12-01,355,20439.86,62089.5,principal
SKU_1355_DEE,2024-12-01,242,13933.65,42325.8,principal
SKU_1356_BLU,2024-12-01,242,17120.31,52005.8,principal
SKU_1356_DEN,2024-12-01,0,0.0,0.0,principal
SKU_1357_BRI,2024-12-01,232,51059.0,154256.8,principal
SKU_1357_BLU,2024-12-01,391,86052.02,259975.9,principal
SKU_1358_DUS,2024-12-01,237,15596.28,47376.3,principal
SKU_1358_MAR,2024-12-01,259,17044.03,51774.1,principal
SKU_1359_BLU,2024-12-01,224,30266.48,95177.6,principal
SKU_1359_NAV,2024-12-01,219,29590.89,93053.1,principal
SKU_1360_WHI,2024-12-01,385,40766.46,123161.5,principal
SKU_1360_FRE,2024-12-01,0,0.0,0.0,principal
SKU_1361_MEX,2024-12-01,367,22162.47,69693.3,principal
SKU_1361_BLU,2024-12-01,224,13526.96,42537.6,principal
SKU_1362_POW,2024-12-01,365,110835.24,348538.5,principal
SKU_1362_SEA,2024-12-01,246,74699.92,234905.4,principal
SKU_1363_RAS,2024-12-01,265,80048.07,251723.5,principal
SKU_1363_HUN,2024-12-01,341,103005.26,323915.9,principal
SKU_1364_OFF,2024-12-01,325,47530.67,149467.5,principal
SKU_1364_TEA,2024-12-01,0,0.0,0.0,principal
SKU_1365_BUB,2024-12-01,0,0.0,0.0,principal
SKU_1365_NAV,2024-12-01,0,0.0,0.0,principal
SKU_1366_TEA,2024-12-01,332,44629.2,146046.8,principal
SKU_1366_PAL,2024-12-01,307,41268.57,135049.3,principal
SKU_1367_VAN,2024-12-01,229,12620.06,41197.1,principal
SKU_1367_BLA,2024-12-01,330,18186.11,59367.0,principal
SKU_1368_SNO,2024-12-01,298,63330.95,221980.2,principal
SKU_1368_TUR,2024-12-01,263,55892.75,195908.7,principal
SKU_1369_SNO,2024-12-01,236,11962.44,37736.4,principal
SKU_1369_RAS,2024-12-01,338,17132.65,54046.2,principal
SKU_1370_PRI,2024-12-01,0,0.0,0.0,principal
SKU_1370_MYS,2024-12-01,381,26895.84,68541.9,principal
SKU_1371_WHI,2024-12-01,321,29208.4,88242.9,principal
SKU_1371_HOT,2024-12-01,0,0.0,0.0,principal
SKU_1372_SEA,2024-12-01,225,25314.05,76477.5,principal
SKU_1372_DEN,2024-12-01,275,30939.4,93472.5,principal
SKU_1373_SKY,2024-12-01,204,12753.08,38739.6,principal
SKU_1373_CRE,2024-12-01,326,20379.92,61907.4,principal
SKU_1374_SAL,2024-12-01,0,0.0,0.0,principal
SKU_1374_BLU,2024-12-01,0,0.0,0.0,principal
SKU_1375_COR,2024-12-01,337,29548.8,89271.3,principal
SKU_1375_CLE,2024-12-01,343,30074.89,90860.7,principal
SKU_1376_SNO,2024-12-01,253,20191.72,72079.7,principal
SKU_1376_BIR,2024-12-01,264,21069.62,75213.6,principal
SKU_1377_PRI,2024-12-01,0,0.0,0.0,principal
SKU_1377_CLO,2024-12-01,313,24616.78,81348.7,principal
SKU_1378_SPA,2024-12-01,208,12159.26,42619.2,principal
SKU_1378_MOS,2024-12-01,345,20168.0,70690.5,principal
SKU_1379_SNO,2024-12-01,311,47804.84,150803.9,principal
SKU_1379_WHI,2024-12-01,366,56259.07,177473.4,principal
SKU_1380_TUR,2024-12-01,0,0.0,0.0,principal
SKU_1380_MIN,2024-12-01,345,31123.4,79315.5,principal
SKU_1381_WHI,2024-12-01,272,24749.8,74772.8,principal
SKU_1381_PAS,2024-12-01,218,19836.23,59928.2,principal
SKU_1382_ARM,2024-12-01,328,19807.33,62287.2,principal
SKU_1382_HOT,2024-12-01,250,15097.05,47475.0,principal
SKU_1383_CLE,2024-12-01,304,18102.26,54689.6,principal
SKU_1383_TUR,2024-12-01,351,20900.96,63144.9,principal
SKU_1384_CRE,2024-12-01,314,53741.44,163248.6,principal
SKU_1384_SKY,2024-12-01,397,67946.98,206400.3,principal
SKU_1385_PRI,2024-12-01,379,36367.67,109872.1,principal
SKU_1385_NAV,2024-12-01,191,18327.77,55370.9,principal
SKU_1386_SER,2024-12-01,190,12800.31,40831.0,principal
SKU_1386_COB,2024-12-01,398,26813.28,85530.2,principal
SKU_1387_BRI,2024-12-01,249,11389.92,39815.1,principal
SKU_1387_BAB,2024-12-01,384,17565.18,61401.6,principal
SKU_1388_BRI,2024-12-01,378,37879.67,141712.2,principal
SKU_1388_VAN,2024-12-01,383,38380.72,143586.7,principal
SKU_1389_SHO,2024-12-01,244,10138.27,34135.6,principal
SKU_1389_BAB,2024-12-01,237,9847.42,33156.3,principal
SKU_1390_SAP,2024-12-01,122,11005.96,28047.8,principal
SKU_1390_PAS,2024-12-01,28,2525.96,6437.2,principal
SKU_1391_LIG,2024-12-01,137,12919.36,39031.3,principal
SKU_1391_SEA,2024-12-01,273,25744.42,77777.7,principal
SKU_1392_LIM,2024-12-01,171,16691.63,50427.9,principal
SKU_1392_BLU,2024-12-01,259,25281.48,76379.1,principal
SKU_1393_COB,2024-12-01,132,13008.36,40906.8,principal
SKU_1393_SKY,2024-12-01,259,25523.98,80264.1,principal
SKU_1394_FOR,2024-12-01,178,26598.22,83642.2,principal
SKU_1394_EME,2024-12-01,144,21517.66,67665.6,principal
SKU_1395_BLA,2024-12-01,217,20004.84,62908.3,principal
SKU_1395_TUR,2024-12-01,149,13736.04,43195.1,principal
SKU_1396_FUC,2024-12-01,241,10702.59,32510.9,principal
SKU_1396_PAS,2024-12-01,137,6084.04,18481.3,principal
SKU_1397_SNO,2024-12-01,251,19409.6,58959.9,principal
SKU_1397_BUB,2024-12-01,252,19486.93,59194.8,principal
SKU_1398_AQU,2024-12-01,259,57543.86,174799.1,principal
SKU_1398_SPA,2024-12-01,284,63098.29,191671.6,principal
SKU_1399_PAL,2024-12-01,165,14161.65,44533.5,principal
SKU_1399_CRE,2024-12-01,42,3604.78,11335.8,principal
SKU_1400_FOR,2024-12-01,143,9881.17,30015.7,principal
SKU_1400_PAL,2024-12-01,253,17482.07,53104.7,principal
SKU_1401_GAR,2024-12-01,143,11355.19,34305.7,principal
SKU_1401_BLU,2024-12-01,225,17866.55,53977.5,principal
SKU_1402_WHI,2024-12-01,225,16807.1,52852.5,principal
SKU_1402_VAN,2024-12-01,249,18599.85,58490.1,principal
SKU_1403_AQU,2024-12-01,150,19006.36,57735.0,principal
SKU_1403_DUS,2024-12-01,116,14698.25,44648.4,principal
SKU_1404_SAP,2024-12-01,245,82708.79,249875.5,principal
SKU_1404_ARM,2024-12-01,247,83383.96,251915.3,principal
SKU_1405_FLA,2024-12-01,156,11096.58,33524.4,principal
SKU_1405_CLO,2024-12-01,139,9887.33,29871.1,principal
SKU_1406_PRI,2024-12-01,121,13937.64,42337.9,principal
SKU_1406_SHO,2024-12-01,270,31100.51,94473.0,principal
SKU_1407_OFF,2024-12-01,221,13622.99,47492.9,principal
SKU_1407_EME,2024-12-01,262,16150.33,56303.8,principal
SKU_1408_PAS,2024-12-01,152,44259.58,139824.8,principal
SKU_1408_FUC,2024-12-01,154,44841.95,141664.6,principal
SKU_1409_PEA,2024-12-01,584,36075.76,122581.6,principal
SKU_1409_PEA,2024-12-01,584,36075.76,122581.6,principal
SKU_1410_ROS,2024-12-01,232,78543.67,264456.8,principal
SKU_1410_JAD,2024-12-01,139,47058.49,158446.1,principal
SKU_1411_BLU,2024-12-01,293,22977.83,65895.7,principal
SKU_1411_RAS,2024-12-01,267,20938.84,60048.3,principal
SKU_1412_SHO,2024-12-01,255,81330.3,228199.5,principal
SKU_1412_BAB,2024-12-01,213,67934.72,190613.7,principal
SKU_1413_SAG,2024-12-01,257,15728.89,47519.3,principal
SKU_1413_JAD,2024-12-01,247,15116.87,45670.3,principal
SKU_1414_DUS,2024-12-01,153,16537.49,52004.7,principal
SKU_1414_CLO,2024-12-01,253,27346.31,85994.7,principal
SKU_1415_BAB,2024-12-01,266,30020.28,94403.4,principal
SKU_1415_MID,2024-12-01,255,28778.84,90499.5,principal
SKU_1416_CLE,2024-12-01,232,19967.42,64936.8,principal
SKU_1416_AQU,2024-12-01,287,24701.07,80331.3,principal
SKU_1417_SNO,2024-12-01,231,20652.29,64656.9,principal
SKU_1417_BIR,2024-12-01,146,13052.96,40865.4,principal
SKU_1418_CLE,2024-12-01,295,75227.53,249245.5,principal
SKU_1418_MOS,2024-12-01,137,34936.17,115751.3,principal
SKU_1419_FLA,2024-12-01,270,22504.94,67473.0,principal
SKU_1419_WHI,2024-12-01,130,10835.71,32487.0,principal
SKU_1420_EGR,2024-12-01,285,92643.9,282121.5,principal
SKU_1420_LIM,2024-12-01,260,84517.25,257374.0,principal
SKU_1421_LIG,2024-12-01,142,12358.09,32645.8,principal
SKU_1421_SER,2024-12-01,73,6353.11,16782.7,principal
SKU_1422_PIN,2024-12-01,178,21353.2,56052.2,principal
SKU_1422_MIN,2024-12-01,275,32989.49,86597.5,principal
SKU_1423_JAD,2024-12-01,272,107441.93,326372.8,principal
SKU_1423_SAG,2024-12-01,162,63991.15,194383.8,principal
SKU_1424_VAN,2024-12-01,268,87775.65,266633.2,principal
SKU_1424_BAB,2024-12-01,260,85155.48,258674.0,principal
SKU_1425_WHI,2024-12-01,133,8877.51,27916.7,principal
SKU_1425_LIG,2024-12-01,252,16820.55,52894.8,principal
SKU_1426_NAV,2024-12-01,274,10349.01,35592.6,principal
SKU_1426_SEA,2024-12-01,125,4721.26,16237.5,principal
SKU_1427_AQU,2024-12-01,294,18294.94,58770.6,principal
SKU_1427_BLA,2024-12-01,101,6284.99,20189.9,principal
SKU_1428_COB,2024-12-01,135,18130.06,66136.5,principal
SKU_1428_SKY,2024-12-01,245,32902.71,120025.5,principal
SKU_1429_SPA,2024-12-01,270,16204.78,51273.0,principal
SKU_1429_MAG,2024-12-01,134,8042.37,25446.6,principal
SKU_1430_PEA,2024-12-01,314,19810.98,56488.6,principal
SKU_1430_JAD,2024-12-01,258,16277.81,46414.2,principal
SKU_1431_TEA,2024-12-01,240,30268.71,88776.0,principal
SKU_1431_CRE,2024-12-01,164,20683.62,60663.6,principal
SKU_1432_WHI,2024-12-01,215,60030.76,154778.5,principal
SKU_1432_BRI,2024-12-01,119,33226.33,85668.1,principal
SKU_1433_OLI,2024-12-01,249,25812.6,78410.1,principal
SKU_1433_SAP,2024-12-01,231,23946.63,72741.9,principal
SKU_1434_ARM,2024-12-01,292,19490.47,61290.8,principal
SKU_1434_MIN,2024-12-01,250,16687.05,52475.0,principal
SKU_1435_SKY,2024-12-01,235,71630.12,237326.5,principal
SKU_1435_OLI,2024-12-01,234,71325.31,236316.6,principal
SKU_1436_BLU,2024-12-01,212,17570.75,59338.8,principal
SKU_1436_PAS,2024-12-01,57,4724.21,15954.3,principal
SKU_1437_ROY,2024-12-01,154,8089.01,25394.6,principal
SKU_1437_AQU,2024-12-01,294,15442.65,48480.6,principal
SKU_1438_MOS,2024-12-01,280,21537.22,57372.0,principal
SKU_1438_DEE,2024-12-01,254,19537.33,52044.6,principal
SKU_1439_CER,2024-12-01,258,15790.09,47704.2,principal
SKU_1439_SHO,2024-12-01,255,15606.48,47149.5,principal
SKU_1440_PIS,2024-12-01,232,107398.6,278376.8,principal
SKU_1440_BLU,2024-12-01,240,111102.0,287976.0,principal
SKU_1441_COB,2024-12-01,179,80164.96,206727.1,principal
SKU_1441_IVO,2024-12-01,248,111066.54,286415.2,principal
SKU_1442_OFF,2024-12-01,217,20822.65,62908.3,principal
SKU_1442_EME,2024-12-01,150,14393.53,43485.0,principal
SKU_1443_BLU,2024-12-01,290,25907.7,78271.0,principal
SKU_1443_PRI,2024-12-01,128,11435.12,34547.2,principal
SKU_1444_HUN,2024-12-01,59,5379.1,14154.1,principal
SKU_1444_OLI,2024-12-01,20,1823.42,4798.0,principal
SKU_1445_TEA,2024-12-01,185,29241.54,75831.5,principal
SKU_1445_PRI,2024-12-01,153,24183.55,62714.7,principal
SKU_1446_SHO,2024-12-01,240,25339.47,64776.0,principal
SKU_1446_GAR,2024-12-01,258,27239.93,69634.2,principal
SKU_1447_BLU,2024-12-01,268,21165.32,64293.2,principal
SKU_1447_OLI,2024-12-01,264,20849.42,63333.6,principal
SKU_1448_SKY,2024-12-01,230,13621.31,41377.0,principal
SKU_1448_SEA,2024-12-01,231,13680.53,41556.9,principal
SKU_1449_BLA,2024-12-01,213,22906.42,69203.7,principal
SKU_1449_NAV,2024-12-01,270,29036.31,87723.0,principal
SKU_1450_MAG,2024-12-01,261,34598.91,106983.9,principal
SKU_1450_JAD,2024-12-01,82,10870.16,33611.8,principal
SKU_1451_WHI,2024-12-01,214,16966.24,52408.6,principal
SKU_1451_BIR,2024-12-01,280,22198.81,68572.0,principal
SKU_1452_SKY,2024-12-01,232,8985.77,33616.8,principal
SKU_1452_DEE,2024-12-01,145,5616.11,21010.5,principal
SKU_1453_SAP,2024-12-01,114,8488.82,26778.6,principal
SKU_1453_PRI,2024-12-01,124,9233.45,29127.6,principal
SKU_1454_BRI,2024-12-01,146,8325.21,21885.4,principal
SKU_1454_BUB,2024-12-01,240,13685.27,35976.0,principal
SKU_1455_TEA,2024-12-01,156,17292.9,52244.4,principal
SKU_1455_ROY,2024-12-01,121,13413.08,40522.9,principal
SKU_1456_EME,2024-12-01,316,32937.28,99508.4,principal
SKU_1456_DEN,2024-12-01,249,25953.74,78410.1,principal
SKU_1457_SNO,2024-12-01,150,7939.04,23985.0,principal
SKU_1457_MAG,2024-12-01,129,6827.57,20627.1,principal
SKU_1458_PEA,2024-12-01,280,32428.73,97972.0,principal
SKU_1458_MIN,2024-12-01,264,30575.66,92373.6,principal
SKU_1459_OFF,2024-12-01,151,10433.96,31694.9,principal
SKU_1459_CRE,2024-12-01,147,10157.56,30855.3,principal
SKU_1460_FUC,2024-12-01,151,8371.94,26409.9,principal
SKU_1460_OLI,2024-12-01,278,15413.24,48622.2,principal
SKU_1461_NAV,2024-12-01,242,83717.83,258915.8,principal
SKU_1461_PRI,2024-12-01,249,86139.43,266405.1,principal
SKU_1462_MID,2024-12-01,172,16776.5,62762.8,principal
SKU_1462_OFF,2024-12-01,252,24579.52,91954.8,principal
SKU_1463_LIG,2024-12-01,278,23626.47,72252.2,principal
SKU_1463_DUS,2024-12-01,199,16912.47,51720.1,principal
SKU_1464_MOS,2024-12-01,133,11631.38,30576.7,principal
SKU_1464_BIR,2024-12-01,254,22213.31,58394.6,principal
SKU_1465_CLE,2024-12-01,254,30406.95,79984.6,principal
SKU_1465_OFF,2024-12-01,266,31843.49,83763.4,principal
SKU_1466_PRI,2024-12-01,222,19724.94,59917.8,principal
SKU_1466_SAP,2024-12-01,264,23456.69,71253.6,principal
SKU_1467_OLI,2024-12-01,285,18570.09,58396.5,principal
SKU_1467_FUC,2024-12-01,130,8470.57,26637.0,principal
SKU_1468_BAB,2024-12-01,65,11400.8,34443.5,principal
SKU_1468_MYS,2024-12-01,147,25783.34,77895.3,principal
SKU_1469_ARM,2024-12-01,147,13785.4,43350.3,principal
SKU_1469_SAL,2024-12-01,261,24476.11,76968.9,principal
SKU_1470_WHI,2024-12-01,140,41776.39,128786.0,principal
SKU_1470_MAR,2024-12-01,215,64156.6,197778.5,principal
SKU_1471_ROS,2024-12-01,168,9303.56,34423.2,principal
SKU_1471_LIG,2024-12-01,128,7088.43,26227.2,principal
SKU_1472_EME,2024-12-01,253,37448.68,118884.7,principal
SKU_1472_MYS,2024-12-01,253,37448.68,118884.7,principal
SKU_1473_BLU,2024-12-01,133,6395.61,23926.7,principal
SKU_1473_BAB,2024-12-01,240,11540.94,43176.0,principal
SKU_1474_BRI,2024-12-01,64,22181.59,67833.6,principal
SKU_1474_DEN,2024-12-01,231,80061.67,244836.9,principal
SKU_1475_VAN,2024-12-01,257,24430.92,64224.3,principal
SKU_1475_MIN,2024-12-01,239,22719.81,59726.1,principal
SKU_1476_WHI,2024-12-01,279,25248.69,76697.1,principal
SKU_1476_CLO,2024-12-01,139,12579.09,38211.1,principal
SKU_1477_CLE,2024-12-01,233,17344.96,52401.7,principal
SKU_1477_EME,2024-12-01,250,18610.48,56225.0,principal
SKU_1478_TEA,2024-12-01,272,17451.81,53012.8,principal
SKU_1478_COB,2024-12-01,162,10394.09,31573.8,principal
SKU_1479_MIN,2024-12-01,141,25897.74,78240.9,principal
SKU_1479_FUC,2024-12-01,244,44815.94,135395.6,principal
SKU_1480_SNO,2024-12-01,144,17630.91,53265.6,principal
SKU_1480_MEX,2024-12-01,121,14814.86,44757.9,principal
SKU_1481_BLA,2024-12-01,246,60589.48,199235.4,principal
SKU_1481_TEA,2024-12-01,239,58865.39,193566.1,principal
SKU_1482_MOS,2024-12-01,149,18506.87,66290.1,principal
SKU_1482_SHO,2024-12-01,226,28070.82,100547.4,principal
SKU_1483_WHI,2024-12-01,246,23522.05,79925.4,principal
SKU_1483_POW,2024-12-01,248,23713.28,80575.2,principal
SKU_1484_MOS,2024-12-01,129,17620.15,59327.1,principal
SKU_1484_EGR,2024-12-01,257,35103.71,118194.3,principal
SKU_1485_PAS,2024-12-01,291,75923.87,193485.9,principal
SKU_1485_CER,2024-12-01,134,34961.51,89096.6,principal
SKU_1486_OLI,2024-12-01,0,0.0,0.0,principal
SKU_1486_PAL,2024-12-01,175,16792.46,50732.5,principal
SKU_1487_BRI,2024-12-01,95,10117.33,31815.5,principal
SKU_1487_CLE,2024-12-01,250,26624.55,83725.0,principal
SKU_1488_IVO,2024-12-01,235,25400.73,79876.5,principal
SKU_1488_PEA,2024-12-01,141,15240.44,47925.9,principal
SKU_1489_TEA,2024-12-01,159,19361.6,58814.1,principal
SKU_1489_IVO,2024-12-01,282,34339.44,104311.8,principal
SKU_1490_EME,2024-12-01,148,15426.32,46605.2,principal
SKU_1490_VAN,2024-12-01,261,27204.53,82188.9,principal
SKU_1491_GAR,2024-12-01,258,10811.92,34804.2,principal
SKU_1491_CER,2024-12-01,178,7459.39,24012.2,principal
SKU_1492_SKY,2024-12-01,268,31540.55,100473.2,principal
SKU_1492_BIR,2024-12-01,245,28833.71,91850.5,principal
SKU_1493_PEA,2024-12-01,120,10581.87,39588.0,principal
SKU_1493_CLO,2024-12-01,303,26719.23,99959.7,principal
SKU_1494_EGR,2024-12-01,172,59153.09,186602.8,principal
SKU_1494_HOT,2024-12-01,226,77724.41,245187.4,principal
SKU_1495_FUC,2024-12-01,116,13638.86,38268.4,principal
SKU_1495_BLA,2024-12-01,254,29864.4,83794.6,principal
SKU_1496_PAS,2024-12-01,154,57535.8,174774.6,principal
SKU_1496_PEA,2024-12-01,41,15317.97,46530.9,principal
SKU_1497_FUC,2024-12-01,252,11252.28,33994.8,principal
SKU_1497_VAN,2024-12-01,247,11029.02,33320.3,principal
SKU_1498_OLI,2024-12-01,168,18901.16,57103.2,principal
SKU_1498_LIG,2024-12-01,48,5400.33,16315.2,principal
SKU_1499_HOT,2024-12-01,118,9752.49,30668.2,principal
SKU_1499_RAS,2024-12-01,259,21405.88,67314.1,principal
SKU_1500_MOS,2024-12-01,159,13603.89,41324.1,principal
SKU_1500_PAS,2024-12-01,269,23015.39,69913.1,principal
SKU_1501_OLI,2024-12-01,127,7142.09,21577.3,principal
SKU_1501_SAL,2024-12-01,220,12372.12,37378.0,principal
SKU_1502_PEA,2024-12-01,215,14856.3,45128.5,principal
SKU_1502_VAN,2024-12-01,168,11608.65,35263.2,principal
SKU_1503_VAN,2024-12-01,253,19147.82,58164.7,principal
SKU_1503_CER,2024-12-01,148,11201.1,34025.2,principal
SKU_1504_EME,2024-12-01,212,23851.46,72058.8,principal
SKU_1504_NAV,2024-12-01,137,15413.45,46566.3,principal
SKU_1505_BLU,2024-12-01,282,21926.04,66241.8,principal
SKU_1505_SNO,2024-12-01,254,19748.98,59664.6,principal
SKU_1506_PAL,2024-12-01,275,20104.75,63222.5,principal
SKU_1506_BRI,2024-12-01,63,4605.82,14483.7,principal
SKU_1507_PAS,2024-12-01,246,14648.54,44255.4,principal
SKU_1507_FLA,2024-12-01,44,2620.06,7915.6,principal
SKU_1508_LIM,2024-12-01,289,19969.63,60661.1,principal
SKU_1508_DEE,2024-12-01,207,14303.51,43449.3,principal
SKU_1509_HOT,2024-12-01,160,16941.9,51184.0,principal
SKU_1509_MAG,2024-12-01,99,10482.8,31670.1,principal
SKU_1510_SNO,2024-12-01,243,64516.06,202880.7,principal
SKU_1510_ROS,2024-12-01,261,69295.03,217908.9,principal
SKU_1511_CLE,2024-12-01,142,42216.34,132755.8,principal
SKU_1511_SKY,2024-12-01,271,80567.81,253357.9,principal
SKU_1512_TEA,2024-12-01,150,10700.4,33735.0,principal
SKU_1512_MYS,2024-12-01,155,11057.08,34859.5,principal
SKU_1513_PAS,2024-12-01,134,7782.86,28796.6,principal
SKU_1513_RAS,2024-12-01,149,8654.07,32020.1,principal
SKU_1514_PEA,2024-12-01,257,62769.57,213284.3,principal
SKU_1514_SPA,2024-12-01,254,62036.85,210794.6,principal
SKU_1515_SEA,2024-12-01,142,9049.99,27675.8,principal
SKU_1515_AQU,2024-12-01,230,14658.43,44827.0,principal
SKU_1516_CRE,2024-12-01,238,31678.27,83276.2,principal
SKU_1516_EME,2024-12-01,126,16770.85,44087.4,principal
SKU_1517_FOR,2024-12-01,228,104003.11,273577.2,principal
SKU_1517_ROS,2024-12-01,253,115406.96,303574.7,principal
SKU_1518_CLE,2024-12-01,163,12175.81,38288.7,principal
SKU_1518_LIM,2024-12-01,261,19496.23,61308.9,principal
SKU_1519_BLU,2024-12-01,146,29245.0,91965.4,principal
SKU_1519_TEA,2024-12-01,191,38258.87,120310.9,principal
SKU_1520_GAR,2024-12-01,308,22803.42,69269.2,principal
SKU_1520_ROY,2024-12-01,249,18435.23,56000.1,principal
SKU_1521_MOS,2024-12-01,215,12983.46,40828.5,principal
SKU_1521_FRE,2024-12-01,130,7850.47,24687.0,principal
SKU_1522_MOS,2024-12-01,143,5857.09,21435.7,principal
SKU_1522_BIR,2024-12-01,139,5693.26,20836.1,principal
SKU_1523_HOT,2024-12-01,248,25680.68,92975.2,principal
SKU_1523_CRE,2024-12-01,147,15222.02,55110.3,principal
SKU_1524_BLU,2024-12-01,102,11103.88,37729.8,principal
SKU_1524_DEN,2024-12-01,229,24929.3,84707.1,principal
SKU_1525_MYS,2024-12-01,254,23342.17,73634.6,principal
SKU_1525_OLI,2024-12-01,102,9373.63,29569.8,principal
SKU_1526_FOR,2024-12-01,128,7750.7,21747.2,principal
SKU_1527_FUC,2024-12-01,269,80576.01,244763.1,principal
SKU_1527_TEA,2024-12-01,147,44032.24,133755.3,principal
SKU_1528_PAS,2024-12-01,261,18565.43,56088.9,principal
SKU_1528_DEN,2024-12-01,294,20912.78,63180.6,principal
SKU_1529_HUN,2024-12-01,182,14673.04,44571.8,principal
SKU_1529_MIN,2024-12-01,165,13302.48,40408.5,principal
SKU_1530_HON,2024-12-01,262,11203.93,34033.8,principal
SKU_1530_PEA,2024-12-01,276,11802.61,35852.4,principal
SKU_1531_TEA,2024-12-01,265,48234.48,145723.5,principal
SKU_1531_SNO,2024-12-01,261,47506.41,143523.9,principal
SKU_1532_BRI,2024-12-01,277,75778.47,271432.3,principal
SKU_1532_EME,2024-12-01,255,69759.96,249874.5,principal
SKU_1533_CER,2024-12-01,280,13904.7,46172.0,principal
SKU_1533_DUS,2024-12-01,182,9038.05,30011.8,principal
SKU_1534_MYS,2024-12-01,274,16119.58,54772.6,principal
SKU_1534_HUN,2024-12-01,232,13648.69,46376.8,principal
SKU_1535_NAV,2024-12-01,153,14787.95,46649.7,principal
SKU_1535_MOS,2024-12-01,145,14014.73,44210.5,principal
SKU_1536_MOS,2024-12-01,259,31836.89,89329.1,principal
SKU_1536_FRE,2024-12-01,117,14381.92,40353.3,principal
SKU_1537_SAP,2024-12-01,149,12571.41,37980.1,principal
SKU_1537_BLA,2024-12-01,212,17886.84,54038.8,principal
SKU_1538_MAG,2024-12-01,289,20078.82,60661.1,principal
SKU_1538_PAS,2024-12-01,22,1528.49,4617.8,principal
SKU_1539_BLA,2024-12-01,252,28039.59,88174.8,principal
SKU_1539_PEA,2024-12-01,252,28039.59,88174.8,principal
SKU_1540_BAL,2024-12-01,0,0.0,0.0,principal
SKU_1540_MAG,2024-12-01,242,13074.82,41115.8,principal
SKU_1541_AQU,2024-12-01,99,21247.2,66815.1,principal
SKU_1541_POW,2024-12-01,257,55156.88,173449.3,principal
SKU_1542_DEE,2024-12-01,246,38054.01,115595.4,principal
SKU_1542_PEA,2024-12-01,261,40374.37,122643.9,principal
SKU_1543_BAB,2024-12-01,269,62864.82,197688.1,principal
SKU_1543_FLA,2024-12-01,255,59593.04,187399.5,principal
SKU_1544_OLI,2024-12-01,293,18625.48,58570.7,principal
SKU_1544_PEA,2024-12-01,146,9280.96,29185.4,principal
SKU_1545_TEA,2024-12-01,267,22067.07,69393.3,principal
SKU_1545_HOT,2024-12-01,285,23554.74,74071.5,principal
SKU_1546_PAS,2024-12-01,246,13682.08,43025.4,principal
SKU_1546_IVO,2024-12-01,227,12625.33,39702.3,principal
SKU_1547_IVO,2024-12-01,162,17689.9,53443.8,principal
SKU_1547_FUC,2024-12-01,222,24241.71,73237.8,principal
SKU_1548_HOT,2024-12-01,141,22164.06,66960.9,principal
SKU_1548_CLO,2024-12-01,272,42756.2,129172.8,principal
SKU_1549_BAL,2024-12-01,171,10054.49,31617.9,principal
SKU_1549_PAS,2024-12-01,262,15405.13,48443.8,principal
SKU_1550_PAL,2024-12-01,262,14222.69,43203.8,principal
SKU_1550_IVO,2024-12-01,140,7599.91,23086.0,principal
SKU_1551_DUS,2024-12-01,232,16886.56,51016.8,principal
SKU_1551_ROS,2024-12-01,160,11645.9,35184.0,principal
SKU_1552_CLE,2024-12-01,222,48227.08,146497.8,principal
SKU_1552_SAP,2024-12-01,37,8037.85,24416.3,principal
SKU_1553_DEN,2024-12-01,144,11522.62,36705.6,principal
SKU_1553_HOT,2024-12-01,243,19444.42,61940.7,principal
SKU_1554_PIS,2024-12-01,280,83480.42,289772.0,principal
SKU_1554_SKY,2024-12-01,257,76623.1,265969.3,principal
SKU_1555_FUC,2024-12-01,134,7259.91,25446.6,principal
SKU_1555_RAS,2024-12-01,233,12623.58,44246.7,principal
SKU_1556_SAL,2024-12-01,241,14666.13,49380.9,principal
SKU_1556_HUN,2024-12-01,294,17891.46,60240.6,principal
SKU_1557_TUR,2024-12-01,273,19629.8,54572.7,principal
SKU_1557_SAG,2024-12-01,148,10641.8,29585.2,principal
SKU_1558_CLE,2024-12-01,239,29993.06,78846.1,principal
SKU_1558_MEX,2024-12-01,84,10541.49,27711.6,principal
SKU_1559_BLU,2024-12-01,235,108871.13,281976.5,principal
SKU_1559_SKY,2024-12-01,42,19457.82,50395.8,principal
SKU_1560_PAL,2024-12-01,40,2961.48,8996.0,principal
SKU_1560_CRE,2024-12-01,129,9550.78,29012.1,principal
SKU_1561_LIM,2024-12-01,143,16034.44,50035.7,principal
SKU_1561_VAN,2024-12-01,272,30499.08,95172.8,principal
SKU_1562_CLO,2024-12-01,240,23152.8,74376.0,principal
SKU_1562_BLU,2024-12-01,39,3762.33,12086.1,principal
SKU_1563_WHI,2024-12-01,141,5649.63,21135.9,principal
SKU_1563_MEX,2024-12-01,247,9896.86,37025.3,principal
SKU_1564_BLA,2024-12-01,251,46936.57,148064.9,principal
SKU_1564_NAV,2024-12-01,227,42448.61,133907.3,principal
SKU_1565_LIG,2024-12-01,239,33752.72,86016.1,principal
SKU_1565_BAB,2024-12-01,261,36859.66,93933.9,principal
SKU_1566_PEA,2024-12-01,166,65308.98,171793.4,principal
SKU_1566_POW,2024-12-01,290,114094.0,300121.0,principal
SKU_1567_PRI,2024-12-01,262,59504.15,180753.8,principal
SKU_1567_POW,2024-12-01,321,72903.94,221457.9,principal
SKU_1568_FRE,2024-12-01,268,20019.12,62953.2,principal
SKU_1568_PIN,2024-12-01,247,18450.46,58020.3,principal
SKU_1569_WHI,2024-12-01,250,17482.05,54975.0,principal
SKU_1569_PAS,2024-12-01,127,8880.88,27927.3,principal
SKU_1570_MEX,2024-12-01,252,57289.23,180154.8,principal
SKU_1570_HON,2024-12-01,107,24325.19,76494.3,principal
SKU_1571_WHI,2024-12-01,246,17842.94,61475.4,principal
SKU_1571_BIR,2024-12-01,269,19511.18,67223.1,principal
SKU_1572_BAL,2024-12-01,246,10035.82,34415.4,principal
SKU_1572_MAR,2024-12-01,36,1468.66,5036.4,principal
SKU_1573_MIN,2024-12-01,270,81439.58,276723.0,principal
SKU_1573_SAG,2024-12-01,144,43434.44,147585.6,principal
SKU_1574_GAR,2024-12-01,138,24792.43,83476.2,principal
SKU_1574_COB,2024-12-01,164,29463.47,99203.6,principal
SKU_1575_JAD,2024-12-01,147,48364.17,127140.3,principal
SKU_1575_AQU,2024-12-01,252,82910.01,217954.8,principal
SKU_1576_AQU,2024-12-01,140,11286.95,34286.0,principal
SKU_1576_BLU,2024-12-01,137,11045.09,33551.3,principal
SKU_1577_FLA,2024-12-01,57,2898.35,9114.3,principal
SKU_1577_HUN,2024-12-01,229,11644.24,36617.1,principal
SKU_1578_PAS,2024-12-01,311,12787.41,38843.9,principal
SKU_1578_TEA,2024-12-01,70,2878.2,8743.0,principal
SKU_1579_DEN,2024-12-01,266,20131.7,61153.4,principal
SKU_1579_SAG,2024-12-01,270,20434.43,62073.0,principal
SKU_1580_WHI,2024-12-01,203,12258.8,38549.7,principal
SKU_1580_MOS,2024-12-01,254,15338.6,48234.6,principal
SKU_1581_BIR,2024-12-01,302,70805.76,258179.8,principal
SKU_1581_COB,2024-12-01,153,35871.79,130799.7,principal
SKU_1582_WHI,2024-12-01,294,19814.97,67590.6,principal
SKU_1582_PAS,2024-12-01,146,9840.09,33565.4,principal
SKU_1583_WHI,2024-12-01,170,11582.91,43333.0,principal
SKU_1583_BLU,2024-12-01,250,17033.69,63725.0,principal
SKU_1584_AQU,2024-12-01,105,6348.54,19414.5,principal
SKU_1584_FLA,2024-12-01,134,8101.95,24776.6,principal
SKU_1585_COR,2024-12-01,122,15314.51,39027.8,principal
SKU_1585_BLA,2024-12-01,127,15942.15,40627.3,principal
SKU_1586_JAD,2024-12-01,145,16807.06,44210.5,principal
SKU_1586_EGR,2024-12-01,242,28050.41,73785.8,principal
SKU_1587_DEE,2024-12-01,103,7530.14,23679.7,principal
SKU_1587_LIG,2024-12-01,156,11404.88,35864.4,principal
SKU_1588_PAS,2024-12-01,126,19629.31,61727.4,principal
SKU_1588_CRE,2024-12-01,283,44088.06,138641.7,principal
SKU_1589_TUR,2024-12-01,141,31731.61,95865.9,principal
SKU_1589_CER,2024-12-01,233,52435.93,158416.7,principal
SKU_1590_MYS,2024-12-01,266,16629.01,50513.4,principal
SKU_1590_HOT,2024-12-01,144,9002.17,27345.6,principal
SKU_1591_HON,2024-12-01,49,13866.42,43605.1,principal
SKU_1591_MYS,2024-12-01,273,77255.78,242942.7,principal
SKU_1592_CER,2024-12-01,147,9811.99,30855.3,principal
SKU_1592_SAG,2024-12-01,240,16019.57,50376.0,principal
SKU_1593_LIG,2024-12-01,171,8201.48,24777.9,principal
SKU_1593_FUC,2024-12-01,134,6426.89,19416.6,principal
SKU_1594_BAL,2024-12-01,154,25343.33,76984.6,principal
SKU_1594_WHI,2024-12-01,250,41141.77,124975.0,principal
SKU_1595_FLA,2024-12-01,177,17570.24,53082.3,principal
SKU_1595_MYS,2024-12-01,205,20349.71,61479.5,principal
SKU_1596_BIR,2024-12-01,257,23257.75,70649.3,principal
SKU_1596_CER,2024-12-01,134,12126.61,36836.6,principal
SKU_1597_SHO,2024-12-01,293,49372.9,155260.7,principal
SKU_1597_FLA,2024-12-01,166,27972.36,87963.4,principal
SKU_1598_NAV,2024-12-01,183,28509.24,89651.7,principal
SKU_1598_DUS,2024-12-01,252,39258.63,123454.8,principal
SKU_1599_WHI,2024-12-01,239,36971.17,112306.1,principal
SKU_1599_CER,2024-12-01,139,21502.06,65316.1,principal
SKU_1600_LIG,2024-12-01,228,29640.25,90037.2,principal
SKU_1600_SHO,2024-12-01,43,5590.05,16980.7,principal
SKU_1601_EME,2024-12-01,284,69083.54,208711.6,principal
SKU_1601_AQU,2024-12-01,251,61056.23,184459.9,principal
SKU_1602_AQU,2024-12-01,249,16958.09,57245.1,principal
SKU_1602_PAS,2024-12-01,119,8104.47,27358.1,principal
SKU_1603_BUB,2024-12-01,229,47460.99,170582.1,principal
SKU_1603_PEA,2024-12-01,37,7668.37,27561.3,principal
SKU_1604_CLE,2024-12-01,291,47051.72,176025.9,principal
SKU_1604_SNO,2024-12-01,232,37512.03,140336.8,principal
SKU_1605_VAN,2024-12-01,101,6596.34,22209.9,principal
SKU_1605_COR,2024-12-01,253,16523.51,55634.7,principal
SKU_1606_COB,2024-12-01,221,85451.5,239762.9,principal
SKU_1606_SEA,2024-12-01,147,56838.78,159480.3,principal
SKU_1607_GAR,2024-12-01,259,25710.13,77674.1,principal
SKU_1607_MAR,2024-12-01,136,13500.3,40786.4,principal
SKU_1608_WHI,2024-12-01,107,10739.92,32624.3,principal
SKU_1608_MID,2024-12-01,252,25294.02,76834.8,principal
SKU_1609_LIM,2024-12-01,40,3433.13,10796.0,principal
SKU_1609_SAP,2024-12-01,140,12015.95,37786.0,principal
SKU_1610_PRI,2024-12-01,165,10043.4,30508.5,principal
SKU_1610_MEX,2024-12-01,148,9008.62,27365.2,principal
SKU_1611_MID,2024-12-01,141,10207.14,31005.9,principal
SKU_1611_BRI,2024-12-01,133,9628.01,29246.7,principal
SKU_1612_PAL,2024-12-01,185,18823.73,61031.5,principal
SKU_1612_SNO,2024-12-01,236,24012.97,77856.4,principal
SKU_1613_BIR,2024-12-01,162,8722.04,30763.8,principal
SKU_1613_AQU,2024-12-01,275,14805.92,52222.5,principal
SKU_1614_VAN,2024-12-01,260,33001.79,115674.0,principal
SKU_1614_IVO,2024-12-01,273,34651.88,121457.7,principal
SKU_1615_MOS,2024-12-01,250,36843.32,116225.0,principal
SKU_1615_SHO,2024-12-01,237,34927.47,110181.3,principal
SKU_1616_SER,2024-12-01,145,56531.43,148610.5,principal
SKU_1616_COR,2024-12-01,179,69787.08,183457.1,principal
SKU_1617_DEN,2024-12-01,127,7961.42,20942.3,principal
SKU_1617_MIN,2024-12-01,272,17051.24,44852.8,principal
SKU_1618_SAL,2024-12-01,269,16018.12,48393.1,principal
SKU_1618_SAP,2024-12-01,269,16018.12,48393.1,principal
SKU_1619_IVO,2024-12-01,266,17504.68,53173.4,principal
SKU_1619_PAS,2024-12-01,225,14806.59,44977.5,principal
SKU_1620_SAG,2024-12-01,133,11661.69,35231.7,principal
SKU_1620_BLU,2024-12-01,128,11223.28,33907.2,principal
SKU_1621_PAS,2024-12-01,311,24180.84,73053.9,principal
SKU_1621_FUC,2024-12-01,112,8708.21,26308.8,principal
SKU_1622_VAN,2024-12-01,143,11729.54,38595.7,principal
SKU_1622_CLO,2024-12-01,118,9678.92,31848.2,principal
SKU_1623_EGR,2024-12-01,39,10207.31,35681.1,principal
SKU_1623_SER,2024-12-01,263,68833.89,240618.7,principal
SKU_1624_PRI,2024-12-01,242,14949.2,50795.8,principal
SKU_1624_ARM,2024-12-01,175,10810.37,36732.5,principal
SKU_1625_GAR,2024-12-01,230,14939.26,47127.0,principal
SKU_1625_DUS,2024-12-01,281,18251.88,57576.9,principal
SKU_1626_BAB,2024-12-01,152,31217.45,82064.8,principal
SKU_1626_DEN,2024-12-01,250,51344.49,134975.0,principal
SKU_1627_BAB,2024-12-01,274,29919.95,90392.6,principal
SKU_1627_MOS,2024-12-01,232,25333.68,76536.8,principal
SKU_1628_PEA,2024-12-01,146,26429.95,80285.4,principal
SKU_1628_POW,2024-12-01,168,30412.55,92383.2,principal
SKU_1629_CLO,2024-12-01,140,11348.15,35686.0,principal
SKU_1629_ARM,2024-12-01,144,11672.38,36705.6,principal
SKU_1630_LIM,2024-12-01,119,13191.38,39853.1,principal
SKU_1630_SNO,2024-12-01,243,26937.01,81380.7,principal
SKU_1631_BAL,2024-12-01,240,13729.97,43176.0,principal
SKU_1631_SNO,2024-12-01,208,11899.31,37419.2,principal
SKU_1632_SAP,2024-12-01,159,9731.1,29399.1,principal
SKU_1632_SPA,2024-12-01,215,13158.41,39753.5,principal
SKU_1633_SER,2024-12-01,224,16732.4,52617.6,principal
SKU_1633_DEN,2024-12-01,157,11727.62,36879.3,principal
SKU_1634_NAV,2024-12-01,0,0.0,0.0,principal
SKU_1634_SAP,2024-12-01,24,7784.33,23517.6,principal
SKU_1635_TEA,2024-12-01,157,30200.24,94969.3,principal
SKU_1635_SAG,2024-12-01,226,43472.95,136707.4,principal
SKU_1636_LIG,2024-12-01,149,21577.45,65545.1,principal
SKU_1636_SHO,2024-12-01,149,21577.45,65545.1,principal
SKU_1637_BLU,2024-12-01,158,46219.46,145344.2,principal
SKU_1637_WHI,2024-12-01,130,38028.67,119587.0,principal
SKU_1638_PEA,2024-12-01,231,83734.77,263316.9,principal
SKU_1638_SAP,2024-12-01,113,40961.17,128808.7,principal
SKU_1639_FRE,2024-12-01,221,13345.79,41967.9,principal
SKU_1639_WHI,2024-12-01,260,15700.93,49374.0,principal
SKU_1640_IVO,2024-12-01,0,0.0,0.0,principal
SKU_1640_TEA,2024-12-01,234,16939.51,51456.6,principal
SKU_1641_MEX,2024-12-01,250,25829.55,81225.0,principal
SKU_1641_SER,2024-12-01,33,3409.5,10721.7,principal
SKU_1642_OFF,2024-12-01,287,21364.83,64546.3,principal
SKU_1642_SAL,2024-12-01,159,11836.26,35759.1,principal
SKU_1643_PAS,2024-12-01,271,18659.72,60947.9,principal
SKU_1643_EGR,2024-12-01,45,3098.48,10120.5,principal
SKU_1644_BAB,2024-12-01,160,14715.2,51184.0,principal
SKU_1644_PEA,2024-12-01,244,22440.67,78055.6,principal
SKU_1645_MYS,2024-12-01,287,32744.25,114771.3,principal
SKU_1645_MIN,2024-12-01,278,31717.43,111172.2,principal
SKU_1646_BLU,2024-12-01,145,9418.23,29710.5,principal
SKU_1646_CLE,2024-12-01,224,14549.54,45897.6,principal
SKU_1647_BLA,2024-12-01,271,30093.28,92112.9,principal
SKU_1647_ARM,2024-12-01,223,24763.11,75797.7,principal
SKU_1648_RAS,2024-12-01,242,60365.54,169375.8,principal
SKU_1648_FLA,2024-12-01,37,9229.44,25896.3,principal
SKU_1649_FLA,2024-12-01,147,11367.37,34530.3,principal
SKU_1649_GAR,2024-12-01,265,20492.21,62248.5,principal
SKU_1650_OLI,2024-12-01,245,78291.76,246200.5,principal
SKU_1650_EGR,2024-12-01,122,38986.1,122597.8,principal
SKU_1651_PAS,2024-12-01,112,9820.37,29668.8,principal
SKU_1651_SAL,2024-12-01,42,3682.64,11125.8,principal
SKU_1652_TEA,2024-12-01,263,17783.28,57833.7,principal
SKU_1652_MOS,2024-12-01,209,14131.96,45959.1,principal
SKU_1653_ROS,2024-12-01,280,32187.95,100772.0,principal
SKU_1653_BAB,2024-12-01,154,17703.37,55424.6,principal
SKU_1654_CRE,2024-12-01,249,22577.81,77165.1,principal
SKU_1654_NAV,2024-12-01,243,22033.77,75305.7,principal
SKU_1655_SNO,2024-12-01,278,57969.11,179282.2,principal
SKU_1655_TEA,2024-12-01,113,23562.98,72873.7,principal
SKU_1656_FUC,2024-12-01,57,4840.94,13389.3,principal
SKU_1656_SNO,2024-12-01,288,24459.49,67651.2,principal
SKU_1657_SPA,2024-12-01,255,19435.6,54799.5,principal
SKU_1657_EME,2024-12-01,134,10213.22,28796.6,principal
SKU_1658_BAB,2024-12-01,122,40894.36,107347.8,principal
SKU_1658_MYS,2024-12-01,237,79442.32,208536.3,principal
SKU_1659_MOS,2024-12-01,288,97701.67,295171.2,principal
SKU_1659_SNO,2024-12-01,241,81757.3,247000.9,principal
SKU_1660_NAV,2024-12-01,153,15860.76,48179.7,principal
SKU_1660_MAG,2024-12-01,254,26330.93,79984.6,principal
SKU_1661_WHI,2024-12-01,229,75033.43,226687.1,principal
SKU_1661_CER,2024-12-01,234,76671.71,231636.6,principal
SKU_1662_PIS,2024-12-01,267,16564.03,53373.3,principal
SKU_1662_LIG,2024-12-01,243,15075.13,48575.7,principal
SKU_1663_SNO,2024-12-01,235,59984.58,186801.5,principal
SKU_1663_FLA,2024-12-01,246,62792.37,195545.4,principal
SKU_1664_PIN,2024-12-01,288,28676.38,95011.2,principal
SKU_1664_MIN,2024-12-01,230,22901.27,75877.0,principal
SKU_1665_SAG,2024-12-01,106,7843.75,26489.4,principal
SKU_1665_RAS,2024-12-01,272,20127.36,67972.8,principal
SKU_1666_FUC,2024-12-01,269,75462.82,215173.1,principal
SKU_1666_PAS,2024-12-01,249,69852.2,199175.1,principal
SKU_1667_LIG,2024-12-01,124,9471.86,26027.6,principal
SKU_1667_MID,2024-12-01,173,13214.77,36312.7,principal
SKU_1668_DEN,2024-12-01,278,29101.2,75032.2,principal
SKU_1668_VAN,2024-12-01,26,2721.7,7017.4,principal
SKU_1669_COR,2024-12-01,120,9254.64,23988.0,principal
SKU_1669_TEA,2024-12-01,281,21671.29,56171.9,principal
SKU_1670_SAP,2024-12-01,173,8297.41,25067.7,principal
SKU_1670_PEA,2024-12-01,0,0.0,0.0,principal
SKU_1671_SEA,2024-12-01,232,24500.86,81176.8,principal
SKU_1671_MIN,2024-12-01,262,27669.08,91673.8,principal
SKU_1672_TEA,2024-12-01,241,22461.89,71070.9,principal
SKU_1672_FOR,2024-12-01,237,22089.08,69891.3,principal
SKU_1673_PEA,2024-12-01,133,18534.72,54516.7,principal
SKU_1673_FUC,2024-12-01,243,33864.19,99605.7,principal
SKU_1674_PAS,2024-12-01,254,21250.73,58394.6,principal
SKU_1674_WHI,2024-12-01,253,21167.06,58164.7,principal
SKU_1675_CRE,2024-12-01,244,61776.38,186635.6,principal
SKU_1675_DEN,2024-12-01,220,55700.02,168278.0,principal
SKU_1676_PIN,2024-12-01,151,8445.59,25654.9,principal
SKU_1676_NAV,2024-12-01,156,8725.25,26504.4,principal
SKU_1677_POW,2024-12-01,258,57017.15,147034.2,principal
SKU_1677_VAN,2024-12-01,262,57901.14,149313.8,principal
SKU_1678_LIG,2024-12-01,159,41931.38,113669.1,principal
SKU_1678_MAG,2024-12-01,159,41931.38,113669.1,principal
SKU_1679_SHO,2024-12-01,271,93351.21,249292.9,principal
SKU_1679_GAR,2024-12-01,51,17567.94,46914.9,principal
SKU_1000_COR,2025-01-01,0,0.0,0.0,principal
SKU_1000_EME,2025-01-01,134,8007.44,27456.6,principal
SKU_1000_ROY,2025-01-01,179,10696.51,36677.1,principal
SKU_1001_AQU,2025-01-01,92,23113.64,86470.8,principal
SKU_1001_SAP,2025-01-01,165,41453.82,155083.5,principal
SKU_1002_COR,2025-01-01,63,4839.17,14798.7,principal
SKU_1002_MYS,2025-01-01,59,4531.93,13859.1,principal
SKU_1003_SNO,2025-01-01,120,17182.41,43788.0,principal
SKU_1003_DUS,2025-01-01,160,22909.88,58384.0,principal
SKU_1004_FOR,2025-01-01,0,0.0,0.0,principal
SKU_1004_MEX,2025-01-01,97,11058.97,29090.3,principal
SKU_1005_OLI,2025-01-01,0,0.0,0.0,principal
SKU_1005_MYS,2025-01-01,0,0.0,0.0,principal
SKU_1006_MOS,2025-01-01,90,5434.94,17091.0,principal
SKU_1006_FOR,2025-01-01,81,4891.44,15381.9,principal
SKU_1007_COB,2025-01-01,148,13879.17,43645.2,principal
SKU_1007_FOR,2025-01-01,130,12191.17,38337.0,principal
SKU_1008_MEX,2025-01-01,146,15701.12,47435.4,principal
SKU_1008_WHI,2025-01-01,123,13227.65,39962.7,principal
SKU_1009_BAB,2025-01-01,169,24035.27,87018.1,principal
SKU_1009_MAG,2025-01-01,0,0.0,0.0,principal
SKU_1010_SNO,2025-01-01,120,13584.31,45588.0,principal
SKU_1010_BRI,2025-01-01,0,0.0,0.0,principal
SKU_1011_CER,2025-01-01,72,5001.93,18712.8,principal
SKU_1011_MIN,2025-01-01,54,3751.45,14034.6,principal
SKU_1012_VAN,2025-01-01,124,35719.48,120267.6,principal
SKU_1012_CLO,2025-01-01,157,45225.47,152274.3,principal
SKU_1013_LIG,2025-01-01,92,6295.92,16550.8,principal
SKU_1013_LIG,2025-01-01,92,6295.92,16550.8,principal
SKU_1014_FLA,2025-01-01,135,17869.53,53986.5,principal
SKU_1014_MIN,2025-01-01,155,20516.87,61984.5,principal
SKU_1015_ROY,2025-01-01,152,47036.69,142104.8,principal
SKU_1015_TUR,2025-01-01,51,15782.05,47679.9,principal
SKU_1016_HON,2025-01-01,55,3912.25,11819.5,principal
SKU_1016_SNO,2025-01-01,0,0.0,0.0,principal
SKU_1017_PAS,2025-01-01,164,7817.58,24583.6,principal
SKU_1017_BAL,2025-01-01,87,4147.13,13041.3,principal
SKU_1018_TEA,2025-01-01,158,6024.26,18944.2,principal
SKU_1018_ARM,2025-01-01,165,6291.15,19783.5,principal
SKU_1019_NAV,2025-01-01,65,5348.93,17218.5,principal
SKU_1019_GAR,2025-01-01,81,6665.59,21456.9,principal
SKU_1020_NAV,2025-01-01,54,3285.01,10794.6,principal
SKU_1020_LIG,2025-01-01,100,6083.36,19990.0,principal
SKU_1021_CRE,2025-01-01,87,6625.38,24786.3,principal
SKU_1021_PAS,2025-01-01,176,13403.06,50142.4,principal
SKU_1022_PAL,2025-01-01,142,14854.24,45425.8,principal
SKU_1022_DEN,2025-01-01,63,6590.26,20153.7,principal
SKU_1023_DEN,2025-01-01,142,15596.25,39745.8,principal
SKU_1023_FOR,2025-01-01,180,19769.9,50382.0,principal
SKU_1024_VAN,2025-01-01,165,13166.27,34633.5,principal
SKU_1024_DEN,2025-01-01,76,6064.46,15952.4,principal
SKU_1025_WHI,2025-01-01,119,18349.59,57703.1,principal
SKU_1025_MIN,2025-01-01,104,16036.61,50429.6,principal
SKU_1026_CLO,2025-01-01,0,0.0,0.0,principal
SKU_1026_SPA,2025-01-01,62,8468.27,25723.8,principal
SKU_1027_MAR,2025-01-01,189,25236.83,79361.1,principal
SKU_1027_BIR,2025-01-01,174,23233.91,73062.6,principal
SKU_1028_BLU,2025-01-01,99,19830.51,62360.1,principal
SKU_1028_AQU,2025-01-01,59,11818.18,37164.1,principal
SKU_1029_BLU,2025-01-01,179,13940.2,43837.1,principal
SKU_1029_BAL,2025-01-01,76,5918.74,18612.4,principal
SKU_1030_CRE,2025-01-01,92,19013.47,59790.8,principal
SKU_1030_DEN,2025-01-01,69,14260.11,44843.1,principal
SKU_1031_COR,2025-01-01,154,24207.55,73134.6,principal
SKU_1031_HON,2025-01-01,0,0.0,0.0,principal
SKU_1032_EME,2025-01-01,153,16780.76,52769.7,principal
SKU_1032_HON,2025-01-01,154,16890.44,53114.6,principal
SKU_1033_NAV,2025-01-01,164,33893.58,106583.6,principal
SKU_1033_LIM,2025-01-01,111,22940.17,72138.9,principal
SKU_1034_PAS,2025-01-01,87,6154.82,18696.3,principal
SKU_1034_PIS,2025-01-01,109,7711.21,23424.1,principal
SKU_1035_SAP,2025-01-01,172,35820.41,112642.8,principal
SKU_1035_FUC,2025-01-01,160,33321.31,104784.0,principal
SKU_1036_BIR,2025-01-01,80,19749.37,59992.0,principal
SKU_1036_MID,2025-01-01,88,21724.3,65991.2,principal
SKU_1037_PRI,2025-01-01,54,3604.4,11334.6,principal
SKU_1037_SPA,2025-01-01,107,7142.06,22459.3,principal
SKU_1038_LIG,2025-01-01,51,4133.97,12999.9,principal
SKU_1038_FLA,2025-01-01,116,9402.75,29568.4,principal
SKU_1039_ARM,2025-01-01,71,3640.3,10997.9,principal
SKU_1039_MIN,2025-01-01,87,4460.66,13476.3,principal
SKU_1040_BLA,2025-01-01,85,9145.21,29741.5,principal
SKU_1040_BAB,2025-01-01,85,9145.21,29741.5,principal
SKU_1041_EME,2025-01-01,106,6936.18,23309.4,principal
SKU_1041_SNO,2025-01-01,66,4318.75,14513.4,principal
SKU_1042_SEA,2025-01-01,124,11491.71,39047.6,principal
SKU_1042_EME,2025-01-01,163,15106.04,51328.7,principal
SKU_1043_SPA,2025-01-01,55,14291.49,48119.5,principal
SKU_1043_CER,2025-01-01,78,20267.93,68242.2,principal
SKU_1044_SER,2025-01-01,186,60841.71,159941.4,principal
SKU_1044_COR,2025-01-01,125,40888.24,107487.5,principal
SKU_1045_FOR,2025-01-01,50,4845.14,12745.0,principal
SKU_1045_BUB,2025-01-01,131,12694.26,33391.9,principal
SKU_1046_SNO,2025-01-01,0,0.0,0.0,principal
SKU_1046_PAS,2025-01-01,74,3916.59,11832.6,principal
SKU_1047_ROY,2025-01-01,168,11672.12,35263.2,principal
SKU_1047_DEE,2025-01-01,62,4307.57,13013.8,principal
SKU_1048_MAR,2025-01-01,146,11530.36,35025.4,principal
SKU_1048_PEA,2025-01-01,0,0.0,0.0,principal
SKU_1049_BAL,2025-01-01,153,38022.5,115499.7,principal
SKU_1049_LIG,2025-01-01,176,43738.3,132862.4,principal
SKU_1050_BUB,2025-01-01,0,0.0,0.0,principal
SKU_1050_PRI,2025-01-01,154,13693.84,46954.6,principal
SKU_1051_CLE,2025-01-01,126,28734.56,94487.4,principal
SKU_1051_LIG,2025-01-01,170,38768.86,127483.0,principal
SKU_1052_PAS,2025-01-01,142,13162.54,46135.8,principal
SKU_1052_FRE,2025-01-01,112,10381.72,36388.8,principal
SKU_1053_SHO,2025-01-01,0,0.0,0.0,principal
SKU_1053_NAV,2025-01-01,59,6171.83,18874.1,principal
SKU_1054_DEE,2025-01-01,105,13281.07,37264.5,principal
SKU_1054_PAS,2025-01-01,72,9107.02,25552.8,principal
SKU_1055_LIG,2025-01-01,188,70622.56,213361.2,principal
SKU_1055_PAL,2025-01-01,0,0.0,0.0,principal
SKU_1056_CRE,2025-01-01,135,10496.51,31711.5,principal
SKU_1056_OLI,2025-01-01,162,12595.81,38053.8,principal
SKU_1057_ROY,2025-01-01,58,3530.41,10724.2,principal
SKU_1057_SNO,2025-01-01,0,0.0,0.0,principal
SKU_1058_MID,2025-01-01,66,4090.56,12863.4,principal
SKU_1058_SHO,2025-01-01,122,7561.34,23777.8,principal
SKU_1059_PEA,2025-01-01,92,8773.87,27590.8,principal
SKU_1059_OFF,2025-01-01,156,14877.44,46784.4,principal
SKU_1060_CRE,2025-01-01,142,48444.87,157605.8,principal
SKU_1060_LIM,2025-01-01,59,20128.5,65484.1,principal
SKU_1061_PAS,2025-01-01,153,17694.95,62714.7,principal
SKU_1061_EGR,2025-01-01,60,6939.2,24594.0,principal
SKU_1062_OLI,2025-01-01,166,9467.22,33183.4,principal
SKU_1062_MID,2025-01-01,130,7414.09,25987.0,principal
SKU_1063_SNO,2025-01-01,111,6506.08,20523.9,principal
SKU_1063_SAP,2025-01-01,60,3516.8,11094.0,principal
SKU_1064_PRI,2025-01-01,100,6768.04,18990.0,principal
SKU_1064_BIR,2025-01-01,140,9475.25,26586.0,principal
SKU_1065_CLE,2025-01-01,141,29934.45,90930.9,principal
SKU_1065_COB,2025-01-01,126,26749.94,81257.4,principal
SKU_1066_IVO,2025-01-01,173,10301.61,31122.7,principal
SKU_1066_WHI,2025-01-01,80,4763.75,14392.0,principal
SKU_1067_EME,2025-01-01,79,6654.82,20927.1,principal
SKU_1067_WHI,2025-01-01,74,6233.63,19602.6,principal
SKU_1068_COR,2025-01-01,75,19733.39,59617.5,principal
SKU_1068_BAL,2025-01-01,0,0.0,0.0,principal
SKU_1069_OLI,2025-01-01,0,0.0,0.0,principal
SKU_1069_CRE,2025-01-01,88,15434.93,46631.2,principal
SKU_1070_LIG,2025-01-01,0,0.0,0.0,principal
SKU_1070_MID,2025-01-01,153,17466.77,52769.7,principal
SKU_1071_BAB,2025-01-01,176,15637.79,47502.4,principal
SKU_1071_SKY,2025-01-01,146,12972.26,39405.4,principal
SKU_1072_PAS,2025-01-01,152,23138.49,69904.8,principal
SKU_1072_CER,2025-01-01,133,20246.18,61166.7,principal
SKU_1073_FRE,2025-01-01,91,9635.71,29110.9,principal
SKU_1073_BLU,2025-01-01,116,12282.88,37108.4,principal
SKU_1074_JAD,2025-01-01,137,9241.07,28071.3,principal
SKU_1074_PRI,2025-01-01,174,11736.84,35652.6,principal
SKU_1075_NAV,2025-01-01,101,9311.01,29279.9,principal
SKU_1075_LIG,2025-01-01,166,15303.24,48123.4,principal
SKU_1076_BLU,2025-01-01,0,0.0,0.0,principal
SKU_1076_POW,2025-01-01,140,9904.31,30086.0,principal
SKU_1077_NAV,2025-01-01,65,4752.03,14943.5,principal
SKU_1077_MAR,2025-01-01,84,6141.09,19311.6,principal
SKU_1078_GAR,2025-01-01,0,0.0,0.0,principal
SKU_1078_BLU,2025-01-01,161,15866.26,49893.9,principal
SKU_1079_BAB,2025-01-01,103,9321.2,28314.7,principal
SKU_1079_JAD,2025-01-01,153,13846.05,42059.7,principal
SKU_1080_TEA,2025-01-01,109,16460.98,51764.1,principal
SKU_1080_MAR,2025-01-01,72,10873.31,34192.8,principal
SKU_1081_EGR,2025-01-01,58,5096.24,16234.2,principal
SKU_1081_PAS,2025-01-01,125,10983.28,34987.5,principal
SKU_1082_PIN,2025-01-01,156,10068.58,32744.4,principal
SKU_1082_LIG,2025-01-01,172,11101.25,36102.8,principal
SKU_1083_OFF,2025-01-01,56,7579.52,25754.4,principal
SKU_1083_BAB,2025-01-01,133,18001.36,61166.7,principal
SKU_1084_DUS,2025-01-01,63,20392.93,62363.7,principal
SKU_1084_PAS,2025-01-01,81,26219.48,80181.9,principal
SKU_1085_COB,2025-01-01,114,18618.18,56988.6,principal
SKU_1085_CRE,2025-01-01,84,13718.66,41991.6,principal
SKU_1086_PRI,2025-01-01,177,15620.38,39807.3,principal
SKU_1086_CRE,2025-01-01,72,6354.05,16192.8,principal
SKU_1087_BIR,2025-01-01,84,12158.91,31491.6,principal
SKU_1087_SNO,2025-01-01,142,20554.34,53235.8,principal
SKU_1088_CER,2025-01-01,130,30594.86,92937.0,principal
SKU_1088_HON,2025-01-01,141,33183.66,100800.9,principal
SKU_1089_GAR,2025-01-01,180,17545.68,60282.0,principal
SKU_1089_EGR,2025-01-01,120,11697.12,40188.0,principal
SKU_1090_PAL,2025-01-01,175,7580.7,23607.5,principal
SKU_1090_WHI,2025-01-01,88,3812.01,11871.2,principal
SKU_1091_OFF,2025-01-01,65,5471.23,20468.5,principal
SKU_1091_MOS,2025-01-01,126,10605.77,39677.4,principal
SKU_1092_TUR,2025-01-01,142,15318.58,46845.8,principal
SKU_1092_MIN,2025-01-01,186,20065.18,61361.4,principal
SKU_1093_GAR,2025-01-01,0,0.0,0.0,principal
SKU_1093_TEA,2025-01-01,83,34459.14,96686.7,principal
SKU_1094_FOR,2025-01-01,80,7143.97,18792.0,principal
SKU_1094_DEE,2025-01-01,179,15984.63,42047.1,principal
SKU_1095_COB,2025-01-01,139,18527.74,56281.1,principal
SKU_1095_MAG,2025-01-01,0,0.0,0.0,principal
SKU_1096_HOT,2025-01-01,139,12807.89,38906.1,principal
SKU_1096_CLE,2025-01-01,53,4883.58,14834.7,principal
SKU_1097_AQU,2025-01-01,0,0.0,0.0,principal
SKU_1097_PAL,2025-01-01,126,8962.62,27077.4,principal
SKU_1098_HON,2025-01-01,0,0.0,0.0,principal
SKU_1098_HUN,2025-01-01,161,18380.07,55528.9,principal
SKU_1099_SAL,2025-01-01,61,4564.04,15243.9,principal
SKU_1099_PRI,2025-01-01,84,6284.91,20991.6,principal
SKU_1100_PEA,2025-01-01,78,3940.29,14422.2,principal
SKU_1100_COB,2025-01-01,0,0.0,0.0,principal
SKU_1101_CLE,2025-01-01,0,0.0,0.0,principal
SKU_1101_DEE,2025-01-01,120,13308.33,49788.0,principal
SKU_1102_FLA,2025-01-01,189,54443.4,183311.1,principal
SKU_1102_OFF,2025-01-01,136,39176.2,131906.4,principal
SKU_1103_EGR,2025-01-01,73,3607.22,9482.7,principal
SKU_1103_LIG,2025-01-01,51,2520.11,6624.9,principal
SKU_1104_POW,2025-01-01,73,4346.92,13132.7,principal
SKU_1104_MEX,2025-01-01,118,7026.53,21228.2,principal
SKU_1105_ARM,2025-01-01,0,0.0,0.0,principal
SKU_1105_SER,2025-01-01,172,11601.93,35242.8,principal
SKU_1106_MYS,2025-01-01,118,29264.97,92028.2,principal
SKU_1106_SNO,2025-01-01,78,19344.64,60832.2,principal
SKU_1107_BAL,2025-01-01,148,48473.12,147245.2,principal
SKU_1107_PAS,2025-01-01,52,17031.1,51734.8,principal
SKU_1108_PRI,2025-01-01,115,9512.44,28738.5,principal
SKU_1108_SNO,2025-01-01,97,8023.54,24240.3,principal
SKU_1109_SAG,2025-01-01,0,0.0,0.0,principal
SKU_1109_CER,2025-01-01,187,11790.36,42991.3,principal
SKU_1110_FLA,2025-01-01,157,9913.86,36094.3,principal
SKU_1110_HUN,2025-01-01,0,0.0,0.0,principal
SKU_1111_CRE,2025-01-01,46,2580.89,9655.4,principal
SKU_1111_BLU,2025-01-01,83,4656.82,17421.7,principal
SKU_1112_MIN,2025-01-01,110,8980.98,30239.0,principal
SKU_1112_EGR,2025-01-01,89,7266.43,24466.1,principal
SKU_1113_VAN,2025-01-01,0,0.0,0.0,principal
SKU_1113_OLI,2025-01-01,0,0.0,0.0,principal
SKU_1114_GAR,2025-01-01,91,12045.39,36390.9,principal
SKU_1114_PRI,2025-01-01,131,17340.06,52386.9,principal
SKU_1115_LIM,2025-01-01,135,9602.81,29011.5,principal
SKU_1115_TEA,2025-01-01,0,0.0,0.0,principal
SKU_1116_MOS,2025-01-01,92,7265.71,22070.8,principal
SKU_1116_SNO,2025-01-01,106,8371.36,25429.4,principal
SKU_1117_MOS,2025-01-01,113,8224.92,24848.7,principal
SKU_1117_MIN,2025-01-01,159,11573.12,34964.1,principal
SKU_1118_FUC,2025-01-01,111,10834.92,32733.9,principal
SKU_1118_DUS,2025-01-01,76,7418.5,22412.4,principal
SKU_1119_PAS,2025-01-01,63,2901.47,8813.7,principal
SKU_1119_LIG,2025-01-01,0,0.0,0.0,principal
SKU_1120_AQU,2025-01-01,76,5797.9,18232.4,principal
SKU_1120_SAL,2025-01-01,141,10756.64,33825.9,principal
SKU_1121_MYS,2025-01-01,126,10365.65,31487.4,principal
SKU_1121_MIN,2025-01-01,158,12998.2,39484.2,principal
SKU_1122_ROY,2025-01-01,93,13079.7,39515.7,principal
SKU_1122_PIS,2025-01-01,178,25034.26,75632.2,principal
SKU_1123_BAB,2025-01-01,72,10245.38,30952.8,principal
SKU_1123_SER,2025-01-01,0,0.0,0.0,principal
SKU_1124_BLU,2025-01-01,172,21510.85,65342.8,principal
SKU_1124_FOR,2025-01-01,137,17133.64,52046.3,principal
SKU_1125_MIN,2025-01-01,151,7948.5,24144.9,principal
SKU_1125_SAP,2025-01-01,86,4526.96,13751.4,principal
SKU_1126_WHI,2025-01-01,145,32871.78,99310.5,principal
SKU_1126_WHI,2025-01-01,145,32871.78,99310.5,principal
SKU_1127_SAL,2025-01-01,158,10397.52,31584.2,principal
SKU_1127_BLU,2025-01-01,68,4474.88,13593.2,principal
SKU_1128_PRI,2025-01-01,141,19026.41,57795.9,principal
SKU_1128_TEA,2025-01-01,0,0.0,0.0,principal
SKU_1129_VAN,2025-01-01,123,15670.43,47342.7,principal
SKU_1129_SAG,2025-01-01,78,9937.35,30022.2,principal
SKU_1130_CRE,2025-01-01,50,3701.48,12495.0,principal
SKU_1130_MEX,2025-01-01,123,9105.63,30737.7,principal
SKU_1131_CLO,2025-01-01,147,39847.97,130080.3,principal
SKU_1131_JAD,2025-01-01,63,17077.7,55748.7,principal
SKU_1132_NAV,2025-01-01,0,0.0,0.0,principal
SKU_1132_CLE,2025-01-01,181,9316.63,31656.9,principal
SKU_1133_MOS,2025-01-01,78,21078.74,70972.2,principal
SKU_1133_PEA,2025-01-01,158,42697.97,143764.2,principal
SKU_1134_DUS,2025-01-01,68,6001.05,15293.2,principal
SKU_1134_PIN,2025-01-01,163,14384.87,36658.7,principal
SKU_1135_ROS,2025-01-01,118,8070.11,21228.2,principal
SKU_1135_MAR,2025-01-01,82,5608.04,14751.8,principal
SKU_1136_SNO,2025-01-01,113,9296.18,28238.7,principal
SKU_1136_FUC,2025-01-01,60,4936.02,14994.0,principal
SKU_1137_DEE,2025-01-01,71,9141.83,28747.9,principal
SKU_1137_PAL,2025-01-01,149,19184.97,60330.1,principal
SKU_1138_PEA,2025-01-01,155,11085.32,34859.5,principal
SKU_1138_HON,2025-01-01,124,8868.26,27887.6,principal
SKU_1139_PRI,2025-01-01,111,10651.22,32178.9,principal
SKU_1139_EGR,2025-01-01,140,13433.97,40586.0,principal
SKU_1140_SNO,2025-01-01,149,8905.58,29785.1,principal
SKU_1140_ROS,2025-01-01,0,0.0,0.0,principal
SKU_1141_SKY,2025-01-01,73,8060.79,26637.7,principal
SKU_1141_CLE,2025-01-01,183,20207.18,66776.7,principal
SKU_1142_MIN,2025-01-01,86,7813.55,29231.4,principal
SKU_1142_PAS,2025-01-01,77,6995.86,26172.3,principal
SKU_1143_IVO,2025-01-01,131,8348.93,25531.9,principal
SKU_1143_SNO,2025-01-01,58,3696.47,11304.2,principal
SKU_1144_SEA,2025-01-01,147,18447.61,48495.3,principal
SKU_1144_BUB,2025-01-01,178,22337.92,58722.2,principal
SKU_1145_MOS,2025-01-01,115,17125.44,51738.5,principal
SKU_1145_LIG,2025-01-01,0,0.0,0.0,principal
SKU_1146_FRE,2025-01-01,61,9436.16,28663.9,principal
SKU_1146_CER,2025-01-01,134,20728.6,62966.6,principal
SKU_1147_COR,2025-01-01,182,21078.68,63681.8,principal
SKU_1147_MEX,2025-01-01,0,0.0,0.0,principal
SKU_1148_TEA,2025-01-01,88,12667.77,38271.2,principal
SKU_1148_SPA,2025-01-01,160,23032.3,69584.0,principal
SKU_1149_IVO,2025-01-01,108,5491.61,17269.2,principal
SKU_1149_OLI,2025-01-01,127,6457.72,20307.3,principal
SKU_1150_SAG,2025-01-01,135,26870.12,85711.5,principal
SKU_1150_VAN,2025-01-01,171,34035.48,108567.9,principal
SKU_1151_CRE,2025-01-01,128,31653.16,103667.2,principal
SKU_1151_JAD,2025-01-01,131,32395.03,106096.9,principal
SKU_1152_CLO,2025-01-01,176,47745.77,178622.4,principal
SKU_1152_WHI,2025-01-01,108,29298.54,109609.2,principal
SKU_1153_PEA,2025-01-01,167,18594.67,62608.3,principal
SKU_1153_MOS,2025-01-01,68,7571.48,25493.2,principal
SKU_1154_VAN,2025-01-01,93,19520.21,49745.7,principal
SKU_1154_PEA,2025-01-01,116,24347.79,62048.4,principal
SKU_1155_ARM,2025-01-01,146,43009.55,113135.4,principal
SKU_1155_BAB,2025-01-01,99,29164.01,76715.1,principal
SKU_1156_FLA,2025-01-01,162,14676.91,46153.8,principal
SKU_1156_EGR,2025-01-01,91,8244.44,25925.9,principal
SKU_1157_DEE,2025-01-01,128,8001.93,24307.2,principal
SKU_1157_PAS,2025-01-01,106,6626.6,20129.4,principal
SKU_1158_AQU,2025-01-01,168,36857.22,115903.2,principal
SKU_1158_MYS,2025-01-01,96,21061.27,66230.4,principal
SKU_1159_PAS,2025-01-01,95,5656.96,17090.5,principal
SKU_1159_PRI,2025-01-01,103,6133.33,18529.7,principal
SKU_1160_DUS,2025-01-01,157,10648.04,32169.3,principal
SKU_1160_LIM,2025-01-01,57,3865.85,11679.3,principal
SKU_1161_MEX,2025-01-01,87,12235.85,36966.3,principal
SKU_1161_DUS,2025-01-01,0,0.0,0.0,principal
SKU_1162_HOT,2025-01-01,169,40838.55,128423.1,principal
SKU_1162_BUB,2025-01-01,163,39388.66,123863.7,principal
SKU_1163_HUN,2025-01-01,140,11517.39,34986.0,principal
SKU_1163_SPA,2025-01-01,141,11599.66,35235.9,principal
SKU_1164_BRI,2025-01-01,166,10552.32,33183.4,principal
SKU_1164_MIN,2025-01-01,81,5149.02,16191.9,principal
SKU_1165_HUN,2025-01-01,0,0.0,0.0,principal
SKU_1165_MAR,2025-01-01,169,18266.91,57443.1,principal
SKU_1166_PIS,2025-01-01,85,16350.45,51416.5,principal
SKU_1166_FRE,2025-01-01,145,27891.94,87710.5,principal
SKU_1167_WHI,2025-01-01,105,24872.21,78214.5,principal
SKU_1167_JAD,2025-01-01,85,20134.65,63316.5,principal
SKU_1168_GAR,2025-01-01,140,35213.77,106386.0,principal
SKU_1168_BLU,2025-01-01,0,0.0,0.0,principal
SKU_1169_BUB,2025-01-01,124,7882.46,24787.6,principal
SKU_1169_MEX,2025-01-01,132,8391.0,26386.8,principal
SKU_1170_GAR,2025-01-01,110,32406.12,98439.0,principal
SKU_1170_OFF,2025-01-01,65,19149.07,58168.5,principal
SKU_1171_MIN,2025-01-01,68,3849.39,12573.2,principal
SKU_1171_EME,2025-01-01,128,7245.92,23667.2,principal
SKU_1172_ARM,2025-01-01,51,5632.31,18354.9,principal
SKU_1172_PIN,2025-01-01,53,5853.19,19074.7,principal
SKU_1173_GAR,2025-01-01,57,4946.98,16809.3,principal
SKU_1173_AQU,2025-01-01,61,5294.13,17988.9,principal
SKU_1174_PEA,2025-01-01,92,6121.52,19310.8,principal
SKU_1174_BLU,2025-01-01,79,5256.53,16582.1,principal
SKU_1175_FUC,2025-01-01,58,5114.23,15654.2,principal
SKU_1175_CLE,2025-01-01,77,6789.58,20782.3,principal
SKU_1176_GAR,2025-01-01,183,22617.33,59456.7,principal
SKU_1176_NAV,2025-01-01,165,20392.67,53608.5,principal
SKU_1177_MIN,2025-01-01,157,12399.09,37664.3,principal
SKU_1177_PEA,2025-01-01,97,7660.58,23270.3,principal
SKU_1178_RAS,2025-01-01,159,16174.78,50864.1,principal
SKU_1178_MID,2025-01-01,118,12003.93,37748.2,principal
SKU_1179_TUR,2025-01-01,123,13294.85,41807.7,principal
SKU_1179_VAN,2025-01-01,157,16969.85,53364.3,principal
SKU_1180_ROY,2025-01-01,147,22440.86,77895.3,principal
SKU_1180_AQU,2025-01-01,92,14044.62,48750.8,principal
SKU_1181_AQU,2025-01-01,169,15170.5,48993.1,principal
SKU_1181_SER,2025-01-01,116,10412.89,33628.4,principal
SKU_1182_BIR,2025-01-01,106,26870.94,89029.4,principal
SKU_1182_PIN,2025-01-01,112,28391.94,94068.8,principal
SKU_1183_POW,2025-01-01,107,23194.14,69539.3,principal
SKU_1183_MOS,2025-01-01,162,35116.36,105283.8,principal
SKU_1184_HOT,2025-01-01,128,15249.11,43507.2,principal
SKU_1184_BAB,2025-01-01,0,0.0,0.0,principal
SKU_1185_BAL,2025-01-01,76,28479.29,75232.4,principal
SKU_1185_MAG,2025-01-01,122,45716.75,120767.8,principal
SKU_1186_FLA,2025-01-01,0,0.0,0.0,principal
SKU_1186_MEX,2025-01-01,151,23606.9,71709.9,principal
SKU_1187_JAD,2025-01-01,79,8103.58,24482.1,principal
SKU_1187_OLI,2025-01-01,108,11078.31,33469.2,principal
SKU_1188_TEA,2025-01-01,57,4526.19,13674.3,principal
SKU_1188_BAB,2025-01-01,63,5002.63,15113.7,principal
SKU_1189_FUC,2025-01-01,0,0.0,0.0,principal
SKU_1189_ROY,2025-01-01,176,13684.33,41342.4,principal
SKU_1190_TEA,2025-01-01,87,14669.37,50451.3,principal
SKU_1190_MAG,2025-01-01,120,20233.62,69588.0,principal
SKU_1191_MIN,2025-01-01,52,2993.03,9614.8,principal
SKU_1191_MYS,2025-01-01,118,6791.87,21818.2,principal
SKU_1192_MAR,2025-01-01,79,5087.08,18557.1,principal
SKU_1192_RAS,2025-01-01,0,0.0,0.0,principal
SKU_1193_CLE,2025-01-01,108,15185.9,48049.2,principal
SKU_1193_ROS,2025-01-01,66,9280.27,29363.4,principal
SKU_1194_FLA,2025-01-01,105,8097.66,23089.5,principal
SKU_1194_SAG,2025-01-01,90,6940.85,19791.0,principal
SKU_1195_HUN,2025-01-01,114,18264.54,53568.6,principal
SKU_1195_SAL,2025-01-01,0,0.0,0.0,principal
SKU_1196_PEA,2025-01-01,0,0.0,0.0,principal
SKU_1196_RAS,2025-01-01,0,0.0,0.0,principal
SKU_1197_ROS,2025-01-01,95,24859.7,75515.5,principal
SKU_1197_COR,2025-01-01,57,14915.82,45309.3,principal
SKU_1198_SEA,2025-01-01,126,13418.77,42197.4,principal
SKU_1198_SAL,2025-01-01,64,6815.88,21433.6,principal
SKU_1199_PAL,2025-01-01,133,7652.83,27916.7,principal
SKU_1199_TEA,2025-01-01,114,6559.57,23928.6,principal
SKU_1200_MID,2025-01-01,176,9375.52,31662.4,principal
SKU_1200_PAS,2025-01-01,134,7138.18,24106.6,principal
SKU_1201_BIR,2025-01-01,0,0.0,0.0,principal
SKU_1201_SAG,2025-01-01,153,23631.83,74189.7,principal
SKU_1202_LIG,2025-01-01,160,47448.82,130384.0,principal
SKU_1202_CLE,2025-01-01,152,45076.38,123864.8,principal
SKU_1203_OFF,2025-01-01,0,0.0,0.0,principal
SKU_1203_FLA,2025-01-01,101,27889.34,76749.9,principal
SKU_1204_AQU,2025-01-01,44,5939.67,15395.6,principal
SKU_1204_MIN,2025-01-01,138,18628.96,48286.2,principal
SKU_1205_RAS,2025-01-01,109,28679.2,86644.1,principal
SKU_1205_COR,2025-01-01,82,21575.18,65181.8,principal
SKU_1206_HUN,2025-01-01,133,18265.14,55181.7,principal
SKU_1206_BLA,2025-01-01,53,7278.59,21989.7,principal
SKU_1207_POW,2025-01-01,113,37939.87,115248.7,principal
SKU_1207_BLA,2025-01-01,67,22495.32,68333.3,principal
SKU_1208_PAS,2025-01-01,84,20587.27,54171.6,principal
SKU_1208_MOS,2025-01-01,84,20587.27,54171.6,principal
SKU_1209_BLA,2025-01-01,117,12628.14,32748.3,principal
SKU_1209_DUS,2025-01-01,94,10145.68,26310.6,principal
SKU_1210_SHO,2025-01-01,112,8977.25,22948.8,principal
SKU_1210_WHI,2025-01-01,146,11702.49,29915.4,principal
SKU_1211_GAR,2025-01-01,169,17797.57,54063.1,principal
SKU_1211_CRE,2025-01-01,179,18850.68,57262.1,principal
SKU_1212_COB,2025-01-01,179,12517.15,39362.1,principal
SKU_1212_SNO,2025-01-01,97,6783.04,21330.3,principal
SKU_1213_MAG,2025-01-01,95,27361.62,83115.5,principal
SKU_1213_POW,2025-01-01,81,23329.38,70866.9,principal
SKU_1214_BLA,2025-01-01,113,10624.55,33888.7,principal
SKU_1214_RAS,2025-01-01,119,11188.68,35688.1,principal
SKU_1215_MAG,2025-01-01,130,8971.46,28587.0,principal
SKU_1215_BRI,2025-01-01,63,4347.71,13853.7,principal
SKU_1216_WHI,2025-01-01,170,25896.83,96883.0,principal
SKU_1216_CRE,2025-01-01,171,26049.16,97452.9,principal
SKU_1217_ROS,2025-01-01,106,27550.28,86909.4,principal
SKU_1217_RAS,2025-01-01,95,24691.29,77890.5,principal
SKU_1218_BLU,2025-01-01,103,26469.22,67454.7,principal
SKU_1218_SNO,2025-01-01,50,12849.14,32745.0,principal
SKU_1219_MAR,2025-01-01,129,19366.15,50942.1,principal
SKU_1219_LIM,2025-01-01,0,0.0,0.0,principal
SKU_1220_TUR,2025-01-01,87,8780.21,26526.3,principal
SKU_1220_HOT,2025-01-01,56,5651.63,17074.4,principal
SKU_1221_SAG,2025-01-01,121,28277.48,88922.9,principal
SKU_1221_PAL,2025-01-01,0,0.0,0.0,principal
SKU_1222_PAS,2025-01-01,101,28092.25,85334.9,principal
SKU_1222_HON,2025-01-01,115,31986.22,97163.5,principal
SKU_1223_TEA,2025-01-01,176,8395.39,25502.4,principal
SKU_1223_BLA,2025-01-01,87,4149.99,12606.3,principal
SKU_1224_OLI,2025-01-01,0,0.0,0.0,principal
SKU_1224_ARM,2025-01-01,61,8276.01,25308.9,principal
SKU_1225_POW,2025-01-01,112,7291.4,24068.8,principal
SKU_1225_IVO,2025-01-01,171,11132.41,36747.9,principal
SKU_1226_PAL,2025-01-01,166,22964.77,80493.4,principal
SKU_1226_LIG,2025-01-01,135,18676.17,65461.5,principal
SKU_1227_CLO,2025-01-01,117,13896.13,46788.3,principal
SKU_1227_PAS,2025-01-01,137,16271.53,54786.3,principal
SKU_1228_WHI,2025-01-01,173,19679.92,50152.7,principal
SKU_1228_SPA,2025-01-01,83,9441.81,24061.7,principal
SKU_1229_SAL,2025-01-01,79,22363.25,67932.1,principal
SKU_1229_CLO,2025-01-01,143,40480.31,122965.7,principal
SKU_1230_ROS,2025-01-01,118,15534.36,47188.2,principal
SKU_1230_NAV,2025-01-01,134,17640.71,53586.6,principal
SKU_1231_LIG,2025-01-01,134,21285.48,64306.6,principal
SKU_1231_BIR,2025-01-01,0,0.0,0.0,principal
SKU_1232_AQU,2025-01-01,54,6343.48,19164.6,principal
SKU_1232_FOR,2025-01-01,0,0.0,0.0,principal
SKU_1233_JAD,2025-01-01,93,7344.68,22310.7,principal
SKU_1233_SEA,2025-01-01,140,11056.51,33586.0,principal
SKU_1234_MOS,2025-01-01,62,4120.94,12703.8,principal
SKU_1234_SAL,2025-01-01,0,0.0,0.0,principal
SKU_1235_HUN,2025-01-01,0,0.0,0.0,principal
SKU_1235_COR,2025-01-01,143,19383.94,67195.7,principal
SKU_1236_DEE,2025-01-01,100,17666.9,56990.0,principal
SKU_1236_LIM,2025-01-01,185,32683.76,105431.5,principal
SKU_1237_BAB,2025-01-01,100,28527.15,99990.0,principal
SKU_1237_GAR,2025-01-01,171,48781.42,170982.9,principal
SKU_1238_SAP,2025-01-01,134,19535.63,61626.6,principal
SKU_1238_TUR,2025-01-01,0,0.0,0.0,principal
SKU_1239_BAB,2025-01-01,56,6601.61,17354.4,principal
SKU_1239_MID,2025-01-01,58,6837.39,17974.2,principal
SKU_1240_PAL,2025-01-01,192,63200.08,191980.8,principal
SKU_1240_MOS,2025-01-01,0,0.0,0.0,principal
SKU_1241_BAL,2025-01-01,66,7819.62,23753.4,principal
SKU_1241_FLA,2025-01-01,69,8175.06,24833.1,principal
SKU_1242_AQU,2025-01-01,167,16723.08,52588.3,principal
SKU_1242_SKY,2025-01-01,167,16723.08,52588.3,principal
SKU_1243_SNO,2025-01-01,87,7052.39,21306.3,principal
SKU_1243_PIN,2025-01-01,178,14429.02,43592.2,principal
SKU_1244_COB,2025-01-01,178,16409.5,51602.2,principal
SKU_1244_GAR,2025-01-01,85,7836.0,24641.5,principal
SKU_1245_COB,2025-01-01,87,5383.61,18261.3,principal
SKU_1245_SNO,2025-01-01,0,0.0,0.0,principal
SKU_1246_PAL,2025-01-01,116,9550.3,34208.4,principal
SKU_1246_COR,2025-01-01,78,6421.75,23002.2,principal
SKU_1247_SAP,2025-01-01,56,2874.23,10074.4,principal
SKU_1247_SKY,2025-01-01,124,6364.36,22307.6,principal
SKU_1248_AQU,2025-01-01,58,3222.32,9854.2,principal
SKU_1248_SAG,2025-01-01,86,4777.93,14611.4,principal
SKU_1249_WHI,2025-01-01,97,9958.99,26180.3,principal
SKU_1249_ARM,2025-01-01,154,15811.17,41564.6,principal
SKU_1250_AQU,2025-01-01,83,7101.4,21571.7,principal
SKU_1250_BAB,2025-01-01,105,8983.7,27289.5,principal
SKU_1251_SHO,2025-01-01,67,20289.68,61633.3,principal
SKU_1251_COB,2025-01-01,0,0.0,0.0,principal
SKU_1252_NAV,2025-01-01,108,7723.97,24289.2,principal
SKU_1252_FLA,2025-01-01,74,5292.35,16642.6,principal
SKU_1253_SEA,2025-01-01,181,21444.71,65141.9,principal
SKU_1253_FRE,2025-01-01,114,13506.62,41028.6,principal
SKU_1254_SEA,2025-01-01,0,0.0,0.0,principal
SKU_1254_BAB,2025-01-01,45,2828.56,8545.5,principal
SKU_1255_VAN,2025-01-01,42,6261.4,20155.8,principal
SKU_1255_SHO,2025-01-01,178,26536.41,85422.2,principal
SKU_1256_SEA,2025-01-01,157,31051.08,102034.3,principal
SKU_1256_MID,2025-01-01,176,34808.85,114382.4,principal
SKU_1257_SPA,2025-01-01,86,5027.39,17621.4,principal
SKU_1257_EME,2025-01-01,85,4968.93,17416.5,principal
SKU_1258_AQU,2025-01-01,93,7316.8,24635.7,principal
SKU_1258_LIG,2025-01-01,0,0.0,0.0,principal
SKU_1259_ARM,2025-01-01,75,9620.13,26992.5,principal
SKU_1259_POW,2025-01-01,0,0.0,0.0,principal
SKU_1260_WHI,2025-01-01,154,17326.06,52344.6,principal
SKU_1260_ROY,2025-01-01,174,19576.2,59142.6,principal
SKU_1261_PAS,2025-01-01,283,46106.67,140056.7,principal
SKU_1261_PAS,2025-01-01,283,46106.67,140056.7,principal
SKU_1262_BLU,2025-01-01,165,15013.66,45358.5,principal
SKU_1262_OFF,2025-01-01,0,0.0,0.0,principal
SKU_1263_COB,2025-01-01,0,0.0,0.0,principal
SKU_1263_SKY,2025-01-01,145,8826.02,26810.5,principal
SKU_1264_EGR,2025-01-01,190,37152.26,116831.0,principal
SKU_1264_BRI,2025-01-01,128,25028.89,78707.2,principal
SKU_1265_CRE,2025-01-01,113,8224.92,24848.7,principal
SKU_1265_JAD,2025-01-01,113,8224.92,24848.7,principal
SKU_1266_MEX,2025-01-01,109,10761.25,32689.1,principal
SKU_1266_SPA,2025-01-01,177,17474.69,53082.3,principal
SKU_1267_SKY,2025-01-01,137,15186.71,45881.3,principal
SKU_1267_SAP,2025-01-01,0,0.0,0.0,principal
SKU_1268_MYS,2025-01-01,85,9052.35,28466.5,principal
SKU_1268_MAR,2025-01-01,105,11182.31,35164.5,principal
SKU_1269_BAB,2025-01-01,111,37999.19,115428.9,principal
SKU_1269_CER,2025-01-01,58,19855.43,60314.2,principal
SKU_1270_CRE,2025-01-01,187,11690.32,35511.3,principal
SKU_1270_TUR,2025-01-01,129,8064.45,24497.1,principal
SKU_1271_OLI,2025-01-01,89,26073.0,79201.1,principal
SKU_1271_FLA,2025-01-01,50,14647.75,44495.0,principal
SKU_1272_PAS,2025-01-01,0,0.0,0.0,principal
SKU_1272_TEA,2025-01-01,109,13706.41,41409.1,principal
SKU_1273_PAS,2025-01-01,130,31620.97,99437.0,principal
SKU_1273_EGR,2025-01-01,0,0.0,0.0,principal
SKU_1274_MEX,2025-01-01,120,10108.58,31788.0,principal
SKU_1274_BAL,2025-01-01,177,14910.16,46887.3,principal
SKU_1275_MIN,2025-01-01,161,9799.92,29768.9,principal
SKU_1275_BIR,2025-01-01,113,6878.21,20893.7,principal
SKU_1276_WHI,2025-01-01,0,0.0,0.0,principal
SKU_1276_LIG,2025-01-01,266,13402.93,46523.4,principal
SKU_1277_MYS,2025-01-01,209,14963.26,55364.1,principal
SKU_1277_BAB,2025-01-01,292,20905.6,77350.8,principal
SKU_1278_BAB,2025-01-01,179,52595.65,184352.1,principal
SKU_1278_MOS,2025-01-01,302,88736.8,311029.8,principal
SKU_1279_FUC,2025-01-01,317,42828.38,144203.3,principal
SKU_1279_IVO,2025-01-01,252,34046.54,114634.8,principal
SKU_1280_LIM,2025-01-01,318,56656.27,158968.2,principal
SKU_1280_PRI,2025-01-01,0,0.0,0.0,principal
SKU_1281_PIS,2025-01-01,154,31022.8,81604.6,principal
SKU_1281_CER,2025-01-01,0,0.0,0.0,principal
SKU_1282_PIN,2025-01-01,247,17569.58,53080.3,principal
SKU_1282_BAL,2025-01-01,159,11309.97,34169.1,principal
SKU_1283_SNO,2025-01-01,355,21437.81,67414.5,principal
SKU_1283_BAB,2025-01-01,264,15942.48,50133.6,principal
SKU_1284_COR,2025-01-01,0,0.0,0.0,principal
SKU_1284_HOT,2025-01-01,282,65903.14,200191.8,principal
SKU_1285_WHI,2025-01-01,224,65239.31,197097.6,principal
SKU_1285_CLO,2025-01-01,325,94655.24,285967.5,principal
SKU_1286_MAR,2025-01-01,146,10756.65,35755.4,principal
SKU_1286_HOT,2025-01-01,265,19524.06,64898.5,principal
SKU_1287_NAV,2025-01-01,213,23855.64,80918.7,principal
SKU_1287_CER,2025-01-01,196,21951.67,74460.4,principal
SKU_1288_SAG,2025-01-01,151,10660.99,36224.9,principal
SKU_1288_BAB,2025-01-01,331,23369.45,79406.9,principal
SKU_1289_AQU,2025-01-01,609,205097.38,627209.1,principal
SKU_1289_AQU,2025-01-01,609,205097.38,627209.1,principal
SKU_1290_BIR,2025-01-01,318,61076.34,160558.2,principal
SKU_1290_PIN,2025-01-01,0,0.0,0.0,principal
SKU_1291_SAL,2025-01-01,145,11451.39,34785.5,principal
SKU_1291_SPA,2025-01-01,200,15795.02,47980.0,principal
SKU_1292_TEA,2025-01-01,300,30773.07,92970.0,principal
SKU_1292_FLA,2025-01-01,267,27388.03,82743.3,principal
SKU_1293_TEA,2025-01-01,270,27100.73,82323.0,principal
SKU_1293_OFF,2025-01-01,172,17264.17,52442.8,principal
SKU_1294_SEA,2025-01-01,144,9528.03,28785.6,principal
SKU_1294_COR,2025-01-01,0,0.0,0.0,principal
SKU_1295_PIS,2025-01-01,318,53902.62,163738.2,principal
SKU_1295_FLA,2025-01-01,0,0.0,0.0,principal
SKU_1296_DEE,2025-01-01,291,52798.77,189120.9,principal
SKU_1296_PEA,2025-01-01,0,0.0,0.0,principal
SKU_1297_WHI,2025-01-01,0,0.0,0.0,principal
SKU_1297_MIN,2025-01-01,305,19784.22,70119.5,principal
SKU_1298_OFF,2025-01-01,0,0.0,0.0,principal
SKU_1298_IVO,2025-01-01,0,0.0,0.0,principal
SKU_1299_BRI,2025-01-01,0,0.0,0.0,principal
SKU_1299_HOT,2025-01-01,159,10384.34,34964.1,principal
SKU_1300_BIR,2025-01-01,0,0.0,0.0,principal
SKU_1300_TEA,2025-01-01,243,99587.32,279425.7,principal
SKU_1301_AQU,2025-01-01,297,53276.18,161835.3,principal
SKU_1301_GAR,2025-01-01,326,58478.23,177637.4,principal
SKU_1302_EME,2025-01-01,209,28890.3,87759.1,principal
SKU_1302_DUS,2025-01-01,249,34419.54,104555.1,principal
SKU_1303_BIR,2025-01-01,199,10861.8,32815.1,principal
SKU_1303_SAP,2025-01-01,241,13154.24,39740.9,principal
SKU_1304_TUR,2025-01-01,315,49574.13,155893.5,principal
SKU_1304_GAR,2025-01-01,326,51305.29,161337.4,principal
SKU_1305_MAR,2025-01-01,241,27760.09,84325.9,principal
SKU_1305_OFF,2025-01-01,194,22346.29,67880.6,principal
SKU_1306_FRE,2025-01-01,187,51134.81,160801.3,principal
SKU_1306_SPA,2025-01-01,168,45939.3,144463.2,principal
SKU_1307_MAG,2025-01-01,267,19434.1,58713.3,principal
SKU_1307_FOR,2025-01-01,351,25548.2,77184.9,principal
SKU_1308_PAS,2025-01-01,220,30577.12,92378.0,principal
SKU_1308_CER,2025-01-01,297,41279.11,124710.3,principal
SKU_1309_OLI,2025-01-01,0,0.0,0.0,principal
SKU_1309_LIG,2025-01-01,296,35557.02,108010.4,principal
SKU_1310_MOS,2025-01-01,208,16516.64,49899.2,principal
SKU_1310_EGR,2025-01-01,304,24139.7,72929.6,principal
SKU_1311_BAB,2025-01-01,303,87767.91,266609.7,principal
SKU_1311_NAV,2025-01-01,341,98775.11,300045.9,principal
SKU_1312_HOT,2025-01-01,322,26634.84,80467.8,principal
SKU_1312_NAV,2025-01-01,0,0.0,0.0,principal
SKU_1313_SPA,2025-01-01,209,64323.74,195394.1,principal
SKU_1313_SHO,2025-01-01,0,0.0,0.0,principal
SKU_1314_BLU,2025-01-01,191,18228.1,55370.9,principal
SKU_1314_SNO,2025-01-01,0,0.0,0.0,principal
SKU_1315_WHI,2025-01-01,278,31737.01,95882.2,principal
SKU_1315_BLA,2025-01-01,241,27513.02,83120.9,principal
SKU_1316_DEN,2025-01-01,144,24408.73,74145.6,principal
SKU_1316_AQU,2025-01-01,165,27968.34,84958.5,principal
SKU_1317_BLU,2025-01-01,0,0.0,0.0,principal
SKU_1317_ROS,2025-01-01,308,20142.7,66189.2,principal
SKU_1318_PAS,2025-01-01,334,25415.36,80126.6,principal
SKU_1318_MYS,2025-01-01,0,0.0,0.0,principal
SKU_1319_MAR,2025-01-01,165,8939.45,31333.5,principal
SKU_1319_ROS,2025-01-01,335,18149.79,63616.5,principal
SKU_1320_PIS,2025-01-01,0,0.0,0.0,principal
SKU_1320_FOR,2025-01-01,246,10951.99,36875.4,principal
SKU_1321_FLA,2025-01-01,251,13533.68,37624.9,principal
